chr12	0	5000	3.5016527469753553	2500
chr12	5000	10000	3.4710393086940243	7500
chr12	10000	15000	6.228347514356139	12500
chr12	15000	20000	4.421969468400395	17500
chr12	20000	25000	0.05059209584762579	22500
chr12	25000	30000	0.14145381666923615	27500
chr12	30000	35000	0.15845701692181738	32500
chr12	35000	40000	0.08911081586874071	37500
chr12	40000	45000	0.0761176429024741	42500
chr12	45000	50000	0.05241331607706166	47500
chr12	50000	55000	0.05241331607706166	52500
chr12	55000	60000	0.05241331607706166	57500
chr12	60000	65000	0.05626951104393761	62500
chr12	65000	70000	0.05778797593992483	67500
chr12	70000	75000	0.05778797593992483	72500
chr12	75000	80000	0.06425829227132993	77500
chr12	80000	85000	0.16978941567949116	82500
chr12	85000	90000	0.042867991057335395	87500
chr12	90000	95000	0.020095879633908697	92500
chr12	95000	100000	0.041363319550978495	97500
chr12	100000	105000	0.053781523454546155	102500
chr12	105000	110000	0.10749349796072122	107500
chr12	110000	115000	0.0682186491476947	112500
chr12	115000	120000	0.058399936944438076	117500
chr12	120000	125000	0.0583999369444381	122500
chr12	125000	130000	0.05399965544085492	127500
chr12	130000	135000	0.04879932275480212	132500
chr12	135000	140000	0.09706720502759804	137500
chr12	140000	145000	0.11245526632954898	142500
chr12	145000	150000	0.05742873127330892	147500
chr12	150000	155000	0.038668237519916084	152500
chr12	155000	160000	0.037493373197279536	157500
chr12	160000	165000	0.04478239652769487	162500
chr12	165000	170000	0.03873158568724896	167500
chr12	170000	175000	0.059115724584464464	172500
chr12	175000	180000	0.04651667670140378	177500
chr12	180000	185000	0.08019144049405234	182500
chr12	185000	190000	0.06574808609053562	187500
chr12	190000	195000	0.05226266097571294	192500
chr12	195000	200000	0.11632716954315032	197500
chr12	200000	205000	0.26756412481138686	202500
chr12	205000	210000	0.18992905088305154	207500
chr12	210000	215000	0.2318328061415473	212500
chr12	215000	220000	0.1493414272570128	217500
chr12	220000	225000	0.11174015958595476	222500
chr12	225000	230000	0.20513957015103512	227500
chr12	230000	235000	1.2011484600851277	232500
chr12	235000	240000	0.41279800690566476	237500
chr12	240000	245000	0.6199690456546244	242500
chr12	245000	250000	0.17604407155225268	247500
chr12	250000	255000	0.16195416370665675	252500
chr12	255000	260000	1.0913675302179542	257500
chr12	260000	265000	1.0647291751885166	262500
chr12	265000	270000	0.8290706595820142	267500
chr12	270000	275000	1.4814475384044024	272500
chr12	275000	280000	0.5471443823267904	277500
chr12	280000	285000	1.1738856126773456	282500
chr12	285000	290000	0.7726442071145506	287500
chr12	290000	295000	0.6981585165267384	292500
chr12	295000	300000	1.4196561587998056	297500
chr12	300000	305000	1.1557216344819554	302500
chr12	305000	310000	1.4940753462420362	307500
chr12	310000	315000	3.443803248458079	312500
chr12	315000	320000	1.9592336014282772	317500
chr12	320000	325000	1.9574034199800525	322500
chr12	325000	330000	2.769287721434263	327500
chr12	330000	335000	4.567921076266332	332500
chr12	335000	340000	4.178236384059902	337500
chr12	340000	345000	8.415568111552135	342500
chr12	345000	350000	9.195613776899767	347500
chr12	350000	355000	7.687722503199498	352500
chr12	355000	360000	11.502203067200496	357500
chr12	360000	365000	11.25141072466779	362500
chr12	365000	370000	16.49790191205882	367500
chr12	370000	375000	12.10181688223445	372500
chr12	375000	380000	9.594610946207526	377500
chr12	380000	385000	10.386076857234006	382500
chr12	385000	390000	9.68452907192755	387500
chr12	390000	395000	13.989269735202376	392500
chr12	395000	400000	15.875876202250055	397500
chr12	400000	405000	14.298891568061546	402500
chr12	405000	410000	9.673212111944729	407500
chr12	410000	415000	11.273756318743601	412500
chr12	415000	420000	15.071132485657232	417500
chr12	420000	425000	16.439689749039626	422500
chr12	425000	430000	12.774430643724813	427500
chr12	430000	435000	13.271386982889531	432500
chr12	435000	440000	26.668397996946783	437500
chr12	440000	445000	10.988981632740366	442500
chr12	445000	450000	24.197043585327116	447500
chr12	450000	455000	22.005162345571655	452500
chr12	455000	460000	25.088180063791654	457500
chr12	460000	465000	30.30204756765967	462500
chr12	465000	470000	28.17800393975625	467500
chr12	470000	475000	26.79418048037512	472500
chr12	475000	480000	29.363511327526002	477500
chr12	480000	485000	58.74366101711294	482500
chr12	485000	490000	80.63648239166905	487500
chr12	490000	495000	66.75134822972286	492500
chr12	495000	500000	57.464499740193844	497500
chr12	500000	505000	58.32816923264331	502500
chr12	505000	510000	58.30068903517914	507500
chr12	510000	515000	58.99145649221795	512500
chr12	515000	520000	58.14497399005832	517500
chr12	520000	525000	59.9055740929203	522500
chr12	525000	530000	59.070703903655044	527500
chr12	530000	535000	58.62715157585439	532500
chr12	535000	540000	59.010257318286115	537500
chr12	540000	545000	58.344616078226835	542500
chr12	545000	550000	57.86588423701592	547500
chr12	550000	555000	58.37127210421448	552500
chr12	555000	560000	58.888253274921766	557500
chr12	560000	565000	58.39574164473273	562500
chr12	565000	570000	58.77174962040914	567500
chr12	570000	575000	59.02615192138424	572500
chr12	575000	580000	58.81276327473052	577500
chr12	580000	585000	57.56603207455866	582500
chr12	585000	590000	53.289672265223686	587500
chr12	590000	595000	53.590033199114124	592500
chr12	595000	600000	53.09547351334694	597500
chr12	600000	605000	52.79346978237967	602500
chr12	605000	610000	53.51411211810504	607500
chr12	610000	615000	52.77408356076347	612500
chr12	615000	620000	53.42291666824169	617500
chr12	620000	625000	52.270318364281906	622500
chr12	625000	630000	52.90349235788221	627500
chr12	630000	635000	52.76347172131382	632500
chr12	635000	640000	52.001345597958064	637500
chr12	640000	645000	51.07018430547964	642500
chr12	645000	650000	51.30378991260202	647500
chr12	650000	655000	52.05836284748463	652500
chr12	655000	660000	52.2469316282568	657500
chr12	660000	665000	51.86740400897882	662500
chr12	665000	670000	50.7942615413847	667500
chr12	670000	675000	51.43472874811758	672500
chr12	675000	680000	48.71073852332894	677500
chr12	680000	685000	37.31904005448345	682500
chr12	685000	690000	32.33683662669255	687500
chr12	690000	695000	38.42515838957708	692500
chr12	695000	700000	28.308745226382175	697500
chr12	700000	705000	26.67833711572244	702500
chr12	705000	710000	36.683642363544045	707500
chr12	710000	715000	24.927371478618586	712500
chr12	715000	720000	17.650130217577956	717500
chr12	720000	725000	16.941759227971918	722500
chr12	725000	730000	12.805956608206255	727500
chr12	730000	735000	12.354912800398543	732500
chr12	735000	740000	10.510253652074299	737500
chr12	740000	745000	13.927250076379163	742500
chr12	745000	750000	10.215704171499352	747500
chr12	750000	755000	10.385718364699597	752500
chr12	755000	760000	10.429085309845004	757500
chr12	760000	765000	8.87905557132776	762500
chr12	765000	770000	11.295166129988814	767500
chr12	770000	775000	15.232369179263978	772500
chr12	775000	780000	32.5062189239105	777500
chr12	780000	785000	21.72810477447234	782500
chr12	785000	790000	47.72062255544445	787500
chr12	790000	795000	45.59245172783592	792500
chr12	795000	800000	51.78088588791094	797500
chr12	800000	805000	31.6757606601968	802500
chr12	805000	810000	30.177062442317666	807500
chr12	810000	815000	36.38623010651631	812500
chr12	815000	820000	66.42450961239554	817500
chr12	820000	825000	71.70210313184306	822500
chr12	825000	830000	112.78098825813129	827500
chr12	830000	835000	112.78098825813139	832500
chr12	835000	840000	112.78463955899666	837500
chr12	840000	845000	110.34275976656657	842500
chr12	845000	850000	100.37118930651924	847500
chr12	850000	855000	117.56839639219668	852500
chr12	855000	860000	108.91251926465311	857500
chr12	860000	865000	83.83252318158617	862500
chr12	865000	870000	69.24118284194238	867500
chr12	870000	875000	39.257698109301465	872500
chr12	875000	880000	43.80325887840213	877500
chr12	880000	885000	45.21931661169548	882500
chr12	885000	890000	35.307310054114005	887500
chr12	890000	895000	39.39493221774998	892500
chr12	895000	900000	40.50186426219474	897500
chr12	900000	905000	44.863488356972034	902500
chr12	905000	910000	42.706120631782106	907500
chr12	910000	915000	41.58660801460574	912500
chr12	915000	920000	42.5486421849189	917500
chr12	920000	925000	43.48926743213093	922500
chr12	925000	930000	43.4141161400097	927500
chr12	930000	935000	43.2251163059051	932500
chr12	935000	940000	50.2747541308364	937500
chr12	940000	945000	43.68923198403286	942500
chr12	945000	950000	43.06137371237287	947500
chr12	950000	955000	48.12653850607357	952500
chr12	955000	960000	38.14838775048137	957500
chr12	960000	965000	38.28097724528342	962500
chr12	965000	970000	40.99610538193662	967500
chr12	970000	975000	39.8248356597713	972500
chr12	975000	980000	38.11064457259827	977500
chr12	980000	985000	37.33538069365845	982500
chr12	985000	990000	39.74239727536811	987500
chr12	990000	995000	38.86670850335399	992500
chr12	995000	1000000	36.91698624137761	997500
chr12	1000000	1005000	33.87103840180471	1002500
chr12	1005000	1010000	36.55588114291324	1007500
chr12	1010000	1015000	33.141181209949515	1012500
chr12	1015000	1020000	39.14166539523776	1017500
chr12	1020000	1025000	35.468887792074504	1022500
chr12	1025000	1030000	30.31986253865452	1027500
chr12	1030000	1035000	34.684275283494685	1032500
chr12	1035000	1040000	25.581304382454682	1037500
chr12	1040000	1045000	36.44502551414579	1042500
chr12	1045000	1050000	29.337704227612356	1047500
chr12	1050000	1055000	36.139382459088985	1052500
chr12	1055000	1060000	30.80090249088294	1057500
chr12	1060000	1065000	29.368212836204513	1062500
chr12	1065000	1070000	31.223207342275412	1067500
chr12	1070000	1075000	36.51872729001453	1072500
chr12	1075000	1080000	40.95821765004466	1077500
chr12	1080000	1085000	36.087343726213234	1082500
chr12	1085000	1090000	25.445382892161845	1087500
chr12	1090000	1095000	42.44242456105865	1092500
chr12	1095000	1100000	26.302868403780593	1097500
chr12	1100000	1105000	45.078446995718664	1102500
chr12	1105000	1110000	44.013298802702565	1107500
chr12	1110000	1115000	38.127952181000225	1112500
chr12	1115000	1120000	33.545386920017684	1117500
chr12	1120000	1125000	41.72912587391134	1122500
chr12	1125000	1130000	49.67930591201581	1127500
chr12	1130000	1135000	44.99787906976009	1132500
chr12	1135000	1140000	48.233461240265335	1137500
chr12	1140000	1145000	40.52824841177389	1142500
chr12	1145000	1150000	46.718619155623536	1147500
chr12	1150000	1155000	23.14243511254407	1152500
chr12	1155000	1160000	35.707631943546204	1157500
chr12	1160000	1165000	52.24353779688116	1162500
chr12	1165000	1170000	45.22383382767495	1167500
chr12	1170000	1175000	46.75536362837279	1172500
chr12	1175000	1180000	43.72613631859491	1177500
chr12	1180000	1185000	42.782755939291505	1182500
chr12	1185000	1190000	31.66367157820472	1187500
chr12	1190000	1195000	33.80630158321469	1192500
chr12	1195000	1200000	32.626611187809736	1197500
chr12	1200000	1205000	33.98437405819743	1202500
chr12	1205000	1210000	32.239207171116675	1207500
chr12	1210000	1215000	44.38436771626347	1212500
chr12	1215000	1220000	44.342477818410345	1217500
chr12	1220000	1225000	45.44942155715449	1222500
chr12	1225000	1230000	46.666153523810586	1227500
chr12	1230000	1235000	46.66615352381059	1232500
chr12	1235000	1240000	51.32954751439727	1237500
chr12	1240000	1245000	66.36251001951014	1242500
chr12	1245000	1250000	80.87296715442845	1247500
chr12	1250000	1255000	79.27892129559713	1252500
chr12	1255000	1260000	67.08572945851449	1257500
chr12	1260000	1265000	63.94527349018876	1262500
chr12	1265000	1270000	39.583953353406024	1267500
chr12	1270000	1275000	39.393154111883014	1272500
chr12	1275000	1280000	20.43484699499345	1277500
chr12	1280000	1285000	21.13861343984544	1282500
chr12	1285000	1290000	18.60685589132744	1287500
chr12	1290000	1295000	21.86837209525533	1292500
chr12	1295000	1300000	21.904961827934308	1297500
chr12	1300000	1305000	22.14267087714386	1302500
chr12	1305000	1310000	21.889049134867893	1307500
chr12	1310000	1315000	43.50582947786668	1312500
chr12	1315000	1320000	58.050839121203	1317500
chr12	1320000	1325000	40.64908833113325	1322500
chr12	1325000	1330000	50.68289103862593	1327500
chr12	1330000	1335000	43.801616466572234	1332500
chr12	1335000	1340000	33.66260832599162	1337500
chr12	1340000	1345000	31.18449072273469	1342500
chr12	1345000	1350000	50.29921114389608	1347500
chr12	1350000	1355000	100.03497536731084	1352500
chr12	1355000	1360000	105.48175835222335	1357500
chr12	1360000	1365000	105.4817583522233	1362500
chr12	1365000	1370000	105.02704897264682	1367500
chr12	1370000	1375000	71.02725519788062	1372500
chr12	1375000	1380000	85.33380874519129	1377500
chr12	1380000	1385000	83.24380483027694	1382500
chr12	1385000	1390000	92.245375067826	1387500
chr12	1390000	1395000	129.85654898531874	1392500
chr12	1395000	1400000	94.9272970036708	1397500
chr12	1400000	1405000	111.49374696352835	1402500
chr12	1405000	1410000	109.88839225097816	1407500
chr12	1410000	1415000	90.8939982887549	1412500
chr12	1415000	1420000	49.832654291192064	1417500
chr12	1420000	1425000	103.48380971167269	1422500
chr12	1425000	1430000	123.17274569862839	1427500
chr12	1430000	1435000	139.08042163653838	1432500
chr12	1435000	1440000	111.32732005432548	1437500
chr12	1440000	1445000	84.45365864002932	1442500
chr12	1445000	1450000	88.39225037618533	1447500
chr12	1450000	1455000	147.60246796908064	1452500
chr12	1455000	1460000	135.30918219697753	1457500
chr12	1460000	1465000	95.88630175249517	1462500
chr12	1465000	1470000	85.78605026914254	1467500
chr12	1470000	1475000	82.9121669352448	1472500
chr12	1475000	1480000	79.05369108070985	1477500
chr12	1480000	1485000	79.05369108070985	1482500
chr12	1485000	1490000	78.10065833904319	1487500
chr12	1490000	1495000	42.60817199408615	1492500
chr12	1495000	1500000	57.84443586431926	1497500
chr12	1500000	1505000	58.85601899160382	1502500
chr12	1505000	1510000	59.19966184580611	1507500
chr12	1510000	1515000	44.27039957471364	1512500
chr12	1515000	1520000	63.078657652348376	1517500
chr12	1520000	1525000	59.52788979453604	1522500
chr12	1525000	1530000	78.5438395709124	1527500
chr12	1530000	1535000	95.67702167963438	1532500
chr12	1535000	1540000	72.49259153067403	1537500
chr12	1540000	1545000	83.66331734501287	1542500
chr12	1545000	1550000	85.54626035455375	1547500
chr12	1550000	1555000	87.28824692466691	1552500
chr12	1555000	1560000	89.640829116044	1557500
chr12	1560000	1565000	85.3487244675384	1562500
chr12	1565000	1570000	76.76985738878096	1567500
chr12	1570000	1575000	74.28938337487014	1572500
chr12	1575000	1580000	58.789593765769375	1577500
chr12	1580000	1585000	86.12567302171384	1582500
chr12	1585000	1590000	91.47416318263491	1587500
chr12	1590000	1595000	68.76080557592282	1592500
chr12	1595000	1600000	109.39086600314512	1597500
chr12	1600000	1605000	112.51808298312591	1602500
chr12	1605000	1610000	112.51808298312591	1607500
chr12	1610000	1615000	112.5180829831259	1612500
chr12	1615000	1620000	112.5180829831259	1617500
chr12	1620000	1625000	112.51808298312584	1622500
chr12	1625000	1630000	112.51808298312588	1627500
chr12	1630000	1635000	112.51808298312561	1632500
chr12	1635000	1640000	112.51808298312555	1637500
chr12	1640000	1645000	112.51808298312558	1642500
chr12	1645000	1650000	112.5180829831259	1647500
chr12	1650000	1655000	112.51808298312551	1652500
chr12	1655000	1660000	112.51808298312561	1657500
chr12	1660000	1665000	112.51808298312591	1662500
chr12	1665000	1670000	112.5180829831258	1667500
chr12	1670000	1675000	112.5180829831259	1672500
chr12	1675000	1680000	112.51808298312584	1677500
chr12	1680000	1685000	112.51808298312545	1682500
chr12	1685000	1690000	104.51312401375456	1687500
chr12	1690000	1695000	54.64348834278111	1692500
chr12	1695000	1700000	53.41493658965832	1697500
chr12	1700000	1705000	91.56291553136651	1702500
chr12	1705000	1710000	114.65597194065427	1707500
chr12	1710000	1715000	127.24352224766251	1712500
chr12	1715000	1720000	134.0140087339437	1717500
chr12	1720000	1725000	103.09793043274834	1722500
chr12	1725000	1730000	52.1159624924057	1727500
chr12	1730000	1735000	72.75214564046598	1732500
chr12	1735000	1740000	75.46720236807579	1737500
chr12	1740000	1745000	71.96339369011771	1742500
chr12	1745000	1750000	79.63951175083854	1747500
chr12	1750000	1755000	65.04074831150865	1752500
chr12	1755000	1760000	57.39937849061923	1757500
chr12	1760000	1765000	55.48966632390848	1762500
chr12	1765000	1770000	63.13594839269242	1767500
chr12	1770000	1775000	86.34003503445362	1772500
chr12	1775000	1780000	85.4434983855936	1777500
chr12	1780000	1785000	84.01688431746408	1782500
chr12	1785000	1790000	83.73843219109094	1787500
chr12	1790000	1795000	83.73843219109112	1792500
chr12	1795000	1800000	83.25743048914497	1797500
chr12	1800000	1805000	79.4251089175397	1802500
chr12	1805000	1810000	79.19295395424037	1807500
chr12	1810000	1815000	80.34989249715585	1812500
chr12	1815000	1820000	81.70144681767276	1817500
chr12	1820000	1825000	81.80152328095556	1822500
chr12	1825000	1830000	81.34815971797487	1827500
chr12	1830000	1835000	81.28292755063919	1832500
chr12	1835000	1840000	77.1834763805472	1837500
chr12	1840000	1845000	80.96152492947795	1842500
chr12	1845000	1850000	73.17303731527045	1847500
chr12	1850000	1855000	80.62922638928373	1852500
chr12	1855000	1860000	60.28960861205885	1857500
chr12	1860000	1865000	58.85008421408131	1862500
chr12	1865000	1870000	44.62636572117236	1867500
chr12	1870000	1875000	47.341255941327965	1872500
chr12	1875000	1880000	49.76432456510545	1877500
chr12	1880000	1885000	56.182554839630335	1882500
chr12	1885000	1890000	55.39894207587386	1887500
chr12	1890000	1895000	52.471861331879694	1892500
chr12	1895000	1900000	50.267974758528275	1897500
chr12	1900000	1905000	43.896865535320075	1902500
chr12	1905000	1910000	50.79856117987408	1907500
chr12	1910000	1915000	55.35323592482203	1912500
chr12	1915000	1920000	56.01911057010713	1917500
chr12	1920000	1925000	49.30621910523734	1922500
chr12	1925000	1930000	61.14253745080289	1927500
chr12	1930000	1935000	51.161271671376205	1932500
chr12	1935000	1940000	51.390415216505545	1937500
chr12	1940000	1945000	42.471711880034306	1942500
chr12	1945000	1950000	55.58114077911314	1947500
chr12	1950000	1955000	57.97187247879838	1952500
chr12	1955000	1960000	54.049703713771706	1957500
chr12	1960000	1965000	55.61847592075612	1962500
chr12	1965000	1970000	56.61683490483736	1967500
chr12	1970000	1975000	49.835306359932936	1972500
chr12	1975000	1980000	55.10238674874112	1977500
chr12	1980000	1985000	59.75275177210006	1982500
chr12	1985000	1990000	53.52188350410515	1987500
chr12	1990000	1995000	51.47803769532891	1992500
chr12	1995000	2000000	45.60549085988021	1997500
chr12	2000000	2005000	22.66182650339459	2002500
chr12	2005000	2010000	39.354741918051765	2007500
chr12	2010000	2015000	44.89054835420164	2012500
chr12	2015000	2020000	19.26807309264397	2017500
chr12	2020000	2025000	21.396789506213764	2022500
chr12	2025000	2030000	49.19453007256921	2027500
chr12	2030000	2035000	42.71220428922858	2032500
chr12	2035000	2040000	31.613273991991846	2037500
chr12	2040000	2045000	10.570844469998303	2042500
chr12	2045000	2050000	20.615757045202106	2047500
chr12	2050000	2055000	32.830249215541876	2052500
chr12	2055000	2060000	48.429133390052534	2057500
chr12	2060000	2065000	43.773275162008154	2062500
chr12	2065000	2070000	61.08453151729415	2067500
chr12	2070000	2075000	58.45713090022626	2072500
chr12	2075000	2080000	77.93162034044477	2077500
chr12	2080000	2085000	62.78376350138596	2082500
chr12	2085000	2090000	72.30315145045512	2087500
chr12	2090000	2095000	73.1856817145468	2092500
chr12	2095000	2100000	115.67035573602145	2097500
chr12	2100000	2105000	111.22107002967897	2102500
chr12	2105000	2110000	101.06627526704638	2107500
chr12	2110000	2115000	49.659847184439684	2112500
chr12	2115000	2120000	51.55781770454464	2117500
chr12	2120000	2125000	84.1017440469308	2122500
chr12	2125000	2130000	72.67337721577022	2127500
chr12	2130000	2135000	31.03893220035684	2132500
chr12	2135000	2140000	30.69707231843357	2137500
chr12	2140000	2145000	61.00282946769989	2142500
chr12	2145000	2150000	63.56441788921649	2147500
chr12	2150000	2155000	48.0992681763013	2152500
chr12	2155000	2160000	38.333376382948614	2157500
chr12	2160000	2165000	38.33337638294861	2162500
chr12	2165000	2170000	38.33337638294856	2167500
chr12	2170000	2175000	38.333376382948614	2172500
chr12	2175000	2180000	38.33337638294858	2177500
chr12	2180000	2185000	38.3333763829486	2182500
chr12	2185000	2190000	38.33337638294852	2187500
chr12	2190000	2195000	38.33337638294858	2192500
chr12	2195000	2200000	38.333376382948614	2197500
chr12	2200000	2205000	38.33337638294858	2202500
chr12	2205000	2210000	38.33337638294859	2207500
chr12	2210000	2215000	38.333376382948494	2212500
chr12	2215000	2220000	38.333376382948515	2217500
chr12	2220000	2225000	38.33337638294853	2222500
chr12	2225000	2230000	38.33337638294854	2227500
chr12	2230000	2235000	38.33337638294857	2232500
chr12	2235000	2240000	38.33337638294859	2237500
chr12	2240000	2245000	38.333376382948565	2242500
chr12	2245000	2250000	38.33337638294861	2247500
chr12	2250000	2255000	38.333376382948565	2252500
chr12	2255000	2260000	38.33337638294851	2257500
chr12	2260000	2265000	38.33337638294848	2262500
chr12	2265000	2270000	38.33337638294856	2267500
chr12	2270000	2275000	38.333376382948614	2272500
chr12	2275000	2280000	38.3333763829486	2277500
chr12	2280000	2285000	38.333376382948494	2282500
chr12	2285000	2290000	38.33337638294847	2287500
chr12	2290000	2295000	38.333376382948494	2292500
chr12	2295000	2300000	38.33337638294859	2297500
chr12	2300000	2305000	55.71552817440234	2302500
chr12	2305000	2310000	61.883388487498806	2307500
chr12	2310000	2315000	61.88338848749875	2312500
chr12	2315000	2320000	61.88338848749894	2317500
chr12	2320000	2325000	61.8833884874987	2322500
chr12	2325000	2330000	61.88338848749866	2327500
chr12	2330000	2335000	61.8833884874987	2332500
chr12	2335000	2340000	61.88338848749863	2337500
chr12	2340000	2345000	61.883388487498806	2342500
chr12	2345000	2350000	61.88338848749885	2347500
chr12	2350000	2355000	61.88338848749879	2352500
chr12	2355000	2360000	61.88338848749894	2357500
chr12	2360000	2365000	61.88338848749874	2362500
chr12	2365000	2370000	61.88338848749891	2367500
chr12	2370000	2375000	61.88338848749885	2372500
chr12	2375000	2380000	61.88338848749901	2377500
chr12	2380000	2385000	61.88338848749906	2382500
chr12	2385000	2390000	61.8833884874989	2387500
chr12	2390000	2395000	61.8833884874987	2392500
chr12	2395000	2400000	60.455297609095496	2397500
chr12	2400000	2405000	70.0567329942561	2402500
chr12	2405000	2410000	71.16967130742199	2407500
chr12	2410000	2415000	78.87385469738798	2412500
chr12	2415000	2420000	82.10065985972604	2417500
chr12	2420000	2425000	71.4203082821244	2422500
chr12	2425000	2430000	80.93641651586842	2427500
chr12	2430000	2435000	77.07953893604275	2432500
chr12	2435000	2440000	72.77464857547776	2437500
chr12	2440000	2445000	86.34810444045095	2442500
chr12	2445000	2450000	71.42213858982846	2447500
chr12	2450000	2455000	44.659595473425206	2452500
chr12	2455000	2460000	48.49721492923492	2457500
chr12	2460000	2465000	68.85150152781848	2462500
chr12	2465000	2470000	74.9463001708985	2467500
chr12	2470000	2475000	83.72532904967481	2472500
chr12	2475000	2480000	63.96407745705741	2477500
chr12	2480000	2485000	69.69582543326884	2482500
chr12	2485000	2490000	116.04991489223976	2487500
chr12	2490000	2495000	105.50793069022141	2492500
chr12	2495000	2500000	99.23239376307991	2497500
chr12	2500000	2505000	102.91238725267588	2502500
chr12	2505000	2510000	120.19509493049938	2507500
chr12	2510000	2515000	113.08723774580818	2512500
chr12	2515000	2520000	125.86186683535388	2517500
chr12	2520000	2525000	111.79779307782368	2522500
chr12	2525000	2530000	84.8657191296571	2527500
chr12	2530000	2535000	103.66456657548609	2532500
chr12	2535000	2540000	116.54426320802865	2537500
chr12	2540000	2545000	123.89400722439406	2542500
chr12	2545000	2550000	136.88290017643592	2547500
chr12	2550000	2555000	135.92327313460953	2552500
chr12	2555000	2560000	130.60883113048862	2557500
chr12	2560000	2565000	112.04129433354137	2562500
chr12	2565000	2570000	88.41980610041743	2567500
chr12	2570000	2575000	60.78731404033303	2572500
chr12	2575000	2580000	37.62923295294186	2577500
chr12	2580000	2585000	62.414221645142916	2582500
chr12	2585000	2590000	51.94092062259095	2587500
chr12	2590000	2595000	73.90102085511425	2592500
chr12	2595000	2600000	104.75618440754883	2597500
chr12	2600000	2605000	121.25621651617517	2602500
chr12	2605000	2610000	95.3101059087326	2607500
chr12	2610000	2615000	74.66098492435142	2612500
chr12	2615000	2620000	38.81942406076839	2617500
chr12	2620000	2625000	48.94076552556974	2622500
chr12	2625000	2630000	60.265664188711455	2627500
chr12	2630000	2635000	69.2706936939858	2632500
chr12	2635000	2640000	69.27069369398595	2637500
chr12	2640000	2645000	69.27069369398582	2642500
chr12	2645000	2650000	69.2706936939858	2647500
chr12	2650000	2655000	69.27069369398582	2652500
chr12	2655000	2660000	69.27069369398575	2657500
chr12	2660000	2665000	69.27069369398588	2662500
chr12	2665000	2670000	69.27069369398599	2667500
chr12	2670000	2675000	69.27069369398586	2672500
chr12	2675000	2680000	69.270693693986	2677500
chr12	2680000	2685000	69.2706936939858	2682500
chr12	2685000	2690000	69.27069369398578	2687500
chr12	2690000	2695000	69.27069369398609	2692500
chr12	2695000	2700000	69.27069369398596	2697500
chr12	2700000	2705000	69.270693693986	2702500
chr12	2705000	2710000	69.27069369398575	2707500
chr12	2710000	2715000	69.2706936939862	2712500
chr12	2715000	2720000	66.07067020081516	2717500
chr12	2720000	2725000	86.36757549798216	2722500
chr12	2725000	2730000	100.91934039743647	2727500
chr12	2730000	2735000	72.75059199583428	2732500
chr12	2735000	2740000	94.1352222714601	2737500
chr12	2740000	2745000	67.55359552685184	2742500
chr12	2745000	2750000	37.800568065528104	2747500
chr12	2750000	2755000	47.494973438097745	2752500
chr12	2755000	2760000	79.41432294973934	2757500
chr12	2760000	2765000	56.44269610684277	2762500
chr12	2765000	2770000	49.52728268276694	2767500
chr12	2770000	2775000	52.915508852978014	2772500
chr12	2775000	2780000	62.87147010160809	2777500
chr12	2780000	2785000	52.896918812387284	2782500
chr12	2785000	2790000	53.88130981710072	2787500
chr12	2790000	2795000	37.18227462024207	2792500
chr12	2795000	2800000	36.40688103263674	2797500
chr12	2800000	2805000	43.054517090752014	2802500
chr12	2805000	2810000	28.027035502519613	2807500
chr12	2810000	2815000	4.60748296674905	2812500
chr12	2815000	2820000	6.5411788526343955	2817500
chr12	2820000	2825000	78.80290493842433	2822500
chr12	2825000	2830000	95.58372141695884	2827500
chr12	2830000	2835000	37.27754961546831	2832500
chr12	2835000	2840000	36.2970703368697	2837500
chr12	2840000	2845000	60.386319156535315	2842500
chr12	2845000	2850000	39.66550100683748	2847500
chr12	2850000	2855000	39.66550100683749	2852500
chr12	2855000	2860000	31.45342729422287	2857500
chr12	2860000	2865000	32.606769946050434	2862500
chr12	2865000	2870000	33.27606847809712	2867500
chr12	2870000	2875000	23.213349660238947	2872500
chr12	2875000	2880000	15.392158003276283	2877500
chr12	2880000	2885000	17.757583245475814	2882500
chr12	2885000	2890000	16.406776396516378	2887500
chr12	2890000	2895000	12.466951022745123	2892500
chr12	2895000	2900000	29.260419410089916	2897500
chr12	2900000	2905000	27.797569318078267	2902500
chr12	2905000	2910000	44.72726835481724	2907500
chr12	2910000	2915000	71.48013870343384	2912500
chr12	2915000	2920000	71.93333872174642	2917500
chr12	2920000	2925000	57.028645677083965	2922500
chr12	2925000	2930000	24.37724079772017	2927500
chr12	2930000	2935000	38.26959288415418	2932500
chr12	2935000	2940000	24.47183833029541	2937500
chr12	2940000	2945000	30.470804538261298	2942500
chr12	2945000	2950000	31.815886735336072	2947500
chr12	2950000	2955000	21.346722916403937	2952500
chr12	2955000	2960000	28.170473330996895	2957500
chr12	2960000	2965000	42.537360383749245	2962500
chr12	2965000	2970000	36.6053805196678	2967500
chr12	2970000	2975000	48.403560838834835	2972500
chr12	2975000	2980000	50.379687085960946	2977500
chr12	2980000	2985000	55.91661904047219	2982500
chr12	2985000	2990000	68.98693688588101	2987500
chr12	2990000	2995000	61.22949964607923	2992500
chr12	2995000	3000000	57.07967451689226	2997500
chr12	3000000	3005000	67.98424764708764	3002500
chr12	3005000	3010000	71.3555365849177	3007500
chr12	3010000	3015000	69.45893548067426	3012500
chr12	3015000	3020000	68.49624060466257	3017500
chr12	3020000	3025000	70.86006475061687	3022500
chr12	3025000	3030000	55.4735221194312	3027500
chr12	3030000	3035000	51.2258935492309	3032500
chr12	3035000	3040000	56.351251596088204	3037500
chr12	3040000	3045000	63.05085485722704	3042500
chr12	3045000	3050000	66.54622838547189	3047500
chr12	3050000	3055000	76.6890150652824	3052500
chr12	3055000	3060000	74.38579118720287	3057500
chr12	3060000	3065000	66.8445944821829	3062500
chr12	3065000	3070000	68.23344247372819	3067500
chr12	3070000	3075000	88.16710816242976	3072500
chr12	3075000	3080000	75.11241253626119	3077500
chr12	3080000	3085000	54.149030209788684	3082500
chr12	3085000	3090000	39.58154637489481	3087500
chr12	3090000	3095000	33.601127008416015	3092500
chr12	3095000	3100000	31.547000239473345	3097500
chr12	3100000	3105000	29.570419443040123	3102500
chr12	3105000	3110000	52.923697603125525	3107500
chr12	3110000	3115000	46.881274631035936	3112500
chr12	3115000	3120000	36.24001940169281	3117500
chr12	3120000	3125000	33.18032973264334	3122500
chr12	3125000	3130000	42.27160610718711	3127500
chr12	3130000	3135000	28.61676356212348	3132500
chr12	3135000	3140000	16.36916643803834	3137500
chr12	3140000	3145000	18.02439533247157	3142500
chr12	3145000	3150000	28.72117788105748	3147500
chr12	3150000	3155000	19.176107612495837	3152500
chr12	3155000	3160000	15.876509516939008	3157500
chr12	3160000	3165000	19.783733835840298	3162500
chr12	3165000	3170000	30.94151819059055	3167500
chr12	3170000	3175000	27.192269710860423	3172500
chr12	3175000	3180000	25.987920464662263	3177500
chr12	3180000	3185000	26.443376636774307	3182500
chr12	3185000	3190000	32.39298732673989	3187500
chr12	3190000	3195000	26.366282404143647	3192500
chr12	3195000	3200000	27.81865597622103	3197500
chr12	3200000	3205000	24.07977101900747	3202500
chr12	3205000	3210000	24.103819785929808	3207500
chr12	3210000	3215000	26.87538421496866	3212500
chr12	3215000	3220000	19.485505332320756	3217500
chr12	3220000	3225000	23.113506343202296	3222500
chr12	3225000	3230000	15.384014640750497	3227500
chr12	3230000	3235000	20.14063798016026	3232500
chr12	3235000	3240000	24.259908683706527	3237500
chr12	3240000	3245000	18.37716789143287	3242500
chr12	3245000	3250000	21.094282116782217	3247500
chr12	3250000	3255000	26.481034022500054	3252500
chr12	3255000	3260000	19.88808962096122	3257500
chr12	3260000	3265000	18.43957356097665	3262500
chr12	3265000	3270000	23.684431019283902	3267500
chr12	3270000	3275000	19.448370560542543	3272500
chr12	3275000	3280000	39.01669649722666	3277500
chr12	3280000	3285000	78.24656682810823	3282500
chr12	3285000	3290000	60.268213806246294	3287500
chr12	3290000	3295000	34.35270124128003	3292500
chr12	3295000	3300000	35.97227350640609	3297500
chr12	3300000	3305000	30.913650425437712	3302500
chr12	3305000	3310000	39.049034615463064	3307500
chr12	3310000	3315000	35.005675962957916	3312500
chr12	3315000	3320000	26.573386850575286	3317500
chr12	3320000	3325000	22.231973838939865	3322500
chr12	3325000	3330000	22.04914608697676	3327500
chr12	3330000	3335000	35.66149146212766	3332500
chr12	3335000	3340000	31.24946515159242	3337500
chr12	3340000	3345000	30.55613275458337	3342500
chr12	3345000	3350000	20.641789964408005	3347500
chr12	3350000	3355000	20.186264178268246	3352500
chr12	3355000	3360000	20.40713615820156	3357500
chr12	3360000	3365000	23.092588105985726	3362500
chr12	3365000	3370000	22.682397085430974	3367500
chr12	3370000	3375000	46.05627877908214	3372500
chr12	3375000	3380000	64.96908167547754	3377500
chr12	3380000	3385000	45.34956628458241	3382500
chr12	3385000	3390000	40.96825851846228	3387500
chr12	3390000	3395000	38.86118291233968	3392500
chr12	3395000	3400000	45.19343147956744	3397500
chr12	3400000	3405000	54.697525383959764	3402500
chr12	3405000	3410000	32.952688067194984	3407500
chr12	3410000	3415000	33.219397208174804	3412500
chr12	3415000	3420000	32.672803307403846	3417500
chr12	3420000	3425000	43.55591819879551	3422500
chr12	3425000	3430000	40.89496250071134	3427500
chr12	3430000	3435000	34.03198514379305	3432500
chr12	3435000	3440000	24.387550545668418	3437500
chr12	3440000	3445000	11.484443624724483	3442500
chr12	3445000	3450000	13.997353440339502	3447500
chr12	3450000	3455000	18.495513399937543	3452500
chr12	3455000	3460000	28.74227539702144	3457500
chr12	3460000	3465000	28.470200816285345	3462500
chr12	3465000	3470000	25.48434979415357	3467500
chr12	3470000	3475000	29.82613585064276	3472500
chr12	3475000	3480000	55.28097701262943	3477500
chr12	3480000	3485000	36.99529704547127	3482500
chr12	3485000	3490000	30.553235055790875	3487500
chr12	3490000	3495000	35.09108845267983	3492500
chr12	3495000	3500000	32.813672015531495	3497500
chr12	3500000	3505000	31.20588608381297	3502500
chr12	3505000	3510000	32.64711232010249	3507500
chr12	3510000	3515000	26.82264179626994	3512500
chr12	3515000	3520000	25.975789220550762	3517500
chr12	3520000	3525000	27.591469521813252	3522500
chr12	3525000	3530000	31.408732798214444	3527500
chr12	3530000	3535000	39.33988000226196	3532500
chr12	3535000	3540000	40.032094786375055	3537500
chr12	3540000	3545000	31.840547620050984	3542500
chr12	3545000	3550000	19.263085095914796	3547500
chr12	3550000	3555000	20.878309917720525	3552500
chr12	3555000	3560000	15.804111308457578	3557500
chr12	3560000	3565000	22.541965056145635	3562500
chr12	3565000	3570000	23.838120213205844	3567500
chr12	3570000	3575000	29.046231879914586	3572500
chr12	3575000	3580000	40.83878501737193	3577500
chr12	3580000	3585000	32.670367691384556	3582500
chr12	3585000	3590000	23.691482109803292	3587500
chr12	3590000	3595000	23.73823330389467	3592500
chr12	3595000	3600000	19.449433472144296	3597500
chr12	3600000	3605000	15.347908598064272	3602500
chr12	3605000	3610000	43.72427339058125	3607500
chr12	3610000	3615000	47.011358346459694	3612500
chr12	3615000	3620000	34.67249617640461	3617500
chr12	3620000	3625000	25.313233560642324	3622500
chr12	3625000	3630000	28.907889032865167	3627500
chr12	3630000	3635000	29.772629119242932	3632500
chr12	3635000	3640000	22.892201233123295	3637500
chr12	3640000	3645000	20.53565605389655	3642500
chr12	3645000	3650000	21.757069776161593	3647500
chr12	3650000	3655000	26.79149407834455	3652500
chr12	3655000	3660000	19.953931214824433	3657500
chr12	3660000	3665000	18.35995478562144	3662500
chr12	3665000	3670000	15.23752341656961	3667500
chr12	3670000	3675000	23.16483622459888	3672500
chr12	3675000	3680000	21.731465254073626	3677500
chr12	3680000	3685000	70.4795220991651	3682500
chr12	3685000	3690000	23.203812646839484	3687500
chr12	3690000	3695000	17.14121092168881	3692500
chr12	3695000	3700000	21.733745386745095	3697500
chr12	3700000	3705000	29.12428719543151	3702500
chr12	3705000	3710000	30.959423046511038	3707500
chr12	3710000	3715000	29.755875754364748	3712500
chr12	3715000	3720000	34.16943621735836	3717500
chr12	3720000	3725000	44.04382291214774	3722500
chr12	3725000	3730000	45.247889336888576	3727500
chr12	3730000	3735000	36.416251783528125	3732500
chr12	3735000	3740000	43.37114165337532	3737500
chr12	3740000	3745000	45.41073157282381	3742500
chr12	3745000	3750000	41.22087201541246	3747500
chr12	3750000	3755000	36.88191766802927	3752500
chr12	3755000	3760000	45.0824493378759	3757500
chr12	3760000	3765000	38.73376665124806	3762500
chr12	3765000	3770000	39.35927375563129	3767500
chr12	3770000	3775000	29.438726831074842	3772500
chr12	3775000	3780000	32.76806004854359	3777500
chr12	3780000	3785000	37.34979160370506	3782500
chr12	3785000	3790000	31.58346978671331	3787500
chr12	3790000	3795000	26.14251299133201	3792500
chr12	3795000	3800000	31.280069993095744	3797500
chr12	3800000	3805000	38.17412493120002	3802500
chr12	3805000	3810000	37.77704106154435	3807500
chr12	3810000	3815000	42.62094903201489	3812500
chr12	3815000	3820000	32.92078732559914	3817500
chr12	3820000	3825000	35.77114810197956	3822500
chr12	3825000	3830000	42.70309005639824	3827500
chr12	3830000	3835000	29.684763498578494	3832500
chr12	3835000	3840000	28.222665458294625	3837500
chr12	3840000	3845000	40.57294758271278	3842500
chr12	3845000	3850000	44.11637736378652	3847500
chr12	3850000	3855000	26.741362838143747	3852500
chr12	3855000	3860000	34.828352059677826	3857500
chr12	3860000	3865000	38.30324185553629	3862500
chr12	3865000	3870000	36.89225678764573	3867500
chr12	3870000	3875000	29.93842510338832	3872500
chr12	3875000	3880000	17.978516280591396	3877500
chr12	3880000	3885000	18.643092682347135	3882500
chr12	3885000	3890000	20.71766271954931	3887500
chr12	3890000	3895000	19.823670098982543	3892500
chr12	3895000	3900000	31.51493748599227	3897500
chr12	3900000	3905000	37.875145530279475	3902500
chr12	3905000	3910000	29.24472915545221	3907500
chr12	3910000	3915000	32.307025078624	3912500
chr12	3915000	3920000	44.91013584408582	3917500
chr12	3920000	3925000	44.67615982717631	3922500
chr12	3925000	3930000	47.41059919110163	3927500
chr12	3930000	3935000	46.282559733878145	3932500
chr12	3935000	3940000	36.85414347643233	3937500
chr12	3940000	3945000	48.28489641582174	3942500
chr12	3945000	3950000	51.527030766642554	3947500
chr12	3950000	3955000	36.16720784423585	3952500
chr12	3955000	3960000	39.98549742005932	3957500
chr12	3960000	3965000	48.08940768347485	3962500
chr12	3965000	3970000	46.9100545298605	3967500
chr12	3970000	3975000	48.942788212074426	3972500
chr12	3975000	3980000	50.11961730301368	3977500
chr12	3980000	3985000	37.77307471920158	3982500
chr12	3985000	3990000	49.92422498782174	3987500
chr12	3990000	3995000	45.19134049580769	3992500
chr12	3995000	4000000	29.582262058368304	3997500
chr12	4000000	4005000	32.91696259055924	4002500
chr12	4005000	4010000	32.20836771698181	4007500
chr12	4010000	4015000	22.647077323923458	4012500
chr12	4015000	4020000	33.51549180954109	4017500
chr12	4020000	4025000	29.64583417789277	4022500
chr12	4025000	4030000	17.51834828933453	4027500
chr12	4030000	4035000	21.41845254984183	4032500
chr12	4035000	4040000	38.915676347249125	4037500
chr12	4040000	4045000	56.73574789296093	4042500
chr12	4045000	4050000	39.895183129548855	4047500
chr12	4050000	4055000	29.406495367922307	4052500
chr12	4055000	4060000	27.853414789336593	4057500
chr12	4060000	4065000	23.276651989488784	4062500
chr12	4065000	4070000	57.49156271201742	4067500
chr12	4070000	4075000	51.24731917589008	4072500
chr12	4075000	4080000	39.46317674705719	4077500
chr12	4080000	4085000	20.589854140263856	4082500
chr12	4085000	4090000	19.32358926336035	4087500
chr12	4090000	4095000	26.656104088718347	4092500
chr12	4095000	4100000	16.301715672450882	4097500
chr12	4100000	4105000	34.03882514420591	4102500
chr12	4105000	4110000	22.771564142931986	4107500
chr12	4110000	4115000	34.960941909927335	4112500
chr12	4115000	4120000	34.20216918021531	4117500
chr12	4120000	4125000	37.52018890157291	4122500
chr12	4125000	4130000	30.10501514062353	4127500
chr12	4130000	4135000	19.262673112765434	4132500
chr12	4135000	4140000	28.9535113415876	4137500
chr12	4140000	4145000	26.176486657317252	4142500
chr12	4145000	4150000	35.339987924109316	4147500
chr12	4150000	4155000	37.525554529472515	4152500
chr12	4155000	4160000	28.58541467918437	4157500
chr12	4160000	4165000	29.207421137606772	4162500
chr12	4165000	4170000	29.82949052432093	4167500
chr12	4170000	4175000	25.40225603999782	4172500
chr12	4175000	4180000	18.059624163570014	4177500
chr12	4180000	4185000	36.22099776229576	4182500
chr12	4185000	4190000	21.368130138582433	4187500
chr12	4190000	4195000	32.447972311375864	4192500
chr12	4195000	4200000	29.972161295002877	4197500
chr12	4200000	4205000	32.49472131834435	4202500
chr12	4205000	4210000	27.607223569803683	4207500
chr12	4210000	4215000	15.978201375367155	4212500
chr12	4215000	4220000	14.360995396862355	4217500
chr12	4220000	4225000	18.604418015057448	4222500
chr12	4225000	4230000	19.987824523969326	4227500
chr12	4230000	4235000	20.18272932256021	4232500
chr12	4235000	4240000	19.127595370303165	4237500
chr12	4240000	4245000	16.891437022914577	4242500
chr12	4245000	4250000	18.16379823957578	4247500
chr12	4250000	4255000	18.362509956541427	4252500
chr12	4255000	4260000	16.442578658751188	4257500
chr12	4260000	4265000	17.326139065724444	4262500
chr12	4265000	4270000	17.343690561897546	4267500
chr12	4270000	4275000	18.144080580149502	4272500
chr12	4275000	4280000	14.81781320760383	4277500
chr12	4280000	4285000	15.642004692448022	4282500
chr12	4285000	4290000	14.92167666666224	4287500
chr12	4290000	4295000	18.48098781489538	4292500
chr12	4295000	4300000	14.075745105115951	4297500
chr12	4300000	4305000	14.524221314840245	4302500
chr12	4305000	4310000	16.514105746332337	4307500
chr12	4310000	4315000	18.97114396567012	4312500
chr12	4315000	4320000	15.175278313356024	4317500
chr12	4320000	4325000	13.738167592422554	4322500
chr12	4325000	4330000	15.35802020375488	4327500
chr12	4330000	4335000	20.09465539907283	4332500
chr12	4335000	4340000	20.037388669500956	4337500
chr12	4340000	4345000	23.85492711212566	4342500
chr12	4345000	4350000	20.210749544346378	4347500
chr12	4350000	4355000	22.152345932938864	4352500
chr12	4355000	4360000	17.4737217302448	4357500
chr12	4360000	4365000	20.936882058657037	4362500
chr12	4365000	4370000	22.481959143997077	4367500
chr12	4370000	4375000	19.91941077780176	4372500
chr12	4375000	4380000	14.98531303809747	4377500
chr12	4380000	4385000	20.91238685502426	4382500
chr12	4385000	4390000	27.80457823436848	4387500
chr12	4390000	4395000	24.75769522668618	4392500
chr12	4395000	4400000	13.619569110003427	4397500
chr12	4400000	4405000	17.390074982286855	4402500
chr12	4405000	4410000	16.809093938845855	4407500
chr12	4410000	4415000	14.00989502308665	4412500
chr12	4415000	4420000	26.747370394867993	4417500
chr12	4420000	4425000	34.70518098500079	4422500
chr12	4425000	4430000	30.191017698983572	4427500
chr12	4430000	4435000	19.149216064784447	4432500
chr12	4435000	4440000	17.57604920056162	4437500
chr12	4440000	4445000	14.701936783350801	4442500
chr12	4445000	4450000	15.830793706534545	4447500
chr12	4450000	4455000	20.408295773937905	4452500
chr12	4455000	4460000	16.701459742723586	4457500
chr12	4460000	4465000	20.633112684249397	4462500
chr12	4465000	4470000	27.15184468734942	4467500
chr12	4470000	4475000	26.17151051145669	4472500
chr12	4475000	4480000	27.877520526108206	4477500
chr12	4480000	4485000	17.19004365915254	4482500
chr12	4485000	4490000	18.995811170910393	4487500
chr12	4490000	4495000	24.376980415604205	4492500
chr12	4495000	4500000	26.990361212163638	4497500
chr12	4500000	4505000	29.645438522476955	4502500
chr12	4505000	4510000	46.4420035283502	4507500
chr12	4510000	4515000	12.270069292006802	4512500
chr12	4515000	4520000	29.275712926757645	4517500
chr12	4520000	4525000	35.954659704840786	4522500
chr12	4525000	4530000	27.272483233106485	4527500
chr12	4530000	4535000	19.88664582136414	4532500
chr12	4535000	4540000	13.883360987121693	4537500
chr12	4540000	4545000	16.219185667894156	4542500
chr12	4545000	4550000	26.166649736525624	4547500
chr12	4550000	4555000	25.377584227528267	4552500
chr12	4555000	4560000	25.703057129789002	4557500
chr12	4560000	4565000	26.319838147047584	4562500
chr12	4565000	4570000	24.999605635742686	4567500
chr12	4570000	4575000	24.902600097011636	4572500
chr12	4575000	4580000	25.6023206459472	4577500
chr12	4580000	4585000	25.3644174979002	4582500
chr12	4585000	4590000	25.86605906174759	4587500
chr12	4590000	4595000	24.9551344226923	4592500
chr12	4595000	4600000	25.60128601658631	4597500
chr12	4600000	4605000	25.979640265740827	4602500
chr12	4605000	4610000	26.469210688219167	4607500
chr12	4610000	4615000	25.60667320215328	4612500
chr12	4615000	4620000	27.04978899102412	4617500
chr12	4620000	4625000	23.788008912208404	4622500
chr12	4625000	4630000	25.925571672440487	4627500
chr12	4630000	4635000	20.474439473462795	4632500
chr12	4635000	4640000	10.065025454336855	4637500
chr12	4640000	4645000	20.409524060314116	4642500
chr12	4645000	4650000	25.57496979743371	4647500
chr12	4650000	4655000	29.42594540147711	4652500
chr12	4655000	4660000	28.643015747127446	4657500
chr12	4660000	4665000	34.50920744224922	4662500
chr12	4665000	4670000	26.35382505993063	4667500
chr12	4670000	4675000	28.525953435692667	4672500
chr12	4675000	4680000	22.16683503003401	4677500
chr12	4680000	4685000	27.046205426752817	4682500
chr12	4685000	4690000	33.668792987009525	4687500
chr12	4690000	4695000	15.381919177906644	4692500
chr12	4695000	4700000	13.636751988577663	4697500
chr12	4700000	4705000	15.491511230621995	4702500
chr12	4705000	4710000	13.841047250139113	4707500
chr12	4710000	4715000	21.63658650323009	4712500
chr12	4715000	4720000	20.09551966106065	4717500
chr12	4720000	4725000	38.183959281405805	4722500
chr12	4725000	4730000	47.108298538010075	4727500
chr12	4730000	4735000	39.244068885026245	4732500
chr12	4735000	4740000	42.32541753217743	4737500
chr12	4740000	4745000	33.87340294856478	4742500
chr12	4745000	4750000	40.96803085343191	4747500
chr12	4750000	4755000	44.97165525225689	4752500
chr12	4755000	4760000	46.07733436346481	4757500
chr12	4760000	4765000	28.8566639629863	4762500
chr12	4765000	4770000	25.731553770255545	4767500
chr12	4770000	4775000	31.017845778848194	4772500
chr12	4775000	4780000	44.867257419865176	4777500
chr12	4780000	4785000	21.20763511475533	4782500
chr12	4785000	4790000	11.025032293098405	4787500
chr12	4790000	4795000	9.91097451099836	4792500
chr12	4795000	4800000	10.294776744607717	4797500
chr12	4800000	4805000	12.21104763353163	4802500
chr12	4805000	4810000	9.19037726475084	4807500
chr12	4810000	4815000	7.747034548175258	4812500
chr12	4815000	4820000	12.06532757730345	4817500
chr12	4820000	4825000	13.003113144050536	4822500
chr12	4825000	4830000	14.155824134476244	4827500
chr12	4830000	4835000	16.60945386286303	4832500
chr12	4835000	4840000	23.408782314391125	4837500
chr12	4840000	4845000	18.312863560122473	4842500
chr12	4845000	4850000	13.950053047323205	4847500
chr12	4850000	4855000	26.5998935376227	4852500
chr12	4855000	4860000	18.583372232561242	4857500
chr12	4860000	4865000	27.803759081553846	4862500
chr12	4865000	4870000	39.63548852493386	4867500
chr12	4870000	4875000	28.940505735402077	4872500
chr12	4875000	4880000	17.462670634017368	4877500
chr12	4880000	4885000	20.378109876804835	4882500
chr12	4885000	4890000	24.195539460288185	4887500
chr12	4890000	4895000	14.876482486215341	4892500
chr12	4895000	4900000	15.447634742466425	4897500
chr12	4900000	4905000	15.418409728118089	4902500
chr12	4905000	4910000	16.059937422243582	4907500
chr12	4910000	4915000	16.598938196459894	4912500
chr12	4915000	4920000	16.636580612055596	4917500
chr12	4920000	4925000	16.475658365122815	4922500
chr12	4925000	4930000	17.79521295163172	4927500
chr12	4930000	4935000	17.80236983124094	4932500
chr12	4935000	4940000	17.702424925600894	4937500
chr12	4940000	4945000	17.64882278878063	4942500
chr12	4945000	4950000	18.930739633776888	4947500
chr12	4950000	4955000	15.913382658139657	4952500
chr12	4955000	4960000	15.887230267242929	4957500
chr12	4960000	4965000	18.070850878572898	4962500
chr12	4965000	4970000	17.13165558396182	4967500
chr12	4970000	4975000	16.65215594510515	4972500
chr12	4975000	4980000	14.173499196320433	4977500
chr12	4980000	4985000	17.016370804887224	4982500
chr12	4985000	4990000	15.42187574329496	4987500
chr12	4990000	4995000	15.74837207369295	4992500
chr12	4995000	5000000	16.231894530336536	4997500
chr12	5000000	5005000	11.225356238639018	5002500
chr12	5005000	5010000	4.868310079623323	5007500
chr12	5010000	5015000	6.652769071739834	5012500
chr12	5015000	5020000	22.070537386640943	5017500
chr12	5020000	5025000	8.624207319637144	5022500
chr12	5025000	5030000	12.799852337511055	5027500
chr12	5030000	5035000	12.950738780511761	5032500
chr12	5035000	5040000	9.929089114451532	5037500
chr12	5040000	5045000	13.249576145148733	5042500
chr12	5045000	5050000	18.6566253933225	5047500
chr12	5050000	5055000	17.53778781032687	5052500
chr12	5055000	5060000	21.712681744539378	5057500
chr12	5060000	5065000	39.17505515206291	5062500
chr12	5065000	5070000	16.747366755140188	5067500
chr12	5070000	5075000	10.88053505394017	5072500
chr12	5075000	5080000	13.714008028394408	5077500
chr12	5080000	5085000	16.974491567135324	5082500
chr12	5085000	5090000	17.98933311906838	5087500
chr12	5090000	5095000	17.18904494526539	5092500
chr12	5095000	5100000	10.517790221191731	5097500
chr12	5100000	5105000	16.226606707424143	5102500
chr12	5105000	5110000	12.536033436358005	5107500
chr12	5110000	5115000	9.008432028523712	5112500
chr12	5115000	5120000	8.694898479055698	5117500
chr12	5120000	5125000	19.647818699419524	5122500
chr12	5125000	5130000	23.721922878059708	5127500
chr12	5130000	5135000	21.098579049459097	5132500
chr12	5135000	5140000	22.63760708480513	5137500
chr12	5140000	5145000	29.18373704603954	5142500
chr12	5145000	5150000	18.960749573254834	5147500
chr12	5150000	5155000	9.828695648263363	5152500
chr12	5155000	5160000	10.363779928152026	5157500
chr12	5160000	5165000	18.364136656275022	5162500
chr12	5165000	5170000	22.471082238822987	5167500
chr12	5170000	5175000	11.902043413686291	5172500
chr12	5175000	5180000	43.256833186426384	5177500
chr12	5180000	5185000	21.588647461729252	5182500
chr12	5185000	5190000	11.699594402979946	5187500
chr12	5190000	5195000	22.337583408265875	5192500
chr12	5195000	5200000	21.12020272379428	5197500
chr12	5200000	5205000	22.659361847012196	5202500
chr12	5205000	5210000	10.491310916642055	5207500
chr12	5210000	5215000	9.408420453533825	5212500
chr12	5215000	5220000	8.599583510335057	5217500
chr12	5220000	5225000	10.94994443491931	5222500
chr12	5225000	5230000	9.847236343143848	5227500
chr12	5230000	5235000	6.2597231773621385	5232500
chr12	5235000	5240000	9.154766288772814	5237500
chr12	5240000	5245000	6.6472587140073776	5242500
chr12	5245000	5250000	9.012542631324862	5247500
chr12	5250000	5255000	11.054094290976181	5252500
chr12	5255000	5260000	13.706634957388102	5257500
chr12	5260000	5265000	16.147238715657185	5262500
chr12	5265000	5270000	16.8205008178146	5267500
chr12	5270000	5275000	7.017702499834192	5272500
chr12	5275000	5280000	8.079808783606271	5277500
chr12	5280000	5285000	10.974593637021641	5282500
chr12	5285000	5290000	22.410563299865235	5287500
chr12	5290000	5295000	17.755645876690547	5292500
chr12	5295000	5300000	17.47452176866105	5297500
chr12	5300000	5305000	17.859359029513225	5302500
chr12	5305000	5310000	22.378289515557746	5307500
chr12	5310000	5315000	15.758309685323995	5312500
chr12	5315000	5320000	17.863416964324767	5317500
chr12	5320000	5325000	27.74747978382743	5322500
chr12	5325000	5330000	13.273577709971502	5327500
chr12	5330000	5335000	19.914472983801616	5332500
chr12	5335000	5340000	13.103541780341876	5337500
chr12	5340000	5345000	22.475562029769808	5342500
chr12	5345000	5350000	19.810261410941305	5347500
chr12	5350000	5355000	11.073807216454972	5352500
chr12	5355000	5360000	12.664434685711628	5357500
chr12	5360000	5365000	9.724474965412242	5362500
chr12	5365000	5370000	1.189862881656904	5367500
chr12	5370000	5375000	18.20474920121689	5372500
chr12	5375000	5380000	23.482168675950984	5377500
chr12	5380000	5385000	17.22536277952523	5382500
chr12	5385000	5390000	17.016990599417277	5387500
chr12	5390000	5395000	20.996001221911825	5392500
chr12	5395000	5400000	14.999173179486283	5397500
chr12	5400000	5405000	23.315836231409953	5402500
chr12	5405000	5410000	17.221778308795074	5407500
chr12	5410000	5415000	16.165176618334698	5412500
chr12	5415000	5420000	25.361667309745098	5417500
chr12	5420000	5425000	24.99532469135408	5422500
chr12	5425000	5430000	22.145572156835108	5427500
chr12	5430000	5435000	19.558754839439825	5432500
chr12	5435000	5440000	24.52103483814784	5437500
chr12	5440000	5445000	10.94486207814519	5442500
chr12	5445000	5450000	16.48305228112952	5447500
chr12	5450000	5455000	49.26908181145875	5452500
chr12	5455000	5460000	26.07586520047093	5457500
chr12	5460000	5465000	19.45953100675036	5462500
chr12	5465000	5470000	19.723584639347163	5467500
chr12	5470000	5475000	17.895390665426017	5472500
chr12	5475000	5480000	20.925985763140055	5477500
chr12	5480000	5485000	21.92538068461746	5482500
chr12	5485000	5490000	23.524612696698465	5487500
chr12	5490000	5495000	22.942146574515565	5492500
chr12	5495000	5500000	22.546070142118463	5497500
chr12	5500000	5505000	20.338156173255935	5502500
chr12	5505000	5510000	20.90807998677779	5507500
chr12	5510000	5515000	25.333291290715	5512500
chr12	5515000	5520000	23.210824119265602	5517500
chr12	5520000	5525000	24.90737315837007	5522500
chr12	5525000	5530000	23.23931876863265	5527500
chr12	5530000	5535000	24.757983116438904	5532500
chr12	5535000	5540000	22.73591933842715	5537500
chr12	5540000	5545000	21.67333225892935	5542500
chr12	5545000	5550000	25.00887851437943	5547500
chr12	5550000	5555000	19.698485282324302	5552500
chr12	5555000	5560000	21.015555800269187	5557500
chr12	5560000	5565000	19.93503330235947	5562500
chr12	5565000	5570000	18.75606026152003	5567500
chr12	5570000	5575000	14.860635068845303	5572500
chr12	5575000	5580000	16.744429155858843	5577500
chr12	5580000	5585000	15.248133185500768	5582500
chr12	5585000	5590000	19.5343428912084	5587500
chr12	5590000	5595000	16.95133057351064	5592500
chr12	5595000	5600000	14.088157727723313	5597500
chr12	5600000	5605000	16.006745918692783	5602500
chr12	5605000	5610000	17.15458117659435	5607500
chr12	5610000	5615000	17.141412784406576	5612500
chr12	5615000	5620000	20.385991463559144	5617500
chr12	5620000	5625000	20.730160364318568	5622500
chr12	5625000	5630000	17.43905214216357	5627500
chr12	5630000	5635000	25.366780997394365	5632500
chr12	5635000	5640000	26.61380191518569	5637500
chr12	5640000	5645000	14.069991923692415	5642500
chr12	5645000	5650000	20.29774592865163	5647500
chr12	5650000	5655000	25.12961523879225	5652500
chr12	5655000	5660000	18.00315603754299	5657500
chr12	5660000	5665000	19.579448600966696	5662500
chr12	5665000	5670000	11.137007123165706	5667500
chr12	5670000	5675000	12.444648545926027	5672500
chr12	5675000	5680000	15.11817309472962	5677500
chr12	5680000	5685000	25.396865555689594	5682500
chr12	5685000	5690000	22.015224454233337	5687500
chr12	5690000	5695000	18.946540656763414	5692500
chr12	5695000	5700000	14.9839842674347	5697500
chr12	5700000	5705000	18.964803161354403	5702500
chr12	5705000	5710000	16.73461193378679	5707500
chr12	5710000	5715000	23.262953681241644	5712500
chr12	5715000	5720000	23.160486944378196	5717500
chr12	5720000	5725000	22.18401452910411	5722500
chr12	5725000	5730000	31.72014385675994	5727500
chr12	5730000	5735000	22.07981117007787	5732500
chr12	5735000	5740000	26.59744856874569	5737500
chr12	5740000	5745000	19.9584025889311	5742500
chr12	5745000	5750000	20.21495670994442	5747500
chr12	5750000	5755000	24.861881600019952	5752500
chr12	5755000	5760000	22.971176753967185	5757500
chr12	5760000	5765000	31.682454581603487	5762500
chr12	5765000	5770000	34.237091068185705	5767500
chr12	5770000	5775000	25.36866798155158	5772500
chr12	5775000	5780000	18.789964554602584	5777500
chr12	5780000	5785000	17.829081854807526	5782500
chr12	5785000	5790000	18.36332035402441	5787500
chr12	5790000	5795000	12.076385387331422	5792500
chr12	5795000	5800000	17.540418270187146	5797500
chr12	5800000	5805000	14.65114660271264	5802500
chr12	5805000	5810000	12.13868318281237	5807500
chr12	5810000	5815000	14.921031180114552	5812500
chr12	5815000	5820000	15.50973240041661	5817500
chr12	5820000	5825000	22.789839558719084	5822500
chr12	5825000	5830000	18.834651375524384	5827500
chr12	5830000	5835000	19.310599770322206	5832500
chr12	5835000	5840000	20.97852542033597	5837500
chr12	5840000	5845000	26.02601676916795	5842500
chr12	5845000	5850000	20.078525298350606	5847500
chr12	5850000	5855000	23.563451729102326	5852500
chr12	5855000	5860000	26.37056987473838	5857500
chr12	5860000	5865000	27.395399535942023	5862500
chr12	5865000	5870000	24.912011391686995	5867500
chr12	5870000	5875000	22.959610925324156	5872500
chr12	5875000	5880000	22.552520092758872	5877500
chr12	5880000	5885000	20.562155939601322	5882500
chr12	5885000	5890000	21.372935128098433	5887500
chr12	5890000	5895000	18.73299041729639	5892500
chr12	5895000	5900000	20.789679299223387	5897500
chr12	5900000	5905000	23.478462642975277	5902500
chr12	5905000	5910000	26.662649359377976	5907500
chr12	5910000	5915000	24.44962527867835	5912500
chr12	5915000	5920000	25.419281142083783	5917500
chr12	5920000	5925000	40.05148326529702	5922500
chr12	5925000	5930000	30.411615112453156	5927500
chr12	5930000	5935000	37.89946045997081	5932500
chr12	5935000	5940000	14.791040324406142	5937500
chr12	5940000	5945000	25.12711365241319	5942500
chr12	5945000	5950000	29.299039218681322	5947500
chr12	5950000	5955000	25.357822247646098	5952500
chr12	5955000	5960000	23.57981508259017	5957500
chr12	5960000	5965000	20.270979428468284	5962500
chr12	5965000	5970000	14.69972522620637	5967500
chr12	5970000	5975000	17.79898548782671	5972500
chr12	5975000	5980000	19.113882809437936	5977500
chr12	5980000	5985000	27.149449395217626	5982500
chr12	5985000	5990000	19.983139916454977	5987500
chr12	5990000	5995000	18.17005511288831	5992500
chr12	5995000	6000000	31.24449590729229	5997500
chr12	6000000	6005000	26.806216977879096	6002500
chr12	6005000	6010000	22.34815809771745	6007500
chr12	6010000	6015000	24.900913172294675	6012500
chr12	6015000	6020000	44.14014175590624	6017500
chr12	6020000	6025000	26.963262910443543	6022500
chr12	6025000	6030000	34.36496469882907	6027500
chr12	6030000	6035000	42.184242270202326	6032500
chr12	6035000	6040000	37.967225078158485	6037500
chr12	6040000	6045000	33.817889238675505	6042500
chr12	6045000	6050000	37.32121385990865	6047500
chr12	6050000	6055000	29.874222077024676	6052500
chr12	6055000	6060000	31.751392443130403	6057500
chr12	6060000	6065000	25.41528256140357	6062500
chr12	6065000	6070000	25.110932810764695	6067500
chr12	6070000	6075000	21.021371676382184	6072500
chr12	6075000	6080000	26.819283119444766	6077500
chr12	6080000	6085000	27.96005934644553	6082500
chr12	6085000	6090000	29.164377205005504	6087500
chr12	6090000	6095000	34.636489499855045	6092500
chr12	6095000	6100000	15.979209142332722	6097500
chr12	6100000	6105000	14.960616854210013	6102500
chr12	6105000	6110000	15.659177006491163	6107500
chr12	6110000	6115000	13.019199100436403	6112500
chr12	6115000	6120000	12.48370003587972	6117500
chr12	6120000	6125000	14.475876377863159	6122500
chr12	6125000	6130000	16.66544011088748	6127500
chr12	6130000	6135000	17.761072584699793	6132500
chr12	6135000	6140000	20.98467740878804	6137500
chr12	6140000	6145000	13.374882442175972	6142500
chr12	6145000	6150000	16.402023133973884	6147500
chr12	6150000	6155000	24.822439876089426	6152500
chr12	6155000	6160000	22.238291048830725	6157500
chr12	6160000	6165000	18.71914127387763	6162500
chr12	6165000	6170000	29.928211752361953	6167500
chr12	6170000	6175000	15.743122790528242	6172500
chr12	6175000	6180000	21.41587072380876	6177500
chr12	6180000	6185000	31.282395165512078	6182500
chr12	6185000	6190000	27.974781627108737	6187500
chr12	6190000	6195000	25.324726953944946	6192500
chr12	6195000	6200000	37.32298117008203	6197500
chr12	6200000	6205000	19.114223669909617	6202500
chr12	6205000	6210000	13.159950669626918	6207500
chr12	6210000	6215000	14.52148660485191	6212500
chr12	6215000	6220000	16.12525266984347	6217500
chr12	6220000	6225000	24.237011673634424	6222500
chr12	6225000	6230000	19.831065424058192	6227500
chr12	6230000	6235000	16.396530410150163	6232500
chr12	6235000	6240000	21.043805253578732	6237500
chr12	6240000	6245000	27.144288705866412	6242500
chr12	6245000	6250000	26.822487793984475	6247500
chr12	6250000	6255000	22.032573821944297	6252500
chr12	6255000	6260000	14.098083920608204	6257500
chr12	6260000	6265000	14.651471217649473	6262500
chr12	6265000	6270000	20.399434351794515	6267500
chr12	6270000	6275000	20.518166541119673	6272500
chr12	6275000	6280000	25.247984665745516	6277500
chr12	6280000	6285000	18.94883546356893	6282500
chr12	6285000	6290000	16.463550897552288	6287500
chr12	6290000	6295000	20.10184661509613	6292500
chr12	6295000	6300000	25.3661985152765	6297500
chr12	6300000	6305000	23.264859558307876	6302500
chr12	6305000	6310000	21.99641461311111	6307500
chr12	6310000	6315000	20.824128613705792	6312500
chr12	6315000	6320000	23.96365263212179	6317500
chr12	6320000	6325000	22.61640593764435	6322500
chr12	6325000	6330000	13.435545270350636	6327500
chr12	6330000	6335000	16.835013020253786	6332500
chr12	6335000	6340000	22.443584112965837	6337500
chr12	6340000	6345000	18.312842458615453	6342500
chr12	6345000	6350000	16.86567132154111	6347500
chr12	6350000	6355000	12.978076562139853	6352500
chr12	6355000	6360000	13.72286897545356	6357500
chr12	6360000	6365000	13.354604982897147	6362500
chr12	6365000	6370000	10.380548018617349	6367500
chr12	6370000	6375000	13.574450824952956	6372500
chr12	6375000	6380000	22.282477335977692	6377500
chr12	6380000	6385000	19.864976038178455	6382500
chr12	6385000	6390000	13.751572432729574	6387500
chr12	6390000	6395000	12.161133408354358	6392500
chr12	6395000	6400000	12.30505995626651	6397500
chr12	6400000	6405000	15.8851911725155	6402500
chr12	6405000	6410000	13.063500867971172	6407500
chr12	6410000	6415000	13.191196425679005	6412500
chr12	6415000	6420000	13.416738294901272	6417500
chr12	6420000	6425000	15.330418592026506	6422500
chr12	6425000	6430000	14.227017150903183	6427500
chr12	6430000	6435000	11.56448749314434	6432500
chr12	6435000	6440000	14.173097238331057	6437500
chr12	6440000	6445000	12.017104020928121	6442500
chr12	6445000	6450000	12.872479930852315	6447500
chr12	6450000	6455000	13.636154250825475	6452500
chr12	6455000	6460000	12.874579426476046	6457500
chr12	6460000	6465000	14.159574831451625	6462500
chr12	6465000	6470000	15.90126327753509	6467500
chr12	6470000	6475000	14.7898274443624	6472500
chr12	6475000	6480000	14.328311236058642	6477500
chr12	6480000	6485000	12.860692638949468	6482500
chr12	6485000	6490000	15.77179778817588	6487500
chr12	6490000	6495000	17.381439508803705	6492500
chr12	6495000	6500000	14.876806267326677	6497500
chr12	6500000	6505000	15.842984079645689	6502500
chr12	6505000	6510000	17.093371831816807	6507500
chr12	6510000	6515000	26.27956226295375	6512500
chr12	6515000	6520000	15.98231203948848	6517500
chr12	6520000	6525000	14.4602937618313	6522500
chr12	6525000	6530000	16.409147320643033	6527500
chr12	6530000	6535000	14.380957153402344	6532500
chr12	6535000	6540000	9.952783420408759	6537500
chr12	6540000	6545000	11.134108384046772	6542500
chr12	6545000	6550000	11.332882417119999	6547500
chr12	6550000	6555000	7.1243157190692346	6552500
chr12	6555000	6560000	7.297371587734284	6557500
chr12	6560000	6565000	13.573300765721388	6562500
chr12	6565000	6570000	18.868386352309393	6567500
chr12	6570000	6575000	20.363504120559632	6572500
chr12	6575000	6580000	13.885154526518487	6577500
chr12	6580000	6585000	7.335636477793308	6582500
chr12	6585000	6590000	17.82861172166966	6587500
chr12	6590000	6595000	13.646927878985426	6592500
chr12	6595000	6600000	20.671547099564805	6597500
chr12	6600000	6605000	11.567528555695581	6602500
chr12	6605000	6610000	17.568618668969254	6607500
chr12	6610000	6615000	46.002924086183455	6612500
chr12	6615000	6620000	23.15955619783327	6617500
chr12	6620000	6625000	13.818903576473625	6622500
chr12	6625000	6630000	20.737801541597136	6627500
chr12	6630000	6635000	11.562234082659746	6632500
chr12	6635000	6640000	9.215138641652207	6637500
chr12	6640000	6645000	8.272950038987329	6642500
chr12	6645000	6650000	19.151941946223147	6647500
chr12	6650000	6655000	9.78699980968045	6652500
chr12	6655000	6660000	7.051366740120672	6657500
chr12	6660000	6665000	5.438495355667583	6662500
chr12	6665000	6670000	3.254580323233449	6667500
chr12	6670000	6675000	9.513402388016669	6672500
chr12	6675000	6680000	22.32010010221218	6677500
chr12	6680000	6685000	6.711221668312252	6682500
chr12	6685000	6690000	3.245772346180985	6687500
chr12	6690000	6695000	3.0965620088778403	6692500
chr12	6695000	6700000	7.573892974314342	6697500
chr12	6700000	6705000	7.146745123066282	6702500
chr12	6705000	6710000	6.434401409785001	6707500
chr12	6710000	6715000	15.57781575834421	6712500
chr12	6715000	6720000	26.970894208924598	6717500
chr12	6720000	6725000	32.64004083280148	6722500
chr12	6725000	6730000	31.3142681111631	6727500
chr12	6730000	6735000	20.659910492465553	6732500
chr12	6735000	6740000	22.486046430502107	6737500
chr12	6740000	6745000	19.597309332601387	6742500
chr12	6745000	6750000	12.092090312749601	6747500
chr12	6750000	6755000	18.354019971591253	6752500
chr12	6755000	6760000	11.187906620283218	6757500
chr12	6760000	6765000	9.423268955869345	6762500
chr12	6765000	6770000	9.592193847199084	6767500
chr12	6770000	6775000	6.094059982578673	6772500
chr12	6775000	6780000	8.068712361965797	6777500
chr12	6780000	6785000	6.937086995888384	6782500
chr12	6785000	6790000	16.33814920797475	6787500
chr12	6790000	6795000	6.8142596651632195	6792500
chr12	6795000	6800000	5.663964185280166	6797500
chr12	6800000	6805000	18.271935996108635	6802500
chr12	6805000	6810000	13.497084639756016	6807500
chr12	6810000	6815000	21.558294639977067	6812500
chr12	6815000	6820000	17.53948294232333	6817500
chr12	6820000	6825000	20.731469566404954	6822500
chr12	6825000	6830000	35.86662621473894	6827500
chr12	6830000	6835000	31.862665089029424	6832500
chr12	6835000	6840000	17.777037331752442	6837500
chr12	6840000	6845000	26.994919127428094	6842500
chr12	6845000	6850000	5.5171827374147515	6847500
chr12	6850000	6855000	7.393668770236694	6852500
chr12	6855000	6860000	12.313886505864566	6857500
chr12	6860000	6865000	22.316491700596377	6862500
chr12	6865000	6870000	9.933146747893922	6867500
chr12	6870000	6875000	6.000026237915449	6872500
chr12	6875000	6880000	33.33968195500598	6877500
chr12	6880000	6885000	12.981785500082744	6882500
chr12	6885000	6890000	16.595469864544985	6887500
chr12	6890000	6895000	29.022186545730495	6892500
chr12	6895000	6900000	11.41835340084521	6897500
chr12	6900000	6905000	7.427786728016863	6902500
chr12	6905000	6910000	9.997877336793083	6907500
chr12	6910000	6915000	19.8049713568	6912500
chr12	6915000	6920000	4.753926214774231	6917500
chr12	6920000	6925000	16.567984491114565	6922500
chr12	6925000	6930000	17.84533134101611	6927500
chr12	6930000	6935000	20.818475896831416	6932500
chr12	6935000	6940000	26.483527381207793	6937500
chr12	6940000	6945000	16.79663803422665	6942500
chr12	6945000	6950000	27.233756187875528	6947500
chr12	6950000	6955000	24.359272908411796	6952500
chr12	6955000	6960000	29.682518522680258	6957500
chr12	6960000	6965000	19.2677572944182	6962500
chr12	6965000	6970000	16.051878524510478	6967500
chr12	6970000	6975000	33.07318911853859	6972500
chr12	6975000	6980000	46.766678627897605	6977500
chr12	6980000	6985000	19.744063803874266	6982500
chr12	6985000	6990000	17.23286314185244	6987500
chr12	6990000	6995000	11.836040708510364	6992500
chr12	6995000	7000000	10.422451382180427	6997500
chr12	7000000	7005000	10.804427577634367	7002500
chr12	7005000	7010000	10.099297014581348	7007500
chr12	7010000	7015000	5.288519591821632	7012500
chr12	7015000	7020000	6.720238500162969	7017500
chr12	7020000	7025000	22.77437723532348	7022500
chr12	7025000	7030000	11.079073111186354	7027500
chr12	7030000	7035000	5.521792532473158	7032500
chr12	7035000	7040000	8.41600091187519	7037500
chr12	7040000	7045000	29.82260338635742	7042500
chr12	7045000	7050000	9.559320628514918	7047500
chr12	7050000	7055000	6.524117631147859	7052500
chr12	7055000	7060000	9.408735282793497	7057500
chr12	7060000	7065000	4.71122837669562	7062500
chr12	7065000	7070000	3.9529594798677303	7067500
chr12	7070000	7075000	3.831057216580489	7072500
chr12	7075000	7080000	24.740567908376967	7077500
chr12	7080000	7085000	8.581251506467867	7082500
chr12	7085000	7090000	23.25891460035105	7087500
chr12	7090000	7095000	22.370747706847574	7092500
chr12	7095000	7100000	6.812403298339967	7097500
chr12	7100000	7105000	3.087265578419623	7102500
chr12	7105000	7110000	4.376235920426026	7107500
chr12	7110000	7115000	4.8522957783112615	7112500
chr12	7115000	7120000	5.983469826519918	7117500
chr12	7120000	7125000	5.390305107963541	7122500
chr12	7125000	7130000	2.5071357821706957	7127500
chr12	7130000	7135000	4.781745949583773	7132500
chr12	7135000	7140000	7.526098123078698	7137500
chr12	7140000	7145000	5.97183932090382	7142500
chr12	7145000	7150000	4.2885145318917255	7147500
chr12	7150000	7155000	2.6758250824171452	7152500
chr12	7155000	7160000	3.6087416605864577	7157500
chr12	7160000	7165000	4.624309891773168	7162500
chr12	7165000	7170000	4.513515871955358	7167500
chr12	7170000	7175000	8.368697419035646	7172500
chr12	7175000	7180000	7.2970607512137775	7177500
chr12	7180000	7185000	7.177400497212104	7182500
chr12	7185000	7190000	8.790609190265247	7187500
chr12	7190000	7195000	13.272429552059574	7192500
chr12	7195000	7200000	6.529446418448114	7197500
chr12	7200000	7205000	10.524598997926248	7202500
chr12	7205000	7210000	9.55673103500559	7207500
chr12	7210000	7215000	8.65846114364464	7212500
chr12	7215000	7220000	8.391263156459775	7217500
chr12	7220000	7225000	7.764833594863071	7222500
chr12	7225000	7230000	16.609900495497882	7227500
chr12	7230000	7235000	14.338930751424163	7232500
chr12	7235000	7240000	8.37617651790158	7237500
chr12	7240000	7245000	7.334574273010624	7242500
chr12	7245000	7250000	8.965263412888572	7247500
chr12	7250000	7255000	6.272688858223174	7252500
chr12	7255000	7260000	7.834589463233714	7257500
chr12	7260000	7265000	9.119793881900339	7262500
chr12	7265000	7270000	8.314159216302	7267500
chr12	7270000	7275000	13.94271788756129	7272500
chr12	7275000	7280000	9.79637349252977	7277500
chr12	7280000	7285000	9.04428037166106	7282500
chr12	7285000	7290000	9.861727294806132	7287500
chr12	7290000	7295000	9.740732301884652	7292500
chr12	7295000	7300000	11.108908652709468	7297500
chr12	7300000	7305000	5.47941393245273	7302500
chr12	7305000	7310000	7.235179284066887	7307500
chr12	7310000	7315000	9.382018683828834	7312500
chr12	7315000	7320000	11.185780545434922	7317500
chr12	7320000	7325000	5.961446089711724	7322500
chr12	7325000	7330000	5.398025780211028	7327500
chr12	7330000	7335000	5.923244951377069	7332500
chr12	7335000	7340000	4.534786682215389	7337500
chr12	7340000	7345000	5.091785431061463	7342500
chr12	7345000	7350000	4.451888077858868	7347500
chr12	7350000	7355000	9.316554975060281	7352500
chr12	7355000	7360000	13.185029770182107	7357500
chr12	7360000	7365000	6.889151455978367	7362500
chr12	7365000	7370000	5.111889973530412	7367500
chr12	7370000	7375000	10.240680570190506	7372500
chr12	7390000	7395000	8.836403040362745	7392500
chr12	7405000	7410000	8.836403040362738	7407500
chr12	7410000	7415000	2.41273335899324	7412500
chr12	7415000	7420000	10.943662032929822	7417500
chr12	7420000	7425000	3.132097664187314	7422500
chr12	7425000	7430000	2.9356027123979387	7427500
chr12	7430000	7435000	4.482116536961491	7432500
chr12	7435000	7440000	7.567452748691416	7437500
chr12	7440000	7445000	6.405190240434897	7442500
chr12	7445000	7450000	1.90932507759998	7447500
chr12	7450000	7455000	1.4594877554683177	7452500
chr12	7455000	7460000	2.668301123424597	7457500
chr12	7460000	7465000	8.91528927494047	7462500
chr12	7465000	7470000	14.111288682658813	7467500
chr12	7470000	7475000	6.507002478864255	7472500
chr12	7475000	7480000	4.172771966254361	7477500
chr12	7480000	7485000	3.94663894926589	7482500
chr12	7485000	7490000	4.008394687311636	7487500
chr12	7490000	7495000	4.9545712897585545	7492500
chr12	7495000	7500000	10.460996099483253	7497500
chr12	7500000	7505000	20.540985280727	7502500
chr12	7505000	7510000	14.368789245465958	7507500
chr12	7510000	7515000	13.815854998189046	7512500
chr12	7515000	7520000	14.019052412207996	7517500
chr12	7520000	7525000	13.54179938314561	7522500
chr12	7525000	7530000	7.395840573827125	7527500
chr12	7530000	7535000	4.7580011767191	7532500
chr12	7535000	7540000	9.298681478379775	7537500
chr12	7540000	7545000	7.11155914554639	7542500
chr12	7545000	7550000	15.729538415111497	7547500
chr12	7550000	7555000	4.627135718066718	7552500
chr12	7555000	7560000	4.735497320200699	7557500
chr12	7560000	7565000	5.869756741713058	7562500
chr12	7565000	7570000	8.29550408405432	7567500
chr12	7570000	7575000	8.527203331155516	7572500
chr12	7575000	7580000	9.290398071511794	7577500
chr12	7580000	7585000	15.9681819804055	7582500
chr12	7585000	7590000	6.474323792671713	7587500
chr12	7590000	7595000	2.6930444594641516	7592500
chr12	7595000	7600000	3.555725402840192	7597500
chr12	7600000	7605000	4.123353744814318	7602500
chr12	7605000	7610000	16.590147413071755	7607500
chr12	7610000	7615000	10.330128455044125	7612500
chr12	7615000	7620000	12.853866521403985	7617500
chr12	7620000	7625000	5.673794592713421	7622500
chr12	7625000	7630000	2.955107399571634	7627500
chr12	7630000	7635000	4.376980055509773	7632500
chr12	7635000	7640000	3.530725678578377	7637500
chr12	7640000	7645000	3.498260507518222	7642500
chr12	7645000	7650000	2.8399300069598956	7647500
chr12	7650000	7655000	3.8735113179109657	7652500
chr12	7655000	7660000	3.719646274880841	7657500
chr12	7660000	7665000	4.426469455757191	7662500
chr12	7665000	7670000	3.1358505103430705	7667500
chr12	7670000	7675000	1.776095822812745	7672500
chr12	7675000	7680000	4.196218529884259	7677500
chr12	7680000	7685000	9.837330554086444	7682500
chr12	7685000	7690000	8.550092135611974	7687500
chr12	7690000	7695000	13.11184207254944	7692500
chr12	7695000	7700000	6.542231193245352	7697500
chr12	7700000	7705000	5.200186061913441	7702500
chr12	7705000	7710000	5.982960940882093	7707500
chr12	7710000	7715000	10.495111062666199	7712500
chr12	7715000	7720000	13.555027989405335	7717500
chr12	7720000	7725000	5.425108911939351	7722500
chr12	7725000	7730000	7.539699073462598	7727500
chr12	7730000	7735000	11.478057290800843	7732500
chr12	7735000	7740000	21.404877945364056	7737500
chr12	7740000	7745000	8.867344907301622	7742500
chr12	7745000	7750000	5.705955165942709	7747500
chr12	7750000	7755000	8.340593019619408	7752500
chr12	7755000	7760000	7.340375352720813	7757500
chr12	7760000	7765000	8.737470162252523	7762500
chr12	7765000	7770000	5.086939717094717	7767500
chr12	7770000	7775000	5.192987458758683	7772500
chr12	7775000	7780000	5.960732408431038	7777500
chr12	7780000	7785000	3.395402863967714	7782500
chr12	7785000	7790000	6.881189723392999	7787500
chr12	7790000	7795000	7.993805781736762	7792500
chr12	7795000	7800000	10.425316216683436	7797500
chr12	7800000	7805000	6.142951975203949	7802500
chr12	7805000	7810000	8.675200337641717	7807500
chr12	7810000	7815000	20.56417676300722	7812500
chr12	7815000	7820000	10.244091850001183	7817500
chr12	7820000	7825000	9.078508829629547	7822500
chr12	7825000	7830000	5.036045296834199	7827500
chr12	7830000	7835000	5.160208518000494	7832500
chr12	7835000	7840000	3.4567500550876065	7837500
chr12	7840000	7845000	2.4236284054140294	7842500
chr12	7845000	7850000	2.129732624104158	7847500
chr12	7850000	7855000	2.3090473195153343	7852500
chr12	7855000	7860000	6.2081738428831645	7857500
chr12	7860000	7865000	5.48560750592025	7862500
chr12	7865000	7870000	4.547882822677417	7867500
chr12	7870000	7875000	2.06264902357757	7872500
chr12	7875000	7880000	2.144955380458408	7877500
chr12	7880000	7885000	7.211705124361287	7882500
chr12	7885000	7890000	9.250051760594445	7887500
chr12	7890000	7895000	8.076274970765136	7892500
chr12	7895000	7900000	5.512505137684226	7897500
chr12	7900000	7905000	7.126515422386753	7902500
chr12	7905000	7910000	16.05907317496772	7907500
chr12	7910000	7915000	8.742066437326844	7912500
chr12	7915000	7920000	6.567492432875881	7917500
chr12	7920000	7925000	5.955296435048515	7922500
chr12	7925000	7930000	4.605562509983037	7927500
chr12	7930000	7935000	4.976995099822862	7932500
chr12	7935000	7940000	9.506757810763798	7937500
chr12	7940000	7945000	24.77130489695384	7942500
chr12	7945000	7950000	7.082732780533125	7947500
chr12	7950000	7955000	5.838166706222885	7952500
chr12	7955000	7960000	8.516174786431366	7957500
chr12	7960000	7965000	7.647777200556187	7962500
chr12	7965000	7970000	7.971312642705971	7967500
chr12	7970000	7975000	10.395324750680631	7972500
chr12	7975000	7980000	14.164515817725762	7977500
chr12	7980000	7985000	12.567655214011692	7982500
chr12	7985000	7990000	17.50461433372198	7987500
chr12	7990000	7995000	8.053733621390858	7992500
chr12	7995000	8000000	10.666021960163519	7997500
chr12	8000000	8005000	7.125015552070239	8002500
chr12	8005000	8010000	9.997071612958692	8007500
chr12	8010000	8015000	4.827652882753643	8012500
chr12	8015000	8020000	11.416112640777236	8017500
chr12	8020000	8025000	7.7367869366042825	8022500
chr12	8025000	8030000	13.602637910950543	8027500
chr12	8030000	8035000	19.179339412931796	8032500
chr12	8035000	8040000	11.452345566955854	8037500
chr12	8040000	8045000	11.045222556082228	8042500
chr12	8045000	8050000	7.6718645135405685	8047500
chr12	8050000	8055000	5.1247920219824525	8052500
chr12	8055000	8060000	11.025136546351355	8057500
chr12	8060000	8065000	11.12126889223971	8062500
chr12	8065000	8070000	8.21317900425651	8067500
chr12	8070000	8075000	8.727779134925132	8072500
chr12	8075000	8080000	6.355362311329568	8077500
chr12	8080000	8085000	8.848367222203205	8082500
chr12	8085000	8090000	6.871465160095985	8087500
chr12	8090000	8095000	18.845708623073815	8092500
chr12	8095000	8100000	8.013334313576928	8097500
chr12	8100000	8105000	13.865322452360859	8102500
chr12	8105000	8110000	15.14505179819791	8107500
chr12	8110000	8115000	13.957326340740854	8112500
chr12	8115000	8120000	11.80646706779399	8117500
chr12	8120000	8125000	3.579592283197499	8122500
chr12	8125000	8130000	4.074794566165899	8127500
chr12	8130000	8135000	3.8876346600060585	8132500
chr12	8135000	8140000	5.215660199329258	8137500
chr12	8140000	8145000	4.812244569850307	8142500
chr12	8145000	8150000	12.227362445111199	8147500
chr12	8150000	8155000	4.056662743276165	8152500
chr12	8155000	8160000	2.7244133233627914	8157500
chr12	8160000	8165000	3.93331536434942	8162500
chr12	8165000	8170000	9.093286163175259	8167500
chr12	8170000	8175000	19.697203200243393	8172500
chr12	8175000	8180000	13.24086805649352	8177500
chr12	8180000	8185000	14.27778167321691	8182500
chr12	8185000	8190000	7.425340609904209	8187500
chr12	8190000	8195000	2.7322317126043054	8192500
chr12	8195000	8200000	2.045659663029886	8197500
chr12	8200000	8205000	2.437665973173071	8202500
chr12	8205000	8210000	5.334438227817205	8207500
chr12	8210000	8215000	6.629827817165897	8212500
chr12	8215000	8220000	3.1923639589402932	8217500
chr12	8220000	8225000	2.615317745467707	8222500
chr12	8225000	8230000	2.098729988238457	8227500
chr12	8230000	8235000	1.7007662693439052	8232500
chr12	8235000	8240000	3.2600001652746182	8237500
chr12	8240000	8245000	2.904649955758323	8242500
chr12	8245000	8250000	4.09449817600606	8247500
chr12	8250000	8255000	5.372027918772555	8252500
chr12	8255000	8260000	5.526066778104757	8257500
chr12	8260000	8265000	2.8662107434004755	8262500
chr12	8265000	8270000	5.760845468227947	8267500
chr12	8270000	8275000	5.08383624802347	8272500
chr12	8275000	8280000	3.343232312766791	8277500
chr12	8280000	8285000	3.3035410799629785	8282500
chr12	8285000	8290000	3.5419726969230054	8287500
chr12	8290000	8295000	4.2942583013888935	8292500
chr12	8295000	8300000	7.952495594356546	8297500
chr12	8300000	8305000	1.7754861016120573	8302500
chr12	8305000	8310000	2.109403484273216	8307500
chr12	8310000	8315000	3.088642352398929	8312500
chr12	8315000	8320000	3.084932848147716	8317500
chr12	8320000	8325000	4.061770893856477	8322500
chr12	8325000	8330000	25.383210251578074	8327500
chr12	8330000	8335000	6.679249418455643	8332500
chr12	8335000	8340000	13.697479856170855	8337500
chr12	8340000	8345000	11.21785000861465	8342500
chr12	8345000	8350000	12.508574861109912	8347500
chr12	8350000	8355000	7.025139127774744	8352500
chr12	8355000	8360000	6.050387102967397	8357500
chr12	8360000	8365000	7.7458750551212106	8362500
chr12	8365000	8370000	7.599457952998612	8367500
chr12	8370000	8375000	5.164270008913574	8372500
chr12	8375000	8380000	3.061968744744827	8377500
chr12	8380000	8385000	3.778289660690844	8382500
chr12	8385000	8390000	3.1368872906698213	8387500
chr12	8390000	8395000	7.528623306992654	8392500
chr12	8395000	8400000	10.408458351676497	8397500
chr12	8400000	8405000	10.012660012653926	8402500
chr12	8405000	8410000	8.515384222904348	8407500
chr12	8410000	8415000	4.112117795939701	8412500
chr12	8415000	8420000	6.461153871017537	8417500
chr12	8420000	8425000	9.505003435576596	8422500
chr12	8425000	8430000	9.698046061607224	8427500
chr12	8430000	8435000	4.542974978850433	8432500
chr12	8435000	8440000	10.62221487784501	8437500
chr12	8440000	8445000	7.861240830901482	8442500
chr12	8445000	8450000	4.644487085490813	8447500
chr12	8450000	8455000	4.79871774698279	8452500
chr12	8455000	8460000	6.570582978922057	8457500
chr12	8460000	8465000	6.135437892939338	8462500
chr12	8465000	8470000	5.334318677365111	8467500
chr12	8470000	8475000	4.590172857543497	8472500
chr12	8475000	8480000	6.489530743575213	8477500
chr12	8480000	8485000	4.563199865482885	8482500
chr12	8485000	8490000	6.131071839959698	8487500
chr12	8490000	8495000	4.979095502602987	8492500
chr12	8495000	8500000	5.54935787120745	8497500
chr12	8500000	8505000	7.615184644472216	8502500
chr12	8505000	8510000	10.230737509429325	8507500
chr12	8510000	8515000	3.1152972797341625	8512500
chr12	8515000	8520000	4.648916716288132	8517500
chr12	8520000	8525000	3.7034879886746888	8522500
chr12	8525000	8530000	4.22998595456387	8527500
chr12	8530000	8535000	5.586318826003656	8532500
chr12	8535000	8540000	4.05131683689901	8537500
chr12	8540000	8545000	5.620124779506913	8542500
chr12	8545000	8550000	2.7586885244749313	8547500
chr12	8550000	8555000	2.916555574779183	8552500
chr12	8555000	8560000	4.210713776434142	8557500
chr12	8560000	8565000	2.6395054220585084	8562500
chr12	8565000	8570000	4.738392258891424	8567500
chr12	8570000	8575000	3.2938086829293263	8572500
chr12	8575000	8580000	3.8579042318241714	8577500
chr12	8580000	8585000	3.8533447828030805	8582500
chr12	8585000	8590000	4.45807392929069	8587500
chr12	8590000	8595000	3.4922731376100224	8592500
chr12	8595000	8600000	3.920719825155501	8597500
chr12	8600000	8605000	13.08975118466816	8602500
chr12	8605000	8610000	15.393817445130937	8607500
chr12	8610000	8615000	9.153584507344574	8612500
chr12	8615000	8620000	5.011011276490387	8617500
chr12	8620000	8625000	17.347925592276376	8622500
chr12	8625000	8630000	4.58620599492877	8627500
chr12	8630000	8635000	2.4788287908495086	8632500
chr12	8635000	8640000	4.308793286632666	8637500
chr12	8640000	8645000	1.576510142441641	8642500
chr12	8645000	8650000	2.1824463610042515	8647500
chr12	8650000	8655000	5.993472284180656	8652500
chr12	8655000	8660000	5.9260970002374185	8657500
chr12	8660000	8665000	9.867147656620066	8662500
chr12	8665000	8670000	3.0255318109050915	8667500
chr12	8670000	8675000	4.444037007105111	8672500
chr12	8675000	8680000	3.8794838924169284	8677500
chr12	8680000	8685000	5.745653408922121	8682500
chr12	8685000	8690000	8.209736648117085	8687500
chr12	8690000	8695000	14.724513719702257	8692500
chr12	8695000	8700000	8.889715160200723	8697500
chr12	8700000	8705000	6.212218880012214	8702500
chr12	8705000	8710000	8.184796915126613	8707500
chr12	8710000	8715000	6.127325483896731	8712500
chr12	8715000	8720000	3.4842493777304675	8717500
chr12	8720000	8725000	4.309194285704119	8722500
chr12	8725000	8730000	8.249752897129454	8727500
chr12	8730000	8735000	7.709020947509558	8732500
chr12	8735000	8740000	6.139202187629663	8737500
chr12	8740000	8745000	8.974846266489005	8742500
chr12	8745000	8750000	9.272115183938535	8747500
chr12	8750000	8755000	8.90804989804546	8752500
chr12	8755000	8760000	7.54555412494337	8757500
chr12	8760000	8765000	8.917766453729143	8762500
chr12	8765000	8770000	8.389387179356167	8767500
chr12	8770000	8775000	5.8865158423043855	8772500
chr12	8775000	8780000	8.680616465103139	8777500
chr12	8780000	8785000	8.63074583847586	8782500
chr12	8785000	8790000	11.35860876346628	8787500
chr12	8790000	8795000	11.464213324940017	8792500
chr12	8795000	8800000	20.069080594630655	8797500
chr12	8800000	8805000	19.490468345015774	8802500
chr12	8805000	8810000	28.848234098236237	8807500
chr12	8810000	8815000	10.396148909579388	8812500
chr12	8815000	8820000	16.705911003124868	8817500
chr12	8820000	8825000	13.59290935035022	8822500
chr12	8825000	8830000	12.664887244157773	8827500
chr12	8830000	8835000	35.27348233738667	8832500
chr12	8835000	8840000	14.494191159983627	8837500
chr12	8840000	8845000	15.267867820445261	8842500
chr12	8845000	8850000	11.04913566453908	8847500
chr12	8850000	8855000	15.35647656324615	8852500
chr12	8855000	8860000	17.9822981651167	8857500
chr12	8860000	8865000	14.417785273695221	8862500
chr12	8865000	8870000	12.645511628148782	8867500
chr12	8870000	8875000	19.67072508343371	8872500
chr12	8875000	8880000	23.375194463850764	8877500
chr12	8880000	8885000	30.265936296239374	8882500
chr12	8885000	8890000	14.965486192802274	8887500
chr12	8890000	8895000	11.375281142026498	8892500
chr12	8895000	8900000	7.889085931772491	8897500
chr12	8900000	8905000	11.377755067705731	8902500
chr12	8905000	8910000	9.715469921045969	8907500
chr12	8910000	8915000	4.629764140164135	8912500
chr12	8915000	8920000	13.297292881245697	8917500
chr12	8920000	8925000	10.18491871698141	8922500
chr12	8925000	8930000	7.269825966777871	8927500
chr12	8930000	8935000	4.933229158058556	8932500
chr12	8935000	8940000	9.56469527338623	8937500
chr12	8940000	8945000	6.725223891928235	8942500
chr12	8945000	8950000	5.43436764452353	8947500
chr12	8950000	8955000	4.652500240291042	8952500
chr12	8955000	8960000	5.245075447719482	8957500
chr12	8960000	8965000	15.780529253143513	8962500
chr12	8965000	8970000	26.94079349231224	8967500
chr12	8970000	8975000	12.377802852421706	8972500
chr12	8975000	8980000	5.730613998548969	8977500
chr12	8980000	8985000	6.42212764564494	8982500
chr12	8985000	8990000	4.802697133782404	8987500
chr12	8990000	8995000	4.424404457490231	8992500
chr12	8995000	9000000	5.98804137381854	8997500
chr12	9000000	9005000	8.383401637466996	9002500
chr12	9005000	9010000	7.929353794414804	9007500
chr12	9010000	9015000	8.72542454492439	9012500
chr12	9015000	9020000	15.192997058738602	9017500
chr12	9020000	9025000	11.72442144184682	9022500
chr12	9025000	9030000	8.648089181835791	9027500
chr12	9030000	9035000	14.804356147327722	9032500
chr12	9035000	9040000	12.006722462307986	9037500
chr12	9040000	9045000	7.206326406818111	9042500
chr12	9045000	9050000	7.697881460939356	9047500
chr12	9050000	9055000	11.410991071606109	9052500
chr12	9055000	9060000	9.932655082362686	9057500
chr12	9060000	9065000	5.092001658672132	9062500
chr12	9065000	9070000	6.815444943493065	9067500
chr12	9070000	9075000	10.404682218343337	9072500
chr12	9075000	9080000	9.467293157699316	9077500
chr12	9080000	9085000	6.996204961794163	9082500
chr12	9085000	9090000	3.812429843092429	9087500
chr12	9090000	9095000	5.358447642557011	9092500
chr12	9095000	9100000	6.1282473948350695	9097500
chr12	9100000	9105000	7.669038651560167	9102500
chr12	9105000	9110000	15.54782412064871	9107500
chr12	9110000	9115000	16.673758000091734	9112500
chr12	9115000	9120000	23.65353589568332	9117500
chr12	9120000	9125000	20.378982579751042	9122500
chr12	9125000	9130000	15.335913547451748	9127500
chr12	9130000	9135000	22.227850965658128	9132500
chr12	9135000	9140000	23.698420904218644	9137500
chr12	9140000	9145000	27.076838257823038	9142500
chr12	9145000	9150000	21.231711535180906	9147500
chr12	9150000	9155000	15.154564457871258	9152500
chr12	9155000	9160000	20.916143319605748	9157500
chr12	9160000	9165000	35.08075694014732	9162500
chr12	9165000	9170000	17.34416292752532	9167500
chr12	9170000	9175000	15.98756203323473	9172500
chr12	9175000	9180000	22.327978268686227	9177500
chr12	9180000	9185000	28.099118612183165	9182500
chr12	9185000	9190000	26.261899921762225	9187500
chr12	9190000	9195000	16.792540543241568	9192500
chr12	9195000	9200000	19.27190446324717	9197500
chr12	9200000	9205000	6.82923591400626	9202500
chr12	9205000	9210000	7.174749216407654	9207500
chr12	9210000	9215000	7.68921841392162	9212500
chr12	9215000	9220000	11.628545570542862	9217500
chr12	9220000	9225000	10.434285913007075	9222500
chr12	9225000	9230000	9.239141183292167	9227500
chr12	9230000	9235000	7.742631595024258	9232500
chr12	9235000	9240000	7.220755151883054	9237500
chr12	9240000	9245000	9.56009625173548	9242500
chr12	9245000	9250000	8.455162667501687	9247500
chr12	9250000	9255000	5.889374557323491	9252500
chr12	9255000	9260000	3.8504480561449386	9257500
chr12	9260000	9265000	5.70972838423984	9262500
chr12	9265000	9270000	6.217653562526475	9267500
chr12	9270000	9275000	3.769591859039926	9272500
chr12	9275000	9280000	20.182168442196108	9277500
chr12	9280000	9285000	6.207401455125913	9282500
chr12	9285000	9290000	3.7167542691872115	9287500
chr12	9290000	9295000	5.137339795943222	9292500
chr12	9295000	9300000	2.6248701588762713	9297500
chr12	9300000	9305000	2.4912027600928033	9302500
chr12	9305000	9310000	5.025049206323094	9307500
chr12	9310000	9315000	16.300117667329545	9312500
chr12	9315000	9320000	7.143560202425578	9317500
chr12	9320000	9325000	4.507613575167199	9322500
chr12	9325000	9330000	5.337394387747512	9327500
chr12	9330000	9335000	5.952793097538078	9332500
chr12	9335000	9340000	6.502804072815763	9337500
chr12	9340000	9345000	6.331406381334237	9342500
chr12	9345000	9350000	5.682852039780911	9347500
chr12	9350000	9355000	2.326864649211828	9352500
chr12	9355000	9360000	3.3403755611937	9357500
chr12	9360000	9365000	2.7421758488049957	9362500
chr12	9365000	9370000	2.1958558282423724	9367500
chr12	9370000	9375000	2.0273957683692583	9372500
chr12	9375000	9380000	1.276538633246276	9377500
chr12	9380000	9385000	0.9023501295331041	9382500
chr12	9385000	9390000	0.6261803651216783	9387500
chr12	9390000	9395000	0.7522726051301007	9392500
chr12	9395000	9400000	1.4984336164450356	9397500
chr12	9400000	9405000	2.119970150942607	9402500
chr12	9405000	9410000	1.7671624005369193	9407500
chr12	9410000	9415000	1.846622722208625	9412500
chr12	9415000	9420000	2.309871390705827	9417500
chr12	9420000	9425000	1.2207502364313454	9422500
chr12	9425000	9430000	1.1869485838737655	9427500
chr12	9430000	9435000	3.9559236168509866	9432500
chr12	9435000	9440000	7.2861453811709405	9437500
chr12	9440000	9445000	3.6073243522892158	9442500
chr12	9445000	9450000	4.729313193644695	9447500
chr12	9450000	9455000	2.4643466643758103	9452500
chr12	9455000	9460000	1.8188277931653063	9457500
chr12	9460000	9465000	2.442480907979582	9462500
chr12	9465000	9470000	2.70023217974678	9467500
chr12	9470000	9475000	2.518926620895981	9472500
chr12	9475000	9480000	3.717552180870107	9477500
chr12	9480000	9485000	4.0293946588885055	9482500
chr12	9485000	9490000	6.7924701865920705	9487500
chr12	9490000	9495000	4.953895151023101	9492500
chr12	9495000	9500000	2.7163188587526466	9497500
chr12	9500000	9505000	8.387388226293	9502500
chr12	9505000	9510000	5.63052024651882	9507500
chr12	9510000	9515000	15.794344530561942	9512500
chr12	9515000	9520000	4.729476214086793	9517500
chr12	9520000	9525000	4.938764505944402	9522500
chr12	9525000	9530000	2.656988634141249	9527500
chr12	9530000	9535000	3.644922691355252	9532500
chr12	9535000	9540000	9.363360595169304	9537500
chr12	9540000	9545000	8.346117650122101	9542500
chr12	9545000	9550000	6.307561552442774	9547500
chr12	9550000	9555000	4.41792309388645	9552500
chr12	9555000	9560000	4.996219071503808	9557500
chr12	9560000	9565000	15.165390434379999	9562500
chr12	9565000	9570000	2.6964243734080946	9567500
chr12	9570000	9575000	3.767886537083638	9572500
chr12	9575000	9580000	4.970907392109367	9577500
chr12	9580000	9585000	3.4150837209162455	9582500
chr12	9585000	9590000	3.280298695285836	9587500
chr12	9590000	9595000	4.721892237385426	9592500
chr12	9595000	9600000	3.4983321417054065	9597500
chr12	9600000	9605000	3.840759892482309	9602500
chr12	9605000	9610000	12.859582943897193	9607500
chr12	9610000	9615000	8.742164201631395	9612500
chr12	9615000	9620000	5.1938776160575335	9617500
chr12	9620000	9625000	2.6973784665881237	9622500
chr12	9625000	9630000	2.9369092518603286	9627500
chr12	9630000	9635000	3.9439717072024916	9632500
chr12	9635000	9640000	3.350686028212769	9637500
chr12	9640000	9645000	4.780170048506038	9642500
chr12	9645000	9650000	7.12180442776387	9647500
chr12	9650000	9655000	5.668958530209769	9652500
chr12	9655000	9660000	4.066062832199349	9657500
chr12	9660000	9665000	4.1835355754926695	9662500
chr12	9665000	9670000	3.449512464074127	9667500
chr12	9670000	9675000	3.4795342130354157	9672500
chr12	9675000	9680000	5.806877656433627	9677500
chr12	9680000	9685000	6.046238928333698	9682500
chr12	9685000	9690000	17.220689311267986	9687500
chr12	9690000	9695000	3.645023560765389	9692500
chr12	9695000	9700000	5.655957033636385	9697500
chr12	9700000	9705000	2.849348617447145	9702500
chr12	9705000	9710000	2.7483801232362164	9707500
chr12	9710000	9715000	2.595689362354935	9712500
chr12	9715000	9720000	1.3029621216915233	9717500
chr12	9720000	9725000	2.609257619601165	9722500
chr12	9725000	9730000	3.8124742067436523	9727500
chr12	9730000	9735000	27.55826222495798	9732500
chr12	9735000	9740000	5.9322898763216	9737500
chr12	9740000	9745000	10.133817926464586	9742500
chr12	9745000	9750000	17.00304447809209	9747500
chr12	9750000	9755000	9.12815092632562	9752500
chr12	9755000	9760000	13.448649354298068	9757500
chr12	9760000	9765000	6.7284484159085896	9762500
chr12	9765000	9770000	4.833369636010412	9767500
chr12	9770000	9775000	6.483429749974046	9772500
chr12	9775000	9780000	17.407577182491043	9777500
chr12	9780000	9785000	12.41421866377992	9782500
chr12	9785000	9790000	14.02648806534399	9787500
chr12	9790000	9795000	9.796490921401922	9792500
chr12	9795000	9800000	6.803975263250765	9797500
chr12	9800000	9805000	10.773794670072846	9802500
chr12	9805000	9810000	8.15003150709376	9807500
chr12	9810000	9815000	6.099561892775333	9812500
chr12	9815000	9820000	7.361222338324835	9817500
chr12	9820000	9825000	11.212634791858227	9822500
chr12	9825000	9830000	1.9426381962748842	9827500
chr12	9830000	9835000	1.474553426553839	9832500
chr12	9835000	9840000	1.180885956932672	9837500
chr12	9840000	9845000	1.3749717825133734	9842500
chr12	9845000	9850000	1.2730277082933497	9847500
chr12	9850000	9855000	1.4785027401019555	9852500
chr12	9855000	9860000	0.4408566286098913	9857500
chr12	9860000	9865000	1.9379809858656378	9862500
chr12	9865000	9870000	1.8782503645565487	9867500
chr12	9870000	9875000	1.2107952713762549	9872500
chr12	9875000	9880000	1.3255733966191583	9877500
chr12	9880000	9885000	1.8634390490857458	9882500
chr12	9885000	9890000	2.357565560634723	9887500
chr12	9890000	9895000	2.373551489132441	9892500
chr12	9895000	9900000	2.4233401740712663	9897500
chr12	9900000	9905000	1.276693834624646	9902500
chr12	9905000	9910000	3.358526769545105	9907500
chr12	9910000	9915000	3.9002129491305157	9912500
chr12	9915000	9920000	1.5986151024148152	9917500
chr12	9920000	9925000	9.638346246821996	9922500
chr12	9925000	9930000	5.144598026764335	9927500
chr12	9930000	9935000	2.7538888765585017	9932500
chr12	9935000	9940000	2.891948915680107	9937500
chr12	9940000	9945000	2.3346934335945266	9942500
chr12	9945000	9950000	1.2272064969348497	9947500
chr12	9950000	9955000	0.9834088324036032	9952500
chr12	9955000	9960000	1.1916498019792128	9957500
chr12	9960000	9965000	10.91781931600182	9962500
chr12	9965000	9970000	2.8908895136450843	9967500
chr12	9970000	9975000	2.3075650907072323	9972500
chr12	9975000	9980000	3.494803015424353	9977500
chr12	9980000	9985000	2.284430620722291	9982500
chr12	9985000	9990000	2.8803919884742433	9987500
chr12	9990000	9995000	4.342418215424538	9992500
chr12	9995000	10000000	3.888067588377365	9997500
chr12	10000000	10005000	3.047204321252357	10002500
chr12	10005000	10010000	3.0319719850431865	10007500
chr12	10010000	10015000	2.4616194913039	10012500
chr12	10015000	10020000	3.127650755770163	10017500
chr12	10020000	10025000	4.311482848047032	10022500
chr12	10025000	10030000	3.54764502677803	10027500
chr12	10030000	10035000	5.113565487813742	10032500
chr12	10035000	10040000	7.590281515712493	10037500
chr12	10040000	10045000	4.043935718030938	10042500
chr12	10045000	10050000	5.6613030861009905	10047500
chr12	10050000	10055000	4.357654097422033	10052500
chr12	10055000	10060000	4.006634501503742	10057500
chr12	10060000	10065000	5.035014387889698	10062500
chr12	10065000	10070000	8.762177529908307	10067500
chr12	10070000	10075000	6.174224466929016	10072500
chr12	10075000	10080000	3.7731087982293006	10077500
chr12	10080000	10085000	4.178658135170883	10082500
chr12	10085000	10090000	9.887414172333798	10087500
chr12	10090000	10095000	10.631899086325678	10092500
chr12	10095000	10100000	6.55411021769466	10097500
chr12	10100000	10105000	5.61316645076444	10102500
chr12	10105000	10110000	8.080299897594877	10107500
chr12	10110000	10115000	16.21696796170928	10112500
chr12	10115000	10120000	6.396215252595996	10117500
chr12	10120000	10125000	9.178264859671424	10122500
chr12	10125000	10130000	9.589671517294796	10127500
chr12	10130000	10135000	6.5756837650482245	10132500
chr12	10135000	10140000	6.937270003345384	10137500
chr12	10140000	10145000	5.980389632532089	10142500
chr12	10145000	10150000	4.4600145913904905	10147500
chr12	10150000	10155000	8.249342508250896	10152500
chr12	10155000	10160000	12.622910837478406	10157500
chr12	10160000	10165000	10.250294904952687	10162500
chr12	10165000	10170000	12.30363726219651	10167500
chr12	10170000	10175000	20.45212933671007	10172500
chr12	10175000	10180000	16.713120716855073	10177500
chr12	10180000	10185000	10.598439533253908	10182500
chr12	10185000	10190000	9.804634498009817	10187500
chr12	10190000	10195000	15.071591682058516	10192500
chr12	10195000	10200000	11.514944328099814	10197500
chr12	10200000	10205000	7.641029631549991	10202500
chr12	10205000	10210000	12.9983716339486	10207500
chr12	10210000	10215000	7.958969238092693	10212500
chr12	10215000	10220000	9.342521362565916	10217500
chr12	10220000	10225000	10.092231433919647	10222500
chr12	10225000	10230000	6.097216336816282	10227500
chr12	10230000	10235000	11.66909097656012	10232500
chr12	10235000	10240000	10.931846444675145	10237500
chr12	10240000	10245000	18.243850301769726	10242500
chr12	10245000	10250000	11.377186090457629	10247500
chr12	10250000	10255000	13.392519367436057	10252500
chr12	10255000	10260000	13.96285948889034	10257500
chr12	10260000	10265000	12.687395087898018	10262500
chr12	10265000	10270000	7.345786795870911	10267500
chr12	10270000	10275000	10.240285652173036	10272500
chr12	10275000	10280000	8.619843509014213	10277500
chr12	10280000	10285000	9.255602781910804	10282500
chr12	10285000	10290000	23.961218930995447	10287500
chr12	10290000	10295000	13.399080958663259	10292500
chr12	10295000	10300000	7.887710744861234	10297500
chr12	10300000	10305000	10.845609874868902	10302500
chr12	10305000	10310000	7.857575256046785	10307500
chr12	10310000	10315000	13.967843896685997	10312500
chr12	10315000	10320000	4.686400827676941	10317500
chr12	10320000	10325000	7.7178305727503345	10322500
chr12	10325000	10330000	29.52563815066936	10327500
chr12	10330000	10335000	21.755312586127864	10332500
chr12	10335000	10340000	8.220884048652648	10337500
chr12	10340000	10345000	5.858359867380315	10342500
chr12	10345000	10350000	8.125646912054094	10347500
chr12	10350000	10355000	4.875497116182028	10352500
chr12	10355000	10360000	7.351268256997893	10357500
chr12	10360000	10365000	9.807280448522617	10362500
chr12	10365000	10370000	10.345113238062178	10367500
chr12	10370000	10375000	7.692780321463353	10372500
chr12	10375000	10380000	10.34453166814207	10377500
chr12	10380000	10385000	5.536090481634606	10382500
chr12	10385000	10390000	6.921487778911047	10387500
chr12	10390000	10395000	13.9150899699462	10392500
chr12	10395000	10400000	9.189468646271289	10397500
chr12	10400000	10405000	9.224960026268606	10402500
chr12	10405000	10410000	11.253674944879045	10407500
chr12	10410000	10415000	10.34854860097097	10412500
chr12	10415000	10420000	12.15329428484989	10417500
chr12	10420000	10425000	12.709126470031997	10422500
chr12	10425000	10430000	12.22980958258333	10427500
chr12	10430000	10435000	12.78717910752989	10432500
chr12	10435000	10440000	9.637329990073207	10437500
chr12	10440000	10445000	14.781953969187578	10442500
chr12	10445000	10450000	13.844638262808846	10447500
chr12	10450000	10455000	12.297496327016328	10452500
chr12	10455000	10460000	7.394693801961397	10457500
chr12	10460000	10465000	6.494331556495846	10462500
chr12	10465000	10470000	8.331433116135829	10467500
chr12	10470000	10475000	8.489155100131523	10472500
chr12	10475000	10480000	14.067318780094675	10477500
chr12	10480000	10485000	11.206471610622886	10482500
chr12	10485000	10490000	15.477600766087841	10487500
chr12	10490000	10495000	13.857820550310237	10492500
chr12	10495000	10500000	14.482685508571421	10497500
chr12	10500000	10505000	16.65739824945493	10502500
chr12	10505000	10510000	8.7091164962103	10507500
chr12	10510000	10515000	7.942075128321334	10512500
chr12	10515000	10520000	6.9003176933464285	10517500
chr12	10520000	10525000	9.326892527376952	10522500
chr12	10525000	10530000	12.465229341324783	10527500
chr12	10530000	10535000	10.383120506971967	10532500
chr12	10535000	10540000	17.637984427038095	10537500
chr12	10540000	10545000	9.365123999709766	10542500
chr12	10545000	10550000	7.437078035024527	10547500
chr12	10550000	10555000	7.922470584703625	10552500
chr12	10555000	10560000	9.268995567808881	10557500
chr12	10560000	10565000	12.323833340734955	10562500
chr12	10565000	10570000	11.994061785204144	10567500
chr12	10570000	10575000	10.390043550370162	10572500
chr12	10575000	10580000	8.304577446016966	10577500
chr12	10580000	10585000	8.25122828855911	10582500
chr12	10585000	10590000	9.086544579511754	10587500
chr12	10590000	10595000	8.107481585443981	10592500
chr12	10595000	10600000	7.473395563402996	10597500
chr12	10600000	10605000	10.475692667010751	10602500
chr12	10605000	10610000	8.426957806636375	10607500
chr12	10610000	10615000	7.0583054137917225	10612500
chr12	10615000	10620000	6.555544425582631	10617500
chr12	10620000	10625000	6.502047695954295	10622500
chr12	10625000	10630000	4.579305670060184	10627500
chr12	10630000	10635000	5.689757290430143	10632500
chr12	10635000	10640000	7.385036295411778	10637500
chr12	10640000	10645000	6.5774026871562565	10642500
chr12	10645000	10650000	6.462460180376434	10647500
chr12	10650000	10655000	7.796694182134499	10652500
chr12	10655000	10660000	7.10471998406118	10657500
chr12	10660000	10665000	5.978092183116402	10662500
chr12	10665000	10670000	6.706556876317139	10667500
chr12	10670000	10675000	7.818953340329953	10672500
chr12	10675000	10680000	7.842717325960435	10677500
chr12	10680000	10685000	7.2839719322848495	10682500
chr12	10685000	10690000	6.653192086773625	10687500
chr12	10690000	10695000	5.643300266641021	10692500
chr12	10695000	10700000	4.171844183448954	10697500
chr12	10700000	10705000	4.789027016615137	10702500
chr12	10705000	10710000	4.005185170720248	10707500
chr12	10710000	10715000	3.272843443839274	10712500
chr12	10715000	10720000	5.230936457294671	10717500
chr12	10720000	10725000	3.694532374943056	10722500
chr12	10725000	10730000	3.374761451841043	10727500
chr12	10730000	10735000	6.98977932205021	10732500
chr12	10735000	10740000	8.027688053882065	10737500
chr12	10740000	10745000	5.967942844735586	10742500
chr12	10745000	10750000	9.672405301267293	10747500
chr12	10750000	10755000	6.452241584368374	10752500
chr12	10755000	10760000	7.2980603628156535	10757500
chr12	10760000	10765000	6.956607590996547	10762500
chr12	10765000	10770000	7.047988084278456	10767500
chr12	10770000	10775000	6.126111671810283	10772500
chr12	10775000	10780000	6.306270181519426	10777500
chr12	10780000	10785000	5.2564953391379605	10782500
chr12	10785000	10790000	5.823205441583318	10787500
chr12	10790000	10795000	6.619864221827919	10792500
chr12	10795000	10800000	6.683107278709118	10797500
chr12	10800000	10805000	6.74645512386392	10802500
chr12	10805000	10810000	5.608480732560342	10807500
chr12	10810000	10815000	7.233616889587501	10812500
chr12	10815000	10820000	6.508578653246408	10817500
chr12	10820000	10825000	6.17954124582964	10822500
chr12	10825000	10830000	8.260127421022384	10827500
chr12	10830000	10835000	7.793109119466117	10832500
chr12	10835000	10840000	9.229066903547428	10837500
chr12	10840000	10845000	7.7422004510194	10842500
chr12	10845000	10850000	7.982508672197146	10847500
chr12	10850000	10855000	8.483861874623074	10852500
chr12	10855000	10860000	6.614232557644279	10857500
chr12	10860000	10865000	6.175982690985191	10862500
chr12	10865000	10870000	7.505355989237486	10867500
chr12	10870000	10875000	7.874417747845586	10872500
chr12	10875000	10880000	9.0808471744546	10877500
chr12	10880000	10885000	9.972873291789274	10882500
chr12	10885000	10890000	8.505100484831933	10887500
chr12	10890000	10895000	10.957199759168152	10892500
chr12	10895000	10900000	12.501870944624564	10897500
chr12	10900000	10905000	10.088930753007638	10902500
chr12	10905000	10910000	10.50332352714458	10907500
chr12	10910000	10915000	7.635872139529305	10912500
chr12	10915000	10920000	4.641124263072078	10917500
chr12	10920000	10925000	7.026267190315108	10922500
chr12	10925000	10930000	9.334958542397311	10927500
chr12	10930000	10935000	8.731060139243196	10932500
chr12	10935000	10940000	8.112037293043187	10937500
chr12	10940000	10945000	7.900427560916104	10942500
chr12	10945000	10950000	6.449232708751767	10947500
chr12	10950000	10955000	7.923370344399957	10952500
chr12	10955000	10960000	7.2877886102056655	10957500
chr12	10960000	10965000	6.8777970304479075	10962500
chr12	10965000	10970000	6.704404695827436	10967500
chr12	10970000	10975000	6.030395271981838	10972500
chr12	10975000	10980000	6.953654966310838	10977500
chr12	10980000	10985000	6.639996205985428	10982500
chr12	10985000	10990000	7.991008630755339	10987500
chr12	10990000	10995000	5.703700680540619	10992500
chr12	10995000	11000000	5.121292066044187	10997500
chr12	11000000	11005000	4.96379361545661	11002500
chr12	11005000	11010000	4.174947185812463	11007500
chr12	11010000	11015000	4.37155145650556	11012500
chr12	11015000	11020000	4.767118460282633	11017500
chr12	11020000	11025000	6.919446121898635	11022500
chr12	11025000	11030000	6.131644201000171	11027500
chr12	11030000	11035000	6.869535408640151	11032500
chr12	11035000	11040000	6.187970339605777	11037500
chr12	11040000	11045000	6.462535091859729	11042500
chr12	11045000	11050000	8.584625876891268	11047500
chr12	11050000	11055000	7.670513377291823	11052500
chr12	11055000	11060000	7.104092582753892	11057500
chr12	11060000	11065000	4.321019356583219	11062500
chr12	11065000	11070000	6.48274127575347	11067500
chr12	11070000	11075000	4.307557859874348	11072500
chr12	11075000	11080000	4.545392071162789	11077500
chr12	11080000	11085000	6.018098611326207	11082500
chr12	11085000	11090000	5.63643840694604	11087500
chr12	11090000	11095000	9.217053571269156	11092500
chr12	11095000	11100000	8.053196507753018	11097500
chr12	11100000	11105000	8.921252243222291	11102500
chr12	11105000	11110000	7.804099756651329	11107500
chr12	11110000	11115000	6.851116800987034	11112500
chr12	11115000	11120000	12.57661770647356	11117500
chr12	11120000	11125000	7.278384289871743	11122500
chr12	11125000	11130000	6.332982622661815	11127500
chr12	11130000	11135000	7.505231675336178	11132500
chr12	11135000	11140000	6.0411138943139635	11137500
chr12	11140000	11145000	6.563908033697958	11142500
chr12	11145000	11150000	4.804098978913444	11147500
chr12	11150000	11155000	5.111031167809176	11152500
chr12	11155000	11160000	9.558812393126631	11157500
chr12	11160000	11165000	19.222887467759083	11162500
chr12	11165000	11170000	10.811643582876803	11167500
chr12	11170000	11175000	33.17810504124065	11172500
chr12	11175000	11180000	9.87881833027696	11177500
chr12	11180000	11185000	9.091376278837794	11182500
chr12	11185000	11190000	4.288178182978933	11187500
chr12	11190000	11195000	8.325055059946898	11192500
chr12	11195000	11200000	5.888473901642044	11197500
chr12	11200000	11205000	5.085775448985791	11202500
chr12	11205000	11210000	6.3722696616106065	11207500
chr12	11210000	11215000	10.270001853311202	11212500
chr12	11215000	11220000	11.006730916471824	11217500
chr12	11220000	11225000	7.198066728738924	11222500
chr12	11225000	11230000	7.5000731362881	11227500
chr12	11230000	11235000	7.714050967012665	11232500
chr12	11235000	11240000	18.24498590543001	11237500
chr12	11240000	11245000	14.185016647668863	11242500
chr12	11245000	11250000	4.448608232297751	11247500
chr12	11250000	11255000	3.6383047665308075	11252500
chr12	11255000	11260000	2.707287692901695	11257500
chr12	11260000	11265000	3.227352440517458	11262500
chr12	11265000	11270000	2.880182471933952	11267500
chr12	11270000	11275000	3.515277467404811	11272500
chr12	11275000	11280000	5.5894227277429	11277500
chr12	11280000	11285000	3.2150499331809534	11282500
chr12	11285000	11290000	11.573142392666872	11287500
chr12	11290000	11295000	12.876060733455157	11292500
chr12	11295000	11300000	6.625499552424231	11297500
chr12	11300000	11305000	5.138177866578867	11302500
chr12	11305000	11310000	6.266700878384354	11307500
chr12	11310000	11315000	6.263365097696756	11312500
chr12	11315000	11320000	4.819998045547247	11317500
chr12	11320000	11325000	6.931354258220182	11322500
chr12	11325000	11330000	21.02243605744498	11327500
chr12	11330000	11335000	26.05614618695239	11332500
chr12	11335000	11340000	4.08845664917842	11337500
chr12	11340000	11345000	5.28105202728919	11342500
chr12	11345000	11350000	7.776316803753408	11347500
chr12	11350000	11355000	4.21592216011783	11352500
chr12	11355000	11360000	8.087551230463209	11357500
chr12	11360000	11365000	11.232711673893768	11362500
chr12	11365000	11370000	13.779411808068652	11367500
chr12	11370000	11375000	3.3878557743542737	11372500
chr12	11375000	11380000	2.065597847786025	11377500
chr12	11380000	11385000	2.2611449883734736	11382500
chr12	11385000	11390000	3.247550047182947	11387500
chr12	11390000	11395000	4.613191996077543	11392500
chr12	11395000	11400000	2.139765402057776	11397500
chr12	11400000	11405000	4.5059036240945245	11402500
chr12	11405000	11410000	2.515008588492496	11407500
chr12	11410000	11415000	5.871562146268878	11412500
chr12	11415000	11420000	6.1024950165411465	11417500
chr12	11420000	11425000	8.190349709082955	11422500
chr12	11425000	11430000	3.1956210009994996	11427500
chr12	11430000	11435000	6.005989714618468	11432500
chr12	11435000	11440000	3.648056480050145	11437500
chr12	11440000	11445000	3.194822570956326	11442500
chr12	11445000	11450000	2.3869527818465626	11447500
chr12	11450000	11455000	7.29283397812873	11452500
chr12	11455000	11460000	5.734835610136362	11457500
chr12	11460000	11465000	1.9702412516260062	11462500
chr12	11465000	11470000	1.7471221273255657	11467500
chr12	11470000	11475000	1.973831418144875	11472500
chr12	11475000	11480000	4.287027531639089	11477500
chr12	11480000	11485000	2.5065010336625715	11482500
chr12	11485000	11490000	3.1782317043840784	11487500
chr12	11490000	11495000	4.087855934425623	11492500
chr12	11495000	11500000	3.0381568972118536	11497500
chr12	11500000	11505000	3.119912649343866	11502500
chr12	11505000	11510000	2.539083346532463	11507500
chr12	11510000	11515000	2.1376422029808557	11512500
chr12	11515000	11520000	1.7959260598005828	11517500
chr12	11520000	11525000	2.2487213095514678	11522500
chr12	11525000	11530000	1.8659074787879244	11527500
chr12	11530000	11535000	1.796880664739375	11532500
chr12	11535000	11540000	2.815370699096122	11537500
chr12	11540000	11545000	2.6030221952730135	11542500
chr12	11545000	11550000	2.0361736727002033	11547500
chr12	11550000	11555000	1.992763357185688	11552500
chr12	11555000	11560000	2.7943582080649287	11557500
chr12	11560000	11565000	2.98295208150888	11562500
chr12	11565000	11570000	3.4740338552404415	11567500
chr12	11570000	11575000	4.2652279892791825	11572500
chr12	11575000	11580000	7.106399009945695	11577500
chr12	11580000	11585000	7.516662229494534	11582500
chr12	11585000	11590000	8.479315051523004	11587500
chr12	11590000	11595000	9.512863575415158	11592500
chr12	11595000	11600000	10.745558564338198	11597500
chr12	11600000	11605000	7.716274848361769	11602500
chr12	11605000	11610000	7.28773101512517	11607500
chr12	11610000	11615000	6.899736723068303	11612500
chr12	11615000	11620000	7.388804638623039	11617500
chr12	11620000	11625000	11.124452076966136	11622500
chr12	11625000	11630000	8.203350833315739	11627500
chr12	11630000	11635000	7.368240773260619	11632500
chr12	11635000	11640000	8.075537373801168	11637500
chr12	11640000	11645000	7.972767812790237	11642500
chr12	11645000	11650000	6.33597969619192	11647500
chr12	11650000	11655000	6.352812668675053	11652500
chr12	11655000	11660000	6.18288505137795	11657500
chr12	11660000	11665000	5.7675419339651945	11662500
chr12	11665000	11670000	7.857953462895553	11667500
chr12	11670000	11675000	5.880233210855965	11672500
chr12	11675000	11680000	6.181827034261516	11677500
chr12	11680000	11685000	7.2824630401228365	11682500
chr12	11685000	11690000	4.9555654705687955	11687500
chr12	11690000	11695000	5.466205082717385	11692500
chr12	11695000	11700000	5.856124534885721	11697500
chr12	11700000	11705000	5.717495579804245	11702500
chr12	11705000	11710000	5.746424568682779	11707500
chr12	11710000	11715000	6.813479440198091	11712500
chr12	11715000	11720000	9.51350648045696	11717500
chr12	11720000	11725000	9.342802056843084	11722500
chr12	11725000	11730000	7.009297364986873	11727500
chr12	11730000	11735000	8.971847402868718	11732500
chr12	11735000	11740000	12.168932811178585	11737500
chr12	11740000	11745000	6.792224468564925	11742500
chr12	11745000	11750000	9.85437532356555	11747500
chr12	11750000	11755000	8.939348023197274	11752500
chr12	11755000	11760000	9.65247297157686	11757500
chr12	11760000	11765000	7.247178709826874	11762500
chr12	11765000	11770000	4.884542575813097	11767500
chr12	11770000	11775000	4.815553383294133	11772500
chr12	11775000	11780000	6.566621564906171	11777500
chr12	11780000	11785000	9.853121738504617	11782500
chr12	11785000	11790000	9.630853134718352	11787500
chr12	11790000	11795000	4.68079025627766	11792500
chr12	11795000	11800000	3.084207011592086	11797500
chr12	11800000	11805000	4.376029997474213	11802500
chr12	11805000	11810000	5.204581903165016	11807500
chr12	11810000	11815000	6.353269637306782	11812500
chr12	11815000	11820000	3.348810517570613	11817500
chr12	11820000	11825000	3.241409741612954	11822500
chr12	11825000	11830000	8.086729771210905	11827500
chr12	11830000	11835000	9.216108806125918	11832500
chr12	11835000	11840000	5.932095889024123	11837500
chr12	11840000	11845000	4.209183991695947	11842500
chr12	11845000	11850000	8.999161366053583	11847500
chr12	11850000	11855000	6.124051018114388	11852500
chr12	11855000	11860000	6.928812576807176	11857500
chr12	11860000	11865000	10.016675833297564	11862500
chr12	11865000	11870000	8.319003883872549	11867500
chr12	11870000	11875000	13.706414481009178	11872500
chr12	11875000	11880000	6.305157989048813	11877500
chr12	11880000	11885000	6.037934924466542	11882500
chr12	11885000	11890000	9.332380477361456	11887500
chr12	11890000	11895000	16.999649162279553	11892500
chr12	11895000	11900000	29.956208281167196	11897500
chr12	11900000	11905000	10.422627314739032	11902500
chr12	11905000	11910000	8.647608551472207	11907500
chr12	11910000	11915000	4.795812935823663	11912500
chr12	11915000	11920000	5.992853460533516	11917500
chr12	11920000	11925000	3.704416674707104	11922500
chr12	11925000	11930000	4.529468233899666	11927500
chr12	11930000	11935000	4.311257444593936	11932500
chr12	11935000	11940000	3.299420789993076	11937500
chr12	11940000	11945000	6.040560866302246	11942500
chr12	11945000	11950000	7.7089572578579295	11947500
chr12	11950000	11955000	6.243164108536692	11952500
chr12	11955000	11960000	6.662854665929025	11957500
chr12	11960000	11965000	5.692499300737299	11962500
chr12	11965000	11970000	4.956207207783762	11967500
chr12	11970000	11975000	4.176961914485101	11972500
chr12	11975000	11980000	2.201794897799736	11977500
chr12	11980000	11985000	2.0119472498490807	11982500
chr12	11985000	11990000	3.6056399788744065	11987500
chr12	11990000	11995000	4.563783335824908	11992500
chr12	11995000	12000000	7.666673215473599	11997500
chr12	12000000	12005000	16.873097111985697	12002500
chr12	12005000	12010000	10.748197925678026	12007500
chr12	12010000	12015000	6.484180131350853	12012500
chr12	12015000	12020000	6.860130583936525	12017500
chr12	12020000	12025000	6.610894606943693	12022500
chr12	12025000	12030000	6.071939574824913	12027500
chr12	12030000	12035000	6.815112638069636	12032500
chr12	12035000	12040000	7.234344490076564	12037500
chr12	12040000	12045000	6.265686729842262	12042500
chr12	12045000	12050000	5.075294504118066	12047500
chr12	12050000	12055000	6.2070598029367385	12052500
chr12	12055000	12060000	5.093575225910359	12057500
chr12	12060000	12065000	7.183750103566351	12062500
chr12	12065000	12070000	9.143776716129874	12067500
chr12	12070000	12075000	4.745497388393233	12072500
chr12	12075000	12080000	6.668041667277246	12077500
chr12	12080000	12085000	6.129395226595451	12082500
chr12	12085000	12090000	6.239926143385597	12087500
chr12	12090000	12095000	6.094979426400132	12092500
chr12	12095000	12100000	5.116219889725189	12097500
chr12	12100000	12105000	6.062711955178738	12102500
chr12	12105000	12110000	8.185289000989165	12107500
chr12	12110000	12115000	7.9469632315117815	12112500
chr12	12115000	12120000	8.822762089930064	12117500
chr12	12120000	12125000	7.4387069537698185	12122500
chr12	12125000	12130000	7.0251131637472355	12127500
chr12	12130000	12135000	7.485731213971045	12132500
chr12	12135000	12140000	8.793097441460382	12137500
chr12	12140000	12145000	6.888979472809054	12142500
chr12	12145000	12150000	11.308634243387615	12147500
chr12	12150000	12155000	6.02937429648281	12152500
chr12	12155000	12160000	7.028930988302054	12157500
chr12	12160000	12165000	6.860713120748806	12162500
chr12	12165000	12170000	7.556945681573137	12167500
chr12	12170000	12175000	11.01708825123023	12172500
chr12	12175000	12180000	5.210824631551537	12177500
chr12	12180000	12185000	5.288979941699228	12182500
chr12	12185000	12190000	5.862104031795483	12187500
chr12	12190000	12195000	6.312248203636714	12192500
chr12	12195000	12200000	6.258670394127669	12197500
chr12	12200000	12205000	9.096492464559603	12202500
chr12	12205000	12210000	7.867434768043579	12207500
chr12	12210000	12215000	7.462701636217836	12212500
chr12	12215000	12220000	14.423921556998394	12217500
chr12	12220000	12225000	12.728097181083532	12222500
chr12	12225000	12230000	9.812383333563831	12227500
chr12	12230000	12235000	8.346019684374554	12232500
chr12	12235000	12240000	4.5196971775750825	12237500
chr12	12240000	12245000	4.973691778747795	12242500
chr12	12245000	12250000	8.178591588934445	12247500
chr12	12250000	12255000	4.280615195700855	12252500
chr12	12255000	12260000	9.679471348677117	12257500
chr12	12260000	12265000	12.49808004889136	12262500
chr12	12265000	12270000	8.722260007608659	12267500
chr12	12270000	12275000	8.841075241246093	12272500
chr12	12275000	12280000	14.624937899054835	12277500
chr12	12280000	12285000	21.093573844092145	12282500
chr12	12285000	12290000	3.96964002333797	12287500
chr12	12290000	12295000	2.562468345521183	12292500
chr12	12295000	12300000	15.864531963279333	12297500
chr12	12300000	12305000	4.860291589792127	12302500
chr12	12305000	12310000	10.649136067770558	12307500
chr12	12310000	12315000	5.405416766475138	12312500
chr12	12315000	12320000	7.251410391217826	12317500
chr12	12320000	12325000	5.865528228880184	12322500
chr12	12325000	12330000	4.281803612710176	12327500
chr12	12330000	12335000	5.992066307478831	12332500
chr12	12335000	12340000	4.450479675173116	12337500
chr12	12340000	12345000	4.863311645640104	12342500
chr12	12345000	12350000	6.6078485326012855	12347500
chr12	12350000	12355000	8.355261610511377	12352500
chr12	12355000	12360000	7.57279521702068	12357500
chr12	12360000	12365000	5.884830192346339	12362500
chr12	12365000	12370000	3.976878751566436	12367500
chr12	12370000	12375000	3.191703485596232	12372500
chr12	12375000	12380000	4.605184460183698	12377500
chr12	12380000	12385000	4.35340952695733	12382500
chr12	12385000	12390000	5.624364973189904	12387500
chr12	12390000	12395000	5.116551565070203	12392500
chr12	12395000	12400000	6.171526903328301	12397500
chr12	12400000	12405000	4.521228200050923	12402500
chr12	12405000	12410000	2.7119724538977814	12407500
chr12	12410000	12415000	6.576538536634543	12412500
chr12	12415000	12420000	3.8052212176771194	12417500
chr12	12420000	12425000	5.139721660521068	12422500
chr12	12425000	12430000	9.743259737956006	12427500
chr12	12430000	12435000	12.79554825902688	12432500
chr12	12435000	12440000	4.76750556565742	12437500
chr12	12440000	12445000	6.930059063385241	12442500
chr12	12445000	12450000	8.329571787701967	12447500
chr12	12450000	12455000	7.326703400609174	12452500
chr12	12455000	12460000	6.668902948227953	12457500
chr12	12460000	12465000	8.439229008746493	12462500
chr12	12465000	12470000	9.517304285706482	12467500
chr12	12470000	12475000	10.39996690316003	12472500
chr12	12475000	12480000	15.363388679656207	12477500
chr12	12480000	12485000	11.998225119343282	12482500
chr12	12485000	12490000	6.646005509514619	12487500
chr12	12490000	12495000	3.2176324872939075	12492500
chr12	12495000	12500000	3.3581016501673857	12497500
chr12	12500000	12505000	3.952855733143988	12502500
chr12	12505000	12510000	2.8431032920231822	12507500
chr12	12510000	12515000	16.238485027480028	12512500
chr12	12515000	12520000	11.447117642872627	12517500
chr12	12520000	12525000	4.507203524390019	12522500
chr12	12525000	12530000	5.96988289348445	12527500
chr12	12530000	12535000	8.478461342327886	12532500
chr12	12535000	12540000	8.90036551724171	12537500
chr12	12540000	12545000	9.337301076591395	12542500
chr12	12545000	12550000	11.566104320029687	12547500
chr12	12550000	12555000	17.884250853888215	12552500
chr12	12555000	12560000	9.296392986298697	12557500
chr12	12560000	12565000	10.898278164506436	12562500
chr12	12565000	12570000	13.326194964082516	12567500
chr12	12570000	12575000	14.223577794057192	12572500
chr12	12575000	12580000	19.028173562780687	12577500
chr12	12580000	12585000	8.338541588257387	12582500
chr12	12585000	12590000	9.86864036478479	12587500
chr12	12590000	12595000	11.649322404185051	12592500
chr12	12595000	12600000	5.2497517822452995	12597500
chr12	12600000	12605000	10.744787813984557	12602500
chr12	12605000	12610000	6.750471131255258	12607500
chr12	12610000	12615000	6.285404269379917	12612500
chr12	12615000	12620000	3.880315422594813	12617500
chr12	12620000	12625000	8.201813418049934	12622500
chr12	12625000	12630000	6.1544028649773805	12627500
chr12	12630000	12635000	7.620289696817594	12632500
chr12	12635000	12640000	5.0734793574888135	12637500
chr12	12640000	12645000	8.448860262520519	12642500
chr12	12645000	12650000	8.55517318503296	12647500
chr12	12650000	12655000	4.952974276704226	12652500
chr12	12655000	12660000	7.6395855667329275	12657500
chr12	12660000	12665000	3.4613492753089043	12662500
chr12	12665000	12670000	7.135571010910574	12667500
chr12	12670000	12675000	8.435302414499562	12672500
chr12	12675000	12680000	7.959832128455758	12677500
chr12	12680000	12685000	2.4980008554210067	12682500
chr12	12685000	12690000	10.97039628732805	12687500
chr12	12690000	12695000	7.295077131245294	12692500
chr12	12695000	12700000	7.113913674167214	12697500
chr12	12700000	12705000	5.0069878538400605	12702500
chr12	12705000	12710000	3.1251568898744853	12707500
chr12	12710000	12715000	2.2265635898338743	12712500
chr12	12715000	12720000	2.8285425045167396	12717500
chr12	12720000	12725000	3.675614754435671	12722500
chr12	12725000	12730000	3.301073005737878	12727500
chr12	12730000	12735000	2.6598525722958124	12732500
chr12	12735000	12740000	1.8264306988244896	12737500
chr12	12740000	12745000	2.2978589266896887	12742500
chr12	12745000	12750000	5.872687102079311	12747500
chr12	12750000	12755000	2.04421763991788	12752500
chr12	12755000	12760000	1.7582206815444197	12757500
chr12	12760000	12765000	0.7423440938499468	12762500
chr12	12765000	12770000	0.6849480649924624	12767500
chr12	12770000	12775000	0.8046411615789952	12772500
chr12	12775000	12780000	0.8118960542973405	12777500
chr12	12780000	12785000	1.3433617916399974	12782500
chr12	12785000	12790000	1.3661977833562575	12787500
chr12	12790000	12795000	1.0411112566432854	12792500
chr12	12795000	12800000	0.47876694197461794	12797500
chr12	12800000	12805000	0.5202330209539731	12802500
chr12	12805000	12810000	1.7218428884582302	12807500
chr12	12810000	12815000	1.5727205498921162	12812500
chr12	12815000	12820000	1.0404260548682476	12817500
chr12	12820000	12825000	0.9737682620701892	12822500
chr12	12825000	12830000	0.8737196721671927	12827500
chr12	12830000	12835000	2.0136752876942565	12832500
chr12	12835000	12840000	2.5499381197637967	12837500
chr12	12840000	12845000	2.9893289506751053	12842500
chr12	12845000	12850000	3.04626300307858	12847500
chr12	12850000	12855000	19.695881676385138	12852500
chr12	12855000	12860000	2.0330650689085363	12857500
chr12	12860000	12865000	1.7783825950030383	12862500
chr12	12865000	12870000	2.1260519895569003	12867500
chr12	12870000	12875000	2.608916242452568	12872500
chr12	12875000	12880000	5.047888030622671	12877500
chr12	12880000	12885000	10.853959344349489	12882500
chr12	12885000	12890000	4.155373284511357	12887500
chr12	12890000	12895000	4.336855168066059	12892500
chr12	12895000	12900000	4.003681378980986	12897500
chr12	12900000	12905000	5.1243415519211615	12902500
chr12	12905000	12910000	4.7781074114678805	12907500
chr12	12910000	12915000	5.8566548718629745	12912500
chr12	12915000	12920000	6.534557118059716	12917500
chr12	12920000	12925000	22.420099763700094	12922500
chr12	12925000	12930000	13.44823545222601	12927500
chr12	12930000	12935000	4.605379652870647	12932500
chr12	12935000	12940000	5.22381156737947	12937500
chr12	12940000	12945000	3.8613223674795436	12942500
chr12	12945000	12950000	5.897601298179191	12947500
chr12	12950000	12955000	2.910798304189541	12952500
chr12	12955000	12960000	1.8524879340234726	12957500
chr12	12960000	12965000	3.103653208400365	12962500
chr12	12965000	12970000	2.5517690888978537	12967500
chr12	12970000	12975000	3.9748861847041805	12972500
chr12	12975000	12980000	11.901191249876836	12977500
chr12	12980000	12985000	2.11019041693029	12982500
chr12	12985000	12990000	1.8958563801773218	12987500
chr12	12990000	12995000	2.1086349694956903	12992500
chr12	12995000	13000000	2.3113170572847115	12997500
chr12	13000000	13005000	9.713958886786068	13002500
chr12	13005000	13010000	17.07130087008862	13007500
chr12	13010000	13015000	2.500533939560097	13012500
chr12	13015000	13020000	1.5579742403952044	13017500
chr12	13020000	13025000	2.6627862777634186	13022500
chr12	13025000	13030000	9.65216702356156	13027500
chr12	13030000	13035000	5.862780153326697	13032500
chr12	13035000	13040000	4.270417646813742	13037500
chr12	13040000	13045000	4.584115691032728	13042500
chr12	13045000	13050000	5.714337505741609	13047500
chr12	13050000	13055000	8.028245699010979	13052500
chr12	13055000	13060000	9.320831253857348	13057500
chr12	13060000	13065000	5.792027019049229	13062500
chr12	13065000	13070000	5.64731068025617	13067500
chr12	13070000	13075000	4.914955801760612	13072500
chr12	13075000	13080000	4.967189976515676	13077500
chr12	13080000	13085000	13.262896948253493	13082500
chr12	13085000	13090000	9.310118720582757	13087500
chr12	13090000	13095000	7.986841186791827	13092500
chr12	13095000	13100000	9.083163824407682	13097500
chr12	13100000	13105000	4.317815412890233	13102500
chr12	13105000	13110000	4.934916528680013	13107500
chr12	13110000	13115000	5.665060003444494	13112500
chr12	13115000	13120000	7.744373819985543	13117500
chr12	13120000	13125000	8.588162174854553	13122500
chr12	13125000	13130000	8.1151586612072	13127500
chr12	13130000	13135000	5.8420799588108885	13132500
chr12	13135000	13140000	14.438307444814143	13137500
chr12	13140000	13145000	3.6120860826597387	13142500
chr12	13145000	13150000	4.162216678643877	13147500
chr12	13150000	13155000	5.925593035338798	13152500
chr12	13155000	13160000	8.274941531267386	13157500
chr12	13160000	13165000	3.140272268143531	13162500
chr12	13165000	13170000	4.180700922488045	13167500
chr12	13170000	13175000	2.3268709747005105	13172500
chr12	13175000	13180000	3.181922489092951	13177500
chr12	13180000	13185000	1.6364235988663782	13182500
chr12	13185000	13190000	1.5538411778098271	13187500
chr12	13190000	13195000	2.01283024477522	13192500
chr12	13195000	13200000	1.0404533872176396	13197500
chr12	13200000	13205000	2.624365736983462	13202500
chr12	13205000	13210000	12.294975836844447	13207500
chr12	13210000	13215000	0.9387511708168031	13212500
chr12	13215000	13220000	1.2164460353965814	13217500
chr12	13220000	13225000	0.9318143559633476	13222500
chr12	13225000	13230000	1.1157705775638265	13227500
chr12	13230000	13235000	4.335920892892576	13232500
chr12	13235000	13240000	2.6717260351287453	13237500
chr12	13240000	13245000	3.1771758681320046	13242500
chr12	13245000	13250000	3.0859944718986028	13247500
chr12	13250000	13255000	4.3650677703760525	13252500
chr12	13255000	13260000	5.509711960678613	13257500
chr12	13260000	13265000	2.5220557549485005	13262500
chr12	13265000	13270000	6.53907170505937	13267500
chr12	13270000	13275000	2.982817941779816	13272500
chr12	13275000	13280000	3.3132868670466182	13277500
chr12	13280000	13285000	2.875542642392387	13282500
chr12	13285000	13290000	3.8252520690736302	13287500
chr12	13290000	13295000	3.373093894185059	13292500
chr12	13295000	13300000	15.635594482365864	13297500
chr12	13300000	13305000	1.7253697648573847	13302500
chr12	13305000	13310000	1.1982970485258153	13307500
chr12	13310000	13315000	1.1801534787888768	13312500
chr12	13315000	13320000	1.0189894066940965	13317500
chr12	13320000	13325000	1.6692607555764694	13322500
chr12	13325000	13330000	9.023739795811524	13327500
chr12	13330000	13335000	2.1691866415294254	13332500
chr12	13335000	13340000	1.0813539353864257	13337500
chr12	13340000	13345000	1.24777886944939	13342500
chr12	13345000	13350000	1.0047634359102595	13347500
chr12	13350000	13355000	1.860029261766771	13352500
chr12	13355000	13360000	1.4619137645632827	13357500
chr12	13360000	13365000	1.9447760544519939	13362500
chr12	13365000	13370000	1.799043167077889	13367500
chr12	13370000	13375000	0.5488366567126471	13372500
chr12	13375000	13380000	0.8123585263420501	13377500
chr12	13380000	13385000	0.5310269154289385	13382500
chr12	13385000	13390000	0.39832592007789797	13387500
chr12	13390000	13395000	1.225900731815098	13392500
chr12	13395000	13400000	1.130592936205943	13397500
chr12	13400000	13405000	1.1305929362059428	13402500
chr12	13405000	13410000	1.521257417684523	13407500
chr12	13410000	13415000	0.9617604849901887	13412500
chr12	13415000	13420000	2.174792018843365	13417500
chr12	13420000	13425000	1.9622420224718775	13422500
chr12	13425000	13430000	3.4745655648576976	13427500
chr12	13430000	13435000	3.8303956829132844	13432500
chr12	13435000	13440000	3.5785063659958545	13437500
chr12	13440000	13445000	2.9318665906969796	13442500
chr12	13445000	13450000	7.798221904649851	13447500
chr12	13450000	13455000	3.081719756328347	13452500
chr12	13455000	13460000	12.048663946027983	13457500
chr12	13460000	13465000	12.046426174694291	13462500
chr12	13465000	13470000	6.0253317252919985	13467500
chr12	13470000	13475000	4.564897274819395	13472500
chr12	13475000	13480000	5.502018884937161	13477500
chr12	13480000	13485000	2.2705986402494918	13482500
chr12	13485000	13490000	2.8735143082518904	13487500
chr12	13490000	13495000	4.871177706015758	13492500
chr12	13495000	13500000	3.09039873556421	13497500
chr12	13500000	13505000	3.6978292820294185	13502500
chr12	13505000	13510000	4.5041181038504225	13507500
chr12	13510000	13515000	4.934101244531941	13512500
chr12	13515000	13520000	2.6751332950518387	13517500
chr12	13520000	13525000	3.080969075448604	13522500
chr12	13525000	13530000	4.371134939035097	13527500
chr12	13530000	13535000	3.6516854414319013	13532500
chr12	13535000	13540000	5.487211924341441	13537500
chr12	13540000	13545000	3.5489095509956283	13542500
chr12	13545000	13550000	2.6382008501606915	13547500
chr12	13550000	13555000	3.6126047557462413	13552500
chr12	13555000	13560000	2.913990228806728	13557500
chr12	13560000	13565000	1.927073509465127	13562500
chr12	13565000	13570000	3.097761494560395	13567500
chr12	13570000	13575000	1.5043712737581516	13572500
chr12	13575000	13580000	6.952434654370013	13577500
chr12	13580000	13585000	0.9131079160529586	13582500
chr12	13585000	13590000	2.9950222892645	13587500
chr12	13590000	13595000	2.167220793807624	13592500
chr12	13595000	13600000	1.03851898994495	13597500
chr12	13600000	13605000	2.2879018571441936	13602500
chr12	13605000	13610000	3.0599268185415482	13607500
chr12	13610000	13615000	1.1331877830244141	13612500
chr12	13615000	13620000	1.1602015225270976	13617500
chr12	13620000	13625000	1.9001079698133956	13622500
chr12	13625000	13630000	1.4379823947566022	13627500
chr12	13630000	13635000	2.2698597449874303	13632500
chr12	13635000	13640000	2.1847067319800235	13637500
chr12	13640000	13645000	1.3497568069587187	13642500
chr12	13645000	13650000	1.604645629975227	13647500
chr12	13650000	13655000	0.6859294352792185	13652500
chr12	13655000	13660000	2.2709476360048204	13657500
chr12	13660000	13665000	2.3661716230323653	13662500
chr12	13665000	13670000	2.9735915229992846	13667500
chr12	13670000	13675000	1.5902507396643752	13672500
chr12	13675000	13680000	1.3218058297502657	13677500
chr12	13680000	13685000	1.4036559302078098	13682500
chr12	13685000	13690000	1.1369382614545318	13687500
chr12	13690000	13695000	1.6816077963766134	13692500
chr12	13695000	13700000	9.109349569942113	13697500
chr12	13700000	13705000	9.261373519597841	13702500
chr12	13705000	13710000	3.9713510181572667	13707500
chr12	13710000	13715000	3.9031818649405983	13712500
chr12	13715000	13720000	5.7139547236546075	13717500
chr12	13720000	13725000	2.373556336466161	13722500
chr12	13725000	13730000	1.9513401979541847	13727500
chr12	13730000	13735000	1.9117406102748165	13732500
chr12	13735000	13740000	3.1792061411512065	13737500
chr12	13740000	13745000	0.8756696425916833	13742500
chr12	13745000	13750000	0.975511178441193	13747500
chr12	13750000	13755000	0.6771333294924247	13752500
chr12	13755000	13760000	2.0784015939980334	13757500
chr12	13760000	13765000	9.8650123198685	13762500
chr12	13765000	13770000	2.84822959325306	13767500
chr12	13770000	13775000	0.9638693259074688	13772500
chr12	13775000	13780000	3.749922445273898	13777500
chr12	13780000	13785000	4.348735234211897	13782500
chr12	13785000	13790000	2.576956404570561	13787500
chr12	13790000	13795000	1.1874045559434847	13792500
chr12	13795000	13800000	0.9545908163552074	13797500
chr12	13800000	13805000	0.9224743733458409	13802500
chr12	13805000	13810000	1.0682227347004465	13807500
chr12	13810000	13815000	1.7487135118166224	13812500
chr12	13815000	13820000	2.1273660197393873	13817500
chr12	13820000	13825000	2.826315789130463	13822500
chr12	13825000	13830000	0.6961569420533646	13827500
chr12	13830000	13835000	1.7319656512265602	13832500
chr12	13835000	13840000	2.064894960713062	13837500
chr12	13840000	13845000	1.1010218174709727	13842500
chr12	13845000	13850000	1.1270145879031996	13847500
chr12	13850000	13855000	0.5409792389097192	13852500
chr12	13855000	13860000	1.1693227345938357	13857500
chr12	13860000	13865000	0.7989061300431161	13862500
chr12	13865000	13870000	0.7230386241101221	13867500
chr12	13870000	13875000	1.4461023866637734	13872500
chr12	13875000	13880000	1.0085184396382498	13877500
chr12	13880000	13885000	0.7574516373386356	13882500
chr12	13885000	13890000	1.6500539816345192	13887500
chr12	13890000	13895000	8.24564478695168	13892500
chr12	13895000	13900000	2.7948961936123022	13897500
chr12	13900000	13905000	1.259870936524294	13902500
chr12	13905000	13910000	0.9902545067577481	13907500
chr12	13910000	13915000	0.7755549981324154	13912500
chr12	13915000	13920000	0.5012704798415608	13917500
chr12	13920000	13925000	0.9403047810419798	13922500
chr12	13925000	13930000	1.8073516849949167	13927500
chr12	13930000	13935000	1.2502893402513695	13932500
chr12	13935000	13940000	1.1016342182096623	13937500
chr12	13940000	13945000	1.3600219708585455	13942500
chr12	13945000	13950000	1.1745939516754182	13947500
chr12	13950000	13955000	0.9163103440877225	13952500
chr12	13955000	13960000	0.8943955911004007	13957500
chr12	13960000	13965000	0.7702466863065014	13962500
chr12	13965000	13970000	0.8603367921475789	13967500
chr12	13970000	13975000	0.8876596491491113	13972500
chr12	13975000	13980000	0.3425243252130158	13977500
chr12	13980000	13985000	1.465812681957448	13982500
chr12	13985000	13990000	11.884542925458629	13987500
chr12	13990000	13995000	0.8434852996143939	13992500
chr12	13995000	14000000	0.6519863197994249	13997500
chr12	14000000	14005000	0.44494247071563375	14002500
chr12	14005000	14010000	1.586831608613022	14007500
chr12	14010000	14015000	1.44625366341897	14012500
chr12	14015000	14020000	0.4645401361778239	14017500
chr12	14020000	14025000	0.6441556812134018	14022500
chr12	14025000	14030000	2.170751989316027	14027500
chr12	14030000	14035000	1.551396882110938	14032500
chr12	14035000	14040000	0.5227617793675331	14037500
chr12	14040000	14045000	0.6251617719545219	14042500
chr12	14045000	14050000	0.5485480797722091	14047500
chr12	14050000	14055000	0.778950046936964	14052500
chr12	14055000	14060000	1.6917583021287952	14057500
chr12	14060000	14065000	2.4780339375733984	14062500
chr12	14065000	14070000	2.634728332322254	14067500
chr12	14070000	14075000	0.4509907660685117	14072500
chr12	14075000	14080000	0.4509907660685115	14077500
chr12	14080000	14085000	0.5636154080631084	14082500
chr12	14085000	14090000	0.8712008296512117	14087500
chr12	14090000	14095000	0.15490401004910234	14092500
chr12	14095000	14100000	0.2929630297723191	14097500
chr12	14100000	14105000	0.38286899257041257	14102500
chr12	14105000	14110000	0.41743635044233457	14107500
chr12	14110000	14115000	0.45992792080024436	14112500
chr12	14115000	14120000	0.8932646472615234	14117500
chr12	14120000	14125000	1.6617692069179255	14122500
chr12	14125000	14130000	1.3217473010232226	14127500
chr12	14130000	14135000	0.8449779861449792	14132500
chr12	14135000	14140000	0.9420491780145678	14137500
chr12	14140000	14145000	3.3207832717003893	14142500
chr12	14145000	14150000	2.592699759620065	14147500
chr12	14150000	14155000	0.4405041428109139	14152500
chr12	14155000	14160000	0.12797249922218737	14157500
chr12	14160000	14165000	0.4241601982314662	14162500
chr12	14165000	14170000	0.5462853466832069	14167500
chr12	14170000	14175000	1.236207599329458	14172500
chr12	14175000	14180000	2.421140997226925	14177500
chr12	14180000	14185000	3.0784697259573393	14182500
chr12	14185000	14190000	2.2816079862276153	14187500
chr12	14190000	14195000	3.0095033718036435	14192500
chr12	14195000	14200000	2.9544300167346793	14197500
chr12	14200000	14205000	1.2182954443786818	14202500
chr12	14205000	14210000	0.8375254221177151	14207500
chr12	14210000	14215000	0.913267184387585	14212500
chr12	14215000	14220000	2.8066351420946396	14217500
chr12	14220000	14225000	1.5943838150607421	14222500
chr12	14225000	14230000	2.4894827128973387	14227500
chr12	14230000	14235000	1.7766902772627962	14232500
chr12	14235000	14240000	0.9133454684205875	14237500
chr12	14240000	14245000	5.714125071895051	14242500
chr12	14245000	14250000	0.4234360806785711	14247500
chr12	14250000	14255000	0.3317244421441294	14252500
chr12	14255000	14260000	0.12059231549839874	14257500
chr12	14260000	14265000	0.21107860547444626	14262500
chr12	14265000	14270000	0.3656024240204054	14267500
chr12	14270000	14275000	1.3079814931277436	14272500
chr12	14275000	14280000	0.5557532984411782	14277500
chr12	14280000	14285000	0.44474969327547453	14282500
chr12	14285000	14290000	0.46256344990654424	14287500
chr12	14290000	14295000	0.5691393417276849	14292500
chr12	14295000	14300000	0.35024574903967376	14297500
chr12	14300000	14305000	0.2128907987068836	14302500
chr12	14305000	14310000	0.21239205743869893	14307500
chr12	14310000	14315000	0.45000364609074284	14312500
chr12	14315000	14320000	1.8229546964013514	14317500
chr12	14320000	14325000	0.18233306159903637	14322500
chr12	14325000	14330000	1.5488523599958024	14327500
chr12	14330000	14335000	0.3729011672904356	14332500
chr12	14335000	14340000	0.34190328481956517	14337500
chr12	14340000	14345000	0.48860107277671033	14342500
chr12	14345000	14350000	0.3235953081374334	14347500
chr12	14350000	14355000	0.7507565320281904	14352500
chr12	14355000	14360000	0.6615352359860109	14357500
chr12	14360000	14365000	0.7657430982206931	14362500
chr12	14365000	14370000	1.5899068499710873	14367500
chr12	14370000	14375000	1.189233503581094	14372500
chr12	14375000	14380000	1.444252598718905	14377500
chr12	14380000	14385000	1.0031183534787484	14382500
chr12	14385000	14390000	1.3806601318484666	14387500
chr12	14390000	14395000	1.4530413246395972	14392500
chr12	14395000	14400000	1.1246458810136124	14397500
chr12	14400000	14405000	1.5654890421320315	14402500
chr12	14405000	14410000	1.897351201080624	14407500
chr12	14410000	14415000	1.705543181328025	14412500
chr12	14415000	14420000	0.6345762328983419	14417500
chr12	14420000	14425000	1.7891880999702332	14422500
chr12	14425000	14430000	2.743649029678617	14427500
chr12	14430000	14435000	1.329153430815845	14432500
chr12	14435000	14440000	2.6921482908212746	14437500
chr12	14440000	14445000	1.6493674070482287	14442500
chr12	14445000	14450000	2.185917964327959	14447500
chr12	14450000	14455000	1.0146502815914427	14452500
chr12	14455000	14460000	0.5842150758982334	14457500
chr12	14460000	14465000	1.0307330498739626	14462500
chr12	14465000	14470000	0.38330318621725057	14467500
chr12	14470000	14475000	0.42772276224203587	14472500
chr12	14475000	14480000	0.5415705743290413	14477500
chr12	14480000	14485000	0.8494301055088456	14482500
chr12	14485000	14490000	1.7053560839080304	14487500
chr12	14490000	14495000	0.6178406535069811	14492500
chr12	14495000	14500000	0.24132396058183203	14497500
chr12	14500000	14505000	1.0462804911489787	14502500
chr12	14505000	14510000	0.692533656494275	14507500
chr12	14510000	14515000	1.0491515479369886	14512500
chr12	14515000	14520000	8.895178554930961	14517500
chr12	14520000	14525000	0.8264382133559447	14522500
chr12	14525000	14530000	0.4608055833280826	14527500
chr12	14530000	14535000	0.2979993443571036	14532500
chr12	14535000	14540000	0.18139955075346428	14537500
chr12	14540000	14545000	0.27106086895453557	14542500
chr12	14545000	14550000	0.34907878539840953	14547500
chr12	14550000	14555000	0.31496795358887875	14552500
chr12	14555000	14560000	0.39327274805323015	14557500
chr12	14560000	14565000	0.6897327275332319	14562500
chr12	14565000	14570000	0.70935446433465	14567500
chr12	14570000	14575000	1.032624941998743	14572500
chr12	14575000	14580000	0.5820583671195144	14577500
chr12	14580000	14585000	0.658885580577519	14582500
chr12	14585000	14590000	0.356023926895173	14587500
chr12	14590000	14595000	0.32862549244126693	14592500
chr12	14595000	14600000	0.65274481346349	14597500
chr12	14600000	14605000	0.265528261253322	14602500
chr12	14605000	14610000	0.38683735587270723	14607500
chr12	14610000	14615000	0.7967965237919058	14612500
chr12	14615000	14620000	0.9735469227308271	14617500
chr12	14620000	14625000	1.9756036039075093	14622500
chr12	14625000	14630000	0.703430683589906	14627500
chr12	14630000	14635000	0.6611895850198068	14632500
chr12	14635000	14640000	1.760364827760727	14637500
chr12	14640000	14645000	4.787228806555121	14642500
chr12	14645000	14650000	0.772104142410573	14647500
chr12	14650000	14655000	1.3369361520876335	14652500
chr12	14655000	14660000	1.5653461573279657	14657500
chr12	14660000	14665000	2.0723404627885995	14662500
chr12	14665000	14670000	1.5892129742643655	14667500
chr12	14670000	14675000	0.9905830771255165	14672500
chr12	14675000	14680000	1.7633068495223163	14677500
chr12	14680000	14685000	1.003866122816712	14682500
chr12	14685000	14690000	2.1606374854871175	14687500
chr12	14690000	14695000	1.3633220173858172	14692500
chr12	14695000	14700000	2.7479648815369626	14697500
chr12	14700000	14705000	1.9246227355290637	14702500
chr12	14705000	14710000	3.09522481772752	14707500
chr12	14710000	14715000	1.6355676577585487	14712500
chr12	14715000	14720000	3.8603996120360704	14717500
chr12	14720000	14725000	4.358072174918783	14722500
chr12	14725000	14730000	0.8160742004587435	14727500
chr12	14730000	14735000	0.8219541070446681	14732500
chr12	14735000	14740000	0.2875917358029984	14737500
chr12	14740000	14745000	1.3908493392438224	14742500
chr12	14745000	14750000	0.4240310707677577	14747500
chr12	14750000	14755000	0.6038708439680965	14752500
chr12	14755000	14760000	1.8981458187908606	14757500
chr12	14760000	14765000	0.3999585910942109	14762500
chr12	14765000	14770000	0.6745682944450843	14767500
chr12	14770000	14775000	1.2126772120692655	14772500
chr12	14775000	14780000	1.7043955391276764	14777500
chr12	14780000	14785000	0.3210820899613227	14782500
chr12	14785000	14790000	0.32905408041995277	14787500
chr12	14790000	14795000	0.3471779850123475	14792500
chr12	14795000	14800000	0.49641189478718645	14797500
chr12	14800000	14805000	0.09364009701745028	14802500
chr12	14805000	14810000	0.3245937831412377	14807500
chr12	14810000	14815000	0.08474994042925191	14812500
chr12	14820000	14825000	0.07822155838442914	14822500
chr12	14830000	14835000	0.07822155838442914	14832500
chr12	14835000	14840000	0.07822155838442914	14837500
chr12	14840000	14845000	0.07822155838442914	14842500
chr12	14845000	14850000	0.07822155838442066	14847500
chr12	14850000	14855000	0.16622195565635436	14852500
chr12	14855000	14860000	0.1700137135898867	14857500
chr12	14860000	14865000	0.3405474964105043	14862500
chr12	15055000	15060000	0.34250349931256074	15057500
chr12	15250000	15255000	0.8734673027766355	15252500
chr12	15255000	15260000	1.0004330993390262	15257500
chr12	15260000	15265000	0.5482590873076778	15262500
chr12	15265000	15270000	0.8223628657681217	15267500
chr12	15270000	15275000	0.1310747477792079	15272500
chr12	15275000	15280000	0.510269720497612	15277500
chr12	15280000	15285000	0.2532563736198641	15282500
chr12	15285000	15290000	0.21445166855206227	15287500
chr12	15290000	15295000	0.20298766049817918	15292500
chr12	15295000	15300000	0.29085121023243515	15297500
chr12	15300000	15305000	0.32076212781422575	15302500
chr12	15305000	15310000	0.44501703167319007	15307500
chr12	15310000	15315000	0.3645584415340216	15312500
chr12	15315000	15320000	1.36691888752676	15317500
chr12	15320000	15325000	1.627045913467089	15322500
chr12	15325000	15330000	0.6357100870441722	15327500
chr12	15330000	15335000	0.7561893068231522	15332500
chr12	15335000	15340000	1.3460728911461624	15337500
chr12	15340000	15345000	1.0973618750569443	15342500
chr12	15345000	15350000	1.9419872050072966	15347500
chr12	15350000	15355000	2.8706424365725365	15352500
chr12	15355000	15360000	3.5791622502322435	15357500
chr12	15360000	15365000	1.0618281449004232	15362500
chr12	15365000	15370000	0.41759423550351754	15367500
chr12	15370000	15375000	0.7515798358451533	15372500
chr12	15375000	15380000	0.4169862833652668	15377500
chr12	15380000	15385000	1.2642566956938963	15382500
chr12	15385000	15390000	0.8299824074029998	15387500
chr12	15390000	15395000	0.632181128595513	15392500
chr12	15395000	15400000	0.5580950172440866	15397500
chr12	15400000	15405000	0.24321001962726949	15402500
chr12	15405000	15410000	0.0940065743577551	15407500
chr12	15410000	15415000	0.20442896300015276	15412500
chr12	15415000	15420000	0.23207169440415273	15417500
chr12	15420000	15425000	0.6637017089475166	15422500
chr12	15425000	15430000	3.9050213255748227	15427500
chr12	15430000	15435000	3.8112700520686005	15432500
chr12	15435000	15440000	2.0704657525596573	15437500
chr12	15440000	15445000	1.3335778267887606	15442500
chr12	15445000	15450000	0.9851146683237156	15447500
chr12	15450000	15455000	1.3051553383057102	15452500
chr12	15455000	15460000	1.587031515980135	15457500
chr12	15460000	15465000	2.9078011914102393	15462500
chr12	15465000	15470000	1.351259037010772	15467500
chr12	15470000	15475000	1.7034429225536327	15472500
chr12	15475000	15480000	1.3795778848563727	15477500
chr12	15480000	15485000	1.0370435488436935	15482500
chr12	15485000	15490000	0.9374551515244799	15487500
chr12	15490000	15495000	1.0934840396514358	15492500
chr12	15495000	15500000	1.4487988409961903	15497500
chr12	15500000	15505000	1.6328446309606244	15502500
chr12	15505000	15510000	1.5541466728405768	15507500
chr12	15510000	15515000	1.3870610078365913	15512500
chr12	15515000	15520000	2.733870677487344	15517500
chr12	15520000	15525000	4.198816575595162	15522500
chr12	15525000	15530000	3.5838305356408475	15527500
chr12	15530000	15535000	1.256126022325808	15532500
chr12	15535000	15540000	1.651499590313789	15537500
chr12	15540000	15545000	1.1823775832416301	15542500
chr12	15545000	15550000	1.4905501800934753	15547500
chr12	15550000	15555000	1.2233653752377132	15552500
chr12	15555000	15560000	1.2043041890007156	15557500
chr12	15560000	15565000	0.7816646952406617	15562500
chr12	15565000	15570000	0.7803312615420311	15567500
chr12	15570000	15575000	0.6911385617360536	15572500
chr12	15575000	15580000	1.3823939720215401	15577500
chr12	15580000	15585000	1.018460354562081	15582500
chr12	15585000	15590000	1.5988950118776677	15587500
chr12	15590000	15595000	1.078169641787716	15592500
chr12	15595000	15600000	1.9620924612353379	15597500
chr12	15600000	15605000	1.5028035151089234	15602500
chr12	15605000	15610000	0.6715760219588909	15607500
chr12	15610000	15615000	0.993021769497736	15612500
chr12	15615000	15620000	1.7058032283002484	15617500
chr12	15620000	15625000	2.2334823571641063	15622500
chr12	15625000	15630000	1.286572508513107	15627500
chr12	15630000	15635000	2.859178861871009	15632500
chr12	15635000	15640000	1.1274197059340938	15637500
chr12	15640000	15645000	0.9301533389308013	15642500
chr12	15645000	15650000	0.5838868211089068	15647500
chr12	15650000	15655000	0.17481326417001697	15652500
chr12	15655000	15660000	0.47459306605728224	15657500
chr12	15660000	15665000	0.4538119983255288	15662500
chr12	15665000	15670000	0.2398387318361181	15667500
chr12	15670000	15675000	0.949784462045118	15672500
chr12	15675000	15680000	1.2460189605029284	15677500
chr12	15680000	15685000	0.6841774035640351	15682500
chr12	15685000	15690000	0.6368869744647212	15687500
chr12	15690000	15695000	0.5910196663326125	15692500
chr12	15695000	15700000	0.3127100979995019	15697500
chr12	15700000	15705000	0.8122225840393038	15702500
chr12	15705000	15710000	0.9824141640582875	15707500
chr12	15710000	15715000	0.8494940661765734	15712500
chr12	15715000	15720000	1.6201279060939302	15717500
chr12	15720000	15725000	2.0905495007613073	15722500
chr12	15725000	15730000	1.213096666554064	15727500
chr12	15730000	15735000	1.7786290108066847	15732500
chr12	15735000	15740000	2.6715565109116204	15737500
chr12	15740000	15745000	1.9915606754190194	15742500
chr12	15745000	15750000	0.8940925436766374	15747500
chr12	15750000	15755000	0.2671686072604277	15752500
chr12	15755000	15760000	1.1758073557272353	15757500
chr12	15760000	15765000	4.997997396342301	15762500
chr12	15765000	15770000	6.154637569452135	15767500
chr12	15770000	15775000	4.170588071015888	15772500
chr12	15775000	15780000	3.5643435296021146	15777500
chr12	15780000	15785000	1.4570766931404617	15782500
chr12	15785000	15790000	3.877148751818837	15787500
chr12	15790000	15795000	5.072767374862594	15792500
chr12	15795000	15800000	3.173255855337536	15797500
chr12	15800000	15805000	4.75755318592325	15802500
chr12	15805000	15810000	2.412970017639276	15807500
chr12	15810000	15815000	2.6721730386737037	15812500
chr12	15815000	15820000	2.1995365587493256	15817500
chr12	15820000	15825000	1.7678446883243892	15822500
chr12	15825000	15830000	2.3286447666200343	15827500
chr12	15830000	15835000	6.5405777187743235	15832500
chr12	15835000	15840000	3.2036059029827832	15837500
chr12	15840000	15845000	3.322870958262412	15842500
chr12	15845000	15850000	7.317005045657013	15847500
chr12	15850000	15855000	2.7199314483560455	15852500
chr12	15855000	15860000	2.39093373542845	15857500
chr12	15860000	15865000	2.3385007070436536	15862500
chr12	15865000	15870000	2.6142426592213988	15867500
chr12	15870000	15875000	2.609531934094341	15872500
chr12	15875000	15880000	2.0764518544396786	15877500
chr12	15880000	15885000	1.9572859673328724	15882500
chr12	15885000	15890000	3.6257787401378447	15887500
chr12	15890000	15895000	4.241147571827191	15892500
chr12	15895000	15900000	2.1827825434955868	15897500
chr12	15900000	15905000	9.068696989387144	15902500
chr12	15905000	15910000	3.588401350301247	15907500
chr12	15910000	15915000	3.2111829477770235	15912500
chr12	15915000	15920000	0.46376062436159005	15917500
chr12	15920000	15925000	0.3999062550153017	15922500
chr12	15925000	15930000	0.3999062550152968	15927500
chr12	15930000	15935000	2.084337816558659	15932500
chr12	15935000	15940000	1.2343899619583383	15937500
chr12	15940000	15945000	1.458573373586873	15942500
chr12	15945000	15950000	1.3217366777421007	15947500
chr12	15950000	15955000	0.9146134610417359	15952500
chr12	15955000	15960000	3.224371355616467	15957500
chr12	15960000	15965000	4.8471640245433	15962500
chr12	15965000	15970000	5.404789945244248	15967500
chr12	15970000	15975000	2.96706035110641	15972500
chr12	15975000	15980000	4.904998621133956	15977500
chr12	15980000	15985000	4.382786047816788	15982500
chr12	15985000	15990000	7.266653975924651	15987500
chr12	15990000	15995000	6.233972457954101	15992500
chr12	15995000	16000000	3.765074954101511	15997500
chr12	16000000	16005000	1.441804890959555	16002500
chr12	16005000	16010000	2.776099884792556	16007500
chr12	16010000	16015000	3.5806472244390783	16012500
chr12	16015000	16020000	2.4539038306878957	16017500
chr12	16020000	16025000	2.644425494563301	16022500
chr12	16025000	16030000	4.647113853741676	16027500
chr12	16030000	16035000	2.416654724904399	16032500
chr12	16035000	16040000	1.4467820003032288	16037500
chr12	16040000	16045000	1.1721592191351942	16042500
chr12	16045000	16050000	1.932267129277603	16047500
chr12	16050000	16055000	3.1827358268790036	16052500
chr12	16055000	16060000	1.5736556466196154	16057500
chr12	16060000	16065000	2.1344195793039633	16062500
chr12	16065000	16070000	3.2263974037527565	16067500
chr12	16070000	16075000	3.207608616996261	16072500
chr12	16075000	16080000	5.896567688263025	16077500
chr12	16080000	16085000	6.20712941005125	16082500
chr12	16085000	16090000	5.099251156166619	16087500
chr12	16090000	16095000	3.397524390515966	16092500
chr12	16095000	16100000	3.749233652132696	16097500
chr12	16100000	16105000	4.79000775938723	16102500
chr12	16105000	16110000	4.089063603064829	16107500
chr12	16110000	16115000	3.568050316505488	16112500
chr12	16115000	16120000	4.2147638470997535	16117500
chr12	16120000	16125000	4.509884551242711	16122500
chr12	16125000	16130000	3.06728349499954	16127500
chr12	16130000	16135000	4.012537341034842	16132500
chr12	16135000	16140000	5.639072624486272	16137500
chr12	16140000	16145000	4.180496982100399	16142500
chr12	16145000	16150000	2.587759724774442	16147500
chr12	16150000	16155000	1.6116378732233436	16152500
chr12	16155000	16160000	2.502759645157176	16157500
chr12	16160000	16165000	2.9951373718502596	16162500
chr12	16165000	16170000	3.557276219367296	16167500
chr12	16170000	16175000	2.38779350685085	16172500
chr12	16175000	16180000	3.13822197888628	16177500
chr12	16180000	16185000	3.060025998266796	16182500
chr12	16185000	16190000	4.305886201504619	16187500
chr12	16190000	16195000	6.226291174809603	16192500
chr12	16195000	16200000	3.4325587755668687	16197500
chr12	16200000	16205000	5.643540096638039	16202500
chr12	16205000	16210000	4.57428709922931	16207500
chr12	16210000	16215000	2.823492712206404	16212500
chr12	16215000	16220000	3.904950433597174	16217500
chr12	16220000	16225000	3.7862581842743315	16222500
chr12	16225000	16230000	4.828403140656861	16227500
chr12	16230000	16235000	2.204278726667002	16232500
chr12	16235000	16240000	0.9188861339554297	16237500
chr12	16240000	16245000	2.2811491802102895	16242500
chr12	16245000	16250000	2.6267597746906834	16247500
chr12	16250000	16255000	1.664185355334875	16252500
chr12	16255000	16260000	2.6289573515446647	16257500
chr12	16260000	16265000	1.093667063637554	16262500
chr12	16265000	16270000	6.628742462019429	16267500
chr12	16270000	16275000	2.246670505590366	16272500
chr12	16275000	16280000	1.108848550367126	16277500
chr12	16280000	16285000	1.6741692200431775	16282500
chr12	16285000	16290000	5.275660072892941	16287500
chr12	16290000	16295000	2.0701279521483866	16292500
chr12	16295000	16300000	8.705409817157912	16297500
chr12	16300000	16305000	11.018670157316706	16302500
chr12	16305000	16310000	3.5493821874628297	16307500
chr12	16310000	16315000	2.908749745363992	16312500
chr12	16315000	16320000	3.142819961791298	16317500
chr12	16320000	16325000	2.9763655557566286	16322500
chr12	16325000	16330000	3.0957646942243287	16327500
chr12	16330000	16335000	5.405660180229089	16332500
chr12	16335000	16340000	5.348211368599504	16337500
chr12	16340000	16345000	2.8878275364094534	16342500
chr12	16345000	16350000	1.1089995435814493	16347500
chr12	16350000	16355000	2.6743655753175766	16352500
chr12	16355000	16360000	3.5562871763573867	16357500
chr12	16360000	16365000	2.4369024744706995	16362500
chr12	16365000	16370000	2.3403941815286977	16367500
chr12	16370000	16375000	2.76302418927992	16372500
chr12	16375000	16380000	0.72940731702132	16377500
chr12	16380000	16385000	1.650974384312223	16382500
chr12	16385000	16390000	2.237234869988867	16387500
chr12	16390000	16395000	2.978303006940182	16392500
chr12	16395000	16400000	1.996564011862205	16397500
chr12	16400000	16405000	2.3835236048044326	16402500
chr12	16405000	16410000	2.336698161704786	16407500
chr12	16410000	16415000	2.189544435718639	16412500
chr12	16415000	16420000	2.4471945975747635	16417500
chr12	16420000	16425000	2.5465415089829686	16422500
chr12	16425000	16430000	1.7643862556360521	16427500
chr12	16430000	16435000	1.9910025028298044	16432500
chr12	16435000	16440000	1.6197965790754651	16437500
chr12	16440000	16445000	3.360793780779272	16442500
chr12	16445000	16450000	4.148052761700281	16447500
chr12	16450000	16455000	6.87738788932062	16452500
chr12	16455000	16460000	4.076892895760184	16457500
chr12	16460000	16465000	4.208159126365162	16462500
chr12	16465000	16470000	5.061554116518156	16467500
chr12	16470000	16475000	2.9240377655780727	16472500
chr12	16475000	16480000	1.056555901919959	16477500
chr12	16480000	16485000	0.2977077961585729	16482500
chr12	16485000	16490000	0.20953440319305186	16487500
chr12	16490000	16495000	0.9164950887729042	16492500
chr12	16495000	16500000	1.5366452618436817	16497500
chr12	16500000	16505000	0.923458869376719	16502500
chr12	16505000	16510000	1.6211290701188417	16507500
chr12	16510000	16515000	0.9791151594163896	16512500
chr12	16515000	16520000	1.5288080931307517	16517500
chr12	16520000	16525000	0.957059868604793	16522500
chr12	16525000	16530000	1.3421448771307534	16527500
chr12	16530000	16535000	2.8138710569430088	16532500
chr12	16535000	16540000	1.2817496728766131	16537500
chr12	16540000	16545000	1.7874933930885148	16542500
chr12	16545000	16550000	3.692361523447616	16547500
chr12	16550000	16555000	2.5004279626476977	16552500
chr12	16555000	16560000	2.402603909696341	16557500
chr12	16560000	16565000	2.4212568925070106	16562500
chr12	16565000	16570000	1.5937501415107294	16567500
chr12	16570000	16575000	0.9775868926255558	16572500
chr12	16575000	16580000	3.3741008577616523	16577500
chr12	16580000	16585000	2.300698036484073	16582500
chr12	16585000	16590000	1.6520601357258953	16587500
chr12	16590000	16595000	1.612433339937679	16592500
chr12	16595000	16600000	1.5303089702992692	16597500
chr12	16600000	16605000	2.7194879933730682	16602500
chr12	16605000	16610000	3.71741165533315	16607500
chr12	16610000	16615000	1.707642541823274	16612500
chr12	16615000	16620000	2.5768268548150393	16617500
chr12	16620000	16625000	3.240843999375571	16622500
chr12	16625000	16630000	0.6571374607331101	16627500
chr12	16630000	16635000	1.2695939375922372	16632500
chr12	16635000	16640000	1.4542818529605313	16637500
chr12	16640000	16645000	3.4340957064323145	16642500
chr12	16645000	16650000	1.9105276938863147	16647500
chr12	16650000	16655000	2.9279761255420085	16652500
chr12	16655000	16660000	2.631751485621336	16657500
chr12	16660000	16665000	3.047598260908012	16662500
chr12	16665000	16670000	1.932884357533192	16667500
chr12	16670000	16675000	1.903883535873045	16672500
chr12	16675000	16680000	3.084298027419685	16677500
chr12	16680000	16685000	4.598720291945236	16682500
chr12	16685000	16690000	2.9948101976316326	16687500
chr12	16690000	16695000	3.1860759945926516	16692500
chr12	16695000	16700000	3.073043157638452	16697500
chr12	16700000	16705000	2.983545862810309	16702500
chr12	16705000	16710000	5.155547377971315	16707500
chr12	16710000	16715000	4.514860907778115	16712500
chr12	16715000	16720000	3.6922682141681786	16717500
chr12	16720000	16725000	2.823210101162591	16722500
chr12	16725000	16730000	2.760881891985682	16727500
chr12	16730000	16735000	1.9823155963652366	16732500
chr12	16735000	16740000	2.672681757323068	16737500
chr12	16740000	16745000	4.849417772924011	16742500
chr12	16745000	16750000	2.6892760659104074	16747500
chr12	16750000	16755000	2.1849591241571287	16752500
chr12	16755000	16760000	1.8539600868425876	16757500
chr12	16760000	16765000	1.0387096936228999	16762500
chr12	16765000	16770000	1.032994525987358	16767500
chr12	16770000	16775000	0.918722296101065	16772500
chr12	16775000	16780000	1.5610951475388009	16777500
chr12	16780000	16785000	2.600989798534955	16782500
chr12	16785000	16790000	1.4113791910309745	16787500
chr12	16790000	16795000	0.7982799246981505	16792500
chr12	16795000	16800000	0.8168134511126768	16797500
chr12	16800000	16805000	3.3492811758721754	16802500
chr12	16805000	16810000	4.14474957573994	16807500
chr12	16810000	16815000	1.555081252277858	16812500
chr12	16815000	16820000	0.8608328485034975	16817500
chr12	16820000	16825000	0.8826968153255149	16822500
chr12	16825000	16830000	2.905591112824594	16827500
chr12	16830000	16835000	2.972981968631435	16832500
chr12	16835000	16840000	3.7158760328874894	16837500
chr12	16840000	16845000	3.8344033111051945	16842500
chr12	16845000	16850000	3.3882732746173723	16847500
chr12	16850000	16855000	2.804844825556061	16852500
chr12	16855000	16860000	1.6182723844372735	16857500
chr12	16860000	16865000	1.0245309034840204	16862500
chr12	16865000	16870000	0.7910421935305703	16867500
chr12	16870000	16875000	1.5267796678920287	16872500
chr12	16875000	16880000	1.1231476166883023	16877500
chr12	16880000	16885000	0.8542975793071765	16882500
chr12	16885000	16890000	0.8046563739965079	16887500
chr12	16890000	16895000	0.6659401624530801	16892500
chr12	16895000	16900000	1.075902350016433	16897500
chr12	16900000	16905000	2.480143019944677	16902500
chr12	16905000	16910000	2.1418450683317216	16907500
chr12	16910000	16915000	2.716832428667805	16912500
chr12	16915000	16920000	3.1436068867076075	16917500
chr12	16920000	16925000	0.7706807595624999	16922500
chr12	16925000	16930000	2.2798844624874377	16927500
chr12	16930000	16935000	2.985022957416998	16932500
chr12	16935000	16940000	2.1279979672347147	16937500
chr12	16940000	16945000	1.167889299312612	16942500
chr12	16945000	16950000	1.2317414353737055	16947500
chr12	16950000	16955000	1.0442959488231982	16952500
chr12	16955000	16960000	1.7795358068728369	16957500
chr12	16960000	16965000	3.4326868342401387	16962500
chr12	16965000	16970000	2.9629801532417663	16967500
chr12	16970000	16975000	0.7962950860202734	16972500
chr12	16975000	16980000	0.4814053560219878	16977500
chr12	16980000	16985000	0.7364892052058021	16982500
chr12	16985000	16990000	0.5390783732285139	16987500
chr12	16990000	16995000	0.13324191666097487	16992500
chr12	16995000	17000000	0.2299222149573879	16997500
chr12	17000000	17005000	0.12914652681381666	17002500
chr12	17005000	17010000	0.2169180146684146	17007500
chr12	17010000	17015000	1.8011186210219432	17012500
chr12	17015000	17020000	0.45159279264403734	17017500
chr12	17020000	17025000	0.4588622740906141	17022500
chr12	17025000	17030000	0.2719889059344567	17027500
chr12	17030000	17035000	0.1346543103502361	17032500
chr12	17035000	17040000	0.16948516023660087	17037500
chr12	17040000	17045000	0.47231449177640633	17042500
chr12	17045000	17050000	0.42502868805726146	17047500
chr12	17050000	17055000	0.9029563563024646	17052500
chr12	17055000	17060000	1.525858653898397	17057500
chr12	17060000	17065000	1.8756130779938969	17062500
chr12	17065000	17070000	2.5234556798548393	17067500
chr12	17070000	17075000	1.7374796687861427	17072500
chr12	17075000	17080000	1.8478870351083871	17077500
chr12	17080000	17085000	1.9019360512683279	17082500
chr12	17085000	17090000	0.7995055183476705	17087500
chr12	17090000	17095000	1.3039545525709269	17092500
chr12	17095000	17100000	0.4044307528250922	17097500
chr12	17100000	17105000	0.4783924265241519	17102500
chr12	17105000	17110000	1.948145414218667	17107500
chr12	17110000	17115000	2.4995861724441437	17112500
chr12	17115000	17120000	15.148743752987997	17117500
chr12	17240000	17245000	3.5840259462551813	17242500
chr12	17360000	17365000	3.5840259462551813	17362500
chr12	17365000	17370000	3.5840259462551813	17367500
chr12	17370000	17375000	2.628971027161368	17372500
chr12	17375000	17380000	0.9852494481009499	17377500
chr12	17390000	17395000	2.2694909179503204	17392500
chr12	17405000	17410000	1.3545277697470197	17407500
chr12	17410000	17415000	0.3322181455405776	17412500
chr12	17415000	17420000	0.2407277908084554	17417500
chr12	17420000	17425000	0.8196320588344838	17422500
chr12	17425000	17430000	0.38140192201020195	17427500
chr12	17430000	17435000	0.2529074924611903	17432500
chr12	17435000	17440000	0.7435533078191278	17437500
chr12	17440000	17445000	0.9373220352199287	17442500
chr12	17445000	17450000	1.0803091854356779	17447500
chr12	17450000	17455000	0.7856192001453416	17452500
chr12	17455000	17460000	0.7755036138717061	17457500
chr12	17460000	17465000	0.986188660763562	17462500
chr12	17465000	17470000	2.583611809079297	17467500
chr12	17470000	17475000	2.76613191754275	17472500
chr12	17475000	17480000	2.080909992874937	17477500
chr12	17480000	17485000	4.442635857153596	17482500
chr12	17485000	17490000	2.8616859358645113	17487500
chr12	17490000	17495000	2.762374434591458	17492500
chr12	17495000	17500000	3.818762708771264	17497500
chr12	17500000	17505000	0.7955027431008616	17502500
chr12	17505000	17510000	2.434726715324089	17507500
chr12	17510000	17515000	2.394129201549086	17512500
chr12	17515000	17520000	2.692887408187436	17517500
chr12	17520000	17525000	2.7164441351032003	17522500
chr12	17525000	17530000	4.9362419578820695	17527500
chr12	17530000	17535000	3.825499176179109	17532500
chr12	17535000	17540000	1.4702005395113102	17537500
chr12	17540000	17545000	2.254260513351197	17542500
chr12	17545000	17550000	1.7664792293856286	17547500
chr12	17550000	17555000	3.1060648205329464	17552500
chr12	17555000	17560000	1.6647520703634735	17557500
chr12	17560000	17565000	2.2479427821098223	17562500
chr12	17565000	17570000	2.5475071391716795	17567500
chr12	17570000	17575000	3.261685846460782	17572500
chr12	17575000	17580000	4.414441304350728	17577500
chr12	17580000	17585000	5.065322625695346	17582500
chr12	17585000	17590000	5.559543055728447	17587500
chr12	17590000	17595000	5.0807637018348455	17592500
chr12	17595000	17600000	4.05013426197653	17597500
chr12	17600000	17605000	4.65062526522752	17602500
chr12	17605000	17610000	5.844723161931891	17607500
chr12	17610000	17615000	9.44506202558975	17612500
chr12	17615000	17620000	3.6023038637534635	17617500
chr12	17620000	17625000	3.8798885007055737	17622500
chr12	17625000	17630000	4.8960939574796765	17627500
chr12	17630000	17635000	3.2760742918334373	17632500
chr12	17635000	17640000	3.6083732873823795	17637500
chr12	17640000	17645000	4.320381405991309	17642500
chr12	17645000	17650000	3.925067132454022	17647500
chr12	17650000	17655000	5.874070325758207	17652500
chr12	17655000	17660000	4.7689913796274555	17657500
chr12	17660000	17665000	1.175272473663766	17662500
chr12	17665000	17670000	2.3455395509132067	17667500
chr12	17670000	17675000	4.198350642193381	17672500
chr12	17675000	17680000	6.485752050833241	17677500
chr12	17680000	17685000	4.2174295193179026	17682500
chr12	17685000	17690000	2.785791804285857	17687500
chr12	17690000	17695000	2.0553443007640833	17692500
chr12	17695000	17700000	2.423417849442589	17697500
chr12	17700000	17705000	4.7863448297615365	17702500
chr12	17705000	17710000	3.585051483818298	17707500
chr12	17710000	17715000	3.0953664375448278	17712500
chr12	17715000	17720000	3.0914671012241413	17717500
chr12	17720000	17725000	4.746693322021509	17722500
chr12	17725000	17730000	4.85917605059663	17727500
chr12	17730000	17735000	5.6118480881430814	17732500
chr12	17735000	17740000	4.209013068026757	17737500
chr12	17740000	17745000	4.333481757305571	17742500
chr12	17745000	17750000	4.942901126357831	17747500
chr12	17750000	17755000	4.445871423181477	17752500
chr12	17755000	17760000	5.614852714934108	17757500
chr12	17760000	17765000	6.44366496086417	17762500
chr12	17765000	17770000	2.4496390995005846	17767500
chr12	17770000	17775000	2.8782889449778084	17772500
chr12	17775000	17780000	1.3022495607928941	17777500
chr12	17780000	17785000	2.750825063337121	17782500
chr12	17785000	17790000	2.0869716526547437	17787500
chr12	17790000	17795000	5.007773423835177	17792500
chr12	17795000	17800000	2.8360330950552703	17797500
chr12	17800000	17805000	4.0239477780827375	17802500
chr12	17805000	17810000	4.1960307505497365	17807500
chr12	17810000	17815000	5.524797660906362	17812500
chr12	17815000	17820000	7.3055063044822806	17817500
chr12	17820000	17825000	3.7653963271621578	17822500
chr12	17825000	17830000	6.243275246998996	17827500
chr12	17830000	17835000	4.262653516636319	17832500
chr12	17835000	17840000	6.277520708200895	17837500
chr12	17840000	17845000	1.7545599589512886	17842500
chr12	17845000	17850000	3.004517825390324	17847500
chr12	17850000	17855000	2.9788587476170423	17852500
chr12	17855000	17860000	2.779662527574974	17857500
chr12	17860000	17865000	3.914220292662045	17862500
chr12	17865000	17870000	6.934034920249175	17867500
chr12	17870000	17875000	5.77548719243362	17872500
chr12	17875000	17880000	4.581797070576396	17877500
chr12	17880000	17885000	5.096461267475496	17882500
chr12	17885000	17890000	3.5712673115857596	17887500
chr12	17890000	17895000	2.246629439054703	17892500
chr12	17895000	17900000	3.3535834098047554	17897500
chr12	17900000	17905000	6.865185776786092	17902500
chr12	17905000	17910000	3.659728780743309	17907500
chr12	17910000	17915000	3.2145499168728686	17912500
chr12	17915000	17920000	2.8284927158444972	17917500
chr12	17920000	17925000	4.377293768221502	17922500
chr12	17925000	17930000	5.008882377991631	17927500
chr12	17930000	17935000	5.355526841796499	17932500
chr12	17935000	17940000	3.37915090284698	17937500
chr12	17940000	17945000	3.2290054729458206	17942500
chr12	17945000	17950000	3.092714849834178	17947500
chr12	17950000	17955000	2.585906467990827	17952500
chr12	17955000	17960000	3.292012220480394	17957500
chr12	17960000	17965000	12.993613595763716	17962500
chr12	17965000	17970000	5.556747746150437	17967500
chr12	17970000	17975000	2.530668184387607	17972500
chr12	17975000	17980000	7.814713773873052	17977500
chr12	17980000	17985000	6.686061458255654	17982500
chr12	17985000	17990000	5.074080380583902	17987500
chr12	17990000	17995000	2.422433004890384	17992500
chr12	17995000	18000000	3.7642301662303534	17997500
chr12	18000000	18005000	4.332893354905701	18002500
chr12	18005000	18010000	3.9901599538841035	18007500
chr12	18010000	18015000	3.0311677421989947	18012500
chr12	18015000	18020000	7.101843495547586	18017500
chr12	18020000	18025000	6.13942949750878	18022500
chr12	18025000	18030000	5.707233493529689	18027500
chr12	18030000	18035000	2.8791721717618715	18032500
chr12	18035000	18040000	7.188424178240747	18037500
chr12	18040000	18045000	7.382818890691726	18042500
chr12	18045000	18050000	6.865004742163866	18047500
chr12	18050000	18055000	7.906695699716462	18052500
chr12	18055000	18060000	10.94942710294027	18057500
chr12	18060000	18065000	6.623118114535346	18062500
chr12	18065000	18070000	3.5936020209963737	18067500
chr12	18070000	18075000	7.489530205021954	18072500
chr12	18075000	18080000	6.725506101094631	18077500
chr12	18080000	18085000	4.6481837209639165	18082500
chr12	18085000	18090000	6.305536436202788	18087500
chr12	18090000	18095000	4.459503106107651	18092500
chr12	18095000	18100000	3.2127282793708547	18097500
chr12	18100000	18105000	3.74636325713921	18102500
chr12	18105000	18110000	4.031530348141358	18107500
chr12	18110000	18115000	12.081841701667997	18112500
chr12	18115000	18120000	6.034772908023873	18117500
chr12	18120000	18125000	8.354861044157325	18122500
chr12	18125000	18130000	6.908950296761693	18127500
chr12	18130000	18135000	7.420331886847928	18132500
chr12	18135000	18140000	6.130003552337523	18137500
chr12	18140000	18145000	2.231279928124909	18142500
chr12	18145000	18150000	5.365001441980313	18147500
chr12	18150000	18155000	3.7922636796950235	18152500
chr12	18155000	18160000	7.626724736752395	18157500
chr12	18160000	18165000	2.9838292008510074	18162500
chr12	18165000	18170000	7.1518007756901225	18167500
chr12	18170000	18175000	6.898193802933684	18172500
chr12	18175000	18180000	5.431115903638775	18177500
chr12	18180000	18185000	7.9248550331511955	18182500
chr12	18185000	18190000	5.4826178308417735	18187500
chr12	18190000	18195000	4.399384256447642	18192500
chr12	18195000	18200000	4.772615863959585	18197500
chr12	18200000	18205000	3.816463665159351	18202500
chr12	18205000	18210000	4.808345583478924	18207500
chr12	18210000	18215000	3.067123361772102	18212500
chr12	18215000	18220000	4.945561588933687	18217500
chr12	18220000	18225000	10.182846453822174	18222500
chr12	18225000	18230000	5.0002159636604	18227500
chr12	18230000	18235000	3.5123236612459214	18232500
chr12	18235000	18240000	2.8937196921413184	18237500
chr12	18240000	18245000	1.62212897788139	18242500
chr12	18245000	18250000	4.597719657284387	18247500
chr12	18250000	18255000	4.142276648014297	18252500
chr12	18255000	18260000	5.140319749049388	18257500
chr12	18260000	18265000	7.678621373735926	18262500
chr12	18265000	18270000	2.501663174489559	18267500
chr12	18270000	18275000	3.0665334550398304	18272500
chr12	18275000	18280000	3.530151215005643	18277500
chr12	18280000	18285000	4.880215381381188	18282500
chr12	18285000	18290000	3.067082158564846	18287500
chr12	18290000	18295000	3.0813504734352515	18292500
chr12	18295000	18300000	5.2739969878831765	18297500
chr12	18300000	18305000	3.7680416974777167	18302500
chr12	18305000	18310000	4.068226386018738	18307500
chr12	18310000	18315000	4.417585734175327	18312500
chr12	18315000	18320000	6.443259507952078	18317500
chr12	18320000	18325000	4.464454571659433	18322500
chr12	18325000	18330000	2.464831364777751	18327500
chr12	18330000	18335000	5.615318660870014	18332500
chr12	18335000	18340000	3.470082071378641	18337500
chr12	18340000	18345000	4.152404392429896	18342500
chr12	18345000	18350000	3.525772410812133	18347500
chr12	18350000	18355000	4.52110930897056	18352500
chr12	18355000	18360000	8.17258324951299	18357500
chr12	18360000	18365000	3.4175957573930984	18362500
chr12	18365000	18370000	3.241403769717207	18367500
chr12	18370000	18375000	4.426745789025656	18372500
chr12	18375000	18380000	5.169481554136468	18377500
chr12	18380000	18385000	2.2445326108329766	18382500
chr12	18385000	18390000	1.7918240640069005	18387500
chr12	18390000	18395000	1.6171592335856169	18392500
chr12	18395000	18400000	1.5391256924022398	18397500
chr12	18400000	18405000	2.672224258281379	18402500
chr12	18405000	18410000	3.2975301946052427	18407500
chr12	18410000	18415000	2.2883185421079415	18412500
chr12	18415000	18420000	3.849298526666577	18417500
chr12	18420000	18425000	3.528604901231782	18422500
chr12	18425000	18430000	2.9960661435766	18427500
chr12	18430000	18435000	4.989799408114409	18432500
chr12	18435000	18440000	4.9274863924398105	18437500
chr12	18440000	18445000	3.7618080181900297	18442500
chr12	18445000	18450000	5.867073748971529	18447500
chr12	18450000	18455000	2.128471065482782	18452500
chr12	18455000	18460000	0.7668947428666385	18457500
chr12	18460000	18465000	4.998877857034337	18462500
chr12	18465000	18470000	3.693148338497947	18467500
chr12	18470000	18475000	3.427886728016676	18472500
chr12	18475000	18480000	4.525693027849541	18477500
chr12	18480000	18485000	2.8546658343935714	18482500
chr12	18485000	18490000	3.884070392835283	18487500
chr12	18490000	18495000	2.023045797088768	18492500
chr12	18495000	18500000	2.0677869912915874	18497500
chr12	18500000	18505000	4.565092377326591	18502500
chr12	18505000	18510000	1.6679211555478206	18507500
chr12	18510000	18515000	1.3460124170993242	18512500
chr12	18515000	18520000	1.6241989112825794	18517500
chr12	18520000	18525000	1.7840277425477513	18522500
chr12	18525000	18530000	5.543319615830717	18527500
chr12	18530000	18535000	4.598711263139286	18532500
chr12	18535000	18540000	3.8602827495012693	18537500
chr12	18540000	18545000	3.9521251610785955	18542500
chr12	18545000	18550000	6.175516461958994	18547500
chr12	18550000	18555000	5.374211593762556	18552500
chr12	18555000	18560000	2.1792661262931303	18557500
chr12	18560000	18565000	3.930932298643468	18562500
chr12	18565000	18570000	7.892186390334541	18567500
chr12	18570000	18575000	6.214899375325675	18572500
chr12	18575000	18580000	4.8544516328263265	18577500
chr12	18580000	18585000	4.410819742455627	18582500
chr12	18585000	18590000	6.6003845708625315	18587500
chr12	18590000	18595000	8.481324992493505	18592500
chr12	18595000	18600000	5.316247856185647	18597500
chr12	18600000	18605000	8.303582229613049	18602500
chr12	18605000	18610000	6.239406996010131	18607500
chr12	18610000	18615000	7.490316438738786	18612500
chr12	18615000	18620000	8.120668375083172	18617500
chr12	18620000	18625000	5.65121123875936	18622500
chr12	18625000	18630000	5.033177087760887	18627500
chr12	18630000	18635000	3.5484502895795242	18632500
chr12	18635000	18640000	4.229769951674224	18637500
chr12	18640000	18645000	3.801495929726185	18642500
chr12	18645000	18650000	3.5759815402296864	18647500
chr12	18650000	18655000	8.85352365048134	18652500
chr12	18655000	18660000	3.3634666204388495	18657500
chr12	18660000	18665000	3.7470150764117753	18662500
chr12	18665000	18670000	8.066744740381482	18667500
chr12	18670000	18675000	4.64350245534472	18672500
chr12	18675000	18680000	8.552897765212453	18677500
chr12	18680000	18685000	4.747387729425629	18682500
chr12	18685000	18690000	5.04959194726298	18687500
chr12	18690000	18695000	4.85671192568079	18692500
chr12	18695000	18700000	4.180645161674273	18697500
chr12	18700000	18705000	4.030788573807755	18702500
chr12	18705000	18710000	6.995699734657941	18707500
chr12	18710000	18715000	11.167639323704234	18712500
chr12	18715000	18720000	8.207675583922102	18717500
chr12	18720000	18725000	11.661768230230477	18722500
chr12	18725000	18730000	6.068713249857743	18727500
chr12	18730000	18735000	4.374812763142366	18732500
chr12	18735000	18740000	2.790659622041704	18737500
chr12	18740000	18745000	6.695015712369071	18742500
chr12	18745000	18750000	3.4494545198104274	18747500
chr12	18750000	18755000	2.4080050206770545	18752500
chr12	18755000	18760000	2.3309713416742053	18757500
chr12	18760000	18765000	7.312427487418171	18762500
chr12	18765000	18770000	4.19271637134811	18767500
chr12	18770000	18775000	9.536151304448344	18772500
chr12	18775000	18780000	5.8275207987108395	18777500
chr12	18780000	18785000	3.3584928039793365	18782500
chr12	18785000	18790000	3.7523063056847206	18787500
chr12	18790000	18795000	10.196466846543403	18792500
chr12	18795000	18800000	6.7449055222524725	18797500
chr12	18800000	18805000	1.9696745171228707	18802500
chr12	18805000	18810000	6.143476793537659	18807500
chr12	18810000	18815000	6.2846012402471025	18812500
chr12	18815000	18820000	4.720018227650543	18817500
chr12	18820000	18825000	2.3282198916607055	18822500
chr12	18825000	18830000	6.570297966278478	18827500
chr12	18830000	18835000	5.758522426232412	18832500
chr12	18835000	18840000	2.0816830080451094	18837500
chr12	18840000	18845000	6.261381585214238	18842500
chr12	18845000	18850000	2.3522833849338127	18847500
chr12	18850000	18855000	3.1700793257272855	18852500
chr12	18855000	18860000	3.1791920264734768	18857500
chr12	18860000	18865000	2.4893534832783355	18862500
chr12	18865000	18870000	4.6112754999449415	18867500
chr12	18870000	18875000	5.253646721557737	18872500
chr12	18875000	18880000	4.2799073717306255	18877500
chr12	18880000	18885000	7.00863045956557	18882500
chr12	18885000	18890000	3.701047820853375	18887500
chr12	18890000	18895000	6.389523056486076	18892500
chr12	18895000	18900000	1.898066878713391	18897500
chr12	18900000	18905000	11.00705615873802	18902500
chr12	18905000	18910000	8.564832911309667	18907500
chr12	18910000	18915000	8.605509395648287	18912500
chr12	18915000	18920000	1.4760212299968725	18917500
chr12	18920000	18925000	3.4624851003952934	18922500
chr12	18925000	18930000	2.470972313169587	18927500
chr12	18930000	18935000	7.791925607794418	18932500
chr12	18935000	18940000	3.8621800415455554	18937500
chr12	18940000	18945000	0.918717643977675	18942500
chr12	18945000	18950000	0.9794548757940743	18947500
chr12	18950000	18955000	0.8601989118717714	18952500
chr12	18955000	18960000	0.12264709177485437	18957500
chr12	18960000	18965000	1.2266114431199076	18962500
chr12	18965000	18970000	0.6562498013890248	18967500
chr12	18970000	18975000	2.1005335496175515	18972500
chr12	18975000	18980000	2.9146377678392326	18977500
chr12	18980000	18985000	0.5844402244136777	18982500
chr12	18985000	18990000	0.5268955562793961	18987500
chr12	18990000	18995000	0.28581427805018533	18992500
chr12	18995000	19000000	1.6597724450981768	18997500
chr12	19000000	19005000	0.9052782757386141	19002500
chr12	19005000	19010000	1.2236904753412563	19007500
chr12	19010000	19015000	4.524424479284245	19012500
chr12	19015000	19020000	2.8884069731621382	19017500
chr12	19020000	19025000	1.2371802022337495	19022500
chr12	19025000	19030000	0.7508366640693775	19027500
chr12	19030000	19035000	0.49440908744064255	19032500
chr12	19035000	19040000	0.7264308077226029	19037500
chr12	19040000	19045000	0.3940208457124334	19042500
chr12	19045000	19050000	0.6912821194552462	19047500
chr12	19050000	19055000	2.4871300705285084	19052500
chr12	19055000	19060000	2.7451838971619105	19057500
chr12	19060000	19065000	0.6858031085621533	19062500
chr12	19065000	19070000	0.06334891087698094	19067500
chr12	19070000	19075000	0.09235536592476773	19072500
chr12	19075000	19080000	0.017690920430811254	19077500
chr12	19080000	19085000	0.15179723310880344	19082500
chr12	19085000	19090000	0.12175761718553266	19087500
chr12	19090000	19095000	0.22153913048052157	19092500
chr12	19095000	19100000	0.43062817972671136	19097500
chr12	19100000	19105000	0.3670277575287974	19102500
chr12	19105000	19110000	0.8372831101164953	19107500
chr12	19110000	19115000	0.23128727404779162	19112500
chr12	19115000	19120000	0.24138546970230185	19117500
chr12	19120000	19125000	0.2056988766380251	19122500
chr12	19125000	19130000	0.27077537161571025	19127500
chr12	19130000	19135000	0.3974940422435635	19132500
chr12	19135000	19140000	2.3462595036333056	19137500
chr12	19140000	19145000	5.660579016784624	19142500
chr12	19145000	19150000	1.047019841066948	19147500
chr12	19150000	19155000	2.7322130974415364	19152500
chr12	19155000	19160000	0.7585753979293989	19157500
chr12	19160000	19165000	1.500175907352144	19162500
chr12	19165000	19170000	0.6963330869669552	19167500
chr12	19170000	19175000	1.0661744563380464	19172500
chr12	19175000	19180000	1.3401828916553176	19177500
chr12	19180000	19185000	1.3151962104691264	19182500
chr12	19185000	19190000	2.418373322496914	19187500
chr12	19190000	19195000	1.4067005361990605	19192500
chr12	19195000	19200000	2.6166704288789546	19197500
chr12	19200000	19205000	3.661478627573421	19202500
chr12	19205000	19210000	4.559924442291666	19207500
chr12	19210000	19215000	2.0434900630871824	19212500
chr12	19215000	19220000	1.4215315061684102	19217500
chr12	19220000	19225000	1.9088662717278937	19222500
chr12	19225000	19230000	6.647454074876214	19227500
chr12	19230000	19235000	0.6755937190980059	19232500
chr12	19235000	19240000	1.5380793283158107	19237500
chr12	19240000	19245000	1.5322541508825547	19242500
chr12	19245000	19250000	1.2127661078300744	19247500
chr12	19250000	19255000	1.0639073073825143	19252500
chr12	19255000	19260000	1.7362024145089472	19257500
chr12	19260000	19265000	1.5108266910124495	19262500
chr12	19265000	19270000	1.9216215992876515	19267500
chr12	19270000	19275000	1.421219728315961	19272500
chr12	19275000	19280000	2.3653746948122194	19277500
chr12	19280000	19285000	1.9788015274654358	19282500
chr12	19285000	19290000	1.7677102869187613	19287500
chr12	19290000	19295000	1.6705745300613302	19292500
chr12	19295000	19300000	1.096101851545506	19297500
chr12	19300000	19305000	0.8937951484799314	19302500
chr12	19305000	19310000	1.6816903418147178	19307500
chr12	19310000	19315000	2.086396729600802	19312500
chr12	19315000	19320000	6.994204870352843	19317500
chr12	19320000	19325000	1.9885209648052402	19322500
chr12	19325000	19330000	1.6462416696117044	19327500
chr12	19330000	19335000	1.7431786512866205	19332500
chr12	19335000	19340000	2.377144860071141	19337500
chr12	19340000	19345000	2.317769005736467	19342500
chr12	19345000	19350000	3.8927583433453585	19347500
chr12	19350000	19355000	2.413748892243961	19352500
chr12	19355000	19360000	4.439065249053605	19357500
chr12	19360000	19365000	3.815071836946805	19362500
chr12	19365000	19370000	2.7807769751916873	19367500
chr12	19370000	19375000	5.9513724711331095	19372500
chr12	19375000	19380000	4.3415670379074385	19377500
chr12	19380000	19385000	4.338716587886736	19382500
chr12	19385000	19390000	4.961435062156964	19387500
chr12	19390000	19395000	7.106885848155493	19392500
chr12	19395000	19400000	3.034528093603193	19397500
chr12	19400000	19405000	1.2103857178569501	19402500
chr12	19405000	19410000	3.0141393719973646	19407500
chr12	19410000	19415000	2.227195559768525	19412500
chr12	19415000	19420000	2.9190571162371857	19417500
chr12	19420000	19425000	4.852220274212525	19422500
chr12	19425000	19430000	1.8851027085722416	19427500
chr12	19430000	19435000	1.2256713154927652	19432500
chr12	19435000	19440000	1.1467176823635064	19437500
chr12	19440000	19445000	4.539746764512926	19442500
chr12	19445000	19450000	2.5147691125089424	19447500
chr12	19450000	19455000	2.410232911983145	19452500
chr12	19455000	19460000	3.312612373148989	19457500
chr12	19460000	19465000	2.5076743135567896	19462500
chr12	19465000	19470000	6.080291509193475	19467500
chr12	19470000	19475000	2.9653821325044873	19472500
chr12	19475000	19480000	2.195431517951385	19477500
chr12	19480000	19485000	3.3886366699767136	19482500
chr12	19485000	19490000	3.968830349401011	19487500
chr12	19490000	19495000	5.417656876070774	19492500
chr12	19495000	19500000	3.9368189412377927	19497500
chr12	19500000	19505000	3.4248630375585027	19502500
chr12	19505000	19510000	3.533197385768482	19507500
chr12	19510000	19515000	4.807254882863502	19512500
chr12	19515000	19520000	3.0392447569053838	19517500
chr12	19520000	19525000	3.518989362943473	19522500
chr12	19525000	19530000	4.660926134649994	19527500
chr12	19530000	19535000	4.373611598601399	19532500
chr12	19535000	19540000	6.313571619802208	19537500
chr12	19540000	19545000	5.481649502387867	19542500
chr12	19545000	19550000	4.435228207064248	19547500
chr12	19550000	19555000	2.9218418906272596	19552500
chr12	19555000	19560000	3.597538179597462	19557500
chr12	19560000	19565000	4.806137564403053	19562500
chr12	19565000	19570000	5.649684554089243	19567500
chr12	19570000	19575000	2.439324228553981	19572500
chr12	19575000	19580000	2.260815449508857	19577500
chr12	19580000	19585000	4.83005805827309	19582500
chr12	19585000	19590000	4.873385339782784	19587500
chr12	19590000	19595000	6.1702652757546055	19592500
chr12	19595000	19600000	8.325954523825423	19597500
chr12	19600000	19605000	4.355633288409979	19602500
chr12	19605000	19610000	4.460400800652548	19607500
chr12	19610000	19615000	3.5737197946322135	19612500
chr12	19615000	19620000	3.1020784558779217	19617500
chr12	19620000	19625000	4.698301773971908	19622500
chr12	19625000	19630000	8.578082915435713	19627500
chr12	19630000	19635000	9.30950250754751	19632500
chr12	19635000	19640000	4.061287042472073	19637500
chr12	19640000	19645000	4.531940993970129	19642500
chr12	19645000	19650000	8.03300116291848	19647500
chr12	19650000	19655000	3.340253487244397	19652500
chr12	19655000	19660000	1.430345188465873	19657500
chr12	19660000	19665000	3.2788907204720044	19662500
chr12	19665000	19670000	10.432720636494407	19667500
chr12	19670000	19675000	11.17638243865134	19672500
chr12	19675000	19680000	4.361548523686261	19677500
chr12	19680000	19685000	5.867809210158347	19682500
chr12	19685000	19690000	4.317397004803853	19687500
chr12	19690000	19695000	4.713232968242291	19692500
chr12	19695000	19700000	6.656752292654996	19697500
chr12	19700000	19705000	6.134174325103864	19702500
chr12	19705000	19710000	6.249001586254501	19707500
chr12	19710000	19715000	8.258595360867279	19712500
chr12	19715000	19720000	5.269569905280511	19717500
chr12	19720000	19725000	6.774455218998698	19722500
chr12	19725000	19730000	6.552217265981521	19727500
chr12	19730000	19735000	8.973834869716587	19732500
chr12	19735000	19740000	5.672071884270453	19737500
chr12	19740000	19745000	4.00747376389417	19742500
chr12	19745000	19750000	5.985448597010969	19747500
chr12	19750000	19755000	11.603775615633532	19752500
chr12	19755000	19760000	8.017545285026113	19757500
chr12	19760000	19765000	7.06094572324594	19762500
chr12	19765000	19770000	3.764331856242292	19767500
chr12	19770000	19775000	3.5212227582215214	19772500
chr12	19775000	19780000	2.2721582827527724	19777500
chr12	19780000	19785000	5.074908253674364	19782500
chr12	19785000	19790000	11.973526582226759	19787500
chr12	19790000	19795000	5.974413727536066	19792500
chr12	19795000	19800000	6.620198080861587	19797500
chr12	19800000	19805000	8.352481964968858	19802500
chr12	19805000	19810000	7.059855411326915	19807500
chr12	19810000	19815000	11.345962269274667	19812500
chr12	19815000	19820000	6.105458011669741	19817500
chr12	19820000	19825000	3.070584338141777	19822500
chr12	19825000	19830000	2.422436951172966	19827500
chr12	19830000	19835000	3.5494106104521617	19832500
chr12	19835000	19840000	5.304932304143782	19837500
chr12	19840000	19845000	2.8298968083750586	19842500
chr12	19845000	19850000	4.580817202305476	19847500
chr12	19850000	19855000	4.074340541163101	19852500
chr12	19855000	19860000	10.281325571036216	19857500
chr12	19860000	19865000	2.960560805224253	19862500
chr12	19865000	19870000	10.414484758504782	19867500
chr12	19870000	19875000	2.940691603889246	19872500
chr12	19875000	19880000	6.636202482669264	19877500
chr12	19880000	19885000	5.695716113730761	19882500
chr12	19885000	19890000	5.417203067506663	19887500
chr12	19890000	19895000	5.6774389704140145	19892500
chr12	19895000	19900000	4.959389039291358	19897500
chr12	19900000	19905000	7.517242464893985	19902500
chr12	19905000	19910000	3.9730780561365266	19907500
chr12	19910000	19915000	2.8538514983704295	19912500
chr12	19915000	19920000	3.50544699519508	19917500
chr12	19920000	19925000	2.643504200572344	19922500
chr12	19925000	19930000	2.752045590636276	19927500
chr12	19930000	19935000	4.08835534084799	19932500
chr12	19935000	19940000	2.7860184594899886	19937500
chr12	19940000	19945000	2.4183316534315407	19942500
chr12	19945000	19950000	3.0028493997127077	19947500
chr12	19950000	19955000	2.667332359194638	19952500
chr12	19955000	19960000	1.085348003194353	19957500
chr12	19960000	19965000	4.669341477110896	19962500
chr12	19965000	19970000	4.178759312711413	19967500
chr12	19970000	19975000	2.5686712160554124	19972500
chr12	19975000	19980000	5.031522349263113	19977500
chr12	19980000	19985000	4.341782737422773	19982500
chr12	19985000	19990000	6.682771948319063	19987500
chr12	19990000	19995000	3.797840603276624	19992500
chr12	19995000	20000000	5.142618323503554	19997500
chr12	20000000	20005000	3.1865223847831246	20002500
chr12	20005000	20010000	3.9451223754401346	20007500
chr12	20010000	20015000	2.636326193478733	20012500
chr12	20015000	20020000	4.540569134686526	20017500
chr12	20020000	20025000	4.381485998492231	20022500
chr12	20025000	20030000	2.6415584910639307	20027500
chr12	20030000	20035000	2.7073690467669307	20032500
chr12	20035000	20040000	4.219823465269522	20037500
chr12	20040000	20045000	4.373138707200761	20042500
chr12	20045000	20050000	2.9291044388666267	20047500
chr12	20050000	20055000	2.7027112081912525	20052500
chr12	20055000	20060000	2.667047637358218	20057500
chr12	20060000	20065000	6.621611836056041	20062500
chr12	20065000	20070000	4.863943103268859	20067500
chr12	20070000	20075000	1.5741557232737433	20072500
chr12	20075000	20080000	0.5857377434593724	20077500
chr12	20080000	20085000	0.5945259842331372	20082500
chr12	20085000	20090000	1.041014363320339	20087500
chr12	20090000	20095000	0.7384593389683287	20092500
chr12	20095000	20100000	1.2466693149472967	20097500
chr12	20100000	20105000	2.975691196719207	20102500
chr12	20105000	20110000	2.205040620488537	20107500
chr12	20110000	20115000	1.6353468556449626	20112500
chr12	20115000	20120000	3.1433729158682797	20117500
chr12	20120000	20125000	3.0620081667884342	20122500
chr12	20125000	20130000	3.691222602961249	20127500
chr12	20130000	20135000	2.355490422809478	20132500
chr12	20135000	20140000	2.435056154722895	20137500
chr12	20140000	20145000	2.6883881601099873	20142500
chr12	20145000	20150000	5.6322002244202345	20147500
chr12	20150000	20155000	4.723526472111043	20152500
chr12	20155000	20160000	2.87417308561486	20157500
chr12	20160000	20165000	6.385038260407349	20162500
chr12	20165000	20170000	4.268935459994479	20167500
chr12	20170000	20175000	7.450264275144648	20172500
chr12	20175000	20180000	1.8892629959535614	20177500
chr12	20180000	20185000	1.5891200985490885	20182500
chr12	20185000	20190000	1.6329001473874971	20187500
chr12	20190000	20195000	3.661438685911266	20192500
chr12	20195000	20200000	3.781476851629772	20197500
chr12	20200000	20205000	3.6667024949621476	20202500
chr12	20205000	20210000	2.0842363811482656	20207500
chr12	20210000	20215000	1.7381925988370222	20212500
chr12	20215000	20220000	2.028240980729414	20217500
chr12	20220000	20225000	1.4117593965287822	20222500
chr12	20225000	20230000	1.196267037667408	20227500
chr12	20230000	20235000	2.5602160655233983	20232500
chr12	20235000	20240000	2.7208260136759046	20237500
chr12	20240000	20245000	3.0981819176892307	20242500
chr12	20245000	20250000	2.225383857730929	20247500
chr12	20250000	20255000	1.656174051856827	20252500
chr12	20255000	20260000	2.7996914017208185	20257500
chr12	20260000	20265000	1.8231538923487187	20262500
chr12	20265000	20270000	2.1546113433084666	20267500
chr12	20270000	20275000	3.7819744725393383	20272500
chr12	20275000	20280000	7.4736083504678374	20277500
chr12	20280000	20285000	4.323570949275131	20282500
chr12	20285000	20290000	2.5298518575147573	20287500
chr12	20290000	20295000	3.5645649781857425	20292500
chr12	20295000	20300000	6.6441222070542345	20297500
chr12	20300000	20305000	10.26584881329412	20302500
chr12	20305000	20310000	7.0967075981124985	20307500
chr12	20310000	20315000	5.243232564198031	20312500
chr12	20315000	20320000	4.432217011551176	20317500
chr12	20320000	20325000	6.698428437061553	20322500
chr12	20325000	20330000	4.80910722015192	20327500
chr12	20330000	20335000	5.495884250669264	20332500
chr12	20335000	20340000	2.345233483139968	20337500
chr12	20340000	20345000	1.0668191092618482	20342500
chr12	20345000	20350000	1.8213016661293577	20347500
chr12	20350000	20355000	1.5651558656913407	20352500
chr12	20355000	20360000	3.5837105018391187	20357500
chr12	20360000	20365000	1.2254752488692116	20362500
chr12	20365000	20370000	9.950551088411908	20367500
chr12	20370000	20375000	4.533771082226249	20372500
chr12	20375000	20380000	4.530588787493302	20377500
chr12	20380000	20385000	10.798109853206526	20382500
chr12	20385000	20390000	7.023050189816565	20387500
chr12	20390000	20395000	7.254991413933049	20392500
chr12	20395000	20400000	19.643598968666193	20397500
chr12	20400000	20405000	3.9586217087944773	20402500
chr12	20405000	20410000	8.871824140708295	20407500
chr12	20410000	20415000	6.312555448522855	20412500
chr12	20415000	20420000	9.83915263910559	20417500
chr12	20420000	20425000	6.994656390288098	20422500
chr12	20425000	20430000	11.092988785483021	20427500
chr12	20430000	20435000	13.590100083980184	20432500
chr12	20435000	20440000	0.9558039172579	20437500
chr12	20440000	20445000	2.2884420486272194	20442500
chr12	20445000	20450000	3.2966501170925464	20447500
chr12	20450000	20455000	6.999631806662356	20452500
chr12	20455000	20460000	3.2302459894764435	20457500
chr12	20460000	20465000	2.9429520974450054	20462500
chr12	20465000	20470000	4.613213401745745	20467500
chr12	20470000	20475000	5.093992711670702	20472500
chr12	20475000	20480000	3.9786924530447014	20477500
chr12	20480000	20485000	6.364840614298265	20482500
chr12	20485000	20490000	2.984859073268331	20487500
chr12	20490000	20495000	1.887257010910034	20492500
chr12	20495000	20500000	5.321601473365705	20497500
chr12	20500000	20505000	5.367734169472524	20502500
chr12	20505000	20510000	5.46362124123672	20507500
chr12	20510000	20515000	3.1778244655200063	20512500
chr12	20515000	20520000	2.375919029643157	20517500
chr12	20520000	20525000	11.266272818724193	20522500
chr12	20525000	20530000	5.029690186951079	20527500
chr12	20530000	20535000	7.064608117014581	20532500
chr12	20535000	20540000	2.4992733983990973	20537500
chr12	20540000	20545000	2.204683581380407	20542500
chr12	20545000	20550000	3.4534359363913962	20547500
chr12	20550000	20555000	5.550566900073775	20552500
chr12	20555000	20560000	3.426954131242296	20557500
chr12	20560000	20565000	5.332321968838914	20562500
chr12	20565000	20570000	2.0735199166968035	20567500
chr12	20570000	20575000	2.0239013916021458	20572500
chr12	20575000	20580000	5.4622927000740935	20577500
chr12	20580000	20585000	1.0458810188322185	20582500
chr12	20585000	20590000	1.898448919200087	20587500
chr12	20590000	20595000	1.307160020406938	20592500
chr12	20595000	20600000	6.328245415907075	20597500
chr12	20600000	20605000	2.4040704028164046	20602500
chr12	20605000	20610000	1.7556053366858442	20607500
chr12	20610000	20615000	2.1895061292985774	20612500
chr12	20615000	20620000	7.4083397624438225	20617500
chr12	20620000	20625000	8.455352858470135	20622500
chr12	20625000	20630000	2.699384244714691	20627500
chr12	20630000	20635000	21.84253328846282	20632500
chr12	20635000	20640000	1.0792116068856499	20637500
chr12	20640000	20645000	2.3451556356630956	20642500
chr12	20645000	20650000	4.1713201053821	20647500
chr12	20650000	20655000	3.8940177341133224	20652500
chr12	20655000	20660000	3.4194858845610705	20657500
chr12	20660000	20665000	2.2433332444933227	20662500
chr12	20665000	20670000	3.58391273853829	20667500
chr12	20670000	20675000	1.8278744323701468	20672500
chr12	20675000	20680000	1.9120068831610373	20677500
chr12	20680000	20685000	1.2952737527476994	20682500
chr12	20685000	20690000	3.709352888319466	20687500
chr12	20690000	20695000	2.3845973618598477	20692500
chr12	20695000	20700000	1.678696967761035	20697500
chr12	20700000	20705000	3.0224749504922035	20702500
chr12	20705000	20710000	3.060803263097943	20707500
chr12	20710000	20715000	1.5183313494251385	20712500
chr12	20715000	20720000	1.3808074514481334	20717500
chr12	20720000	20725000	2.0902280838208074	20722500
chr12	20725000	20730000	3.8581821306169024	20727500
chr12	20730000	20735000	8.226284443629158	20732500
chr12	20735000	20740000	4.272160668690238	20737500
chr12	20740000	20745000	7.45134131190814	20742500
chr12	20745000	20750000	4.060962570771262	20747500
chr12	20750000	20755000	4.560769520320042	20752500
chr12	20755000	20760000	5.538553178665979	20757500
chr12	20760000	20765000	7.827634738328566	20762500
chr12	20765000	20770000	4.022366850906615	20767500
chr12	20770000	20775000	2.485653833786627	20772500
chr12	20775000	20780000	5.008401873449154	20777500
chr12	20780000	20785000	7.129540944481788	20782500
chr12	20785000	20790000	5.450776719720721	20787500
chr12	20790000	20795000	3.0290822226406764	20792500
chr12	20795000	20800000	6.443143514402135	20797500
chr12	20800000	20805000	1.895875964277195	20802500
chr12	20805000	20810000	8.869848604900902	20807500
chr12	20810000	20815000	2.7585915195431308	20812500
chr12	20815000	20820000	1.462710598520092	20817500
chr12	20820000	20825000	2.828153551801508	20822500
chr12	20825000	20830000	5.08998817205397	20827500
chr12	20830000	20835000	4.469194190370347	20832500
chr12	20835000	20840000	4.197515478542671	20837500
chr12	20840000	20845000	2.161658280640677	20842500
chr12	20845000	20850000	2.2308301749195714	20847500
chr12	20850000	20855000	2.2092742854347933	20852500
chr12	20855000	20860000	4.491608762788546	20857500
chr12	20860000	20865000	1.9865626375538936	20862500
chr12	20865000	20870000	5.299371068615751	20867500
chr12	20870000	20875000	1.6053850462590782	20872500
chr12	20875000	20880000	3.3579452869541724	20877500
chr12	20880000	20885000	5.911912137246447	20882500
chr12	20885000	20890000	2.354190767868862	20887500
chr12	20890000	20895000	1.0855920883263854	20892500
chr12	20895000	20900000	1.8540874354079515	20897500
chr12	20900000	20905000	2.941828364391839	20902500
chr12	20905000	20910000	2.9394923648059916	20907500
chr12	20910000	20915000	3.8773530162968792	20912500
chr12	20915000	20920000	3.799072171536687	20917500
chr12	20920000	20925000	6.519327383935658	20922500
chr12	20925000	20930000	4.48183310260111	20927500
chr12	20930000	20935000	3.2923607239838604	20932500
chr12	20935000	20940000	4.579012122688072	20937500
chr12	20940000	20945000	5.288470132264715	20942500
chr12	20945000	20950000	2.6879339365262616	20947500
chr12	20950000	20955000	3.2987975140342356	20952500
chr12	20955000	20960000	7.143245572259628	20957500
chr12	20960000	20965000	1.8120811021123597	20962500
chr12	20965000	20970000	4.489412791607435	20967500
chr12	20970000	20975000	4.206199449047982	20972500
chr12	20975000	20980000	3.962656055719052	20977500
chr12	20980000	20985000	3.461242854700098	20982500
chr12	20985000	20990000	2.9957105160853725	20987500
chr12	20990000	20995000	5.346433630630178	20992500
chr12	20995000	21000000	4.841484407625891	20997500
chr12	21000000	21005000	4.046099809042843	21002500
chr12	21005000	21010000	9.947239280890086	21007500
chr12	21010000	21015000	3.1662577860556045	21012500
chr12	21015000	21020000	2.99236770684911	21017500
chr12	21020000	21025000	3.254148793124829	21022500
chr12	21025000	21030000	2.460884273503733	21027500
chr12	21030000	21035000	1.5611540889708697	21032500
chr12	21035000	21040000	2.6285258937246976	21037500
chr12	21040000	21045000	2.797338385104787	21042500
chr12	21045000	21050000	1.7510816843786403	21047500
chr12	21050000	21055000	16.557839264176362	21052500
chr12	21055000	21060000	2.132346183150468	21057500
chr12	21060000	21065000	2.4701351234776108	21062500
chr12	21065000	21070000	2.524150802502715	21067500
chr12	21070000	21075000	2.538157993746873	21072500
chr12	21075000	21080000	1.730889811229813	21077500
chr12	21080000	21085000	2.7212533812739967	21082500
chr12	21085000	21090000	3.4286963085593696	21087500
chr12	21090000	21095000	1.8536864356634093	21092500
chr12	21095000	21100000	4.733099086703553	21097500
chr12	21100000	21105000	5.555464072173899	21102500
chr12	21105000	21110000	5.633417093124412	21107500
chr12	21110000	21115000	2.4834082351867885	21112500
chr12	21115000	21120000	2.3553297409974543	21117500
chr12	21120000	21125000	2.6383755946285223	21122500
chr12	21125000	21130000	4.147927052144961	21127500
chr12	21130000	21135000	4.785860119554192	21132500
chr12	21135000	21140000	3.073897883297713	21137500
chr12	21140000	21145000	4.0897517546487085	21142500
chr12	21145000	21150000	5.274155434290331	21147500
chr12	21150000	21155000	1.9520737556207097	21152500
chr12	21155000	21160000	3.3525782486841735	21157500
chr12	21160000	21165000	3.465552226677211	21162500
chr12	21165000	21170000	2.662116139343674	21167500
chr12	21170000	21175000	2.979836670308242	21172500
chr12	21175000	21180000	3.5298633467875553	21177500
chr12	21180000	21185000	2.7446196233221487	21182500
chr12	21185000	21190000	2.8791232958098307	21187500
chr12	21190000	21195000	2.4555316990001708	21192500
chr12	21195000	21200000	3.850502120705425	21197500
chr12	21200000	21205000	5.842648897144781	21202500
chr12	21205000	21210000	1.8989160437209593	21207500
chr12	21210000	21215000	5.568209309315261	21212500
chr12	21215000	21220000	2.4572251249750523	21217500
chr12	21220000	21225000	3.775012931964636	21222500
chr12	21225000	21230000	4.969700245068812	21227500
chr12	21230000	21235000	4.079974266136156	21232500
chr12	21235000	21240000	2.953916713662808	21237500
chr12	21240000	21245000	3.418993855798602	21242500
chr12	21245000	21250000	5.472646747087069	21247500
chr12	21250000	21255000	2.8678155220256283	21252500
chr12	21255000	21260000	2.3775069214522166	21257500
chr12	21260000	21265000	1.6084306188048685	21262500
chr12	21265000	21270000	2.597125126485844	21267500
chr12	21270000	21275000	1.5904290545764908	21272500
chr12	21275000	21280000	0.6545970980694332	21277500
chr12	21280000	21285000	3.007947168394651	21282500
chr12	21285000	21290000	3.4995806461558336	21287500
chr12	21290000	21295000	2.0005609059348837	21292500
chr12	21295000	21300000	5.000588667820073	21297500
chr12	21300000	21305000	2.6503212736062562	21302500
chr12	21305000	21310000	4.240251300192226	21307500
chr12	21310000	21315000	1.5243220249681406	21312500
chr12	21315000	21320000	1.8713523521620254	21317500
chr12	21320000	21325000	1.722583409029179	21322500
chr12	21325000	21330000	2.6647449458525148	21327500
chr12	21330000	21335000	3.805549194016942	21332500
chr12	21335000	21340000	2.2877475499695565	21337500
chr12	21340000	21345000	8.16966402327533	21342500
chr12	21345000	21350000	1.7960887986047471	21347500
chr12	21350000	21355000	1.4980297579647253	21352500
chr12	21355000	21360000	2.290793620350248	21357500
chr12	21360000	21365000	10.070130279952405	21362500
chr12	21365000	21370000	3.234426409082394	21367500
chr12	21370000	21375000	1.1307820390744956	21372500
chr12	21375000	21380000	0.769885141713704	21377500
chr12	21380000	21385000	2.371826250860798	21382500
chr12	21385000	21390000	1.5983392020952185	21387500
chr12	21390000	21395000	2.150561911231994	21392500
chr12	21395000	21400000	2.08144717690313	21397500
chr12	21400000	21405000	1.6951727751309051	21402500
chr12	21405000	21410000	2.938876229702189	21407500
chr12	21410000	21415000	4.301919613878011	21412500
chr12	21415000	21420000	0.8120554603399143	21417500
chr12	21420000	21425000	1.4059365478713326	21422500
chr12	21425000	21430000	1.9665375123287727	21427500
chr12	21430000	21435000	2.4526757311349785	21432500
chr12	21435000	21440000	1.1225324406175397	21437500
chr12	21440000	21445000	1.2939652354616213	21442500
chr12	21445000	21450000	2.1867710170783172	21447500
chr12	21450000	21455000	1.7453591467841423	21452500
chr12	21455000	21460000	1.453183977334092	21457500
chr12	21460000	21465000	2.255474466662682	21462500
chr12	21465000	21470000	1.0426534481796272	21467500
chr12	21470000	21475000	1.1793817512941185	21472500
chr12	21475000	21480000	1.6260895605673593	21477500
chr12	21480000	21485000	1.7296744861527493	21482500
chr12	21485000	21490000	2.3011178950296274	21487500
chr12	21490000	21495000	1.0996852254255816	21492500
chr12	21495000	21500000	1.4144493988902096	21497500
chr12	21500000	21505000	0.6527138303468939	21502500
chr12	21505000	21510000	1.0119986509941379	21507500
chr12	21510000	21515000	0.5630281854875984	21512500
chr12	21515000	21520000	1.0809595217011032	21517500
chr12	21520000	21525000	1.4143945120027481	21522500
chr12	21525000	21530000	1.2310936462149011	21527500
chr12	21530000	21535000	1.3624857729085447	21532500
chr12	21535000	21540000	0.5473009956620251	21537500
chr12	21540000	21545000	1.0238879621020966	21542500
chr12	21545000	21550000	1.110681679577212	21547500
chr12	21550000	21555000	0.16942700328669646	21552500
chr12	21555000	21560000	0.7080958676063748	21557500
chr12	21560000	21565000	1.1094994957177176	21562500
chr12	21565000	21570000	0.8570953227982486	21567500
chr12	21570000	21575000	0.5018325795238018	21572500
chr12	21575000	21580000	0.2404550773723107	21577500
chr12	21580000	21585000	0.5788937462306253	21582500
chr12	21585000	21590000	1.2965973436092149	21587500
chr12	21590000	21595000	0.23076637257705157	21592500
chr12	21595000	21600000	0.4861315222051856	21597500
chr12	21600000	21605000	0.16628691824405878	21602500
chr12	21605000	21610000	0.42815371976217553	21607500
chr12	21610000	21615000	0.5820731087266384	21612500
chr12	21615000	21620000	0.4692837311846982	21617500
chr12	21620000	21625000	0.48740452525856154	21622500
chr12	21625000	21630000	0.7140198784529969	21627500
chr12	21630000	21635000	0.8881805645690748	21632500
chr12	21635000	21640000	0.15075074525806104	21637500
chr12	21640000	21645000	0.15788752035654616	21642500
chr12	21645000	21650000	0.4373384750972801	21647500
chr12	21650000	21655000	0.43076068688669733	21652500
chr12	21655000	21660000	0.16032954657513185	21657500
chr12	21660000	21665000	0.17326372437996626	21662500
chr12	21665000	21670000	0.4133461308237834	21667500
chr12	21670000	21675000	0.1519495318697938	21672500
chr12	21675000	21680000	0.21303941655095332	21677500
chr12	21680000	21685000	0.2093599774821162	21682500
chr12	21685000	21690000	0.1110066942089172	21687500
chr12	21690000	21695000	0.10559833516666105	21692500
chr12	21695000	21700000	0.09761733653846213	21697500
chr12	21700000	21705000	0.22489285747202417	21702500
chr12	21705000	21710000	0.10045195001014	21707500
chr12	21710000	21715000	0.10323301683472362	21712500
chr12	21715000	21720000	0.1901830141245653	21717500
chr12	21720000	21725000	0.07131523521211454	21722500
chr12	21725000	21730000	0.049427294447746066	21727500
chr12	21730000	21735000	0.12520745013032422	21732500
chr12	21735000	21740000	2.147784935868705	21737500
chr12	21740000	21745000	0.35004299236411607	21742500
chr12	21745000	21750000	0.16495142785277603	21747500
chr12	21750000	21755000	0.08605655253172229	21752500
chr12	21755000	21760000	5.230759779012341	21757500
chr12	21760000	21765000	3.563218294124322	21762500
chr12	21765000	21770000	0.537329807566567	21767500
chr12	21770000	21775000	1.427286711976416	21772500
chr12	21775000	21780000	0.3146576226148821	21777500
chr12	21780000	21785000	0.08658318453079482	21782500
chr12	21785000	21790000	0.06916286001870638	21787500
chr12	21790000	21795000	0.04606883173556292	21792500
chr12	21795000	21800000	0.7992268814102481	21797500
chr12	21800000	21805000	0.6783999458915706	21802500
chr12	21805000	21810000	0.10741849966204882	21807500
chr12	21810000	21815000	0.18012285252754529	21812500
chr12	21815000	21820000	1.8172726233037446	21817500
chr12	21820000	21825000	0.21405836106405238	21822500
chr12	21825000	21830000	0.08338289480499733	21827500
chr12	21830000	21835000	0.07240090598743554	21832500
chr12	21835000	21840000	0.054120943619084406	21837500
chr12	21840000	21845000	0.0744437819813645	21842500
chr12	21845000	21850000	0.10463398526331473	21847500
chr12	21850000	21855000	0.09075484623899992	21852500
chr12	21855000	21860000	0.2434320594376884	21857500
chr12	21860000	21865000	0.07657578891257753	21862500
chr12	21865000	21870000	0.03799176293638184	21867500
chr12	21870000	21875000	1.797727696563152	21872500
chr12	21875000	21880000	0.21471766605336906	21877500
chr12	21880000	21885000	1.1184382773997388	21882500
chr12	21885000	21890000	0.08268320310447233	21887500
chr12	21890000	21895000	0.07843532492194409	21892500
chr12	21895000	21900000	0.13600892445658708	21897500
chr12	21900000	21905000	0.08150529651155558	21902500
chr12	21905000	21910000	0.06843902282158333	21907500
chr12	21910000	21915000	0.07472938535952597	21912500
chr12	21915000	21920000	0.08136723905253303	21917500
chr12	21920000	21925000	0.06216725997683426	21922500
chr12	21925000	21930000	0.06652793608353866	21927500
chr12	21930000	21935000	0.09451028505238444	21932500
chr12	21935000	21940000	0.08383805106559145	21937500
chr12	21940000	21945000	1.9947082618318828	21942500
chr12	21945000	21950000	0.33104226591603836	21947500
chr12	21950000	21955000	0.09173568892157154	21952500
chr12	21955000	21960000	0.049861938211557696	21957500
chr12	21960000	21965000	0.07050396179705183	21962500
chr12	21965000	21970000	0.11534718414478681	21967500
chr12	21970000	21975000	0.14049584778854335	21972500
chr12	21975000	21980000	0.15919386511830771	21977500
chr12	21980000	21985000	0.059558566813308164	21982500
chr12	21985000	21990000	0.03282644049006852	21987500
chr12	21990000	21995000	0.05971034433087509	21992500
chr12	21995000	22000000	0.06140424182663506	21997500
chr12	22000000	22005000	0.11444008699291913	22002500
chr12	22005000	22010000	0.10270201132996908	22007500
chr12	22010000	22015000	0.0349924026651989	22012500
chr12	22015000	22020000	1.0443357183324393	22017500
chr12	22020000	22025000	0.6339553198182377	22022500
chr12	22025000	22030000	1.4364765697918571	22027500
chr12	22030000	22035000	7.396176772916737	22032500
chr12	22035000	22040000	14.167764177571987	22037500
chr12	22040000	22045000	0.7767233730368721	22042500
chr12	22045000	22050000	0.6343631101401848	22047500
chr12	22050000	22055000	0.1280662588844759	22052500
chr12	22055000	22060000	0.08561537432285375	22057500
chr12	22060000	22065000	0.07890078940404167	22062500
chr12	22065000	22070000	1.1179488800172779	22067500
chr12	22070000	22075000	0.1854933639085131	22072500
chr12	22075000	22080000	0.4732492554339125	22077500
chr12	22080000	22085000	2.3162464698669005	22082500
chr12	22085000	22090000	0.07153494054071417	22087500
chr12	22090000	22095000	0.039242642793139146	22092500
chr12	22095000	22100000	0.06386476656427029	22097500
chr12	22100000	22105000	0.02551447664764723	22102500
chr12	22105000	22110000	0.015841427328355633	22107500
chr12	22110000	22115000	0.028172529209470866	22112500
chr12	22115000	22120000	0.045328657496621	22117500
chr12	22120000	22125000	0.19276757630324212	22122500
chr12	22125000	22130000	0.21100458168802466	22127500
chr12	22130000	22135000	0.048797798242111445	22132500
chr12	22135000	22140000	0.0601906299782495	22137500
chr12	22140000	22145000	0.05676964499747453	22142500
chr12	22145000	22150000	0.06714019040516181	22147500
chr12	22150000	22155000	0.03482557695228457	22152500
chr12	22155000	22160000	6.312060790343219	22157500
chr12	22160000	22165000	20.109136073366553	22162500
chr12	22165000	22170000	25.46715145098917	22167500
chr12	22170000	22175000	1.0596381921790194	22172500
chr12	22175000	22180000	0.04882820178854541	22177500
chr12	22180000	22185000	0.07310892307170998	22182500
chr12	22185000	22190000	0.038935086994806016	22187500
chr12	22190000	22195000	1.41012425647228	22192500
chr12	22195000	22200000	15.788666921780779	22197500
chr12	22200000	22205000	0.30166579552646583	22202500
chr12	22205000	22210000	0.09034459987475141	22207500
chr12	22210000	22215000	0.192102199999512	22212500
chr12	22215000	22220000	0.08121355836342589	22217500
chr12	22220000	22225000	0.06867497446124175	22222500
chr12	22225000	22230000	0.13448098273831224	22227500
chr12	22230000	22235000	0.08941312926361186	22232500
chr12	22235000	22240000	0.056662742303124784	22237500
chr12	22240000	22245000	0.05665554280686896	22242500
chr12	22245000	22250000	0.45425669238740785	22247500
