chr15	0	5000	1.30820669432973	2500
chr15	5000	10000	0.7937398468239744	7500
chr15	10000	15000	0.041256731336468774	12500
chr15	15000	20000	0.025672597066024313	17500
chr15	20000	25000	0.021926776054285443	22500
chr15	25000	30000	0.06263302123977738	27500
chr15	30000	35000	0.2796087002890762	32500
chr15	35000	40000	4.899063089864231	37500
chr15	40000	45000	0.4577377244636195	42500
chr15	45000	50000	0.4577377244636195	47500
chr15	50000	55000	0.4933847969140352	52500
chr15	55000	60000	1.7882637882456653	57500
chr15	60000	65000	0.6650362576606668	62500
chr15	65000	70000	0.17144710570801663	67500
chr15	70000	75000	0.1714471057080164	72500
chr15	75000	80000	0.16072973353174583	77500
chr15	80000	85000	0.15685957135698156	82500
chr15	85000	90000	0.9769638173318577	87500
chr15	90000	95000	18.849419200258392	92500
chr15	95000	100000	1.904499453651329	97500
chr15	100000	105000	2.9032281933557886	102500
chr15	105000	110000	0.08764384547912751	107500
chr15	110000	115000	0.07986783888968595	112500
chr15	115000	120000	0.09810555227053094	117500
chr15	120000	125000	2.85984290656084	122500
chr15	125000	130000	0.4302666111659577	127500
chr15	130000	135000	0.37092013747859115	132500
chr15	135000	140000	0.791853081777331	137500
chr15	140000	145000	1.951623055064056	142500
chr15	145000	150000	3.0772693635001853	147500
chr15	150000	155000	0.281171761856166	152500
chr15	155000	160000	0.1932650576471038	157500
chr15	160000	165000	0.18600196263967275	162500
chr15	165000	170000	0.054602450889069704	167500
chr15	170000	175000	0.05181828094292809	172500
chr15	175000	180000	0.07426112325082425	177500
chr15	180000	185000	0.09792203065101945	182500
chr15	185000	190000	0.09792203065101938	187500
chr15	190000	195000	0.09792203065101941	192500
chr15	195000	200000	0.1483120638215159	197500
chr15	200000	205000	0.1546108179678268	202500
chr15	205000	210000	0.15154640765565622	207500
chr15	210000	215000	0.14209780919313073	212500
chr15	215000	220000	0.14209780919313073	217500
chr15	220000	225000	0.2983070185157109	222500
chr15	225000	230000	0.38377164094870786	227500
chr15	230000	235000	0.42131230063806535	232500
chr15	235000	240000	0.7546779249409614	237500
chr15	240000	245000	0.8080787325076006	242500
chr15	245000	250000	0.4620801498569653	247500
chr15	250000	255000	0.1392132470755123	252500
chr15	255000	260000	0.11947191217189289	257500
chr15	260000	265000	0.19628647154872278	262500
chr15	265000	270000	0.2742051629992881	267500
chr15	270000	275000	0.6454013825943216	272500
chr15	275000	280000	0.42614799889978194	277500
chr15	280000	285000	0.0943172638664099	282500
chr15	285000	290000	0.09451321645402441	287500
chr15	290000	295000	0.09643355181264657	292500
chr15	295000	300000	0.09643355181264657	297500
chr15	300000	305000	0.09443917823864369	302500
chr15	305000	310000	0.10903609618122938	307500
chr15	310000	315000	0.12838791926450965	312500
chr15	315000	320000	0.10865451705950314	317500
chr15	320000	325000	0.10005277763680788	322500
chr15	325000	330000	0.10005277763680782	327500
chr15	330000	335000	0.10005277763680778	332500
chr15	335000	340000	0.10005277763680775	337500
chr15	340000	345000	0.10009422448213023	342500
chr15	345000	350000	0.6686116845707019	347500
chr15	350000	355000	9.247646026777664	352500
chr15	355000	360000	0.11223402145054755	357500
chr15	360000	365000	0.09154201593508768	362500
chr15	365000	370000	0.0721542438996097	367500
chr15	370000	375000	0.13568246554311048	372500
chr15	375000	380000	0.1356824655431105	377500
chr15	380000	385000	0.11184588293500902	382500
chr15	385000	390000	0.14158628469054832	387500
chr15	390000	395000	0.33412401974569006	392500
chr15	395000	400000	0.347517661006948	397500
chr15	400000	405000	0.3055749858180632	402500
chr15	405000	410000	1.1150538321039278	407500
chr15	410000	415000	0.5781601227638555	412500
chr15	415000	420000	0.5781601227638555	417500
chr15	420000	425000	1.1435294979596353	422500
chr15	425000	430000	0.9732503787343834	427500
chr15	430000	435000	1.1072661617019355	432500
chr15	435000	440000	1.1472187309988067	437500
chr15	440000	445000	1.4167988793355006	442500
chr15	445000	450000	1.5704527345914256	447500
chr15	450000	455000	1.445959039419543	452500
chr15	455000	460000	1.1216884595269263	457500
chr15	460000	465000	0.988777133591417	462500
chr15	465000	470000	5.245624244896134	467500
chr15	470000	475000	0.9435432753745617	472500
chr15	475000	480000	0.6094365773594747	477500
chr15	480000	485000	0.6828592664087305	482500
chr15	485000	490000	1.7422576464358037	487500
chr15	490000	495000	1.4149970914283065	492500
chr15	495000	500000	0.8507746402071521	497500
chr15	500000	505000	2.3120523095529255	502500
chr15	505000	510000	0.779707287178754	507500
chr15	510000	515000	1.6885011049087209	512500
chr15	515000	520000	0.9802558201170688	517500
chr15	520000	525000	1.0403899318420697	522500
chr15	525000	530000	1.220479718746265	527500
chr15	530000	535000	1.4491455723672604	532500
chr15	535000	540000	0.895688484581674	537500
chr15	540000	545000	0.477668239479055	542500
chr15	545000	550000	0.30993361954334175	547500
chr15	550000	555000	0.3991614550164831	552500
chr15	555000	560000	0.4413913970771889	557500
chr15	560000	565000	0.3104831116672797	562500
chr15	565000	570000	0.2948283096530623	567500
chr15	570000	575000	0.2922594924054356	572500
chr15	575000	580000	0.48393091548579886	577500
chr15	580000	585000	0.36906714056510614	582500
chr15	585000	590000	2.191927098625473	587500
chr15	590000	595000	1.4443639182534738	592500
chr15	595000	600000	1.5418407132678047	597500
chr15	600000	605000	0.663739630140836	602500
chr15	605000	610000	0.5326069446853758	607500
chr15	610000	615000	0.6692703502117613	612500
chr15	615000	620000	0.8872891251990697	617500
chr15	620000	625000	1.2591785792170167	622500
chr15	625000	630000	0.3116063302359415	627500
chr15	630000	635000	0.29218651772237775	632500
chr15	635000	640000	0.5571658473529005	637500
chr15	640000	645000	0.38186134294123625	642500
chr15	645000	650000	0.3818340699018286	647500
chr15	650000	655000	0.3937359303938723	652500
chr15	655000	660000	1.4499612534905078	657500
chr15	660000	665000	1.9628876408451486	662500
chr15	665000	670000	1.0553200651119794	667500
chr15	670000	675000	0.35284045711634954	672500
chr15	675000	680000	0.4420538704651916	677500
chr15	680000	685000	0.40619455877382765	682500
chr15	685000	690000	0.377739138386597	687500
chr15	690000	695000	0.38004083495280894	692500
chr15	695000	700000	0.3822408545604722	697500
chr15	700000	705000	0.4151214459759691	702500
chr15	705000	710000	1.099223880086896	707500
chr15	710000	715000	1.0842402809474225	712500
chr15	715000	720000	0.6151611646777827	717500
chr15	720000	725000	0.6151611646777824	722500
chr15	725000	730000	1.2152735982658252	727500
chr15	730000	735000	2.134161184741027	732500
chr15	735000	740000	3.4580342911872384	737500
chr15	740000	745000	1.7562926981492621	742500
chr15	745000	750000	1.3862757675870023	747500
chr15	750000	755000	1.5945226986975964	752500
chr15	755000	760000	1.4914802478459026	757500
chr15	760000	765000	0.9969818150704925	762500
chr15	765000	770000	0.5481546154748406	767500
chr15	770000	775000	1.2952949929643378	772500
chr15	775000	780000	2.3564119852115413	777500
chr15	780000	785000	0.9006879673420535	782500
chr15	785000	790000	0.91393467935582	787500
chr15	790000	795000	4.619053121011059	792500
chr15	795000	800000	1.7591584809618426	797500
chr15	800000	805000	0.6405928207672593	802500
chr15	805000	810000	1.173397999817808	807500
chr15	810000	815000	1.6133225001520013	812500
chr15	815000	820000	1.209132160663974	817500
chr15	820000	825000	4.977012667892299	822500
chr15	825000	830000	4.065239230106869	827500
chr15	830000	835000	0.5142674963636569	832500
chr15	835000	840000	0.45253615440730166	837500
chr15	840000	845000	0.8420903376557244	842500
chr15	845000	850000	0.42033169223484995	847500
chr15	850000	855000	0.6329291705611398	852500
chr15	855000	860000	0.8074436441166746	857500
chr15	860000	865000	1.1366801235905433	862500
chr15	865000	870000	1.9406384033254742	867500
chr15	870000	875000	2.533794433045918	872500
chr15	875000	880000	0.5766814118761242	877500
chr15	880000	885000	3.8648662860347325	882500
chr15	885000	890000	7.797963203269705	887500
chr15	890000	895000	1.073685196127015	892500
chr15	895000	900000	0.9098145506981185	897500
chr15	900000	905000	1.240857292071903	902500
chr15	905000	910000	1.1395550407869501	907500
chr15	910000	915000	2.0891387617040618	912500
chr15	915000	920000	6.462442565005204	917500
chr15	920000	925000	1.8233349126110343	922500
chr15	925000	930000	1.4524174801290144	927500
chr15	930000	935000	3.327990592241904	932500
chr15	935000	940000	1.786121382290783	937500
chr15	940000	945000	1.7786972371453902	942500
chr15	945000	950000	0.8775720467321424	947500
chr15	950000	955000	0.18374006254990607	952500
chr15	955000	960000	0.5595564712782591	957500
chr15	960000	965000	4.022478412437566	962500
chr15	965000	970000	2.6994669422381725	967500
chr15	970000	975000	1.7029490604859059	972500
chr15	975000	980000	1.7029490604859059	977500
chr15	980000	985000	4.221484078447142	982500
chr15	985000	990000	1.8122845051246155	987500
chr15	990000	995000	1.3017386134225892	992500
chr15	995000	1000000	1.506799512697516	997500
chr15	1000000	1005000	8.847053533445523	1002500
chr15	1005000	1010000	1.7246942600612991	1007500
chr15	1010000	1015000	0.9162154497660657	1012500
chr15	1015000	1020000	0.702357041040474	1017500
chr15	1020000	1025000	0.7244991593860175	1022500
chr15	1025000	1030000	0.8890999675009749	1027500
chr15	1030000	1035000	1.1302858728334322	1032500
chr15	1035000	1040000	1.6508823064411637	1037500
chr15	1040000	1045000	2.2121842144712858	1042500
chr15	1045000	1050000	6.23338688837306	1047500
chr15	1050000	1055000	2.5722895961459655	1052500
chr15	1055000	1060000	3.8166925820134034	1057500
chr15	1060000	1065000	5.74672118435825	1062500
chr15	1065000	1070000	2.345190192308471	1067500
chr15	1070000	1075000	2.3191798241174717	1072500
chr15	1075000	1080000	2.324567644591922	1077500
chr15	1080000	1085000	4.610937221624534	1082500
chr15	1085000	1090000	9.89764379673279	1087500
chr15	1090000	1095000	5.407815410670003	1092500
chr15	1095000	1100000	8.571971392549141	1097500
chr15	1100000	1105000	3.4976494056810026	1102500
chr15	1105000	1110000	2.8853903384500432	1107500
chr15	1110000	1115000	2.877408146078123	1112500
chr15	1115000	1120000	20.630620107767797	1117500
chr15	1120000	1125000	4.922062872898709	1122500
chr15	1125000	1130000	2.79083259434165	1127500
chr15	1130000	1135000	3.0428272389041484	1132500
chr15	1135000	1140000	7.573097207286524	1137500
chr15	1140000	1145000	4.114152889395696	1142500
chr15	1145000	1150000	3.7554595565553446	1147500
chr15	1150000	1155000	3.229663678842489	1152500
chr15	1155000	1160000	3.413189930385062	1157500
chr15	1160000	1165000	3.363209280273786	1162500
chr15	1165000	1170000	4.498620592845417	1167500
chr15	1170000	1175000	4.837640645365848	1172500
chr15	1175000	1180000	2.527873323988071	1177500
chr15	1180000	1185000	4.563020929236601	1182500
chr15	1185000	1190000	2.4269251783228234	1187500
chr15	1190000	1195000	1.361234531307484	1192500
chr15	1195000	1200000	1.4446740599411851	1197500
chr15	1200000	1205000	5.702876751091689	1202500
chr15	1205000	1210000	1.0879134872725182	1207500
chr15	1210000	1215000	8.93802579291724	1212500
chr15	1215000	1220000	3.6096016746804285	1217500
chr15	1220000	1225000	0.9946561640237447	1222500
chr15	1225000	1230000	0.9198408298762186	1227500
chr15	1230000	1235000	1.2297017322366353	1232500
chr15	1235000	1240000	2.8489927645886155	1237500
chr15	1240000	1245000	4.795852545276965	1242500
chr15	1245000	1250000	1.833234160788928	1247500
chr15	1250000	1255000	1.9143537031847664	1252500
chr15	1255000	1260000	1.974766514641655	1257500
chr15	1260000	1265000	2.1895445410367578	1262500
chr15	1265000	1270000	3.1986666902609824	1267500
chr15	1270000	1275000	3.254019993726042	1272500
chr15	1275000	1280000	4.92061902095763	1277500
chr15	1280000	1285000	5.327727272589912	1282500
chr15	1285000	1290000	14.102690427263715	1287500
chr15	1290000	1295000	10.277413126414345	1292500
chr15	1295000	1300000	9.586022305811436	1297500
chr15	1300000	1305000	6.9559425361840646	1302500
chr15	1305000	1310000	9.781759951846455	1307500
chr15	1310000	1315000	4.431318385402115	1312500
chr15	1315000	1320000	4.428540416792599	1317500
chr15	1320000	1325000	5.007784703781861	1322500
chr15	1325000	1330000	4.484367695721212	1327500
chr15	1330000	1335000	5.085680256715603	1332500
chr15	1335000	1340000	3.623810106703276	1337500
chr15	1340000	1345000	3.602497364333582	1342500
chr15	1345000	1350000	13.078381748378016	1347500
chr15	1350000	1355000	6.213833676265585	1352500
chr15	1355000	1360000	6.721728351811342	1357500
chr15	1360000	1365000	6.391224631920222	1362500
chr15	1365000	1370000	4.361696978914481	1367500
chr15	1370000	1375000	3.90737072784747	1372500
chr15	1375000	1380000	16.833310229630893	1377500
chr15	1380000	1385000	11.489027858588999	1382500
chr15	1385000	1390000	3.577936428841363	1387500
chr15	1390000	1395000	3.8440116572429774	1392500
chr15	1395000	1400000	7.528105217001577	1397500
chr15	1400000	1405000	8.703955659127839	1402500
chr15	1405000	1410000	6.043919757135095	1407500
chr15	1410000	1415000	8.9247350443796	1412500
chr15	1415000	1420000	7.275662083284169	1417500
chr15	1420000	1425000	8.270657854255537	1422500
chr15	1425000	1430000	20.415447525240275	1427500
chr15	1430000	1435000	5.646565944128616	1432500
chr15	1435000	1440000	4.076206750326701	1437500
chr15	1440000	1445000	5.167596769112699	1442500
chr15	1445000	1450000	5.2350573062291055	1447500
chr15	1450000	1455000	5.525864195162688	1452500
chr15	1455000	1460000	6.841322656181243	1457500
chr15	1460000	1465000	11.131870833842958	1462500
chr15	1465000	1470000	6.899107599918963	1467500
chr15	1470000	1475000	8.06827109235202	1472500
chr15	1475000	1480000	32.88994864441404	1477500
chr15	1480000	1485000	10.687393003213606	1482500
chr15	1485000	1490000	8.87118905181226	1487500
chr15	1490000	1495000	11.92779637795913	1492500
chr15	1495000	1500000	11.788600023960715	1497500
chr15	1500000	1505000	11.831731608470845	1502500
chr15	1505000	1510000	7.10726686490098	1507500
chr15	1510000	1515000	8.155812354941805	1512500
chr15	1515000	1520000	8.900349975451284	1517500
chr15	1520000	1525000	33.8016020889001	1522500
chr15	1525000	1530000	5.935561767261151	1527500
chr15	1530000	1535000	4.29035463692214	1532500
chr15	1535000	1540000	7.654285366845436	1537500
chr15	1540000	1545000	7.701118633711721	1542500
chr15	1545000	1550000	7.8168167063809575	1547500
chr15	1550000	1555000	14.647490776861506	1552500
chr15	1555000	1560000	17.747684744339253	1557500
chr15	1560000	1565000	14.142126610131053	1562500
chr15	1565000	1570000	10.8976465465961	1567500
chr15	1570000	1575000	8.310571696948974	1572500
chr15	1575000	1580000	39.63050669073708	1577500
chr15	1580000	1585000	15.098394260089039	1582500
chr15	1585000	1590000	8.322016175581	1587500
chr15	1590000	1595000	26.03025901765063	1592500
chr15	1595000	1600000	15.079115048642873	1597500
chr15	1600000	1605000	9.347423491407152	1602500
chr15	1605000	1610000	5.891154126287865	1607500
chr15	1610000	1615000	9.56231430989542	1612500
chr15	1615000	1620000	6.346282820520092	1617500
chr15	1620000	1625000	9.507922815480496	1622500
chr15	1625000	1630000	8.748381044621471	1627500
chr15	1630000	1635000	5.406219917580692	1632500
chr15	1635000	1640000	10.44968990383141	1637500
chr15	1640000	1645000	10.051490069570315	1642500
chr15	1645000	1650000	9.936042827980408	1647500
chr15	1650000	1655000	12.256020530707076	1652500
chr15	1655000	1660000	6.7831962682842795	1657500
chr15	1660000	1665000	7.7680211016576415	1662500
chr15	1665000	1670000	11.395750936544767	1667500
chr15	1670000	1675000	17.238226664902843	1672500
chr15	1675000	1680000	20.140843673265426	1677500
chr15	1680000	1685000	27.193236266237555	1682500
chr15	1685000	1690000	20.24524844831838	1687500
chr15	1690000	1695000	17.916958166948756	1692500
chr15	1695000	1700000	18.36299958337812	1697500
chr15	1700000	1705000	21.635827470513306	1702500
chr15	1705000	1710000	27.940229733664417	1707500
chr15	1710000	1715000	24.4076628695554	1712500
chr15	1715000	1720000	22.505469425668498	1717500
chr15	1720000	1725000	17.227710189026034	1722500
chr15	1725000	1730000	16.3820908925766	1727500
chr15	1730000	1735000	22.125864059900326	1732500
chr15	1735000	1740000	14.247331385495194	1737500
chr15	1740000	1745000	21.152674751803865	1742500
chr15	1745000	1750000	19.531689756909973	1747500
chr15	1750000	1755000	17.855016325203994	1752500
chr15	1755000	1760000	24.246830587181464	1757500
chr15	1760000	1765000	20.559200024798372	1762500
chr15	1765000	1770000	26.025902279763862	1767500
chr15	1770000	1775000	25.861993689265578	1772500
chr15	1775000	1780000	16.79285581627077	1777500
chr15	1780000	1785000	21.671449163782853	1782500
chr15	1785000	1790000	21.044966590094926	1787500
chr15	1790000	1795000	21.100596265304674	1792500
chr15	1795000	1800000	23.081952439792502	1797500
chr15	1800000	1805000	24.183781856883844	1802500
chr15	1805000	1810000	28.494714887412965	1807500
chr15	1810000	1815000	27.11375352676841	1812500
chr15	1815000	1820000	27.242012134981362	1817500
chr15	1820000	1825000	20.620393266401766	1822500
chr15	1825000	1830000	30.30038734513877	1827500
chr15	1830000	1835000	25.204943063965406	1832500
chr15	1835000	1840000	24.05489456054402	1837500
chr15	1840000	1845000	24.12069235724829	1842500
chr15	1845000	1850000	34.1223602505764	1847500
chr15	1850000	1855000	11.600278678547799	1852500
chr15	1855000	1860000	18.843118688129426	1857500
chr15	1860000	1865000	18.248736854942955	1862500
chr15	1865000	1870000	22.918919717935875	1867500
chr15	1870000	1875000	21.20414598196015	1872500
chr15	1875000	1880000	30.745889094291318	1877500
chr15	1880000	1885000	22.568398255891964	1882500
chr15	1885000	1890000	26.27680331966214	1887500
chr15	1890000	1895000	28.834744414942424	1892500
chr15	1895000	1900000	28.73738939282971	1897500
chr15	1900000	1905000	31.3632100610446	1902500
chr15	1905000	1910000	26.104979361516786	1907500
chr15	1910000	1915000	18.340770949162653	1912500
chr15	1915000	1920000	9.994790171013934	1917500
chr15	1920000	1925000	20.62157010006903	1922500
chr15	1925000	1930000	21.62424625623609	1927500
chr15	1930000	1935000	29.33854559051211	1932500
chr15	1935000	1940000	38.938353391910866	1937500
chr15	1940000	1945000	32.81442532940605	1942500
chr15	1945000	1950000	22.546549348837623	1947500
chr15	1950000	1955000	29.40263250534409	1952500
chr15	1955000	1960000	20.387749783998594	1957500
chr15	1960000	1965000	13.22945174084166	1962500
chr15	1965000	1970000	25.31112404333096	1967500
chr15	1970000	1975000	17.018084630095615	1972500
chr15	1975000	1980000	22.621761748730627	1977500
chr15	1980000	1985000	23.119784117346327	1982500
chr15	1985000	1990000	13.439077070920433	1987500
chr15	1990000	1995000	19.14442714079448	1992500
chr15	1995000	2000000	23.143321191696582	1997500
chr15	2000000	2005000	25.27719571475485	2002500
chr15	2005000	2010000	20.822166124533567	2007500
chr15	2010000	2015000	30.228445678749114	2012500
chr15	2015000	2020000	25.258199357068566	2017500
chr15	2020000	2025000	22.71032101423272	2022500
chr15	2025000	2030000	25.529835138656534	2027500
chr15	2030000	2035000	22.563611597606016	2032500
chr15	2035000	2040000	20.626499505904043	2037500
chr15	2040000	2045000	14.063718062601204	2042500
chr15	2045000	2050000	21.40091218135314	2047500
chr15	2050000	2055000	25.280967455996954	2052500
chr15	2055000	2060000	25.81646593233811	2057500
chr15	2060000	2065000	32.705694924867586	2062500
chr15	2065000	2070000	25.44765037784861	2067500
chr15	2070000	2075000	22.301077233140532	2072500
chr15	2075000	2080000	16.982019521707237	2077500
chr15	2080000	2085000	31.705170849470118	2082500
chr15	2085000	2090000	41.19148593510403	2087500
chr15	2090000	2095000	18.84658610873342	2092500
chr15	2095000	2100000	23.31406778031109	2097500
chr15	2100000	2105000	22.384456651869762	2102500
chr15	2105000	2110000	23.92686853084367	2107500
chr15	2110000	2115000	19.16428834304338	2112500
chr15	2115000	2120000	17.752511631254894	2117500
chr15	2120000	2125000	28.124035709714903	2122500
chr15	2125000	2130000	16.508254367071228	2127500
chr15	2130000	2135000	20.193209825248633	2132500
chr15	2135000	2140000	23.516391306215652	2137500
chr15	2140000	2145000	23.448426675810722	2142500
chr15	2145000	2150000	14.40314987877288	2147500
chr15	2150000	2155000	20.005148886959233	2152500
chr15	2155000	2160000	10.905512835940078	2157500
chr15	2160000	2165000	16.377640965383794	2162500
chr15	2165000	2170000	16.04061307001275	2167500
chr15	2170000	2175000	24.770587979792133	2172500
chr15	2175000	2180000	10.841473337238762	2177500
chr15	2180000	2185000	24.11703260091831	2182500
chr15	2185000	2190000	23.099193273958704	2187500
chr15	2190000	2195000	18.417014573283808	2192500
chr15	2195000	2200000	21.447552007983482	2197500
chr15	2200000	2205000	12.880763024749784	2202500
chr15	2205000	2210000	16.165864934813147	2207500
chr15	2210000	2215000	16.612602336929726	2212500
chr15	2215000	2220000	13.034618288331476	2217500
chr15	2220000	2225000	13.90982157547875	2222500
chr15	2225000	2230000	17.268732200852845	2227500
chr15	2230000	2235000	23.561085179006604	2232500
chr15	2235000	2240000	22.15997371234624	2237500
chr15	2240000	2245000	18.142626197774796	2242500
chr15	2245000	2250000	19.201333915146048	2247500
chr15	2250000	2255000	15.516363617946979	2252500
chr15	2255000	2260000	14.269038375942133	2257500
chr15	2260000	2265000	14.081951412109015	2262500
chr15	2265000	2270000	15.98075130994578	2267500
chr15	2270000	2275000	9.130868888206763	2272500
chr15	2275000	2280000	9.99061301321213	2277500
chr15	2280000	2285000	10.641918215792138	2282500
chr15	2285000	2290000	17.831112152791622	2287500
chr15	2290000	2295000	14.557512178438554	2292500
chr15	2295000	2300000	15.460474786720978	2297500
chr15	2300000	2305000	13.111435144680058	2302500
chr15	2305000	2310000	21.100142813876495	2307500
chr15	2310000	2315000	10.095562879568861	2312500
chr15	2315000	2320000	19.11219345102129	2317500
chr15	2320000	2325000	15.462329612961426	2322500
chr15	2325000	2330000	11.223719886667906	2327500
chr15	2330000	2335000	7.915474606012146	2332500
chr15	2335000	2340000	11.322265075361443	2337500
chr15	2340000	2345000	10.87986070277179	2342500
chr15	2345000	2350000	13.997114138928351	2347500
chr15	2350000	2355000	18.159440498143393	2352500
chr15	2355000	2360000	14.741056503594278	2357500
chr15	2360000	2365000	11.97141379038173	2362500
chr15	2365000	2370000	13.170709048298633	2367500
chr15	2370000	2375000	5.796763688989961	2372500
chr15	2375000	2380000	7.367866785759719	2377500
chr15	2380000	2385000	11.400858431066835	2382500
chr15	2385000	2390000	13.111191889706474	2387500
chr15	2390000	2395000	21.18686139237769	2392500
chr15	2395000	2400000	23.383178378118718	2397500
chr15	2400000	2405000	24.90526937098443	2402500
chr15	2405000	2410000	17.039935808849116	2407500
chr15	2410000	2415000	18.869709333352297	2412500
chr15	2415000	2420000	13.215487302199449	2417500
chr15	2420000	2425000	10.140654918255278	2422500
chr15	2425000	2430000	8.707169896175039	2427500
chr15	2430000	2435000	6.791995960664291	2432500
chr15	2435000	2440000	12.599271212321202	2437500
chr15	2440000	2445000	12.491613559539987	2442500
chr15	2445000	2450000	10.573188372210119	2447500
chr15	2450000	2455000	10.112691742748485	2452500
chr15	2455000	2460000	10.599659606175857	2457500
chr15	2460000	2465000	10.662130651287013	2462500
chr15	2465000	2470000	11.858870747745836	2467500
chr15	2470000	2475000	13.967504622150662	2472500
chr15	2475000	2480000	9.663282742130164	2477500
chr15	2480000	2485000	7.191115186408921	2482500
chr15	2485000	2490000	9.366190777673145	2487500
chr15	2490000	2495000	12.269350121047335	2492500
chr15	2495000	2500000	9.13412592831718	2497500
chr15	2500000	2505000	10.72683082216617	2502500
chr15	2505000	2510000	16.788752078787024	2507500
chr15	2510000	2515000	18.144989798269787	2512500
chr15	2515000	2520000	17.993942080884057	2517500
chr15	2520000	2525000	9.164834420672546	2522500
chr15	2525000	2530000	11.879467570076642	2527500
chr15	2530000	2535000	9.926407018845254	2532500
chr15	2535000	2540000	8.794269957694395	2537500
chr15	2540000	2545000	7.373683019490406	2542500
chr15	2545000	2550000	20.921425937405257	2547500
chr15	2550000	2555000	37.44053867572778	2552500
chr15	2555000	2560000	9.108412622292244	2557500
chr15	2560000	2565000	8.703072061275863	2562500
chr15	2565000	2570000	6.966921488623168	2567500
chr15	2570000	2575000	9.345838048670494	2572500
chr15	2575000	2580000	31.410816996925455	2577500
chr15	2580000	2585000	26.750711088178978	2582500
chr15	2585000	2590000	9.890326090770557	2587500
chr15	2590000	2595000	29.3350563116086	2592500
chr15	2595000	2600000	17.10991946082608	2597500
chr15	2600000	2605000	13.926378442548728	2602500
chr15	2605000	2610000	16.876306445692588	2607500
chr15	2610000	2615000	16.56850190310803	2612500
chr15	2615000	2620000	9.939949152293282	2617500
chr15	2620000	2625000	8.7568202854413	2622500
chr15	2625000	2630000	10.005519974975023	2627500
chr15	2630000	2635000	8.87136692620974	2632500
chr15	2635000	2640000	17.23317522127527	2637500
chr15	2640000	2645000	11.205447981549645	2642500
chr15	2645000	2650000	9.70612722412725	2647500
chr15	2650000	2655000	15.109340105320962	2652500
chr15	2655000	2660000	26.046501969055186	2657500
chr15	2660000	2665000	9.108146267011271	2662500
chr15	2665000	2670000	9.455259783159509	2667500
chr15	2670000	2675000	13.521588116429454	2672500
chr15	2675000	2680000	17.641128877180765	2677500
chr15	2680000	2685000	25.42545811026187	2682500
chr15	2685000	2690000	35.49679304294662	2687500
chr15	2690000	2695000	39.76618501127067	2692500
chr15	2695000	2700000	19.979494768563914	2697500
chr15	2700000	2705000	16.08285540442082	2702500
chr15	2705000	2710000	17.605064723729694	2707500
chr15	2710000	2715000	23.681604365338924	2712500
chr15	2715000	2720000	20.423140078995917	2717500
chr15	2720000	2725000	18.0517381082832	2722500
chr15	2725000	2730000	22.388522453502766	2727500
chr15	2730000	2735000	23.073388198825278	2732500
chr15	2735000	2740000	16.37486771944558	2737500
chr15	2740000	2745000	18.21081982383403	2742500
chr15	2745000	2750000	14.093652667878855	2747500
chr15	2750000	2755000	18.771856955593957	2752500
chr15	2755000	2760000	19.11442798459989	2757500
chr15	2760000	2765000	17.10416963710388	2762500
chr15	2765000	2770000	17.090381940088104	2767500
chr15	2770000	2775000	12.976993170974756	2772500
chr15	2775000	2780000	24.37034791123426	2777500
chr15	2780000	2785000	15.02242507836325	2782500
chr15	2785000	2790000	14.988454453619427	2787500
chr15	2790000	2795000	14.107488720032693	2792500
chr15	2795000	2800000	10.43830331819291	2797500
chr15	2800000	2805000	9.342594450309656	2802500
chr15	2805000	2810000	11.970807966578695	2807500
chr15	2810000	2815000	12.918759061846119	2812500
chr15	2815000	2820000	15.902829700803624	2817500
chr15	2820000	2825000	26.219888509228173	2822500
chr15	2825000	2830000	14.924992057466904	2827500
chr15	2830000	2835000	16.00311054674181	2832500
chr15	2835000	2840000	20.501868627551577	2837500
chr15	2840000	2845000	26.575996233883618	2842500
chr15	2845000	2850000	41.38485392167319	2847500
chr15	2850000	2855000	91.11091753448692	2852500
chr15	2855000	2860000	91.11091753448667	2857500
chr15	2860000	2865000	91.11091753448686	2862500
chr15	2865000	2870000	91.11091753448666	2867500
chr15	2870000	2875000	63.8132889050223	2872500
chr15	2875000	2880000	30.77047159202937	2877500
chr15	2880000	2885000	37.68041846817085	2882500
chr15	2885000	2890000	31.118075762481116	2887500
chr15	2890000	2895000	30.37844606856766	2892500
chr15	2895000	2900000	27.753265824937635	2897500
chr15	2900000	2905000	17.68359319812645	2902500
chr15	2905000	2910000	22.667946033461863	2907500
chr15	2910000	2915000	26.09239537746205	2912500
chr15	2915000	2920000	29.54989984820765	2917500
chr15	2920000	2925000	19.60308361082737	2922500
chr15	2925000	2930000	18.288766489545797	2927500
chr15	2930000	2935000	15.651458388622745	2932500
chr15	2935000	2940000	17.4705582602853	2937500
chr15	2940000	2945000	22.062611894063185	2942500
chr15	2945000	2950000	15.171458523727498	2947500
chr15	2950000	2955000	12.555117378226889	2952500
chr15	2955000	2960000	13.458149355262524	2957500
chr15	2960000	2965000	11.367479455608645	2962500
chr15	2965000	2970000	29.31063559675328	2967500
chr15	2970000	2975000	14.52202723027047	2972500
chr15	2975000	2980000	20.728764990896412	2977500
chr15	2980000	2985000	15.714571951627637	2982500
chr15	2985000	2990000	12.437827955654381	2987500
chr15	2990000	2995000	27.007657121413814	2992500
chr15	2995000	3000000	25.745611917861403	2997500
chr15	3000000	3005000	11.366783106913038	3002500
chr15	3005000	3010000	10.925021961058901	3007500
chr15	3010000	3015000	10.186159249474224	3012500
chr15	3015000	3020000	9.79601264787113	3017500
chr15	3020000	3025000	12.939537778224434	3022500
chr15	3025000	3030000	14.89134613249398	3027500
chr15	3030000	3035000	13.185151796455393	3032500
chr15	3035000	3040000	36.696627886041675	3037500
chr15	3040000	3045000	16.17247977705666	3042500
chr15	3045000	3050000	12.495467223499007	3047500
chr15	3050000	3055000	8.718280204251823	3052500
chr15	3055000	3060000	7.279904924149171	3057500
chr15	3060000	3065000	5.339639610721156	3062500
chr15	3065000	3070000	8.9603221512113	3067500
chr15	3070000	3075000	21.535444179157125	3072500
chr15	3075000	3080000	13.011884700352903	3077500
chr15	3080000	3085000	14.152006180744474	3082500
chr15	3085000	3090000	26.05028658570892	3087500
chr15	3090000	3095000	52.25895441618684	3092500
chr15	3095000	3100000	29.25995045985054	3097500
chr15	3100000	3105000	19.082523035813672	3102500
chr15	3105000	3110000	8.013291577950888	3107500
chr15	3110000	3115000	11.596149633028839	3112500
chr15	3115000	3120000	9.085266909685908	3117500
chr15	3120000	3125000	14.381096242229303	3122500
chr15	3125000	3130000	8.978460007177162	3127500
chr15	3130000	3135000	9.124793712646818	3132500
chr15	3135000	3140000	14.232004392591572	3137500
chr15	3140000	3145000	22.940324392906433	3142500
chr15	3145000	3150000	23.79119374589608	3147500
chr15	3150000	3155000	16.851149593386904	3152500
chr15	3155000	3160000	23.218201511511374	3157500
chr15	3160000	3165000	31.707992019108257	3162500
chr15	3165000	3170000	30.53925570287672	3167500
chr15	3170000	3175000	40.943723063504756	3172500
chr15	3175000	3180000	37.23962405813614	3177500
chr15	3180000	3185000	32.64499400714544	3182500
chr15	3185000	3190000	31.004295340147713	3187500
chr15	3190000	3195000	32.929955332605886	3192500
chr15	3195000	3200000	36.4711535235613	3197500
chr15	3200000	3205000	26.328000474678277	3202500
chr15	3205000	3210000	17.189444898055946	3207500
chr15	3210000	3215000	33.35334939752226	3212500
chr15	3215000	3220000	30.684496909920846	3217500
chr15	3220000	3225000	24.052154883643208	3222500
chr15	3225000	3230000	25.255536513347494	3227500
chr15	3230000	3235000	32.479314022263466	3232500
chr15	3235000	3240000	26.285789978227292	3237500
chr15	3240000	3245000	34.22321038169335	3242500
chr15	3245000	3250000	34.348563581429595	3247500
chr15	3250000	3255000	52.26929694017961	3252500
chr15	3255000	3260000	18.671030582367635	3257500
chr15	3260000	3265000	23.420944899546953	3262500
chr15	3265000	3270000	32.80301304776942	3267500
chr15	3270000	3275000	28.80789742786476	3272500
chr15	3275000	3280000	25.009181678877038	3277500
chr15	3280000	3285000	25.00522881673499	3282500
chr15	3285000	3290000	25.870688390932372	3287500
chr15	3290000	3295000	25.03525405793227	3292500
chr15	3295000	3300000	26.136905399160486	3297500
chr15	3300000	3305000	26.682287273302173	3302500
chr15	3305000	3310000	26.47286320705453	3307500
chr15	3310000	3315000	26.937225605384704	3312500
chr15	3315000	3320000	26.48706799991635	3317500
chr15	3320000	3325000	23.70408401266178	3322500
chr15	3325000	3330000	24.427653188111748	3327500
chr15	3330000	3335000	26.589787677605432	3332500
chr15	3335000	3340000	26.97108865935184	3337500
chr15	3340000	3345000	25.871892779428652	3342500
chr15	3345000	3350000	27.066399585037818	3347500
chr15	3350000	3355000	25.26294181522179	3352500
chr15	3355000	3360000	29.87517846426883	3357500
chr15	3360000	3365000	44.66072456016314	3362500
chr15	3365000	3370000	40.84159934038915	3367500
chr15	3370000	3375000	35.31930457544281	3372500
chr15	3375000	3380000	43.399554101529006	3377500
chr15	3380000	3385000	28.13482699620861	3382500
chr15	3385000	3390000	26.954925258052857	3387500
chr15	3390000	3395000	27.71057698368602	3392500
chr15	3395000	3400000	24.819433944439606	3397500
chr15	3400000	3405000	36.00640587740205	3402500
chr15	3405000	3410000	29.98615833392107	3407500
chr15	3410000	3415000	32.624943528251144	3412500
chr15	3415000	3420000	43.6522648921279	3417500
chr15	3420000	3425000	37.98148506154216	3422500
chr15	3425000	3430000	38.30326697949134	3427500
chr15	3430000	3435000	29.551841792655082	3432500
chr15	3435000	3440000	34.42832950684437	3437500
chr15	3440000	3445000	40.798063028651924	3442500
chr15	3445000	3450000	36.29216239395717	3447500
chr15	3450000	3455000	45.63004784040919	3452500
chr15	3455000	3460000	33.59629003324238	3457500
chr15	3460000	3465000	33.34163778200459	3462500
chr15	3465000	3470000	30.966719200762828	3467500
chr15	3470000	3475000	34.46201786419948	3472500
chr15	3475000	3480000	35.33406210519687	3477500
chr15	3480000	3485000	34.47252511016476	3482500
chr15	3485000	3490000	36.42893210341434	3487500
chr15	3490000	3495000	30.776661411871803	3492500
chr15	3495000	3500000	35.00610987734136	3497500
chr15	3500000	3505000	27.304143326484358	3502500
chr15	3505000	3510000	18.098838472870188	3507500
chr15	3510000	3515000	19.130011075909945	3512500
chr15	3515000	3520000	26.75278514036004	3517500
chr15	3520000	3525000	37.24083889959633	3522500
chr15	3525000	3530000	35.12940903790326	3527500
chr15	3530000	3535000	31.38263027124167	3532500
chr15	3535000	3540000	23.05630672230953	3537500
chr15	3540000	3545000	22.99816151187976	3542500
chr15	3545000	3550000	22.304894007840236	3547500
chr15	3550000	3555000	25.70021285788892	3552500
chr15	3555000	3560000	28.35566978083611	3557500
chr15	3560000	3565000	22.89144397039773	3562500
chr15	3565000	3570000	24.074162992359533	3567500
chr15	3570000	3575000	25.30582069439625	3572500
chr15	3575000	3580000	23.84324354697637	3577500
chr15	3580000	3585000	21.922902906355525	3582500
chr15	3585000	3590000	22.404314565014445	3587500
chr15	3590000	3595000	21.872490977656334	3592500
chr15	3595000	3600000	23.586630577050705	3597500
chr15	3600000	3605000	25.467742614723807	3602500
chr15	3605000	3610000	20.159979719867113	3607500
chr15	3610000	3615000	19.23205178549378	3612500
chr15	3615000	3620000	18.43353980484367	3617500
chr15	3620000	3625000	23.189936110618124	3622500
chr15	3625000	3630000	19.558721979421335	3627500
chr15	3630000	3635000	18.42835830537527	3632500
chr15	3635000	3640000	19.976999936312982	3637500
chr15	3640000	3645000	27.55585446368007	3642500
chr15	3645000	3650000	17.882704105011534	3647500
chr15	3650000	3655000	24.460005122379794	3652500
chr15	3655000	3660000	36.75096136821215	3657500
chr15	3660000	3665000	32.4192887904557	3662500
chr15	3665000	3670000	38.25260221224272	3667500
chr15	3670000	3675000	51.66345633907603	3672500
chr15	3675000	3680000	29.438080108397468	3677500
chr15	3680000	3685000	42.7583131975821	3682500
chr15	3685000	3690000	46.09408070103614	3687500
chr15	3690000	3695000	51.73357652159279	3692500
chr15	3695000	3700000	19.31138640235434	3697500
chr15	3700000	3705000	25.21925424373583	3702500
chr15	3705000	3710000	37.94219206907656	3707500
chr15	3710000	3715000	30.80739511760109	3712500
chr15	3715000	3720000	38.63687982010667	3717500
chr15	3720000	3725000	63.872000531529494	3722500
chr15	3725000	3730000	71.11849552282226	3727500
chr15	3730000	3735000	61.891455171316665	3732500
chr15	3735000	3740000	30.824811241098217	3737500
chr15	3740000	3745000	18.20510442670378	3742500
chr15	3745000	3750000	19.907632402520022	3747500
chr15	3750000	3755000	21.49293606310877	3752500
chr15	3755000	3760000	19.09535323054078	3757500
chr15	3760000	3765000	20.833456837689006	3762500
chr15	3765000	3770000	13.956586859662599	3767500
chr15	3770000	3775000	17.559689230363343	3772500
chr15	3775000	3780000	11.515881129148303	3777500
chr15	3780000	3785000	10.718320122048182	3782500
chr15	3785000	3790000	21.021365772126288	3787500
chr15	3790000	3795000	27.27459121956812	3792500
chr15	3795000	3800000	23.673527759831433	3797500
chr15	3800000	3805000	24.51537180817657	3802500
chr15	3805000	3810000	34.131282113702234	3807500
chr15	3810000	3815000	39.35290392508208	3812500
chr15	3815000	3820000	57.625085023122956	3817500
chr15	3820000	3825000	45.90993813412601	3822500
chr15	3825000	3830000	49.63373963565761	3827500
chr15	3830000	3835000	52.947968458616266	3832500
chr15	3835000	3840000	18.226809827974506	3837500
chr15	3840000	3845000	17.83987105461605	3842500
chr15	3845000	3850000	24.2143837540191	3847500
chr15	3850000	3855000	26.29714695290608	3852500
chr15	3855000	3860000	14.38490552936882	3857500
chr15	3860000	3865000	21.167212808851858	3862500
chr15	3865000	3870000	28.39394656309185	3867500
chr15	3870000	3875000	16.309303704630167	3872500
chr15	3875000	3880000	29.125230824248327	3877500
chr15	3880000	3885000	48.61223216427572	3882500
chr15	3885000	3890000	34.64863733742957	3887500
chr15	3890000	3895000	50.61597866212416	3892500
chr15	3895000	3900000	49.46513536416924	3897500
chr15	3900000	3905000	41.35547250719783	3902500
chr15	3905000	3910000	49.81220162947947	3907500
chr15	3910000	3915000	21.782909772784883	3912500
chr15	3915000	3920000	11.302042972169184	3917500
chr15	3920000	3925000	13.771486176398312	3922500
chr15	3925000	3930000	13.454744246363902	3927500
chr15	3930000	3935000	6.825661722378387	3932500
chr15	3935000	3940000	12.352884889941294	3937500
chr15	3940000	3945000	26.262429376719318	3942500
chr15	3945000	3950000	16.173369413951107	3947500
chr15	3950000	3955000	23.948716800268446	3952500
chr15	3955000	3960000	34.01491198939267	3957500
chr15	3960000	3965000	42.17952691897919	3962500
chr15	3965000	3970000	26.72268777460366	3967500
chr15	3970000	3975000	27.761298381228244	3972500
chr15	3975000	3980000	49.12066382617462	3977500
chr15	3980000	3985000	41.05940537194378	3982500
chr15	3985000	3990000	24.458718502488004	3987500
chr15	3990000	3995000	20.25553203278974	3992500
chr15	3995000	4000000	18.690424873675685	3997500
chr15	4000000	4005000	23.36406466106387	4002500
chr15	4005000	4010000	20.62787032185269	4007500
chr15	4010000	4015000	22.434277794713967	4012500
chr15	4015000	4020000	22.2595554915166	4017500
chr15	4020000	4025000	17.2229496304853	4022500
chr15	4025000	4030000	21.490197598088344	4027500
chr15	4030000	4035000	13.436983681470632	4032500
chr15	4035000	4040000	17.89085357888502	4037500
chr15	4040000	4045000	13.220075573203799	4042500
chr15	4045000	4050000	7.979637318316735	4047500
chr15	4050000	4055000	15.635979052711477	4052500
chr15	4055000	4060000	9.73389737738038	4057500
chr15	4060000	4065000	11.154240463320193	4062500
chr15	4065000	4070000	12.864262382457463	4067500
chr15	4070000	4075000	14.949217819753958	4072500
chr15	4075000	4080000	9.317997454132382	4077500
chr15	4080000	4085000	13.502493667887757	4082500
chr15	4085000	4090000	7.418397317142887	4087500
chr15	4090000	4095000	6.945483971753711	4092500
chr15	4095000	4100000	6.403424119674142	4097500
chr15	4100000	4105000	9.000855705962596	4102500
chr15	4105000	4110000	10.042357367786957	4107500
chr15	4110000	4115000	7.0929027276947885	4112500
chr15	4115000	4120000	6.18185895162921	4117500
chr15	4120000	4125000	6.895842790183368	4122500
chr15	4125000	4130000	5.1170004914539104	4127500
chr15	4130000	4135000	6.901437236337294	4132500
chr15	4135000	4140000	5.292074208516307	4137500
chr15	4140000	4145000	8.740199001977786	4142500
chr15	4145000	4150000	13.131909878239991	4147500
chr15	4150000	4155000	23.100839493755615	4152500
chr15	4155000	4160000	16.291144081251662	4157500
chr15	4160000	4165000	11.29466271608833	4162500
chr15	4165000	4170000	11.925710610733857	4167500
chr15	4170000	4175000	19.952094916531422	4172500
chr15	4175000	4180000	11.352209469833127	4177500
chr15	4180000	4185000	11.879454807589827	4182500
chr15	4185000	4190000	14.076464492235145	4187500
chr15	4190000	4195000	12.645367968572126	4192500
chr15	4195000	4200000	12.642851168503805	4197500
chr15	4200000	4205000	13.751461283679657	4202500
chr15	4205000	4210000	14.407219914070533	4207500
chr15	4210000	4215000	13.478773314882366	4212500
chr15	4215000	4220000	15.288236893140175	4217500
chr15	4220000	4225000	14.977222597078757	4222500
chr15	4225000	4230000	11.6343065936791	4227500
chr15	4230000	4235000	11.381319553745527	4232500
chr15	4235000	4240000	11.609889949657425	4237500
chr15	4240000	4245000	12.220961859704778	4242500
chr15	4245000	4250000	15.446962736993155	4247500
chr15	4250000	4255000	13.68545357640536	4252500
chr15	4255000	4260000	13.53888162266481	4257500
chr15	4260000	4265000	14.047563110020999	4262500
chr15	4265000	4270000	11.946490360182716	4267500
chr15	4270000	4275000	10.448092921779264	4272500
chr15	4275000	4280000	13.83769339423167	4277500
chr15	4280000	4285000	17.408542400811108	4282500
chr15	4285000	4290000	14.50931157607152	4287500
chr15	4290000	4295000	14.636292206459421	4292500
chr15	4295000	4300000	20.02560573660352	4297500
chr15	4300000	4305000	15.367099101699706	4302500
chr15	4305000	4310000	15.142581914814505	4307500
chr15	4310000	4315000	11.470550673488077	4312500
chr15	4315000	4320000	9.410246056262496	4317500
chr15	4320000	4325000	14.747034752807165	4322500
chr15	4325000	4330000	17.022046208426932	4327500
chr15	4330000	4335000	15.125971801286338	4332500
chr15	4335000	4340000	16.142633640640266	4337500
chr15	4340000	4345000	15.374866783800353	4342500
chr15	4345000	4350000	9.624732360192358	4347500
chr15	4350000	4355000	5.19251184409573	4352500
chr15	4355000	4360000	11.374141885343473	4357500
chr15	4360000	4365000	14.924548893066492	4362500
chr15	4365000	4370000	16.493243029684567	4367500
chr15	4370000	4375000	17.834198455079413	4372500
chr15	4375000	4380000	17.789232650182363	4377500
chr15	4380000	4385000	16.692054760362975	4382500
chr15	4385000	4390000	17.39561923398622	4387500
chr15	4390000	4395000	17.524196858688914	4392500
chr15	4395000	4400000	13.204815865412893	4397500
chr15	4400000	4405000	17.093848656302637	4402500
chr15	4405000	4410000	13.232205804421708	4407500
chr15	4410000	4415000	12.232051693593759	4412500
chr15	4415000	4420000	12.785660586373615	4417500
chr15	4420000	4425000	14.564630055471174	4422500
chr15	4425000	4430000	16.00855914199025	4427500
chr15	4430000	4435000	15.146983596197854	4432500
chr15	4435000	4440000	14.578308878740907	4437500
chr15	4440000	4445000	15.11050900243063	4442500
chr15	4445000	4450000	12.248123000490082	4447500
chr15	4450000	4455000	14.902996536861986	4452500
chr15	4455000	4460000	18.73575278047049	4457500
chr15	4460000	4465000	13.16664390446093	4462500
chr15	4465000	4470000	24.83252457850707	4467500
chr15	4470000	4475000	10.001830732176689	4472500
chr15	4475000	4480000	12.81411638570776	4477500
chr15	4480000	4485000	12.175877715042917	4482500
chr15	4485000	4490000	8.469191747524869	4487500
chr15	4490000	4495000	13.148650752596955	4492500
chr15	4495000	4500000	17.73023684375589	4497500
chr15	4500000	4505000	16.97572945494796	4502500
chr15	4505000	4510000	11.596422590174678	4507500
chr15	4510000	4515000	21.585968594577654	4512500
chr15	4515000	4520000	10.791776477470053	4517500
chr15	4520000	4525000	17.566201745261324	4522500
chr15	4525000	4530000	16.36212700374692	4527500
chr15	4530000	4535000	15.094783144419315	4532500
chr15	4535000	4540000	17.552353718504317	4537500
chr15	4540000	4545000	8.964884949897394	4542500
chr15	4545000	4550000	10.96346436344229	4547500
chr15	4550000	4555000	10.963464363442286	4552500
chr15	4555000	4560000	12.24657551965502	4557500
chr15	4560000	4565000	13.544138723560408	4562500
chr15	4565000	4570000	5.9541035554717725	4567500
chr15	4570000	4575000	5.260935743042809	4572500
chr15	4575000	4580000	13.137364124221818	4577500
chr15	4580000	4585000	13.932029229607798	4582500
chr15	4585000	4590000	22.85691905824663	4587500
chr15	4590000	4595000	18.601486769291114	4592500
chr15	4595000	4600000	17.09531129469995	4597500
chr15	4600000	4605000	13.6126430933072	4602500
chr15	4605000	4610000	12.902892937160088	4607500
chr15	4610000	4615000	10.286809137350186	4612500
chr15	4615000	4620000	8.87000204590871	4617500
chr15	4620000	4625000	11.787263303043936	4622500
chr15	4625000	4630000	9.155435956223629	4627500
chr15	4630000	4635000	24.435916288707755	4632500
chr15	4635000	4640000	16.6666074870199	4637500
chr15	4640000	4645000	14.200512526469485	4642500
chr15	4645000	4650000	14.51780578519	4647500
chr15	4650000	4655000	14.718310702062285	4652500
chr15	4655000	4660000	21.49302836416173	4657500
chr15	4660000	4665000	11.200921993726329	4662500
chr15	4665000	4670000	9.906143045771207	4667500
chr15	4670000	4675000	7.599180676545994	4672500
chr15	4675000	4680000	7.118198015412568	4677500
chr15	4680000	4685000	10.799935373371467	4682500
chr15	4685000	4690000	17.92078044222877	4687500
chr15	4690000	4695000	20.878058712969978	4692500
chr15	4695000	4700000	10.587323504251293	4697500
chr15	4700000	4705000	18.154527951398883	4702500
chr15	4705000	4710000	24.53954038859226	4707500
chr15	4710000	4715000	29.749743584080974	4712500
chr15	4715000	4720000	27.076567920873217	4717500
chr15	4720000	4725000	24.983345518964914	4722500
chr15	4725000	4730000	28.693628671167843	4727500
chr15	4730000	4735000	32.3026297432071	4732500
chr15	4735000	4740000	33.70598151624381	4737500
chr15	4740000	4745000	29.482817327182172	4742500
chr15	4745000	4750000	70.13979433149723	4747500
chr15	4750000	4755000	32.78120543511483	4752500
chr15	4755000	4760000	16.138259801050044	4757500
chr15	4760000	4765000	11.591111488623394	4762500
chr15	4765000	4770000	5.63775421388125	4767500
chr15	4770000	4775000	10.739622301858661	4772500
chr15	4775000	4780000	13.295640665125571	4777500
chr15	4780000	4785000	23.941793957656273	4782500
chr15	4785000	4790000	15.979147950741584	4787500
chr15	4790000	4795000	7.050771256767649	4792500
chr15	4795000	4800000	5.686644180136335	4797500
chr15	4800000	4805000	6.894102654575695	4802500
chr15	4805000	4810000	9.971423626032129	4807500
chr15	4810000	4815000	25.941085947395987	4812500
chr15	4815000	4820000	8.414643297610867	4817500
chr15	4820000	4825000	6.876035809122532	4822500
chr15	4825000	4830000	9.483040951010448	4827500
chr15	4830000	4835000	7.630682587267015	4832500
chr15	4835000	4840000	10.78934333984283	4837500
chr15	4840000	4845000	17.451057601943166	4842500
chr15	4845000	4850000	43.047087033990096	4847500
chr15	4850000	4855000	46.29938548863652	4852500
chr15	4855000	4860000	24.586134551050687	4857500
chr15	4860000	4865000	37.886547198212426	4862500
chr15	4865000	4870000	34.19125021300428	4867500
chr15	4870000	4875000	50.007568517780584	4872500
chr15	4875000	4880000	29.569088735946487	4877500
chr15	4880000	4885000	20.32469783084819	4882500
chr15	4885000	4890000	18.047540979942298	4887500
chr15	4890000	4895000	16.727347281496403	4892500
chr15	4895000	4900000	20.181843270245963	4897500
chr15	4900000	4905000	22.009701585896952	4902500
chr15	4905000	4910000	6.914171287521884	4907500
chr15	4910000	4915000	18.001703510504203	4912500
chr15	4915000	4920000	18.599494662856408	4917500
chr15	4920000	4925000	22.902274334327466	4922500
chr15	4925000	4930000	25.293303461250325	4927500
chr15	4930000	4935000	25.678918531678708	4932500
chr15	4935000	4940000	44.308980732193326	4937500
chr15	4940000	4945000	57.90719550408679	4942500
chr15	4945000	4950000	23.388773942618176	4947500
chr15	4950000	4955000	11.33502896278506	4952500
chr15	4955000	4960000	7.447388423844065	4957500
chr15	4960000	4965000	7.467535140009622	4962500
chr15	4965000	4970000	10.430055365151595	4967500
chr15	4970000	4975000	13.58685882118224	4972500
chr15	4975000	4980000	9.00929402403114	4977500
chr15	4980000	4985000	7.992515039148775	4982500
chr15	4985000	4990000	8.250618618330748	4987500
chr15	4990000	4995000	6.4209247063340475	4992500
chr15	4995000	5000000	3.8265868816068593	4997500
chr15	5000000	5005000	6.165885507298518	5002500
chr15	5005000	5010000	11.852063834930377	5007500
chr15	5010000	5015000	12.304195050853336	5012500
chr15	5015000	5020000	7.1112466060316635	5017500
chr15	5020000	5025000	8.728599913825022	5022500
chr15	5025000	5030000	23.40034531500382	5027500
chr15	5030000	5035000	4.486804499750377	5032500
chr15	5035000	5040000	2.4093736559961356	5037500
chr15	5040000	5045000	4.011331954923057	5042500
chr15	5045000	5050000	9.01444313530586	5047500
chr15	5050000	5055000	12.733501853141755	5052500
chr15	5055000	5060000	18.025986268963592	5057500
chr15	5060000	5065000	12.390846785953402	5062500
chr15	5065000	5070000	13.251332786801788	5067500
chr15	5070000	5075000	17.897792308013738	5072500
chr15	5075000	5080000	29.858525124164867	5077500
chr15	5080000	5085000	9.675445913455217	5082500
chr15	5085000	5090000	6.953277180726766	5087500
chr15	5090000	5095000	5.842309155325424	5092500
chr15	5095000	5100000	5.225734824251152	5097500
chr15	5100000	5105000	6.503298708297967	5102500
chr15	5105000	5110000	2.8001243797887754	5107500
chr15	5110000	5115000	2.2854917371158505	5112500
chr15	5115000	5120000	1.6260958133199646	5117500
chr15	5120000	5125000	2.965032573574721	5122500
chr15	5125000	5130000	13.545308064647918	5127500
chr15	5130000	5135000	12.45003145292332	5132500
chr15	5135000	5140000	8.640717498183205	5137500
chr15	5140000	5145000	8.120066413512562	5142500
chr15	5145000	5150000	20.936908509682613	5147500
chr15	5150000	5155000	16.970522380288884	5152500
chr15	5155000	5160000	10.396954981982207	5157500
chr15	5160000	5165000	15.520964811035952	5162500
chr15	5165000	5170000	6.915865104829706	5167500
chr15	5170000	5175000	13.133942088261215	5172500
chr15	5175000	5180000	7.313112499291948	5177500
chr15	5180000	5185000	11.035712456845623	5182500
chr15	5185000	5190000	5.2705985902048225	5187500
chr15	5190000	5195000	3.166521122533508	5192500
chr15	5195000	5200000	2.517182058425656	5197500
chr15	5200000	5205000	2.9662026554537158	5202500
chr15	5205000	5210000	4.057302136759233	5207500
chr15	5210000	5215000	4.289395703452017	5212500
chr15	5215000	5220000	6.307562103542901	5217500
chr15	5220000	5225000	6.1281291886064215	5222500
chr15	5225000	5230000	9.277442274385827	5227500
chr15	5230000	5235000	6.188117618477376	5232500
chr15	5235000	5240000	10.555958770731927	5237500
chr15	5240000	5245000	15.019523430433306	5242500
chr15	5245000	5250000	18.1226448514152	5247500
chr15	5250000	5255000	22.399731769936853	5252500
chr15	5255000	5260000	25.19208012074266	5257500
chr15	5260000	5265000	20.532954098125412	5262500
chr15	5265000	5270000	19.340411882455395	5267500
chr15	5270000	5275000	26.502915466224955	5272500
chr15	5275000	5280000	19.911228051613293	5277500
chr15	5280000	5285000	19.66724141214918	5282500
chr15	5285000	5290000	10.919931648804868	5287500
chr15	5290000	5295000	25.88944960553335	5292500
chr15	5295000	5300000	20.998290843130754	5297500
chr15	5300000	5305000	20.86545666655953	5302500
chr15	5305000	5310000	21.128007251849198	5307500
chr15	5310000	5315000	18.643785705686867	5312500
chr15	5315000	5320000	24.61565678552769	5317500
chr15	5320000	5325000	19.53999374081473	5322500
chr15	5325000	5330000	29.998381366604548	5327500
chr15	5330000	5335000	37.14274526137865	5332500
chr15	5335000	5340000	14.132689554406378	5337500
chr15	5340000	5345000	9.69926346184983	5342500
chr15	5345000	5350000	10.17149263998679	5347500
chr15	5350000	5355000	3.0997515752305147	5352500
chr15	5355000	5360000	3.0466700259538695	5357500
chr15	5360000	5365000	5.842492726568973	5362500
chr15	5365000	5370000	11.53885065543901	5367500
chr15	5370000	5375000	11.235889041890223	5372500
chr15	5375000	5380000	7.693645557355431	5377500
chr15	5380000	5385000	6.920895050966259	5382500
chr15	5385000	5390000	7.49520687125471	5387500
chr15	5390000	5395000	8.63264652348417	5392500
chr15	5395000	5400000	4.983214103768368	5397500
chr15	5400000	5405000	7.745226887756805	5402500
chr15	5405000	5410000	8.09271545021122	5407500
chr15	5410000	5415000	8.00568454937402	5412500
chr15	5415000	5420000	9.239292731067252	5417500
chr15	5420000	5425000	4.986622228211842	5422500
chr15	5425000	5430000	4.6734655635408275	5427500
chr15	5430000	5435000	6.682715695085465	5432500
chr15	5435000	5440000	5.1340745165995685	5437500
chr15	5440000	5445000	8.303636731175695	5442500
chr15	5445000	5450000	6.258981396878317	5447500
chr15	5450000	5455000	6.276768056094545	5452500
chr15	5455000	5460000	7.1133371134341665	5457500
chr15	5460000	5465000	6.961438667814724	5462500
chr15	5465000	5470000	5.778626750622808	5467500
chr15	5470000	5475000	6.7766632753319955	5472500
chr15	5475000	5480000	22.65150395863044	5477500
chr15	5480000	5485000	22.451652816957363	5482500
chr15	5485000	5490000	32.20977214332013	5487500
chr15	5490000	5495000	28.9269949638238	5492500
chr15	5495000	5500000	16.789207242366544	5497500
chr15	5500000	5505000	13.230310788444037	5502500
chr15	5505000	5510000	11.328387759916003	5507500
chr15	5510000	5515000	10.010400031590207	5512500
chr15	5515000	5520000	15.686013881060555	5517500
chr15	5520000	5525000	14.022804865812837	5522500
chr15	5525000	5530000	8.815432412276117	5527500
chr15	5530000	5535000	5.667300479707354	5532500
chr15	5535000	5540000	6.632682924935935	5537500
chr15	5540000	5545000	6.337921551398923	5542500
chr15	5545000	5550000	4.896157695057935	5547500
chr15	5550000	5555000	5.047860357976881	5552500
chr15	5555000	5560000	7.012671037030423	5557500
chr15	5560000	5565000	8.968169400744157	5562500
chr15	5565000	5570000	12.80063128307276	5567500
chr15	5570000	5575000	23.800174560905894	5572500
chr15	5575000	5580000	19.663139418073076	5577500
chr15	5580000	5585000	13.571559771337526	5582500
chr15	5585000	5590000	19.212744282759985	5587500
chr15	5590000	5595000	10.460899485786825	5592500
chr15	5595000	5600000	10.126252686084376	5597500
chr15	5600000	5605000	20.228541803792314	5602500
chr15	5605000	5610000	12.238150284765862	5607500
chr15	5610000	5615000	10.623392070229041	5612500
chr15	5615000	5620000	14.08436551764619	5617500
chr15	5620000	5625000	12.849576675696891	5622500
chr15	5625000	5630000	9.658644381818423	5627500
chr15	5630000	5635000	10.087075126122432	5632500
chr15	5635000	5640000	28.888324443708797	5637500
chr15	5640000	5645000	26.595020590040352	5642500
chr15	5645000	5650000	20.531414208251764	5647500
chr15	5650000	5655000	18.17585978465843	5652500
chr15	5655000	5660000	14.484853446394688	5657500
chr15	5660000	5665000	19.015908085560714	5662500
chr15	5665000	5670000	12.040456328986526	5667500
chr15	5670000	5675000	9.285563568948698	5672500
chr15	5675000	5680000	13.239543820685402	5677500
chr15	5680000	5685000	11.44517264962437	5682500
chr15	5685000	5690000	10.620967364981722	5687500
chr15	5690000	5695000	15.644353165856424	5692500
chr15	5695000	5700000	14.224345571299649	5697500
chr15	5700000	5705000	17.62678631691366	5702500
chr15	5705000	5710000	14.938693992446384	5707500
chr15	5710000	5715000	22.11903101246996	5712500
chr15	5715000	5720000	16.470724517414542	5717500
chr15	5720000	5725000	11.638400515286863	5722500
chr15	5725000	5730000	16.146323326745083	5727500
chr15	5730000	5735000	18.278781620525816	5732500
chr15	5735000	5740000	21.085435170139085	5737500
chr15	5740000	5745000	17.144430741865953	5742500
chr15	5745000	5750000	26.543316049212528	5747500
chr15	5750000	5755000	20.422699786221795	5752500
chr15	5755000	5760000	13.75587717337704	5757500
chr15	5760000	5765000	17.30300697498372	5762500
chr15	5765000	5770000	16.767144676656628	5767500
chr15	5770000	5775000	13.07262523874708	5772500
chr15	5775000	5780000	13.90632691545796	5777500
chr15	5780000	5785000	9.62226797579318	5782500
chr15	5785000	5790000	13.892211532356002	5787500
chr15	5790000	5795000	10.58434216796118	5792500
chr15	5795000	5800000	13.051362016192117	5797500
chr15	5800000	5805000	16.850125373476473	5802500
chr15	5805000	5810000	7.747420993586948	5807500
chr15	5810000	5815000	11.153294263297438	5812500
chr15	5815000	5820000	10.244379414983099	5817500
chr15	5820000	5825000	7.000521380616591	5822500
chr15	5825000	5830000	7.66052047266754	5827500
chr15	5830000	5835000	11.095508896457693	5832500
chr15	5835000	5840000	9.419770083449452	5837500
chr15	5840000	5845000	8.73699814628999	5842500
chr15	5845000	5850000	8.867467879214914	5847500
chr15	5850000	5855000	10.213623062098925	5852500
chr15	5855000	5860000	14.24989580799927	5857500
chr15	5860000	5865000	26.956812403339672	5862500
chr15	5865000	5870000	10.640169770796179	5867500
chr15	5870000	5875000	7.309037373029923	5872500
chr15	5875000	5880000	7.36836382601808	5877500
chr15	5880000	5885000	6.386270017223127	5882500
chr15	5885000	5890000	20.807411861731055	5887500
chr15	5890000	5895000	20.95055168328952	5892500
chr15	5895000	5900000	16.993993754646112	5897500
chr15	5900000	5905000	8.79082226579169	5902500
chr15	5905000	5910000	18.968436926574405	5907500
chr15	5910000	5915000	21.907679984486773	5912500
chr15	5915000	5920000	16.180816279375527	5917500
chr15	5920000	5925000	10.242454703439366	5922500
chr15	5925000	5930000	4.436937879321015	5927500
chr15	5930000	5935000	14.017730177912126	5932500
chr15	5935000	5940000	15.124814069567746	5937500
chr15	5940000	5945000	19.956472954470232	5942500
chr15	5945000	5950000	16.803601337478458	5947500
chr15	5950000	5955000	24.45245389099865	5952500
chr15	5955000	5960000	25.157900105147682	5957500
chr15	5960000	5965000	10.482938696180568	5962500
chr15	5965000	5970000	9.09594361898734	5967500
chr15	5970000	5975000	18.854448761992938	5972500
chr15	5975000	5980000	14.384587080604527	5977500
chr15	5980000	5985000	9.936559215577995	5982500
chr15	5985000	5990000	10.564702057477756	5987500
chr15	5990000	5995000	13.033192976128266	5992500
chr15	5995000	6000000	10.936779016011588	5997500
chr15	6000000	6005000	6.141736302771276	6002500
chr15	6005000	6010000	9.39864963256373	6007500
chr15	6010000	6015000	10.191476070497549	6012500
chr15	6015000	6020000	48.12260353008256	6017500
chr15	6020000	6025000	19.21390817132819	6022500
chr15	6025000	6030000	21.429826957538836	6027500
chr15	6030000	6035000	18.413021211464873	6032500
chr15	6035000	6040000	33.396376264960274	6037500
chr15	6040000	6045000	37.1227365908377	6042500
chr15	6045000	6050000	31.3421981965819	6047500
chr15	6050000	6055000	40.35249335763183	6052500
chr15	6055000	6060000	37.607883793961676	6057500
chr15	6060000	6065000	37.597537661032696	6062500
chr15	6065000	6070000	27.949922839999868	6067500
chr15	6070000	6075000	29.619803391843487	6072500
chr15	6075000	6080000	27.057000321004992	6077500
chr15	6080000	6085000	21.706779559068664	6082500
chr15	6085000	6090000	17.8467783138015	6087500
chr15	6090000	6095000	35.846607538195904	6092500
chr15	6095000	6100000	23.980169146839955	6097500
chr15	6100000	6105000	17.482011666334685	6102500
chr15	6105000	6110000	28.222764221020242	6107500
chr15	6110000	6115000	38.74047449543273	6112500
chr15	6115000	6120000	31.727437460731103	6117500
chr15	6120000	6125000	26.245917554146747	6122500
chr15	6125000	6130000	19.203936178289187	6127500
chr15	6130000	6135000	28.473331013678358	6132500
chr15	6135000	6140000	34.10894863191693	6137500
chr15	6140000	6145000	63.30253143777658	6142500
chr15	6145000	6150000	17.36189195319994	6147500
chr15	6150000	6155000	12.154368133884482	6152500
chr15	6155000	6160000	46.55381671379647	6157500
chr15	6160000	6165000	19.398438610517324	6162500
chr15	6165000	6170000	32.71020928756738	6167500
chr15	6170000	6175000	34.153030751027806	6172500
chr15	6175000	6180000	48.29172100430895	6177500
chr15	6180000	6185000	30.042367106087198	6182500
chr15	6185000	6190000	22.760128026530026	6187500
chr15	6190000	6195000	22.65632165146411	6192500
chr15	6195000	6200000	47.406370723060164	6197500
chr15	6200000	6205000	26.785871722805066	6202500
chr15	6205000	6210000	24.21411868747084	6207500
chr15	6210000	6215000	31.46778485005754	6212500
chr15	6215000	6220000	33.71999111052411	6217500
chr15	6220000	6225000	29.070838202593798	6222500
chr15	6225000	6230000	31.41544603157268	6227500
chr15	6230000	6235000	31.462641490562465	6232500
chr15	6235000	6240000	30.920967221860035	6237500
chr15	6240000	6245000	37.886764570850126	6242500
chr15	6245000	6250000	39.4664876552459	6247500
chr15	6250000	6255000	38.51717251714073	6252500
chr15	6255000	6260000	31.96612521919627	6257500
chr15	6260000	6265000	37.344360650334195	6262500
chr15	6265000	6270000	25.36263759211561	6267500
chr15	6270000	6275000	21.05849930510007	6272500
chr15	6275000	6280000	12.990467350807158	6277500
chr15	6280000	6285000	7.836167071116628	6282500
chr15	6285000	6290000	8.311067630514263	6287500
chr15	6290000	6295000	11.28345062390383	6292500
chr15	6295000	6300000	11.129096505168214	6297500
chr15	6300000	6305000	17.413959588435084	6302500
chr15	6305000	6310000	10.978013248248606	6307500
chr15	6310000	6315000	18.03894592089707	6312500
chr15	6315000	6320000	14.202658292716043	6317500
chr15	6320000	6325000	30.62211831801679	6322500
chr15	6325000	6330000	12.187614957485872	6327500
chr15	6330000	6335000	32.44374196042427	6332500
chr15	6335000	6340000	28.03594665980053	6337500
chr15	6340000	6345000	23.27547233563457	6342500
chr15	6345000	6350000	24.032444218117984	6347500
chr15	6350000	6355000	41.15725619978723	6352500
chr15	6355000	6360000	25.99756920396865	6357500
chr15	6360000	6365000	27.78929772664463	6362500
chr15	6365000	6370000	30.64292997509766	6367500
chr15	6370000	6375000	12.248092983977841	6372500
chr15	6375000	6380000	16.54856125287103	6377500
chr15	6380000	6385000	22.59240782401711	6382500
chr15	6385000	6390000	29.970871342544942	6387500
chr15	6390000	6395000	45.582368475393196	6392500
chr15	6395000	6400000	35.10436843744045	6397500
chr15	6400000	6405000	36.77340288308261	6402500
chr15	6405000	6410000	56.301776366717874	6407500
chr15	6410000	6415000	52.615394636733484	6412500
chr15	6415000	6420000	57.98066483287054	6417500
chr15	6420000	6425000	46.88879566477924	6422500
chr15	6425000	6430000	47.3838376931391	6427500
chr15	6430000	6435000	35.84502942408802	6432500
chr15	6435000	6440000	33.6048122668507	6437500
chr15	6440000	6445000	40.61387744066612	6442500
chr15	6445000	6450000	47.33982859589812	6447500
chr15	6450000	6455000	35.19184612211623	6452500
chr15	6455000	6460000	44.4167528011717	6457500
chr15	6460000	6465000	43.30625927346641	6462500
chr15	6465000	6470000	40.04514745736574	6467500
chr15	6470000	6475000	47.507760179669035	6472500
chr15	6475000	6480000	44.67552543830971	6477500
chr15	6480000	6485000	45.140504071927715	6482500
chr15	6485000	6490000	44.40660576092865	6487500
chr15	6490000	6495000	49.37376764932833	6492500
chr15	6495000	6500000	40.52570562471903	6497500
chr15	6500000	6505000	44.8641132253418	6502500
chr15	6505000	6510000	54.3797910662348	6507500
chr15	6510000	6515000	43.14218281336132	6512500
chr15	6515000	6520000	54.36148272599641	6517500
chr15	6520000	6525000	38.99447160273284	6522500
chr15	6525000	6530000	32.676628060402095	6527500
chr15	6530000	6535000	23.11527531830837	6532500
chr15	6535000	6540000	15.907994918431672	6537500
chr15	6540000	6545000	14.879365139444849	6542500
chr15	6545000	6550000	26.23369693154947	6547500
chr15	6550000	6555000	51.95450801553097	6552500
chr15	6555000	6560000	37.65546055416748	6557500
chr15	6560000	6565000	27.09773759228847	6562500
chr15	6565000	6570000	37.85590202502001	6567500
chr15	6570000	6575000	20.643763439847408	6572500
chr15	6575000	6580000	19.519533454709578	6577500
chr15	6580000	6585000	30.573486809935098	6582500
chr15	6585000	6590000	45.282698276873106	6587500
chr15	6590000	6595000	46.02731852963723	6592500
chr15	6595000	6600000	57.399979100236685	6597500
chr15	6600000	6605000	78.35635381277874	6602500
chr15	6605000	6610000	79.7268684263696	6607500
chr15	6610000	6615000	106.99142642621955	6612500
chr15	6615000	6620000	54.45558217089144	6617500
chr15	6620000	6625000	44.57826054800149	6622500
chr15	6625000	6630000	22.869052535066533	6627500
chr15	6630000	6635000	21.018482391286238	6632500
chr15	6635000	6640000	30.546792542806728	6637500
chr15	6640000	6645000	35.772265866471194	6642500
chr15	6645000	6650000	25.808745278283645	6647500
chr15	6650000	6655000	25.195630829165026	6652500
chr15	6655000	6660000	29.485992391916366	6657500
chr15	6660000	6665000	22.077445086927103	6662500
chr15	6665000	6670000	21.90759676849862	6667500
chr15	6670000	6675000	24.642710070477968	6672500
chr15	6675000	6680000	23.958822691767562	6677500
chr15	6680000	6685000	31.195438153077752	6682500
chr15	6685000	6690000	26.225087487321716	6687500
chr15	6690000	6695000	35.18218834303179	6692500
chr15	6695000	6700000	35.473310414168765	6697500
chr15	6700000	6705000	52.937031005920815	6702500
chr15	6705000	6710000	38.19951314280316	6707500
chr15	6710000	6715000	47.26459816626772	6712500
chr15	6715000	6720000	25.163308189036293	6717500
chr15	6720000	6725000	29.546242721555704	6722500
chr15	6725000	6730000	44.20125849659384	6727500
chr15	6730000	6735000	32.240627390017515	6732500
chr15	6735000	6740000	51.81547086720101	6737500
chr15	6740000	6745000	19.90228887365179	6742500
chr15	6745000	6750000	24.046775371280866	6747500
chr15	6750000	6755000	29.39851229947443	6752500
chr15	6755000	6760000	26.574226665503968	6757500
chr15	6760000	6765000	14.9148461071539	6762500
chr15	6765000	6770000	28.925448857194045	6767500
chr15	6770000	6775000	25.65501050234139	6772500
chr15	6775000	6780000	38.39345728185687	6777500
chr15	6780000	6785000	35.7810935148895	6782500
chr15	6785000	6790000	37.06546560910877	6787500
chr15	6790000	6795000	34.105241929487526	6792500
chr15	6795000	6800000	41.57687358502285	6797500
chr15	6800000	6805000	27.073621526157652	6802500
chr15	6805000	6810000	35.23935362950747	6807500
chr15	6810000	6815000	41.030833949758694	6812500
chr15	6815000	6820000	36.837385410784805	6817500
chr15	6820000	6825000	32.63108846546249	6822500
chr15	6825000	6830000	19.918109022387906	6827500
chr15	6830000	6835000	18.147710921741318	6832500
chr15	6835000	6840000	24.236028199213997	6837500
chr15	6840000	6845000	13.944140460701092	6842500
chr15	6845000	6850000	21.63718073808368	6847500
chr15	6850000	6855000	34.53585495504206	6852500
chr15	6855000	6860000	25.43637207408008	6857500
chr15	6860000	6865000	16.25711748757866	6862500
chr15	6865000	6870000	20.352289163034172	6867500
chr15	6870000	6875000	13.845459306937256	6872500
chr15	6875000	6880000	18.36561427839886	6877500
chr15	6880000	6885000	22.636977634793023	6882500
chr15	6885000	6890000	31.987247162919704	6887500
chr15	6890000	6895000	38.185838493844884	6892500
chr15	6895000	6900000	28.562315216709152	6897500
chr15	6900000	6905000	11.093666914210809	6902500
chr15	6905000	6910000	11.162732047431723	6907500
chr15	6910000	6915000	19.426761853204113	6912500
chr15	6915000	6920000	11.27784275558221	6917500
chr15	6920000	6925000	13.365968727854318	6922500
chr15	6925000	6930000	24.149985173879948	6927500
chr15	6930000	6935000	50.02387760919356	6932500
chr15	6935000	6940000	49.99647081417861	6937500
chr15	6940000	6945000	42.276275482703966	6942500
chr15	6945000	6950000	72.97816436177696	6947500
chr15	6950000	6955000	42.554349886272014	6952500
chr15	6955000	6960000	43.434793345571556	6957500
chr15	6960000	6965000	41.79376760410879	6962500
chr15	6965000	6970000	18.52051059455412	6967500
chr15	6970000	6975000	26.78978379514135	6972500
chr15	6975000	6980000	14.572777095184948	6977500
chr15	6980000	6985000	11.995577502392235	6982500
chr15	6985000	6990000	14.67314011427602	6987500
chr15	6990000	6995000	13.195142817951988	6992500
chr15	6995000	7000000	36.490889459644144	6997500
chr15	7000000	7005000	31.917267572538588	7002500
chr15	7005000	7010000	37.01652990229766	7007500
chr15	7010000	7015000	20.743214542540343	7012500
chr15	7015000	7020000	17.99006531352091	7017500
chr15	7020000	7025000	15.544756873002736	7022500
chr15	7025000	7030000	17.774276809456754	7027500
chr15	7030000	7035000	8.114138697754465	7032500
chr15	7035000	7040000	7.2150767409987075	7037500
chr15	7040000	7045000	13.888767415026921	7042500
chr15	7045000	7050000	16.431874943027218	7047500
chr15	7050000	7055000	20.96376690266157	7052500
chr15	7055000	7060000	29.815731135618808	7057500
chr15	7060000	7065000	27.37405403577101	7062500
chr15	7065000	7070000	17.5627671355264	7067500
chr15	7070000	7075000	11.126054311363305	7072500
chr15	7075000	7080000	24.880586498597822	7077500
chr15	7080000	7085000	24.140477284656047	7082500
chr15	7085000	7090000	32.812368985402344	7087500
chr15	7090000	7095000	26.85472870725031	7092500
chr15	7095000	7100000	27.549108157670826	7097500
chr15	7100000	7105000	24.49385444691955	7102500
chr15	7105000	7110000	17.48331721544403	7107500
chr15	7110000	7115000	13.165545549689565	7112500
chr15	7115000	7120000	11.393281296739366	7117500
chr15	7120000	7125000	15.847644401638806	7122500
chr15	7125000	7130000	17.48115991850318	7127500
chr15	7130000	7135000	15.960161345341401	7132500
chr15	7135000	7140000	12.618453398638605	7137500
chr15	7140000	7145000	16.05737348129493	7142500
chr15	7145000	7150000	12.051186968103117	7147500
chr15	7150000	7155000	22.493507332799844	7152500
chr15	7155000	7160000	24.729310929055536	7157500
chr15	7160000	7165000	26.835216307544993	7162500
chr15	7165000	7170000	21.64885293036832	7167500
chr15	7170000	7175000	19.525411457597137	7172500
chr15	7175000	7180000	15.916232447903798	7177500
chr15	7180000	7185000	21.38306025574825	7182500
chr15	7185000	7190000	19.767037204943428	7187500
chr15	7190000	7195000	18.758637319117735	7192500
chr15	7195000	7200000	16.249580678559173	7197500
chr15	7200000	7205000	18.056615403479135	7202500
chr15	7205000	7210000	15.127503179475593	7207500
chr15	7210000	7215000	24.9813479626684	7212500
chr15	7215000	7220000	25.87289057323088	7217500
chr15	7220000	7225000	41.69323775939823	7222500
chr15	7225000	7230000	34.56405289953631	7227500
chr15	7230000	7235000	41.31588873653789	7232500
chr15	7235000	7240000	32.32389559996657	7237500
chr15	7240000	7245000	30.468231336445548	7242500
chr15	7245000	7250000	28.30965502666021	7247500
chr15	7250000	7255000	31.529364658817435	7252500
chr15	7255000	7260000	29.22413256413665	7257500
chr15	7260000	7265000	28.422915682995466	7262500
chr15	7265000	7270000	19.356764032496525	7267500
chr15	7270000	7275000	27.577938273706287	7272500
chr15	7275000	7280000	24.504626504128094	7277500
chr15	7280000	7285000	22.41320555697146	7282500
chr15	7285000	7290000	21.390545690469573	7287500
chr15	7290000	7295000	18.928783922478303	7292500
chr15	7295000	7300000	21.225414874053975	7297500
chr15	7300000	7305000	23.152281762022923	7302500
chr15	7305000	7310000	24.42490546648761	7307500
chr15	7310000	7315000	23.572975789061935	7312500
chr15	7315000	7320000	35.183573507384814	7317500
chr15	7320000	7325000	24.27959451472642	7322500
chr15	7325000	7330000	28.685901079902266	7327500
chr15	7330000	7335000	30.598952322169062	7332500
chr15	7335000	7340000	27.37798981615207	7337500
chr15	7340000	7345000	26.952278877058177	7342500
chr15	7345000	7350000	32.907414891572856	7347500
chr15	7350000	7355000	34.20720051583109	7352500
chr15	7355000	7360000	34.621490840434895	7357500
chr15	7360000	7365000	35.16081712333978	7362500
chr15	7365000	7370000	32.369274421851564	7367500
chr15	7370000	7375000	24.23220828331753	7372500
chr15	7375000	7380000	32.54396596530383	7377500
chr15	7380000	7385000	26.98258479915817	7382500
chr15	7385000	7390000	33.793014475566814	7387500
chr15	7390000	7395000	25.35086881649275	7392500
chr15	7395000	7400000	27.279749395332342	7397500
chr15	7400000	7405000	33.06358595626012	7402500
chr15	7405000	7410000	32.327749689406524	7407500
chr15	7410000	7415000	34.10593875252017	7412500
chr15	7415000	7420000	38.81678532756385	7417500
chr15	7420000	7425000	43.792478160514364	7422500
chr15	7425000	7430000	23.974049667216015	7427500
chr15	7430000	7435000	30.01659616762112	7432500
chr15	7435000	7440000	36.807686706495254	7437500
chr15	7440000	7445000	25.082357864300548	7442500
chr15	7445000	7450000	27.470493173653253	7447500
chr15	7450000	7455000	21.03394278208243	7452500
chr15	7455000	7460000	21.64919755938275	7457500
chr15	7460000	7465000	21.57154362223174	7462500
chr15	7465000	7470000	27.334103181723062	7467500
chr15	7470000	7475000	22.036122226192276	7472500
chr15	7475000	7480000	25.540627501911924	7477500
chr15	7480000	7485000	13.175520471250781	7482500
chr15	7485000	7490000	13.750261778742086	7487500
chr15	7490000	7495000	18.47903198193396	7492500
chr15	7495000	7500000	31.806432937592522	7497500
chr15	7500000	7505000	37.26413582875175	7502500
chr15	7505000	7510000	8.925556975650698	7507500
chr15	7510000	7515000	6.069548828860634	7512500
chr15	7515000	7520000	2.771901526544204	7517500
chr15	7520000	7525000	3.471428510273037	7522500
chr15	7525000	7530000	13.205240996103466	7527500
chr15	7530000	7535000	22.66885654634254	7532500
chr15	7535000	7540000	25.512848528182698	7537500
chr15	7540000	7545000	18.84676887518489	7542500
chr15	7545000	7550000	34.30060533354661	7547500
chr15	7550000	7555000	30.25688286844927	7552500
chr15	7555000	7560000	26.82027425035656	7557500
chr15	7560000	7565000	26.25764040046171	7562500
chr15	7565000	7570000	19.436633870906324	7567500
chr15	7570000	7575000	19.49935458469784	7572500
chr15	7575000	7580000	15.874941460159876	7577500
chr15	7580000	7585000	6.612526813468056	7582500
chr15	7585000	7590000	9.963084226357712	7587500
chr15	7590000	7595000	9.122705979637757	7592500
chr15	7595000	7600000	14.093331578345666	7597500
chr15	7600000	7605000	21.568905643689533	7602500
chr15	7605000	7610000	31.680587951696623	7607500
chr15	7610000	7615000	19.594109109145556	7612500
chr15	7615000	7620000	10.013324198588956	7617500
chr15	7620000	7625000	20.622248991455386	7622500
chr15	7625000	7630000	16.57475027158982	7627500
chr15	7630000	7635000	8.635487254277269	7632500
chr15	7635000	7640000	12.015874849394068	7637500
chr15	7640000	7645000	11.850808654976868	7642500
chr15	7645000	7650000	10.13730803803408	7647500
chr15	7650000	7655000	11.575416338746946	7652500
chr15	7655000	7660000	14.690148145663123	7657500
chr15	7660000	7665000	12.516670469998296	7662500
chr15	7665000	7670000	7.71009402310215	7667500
chr15	7670000	7675000	17.73984125040015	7672500
chr15	7675000	7680000	5.151134145020291	7677500
chr15	7680000	7685000	14.268893065549003	7682500
chr15	7685000	7690000	11.66077295674642	7687500
chr15	7690000	7695000	10.345565535517686	7692500
chr15	7695000	7700000	11.08046454030041	7697500
chr15	7700000	7705000	12.560160112999062	7702500
chr15	7705000	7710000	17.288534120602048	7707500
chr15	7710000	7715000	11.428599228692898	7712500
chr15	7715000	7720000	6.9334853520001944	7717500
chr15	7720000	7725000	7.944575139812044	7722500
chr15	7725000	7730000	15.401634635729422	7727500
chr15	7730000	7735000	10.261997378711555	7732500
chr15	7735000	7740000	6.446333268339038	7737500
chr15	7740000	7745000	5.9293952305593915	7742500
chr15	7745000	7750000	8.900118058383443	7747500
chr15	7750000	7755000	18.852471073267346	7752500
chr15	7755000	7760000	23.997761867836484	7757500
chr15	7760000	7765000	26.722353771141847	7762500
chr15	7765000	7770000	16.46201121984008	7767500
chr15	7770000	7775000	16.024196544841182	7772500
chr15	7775000	7780000	20.306465684751053	7777500
chr15	7780000	7785000	13.358255647333692	7782500
chr15	7785000	7790000	15.022067079482461	7787500
chr15	7790000	7795000	12.753437838819762	7792500
chr15	7795000	7800000	11.147105094451799	7797500
chr15	7800000	7805000	10.275920566389603	7802500
chr15	7805000	7810000	10.517659725364876	7807500
chr15	7810000	7815000	25.402939090014414	7812500
chr15	7815000	7820000	10.696849238363948	7817500
chr15	7820000	7825000	8.371380626228978	7822500
chr15	7825000	7830000	12.8431510367871	7827500
chr15	7830000	7835000	7.26150909233787	7832500
chr15	7835000	7840000	9.296989781077668	7837500
chr15	7840000	7845000	32.407130024694965	7842500
chr15	7845000	7850000	9.5613836174446	7847500
chr15	7850000	7855000	10.770753640266552	7852500
chr15	7855000	7860000	10.201875648923956	7857500
chr15	7860000	7865000	14.314190463456393	7862500
chr15	7865000	7870000	20.44951912568744	7867500
chr15	7870000	7875000	15.187253876616241	7872500
chr15	7875000	7880000	15.705413388584404	7877500
chr15	7880000	7885000	21.361524011551314	7882500
chr15	7885000	7890000	32.82893577352718	7887500
chr15	7890000	7895000	19.573748843130428	7892500
chr15	7895000	7900000	22.736060461558456	7897500
chr15	7900000	7905000	26.593806525164506	7902500
chr15	7905000	7910000	47.27437944957779	7907500
chr15	7910000	7915000	45.133615820852945	7912500
chr15	7915000	7920000	29.85749668905722	7917500
chr15	7920000	7925000	21.08400379910333	7922500
chr15	7925000	7930000	20.44239056422658	7927500
chr15	7930000	7935000	26.469992417171113	7932500
chr15	7935000	7940000	20.761600357693666	7937500
chr15	7940000	7945000	16.908833671379174	7942500
chr15	7945000	7950000	12.592681931855108	7947500
chr15	7950000	7955000	7.835122912632881	7952500
chr15	7955000	7960000	7.911852188235869	7957500
chr15	7960000	7965000	17.065101742828446	7962500
chr15	7965000	7970000	13.898956901030616	7967500
chr15	7970000	7975000	8.411755901440987	7972500
chr15	7975000	7980000	6.267556867956628	7977500
chr15	7980000	7985000	7.19917010344889	7982500
chr15	7985000	7990000	6.3333058036483045	7987500
chr15	7990000	7995000	4.096147137819605	7992500
chr15	7995000	8000000	7.132901212698904	7997500
chr15	8000000	8005000	6.737772409014581	8002500
chr15	8005000	8010000	6.828319434361159	8007500
chr15	8010000	8015000	3.2529854471059916	8012500
chr15	8015000	8020000	7.270449700322934	8017500
chr15	8020000	8025000	7.843521977493327	8022500
chr15	8025000	8030000	13.666614311048377	8027500
chr15	8030000	8035000	15.626943408998253	8032500
chr15	8035000	8040000	18.68952330545298	8037500
chr15	8040000	8045000	12.59190123447187	8042500
chr15	8045000	8050000	25.41459600175493	8047500
chr15	8050000	8055000	14.901130783912874	8052500
chr15	8055000	8060000	9.20302247143056	8057500
chr15	8060000	8065000	8.434759639476786	8062500
chr15	8065000	8070000	12.64174597249208	8067500
chr15	8070000	8075000	8.082124979291239	8072500
chr15	8075000	8080000	6.185199872974919	8077500
chr15	8080000	8085000	5.128234205324145	8082500
chr15	8085000	8090000	4.931441486006284	8087500
chr15	8090000	8095000	5.457951640229985	8092500
chr15	8095000	8100000	6.381091806165393	8097500
chr15	8100000	8105000	7.01726934605165	8102500
chr15	8105000	8110000	9.743300135808575	8107500
chr15	8110000	8115000	3.5591294347506266	8112500
chr15	8115000	8120000	10.20793971242486	8117500
chr15	8120000	8125000	7.23590518601714	8122500
chr15	8125000	8130000	5.186265047067544	8127500
chr15	8130000	8135000	12.108636659590847	8132500
chr15	8135000	8140000	7.43255459556851	8137500
chr15	8140000	8145000	7.316927982685584	8142500
chr15	8145000	8150000	8.067101156500662	8147500
chr15	8150000	8155000	4.264685715896888	8152500
chr15	8155000	8160000	4.401638457025469	8157500
chr15	8160000	8165000	7.149389265231092	8162500
chr15	8165000	8170000	7.847257199489696	8167500
chr15	8170000	8175000	15.977080486436193	8172500
chr15	8175000	8180000	2.4159719229118797	8177500
chr15	8180000	8185000	3.143871962990402	8182500
chr15	8185000	8190000	4.734725101391865	8187500
chr15	8190000	8195000	3.157497711617366	8192500
chr15	8195000	8200000	3.5706574896806536	8197500
chr15	8200000	8205000	4.030307450984331	8202500
chr15	8205000	8210000	4.085739353147424	8207500
chr15	8210000	8215000	4.955512196416153	8212500
chr15	8215000	8220000	3.233248493586496	8217500
chr15	8220000	8225000	4.200234841931675	8222500
chr15	8225000	8230000	9.024766819453545	8227500
chr15	8230000	8235000	6.761928061148033	8232500
chr15	8235000	8240000	10.301229614891756	8237500
chr15	8240000	8245000	8.517068420841424	8242500
chr15	8245000	8250000	8.162179750145096	8247500
chr15	8250000	8255000	12.438444273445906	8252500
chr15	8255000	8260000	9.976021377208125	8257500
chr15	8260000	8265000	12.315721934187865	8262500
chr15	8265000	8270000	12.692697482128553	8267500
chr15	8270000	8275000	9.71176323342208	8272500
chr15	8275000	8280000	10.303087534614933	8277500
chr15	8280000	8285000	15.195512688507925	8282500
chr15	8285000	8290000	14.149035983284227	8287500
chr15	8290000	8295000	21.392788297093276	8292500
chr15	8295000	8300000	26.876965548559024	8297500
chr15	8300000	8305000	29.91199862440789	8302500
chr15	8305000	8310000	18.667998913047708	8307500
chr15	8310000	8315000	17.106369052422625	8312500
chr15	8315000	8320000	19.475368079693975	8317500
chr15	8320000	8325000	15.735364882833306	8322500
chr15	8325000	8330000	18.455777798526693	8327500
chr15	8330000	8335000	20.96737834558331	8332500
chr15	8335000	8340000	10.361466664367825	8337500
chr15	8340000	8345000	8.408882850364641	8342500
chr15	8345000	8350000	15.075427620307606	8347500
chr15	8350000	8355000	11.197224082472392	8352500
chr15	8355000	8360000	16.31503933281396	8357500
chr15	8360000	8365000	16.221369883293487	8362500
chr15	8365000	8370000	28.158672715289068	8367500
chr15	8370000	8375000	21.17874288169991	8372500
chr15	8375000	8380000	22.13224664435054	8377500
chr15	8380000	8385000	16.453990109901667	8382500
chr15	8385000	8390000	17.18069149673762	8387500
chr15	8390000	8395000	16.13929296263822	8392500
chr15	8395000	8400000	11.935721122816693	8397500
chr15	8400000	8405000	16.071682680236307	8402500
chr15	8405000	8410000	11.937275267332357	8407500
chr15	8410000	8415000	9.67689412005961	8412500
chr15	8415000	8420000	11.234656040188117	8417500
chr15	8420000	8425000	13.915713775315963	8422500
chr15	8425000	8430000	15.915630629996675	8427500
chr15	8430000	8435000	15.954749051327424	8432500
chr15	8435000	8440000	14.98897432986302	8437500
chr15	8440000	8445000	22.23975119016172	8442500
chr15	8445000	8450000	17.172128351542188	8447500
chr15	8450000	8455000	14.131049655100549	8452500
chr15	8455000	8460000	15.970963909433717	8457500
chr15	8460000	8465000	14.43487490614372	8462500
chr15	8465000	8470000	16.709865518470576	8467500
chr15	8470000	8475000	14.673201319073993	8472500
chr15	8475000	8480000	12.767690936307174	8477500
chr15	8480000	8485000	13.444422057429698	8482500
chr15	8485000	8490000	22.70444164295509	8487500
chr15	8490000	8495000	22.836708843537576	8492500
chr15	8495000	8500000	21.222296932715512	8497500
chr15	8500000	8505000	22.552075579537565	8502500
chr15	8505000	8510000	15.071579628659451	8507500
chr15	8510000	8515000	28.381487133184244	8512500
chr15	8515000	8520000	23.28529259777269	8517500
chr15	8520000	8525000	29.495387182981464	8522500
chr15	8525000	8530000	20.778410935999034	8527500
chr15	8530000	8535000	27.197308219570683	8532500
chr15	8535000	8540000	16.500302169607547	8537500
chr15	8540000	8545000	20.795429715950032	8542500
chr15	8545000	8550000	25.416185041555433	8547500
chr15	8550000	8555000	19.848139495574177	8552500
chr15	8555000	8560000	13.47848207493981	8557500
chr15	8560000	8565000	23.311430957836222	8562500
chr15	8565000	8570000	25.319118883306587	8567500
chr15	8570000	8575000	15.184288418954335	8572500
chr15	8575000	8580000	13.930921528588724	8577500
chr15	8580000	8585000	20.407688311575793	8582500
chr15	8585000	8590000	6.7849328854776605	8587500
chr15	8590000	8595000	13.818187949421175	8592500
chr15	8595000	8600000	15.708202835453369	8597500
chr15	8600000	8605000	22.70905097946088	8602500
chr15	8605000	8610000	19.144147059376873	8607500
chr15	8610000	8615000	24.734168564191698	8612500
chr15	8615000	8620000	15.770011604487692	8617500
chr15	8620000	8625000	7.489002931556634	8622500
chr15	8625000	8630000	10.487046583797847	8627500
chr15	8630000	8635000	8.752769829773243	8632500
chr15	8635000	8640000	18.411245209362278	8637500
chr15	8640000	8645000	8.149232707172306	8642500
chr15	8645000	8650000	7.095477033825064	8647500
chr15	8650000	8655000	7.5298127121545075	8652500
chr15	8655000	8660000	27.648975716465678	8657500
chr15	8660000	8665000	10.420609553768935	8662500
chr15	8665000	8670000	14.552689282974162	8667500
chr15	8670000	8675000	9.137655056495714	8672500
chr15	8675000	8680000	8.147897181360406	8677500
chr15	8680000	8685000	7.114992552770804	8682500
chr15	8685000	8690000	7.735410280726496	8687500
chr15	8690000	8695000	9.078915492592385	8692500
chr15	8695000	8700000	18.929232286052315	8697500
chr15	8700000	8705000	38.21008358224648	8702500
chr15	8705000	8710000	36.223449820876404	8707500
chr15	8710000	8715000	16.570057008811894	8712500
chr15	8715000	8720000	10.808148127254357	8717500
chr15	8720000	8725000	8.266973975809453	8722500
chr15	8725000	8730000	9.726337290625281	8727500
chr15	8730000	8735000	11.966329331016544	8732500
chr15	8735000	8740000	6.326260808300915	8737500
chr15	8740000	8745000	15.839950178239398	8742500
chr15	8745000	8750000	8.945235617067608	8747500
chr15	8750000	8755000	13.086036155621207	8752500
chr15	8755000	8760000	9.134956484099176	8757500
chr15	8760000	8765000	6.861191158121979	8762500
chr15	8765000	8770000	9.161838078253751	8767500
chr15	8770000	8775000	6.675620056165532	8772500
chr15	8775000	8780000	9.376793979705813	8777500
chr15	8780000	8785000	16.458566803863004	8782500
chr15	8785000	8790000	22.113750910696176	8787500
chr15	8790000	8795000	8.808069083094962	8792500
chr15	8795000	8800000	8.03298130647412	8797500
chr15	8800000	8805000	6.592755284853803	8802500
chr15	8805000	8810000	5.982273496005797	8807500
chr15	8810000	8815000	5.296196646594895	8812500
chr15	8815000	8820000	8.319942172715537	8817500
chr15	8820000	8825000	5.837301073962276	8822500
chr15	8825000	8830000	4.049596599488547	8827500
chr15	8830000	8835000	6.530013043193081	8832500
chr15	8835000	8840000	9.957605947034443	8837500
chr15	8840000	8845000	12.272059361182983	8842500
chr15	8845000	8850000	11.290808208453791	8847500
chr15	8850000	8855000	18.915651771950156	8852500
chr15	8855000	8860000	19.432866557409422	8857500
chr15	8860000	8865000	14.52376975612625	8862500
chr15	8865000	8870000	11.364542671023267	8867500
chr15	8870000	8875000	9.355211785186349	8872500
chr15	8875000	8880000	11.221296015492007	8877500
chr15	8880000	8885000	9.651111499179502	8882500
chr15	8885000	8890000	9.379929710498303	8887500
chr15	8890000	8895000	10.522012531779035	8892500
chr15	8895000	8900000	11.502702738389425	8897500
chr15	8900000	8905000	7.41071321123889	8902500
chr15	8905000	8910000	23.736199641276432	8907500
chr15	8910000	8915000	5.970627513914179	8912500
chr15	8915000	8920000	18.26783761596187	8917500
chr15	8920000	8925000	8.10706844815343	8922500
chr15	8925000	8930000	10.119430497059406	8927500
chr15	8930000	8935000	19.966129435387185	8932500
chr15	8935000	8940000	10.38053378176651	8937500
chr15	8940000	8945000	4.6926909330092155	8942500
chr15	8945000	8950000	5.888248042312931	8947500
chr15	8950000	8955000	9.521565695402781	8952500
chr15	8955000	8960000	10.21833527523866	8957500
chr15	8960000	8965000	5.9643515852846525	8962500
chr15	8965000	8970000	12.266151450572131	8967500
chr15	8970000	8975000	12.236013507958127	8972500
chr15	8975000	8980000	10.722409249441537	8977500
chr15	8980000	8985000	16.8751609750818	8982500
chr15	8985000	8990000	37.79313358975681	8987500
chr15	8990000	8995000	14.193153387236203	8992500
chr15	8995000	9000000	18.431960152718926	8997500
chr15	9000000	9005000	16.42832199522144	9002500
chr15	9005000	9010000	7.161828848453776	9007500
chr15	9010000	9015000	13.294156069909416	9012500
chr15	9015000	9020000	13.695135621368289	9017500
chr15	9020000	9025000	17.105909696314683	9022500
chr15	9025000	9030000	22.33305154651323	9027500
chr15	9030000	9035000	20.144307052039586	9032500
chr15	9035000	9040000	35.50094783824386	9037500
chr15	9040000	9045000	48.27131533658105	9042500
chr15	9045000	9050000	47.6967382498202	9047500
chr15	9050000	9055000	26.96127210043729	9052500
chr15	9055000	9060000	21.773163522936624	9057500
chr15	9060000	9065000	20.648673446451802	9062500
chr15	9065000	9070000	7.7923021729905795	9067500
chr15	9070000	9075000	5.81577357143719	9072500
chr15	9075000	9080000	7.530607616204988	9077500
chr15	9080000	9085000	7.1253782584903895	9082500
chr15	9085000	9090000	11.926322157431374	9087500
chr15	9090000	9095000	11.95817017412406	9092500
chr15	9095000	9100000	15.274664643456282	9097500
chr15	9100000	9105000	12.66596011109642	9102500
chr15	9105000	9110000	15.430078711825198	9107500
chr15	9110000	9115000	7.016174471026818	9112500
chr15	9115000	9120000	21.838195522566576	9117500
chr15	9120000	9125000	16.439360664206646	9122500
chr15	9125000	9130000	19.84060191294426	9127500
chr15	9130000	9135000	23.611944381532098	9132500
chr15	9135000	9140000	30.07908060872558	9137500
chr15	9140000	9145000	30.95523978220685	9142500
chr15	9145000	9150000	24.1244754895546	9147500
chr15	9150000	9155000	51.56652876582825	9152500
chr15	9155000	9160000	29.632100374379224	9157500
chr15	9160000	9165000	35.48230167437606	9162500
chr15	9165000	9170000	35.046487219705135	9167500
chr15	9170000	9175000	25.141095225864042	9172500
chr15	9175000	9180000	11.031681496198589	9177500
chr15	9180000	9185000	24.290567939305234	9182500
chr15	9185000	9190000	13.818695322775461	9187500
chr15	9190000	9195000	13.993546805871896	9192500
chr15	9195000	9200000	20.474376242349507	9197500
chr15	9200000	9205000	44.95966452452445	9202500
chr15	9205000	9210000	19.561891691956102	9207500
chr15	9210000	9215000	11.899320318451402	9212500
chr15	9215000	9220000	11.147668336385076	9217500
chr15	9220000	9225000	11.963490175762908	9222500
chr15	9225000	9230000	9.152214452959843	9227500
chr15	9230000	9235000	4.575304172310916	9232500
chr15	9235000	9240000	4.4630276100535875	9237500
chr15	9240000	9245000	6.236972928155597	9242500
chr15	9245000	9250000	6.447220534408055	9247500
chr15	9250000	9255000	15.196024875709341	9252500
chr15	9255000	9260000	4.26587935006068	9257500
chr15	9260000	9265000	2.910302934099444	9262500
chr15	9265000	9270000	7.521282821700777	9267500
chr15	9270000	9275000	6.291797290325718	9272500
chr15	9275000	9280000	11.301402242666375	9277500
chr15	9280000	9285000	8.817491946230927	9282500
chr15	9285000	9290000	18.772978440295837	9287500
chr15	9290000	9295000	15.144525036329249	9292500
chr15	9295000	9300000	14.746137453245135	9297500
chr15	9300000	9305000	28.49829964754415	9302500
chr15	9305000	9310000	15.147296022504227	9307500
chr15	9310000	9315000	12.701288084513685	9312500
chr15	9315000	9320000	14.095407415975876	9317500
chr15	9320000	9325000	11.056144790058486	9322500
chr15	9325000	9330000	11.568953347072032	9327500
chr15	9330000	9335000	15.559780538674515	9332500
chr15	9335000	9340000	12.533252108546357	9337500
chr15	9340000	9345000	31.602619350575335	9342500
chr15	9345000	9350000	13.592663139669053	9347500
chr15	9350000	9355000	15.297043270045979	9352500
chr15	9355000	9360000	24.688855965006393	9357500
chr15	9360000	9365000	35.18388768994147	9362500
chr15	9365000	9370000	25.695935090764436	9367500
chr15	9370000	9375000	32.84431323199902	9372500
chr15	9375000	9380000	16.33009200882789	9377500
chr15	9380000	9385000	20.456248316666937	9382500
chr15	9385000	9390000	26.088044599118078	9387500
chr15	9390000	9395000	18.514231581367586	9392500
chr15	9395000	9400000	9.060135379146422	9397500
chr15	9400000	9405000	15.009985224118523	9402500
chr15	9405000	9410000	11.49361846896997	9407500
chr15	9410000	9415000	13.808833575345533	9412500
chr15	9415000	9420000	15.426150218253683	9417500
chr15	9420000	9425000	12.539821345436769	9422500
chr15	9425000	9430000	12.815943061638666	9427500
chr15	9430000	9435000	22.35716496323317	9432500
chr15	9435000	9440000	20.626257212075295	9437500
chr15	9440000	9445000	25.864915888556926	9442500
chr15	9445000	9450000	28.622960160045686	9447500
chr15	9450000	9455000	27.61763056821769	9452500
chr15	9455000	9460000	30.92462038513929	9457500
chr15	9460000	9465000	21.2493189801023	9462500
chr15	9465000	9470000	12.96270015923094	9467500
chr15	9470000	9475000	10.893428200467017	9472500
chr15	9475000	9480000	4.774185109370947	9477500
chr15	9480000	9485000	4.411185668912856	9482500
chr15	9485000	9490000	4.387932368316448	9487500
chr15	9490000	9495000	5.663365614750265	9492500
chr15	9495000	9500000	5.780978157949264	9497500
chr15	9500000	9505000	5.559897254025536	9502500
chr15	9505000	9510000	4.7547150819136785	9507500
chr15	9510000	9515000	3.7372817530260436	9512500
chr15	9515000	9520000	5.0119818854057	9517500
chr15	9520000	9525000	5.5367954829329795	9522500
chr15	9525000	9530000	4.893205454581264	9527500
chr15	9530000	9535000	6.056439127323775	9532500
chr15	9535000	9540000	6.072580362263626	9537500
chr15	9540000	9545000	4.412860620493686	9542500
chr15	9545000	9550000	6.484949507332083	9547500
chr15	9550000	9555000	6.725159908587374	9552500
chr15	9555000	9560000	10.358716441186877	9557500
chr15	9560000	9565000	21.095131668265314	9562500
chr15	9565000	9570000	14.580287447471152	9567500
chr15	9570000	9575000	6.4385080640448535	9572500
chr15	9575000	9580000	10.903652371588663	9577500
chr15	9580000	9585000	7.828151242803946	9582500
chr15	9585000	9590000	25.809496372523327	9587500
chr15	9590000	9595000	17.50003771194044	9592500
chr15	9595000	9600000	22.002877183953924	9597500
chr15	9600000	9605000	42.09885924536481	9602500
chr15	9605000	9610000	12.908414615422098	9607500
chr15	9610000	9615000	8.325375090867782	9612500
chr15	9615000	9620000	9.084262730089058	9617500
chr15	9620000	9625000	8.192819256265903	9622500
chr15	9625000	9630000	11.214275288833532	9627500
chr15	9630000	9635000	7.750946451231885	9632500
chr15	9635000	9640000	11.559601465087589	9637500
chr15	9640000	9645000	8.8828731323385	9642500
chr15	9645000	9650000	9.157750728263036	9647500
chr15	9650000	9655000	8.577822379906635	9652500
chr15	9655000	9660000	4.60247145907091	9657500
chr15	9660000	9665000	8.707120660634256	9662500
chr15	9665000	9670000	7.382020502971525	9667500
chr15	9670000	9675000	14.803340076617662	9672500
chr15	9675000	9680000	19.73623974231144	9677500
chr15	9680000	9685000	15.884914052662538	9682500
chr15	9685000	9690000	12.185781549257763	9687500
chr15	9690000	9695000	15.389454278956782	9692500
chr15	9695000	9700000	12.506269809391002	9697500
chr15	9700000	9705000	11.862883116952903	9702500
chr15	9705000	9710000	15.42468690267143	9707500
chr15	9710000	9715000	21.050463919691076	9712500
chr15	9715000	9720000	13.338230688669688	9717500
chr15	9720000	9725000	11.432572740395578	9722500
chr15	9725000	9730000	13.246844746259152	9727500
chr15	9730000	9735000	15.05417311403816	9732500
chr15	9735000	9740000	23.074025643998443	9737500
chr15	9740000	9745000	19.25767151625838	9742500
chr15	9745000	9750000	9.504756477835867	9747500
chr15	9750000	9755000	25.579416822142626	9752500
chr15	9755000	9760000	12.933150595316853	9757500
chr15	9760000	9765000	8.79413906878782	9762500
chr15	9765000	9770000	6.410525789767158	9767500
chr15	9770000	9775000	6.023316098819279	9772500
chr15	9775000	9780000	9.338089806705954	9777500
chr15	9780000	9785000	10.596764038331372	9782500
chr15	9785000	9790000	16.689664018423	9787500
chr15	9790000	9795000	24.05263992051739	9792500
chr15	9795000	9800000	11.55113880241046	9797500
chr15	9800000	9805000	16.50068830385728	9802500
chr15	9805000	9810000	7.998861379583318	9807500
chr15	9810000	9815000	11.556618144978602	9812500
chr15	9815000	9820000	13.998352436205927	9817500
chr15	9820000	9825000	9.236830064838923	9822500
chr15	9825000	9830000	10.221177469012398	9827500
chr15	9830000	9835000	8.398083743741417	9832500
chr15	9835000	9840000	12.968173761606671	9837500
chr15	9840000	9845000	14.690829002975669	9842500
chr15	9845000	9850000	10.06203944002052	9847500
chr15	9850000	9855000	10.688224716778603	9852500
chr15	9855000	9860000	13.6769961995442	9857500
chr15	9860000	9865000	12.531265762420071	9862500
chr15	9865000	9870000	5.668468941519023	9867500
chr15	9870000	9875000	5.1336647953017245	9872500
chr15	9875000	9880000	5.111642001401617	9877500
chr15	9880000	9885000	5.633281443214674	9882500
chr15	9885000	9890000	4.9221263747227235	9887500
chr15	9890000	9895000	4.896428239656747	9892500
chr15	9895000	9900000	4.222066007392285	9897500
chr15	9900000	9905000	18.994965002326644	9902500
chr15	9905000	9910000	11.865460319108497	9907500
chr15	9910000	9915000	9.776199052278603	9912500
chr15	9915000	9920000	7.659276173827038	9917500
chr15	9920000	9925000	8.782203275111419	9922500
chr15	9925000	9930000	7.191261940568021	9927500
chr15	9930000	9935000	7.753916428493852	9932500
chr15	9935000	9940000	10.764402053891569	9937500
chr15	9940000	9945000	12.429008066629141	9942500
chr15	9945000	9950000	7.46303567699797	9947500
chr15	9950000	9955000	8.212646320265806	9952500
chr15	9955000	9960000	7.25051478901941	9957500
chr15	9960000	9965000	6.595936751399629	9962500
chr15	9965000	9970000	9.633622350495134	9967500
chr15	9970000	9975000	11.59368374740862	9972500
chr15	9975000	9980000	12.276597093867993	9977500
chr15	9980000	9985000	8.956453603660933	9982500
chr15	9985000	9990000	10.046322532094193	9987500
chr15	9990000	9995000	10.201821212604209	9992500
chr15	9995000	10000000	13.773367191411458	9997500
chr15	10000000	10005000	8.06072317658579	10002500
chr15	10005000	10010000	3.6613454914750467	10007500
chr15	10010000	10015000	2.8779547219691155	10012500
chr15	10015000	10020000	3.082605227824119	10017500
chr15	10020000	10025000	5.8323984202694055	10022500
chr15	10025000	10030000	7.522443775882207	10027500
chr15	10030000	10035000	20.170610649079368	10032500
chr15	10035000	10040000	8.455129694597538	10037500
chr15	10040000	10045000	6.9934520836597995	10042500
chr15	10045000	10050000	6.501249912894932	10047500
chr15	10050000	10055000	7.237024183829038	10052500
chr15	10055000	10060000	11.108413247622545	10057500
chr15	10060000	10065000	16.004485151020063	10062500
chr15	10065000	10070000	9.401697842372329	10067500
chr15	10070000	10075000	10.53508539640784	10072500
chr15	10075000	10080000	9.735285882218701	10077500
chr15	10080000	10085000	14.990342748078028	10082500
chr15	10085000	10090000	23.804550819827465	10087500
chr15	10090000	10095000	7.420174614165973	10092500
chr15	10095000	10100000	8.441898175726461	10097500
chr15	10100000	10105000	14.763379931335152	10102500
chr15	10105000	10110000	16.066252593248475	10107500
chr15	10110000	10115000	10.98629849853547	10112500
chr15	10115000	10120000	11.569466145405851	10117500
chr15	10120000	10125000	10.009563526025023	10122500
chr15	10125000	10130000	7.932136629302511	10127500
chr15	10130000	10135000	4.291599903644002	10132500
chr15	10135000	10140000	10.332926058631209	10137500
chr15	10140000	10145000	10.409384417268186	10142500
chr15	10145000	10150000	9.903456620123038	10147500
chr15	10150000	10155000	9.110410339612656	10152500
chr15	10155000	10160000	11.154712947500006	10157500
chr15	10160000	10165000	7.5542820839433995	10162500
chr15	10165000	10170000	6.640232750533416	10167500
chr15	10170000	10175000	13.076900737665069	10172500
chr15	10175000	10180000	16.639893635073253	10177500
chr15	10180000	10185000	12.619021018711502	10182500
chr15	10185000	10190000	26.629088798152885	10187500
chr15	10190000	10195000	10.74933604820453	10192500
chr15	10195000	10200000	6.112149757203495	10197500
chr15	10200000	10205000	8.11362441253382	10202500
chr15	10205000	10210000	13.071325146721204	10207500
chr15	10210000	10215000	11.54354497511607	10212500
chr15	10215000	10220000	13.036197767754235	10217500
chr15	10220000	10225000	9.629008072400884	10222500
chr15	10225000	10230000	12.672365015056723	10227500
chr15	10230000	10235000	14.977043199430582	10232500
chr15	10235000	10240000	5.491787953214132	10237500
chr15	10240000	10245000	5.026537619667918	10242500
chr15	10245000	10250000	7.6261879425950765	10247500
chr15	10250000	10255000	14.049627526592127	10252500
chr15	10255000	10260000	10.885287965512662	10257500
chr15	10260000	10265000	6.812898370334702	10262500
chr15	10265000	10270000	6.491226274209721	10267500
chr15	10270000	10275000	9.337663912866308	10272500
chr15	10275000	10280000	14.98324592212143	10277500
chr15	10280000	10285000	23.260945260997392	10282500
chr15	10285000	10290000	11.820310041821312	10287500
chr15	10290000	10295000	12.516774085626784	10292500
chr15	10295000	10300000	10.507180168534752	10297500
chr15	10300000	10305000	8.325733830208241	10302500
chr15	10305000	10310000	11.63136362918755	10307500
chr15	10310000	10315000	9.553117512745983	10312500
chr15	10315000	10320000	7.767635820516148	10317500
chr15	10320000	10325000	6.995228223956749	10322500
chr15	10325000	10330000	8.721429513251815	10327500
chr15	10330000	10335000	5.99949132493312	10332500
chr15	10335000	10340000	8.733657521851187	10337500
chr15	10340000	10345000	10.528475001242215	10342500
chr15	10345000	10350000	12.392794647000281	10347500
chr15	10350000	10355000	10.228737899799258	10352500
chr15	10355000	10360000	14.826655983128424	10357500
chr15	10360000	10365000	12.650102471858888	10362500
chr15	10365000	10370000	10.16683270836068	10367500
chr15	10370000	10375000	9.492645326133728	10372500
chr15	10375000	10380000	10.644426496921978	10377500
chr15	10380000	10385000	18.720772389539125	10382500
chr15	10385000	10390000	19.711906233041088	10387500
chr15	10390000	10395000	15.426896929163453	10392500
chr15	10395000	10400000	17.02663207720984	10397500
chr15	10400000	10405000	28.008166535661115	10402500
chr15	10405000	10410000	14.213767325766744	10407500
chr15	10410000	10415000	16.37462234754092	10412500
chr15	10415000	10420000	3.8437436618024257	10417500
chr15	10420000	10425000	36.14456935528528	10422500
chr15	10425000	10430000	8.23538040099681	10427500
chr15	10430000	10435000	5.9713705308675795	10432500
chr15	10435000	10440000	8.616559571934571	10437500
chr15	10440000	10445000	6.447564711704392	10442500
chr15	10445000	10450000	8.398230920131896	10447500
chr15	10450000	10455000	6.419127320148796	10452500
chr15	10455000	10460000	5.401332983735189	10457500
chr15	10460000	10465000	3.626776084982579	10462500
chr15	10465000	10470000	4.51549562924688	10467500
chr15	10470000	10475000	7.291749698393789	10472500
chr15	10475000	10480000	14.88775348378729	10477500
chr15	10480000	10485000	15.890258885830056	10482500
chr15	10485000	10490000	4.768799017323761	10487500
chr15	10490000	10495000	3.3197868457374704	10492500
chr15	10495000	10500000	3.1193235737712808	10497500
chr15	10500000	10505000	3.6271725565506117	10502500
chr15	10505000	10510000	5.092328016945831	10507500
chr15	10510000	10515000	3.0066634845620683	10512500
chr15	10515000	10520000	2.946610381101998	10517500
chr15	10520000	10525000	5.624685206556395	10522500
chr15	10525000	10530000	4.113056589977943	10527500
chr15	10530000	10535000	4.856020298579218	10532500
chr15	10535000	10540000	4.862314708897545	10537500
chr15	10540000	10545000	13.557658762116422	10542500
chr15	10545000	10550000	10.918321123996737	10547500
chr15	10550000	10555000	15.362020234638925	10552500
chr15	10555000	10560000	8.021080191598875	10557500
chr15	10560000	10565000	6.429546986680456	10562500
chr15	10565000	10570000	8.286035844406886	10567500
chr15	10570000	10575000	5.9496006547555496	10572500
chr15	10575000	10580000	12.672115887279396	10577500
chr15	10580000	10585000	14.995063567922191	10582500
chr15	10585000	10590000	7.912266680673043	10587500
chr15	10590000	10595000	10.351865896431917	10592500
chr15	10595000	10600000	10.83298175389061	10597500
chr15	10600000	10605000	8.147056764203612	10602500
chr15	10605000	10610000	7.122212813669762	10607500
chr15	10610000	10615000	7.754521140674441	10612500
chr15	10615000	10620000	8.158398711487086	10617500
chr15	10620000	10625000	6.0808025427440615	10622500
chr15	10625000	10630000	9.837376735106785	10627500
chr15	10630000	10635000	9.9770878680195	10632500
chr15	10635000	10640000	10.76277395835956	10637500
chr15	10640000	10645000	9.394490770093265	10642500
chr15	10645000	10650000	9.632429353479717	10647500
chr15	10650000	10655000	8.98649030499248	10652500
chr15	10655000	10660000	18.444244816931093	10657500
chr15	10660000	10665000	28.14935083720895	10662500
chr15	10665000	10670000	26.163870184820667	10667500
chr15	10670000	10675000	23.595293128132788	10672500
chr15	10675000	10680000	26.907800550924502	10677500
chr15	10680000	10685000	30.40785714701784	10682500
chr15	10685000	10690000	14.9528643106668	10687500
chr15	10690000	10695000	18.23525737162407	10692500
chr15	10695000	10700000	26.81843847052142	10697500
chr15	10700000	10705000	24.777288293184974	10702500
chr15	10705000	10710000	21.84960209161148	10707500
chr15	10710000	10715000	21.002231995963463	10712500
chr15	10715000	10720000	28.135539632085237	10717500
chr15	10720000	10725000	23.13419849134457	10722500
chr15	10725000	10730000	20.136797389247196	10727500
chr15	10730000	10735000	23.72181378528565	10732500
chr15	10735000	10740000	20.00767428021655	10737500
chr15	10740000	10745000	35.705400447882816	10742500
chr15	10745000	10750000	25.61645414051038	10747500
chr15	10750000	10755000	27.485622885106615	10752500
chr15	10755000	10760000	14.909119742842032	10757500
chr15	10760000	10765000	11.03593925835718	10762500
chr15	10765000	10770000	15.43072187991524	10767500
chr15	10770000	10775000	17.065734137443695	10772500
chr15	10775000	10780000	20.699074808050053	10777500
chr15	10780000	10785000	20.711644382441442	10782500
chr15	10785000	10790000	23.17109140230628	10787500
chr15	10790000	10795000	14.627138562014396	10792500
chr15	10795000	10800000	21.631995534620753	10797500
chr15	10800000	10805000	18.397926603409722	10802500
chr15	10805000	10810000	14.237755764178203	10807500
chr15	10810000	10815000	19.452894481604478	10812500
chr15	10815000	10820000	21.609836640993038	10817500
chr15	10820000	10825000	19.660722768266265	10822500
chr15	10825000	10830000	27.66310249593366	10827500
chr15	10830000	10835000	19.76099451067061	10832500
chr15	10835000	10840000	18.58598879271638	10837500
chr15	10840000	10845000	29.518473568786753	10842500
chr15	10845000	10850000	24.95945761941813	10847500
chr15	10850000	10855000	22.442565065301803	10852500
chr15	10855000	10860000	23.22846147378602	10857500
chr15	10860000	10865000	20.998239802751666	10862500
chr15	10865000	10870000	20.179361177693362	10867500
chr15	10870000	10875000	28.34238615011401	10872500
chr15	10875000	10880000	24.0475226415763	10877500
chr15	10880000	10885000	22.862566079632813	10882500
chr15	10885000	10890000	23.664876863628834	10887500
chr15	10890000	10895000	21.267616277352218	10892500
chr15	10895000	10900000	20.084105102404347	10897500
chr15	10900000	10905000	22.99711655178174	10902500
chr15	10905000	10910000	20.62641880554495	10907500
chr15	10910000	10915000	19.790347274118197	10912500
chr15	10915000	10920000	17.761339354337057	10917500
chr15	10920000	10925000	17.36935704772513	10922500
chr15	10925000	10930000	35.448875221520105	10927500
chr15	10930000	10935000	23.248430508782842	10932500
chr15	10935000	10940000	29.104504988154265	10937500
chr15	10940000	10945000	24.036906324189435	10942500
chr15	10945000	10950000	23.814213644126227	10947500
chr15	10950000	10955000	42.569554319873895	10952500
chr15	10955000	10960000	23.075529993021465	10957500
chr15	10960000	10965000	23.466298260064256	10962500
chr15	10965000	10970000	39.27244458008353	10967500
chr15	10970000	10975000	16.98484869577866	10972500
chr15	10975000	10980000	16.50063218270814	10977500
chr15	10980000	10985000	17.887132001012237	10982500
chr15	10985000	10990000	37.07791036777213	10987500
chr15	10990000	10995000	13.141757727999666	10992500
chr15	10995000	11000000	27.579750390385975	10997500
chr15	11000000	11005000	17.352940111087502	11002500
chr15	11005000	11010000	17.905688360981262	11007500
chr15	11010000	11015000	17.924035147273383	11012500
chr15	11015000	11020000	14.17864026600435	11017500
chr15	11020000	11025000	32.22668388706498	11022500
chr15	11025000	11030000	39.6158263438928	11027500
chr15	11030000	11035000	15.962533654456513	11032500
chr15	11035000	11040000	18.49440615592071	11037500
chr15	11040000	11045000	19.088677465362775	11042500
chr15	11045000	11050000	23.494197830301996	11047500
chr15	11050000	11055000	20.09544351577893	11052500
chr15	11055000	11060000	12.324163195687595	11057500
chr15	11060000	11065000	12.41942547676456	11062500
chr15	11065000	11070000	19.158060427104044	11067500
chr15	11070000	11075000	28.057714653644133	11072500
chr15	11075000	11080000	32.56202854536838	11077500
chr15	11080000	11085000	30.785767088520693	11082500
chr15	11085000	11090000	23.281992225338858	11087500
chr15	11090000	11095000	17.85264741605407	11092500
chr15	11095000	11100000	28.46545172501388	11097500
chr15	11100000	11105000	35.101892015307115	11102500
chr15	11105000	11110000	40.228371789257885	11107500
chr15	11110000	11115000	44.69136423641487	11112500
chr15	11115000	11120000	35.827914096774954	11117500
chr15	11120000	11125000	47.15620091842195	11122500
chr15	11125000	11130000	26.79078760791758	11127500
chr15	11130000	11135000	23.48777477808665	11132500
chr15	11135000	11140000	42.76595998961419	11137500
chr15	11140000	11145000	25.42531736145367	11142500
chr15	11145000	11150000	30.523879178046506	11147500
chr15	11150000	11155000	28.41662860172391	11152500
chr15	11155000	11160000	28.385915409045904	11157500
chr15	11160000	11165000	26.80757983241453	11162500
chr15	11165000	11170000	24.886400521899205	11167500
chr15	11170000	11175000	25.43726461658133	11172500
chr15	11175000	11180000	24.53476663776065	11177500
chr15	11180000	11185000	26.477213972251484	11182500
chr15	11185000	11190000	30.389436941138374	11187500
chr15	11190000	11195000	25.720659419347953	11192500
chr15	11195000	11200000	28.946223801747752	11197500
chr15	11200000	11205000	29.49933859812353	11202500
chr15	11205000	11210000	29.91310943584846	11207500
chr15	11210000	11215000	30.039416109453878	11212500
chr15	11215000	11220000	31.250795645312934	11217500
chr15	11220000	11225000	29.914382268026863	11222500
chr15	11225000	11230000	30.545560384720616	11227500
chr15	11230000	11235000	22.495154405154615	11232500
chr15	11235000	11240000	31.47336365231305	11237500
chr15	11240000	11245000	29.069770968073104	11242500
chr15	11245000	11250000	20.956839049790617	11247500
chr15	11250000	11255000	26.41253399889944	11252500
chr15	11255000	11260000	24.278493971130278	11257500
chr15	11260000	11265000	24.26483417145704	11262500
chr15	11265000	11270000	23.10246677964494	11267500
chr15	11270000	11275000	28.46299252983507	11272500
chr15	11275000	11280000	27.309394628917733	11277500
chr15	11280000	11285000	30.376406453906476	11282500
chr15	11285000	11290000	31.038776157614638	11287500
chr15	11290000	11295000	34.87635682518177	11292500
chr15	11295000	11300000	30.380848864819253	11297500
chr15	11300000	11305000	20.75005424664753	11302500
chr15	11305000	11310000	41.63822531164329	11307500
chr15	11310000	11315000	34.05824356952956	11312500
chr15	11315000	11320000	27.518859919350003	11317500
chr15	11320000	11325000	24.01206286188704	11322500
chr15	11325000	11330000	24.689810072851834	11327500
chr15	11330000	11335000	33.93836269225159	11332500
chr15	11335000	11340000	38.799302326287886	11337500
chr15	11340000	11345000	34.22229103364174	11342500
chr15	11345000	11350000	26.181927690420107	11347500
chr15	11350000	11355000	50.42426171986345	11352500
chr15	11355000	11360000	31.177833253362348	11357500
chr15	11360000	11365000	36.05281734402086	11362500
chr15	11365000	11370000	26.399497590066467	11367500
chr15	11370000	11375000	16.11039194774739	11372500
chr15	11375000	11380000	21.708577086145826	11377500
chr15	11380000	11385000	29.728180399935837	11382500
chr15	11385000	11390000	34.36615748107528	11387500
chr15	11390000	11395000	32.77841667124257	11392500
chr15	11395000	11400000	26.504275090913158	11397500
chr15	11400000	11405000	17.67095420288736	11402500
chr15	11405000	11410000	24.962228846689058	11407500
chr15	11410000	11415000	21.958472586722234	11412500
chr15	11415000	11420000	30.097938974153774	11417500
chr15	11420000	11425000	39.481052584846225	11422500
chr15	11425000	11430000	32.01896614987305	11427500
chr15	11430000	11435000	24.81218540191754	11432500
chr15	11435000	11440000	25.806339201071086	11437500
chr15	11440000	11445000	33.28830578402607	11442500
chr15	11445000	11450000	28.97350962900402	11447500
chr15	11450000	11455000	28.995582891979378	11452500
chr15	11455000	11460000	29.03521437540779	11457500
chr15	11460000	11465000	30.374102152998077	11462500
chr15	11465000	11470000	25.48789590192961	11467500
chr15	11470000	11475000	21.943518427482864	11472500
chr15	11475000	11480000	22.928911181904738	11477500
chr15	11480000	11485000	23.60016490104214	11482500
chr15	11485000	11490000	25.401031117256846	11487500
chr15	11490000	11495000	24.123776343408295	11492500
chr15	11495000	11500000	28.46842897561588	11497500
chr15	11500000	11505000	19.830933781334103	11502500
chr15	11505000	11510000	28.296530424680792	11507500
chr15	11510000	11515000	27.704470896008356	11512500
chr15	11515000	11520000	27.611542609667307	11517500
chr15	11520000	11525000	30.840942425954776	11522500
chr15	11525000	11530000	27.634926572633276	11527500
chr15	11530000	11535000	21.893615391188423	11532500
chr15	11535000	11540000	19.182643165587884	11537500
chr15	11540000	11545000	31.304432045624786	11542500
chr15	11545000	11550000	34.28189129213053	11547500
chr15	11550000	11555000	35.26954031737723	11552500
chr15	11555000	11560000	26.549093373855495	11557500
chr15	11560000	11565000	28.47976315757103	11562500
chr15	11565000	11570000	28.59322950606758	11567500
chr15	11570000	11575000	27.44221630482526	11572500
chr15	11575000	11580000	25.164511388705364	11577500
chr15	11580000	11585000	38.75392022395764	11582500
chr15	11585000	11590000	33.570041499487154	11587500
chr15	11590000	11595000	25.129938302849876	11592500
chr15	11595000	11600000	22.616974105971757	11597500
chr15	11600000	11605000	17.055411834148778	11602500
chr15	11605000	11610000	25.77289817073836	11607500
chr15	11610000	11615000	32.877004758351454	11612500
chr15	11615000	11620000	25.14213214884017	11617500
chr15	11620000	11625000	16.020658426813768	11622500
chr15	11625000	11630000	16.05057860800358	11627500
chr15	11630000	11635000	16.3037014264376	11632500
chr15	11635000	11640000	18.277205571723247	11637500
chr15	11640000	11645000	16.79385008584129	11642500
chr15	11645000	11650000	15.732208900326855	11647500
chr15	11650000	11655000	21.88264000286667	11652500
chr15	11655000	11660000	19.636326347401422	11657500
chr15	11660000	11665000	17.382672388404565	11662500
chr15	11665000	11670000	21.15923667718109	11667500
chr15	11670000	11675000	13.469930032897341	11672500
chr15	11675000	11680000	16.399703824799918	11677500
chr15	11680000	11685000	21.92767508769378	11682500
chr15	11685000	11690000	18.678839755988644	11687500
chr15	11690000	11695000	13.16741848551628	11692500
chr15	11695000	11700000	17.013543825568693	11697500
chr15	11700000	11705000	21.13138269762201	11702500
chr15	11705000	11710000	18.29947841980818	11707500
chr15	11710000	11715000	18.47802958957338	11712500
chr15	11715000	11720000	28.606976687778587	11717500
chr15	11720000	11725000	20.007195393539323	11722500
chr15	11725000	11730000	14.719086959716229	11727500
chr15	11730000	11735000	13.689663042047064	11732500
chr15	11735000	11740000	12.873843547847596	11737500
chr15	11740000	11745000	15.914321035398011	11742500
chr15	11745000	11750000	19.07947910605087	11747500
chr15	11750000	11755000	24.83953611605146	11752500
chr15	11755000	11760000	18.412381786047415	11757500
chr15	11760000	11765000	19.075750579485494	11762500
chr15	11765000	11770000	21.025183101124956	11767500
chr15	11770000	11775000	21.736181156609803	11772500
chr15	11775000	11780000	19.25849138928162	11777500
chr15	11780000	11785000	16.837039217562783	11782500
chr15	11785000	11790000	16.005543191324595	11787500
chr15	11790000	11795000	22.636492232687957	11792500
chr15	11795000	11800000	17.65961209322801	11797500
chr15	11800000	11805000	12.351437723598808	11802500
chr15	11805000	11810000	12.673854261300985	11807500
chr15	11810000	11815000	8.754318446416333	11812500
chr15	11815000	11820000	17.11155562107108	11817500
chr15	11820000	11825000	19.903110286944358	11822500
chr15	11825000	11830000	31.858458468008653	11827500
chr15	11830000	11835000	22.33545475442747	11832500
chr15	11835000	11840000	13.702775880657903	11837500
chr15	11840000	11845000	14.728994674117528	11842500
chr15	11845000	11850000	14.054188666412777	11847500
chr15	11850000	11855000	20.766220805685347	11852500
chr15	11855000	11860000	17.037462691792815	11857500
chr15	11860000	11865000	21.87649916890426	11862500
chr15	11865000	11870000	18.913769790389267	11867500
chr15	11870000	11875000	29.404587045109313	11872500
chr15	11875000	11880000	33.572361356360375	11877500
chr15	11880000	11885000	27.167047942431303	11882500
chr15	11885000	11890000	21.087989980172786	11887500
chr15	11890000	11895000	26.397929725504106	11892500
chr15	11895000	11900000	24.802821258273486	11897500
chr15	11900000	11905000	17.870039130711195	11902500
chr15	11905000	11910000	16.42892897572529	11907500
chr15	11910000	11915000	7.277421557171605	11912500
chr15	11915000	11920000	16.720387146860457	11917500
chr15	11920000	11925000	26.391268450463276	11922500
chr15	11925000	11930000	22.41135298518116	11927500
chr15	11930000	11935000	25.726917331110336	11932500
chr15	11935000	11940000	24.97647446603196	11937500
chr15	11940000	11945000	15.901452472840603	11942500
chr15	11945000	11950000	21.666279789460482	11947500
chr15	11950000	11955000	9.11856433402587	11952500
chr15	11955000	11960000	11.259171660263261	11957500
chr15	11960000	11965000	17.48661693397697	11962500
chr15	11965000	11970000	14.964663258980037	11967500
chr15	11970000	11975000	16.75128672609899	11972500
chr15	11975000	11980000	14.178681500246118	11977500
chr15	11980000	11985000	23.157014583618956	11982500
chr15	11985000	11990000	19.257741101876586	11987500
chr15	11990000	11995000	11.459786571762617	11992500
chr15	11995000	12000000	12.89940723748066	11997500
chr15	12000000	12005000	13.36182786115997	12002500
chr15	12005000	12010000	14.576888732256284	12007500
chr15	12010000	12015000	20.140012500514555	12012500
chr15	12015000	12020000	25.72286415112564	12017500
chr15	12020000	12025000	20.165586578470247	12022500
chr15	12025000	12030000	20.82158105390548	12027500
chr15	12030000	12035000	23.6912903252893	12032500
chr15	12035000	12040000	19.287642573785718	12037500
chr15	12040000	12045000	21.266304132391458	12042500
chr15	12045000	12050000	17.87440827023605	12047500
chr15	12050000	12055000	16.38379256757912	12052500
chr15	12055000	12060000	14.278409726893972	12057500
chr15	12060000	12065000	16.616100147763092	12062500
chr15	12065000	12070000	22.950058685732685	12067500
chr15	12070000	12075000	24.93821408830158	12072500
chr15	12075000	12080000	22.71999727148603	12077500
chr15	12080000	12085000	17.453129034782727	12082500
chr15	12085000	12090000	21.120934235481513	12087500
chr15	12090000	12095000	22.441052372219193	12092500
chr15	12095000	12100000	21.166581837699297	12097500
chr15	12100000	12105000	15.464561441096505	12102500
chr15	12105000	12110000	24.79115971690013	12107500
chr15	12110000	12115000	19.599309362313566	12112500
chr15	12115000	12120000	22.81091448597186	12117500
chr15	12120000	12125000	19.317089522637538	12122500
chr15	12125000	12130000	21.656404851445874	12127500
chr15	12130000	12135000	17.94300561157844	12132500
chr15	12135000	12140000	18.588934412853366	12137500
chr15	12140000	12145000	11.872053547235412	12142500
chr15	12145000	12150000	17.548537724037004	12147500
chr15	12150000	12155000	21.379823413862994	12152500
chr15	12155000	12160000	28.482806040991655	12157500
chr15	12160000	12165000	20.971587842898142	12162500
chr15	12165000	12170000	21.758452052644362	12167500
chr15	12170000	12175000	17.48378382960246	12172500
chr15	12175000	12180000	17.287615436093255	12177500
chr15	12180000	12185000	18.25462540919974	12182500
chr15	12185000	12190000	15.764407337064013	12187500
chr15	12190000	12195000	19.129007918744918	12192500
chr15	12195000	12200000	19.665812769038048	12197500
chr15	12200000	12205000	17.73103206324304	12202500
chr15	12205000	12210000	14.708112546976757	12207500
chr15	12210000	12215000	12.221244085258398	12212500
chr15	12215000	12220000	8.20331642775751	12217500
chr15	12220000	12225000	14.76471955393734	12222500
chr15	12225000	12230000	17.22128876976544	12227500
chr15	12230000	12235000	33.4341295232763	12232500
chr15	12235000	12240000	30.640030329269877	12237500
chr15	12240000	12245000	21.81981028815009	12242500
chr15	12245000	12250000	16.287304536306657	12247500
chr15	12250000	12255000	22.87431177664125	12252500
chr15	12255000	12260000	18.700070312957177	12257500
chr15	12260000	12265000	21.54960362696144	12262500
chr15	12265000	12270000	19.80308707074883	12267500
chr15	12270000	12275000	17.86442630929129	12272500
chr15	12275000	12280000	20.270968228614546	12277500
chr15	12280000	12285000	19.54945999387354	12282500
chr15	12285000	12290000	18.38321848157199	12287500
chr15	12290000	12295000	18.550051279422533	12292500
chr15	12295000	12300000	19.507574845511396	12297500
chr15	12300000	12305000	22.90621837300463	12302500
chr15	12305000	12310000	19.065104065352273	12307500
chr15	12310000	12315000	21.22678709950499	12312500
chr15	12315000	12320000	17.316004219565777	12317500
chr15	12320000	12325000	18.846239582787135	12322500
chr15	12325000	12330000	21.88407278333388	12327500
chr15	12330000	12335000	29.35201301639759	12332500
chr15	12335000	12340000	24.036026848795526	12337500
chr15	12340000	12345000	26.58850271762507	12342500
chr15	12345000	12350000	18.785972555280257	12347500
chr15	12350000	12355000	15.604052658026758	12352500
chr15	12355000	12360000	24.105784693099743	12357500
chr15	12360000	12365000	18.59047940331875	12362500
chr15	12365000	12370000	14.042174505085748	12367500
chr15	12370000	12375000	12.12848438203083	12372500
chr15	12375000	12380000	7.068002656262838	12377500
chr15	12380000	12385000	16.681263276997004	12382500
chr15	12385000	12390000	14.472729395002125	12387500
chr15	12390000	12395000	24.86760430593451	12392500
chr15	12395000	12400000	18.48188625234937	12397500
chr15	12400000	12405000	11.622588666331442	12402500
chr15	12405000	12410000	15.553648284413898	12407500
chr15	12410000	12415000	13.708787389216319	12412500
chr15	12415000	12420000	16.191519675267415	12417500
chr15	12420000	12425000	16.56041536823924	12422500
chr15	12425000	12430000	18.68891480043538	12427500
chr15	12430000	12435000	30.588809158359876	12432500
chr15	12435000	12440000	30.371672754441583	12437500
chr15	12440000	12445000	29.841960762146744	12442500
chr15	12445000	12450000	27.81256043794146	12447500
chr15	12450000	12455000	29.623409150843745	12452500
chr15	12455000	12460000	21.018564077832497	12457500
chr15	12460000	12465000	29.63414520358018	12462500
chr15	12465000	12470000	24.71888114551433	12467500
chr15	12470000	12475000	20.276287958769387	12472500
chr15	12475000	12480000	19.418803902386934	12477500
chr15	12480000	12485000	20.672129745723655	12482500
chr15	12485000	12490000	28.62013953914337	12487500
chr15	12490000	12495000	25.832444283305087	12492500
chr15	12495000	12500000	30.76216260223949	12497500
chr15	12500000	12505000	33.38301149444013	12502500
chr15	12505000	12510000	26.353586814810665	12507500
chr15	12510000	12515000	25.633851250002245	12512500
chr15	12515000	12520000	25.61976001822665	12517500
chr15	12520000	12525000	33.55918335013239	12522500
chr15	12525000	12530000	32.71937737469222	12527500
chr15	12530000	12535000	36.065182599528654	12532500
chr15	12535000	12540000	32.58066058631444	12537500
chr15	12540000	12545000	42.73594999789939	12542500
chr15	12545000	12550000	36.587794365978546	12547500
chr15	12550000	12555000	23.15876546803803	12552500
chr15	12555000	12560000	25.174144688933865	12557500
chr15	12560000	12565000	27.231545790080514	12562500
chr15	12565000	12570000	21.51601844448767	12567500
chr15	12570000	12575000	19.310034003902786	12572500
chr15	12575000	12580000	11.03898481261417	12577500
chr15	12580000	12585000	21.637314224860823	12582500
chr15	12585000	12590000	23.32517523175937	12587500
chr15	12590000	12595000	16.498321407846117	12592500
chr15	12595000	12600000	22.643480113112542	12597500
chr15	12600000	12605000	19.055714927984315	12602500
chr15	12605000	12610000	18.228490128817505	12607500
chr15	12610000	12615000	17.911296562065058	12612500
chr15	12615000	12620000	21.026557369845666	12617500
chr15	12620000	12625000	21.911569051432295	12622500
chr15	12625000	12630000	21.894472653373526	12627500
chr15	12630000	12635000	20.800144464285893	12632500
chr15	12635000	12640000	23.557622437203914	12637500
chr15	12640000	12645000	17.8052421596706	12642500
chr15	12645000	12650000	21.10832181943195	12647500
chr15	12650000	12655000	18.98910925196628	12652500
chr15	12655000	12660000	21.144064062796925	12657500
chr15	12660000	12665000	35.33959032064807	12662500
chr15	12665000	12670000	23.9867005447088	12667500
chr15	12670000	12675000	35.88102029455983	12672500
chr15	12675000	12680000	58.75038273157349	12677500
chr15	12680000	12685000	43.16366226819797	12682500
chr15	12685000	12690000	38.90433513031928	12687500
chr15	12690000	12695000	33.558213163310974	12692500
chr15	12695000	12700000	72.93771263875759	12697500
chr15	12700000	12705000	54.039608357312055	12702500
chr15	12705000	12710000	51.170989310033626	12707500
chr15	12710000	12715000	34.11583451573524	12712500
chr15	12715000	12720000	20.965310206969964	12717500
chr15	12720000	12725000	19.096151095147484	12722500
chr15	12725000	12730000	18.15056799499493	12727500
chr15	12730000	12735000	16.09560551811254	12732500
chr15	12735000	12740000	15.837627998979992	12737500
chr15	12740000	12745000	15.289834442968694	12742500
chr15	12745000	12750000	14.964675800438789	12747500
chr15	12750000	12755000	11.155753167348658	12752500
chr15	12755000	12760000	25.535647034425487	12757500
chr15	12760000	12765000	23.92096864434138	12762500
chr15	12765000	12770000	27.324265522975427	12767500
chr15	12770000	12775000	21.66455579097588	12772500
chr15	12775000	12780000	23.883626538998556	12777500
chr15	12780000	12785000	43.85601349749941	12782500
chr15	12785000	12790000	18.740523846381723	12787500
chr15	12790000	12795000	15.521917097851992	12792500
chr15	12795000	12800000	34.38730069179149	12797500
chr15	12800000	12805000	34.822694411166964	12802500
chr15	12805000	12810000	16.99029379249116	12807500
chr15	12810000	12815000	25.451573612241916	12812500
chr15	12815000	12820000	18.735656523135777	12817500
chr15	12820000	12825000	26.47442284638638	12822500
chr15	12825000	12830000	34.28645254203993	12827500
chr15	12830000	12835000	23.846079275796708	12832500
chr15	12835000	12840000	25.581912286373242	12837500
chr15	12840000	12845000	31.92633567158641	12842500
chr15	12845000	12850000	40.988271639157475	12847500
chr15	12850000	12855000	54.74174684138513	12852500
chr15	12855000	12860000	48.52093996115198	12857500
chr15	12860000	12865000	60.997625031997856	12862500
chr15	12865000	12870000	61.84965661612567	12867500
chr15	12870000	12875000	37.533625208730584	12872500
chr15	12875000	12880000	43.02102207232062	12877500
chr15	12880000	12885000	39.18535820336554	12882500
chr15	12885000	12890000	41.0726323293813	12887500
chr15	12890000	12895000	24.23602923892513	12892500
chr15	12895000	12900000	20.31009664465541	12897500
chr15	12900000	12905000	18.476707152296232	12902500
chr15	12905000	12910000	16.573631540234324	12907500
chr15	12910000	12915000	15.832653855621512	12912500
chr15	12915000	12920000	18.477591594844288	12917500
chr15	12920000	12925000	18.754586469495553	12922500
chr15	12925000	12930000	16.38753404679724	12927500
chr15	12930000	12935000	16.021478374024866	12932500
chr15	12935000	12940000	13.03236188372442	12937500
chr15	12940000	12945000	17.562444526788155	12942500
chr15	12945000	12950000	16.26675008632105	12947500
chr15	12950000	12955000	17.430167764829395	12952500
chr15	12955000	12960000	17.001860217123347	12957500
chr15	12960000	12965000	20.097622326163897	12962500
chr15	12965000	12970000	18.759680175558124	12967500
chr15	12970000	12975000	20.436324890898973	12972500
chr15	12975000	12980000	18.493022312304532	12977500
chr15	12980000	12985000	20.856703409193383	12982500
chr15	12985000	12990000	19.15609375396105	12987500
chr15	12990000	12995000	17.35372579034419	12992500
chr15	12995000	13000000	23.275819875530555	12997500
chr15	13000000	13005000	21.899526350199874	13002500
chr15	13005000	13010000	21.850477091630527	13007500
chr15	13010000	13015000	23.994378867079938	13012500
chr15	13015000	13020000	25.852594014292656	13017500
chr15	13020000	13025000	22.01202130947826	13022500
chr15	13025000	13030000	25.513999795019476	13027500
chr15	13030000	13035000	36.14394735185721	13032500
chr15	13035000	13040000	33.5171613955107	13037500
chr15	13040000	13045000	32.86320282437957	13042500
chr15	13045000	13050000	23.01756399387273	13047500
chr15	13050000	13055000	30.54341592797822	13052500
chr15	13055000	13060000	39.41805539713598	13057500
chr15	13060000	13065000	35.48847612370246	13062500
chr15	13065000	13070000	49.05444831836631	13067500
chr15	13070000	13075000	41.18549361203471	13072500
chr15	13075000	13080000	48.71545206553322	13077500
chr15	13080000	13085000	46.84461975228128	13082500
chr15	13085000	13090000	37.20284483224057	13087500
chr15	13090000	13095000	22.2464314906006	13092500
chr15	13095000	13100000	37.31070064389377	13097500
chr15	13100000	13105000	51.025596756007836	13102500
chr15	13105000	13110000	35.15157553087623	13107500
chr15	13110000	13115000	33.37841296116505	13112500
chr15	13115000	13120000	32.83362816024006	13117500
chr15	13120000	13125000	48.3333416089805	13122500
chr15	13125000	13130000	43.75269878066865	13127500
chr15	13130000	13135000	29.828683204231364	13132500
chr15	13135000	13140000	33.15710836756693	13137500
chr15	13140000	13145000	22.46600074782794	13142500
chr15	13145000	13150000	23.587863423207423	13147500
chr15	13150000	13155000	34.453906805328	13152500
chr15	13155000	13160000	23.628335621116555	13157500
chr15	13160000	13165000	22.772489279530696	13162500
chr15	13165000	13170000	25.25651834618671	13167500
chr15	13170000	13175000	26.821460031107627	13172500
chr15	13175000	13180000	37.93624501249422	13177500
chr15	13180000	13185000	36.64916714093076	13182500
chr15	13185000	13190000	35.50863681053201	13187500
chr15	13190000	13195000	28.49507171633769	13192500
chr15	13195000	13200000	28.854502732346045	13197500
chr15	13200000	13205000	27.41814209733032	13202500
chr15	13205000	13210000	33.51267243762842	13207500
chr15	13210000	13215000	32.76572193873486	13212500
chr15	13215000	13220000	28.722383204192933	13217500
chr15	13220000	13225000	25.419992248277815	13222500
chr15	13225000	13230000	35.323995397016525	13227500
chr15	13230000	13235000	30.403738106192293	13232500
chr15	13235000	13240000	28.7317557668267	13237500
chr15	13240000	13245000	31.829963367551684	13242500
chr15	13245000	13250000	24.590637434737246	13247500
chr15	13250000	13255000	36.67240228238493	13252500
chr15	13255000	13260000	36.20711009350233	13257500
chr15	13260000	13265000	42.70637153385622	13262500
chr15	13265000	13270000	41.648679678329295	13267500
chr15	13270000	13275000	54.23281706997749	13272500
chr15	13275000	13280000	72.35549757961235	13277500
chr15	13280000	13285000	57.53729447207318	13282500
chr15	13285000	13290000	27.588231889490903	13287500
chr15	13290000	13295000	17.447099001202872	13292500
chr15	13295000	13300000	20.18097431374006	13297500
chr15	13300000	13305000	28.397154454624012	13302500
chr15	13305000	13310000	33.92196250287905	13307500
chr15	13310000	13315000	28.937151120087197	13312500
chr15	13315000	13320000	31.00482291645121	13317500
chr15	13320000	13325000	24.918889223175697	13322500
chr15	13325000	13330000	28.689682600563422	13327500
chr15	13330000	13335000	24.807626715518243	13332500
chr15	13335000	13340000	25.12928379004012	13337500
chr15	13340000	13345000	35.829631056126594	13342500
chr15	13345000	13350000	35.51016602605881	13347500
chr15	13350000	13355000	33.30558381745562	13352500
chr15	13355000	13360000	23.315369891003375	13357500
chr15	13360000	13365000	23.949442489162404	13362500
chr15	13365000	13370000	27.815152696523946	13367500
chr15	13370000	13375000	25.675021709183124	13372500
chr15	13375000	13380000	26.00599870827549	13377500
chr15	13380000	13385000	31.121786682253216	13382500
chr15	13385000	13390000	17.27343795298422	13387500
chr15	13390000	13395000	18.57440895734441	13392500
chr15	13395000	13400000	22.790513982469765	13397500
chr15	13400000	13405000	18.899302876803326	13402500
chr15	13405000	13410000	21.967003270071867	13407500
chr15	13410000	13415000	30.743145838995176	13412500
chr15	13415000	13420000	29.78472660385491	13417500
chr15	13420000	13425000	21.04279156603783	13422500
chr15	13425000	13430000	20.88194974124626	13427500
chr15	13430000	13435000	14.812731032180483	13432500
chr15	13435000	13440000	18.606653003709543	13437500
chr15	13440000	13445000	30.096891520128814	13442500
chr15	13445000	13450000	18.65454305688769	13447500
chr15	13450000	13455000	11.962505398120124	13452500
chr15	13455000	13460000	9.036606819079514	13457500
chr15	13460000	13465000	13.507993490947769	13462500
chr15	13465000	13470000	13.239350717294174	13467500
chr15	13470000	13475000	16.334847313740756	13472500
chr15	13475000	13480000	38.13990915138827	13477500
chr15	13480000	13485000	30.915814314251627	13482500
chr15	13485000	13490000	17.95070968313674	13487500
chr15	13490000	13495000	13.158076832635956	13492500
chr15	13495000	13500000	15.835774334765365	13497500
chr15	13500000	13505000	26.181900458717234	13502500
chr15	13505000	13510000	48.32262616449325	13507500
chr15	13510000	13515000	39.808772715518245	13512500
chr15	13515000	13520000	21.39901305209504	13517500
chr15	13520000	13525000	22.22074510876761	13522500
chr15	13525000	13530000	18.87076513320219	13527500
chr15	13530000	13535000	17.473224477002287	13532500
chr15	13535000	13540000	18.763133501610486	13537500
chr15	13540000	13545000	21.46911566802481	13542500
chr15	13545000	13550000	26.577359123760445	13547500
chr15	13550000	13555000	31.634501957164616	13552500
chr15	13555000	13560000	35.85017166255899	13557500
chr15	13560000	13565000	28.270152157297098	13562500
chr15	13565000	13570000	19.09308803041404	13567500
chr15	13570000	13575000	18.432749688770606	13572500
chr15	13575000	13580000	57.363748203032756	13577500
chr15	13580000	13585000	27.861008632491515	13582500
chr15	13585000	13590000	17.50267946093454	13587500
chr15	13590000	13595000	10.568649647767355	13592500
chr15	13595000	13600000	18.72884151141255	13597500
chr15	13600000	13605000	16.118274751827705	13602500
chr15	13605000	13610000	17.728388132596873	13607500
chr15	13610000	13615000	21.935562890648367	13612500
chr15	13615000	13620000	27.845892993295944	13617500
chr15	13620000	13625000	30.827459397342196	13622500
chr15	13625000	13630000	37.707549907740756	13627500
chr15	13630000	13635000	28.128453956245327	13632500
chr15	13635000	13640000	22.58585802935827	13637500
chr15	13640000	13645000	26.907597818798592	13642500
chr15	13645000	13650000	20.725816321073793	13647500
chr15	13650000	13655000	18.12599711664884	13652500
chr15	13655000	13660000	21.255925802642064	13657500
chr15	13660000	13665000	24.094942052044797	13662500
chr15	13665000	13670000	20.905407168104325	13667500
chr15	13670000	13675000	22.83314259654772	13672500
chr15	13675000	13680000	25.11655334907644	13677500
chr15	13680000	13685000	19.98671101302777	13682500
chr15	13685000	13690000	21.13799744334976	13687500
chr15	13690000	13695000	22.437972300815943	13692500
chr15	13695000	13700000	22.484010997217126	13697500
chr15	13700000	13705000	22.749136635723275	13702500
chr15	13705000	13710000	30.506331667575104	13707500
chr15	13710000	13715000	39.32127226192196	13712500
chr15	13715000	13720000	28.56217735481227	13717500
chr15	13720000	13725000	19.515903036096436	13722500
chr15	13725000	13730000	37.80368621512379	13727500
chr15	13730000	13735000	40.58439991008167	13732500
chr15	13735000	13740000	54.64867340819147	13737500
chr15	13740000	13745000	39.02649860769785	13742500
chr15	13745000	13750000	29.086222062823804	13747500
chr15	13750000	13755000	43.28326114785262	13752500
chr15	13755000	13760000	23.871497576152716	13757500
chr15	13760000	13765000	24.039731329964866	13762500
chr15	13765000	13770000	28.43607870904282	13767500
chr15	13770000	13775000	29.902643650355248	13772500
chr15	13775000	13780000	10.77130740333248	13777500
chr15	13780000	13785000	11.60268328282295	13782500
chr15	13785000	13790000	12.887273033041682	13787500
chr15	13790000	13795000	16.918417243241276	13792500
chr15	13795000	13800000	13.1521549443653	13797500
chr15	13800000	13805000	14.150396222842815	13802500
chr15	13805000	13810000	12.983012470235778	13807500
chr15	13810000	13815000	12.115528104170297	13812500
chr15	13815000	13820000	22.241491612907293	13817500
chr15	13820000	13825000	14.821924130954464	13822500
chr15	13825000	13830000	15.058478347754992	13827500
chr15	13830000	13835000	16.750399227749572	13832500
chr15	13835000	13840000	17.901663347307885	13837500
chr15	13840000	13845000	17.770417031832345	13842500
chr15	13845000	13850000	26.507529504807277	13847500
chr15	13850000	13855000	10.601516730960203	13852500
chr15	13855000	13860000	12.564216125338692	13857500
chr15	13860000	13865000	12.439585788798123	13862500
chr15	13865000	13870000	20.879892549874953	13867500
chr15	13870000	13875000	29.11264284304488	13872500
chr15	13875000	13880000	48.20874074432786	13877500
chr15	13880000	13885000	29.914000415604875	13882500
chr15	13885000	13890000	15.138077813441178	13887500
chr15	13890000	13895000	25.678291550096198	13892500
chr15	13895000	13900000	21.49646745454328	13897500
chr15	13900000	13905000	21.38338565705865	13902500
chr15	13905000	13910000	49.44291167947168	13907500
chr15	13910000	13915000	18.5563341321255	13912500
chr15	13915000	13920000	22.77316766628634	13917500
chr15	13920000	13925000	17.14871290619763	13922500
chr15	13925000	13930000	27.105786743329173	13927500
chr15	13930000	13935000	34.44050842733008	13932500
chr15	13935000	13940000	30.239199865431008	13937500
chr15	13940000	13945000	14.922611404057069	13942500
chr15	13945000	13950000	12.113288831249987	13947500
chr15	13950000	13955000	19.199740495180308	13952500
chr15	13955000	13960000	18.446865744474607	13957500
chr15	13960000	13965000	13.277357261713055	13962500
chr15	13965000	13970000	10.568545329297274	13967500
chr15	13970000	13975000	32.72955908714848	13972500
chr15	13975000	13980000	17.678003734824618	13977500
chr15	13980000	13985000	14.937823373128882	13982500
chr15	13985000	13990000	13.330107890762463	13987500
chr15	13990000	13995000	14.269054941685969	13992500
chr15	13995000	14000000	31.843124435810946	13997500
chr15	14000000	14005000	12.668624402700376	14002500
chr15	14005000	14010000	13.006317586871623	14007500
chr15	14010000	14015000	17.826886946212532	14012500
chr15	14015000	14020000	13.41491871839792	14017500
chr15	14020000	14025000	28.23019766194159	14022500
chr15	14025000	14030000	18.117364821412732	14027500
chr15	14030000	14035000	19.42179322612055	14032500
chr15	14035000	14040000	15.244897195303576	14037500
chr15	14040000	14045000	10.051169207224651	14042500
chr15	14045000	14050000	9.890189405066973	14047500
chr15	14050000	14055000	11.06749398072234	14052500
chr15	14055000	14060000	7.935257409258494	14057500
chr15	14060000	14065000	9.699575375766436	14062500
chr15	14065000	14070000	15.970938571182195	14067500
chr15	14070000	14075000	20.381545587144576	14072500
chr15	14075000	14080000	14.002719175048108	14077500
chr15	14080000	14085000	6.188835245011413	14082500
chr15	14085000	14090000	3.7511251626492625	14087500
chr15	14090000	14095000	2.70947246850239	14092500
chr15	14095000	14100000	2.9000988913714583	14097500
chr15	14100000	14105000	6.355968920404129	14102500
chr15	14105000	14110000	8.882639937357924	14107500
chr15	14110000	14115000	13.553283329186959	14112500
chr15	14115000	14120000	19.160076651199322	14117500
chr15	14120000	14125000	22.748454408583246	14122500
chr15	14125000	14130000	35.51125927164845	14127500
chr15	14130000	14135000	12.715985188497163	14132500
chr15	14135000	14140000	16.06758838420318	14137500
chr15	14140000	14145000	15.70210978531996	14142500
chr15	14145000	14150000	24.622556663634054	14147500
chr15	14150000	14155000	17.96666608777121	14152500
chr15	14155000	14160000	15.283696656964246	14157500
chr15	14160000	14165000	15.535351133290504	14162500
chr15	14165000	14170000	21.30646256938407	14167500
chr15	14170000	14175000	28.32324457733092	14172500
chr15	14175000	14180000	12.461984868593404	14177500
chr15	14180000	14185000	9.360131637299443	14182500
chr15	14185000	14190000	9.684112127255649	14187500
chr15	14190000	14195000	11.231532748389126	14192500
chr15	14195000	14200000	12.687792254524666	14197500
chr15	14200000	14205000	11.773153775515578	14202500
chr15	14205000	14210000	13.607591301799557	14207500
chr15	14210000	14215000	10.422436626137278	14212500
chr15	14215000	14220000	11.48561927504744	14217500
chr15	14220000	14225000	12.942502354558663	14222500
chr15	14225000	14230000	11.936892477016528	14227500
chr15	14230000	14235000	14.861101607113453	14232500
chr15	14235000	14240000	11.625495633618305	14237500
chr15	14240000	14245000	15.449111479584214	14242500
chr15	14245000	14250000	10.15622556869359	14247500
chr15	14250000	14255000	17.66052189238673	14252500
chr15	14255000	14260000	22.35959105334626	14257500
chr15	14260000	14265000	25.321638679811645	14262500
chr15	14265000	14270000	10.708231005471534	14267500
chr15	14270000	14275000	17.206794866337464	14272500
chr15	14275000	14280000	21.128255927780998	14277500
chr15	14280000	14285000	26.89826298469861	14282500
chr15	14285000	14290000	23.635037377071	14287500
chr15	14290000	14295000	22.248681172955695	14292500
chr15	14295000	14300000	24.318220209375685	14297500
chr15	14300000	14305000	37.553803989609676	14302500
chr15	14305000	14310000	33.428378661032575	14307500
chr15	14310000	14315000	30.9168139547903	14312500
chr15	14315000	14320000	37.97370379896981	14317500
chr15	14320000	14325000	29.916274122798274	14322500
chr15	14325000	14330000	23.947913149534948	14327500
chr15	14330000	14335000	39.16682619433458	14332500
chr15	14335000	14340000	27.86674623179696	14337500
chr15	14340000	14345000	22.575270714536458	14342500
chr15	14345000	14350000	27.782364189423763	14347500
chr15	14350000	14355000	27.72928095417392	14352500
chr15	14355000	14360000	35.91891616250274	14357500
chr15	14360000	14365000	30.926277467419098	14362500
chr15	14365000	14370000	32.97317957583053	14367500
chr15	14370000	14375000	33.370540600615584	14372500
chr15	14375000	14380000	39.81864901934716	14377500
chr15	14380000	14385000	23.98004207193346	14382500
chr15	14385000	14390000	43.49977913481678	14387500
chr15	14390000	14395000	52.85264158810715	14392500
chr15	14395000	14400000	65.69930084355549	14397500
chr15	14400000	14405000	54.01207604350196	14402500
chr15	14405000	14410000	54.10012415887117	14407500
chr15	14410000	14415000	58.879754694229504	14412500
chr15	14415000	14420000	71.08721010160788	14417500
chr15	14420000	14425000	79.92073646570522	14422500
chr15	14425000	14430000	69.11355226040443	14427500
chr15	14430000	14435000	59.4189683364663	14432500
chr15	14435000	14440000	55.2241551529574	14437500
chr15	14440000	14445000	52.91793385985861	14442500
chr15	14445000	14450000	61.76100895177699	14447500
chr15	14450000	14455000	64.34276073865625	14452500
chr15	14455000	14460000	60.756541692052345	14457500
chr15	14460000	14465000	50.53900952374186	14462500
chr15	14465000	14470000	46.84150165021068	14467500
chr15	14470000	14475000	50.40054626497589	14472500
chr15	14475000	14480000	43.79445401247598	14477500
chr15	14480000	14485000	41.64494115123361	14482500
chr15	14485000	14490000	37.39259373954998	14487500
chr15	14490000	14495000	43.80392087082055	14492500
chr15	14495000	14500000	49.18191897151724	14497500
chr15	14500000	14505000	40.164541402474576	14502500
chr15	14505000	14510000	34.42777740564388	14507500
chr15	14510000	14515000	29.300368555997867	14512500
chr15	14515000	14520000	42.93198970962951	14517500
chr15	14520000	14525000	60.93782812673337	14522500
chr15	14525000	14530000	43.99126339815755	14527500
chr15	14530000	14535000	46.52172691551975	14532500
chr15	14535000	14540000	37.03770945650783	14537500
chr15	14540000	14545000	29.69165804854955	14542500
chr15	14545000	14550000	34.16671933060046	14547500
chr15	14550000	14555000	34.84594740930713	14552500
chr15	14555000	14560000	31.252731170566005	14557500
chr15	14560000	14565000	22.703402749047864	14562500
chr15	14565000	14570000	27.036784712088583	14567500
chr15	14570000	14575000	32.17484826604559	14572500
chr15	14575000	14580000	36.94341979937861	14577500
chr15	14580000	14585000	26.482760084803182	14582500
chr15	14585000	14590000	21.76272730693795	14587500
chr15	14590000	14595000	22.75291001336297	14592500
chr15	14595000	14600000	19.071353774258966	14597500
chr15	14600000	14605000	24.942647479030676	14602500
chr15	14605000	14610000	29.404954325434957	14607500
chr15	14610000	14615000	29.916378094068826	14612500
chr15	14615000	14620000	28.70048525384008	14617500
chr15	14620000	14625000	20.35280372671184	14622500
chr15	14625000	14630000	16.43979210028207	14627500
chr15	14630000	14635000	35.53533785213004	14632500
chr15	14635000	14640000	28.574133782821875	14637500
chr15	14640000	14645000	11.587463527344491	14642500
chr15	14645000	14650000	10.897487251174324	14647500
chr15	14650000	14655000	9.161998429184901	14652500
chr15	14655000	14660000	12.02626758162531	14657500
chr15	14660000	14665000	19.53435863140705	14662500
chr15	14665000	14670000	28.18328556111313	14667500
chr15	14670000	14675000	25.71896872717728	14672500
chr15	14675000	14680000	27.827438822449274	14677500
chr15	14680000	14685000	26.6906680316517	14682500
chr15	14685000	14690000	22.03726275382699	14687500
chr15	14690000	14695000	35.2178464801954	14692500
chr15	14695000	14700000	28.533583136658304	14697500
chr15	14700000	14705000	31.508644127337288	14702500
chr15	14705000	14710000	26.934890629241124	14707500
chr15	14710000	14715000	25.24421987499354	14712500
chr15	14715000	14720000	31.905107468044257	14717500
chr15	14720000	14725000	17.674160949177647	14722500
chr15	14725000	14730000	18.37490455229178	14727500
chr15	14730000	14735000	14.803461916232932	14732500
chr15	14735000	14740000	14.844781224903267	14737500
chr15	14740000	14745000	15.452455331744403	14742500
chr15	14745000	14750000	27.970210911883974	14747500
chr15	14750000	14755000	11.70088539444689	14752500
chr15	14755000	14760000	19.631470458490245	14757500
chr15	14760000	14765000	30.32934955817654	14762500
chr15	14765000	14770000	26.73738019095107	14767500
chr15	14770000	14775000	29.86634377252263	14772500
chr15	14775000	14780000	18.85793013520836	14777500
chr15	14780000	14785000	22.690075070784072	14782500
chr15	14785000	14790000	24.546170998347357	14787500
chr15	14790000	14795000	19.575674804627432	14792500
chr15	14795000	14800000	17.98524116061938	14797500
chr15	14800000	14805000	40.41428011389372	14802500
chr15	14805000	14810000	32.623245207988965	14807500
chr15	14810000	14815000	58.38796628318384	14812500
chr15	14815000	14820000	74.72967220689108	14817500
chr15	14820000	14825000	48.38964580260594	14822500
chr15	14825000	14830000	32.85408401372981	14827500
chr15	14830000	14835000	32.45247016185368	14832500
chr15	14835000	14840000	31.342451811073506	14837500
chr15	14840000	14845000	32.46671490284349	14842500
chr15	14845000	14850000	68.37818279305165	14847500
chr15	14850000	14855000	32.22601468792894	14852500
chr15	14855000	14860000	37.03813163106638	14857500
chr15	14860000	14865000	40.94105590250119	14862500
chr15	14865000	14870000	38.81681575613463	14867500
chr15	14870000	14875000	29.978008274301143	14872500
chr15	14875000	14880000	25.97625928866184	14877500
chr15	14880000	14885000	24.061179233911457	14882500
chr15	14885000	14890000	24.315341749623602	14887500
chr15	14890000	14895000	47.59069674533844	14892500
chr15	14895000	14900000	49.36932341536815	14897500
chr15	14900000	14905000	47.635150922039955	14902500
chr15	14905000	14910000	46.41067629323986	14907500
chr15	14910000	14915000	84.53549535298755	14912500
chr15	14915000	14920000	74.30131401689967	14917500
chr15	14920000	14925000	47.3956674988415	14922500
chr15	14925000	14930000	54.61168526537664	14927500
chr15	14930000	14935000	58.84392617835369	14932500
chr15	14935000	14940000	63.39189076729481	14937500
chr15	14940000	14945000	65.31985348948456	14942500
chr15	14945000	14950000	67.03909685649553	14947500
chr15	14950000	14955000	67.38487923746779	14952500
chr15	14955000	14960000	68.62383810601966	14957500
chr15	14960000	14965000	67.75326506772812	14962500
chr15	14965000	14970000	67.49476612586285	14967500
chr15	14970000	14975000	67.16229964803179	14972500
chr15	14975000	14980000	67.64549463075775	14977500
chr15	14980000	14985000	67.38566219978296	14982500
chr15	14985000	14990000	68.84720530537936	14987500
chr15	14990000	14995000	69.39390237011114	14992500
chr15	14995000	15000000	71.00962436365869	14997500
chr15	15000000	15005000	70.75836221872446	15002500
chr15	15005000	15010000	70.87310293324798	15007500
chr15	15010000	15015000	67.9887579837524	15012500
chr15	15015000	15020000	68.83598596978877	15017500
chr15	15020000	15025000	63.72612077427652	15022500
chr15	15025000	15030000	37.90633533297591	15027500
chr15	15030000	15035000	34.27407569124172	15032500
chr15	15035000	15040000	36.53346715343739	15037500
chr15	15040000	15045000	30.235510495663185	15042500
chr15	15045000	15050000	40.27574212573136	15047500
chr15	15050000	15055000	33.583092455960646	15052500
chr15	15055000	15060000	42.257129227261224	15057500
chr15	15060000	15065000	35.338216707294535	15062500
chr15	15065000	15070000	41.30135409797862	15067500
chr15	15070000	15075000	36.95892587082261	15072500
chr15	15075000	15080000	39.07861171546692	15077500
chr15	15080000	15085000	40.01883199588767	15082500
chr15	15085000	15090000	30.367337129877342	15087500
chr15	15090000	15095000	41.392552665288584	15092500
chr15	15095000	15100000	54.88515594562173	15097500
chr15	15100000	15105000	62.255428634158896	15102500
chr15	15105000	15110000	92.97562181316964	15107500
chr15	15110000	15115000	74.02420112340421	15112500
chr15	15115000	15120000	79.51862828107599	15117500
chr15	15120000	15125000	109.64983320029984	15122500
chr15	15125000	15130000	90.05807614217952	15127500
chr15	15130000	15135000	66.60118156790915	15132500
chr15	15135000	15140000	58.347888912380036	15137500
chr15	15140000	15145000	63.85839414258793	15142500
chr15	15145000	15150000	110.49835302027968	15147500
chr15	15150000	15155000	190.62052235094092	15152500
chr15	15155000	15160000	153.3089821928627	15157500
chr15	15160000	15165000	203.87914589520264	15162500
chr15	15165000	15170000	189.08491975710257	15167500
chr15	15170000	15175000	156.68538425988888	15172500
chr15	15175000	15180000	146.8840374988458	15177500
chr15	15180000	15185000	170.24249208077467	15182500
chr15	15185000	15190000	163.71129018973798	15187500
chr15	15190000	15195000	192.23408202621343	15192500
chr15	15195000	15200000	199.28514593556127	15197500
chr15	15200000	15205000	180.54454558885823	15202500
chr15	15205000	15210000	191.8656359814679	15207500
chr15	15210000	15215000	159.56509380910086	15212500
chr15	15215000	15220000	170.65919875772008	15217500
chr15	15220000	15225000	179.8465897368864	15222500
chr15	15225000	15230000	150.550417658485	15227500
chr15	15230000	15235000	160.52144684345822	15232500
chr15	15235000	15240000	190.21419109566327	15237500
chr15	15240000	15245000	190.65818673309673	15242500
chr15	15245000	15250000	190.95336322511235	15247500
chr15	15250000	15255000	188.6308569112159	15252500
chr15	15255000	15260000	193.75325589500108	15257500
chr15	15260000	15265000	190.9748714352555	15262500
chr15	15265000	15270000	187.82036659131083	15267500
chr15	15270000	15275000	178.59909613608954	15272500
chr15	15275000	15280000	190.06487205652337	15277500
chr15	15280000	15285000	192.01337876685253	15282500
chr15	15285000	15290000	191.42834177427187	15287500
chr15	15290000	15295000	190.98534183121308	15292500
chr15	15295000	15300000	193.12085019449484	15297500
chr15	15300000	15305000	191.6659935097912	15302500
chr15	15305000	15310000	191.66599350979112	15307500
chr15	15310000	15315000	191.665993509791	15312500
chr15	15315000	15320000	191.66599350979126	15317500
chr15	15320000	15325000	191.6659935097912	15322500
chr15	15325000	15330000	191.6659935097912	15327500
chr15	15330000	15335000	191.66599350979126	15332500
chr15	15335000	15340000	191.66599350979126	15337500
chr15	15340000	15345000	191.66599350979112	15342500
chr15	15345000	15350000	191.6659935097912	15347500
chr15	15350000	15355000	191.66599350979126	15352500
chr15	15355000	15360000	191.6659935097911	15357500
chr15	15360000	15365000	191.6659935097912	15362500
chr15	15365000	15370000	205.45334124873827	15367500
chr15	15370000	15375000	245.59254678406674	15372500
chr15	15375000	15380000	284.7341615476745	15377500
chr15	15380000	15385000	224.31614518495127	15382500
chr15	15385000	15390000	218.6677616351555	15387500
chr15	15390000	15395000	141.383713495941	15392500
chr15	15395000	15400000	170.83645342765575	15397500
chr15	15400000	15405000	219.00678287290202	15402500
chr15	15405000	15410000	227.74430017096373	15407500
chr15	15410000	15415000	165.9728120190975	15412500
chr15	15415000	15420000	127.86322496073419	15417500
chr15	15420000	15425000	97.02727397769921	15422500
chr15	15425000	15430000	80.0832406329389	15427500
chr15	15430000	15435000	81.25219255171933	15432500
chr15	15435000	15440000	91.32127215344485	15437500
chr15	15440000	15445000	67.20829419122825	15442500
chr15	15445000	15450000	69.52561690564397	15447500
chr15	15450000	15455000	66.42685216639826	15452500
chr15	15455000	15460000	60.977369938300775	15457500
chr15	15460000	15465000	63.13196868386908	15462500
chr15	15465000	15470000	68.90522304511218	15467500
chr15	15470000	15475000	55.690765477069604	15472500
chr15	15475000	15480000	62.45855761901955	15477500
chr15	15480000	15485000	58.01088716411694	15482500
chr15	15485000	15490000	61.1516636439983	15487500
chr15	15490000	15495000	61.30678078154392	15492500
chr15	15495000	15500000	59.38672716386185	15497500
chr15	15500000	15505000	61.90286962504947	15502500
chr15	15505000	15510000	67.21131603488193	15507500
chr15	15510000	15515000	56.16969197781739	15512500
chr15	15515000	15520000	69.58172728881478	15517500
chr15	15520000	15525000	48.93188657189524	15522500
chr15	15525000	15530000	102.53026511298664	15527500
chr15	15530000	15535000	48.13727184176203	15532500
chr15	15535000	15540000	57.49260240381381	15537500
chr15	15540000	15545000	36.087262652980876	15542500
chr15	15545000	15550000	35.83058744177405	15547500
chr15	15550000	15555000	36.69989470466259	15552500
chr15	15555000	15560000	43.52667517013214	15557500
chr15	15560000	15565000	35.572106054520994	15562500
chr15	15565000	15570000	19.75419238721158	15567500
chr15	15570000	15575000	18.379010400535222	15572500
chr15	15575000	15580000	14.474027596759578	15577500
chr15	15580000	15585000	8.750755159892398	15582500
chr15	15585000	15590000	9.496644286238165	15587500
chr15	15590000	15595000	9.465236077623237	15592500
chr15	15595000	15600000	8.988051501789919	15597500
chr15	15600000	15605000	8.583806058936416	15602500
chr15	15605000	15610000	6.8589122115026155	15607500
chr15	15610000	15615000	6.092257773040499	15612500
chr15	15615000	15620000	4.526972524143472	15617500
chr15	15620000	15625000	4.513129145244299	15622500
chr15	15625000	15630000	5.101401826554262	15627500
chr15	15630000	15635000	4.898704825448969	15632500
chr15	15635000	15640000	4.167273807267875	15637500
chr15	15640000	15645000	9.161159487636853	15642500
chr15	15645000	15650000	2.023881078329826	15647500
chr15	15650000	15655000	1.875366271911091	15652500
chr15	15655000	15660000	3.799865679456627	15657500
chr15	15660000	15665000	6.818445846785656	15662500
chr15	15665000	15670000	6.224123146219752	15667500
chr15	15670000	15675000	4.47609260575621	15672500
chr15	15675000	15680000	4.709884217204209	15677500
chr15	15680000	15685000	5.480368906355622	15682500
chr15	15685000	15690000	7.026611237117131	15687500
chr15	15690000	15695000	0.7779023667466852	15692500
chr15	15695000	15700000	3.745624835233057	15697500
chr15	15700000	15705000	0.8342859081145806	15702500
chr15	15705000	15710000	1.0815767491084967	15707500
chr15	15710000	15715000	1.7885080799196276	15712500
chr15	15715000	15720000	0.5973007827583646	15717500
chr15	15720000	15725000	0.6460838596156785	15722500
chr15	15725000	15730000	0.15476745790543234	15727500
chr15	15730000	15735000	0.7541280151172799	15732500
chr15	15735000	15740000	2.5186262128344956	15737500
chr15	15740000	15745000	4.619561456472372	15742500
chr15	15745000	15750000	0.6832016675878515	15747500
chr15	15750000	15755000	0.3054177082834596	15752500
chr15	15755000	15760000	0.2907220036527934	15757500
chr15	15760000	15765000	0.2967344143569249	15762500
chr15	15765000	15770000	0.5616148680122264	15767500
chr15	15770000	15775000	1.1693986501210396	15772500
chr15	15775000	15780000	1.6772665092588375	15777500
chr15	15780000	15785000	0.5515562914222506	15782500
chr15	15785000	15790000	0.5231254922538034	15787500
chr15	15790000	15795000	0.3512168543623252	15792500
chr15	15795000	15800000	0.21554054750201432	15797500
chr15	15800000	15805000	0.16207671785677383	15802500
chr15	15805000	15810000	0.25497681881104506	15807500
chr15	15810000	15815000	0.6615274636394957	15812500
chr15	15815000	15820000	0.3715940742491161	15817500
chr15	15820000	15825000	0.26540782099044596	15822500
chr15	15825000	15830000	0.1768944750455028	15827500
chr15	15830000	15835000	0.37784708450818266	15832500
chr15	15835000	15840000	0.17407894927361345	15837500
chr15	15840000	15845000	0.09672134285751295	15842500
chr15	15845000	15850000	0.05667245784565508	15847500
chr15	15850000	15855000	0.1396275622909173	15852500
chr15	15855000	15860000	0.2558531522224407	15857500
chr15	15860000	15865000	0.49508688793813294	15862500
chr15	15865000	15870000	1.1523631151407008	15867500
chr15	15870000	15875000	1.7831179212770447	15872500
chr15	15875000	15880000	0.15730051057558525	15877500
chr15	15880000	15885000	0.12080849211572767	15882500
chr15	15885000	15890000	0.02103522299958765	15887500
chr15	15890000	15895000	0.27757572612197484	15892500
chr15	15895000	15900000	0.08695886882426536	15897500
chr15	15900000	15905000	0.08695886882426536	15902500
chr15	15905000	15910000	0.08695886882426536	15907500
chr15	15910000	15915000	0.13134969222419582	15912500
chr15	15915000	15920000	0.11960128075352164	15917500
chr15	15920000	15925000	0.07639500189928346	15922500
chr15	15925000	15930000	0.07961401546883717	15927500
chr15	15930000	15935000	0.10018713273201137	15932500
chr15	15935000	15940000	0.11541882688434053	15937500
chr15	15940000	15945000	0.11541882688434053	15942500
chr15	15945000	15950000	0.11541882688434053	15947500
chr15	15950000	15955000	0.11541882688434053	15952500
chr15	15955000	15960000	0.11541882688434053	15957500
chr15	15960000	15965000	0.14018787802885077	15962500
chr15	15965000	15970000	0.14776154570793348	15967500
chr15	15970000	15975000	0.18840698405340875	15972500
chr15	15975000	15980000	0.3148354196979443	15977500
chr15	15980000	15985000	0.13554396404626146	15982500
chr15	15985000	15990000	0.10891306172671733	15987500
chr15	15990000	15995000	0.10891306172671733	15992500
chr15	15995000	16000000	0.10891306172671733	15997500
chr15	16000000	16005000	0.1099417470820954	16002500
chr15	16005000	16010000	0.13431210024399298	16007500
chr15	16010000	16015000	0.13431210024399282	16012500
chr15	16015000	16020000	0.13431210024399282	16017500
chr15	16020000	16025000	0.13431210024399282	16022500
chr15	16025000	16030000	0.13431210024399298	16027500
chr15	16030000	16035000	0.13431210024399287	16032500
chr15	16035000	16040000	0.13431210024399298	16037500
chr15	16040000	16045000	0.3325409029939197	16042500
chr15	16045000	16050000	0.5824380883210869	16047500
chr15	16050000	16055000	0.9787098466496928	16052500
