chr14	0	5000	10.982128002375763	2500
chr14	5000	10000	24.985532307373397	7500
chr14	10000	15000	2.972047219780119	12500
chr14	15000	20000	1.9556412766566578	17500
chr14	20000	25000	4.71000647999406	22500
chr14	25000	30000	3.106909124453415	27500
chr14	30000	35000	3.106909124453412	32500
chr14	35000	40000	2.8276512740875486	37500
chr14	40000	45000	3.7879780620441927	42500
chr14	45000	50000	0.8171868508160011	47500
chr14	50000	55000	0.12911078387582997	52500
chr14	55000	60000	0.14331249451136288	57500
chr14	60000	65000	0.17295397527720538	62500
chr14	65000	70000	3.6439271542807625	67500
chr14	70000	75000	15.697001740847073	72500
chr14	75000	80000	95.22775610225132	77500
chr14	80000	85000	0.1846281537232149	82500
chr14	85000	90000	0.767897710779161	87500
chr14	90000	95000	5.840309176452786	92500
chr14	95000	100000	32.555651356121636	97500
chr14	100000	105000	8.401913478586073	102500
chr14	105000	110000	0.24218715072442426	107500
chr14	110000	115000	0.24218715072442432	112500
chr14	115000	120000	0.27228133686699213	117500
chr14	120000	125000	0.2020020388315085	122500
chr14	125000	130000	0.06229917088245617	127500
chr14	130000	135000	0.08952826848326265	132500
chr14	135000	140000	0.06195659930437411	137500
chr14	140000	145000	0.033800340826483276	142500
chr14	145000	150000	0.030891066609658943	147500
chr14	150000	155000	0.03986826724557636	152500
chr14	155000	160000	0.10996616500954794	157500
chr14	160000	165000	0.073945186515671	162500
chr14	165000	170000	0.06963331895911716	167500
chr14	170000	175000	0.09065688499638536	172500
chr14	175000	180000	0.313774290427929	177500
chr14	180000	185000	0.5424667384223556	182500
chr14	185000	190000	0.06833552872713589	187500
chr14	190000	195000	0.05734489706047293	192500
chr14	195000	200000	0.05734489706047293	197500
chr14	200000	205000	0.05734489706047292	202500
chr14	205000	210000	0.061391100443906756	207500
chr14	210000	215000	0.06789309319647924	212500
chr14	215000	220000	0.07459573928224095	217500
chr14	220000	225000	0.19721066823957573	222500
chr14	225000	230000	0.21798844248817537	227500
chr14	230000	235000	0.7509141280653648	232500
chr14	235000	240000	0.5433678257337066	237500
chr14	240000	245000	0.09399577840143168	242500
chr14	245000	250000	0.06867153286401924	247500
chr14	250000	255000	0.07958066702080784	252500
chr14	255000	260000	0.19185765835141977	257500
chr14	260000	265000	0.24528971676847547	262500
chr14	265000	270000	0.24528971676847547	267500
chr14	270000	275000	0.22739955918443344	272500
chr14	275000	280000	0.20593043875419229	277500
chr14	280000	285000	0.435800952520509	282500
chr14	285000	290000	0.48429892025235227	287500
chr14	290000	295000	0.48554689389249184	292500
chr14	295000	300000	0.48554689389249184	297500
chr14	300000	305000	0.4895510997121422	302500
chr14	305000	310000	0.12828882034279385	307500
chr14	310000	315000	0.12342677930120709	312500
chr14	315000	320000	0.14764923042870787	317500
chr14	320000	325000	0.2684733289023732	322500
chr14	325000	330000	0.3286363315289773	327500
chr14	330000	335000	9.15871983404963	332500
chr14	335000	340000	8.313344552587592	337500
chr14	340000	345000	2.770466951174894	342500
chr14	345000	350000	0.27116490460092874	347500
chr14	350000	355000	0.32992554953810455	352500
chr14	355000	360000	0.5017898056714373	357500
chr14	360000	365000	0.5168034571535868	362500
chr14	365000	370000	0.5168034571535864	367500
chr14	370000	375000	0.5421220727164248	372500
chr14	375000	380000	0.6552782020964355	377500
chr14	380000	385000	0.32498242121785875	382500
chr14	385000	390000	0.3249824212178588	387500
chr14	390000	395000	0.3249824212178588	392500
chr14	395000	400000	0.324982421217859	397500
chr14	400000	405000	0.3249824212178589	402500
chr14	405000	410000	0.6016728243546065	407500
chr14	410000	415000	0.8851117739093196	412500
chr14	415000	420000	2.5729524422872347	417500
chr14	420000	425000	0.7738547992147999	422500
chr14	425000	430000	0.3711549472030661	427500
chr14	430000	435000	1.077246572105306	432500
chr14	435000	440000	2.97152847046286	437500
chr14	440000	445000	1.2536741147522386	442500
chr14	445000	450000	0.8841110675461334	447500
chr14	450000	455000	0.9343679239316667	452500
chr14	455000	460000	0.9343679239316665	457500
chr14	460000	465000	0.9343679239316667	462500
chr14	465000	470000	0.9343679239316663	467500
chr14	470000	475000	0.9343679239316663	472500
chr14	475000	480000	1.5424548801778841	477500
chr14	480000	485000	2.3428702633960254	482500
chr14	485000	490000	2.293385179648732	487500
chr14	490000	495000	1.691157939393218	492500
chr14	495000	500000	5.381715167130644	497500
chr14	500000	505000	1.9948300676054023	502500
chr14	505000	510000	2.804676935573188	507500
chr14	510000	515000	3.8613548559536746	512500
chr14	515000	520000	2.7008068258967812	517500
chr14	520000	525000	2.920897935407405	522500
chr14	525000	530000	3.1503823217033204	527500
chr14	530000	535000	3.80455042196673	532500
chr14	535000	540000	3.8045504219666655	537500
chr14	540000	545000	5.351909046220045	542500
chr14	545000	550000	3.7610995462986945	547500
chr14	550000	555000	3.679822143775509	552500
chr14	555000	560000	4.537434073820259	557500
chr14	560000	565000	4.497810557275384	562500
chr14	565000	570000	3.234488563039785	567500
chr14	570000	575000	2.4725799012012653	572500
chr14	575000	580000	2.8705400965701857	577500
chr14	580000	585000	1.937890526538181	582500
chr14	585000	590000	5.986927227343439	587500
chr14	590000	595000	1.1980798015696763	592500
chr14	595000	600000	1.2407890809609423	597500
chr14	600000	605000	6.740641846424362	602500
chr14	605000	610000	1.7147262751160472	607500
chr14	610000	615000	1.38131775347328	612500
chr14	615000	620000	1.5194445512499846	617500
chr14	620000	625000	3.1033878111238815	622500
chr14	625000	630000	2.0366388514964644	627500
chr14	630000	635000	1.2377750001596768	632500
chr14	635000	640000	0.8618173779956302	637500
chr14	640000	645000	0.8618173779956296	642500
chr14	645000	650000	0.8618173779956305	647500
chr14	650000	655000	0.8516062918061995	652500
chr14	655000	660000	0.8516384202322267	657500
chr14	660000	665000	1.010437753662141	662500
chr14	665000	670000	1.0531552049550585	667500
chr14	670000	675000	0.8804531703970057	672500
chr14	675000	680000	0.8804531703970058	677500
chr14	680000	685000	1.1259178684583055	682500
chr14	685000	690000	1.2052311795826363	687500
chr14	690000	695000	1.281878903510693	692500
chr14	695000	700000	1.3147279280512723	697500
chr14	700000	705000	1.5828603961541297	702500
chr14	705000	710000	2.410904877263002	707500
chr14	710000	715000	5.686603106168823	712500
chr14	715000	720000	3.559901863743992	717500
chr14	720000	725000	3.2421487361649333	722500
chr14	725000	730000	3.1967033843428143	727500
chr14	730000	735000	5.231746261580719	732500
chr14	735000	740000	8.584288747273991	737500
chr14	740000	745000	8.778261627765412	742500
chr14	745000	750000	4.229704674606774	747500
chr14	750000	755000	3.54301443407704	752500
chr14	755000	760000	3.736898548262246	757500
chr14	760000	765000	3.9141929234352975	762500
chr14	765000	770000	2.786600808075164	767500
chr14	770000	775000	3.0243235747698827	772500
chr14	775000	780000	11.554043708698666	777500
chr14	780000	785000	4.859745482812758	782500
chr14	785000	790000	3.635370030544809	787500
chr14	790000	795000	2.220515056565524	792500
chr14	795000	800000	3.653202125855138	797500
chr14	800000	805000	4.397955801180982	802500
chr14	805000	810000	4.119951427637446	807500
chr14	810000	815000	4.467932301914602	812500
chr14	815000	820000	6.6264240823897484	817500
chr14	820000	825000	5.562151561578302	822500
chr14	825000	830000	3.430626076173992	827500
chr14	830000	835000	5.3617736021010245	832500
chr14	835000	840000	7.996844180412825	837500
chr14	840000	845000	4.220201432688027	842500
chr14	845000	850000	4.873608156250995	847500
chr14	850000	855000	7.401151840023563	852500
chr14	855000	860000	7.619582121203355	857500
chr14	860000	865000	7.757598480432674	862500
chr14	865000	870000	6.554057992952619	867500
chr14	870000	875000	7.777232450548695	872500
chr14	875000	880000	5.874855483104463	877500
chr14	880000	885000	16.150255081893626	882500
chr14	885000	890000	3.010656019880768	887500
chr14	890000	895000	8.914788857145147	892500
chr14	895000	900000	4.365093246640677	897500
chr14	900000	905000	5.12082936614593	902500
chr14	905000	910000	13.789308203605458	907500
chr14	910000	915000	30.560389549303505	912500
chr14	915000	920000	6.7833843670043175	917500
chr14	920000	925000	4.080093470507182	922500
chr14	925000	930000	3.657915256131787	927500
chr14	930000	935000	3.459432325923043	932500
chr14	935000	940000	3.812046907838032	937500
chr14	940000	945000	4.658965922590395	942500
chr14	945000	950000	5.952124107477891	947500
chr14	950000	955000	5.127509482922524	952500
chr14	955000	960000	4.517600835419221	957500
chr14	960000	965000	4.75794546420556	962500
chr14	965000	970000	6.8132398251794575	967500
chr14	970000	975000	14.335615477110343	972500
chr14	975000	980000	5.241363928923687	977500
chr14	980000	985000	7.751390871693906	982500
chr14	985000	990000	7.0684041294780116	987500
chr14	990000	995000	5.856900554606217	992500
chr14	995000	1000000	6.625574900870122	997500
chr14	1000000	1005000	10.76268490859448	1002500
chr14	1005000	1010000	7.758578630947738	1007500
chr14	1010000	1015000	3.8368863080531415	1012500
chr14	1015000	1020000	5.512723522621205	1017500
chr14	1020000	1025000	5.518748471310839	1022500
chr14	1025000	1030000	11.90343478733768	1027500
chr14	1030000	1035000	6.192155672859157	1032500
chr14	1035000	1040000	12.611795291039826	1037500
chr14	1040000	1045000	18.607089779558866	1042500
chr14	1045000	1050000	14.282066882635265	1047500
chr14	1050000	1055000	14.05209657209176	1052500
chr14	1055000	1060000	13.598085395484764	1057500
chr14	1060000	1065000	23.375362794907133	1062500
chr14	1065000	1070000	22.309613050324295	1067500
chr14	1070000	1075000	14.518846759616071	1072500
chr14	1075000	1080000	13.548230338648041	1077500
chr14	1080000	1085000	11.9988288364591	1082500
chr14	1085000	1090000	44.04584086077059	1087500
chr14	1090000	1095000	23.67602021557005	1092500
chr14	1095000	1100000	28.136130502256574	1097500
chr14	1100000	1105000	23.77242594302112	1102500
chr14	1105000	1110000	35.9535659204491	1107500
chr14	1110000	1115000	18.64905202448856	1112500
chr14	1115000	1120000	24.362087974414543	1117500
chr14	1120000	1125000	18.478177453203596	1122500
chr14	1125000	1130000	7.395779192809101	1127500
chr14	1130000	1135000	5.624072509155845	1132500
chr14	1135000	1140000	4.723322524779193	1137500
chr14	1140000	1145000	5.547425443511844	1142500
chr14	1145000	1150000	4.5894477727741805	1147500
chr14	1150000	1155000	4.221082310693059	1152500
chr14	1155000	1160000	4.675411663294104	1157500
chr14	1160000	1165000	3.8795747174285613	1162500
chr14	1165000	1170000	5.783308762788983	1167500
chr14	1170000	1175000	4.3833579891326275	1172500
chr14	1175000	1180000	5.062865101122011	1177500
chr14	1180000	1185000	4.1865308741919005	1182500
chr14	1185000	1190000	10.714781426335048	1187500
chr14	1190000	1195000	10.412520509692744	1192500
chr14	1195000	1200000	6.84158517486335	1197500
chr14	1200000	1205000	6.350958515935834	1202500
chr14	1205000	1210000	9.991986448106445	1207500
chr14	1210000	1215000	7.470169170000727	1212500
chr14	1215000	1220000	7.7938895193411755	1217500
chr14	1220000	1225000	11.768054359132906	1222500
chr14	1225000	1230000	9.92800591516479	1227500
chr14	1230000	1235000	8.60067581589939	1232500
chr14	1235000	1240000	11.033407721712672	1237500
chr14	1240000	1245000	8.901429575374358	1242500
chr14	1245000	1250000	6.896823705186728	1247500
chr14	1250000	1255000	7.914390619117192	1252500
chr14	1255000	1260000	11.092744280672816	1257500
chr14	1260000	1265000	21.492057953202956	1262500
chr14	1265000	1270000	21.297054535004257	1267500
chr14	1270000	1275000	18.17247310663565	1272500
chr14	1275000	1280000	15.26019704953498	1277500
chr14	1280000	1285000	19.08568359222416	1282500
chr14	1285000	1290000	19.43641009500944	1287500
chr14	1290000	1295000	13.771933229036259	1292500
chr14	1295000	1300000	13.007775569623275	1297500
chr14	1300000	1305000	15.012642583337032	1302500
chr14	1305000	1310000	8.744559213753552	1307500
chr14	1310000	1315000	11.09268107022391	1312500
chr14	1315000	1320000	14.632825995242248	1317500
chr14	1320000	1325000	11.647994079242874	1322500
chr14	1325000	1330000	9.986441397030806	1327500
chr14	1330000	1335000	15.324260954722035	1332500
chr14	1335000	1340000	16.262255575900213	1337500
chr14	1340000	1345000	9.123466980769908	1342500
chr14	1345000	1350000	13.260182337496504	1347500
chr14	1350000	1355000	7.171639674560383	1352500
chr14	1355000	1360000	7.578483522849451	1357500
chr14	1360000	1365000	9.042526355350912	1362500
chr14	1365000	1370000	8.55586216334745	1367500
chr14	1370000	1375000	24.90753119022153	1372500
chr14	1375000	1380000	10.724548893343746	1377500
chr14	1380000	1385000	7.483935721080243	1382500
chr14	1385000	1390000	7.327062083847504	1387500
chr14	1390000	1395000	5.604361734083844	1392500
chr14	1395000	1400000	5.621854475771205	1397500
chr14	1400000	1405000	9.057509309831971	1402500
chr14	1405000	1410000	11.123045455958941	1407500
chr14	1410000	1415000	11.798560520516583	1412500
chr14	1415000	1420000	21.943442816501154	1417500
chr14	1420000	1425000	27.212331116999607	1422500
chr14	1425000	1430000	24.00067374504333	1427500
chr14	1430000	1435000	18.01772323199148	1432500
chr14	1435000	1440000	12.741011253305542	1437500
chr14	1440000	1445000	22.32725597475311	1442500
chr14	1445000	1450000	17.86777633366808	1447500
chr14	1450000	1455000	26.27841765217624	1452500
chr14	1455000	1460000	23.385644411385076	1457500
chr14	1460000	1465000	32.052811594700096	1462500
chr14	1465000	1470000	29.518032421668657	1467500
chr14	1470000	1475000	17.54177093759857	1472500
chr14	1475000	1480000	19.867176932164586	1477500
chr14	1480000	1485000	20.93959618797785	1482500
chr14	1485000	1490000	20.5209321578186	1487500
chr14	1490000	1495000	14.348979969779446	1492500
chr14	1495000	1500000	20.576671306933555	1497500
chr14	1500000	1505000	31.618160100816876	1502500
chr14	1505000	1510000	31.81715436233161	1507500
chr14	1510000	1515000	28.095935925223298	1512500
chr14	1515000	1520000	28.479723698299814	1517500
chr14	1520000	1525000	18.301782435186425	1522500
chr14	1525000	1530000	14.546364402645477	1527500
chr14	1530000	1535000	17.58867015867822	1532500
chr14	1535000	1540000	17.827898702177727	1537500
chr14	1540000	1545000	20.67099541717032	1542500
chr14	1545000	1550000	28.553404724251628	1547500
chr14	1550000	1555000	28.233522446321555	1552500
chr14	1555000	1560000	28.982782244302697	1557500
chr14	1560000	1565000	32.23308914137997	1562500
chr14	1565000	1570000	33.09969498138027	1567500
chr14	1570000	1575000	21.624080818910038	1572500
chr14	1575000	1580000	29.519589277321185	1577500
chr14	1580000	1585000	23.52796831344332	1582500
chr14	1585000	1590000	38.97111745623918	1587500
chr14	1590000	1595000	31.907062994651355	1592500
chr14	1595000	1600000	24.234788037082637	1597500
chr14	1600000	1605000	23.45378479201009	1602500
chr14	1605000	1610000	18.941030519025915	1607500
chr14	1610000	1615000	25.86750964836058	1612500
chr14	1615000	1620000	21.42544367042551	1617500
chr14	1620000	1625000	18.603891038431737	1622500
chr14	1625000	1630000	17.811349470833967	1627500
chr14	1630000	1635000	23.4873744194808	1632500
chr14	1635000	1640000	19.86857969521262	1637500
chr14	1640000	1645000	20.733896607555273	1642500
chr14	1645000	1650000	14.834718443408393	1647500
chr14	1650000	1655000	15.988218547768417	1652500
chr14	1655000	1660000	20.684540319702197	1657500
chr14	1660000	1665000	21.303683405188778	1662500
chr14	1665000	1670000	16.34693709525199	1667500
chr14	1670000	1675000	13.921297019842404	1672500
chr14	1675000	1680000	21.145920007249142	1677500
chr14	1680000	1685000	22.611243998095738	1682500
chr14	1685000	1690000	23.85068992001411	1687500
chr14	1690000	1695000	12.146242171418358	1692500
chr14	1695000	1700000	17.454419146582225	1697500
chr14	1700000	1705000	22.864870255110073	1702500
chr14	1705000	1710000	16.019819876336697	1707500
chr14	1710000	1715000	14.17198501599685	1712500
chr14	1715000	1720000	24.09345771318879	1717500
chr14	1720000	1725000	27.457237190210854	1722500
chr14	1725000	1730000	37.63700818862099	1727500
chr14	1730000	1735000	33.548256916290995	1732500
chr14	1735000	1740000	24.960536046670054	1737500
chr14	1740000	1745000	42.429307824767335	1742500
chr14	1745000	1750000	36.32808184677941	1747500
chr14	1750000	1755000	35.176326182585335	1752500
chr14	1755000	1760000	30.231790454696263	1757500
chr14	1760000	1765000	25.448082020563273	1762500
chr14	1765000	1770000	24.922263123632792	1767500
chr14	1770000	1775000	14.638857051766644	1772500
chr14	1775000	1780000	17.45089166334481	1777500
chr14	1780000	1785000	13.897903935982432	1782500
chr14	1785000	1790000	25.74231917099582	1787500
chr14	1790000	1795000	15.746785681809236	1792500
chr14	1795000	1800000	21.162078765029875	1797500
chr14	1800000	1805000	11.602847413886474	1802500
chr14	1805000	1810000	17.523900222493232	1807500
chr14	1810000	1815000	13.521457467061461	1812500
chr14	1815000	1820000	10.944864817995366	1817500
chr14	1820000	1825000	8.439981635046632	1822500
chr14	1825000	1830000	9.177319665793696	1827500
chr14	1830000	1835000	8.122278999138423	1832500
chr14	1835000	1840000	7.783617513391583	1837500
chr14	1840000	1845000	5.363344840638452	1842500
chr14	1845000	1850000	4.463996566626549	1847500
chr14	1850000	1855000	13.468918288012018	1852500
chr14	1855000	1860000	9.472558242196223	1857500
chr14	1860000	1865000	12.283227653247758	1862500
chr14	1865000	1870000	11.832533092292671	1867500
chr14	1870000	1875000	11.633625877555007	1872500
chr14	1875000	1880000	24.771952203520556	1877500
chr14	1880000	1885000	35.58431407281035	1882500
chr14	1885000	1890000	22.093365228664677	1887500
chr14	1890000	1895000	23.531432156997283	1892500
chr14	1895000	1900000	17.81444628944569	1897500
chr14	1900000	1905000	16.02371672946165	1902500
chr14	1905000	1910000	18.268348281424313	1907500
chr14	1910000	1915000	18.680793801347498	1912500
chr14	1915000	1920000	20.76429053224944	1917500
chr14	1920000	1925000	18.707662049737603	1922500
chr14	1925000	1930000	17.83587635826366	1927500
chr14	1930000	1935000	27.908938566437797	1932500
chr14	1935000	1940000	19.428574391283476	1937500
chr14	1940000	1945000	21.093454251994114	1942500
chr14	1945000	1950000	21.351871133076614	1947500
chr14	1950000	1955000	34.487484204706114	1952500
chr14	1955000	1960000	27.61833810086517	1957500
chr14	1960000	1965000	27.066695664805103	1962500
chr14	1965000	1970000	37.52561101827407	1967500
chr14	1970000	1975000	45.906237733523625	1972500
chr14	1975000	1980000	35.01739238003064	1977500
chr14	1980000	1985000	32.714246786476274	1982500
chr14	1985000	1990000	21.963221577079608	1987500
chr14	1990000	1995000	15.62076741929469	1992500
chr14	1995000	2000000	14.505396323663218	1997500
chr14	2000000	2005000	8.21411599248358	2002500
chr14	2005000	2010000	9.837621366087074	2007500
chr14	2010000	2015000	15.786280957328811	2012500
chr14	2015000	2020000	19.049544641565802	2017500
chr14	2020000	2025000	13.791816431076668	2022500
chr14	2025000	2030000	22.623388097095813	2027500
chr14	2030000	2035000	34.610936208951024	2032500
chr14	2035000	2040000	30.392365860755945	2037500
chr14	2040000	2045000	22.82078111473694	2042500
chr14	2045000	2050000	39.609785311440625	2047500
chr14	2050000	2055000	39.52491853062826	2052500
chr14	2055000	2060000	27.509834552061434	2057500
chr14	2060000	2065000	26.093216278179547	2062500
chr14	2065000	2070000	21.93887215400595	2067500
chr14	2070000	2075000	20.091247313977348	2072500
chr14	2075000	2080000	21.551374321307314	2077500
chr14	2080000	2085000	17.677044509103887	2082500
chr14	2085000	2090000	11.55007960303987	2087500
chr14	2090000	2095000	9.923114818341533	2092500
chr14	2095000	2100000	9.065463686692738	2097500
chr14	2100000	2105000	5.9282822407196445	2102500
chr14	2105000	2110000	3.115853703043764	2107500
chr14	2110000	2115000	2.9267630618385376	2112500
chr14	2115000	2120000	1.9998981473322819	2117500
chr14	2120000	2125000	3.634673929893691	2122500
chr14	2125000	2130000	16.653942277307717	2127500
chr14	2130000	2135000	61.36587929940096	2132500
chr14	2135000	2140000	25.90127374779426	2137500
chr14	2140000	2145000	28.301469285516607	2142500
chr14	2145000	2150000	17.851467527126815	2147500
chr14	2150000	2155000	40.931669277750196	2152500
chr14	2155000	2160000	80.10678069106548	2157500
chr14	2160000	2165000	58.45115623978781	2162500
chr14	2165000	2170000	47.02542286567288	2167500
chr14	2170000	2175000	15.923007189099579	2172500
chr14	2175000	2180000	25.23416822776211	2177500
chr14	2180000	2185000	37.54213297517373	2182500
chr14	2185000	2190000	15.268666368976548	2187500
chr14	2190000	2195000	37.50677954722244	2192500
chr14	2195000	2200000	3.302264714176681	2197500
chr14	2200000	2205000	10.287143750997869	2202500
chr14	2205000	2210000	51.710407917650876	2207500
chr14	2210000	2215000	32.55719566557309	2212500
chr14	2215000	2220000	50.55932464480014	2217500
chr14	2220000	2225000	48.66244848221577	2222500
chr14	2225000	2230000	30.613699857795503	2227500
chr14	2230000	2235000	39.179414552094336	2232500
chr14	2235000	2240000	35.32712782365389	2237500
chr14	2240000	2245000	15.950845381452556	2242500
chr14	2245000	2250000	47.092927237687434	2247500
chr14	2250000	2255000	33.07591736262014	2252500
chr14	2255000	2260000	25.184002861039556	2257500
chr14	2260000	2265000	31.7762588922756	2262500
chr14	2265000	2270000	23.52048304490294	2267500
chr14	2270000	2275000	19.17890093904644	2272500
chr14	2275000	2280000	68.19252659957803	2277500
chr14	2280000	2285000	2.448611848838617	2282500
chr14	2285000	2290000	27.79752108966438	2287500
chr14	2290000	2295000	55.9412283756432	2292500
chr14	2295000	2300000	52.78260086644437	2297500
chr14	2300000	2305000	44.42799515103698	2302500
chr14	2305000	2310000	12.538663636493428	2307500
chr14	2310000	2315000	39.644912428012844	2312500
chr14	2315000	2320000	25.021543593638768	2317500
chr14	2320000	2325000	10.946545867194702	2322500
chr14	2325000	2330000	21.783159127828636	2327500
chr14	2330000	2335000	27.707713746756333	2332500
chr14	2335000	2340000	19.160515256121425	2337500
chr14	2340000	2345000	36.207191021973394	2342500
chr14	2345000	2350000	1.5155976940549254	2347500
chr14	2350000	2355000	15.851403822981833	2352500
chr14	2355000	2360000	20.237148762638522	2357500
chr14	2360000	2365000	54.24744107526229	2362500
chr14	2365000	2370000	20.283481892293405	2367500
chr14	2370000	2375000	8.060708024709712	2372500
chr14	2375000	2380000	10.296255965651238	2377500
chr14	2380000	2385000	11.723660963835963	2382500
chr14	2385000	2390000	14.267399003103844	2387500
chr14	2390000	2395000	6.61791446924213	2392500
chr14	2395000	2400000	9.798283051419867	2397500
chr14	2400000	2405000	2.8298327351730386	2402500
chr14	2405000	2410000	3.5862985587682235	2407500
chr14	2410000	2415000	4.039306730858574	2412500
chr14	2415000	2420000	4.721776306494992	2417500
chr14	2420000	2425000	3.94533358847262	2422500
chr14	2425000	2430000	8.067844178523396	2427500
chr14	2430000	2435000	6.901797008088815	2432500
chr14	2435000	2440000	12.111616850236222	2437500
chr14	2440000	2445000	7.6249056300096205	2442500
chr14	2445000	2450000	11.18462611613157	2447500
chr14	2450000	2455000	14.291542974630683	2452500
chr14	2455000	2460000	9.465417065735089	2457500
chr14	2460000	2465000	8.076533613490902	2462500
chr14	2465000	2470000	11.512395573722497	2467500
chr14	2470000	2475000	8.011081996210303	2472500
chr14	2475000	2480000	8.626613903435361	2477500
chr14	2480000	2485000	11.278143474404805	2482500
chr14	2485000	2490000	11.240840567046973	2487500
chr14	2490000	2495000	17.152885464341722	2492500
chr14	2495000	2500000	6.503127855822267	2497500
chr14	2500000	2505000	8.048334682347175	2502500
chr14	2505000	2510000	7.874365408526105	2507500
chr14	2510000	2515000	6.495581591871445	2512500
chr14	2515000	2520000	12.01255464243051	2517500
chr14	2520000	2525000	7.848731467342541	2522500
chr14	2525000	2530000	7.2583139061184765	2527500
chr14	2530000	2535000	2.694658487471607	2532500
chr14	2535000	2540000	5.052268890225243	2537500
chr14	2540000	2545000	18.80330091920802	2542500
chr14	2545000	2550000	10.807149722262242	2547500
chr14	2550000	2555000	9.44405241776782	2552500
chr14	2555000	2560000	5.244401934613604	2557500
chr14	2560000	2565000	1.7118013431139858	2562500
chr14	2565000	2570000	12.443315354101124	2567500
chr14	2570000	2575000	10.473752361938	2572500
chr14	2575000	2580000	7.101494446278202	2577500
chr14	2580000	2585000	27.29713179663808	2582500
chr14	2585000	2590000	13.545612049150598	2587500
chr14	2590000	2595000	12.403061754352965	2592500
chr14	2595000	2600000	8.62795926931051	2597500
chr14	2600000	2605000	6.382544018018912	2602500
chr14	2605000	2610000	6.274591441910447	2607500
chr14	2610000	2615000	2.372787894994596	2612500
chr14	2615000	2620000	2.372787894994596	2617500
chr14	2620000	2625000	2.372787894994596	2622500
chr14	2625000	2630000	17.929489139377473	2627500
chr14	2630000	2635000	33.49675453736812	2632500
chr14	2635000	2640000	10.31693368439142	2637500
chr14	2640000	2645000	24.448433821853182	2642500
chr14	2645000	2650000	52.64390119729549	2647500
chr14	2650000	2655000	58.1308652163421	2652500
chr14	2655000	2660000	7.25665929426161	2657500
chr14	2660000	2665000	7.25665929426164	2662500
chr14	2665000	2670000	18.177006968979924	2667500
chr14	2670000	2675000	22.624272910704494	2672500
chr14	2675000	2680000	11.439948735311324	2677500
chr14	2680000	2685000	7.962012157219797	2682500
chr14	2685000	2690000	9.833516501479354	2687500
chr14	2690000	2695000	11.963411784043641	2692500
chr14	2695000	2700000	8.912894240815062	2697500
chr14	2700000	2705000	2.3640706894836216	2702500
chr14	2705000	2710000	1.8128043649364085	2707500
chr14	2710000	2715000	1.8481462398205406	2712500
chr14	2715000	2720000	1.903683471781319	2717500
chr14	2720000	2725000	8.557834703934542	2722500
chr14	2725000	2730000	11.410651005423386	2727500
chr14	2730000	2735000	13.282673375927407	2732500
chr14	2735000	2740000	25.139314851569303	2737500
chr14	2740000	2745000	24.826935962047973	2742500
chr14	2745000	2750000	21.117420138659362	2747500
chr14	2750000	2755000	25.401798234945964	2752500
chr14	2755000	2760000	14.534322254481587	2757500
chr14	2760000	2765000	12.165933370375072	2762500
chr14	2765000	2770000	20.980231959210677	2767500
chr14	2770000	2775000	19.52465613292226	2772500
chr14	2775000	2780000	4.070575303072208	2777500
chr14	2780000	2785000	15.044729524577281	2782500
chr14	2785000	2790000	13.27211546675894	2787500
chr14	2790000	2795000	14.58061901937038	2792500
chr14	2795000	2800000	14.126138392175898	2797500
chr14	2800000	2805000	9.9355728267812	2802500
chr14	2805000	2810000	1.31864938169381	2807500
chr14	2810000	2815000	1.4128447236674602	2812500
chr14	2815000	2820000	3.8933830313567066	2817500
chr14	2820000	2825000	25.186508840606912	2822500
chr14	2825000	2830000	17.600196487296575	2827500
chr14	2830000	2835000	13.198960645067887	2832500
chr14	2835000	2840000	24.0307921445758	2837500
chr14	2840000	2845000	23.74862311079692	2842500
chr14	2845000	2850000	13.89302816062831	2847500
chr14	2850000	2855000	8.236349843402932	2852500
chr14	2855000	2860000	12.271805819027518	2857500
chr14	2860000	2865000	11.319627418562517	2862500
chr14	2865000	2870000	7.029713519174417	2867500
chr14	2870000	2875000	5.063651198049966	2872500
chr14	2875000	2880000	18.83358434497757	2877500
chr14	2880000	2885000	7.8237915539226774	2882500
chr14	2885000	2890000	5.519400746762957	2887500
chr14	2890000	2895000	18.361503828409997	2892500
chr14	2895000	2900000	12.073209475731955	2897500
chr14	2900000	2905000	16.074499369854333	2902500
chr14	2905000	2910000	11.102736483899685	2907500
chr14	2910000	2915000	8.81393641075332	2912500
chr14	2915000	2920000	6.822500064936965	2917500
chr14	2920000	2925000	5.748234474137174	2922500
chr14	2925000	2930000	9.70686526939852	2927500
chr14	2930000	2935000	9.44860415779156	2932500
chr14	2935000	2940000	6.3396843008945005	2937500
chr14	2940000	2945000	12.09094965330499	2942500
chr14	2945000	2950000	10.746198331769953	2947500
chr14	2950000	2955000	12.809664610620654	2952500
chr14	2955000	2960000	15.0102870490596	2957500
chr14	2960000	2965000	9.83777476724272	2962500
chr14	2965000	2970000	13.860557954951807	2967500
chr14	2970000	2975000	14.917113594110488	2972500
chr14	2975000	2980000	13.471479244327925	2977500
chr14	2980000	2985000	10.573202227221076	2982500
chr14	2985000	2990000	8.465236942895274	2987500
chr14	2990000	2995000	15.37933335112502	2992500
chr14	2995000	3000000	14.747189686254957	2997500
chr14	3000000	3005000	19.02104384934773	3002500
chr14	3005000	3010000	15.422446760606627	3007500
chr14	3010000	3015000	14.646520726722123	3012500
chr14	3015000	3020000	27.979692257961418	3017500
chr14	3020000	3025000	21.904800069913748	3022500
chr14	3025000	3030000	22.238035731819796	3027500
chr14	3030000	3035000	21.981777029840213	3032500
chr14	3035000	3040000	17.916134032178743	3037500
chr14	3040000	3045000	14.933574400677148	3042500
chr14	3045000	3050000	15.66499049436269	3047500
chr14	3050000	3055000	16.41849003085351	3052500
chr14	3055000	3060000	20.719178905601986	3057500
chr14	3060000	3065000	34.48340510014388	3062500
chr14	3065000	3070000	17.076059596012197	3067500
chr14	3070000	3075000	24.793328324912853	3072500
chr14	3075000	3080000	18.828841551838018	3077500
chr14	3080000	3085000	45.254707189422255	3082500
chr14	3085000	3090000	28.986919690363894	3087500
chr14	3090000	3095000	35.79754419694433	3092500
chr14	3095000	3100000	50.323179574979264	3097500
chr14	3100000	3105000	24.842551010719	3102500
chr14	3105000	3110000	20.766317972971528	3107500
chr14	3110000	3115000	12.756067156180864	3112500
chr14	3115000	3120000	23.456794213631458	3117500
chr14	3120000	3125000	32.014455025082086	3122500
chr14	3125000	3130000	20.402424317449867	3127500
chr14	3130000	3135000	26.484524888091734	3132500
chr14	3135000	3140000	28.68746477769995	3137500
chr14	3140000	3145000	29.25889421577471	3142500
chr14	3145000	3150000	35.39502641437623	3147500
chr14	3150000	3155000	42.13834629063566	3152500
chr14	3155000	3160000	63.9646046639612	3157500
chr14	3160000	3165000	60.34614169816455	3162500
chr14	3165000	3170000	44.81335173989733	3167500
chr14	3170000	3175000	40.30423392261794	3172500
chr14	3175000	3180000	32.82109855023042	3177500
chr14	3180000	3185000	30.111280672102886	3182500
chr14	3185000	3190000	41.50391867270508	3187500
chr14	3190000	3195000	21.551685600967286	3192500
chr14	3195000	3200000	3.6934880613750165	3197500
chr14	3200000	3205000	6.190409063312959	3202500
chr14	3205000	3210000	19.811415555847358	3207500
chr14	3210000	3215000	25.386871397423196	3212500
chr14	3215000	3220000	25.387407213980712	3217500
chr14	3220000	3225000	25.3906221133258	3222500
chr14	3225000	3230000	23.12599581717149	3227500
chr14	3230000	3235000	22.186705638403343	3232500
chr14	3235000	3240000	26.296542588574088	3237500
chr14	3240000	3245000	11.910509119594002	3242500
chr14	3245000	3250000	12.376365071286585	3247500
chr14	3250000	3255000	22.971499238646476	3252500
chr14	3255000	3260000	27.623550337523007	3257500
chr14	3260000	3265000	53.22711184627889	3262500
chr14	3265000	3270000	33.25645512723924	3267500
chr14	3270000	3275000	27.697323546621618	3272500
chr14	3275000	3280000	24.801698507106078	3277500
chr14	3280000	3285000	47.916476092945906	3282500
chr14	3285000	3290000	26.662167767427253	3287500
chr14	3290000	3295000	17.66910366345719	3292500
chr14	3295000	3300000	26.521380478333047	3297500
chr14	3300000	3305000	29.08137768744676	3302500
chr14	3305000	3310000	25.42163767412379	3307500
chr14	3310000	3315000	25.489400160302118	3312500
chr14	3315000	3320000	37.76978088481476	3317500
chr14	3320000	3325000	23.376316219480945	3322500
chr14	3325000	3330000	29.25584464191788	3327500
chr14	3330000	3335000	39.96842410778282	3332500
chr14	3335000	3340000	29.577157167506456	3337500
chr14	3340000	3345000	31.32608068602635	3342500
chr14	3345000	3350000	19.484638856059366	3347500
chr14	3350000	3355000	15.777386965308265	3352500
chr14	3355000	3360000	29.050108304379645	3357500
chr14	3360000	3365000	20.142481796832918	3362500
chr14	3365000	3370000	14.917328764058938	3367500
chr14	3370000	3375000	11.255335365638574	3372500
chr14	3375000	3380000	14.38162762134181	3377500
chr14	3380000	3385000	15.627598313421567	3382500
chr14	3385000	3390000	12.889261402916778	3387500
chr14	3390000	3395000	32.36435427401895	3392500
chr14	3395000	3400000	21.23490893968898	3397500
chr14	3400000	3405000	25.96162991009983	3402500
chr14	3405000	3410000	23.09715083754074	3407500
chr14	3410000	3415000	35.605238479613945	3412500
chr14	3415000	3420000	23.289180711953858	3417500
chr14	3420000	3425000	17.534007072555113	3422500
chr14	3425000	3430000	21.358677304958334	3427500
chr14	3430000	3435000	14.810404502149568	3432500
chr14	3435000	3440000	18.033577645548437	3437500
chr14	3440000	3445000	24.21929049642568	3442500
chr14	3445000	3450000	23.905551831685123	3447500
chr14	3450000	3455000	36.41515483727722	3452500
chr14	3455000	3460000	19.068338567617122	3457500
chr14	3460000	3465000	25.312238465717346	3462500
chr14	3465000	3470000	25.35332752568087	3467500
chr14	3470000	3475000	17.39226274456369	3472500
chr14	3475000	3480000	18.443472607135632	3477500
chr14	3480000	3485000	21.484624213243677	3482500
chr14	3485000	3490000	20.544401548802234	3487500
chr14	3490000	3495000	24.969307210087518	3492500
chr14	3495000	3500000	27.829711883094685	3497500
chr14	3500000	3505000	26.06677681179725	3502500
chr14	3505000	3510000	40.896116723858704	3507500
chr14	3510000	3515000	37.59794059479401	3512500
chr14	3515000	3520000	38.830053682863856	3517500
chr14	3520000	3525000	43.98542869000246	3522500
chr14	3525000	3530000	42.53347679627602	3527500
chr14	3530000	3535000	37.48886376632171	3532500
chr14	3535000	3540000	45.44475414945777	3537500
chr14	3540000	3545000	39.83883477748918	3542500
chr14	3545000	3550000	44.843827290699025	3547500
chr14	3550000	3555000	50.988797504552885	3552500
chr14	3555000	3560000	36.405228447864346	3557500
chr14	3560000	3565000	24.786596502881793	3562500
chr14	3565000	3570000	32.82486461585452	3567500
chr14	3570000	3575000	33.05433264856942	3572500
chr14	3575000	3580000	26.51335676240554	3577500
chr14	3580000	3585000	20.471654619025017	3582500
chr14	3585000	3590000	18.51796931033709	3587500
chr14	3590000	3595000	6.5909674833702505	3592500
chr14	3595000	3600000	11.613088905088787	3597500
chr14	3600000	3605000	16.45611211480959	3602500
chr14	3605000	3610000	17.73440137249798	3607500
chr14	3610000	3615000	26.697124558503578	3612500
chr14	3615000	3620000	32.80820044796736	3617500
chr14	3620000	3625000	29.66730176736962	3622500
chr14	3625000	3630000	31.643396819200955	3627500
chr14	3630000	3635000	20.935301676852532	3632500
chr14	3635000	3640000	32.62575748690864	3637500
chr14	3640000	3645000	34.63346596764571	3642500
chr14	3645000	3650000	25.417625940140596	3647500
chr14	3650000	3655000	38.25524501824407	3652500
chr14	3655000	3660000	29.923446186378836	3657500
chr14	3660000	3665000	16.926490111459874	3662500
chr14	3665000	3670000	9.503065929767416	3667500
chr14	3670000	3675000	9.313234884732683	3672500
chr14	3675000	3680000	9.398957201225098	3677500
chr14	3680000	3685000	11.16732584178987	3682500
chr14	3685000	3690000	10.493901249844795	3687500
chr14	3690000	3695000	9.045042028677225	3692500
chr14	3695000	3700000	12.131308089359344	3697500
chr14	3700000	3705000	15.590344365593005	3702500
chr14	3705000	3710000	20.15081952595474	3707500
chr14	3710000	3715000	12.785519206583139	3712500
chr14	3715000	3720000	12.885631230102302	3717500
chr14	3720000	3725000	32.91700134315757	3722500
chr14	3725000	3730000	19.24021694625951	3727500
chr14	3730000	3735000	17.801187406092502	3732500
chr14	3735000	3740000	10.07016153010574	3737500
chr14	3740000	3745000	19.511209285247087	3742500
chr14	3745000	3750000	21.428994327082073	3747500
chr14	3750000	3755000	14.517162906745884	3752500
chr14	3755000	3760000	8.225437954058332	3757500
chr14	3760000	3765000	7.709201398023706	3762500
chr14	3765000	3770000	7.346537278518006	3767500
chr14	3770000	3775000	8.010230612347115	3772500
chr14	3775000	3780000	4.6339783346741115	3777500
chr14	3780000	3785000	9.03178969403845	3782500
chr14	3785000	3790000	9.160863991100966	3787500
chr14	3790000	3795000	3.8105600710411944	3792500
chr14	3795000	3800000	5.353921797305347	3797500
chr14	3800000	3805000	4.289881671572718	3802500
chr14	3805000	3810000	4.070129804208986	3807500
chr14	3810000	3815000	6.524936527627634	3812500
chr14	3815000	3820000	3.573379750819147	3817500
chr14	3820000	3825000	4.760325937172718	3822500
chr14	3825000	3830000	3.9744874992318797	3827500
chr14	3830000	3835000	6.6663080226085585	3832500
chr14	3835000	3840000	17.674434987773218	3837500
chr14	3840000	3845000	6.423835432595892	3842500
chr14	3845000	3850000	4.477543729171145	3847500
chr14	3850000	3855000	4.416531347819055	3852500
chr14	3855000	3860000	7.199275250250043	3857500
chr14	3860000	3865000	18.007991199662897	3862500
chr14	3865000	3870000	14.977593744584416	3867500
chr14	3870000	3875000	20.691181413628044	3872500
chr14	3875000	3880000	17.007230111263343	3877500
chr14	3880000	3885000	13.564684697391032	3882500
chr14	3885000	3890000	17.326642590389646	3887500
chr14	3890000	3895000	14.051385252413663	3892500
chr14	3895000	3900000	14.19916301592787	3897500
chr14	3900000	3905000	22.754417320103638	3902500
chr14	3905000	3910000	22.086342376439696	3907500
chr14	3910000	3915000	17.237216007784685	3912500
chr14	3915000	3920000	16.775362579059088	3917500
chr14	3920000	3925000	16.08722128148288	3922500
chr14	3925000	3930000	9.60126269121256	3927500
chr14	3930000	3935000	19.957793207735765	3932500
chr14	3935000	3940000	25.440139458995862	3937500
chr14	3940000	3945000	14.468222566107988	3942500
chr14	3945000	3950000	23.993809203191592	3947500
chr14	3950000	3955000	21.978368814856076	3952500
chr14	3955000	3960000	23.69746374517193	3957500
chr14	3960000	3965000	17.403307111339508	3962500
chr14	3965000	3970000	12.33686791340208	3967500
chr14	3970000	3975000	20.163290765158237	3972500
chr14	3975000	3980000	24.385631023403135	3977500
chr14	3980000	3985000	15.770530176495729	3982500
chr14	3985000	3990000	11.998760088119385	3987500
chr14	3990000	3995000	11.843268068545482	3992500
chr14	3995000	4000000	16.673992773408045	3997500
chr14	4000000	4005000	21.238350724598572	4002500
chr14	4005000	4010000	19.121514021138317	4007500
chr14	4010000	4015000	18.186194078754692	4012500
chr14	4015000	4020000	17.73102673098423	4017500
chr14	4020000	4025000	27.554679126051596	4022500
chr14	4025000	4030000	21.974754503506478	4027500
chr14	4030000	4035000	9.708658287972442	4032500
chr14	4035000	4040000	9.625168374688949	4037500
chr14	4040000	4045000	8.270790279533024	4042500
chr14	4045000	4050000	7.7529672974281345	4047500
chr14	4050000	4055000	6.742067301981984	4052500
chr14	4055000	4060000	29.870044261194685	4057500
chr14	4060000	4065000	15.983520969158633	4062500
chr14	4065000	4070000	10.811377192801478	4067500
chr14	4070000	4075000	7.973769246604223	4072500
chr14	4075000	4080000	11.81878695602374	4077500
chr14	4080000	4085000	12.060775367412928	4082500
chr14	4085000	4090000	16.942756642218956	4087500
chr14	4090000	4095000	21.787639333640616	4092500
chr14	4095000	4100000	21.60887238194195	4097500
chr14	4100000	4105000	19.26538915296307	4102500
chr14	4105000	4110000	25.20729632493989	4107500
chr14	4110000	4115000	48.71332736654081	4112500
chr14	4115000	4120000	20.508526206409545	4117500
chr14	4120000	4125000	24.603868719110366	4122500
chr14	4125000	4130000	21.877135899861425	4127500
chr14	4130000	4135000	15.070050245139788	4132500
chr14	4135000	4140000	18.10708446850249	4137500
chr14	4140000	4145000	18.98922509245752	4142500
chr14	4145000	4150000	13.614888622907252	4147500
chr14	4150000	4155000	12.477912169199254	4152500
chr14	4155000	4160000	19.008697728484087	4157500
chr14	4160000	4165000	20.263146750221523	4162500
chr14	4165000	4170000	27.34361297318962	4167500
chr14	4170000	4175000	19.59812906140706	4172500
chr14	4175000	4180000	19.874039201556307	4177500
chr14	4180000	4185000	32.91468728309418	4182500
chr14	4185000	4190000	25.773033843347005	4187500
chr14	4190000	4195000	25.12648872996108	4192500
chr14	4195000	4200000	21.058938268611385	4197500
chr14	4200000	4205000	23.423913308355857	4202500
chr14	4205000	4210000	27.701364108756085	4207500
chr14	4210000	4215000	22.31883814324759	4212500
chr14	4215000	4220000	23.423251044338354	4217500
chr14	4220000	4225000	21.448571794758376	4222500
chr14	4225000	4230000	25.08730126411827	4227500
chr14	4230000	4235000	23.446717429276468	4232500
chr14	4235000	4240000	21.838192927871543	4237500
chr14	4240000	4245000	20.618563450986244	4242500
chr14	4245000	4250000	23.173158164245688	4247500
chr14	4250000	4255000	23.761227244067143	4252500
chr14	4255000	4260000	19.93464147467571	4257500
chr14	4260000	4265000	18.812147121095784	4262500
chr14	4265000	4270000	21.09881440827398	4267500
chr14	4270000	4275000	24.462618237519987	4272500
chr14	4275000	4280000	17.000211571775385	4277500
chr14	4280000	4285000	33.89686439875017	4282500
chr14	4285000	4290000	26.134119952013556	4287500
chr14	4290000	4295000	18.39181146621047	4292500
chr14	4295000	4300000	14.552614917005622	4297500
chr14	4300000	4305000	17.330999176627085	4302500
chr14	4305000	4310000	32.86441135046504	4307500
chr14	4310000	4315000	21.75079000987604	4312500
chr14	4315000	4320000	15.033725723654237	4317500
chr14	4320000	4325000	13.30901454973177	4322500
chr14	4325000	4330000	17.436229600794707	4327500
chr14	4330000	4335000	17.18533987142111	4332500
chr14	4335000	4340000	13.981961282183283	4337500
chr14	4340000	4345000	20.95394643173026	4342500
chr14	4345000	4350000	26.983983525377628	4347500
chr14	4350000	4355000	17.618417229598037	4352500
chr14	4355000	4360000	14.580700580265276	4357500
chr14	4360000	4365000	16.653574556252437	4362500
chr14	4365000	4370000	13.184682566141904	4367500
chr14	4370000	4375000	13.542757661819307	4372500
chr14	4375000	4380000	12.709168357035512	4377500
chr14	4380000	4385000	6.854666351420823	4382500
chr14	4385000	4390000	10.386329131370818	4387500
chr14	4390000	4395000	12.077174245885281	4392500
chr14	4395000	4400000	11.710069969827723	4397500
chr14	4400000	4405000	13.098148128037154	4402500
chr14	4405000	4410000	14.518851827503964	4407500
chr14	4410000	4415000	14.742361611723467	4412500
chr14	4415000	4420000	16.45597062548613	4417500
chr14	4420000	4425000	14.85207012784323	4422500
chr14	4425000	4430000	22.41352563308662	4427500
chr14	4430000	4435000	14.279260706623443	4432500
chr14	4435000	4440000	17.3485553215612	4437500
chr14	4440000	4445000	14.123434865319126	4442500
chr14	4445000	4450000	16.642339717645672	4447500
chr14	4450000	4455000	15.059644142197914	4452500
chr14	4455000	4460000	14.698495785256387	4457500
chr14	4460000	4465000	17.280655142422518	4462500
chr14	4465000	4470000	18.620441586694955	4467500
chr14	4470000	4475000	13.183378369839277	4472500
chr14	4475000	4480000	15.104083064630492	4477500
chr14	4480000	4485000	14.659226729021048	4482500
chr14	4485000	4490000	14.25168731169013	4487500
chr14	4490000	4495000	15.64045930969416	4492500
chr14	4495000	4500000	12.302551697877163	4497500
chr14	4500000	4505000	9.825644469327658	4502500
chr14	4505000	4510000	8.093832969653532	4507500
chr14	4510000	4515000	13.514696756271293	4512500
chr14	4515000	4520000	12.613995549926027	4517500
chr14	4520000	4525000	16.606277892137644	4522500
chr14	4525000	4530000	24.885014133926806	4527500
chr14	4530000	4535000	19.92822995344709	4532500
chr14	4535000	4540000	20.530856814251337	4537500
chr14	4540000	4545000	19.8657958945888	4542500
chr14	4545000	4550000	18.075942790742076	4547500
chr14	4550000	4555000	20.28222209010612	4552500
chr14	4555000	4560000	12.855877525698196	4557500
chr14	4560000	4565000	14.696345093964778	4562500
chr14	4565000	4570000	13.71384030111694	4567500
chr14	4570000	4575000	11.07532773643181	4572500
chr14	4575000	4580000	10.2545351981847	4577500
chr14	4580000	4585000	15.13657434463516	4582500
chr14	4585000	4590000	11.465947136188623	4587500
chr14	4590000	4595000	26.365324834589007	4592500
chr14	4595000	4600000	10.173474835765944	4597500
chr14	4600000	4605000	10.630241430230093	4602500
chr14	4605000	4610000	10.658150494346886	4607500
chr14	4610000	4615000	13.816454603324388	4612500
chr14	4615000	4620000	23.34809605524816	4617500
chr14	4620000	4625000	32.82933342188616	4622500
chr14	4625000	4630000	69.04455209658931	4627500
chr14	4630000	4635000	40.32336586766929	4632500
chr14	4635000	4640000	25.83490730427868	4637500
chr14	4640000	4645000	20.056056083975253	4642500
chr14	4645000	4650000	24.955237524499303	4647500
chr14	4650000	4655000	23.19039493424355	4652500
chr14	4655000	4660000	25.884609086854265	4657500
chr14	4660000	4665000	19.626460854401103	4662500
chr14	4665000	4670000	17.114648412201454	4667500
chr14	4670000	4675000	15.177559990237413	4672500
chr14	4675000	4680000	13.228122923297228	4677500
chr14	4680000	4685000	10.167785669127388	4682500
chr14	4685000	4690000	10.604304075261114	4687500
chr14	4690000	4695000	36.62022172637918	4692500
chr14	4695000	4700000	13.269670641936134	4697500
chr14	4700000	4705000	17.784264380241805	4702500
chr14	4705000	4710000	17.658776738552156	4707500
chr14	4710000	4715000	14.782139373991221	4712500
chr14	4715000	4720000	15.0710408255884	4717500
chr14	4720000	4725000	13.838445020165189	4722500
chr14	4725000	4730000	11.923105247671893	4727500
chr14	4730000	4735000	15.579000794560283	4732500
chr14	4735000	4740000	14.80653093712122	4737500
chr14	4740000	4745000	31.147482541285193	4742500
chr14	4745000	4750000	8.675392925309328	4747500
chr14	4750000	4755000	13.961500057978155	4752500
chr14	4755000	4760000	26.621829524327005	4757500
chr14	4760000	4765000	34.00750659959636	4762500
chr14	4765000	4770000	23.725580642932584	4767500
chr14	4770000	4775000	9.586918118631655	4772500
chr14	4775000	4780000	5.042381277399839	4777500
chr14	4780000	4785000	5.948205010742154	4782500
chr14	4785000	4790000	3.347487500197787	4787500
chr14	4790000	4795000	8.318134318829111	4792500
chr14	4795000	4800000	5.612956773019073	4797500
chr14	4800000	4805000	5.396432325417522	4802500
chr14	4805000	4810000	4.854723958226839	4807500
chr14	4810000	4815000	6.5721211546101515	4812500
chr14	4815000	4820000	8.967390072012991	4817500
chr14	4820000	4825000	16.501071260491717	4822500
chr14	4825000	4830000	11.810846423656518	4827500
chr14	4830000	4835000	9.61817780946114	4832500
chr14	4835000	4840000	7.438582009769296	4837500
chr14	4840000	4845000	7.378806620622748	4842500
chr14	4845000	4850000	15.163668110730676	4847500
chr14	4850000	4855000	10.483849523651736	4852500
chr14	4855000	4860000	8.706508104166891	4857500
chr14	4860000	4865000	4.236154210935342	4862500
chr14	4865000	4870000	4.400276223363974	4867500
chr14	4870000	4875000	5.522695750110611	4872500
chr14	4875000	4880000	8.101670846167137	4877500
chr14	4880000	4885000	7.425015062463266	4882500
chr14	4885000	4890000	8.157029304305778	4887500
chr14	4890000	4895000	21.681641807672293	4892500
chr14	4895000	4900000	39.37165611839534	4897500
chr14	4900000	4905000	11.949000219729822	4902500
chr14	4905000	4910000	10.060878710977716	4907500
chr14	4910000	4915000	13.399245518031046	4912500
chr14	4915000	4920000	9.830397026996069	4917500
chr14	4920000	4925000	12.720245077605666	4922500
chr14	4925000	4930000	14.901662061078403	4927500
chr14	4930000	4935000	17.17757190686251	4932500
chr14	4935000	4940000	25.78394145423477	4937500
chr14	4940000	4945000	23.122128818378208	4942500
chr14	4945000	4950000	15.006335326588887	4947500
chr14	4950000	4955000	17.223206091934987	4952500
chr14	4955000	4960000	20.877816434253333	4957500
chr14	4960000	4965000	22.43366692060125	4962500
chr14	4965000	4970000	32.91400142259324	4967500
chr14	4970000	4975000	25.29799830902196	4972500
chr14	4975000	4980000	23.758761830658393	4977500
chr14	4980000	4985000	20.55381328397547	4982500
chr14	4985000	4990000	17.14376177172335	4987500
chr14	4990000	4995000	14.757085417921482	4992500
chr14	4995000	5000000	17.105182182349246	4997500
chr14	5000000	5005000	18.04357788614909	5002500
chr14	5005000	5010000	12.240743095443253	5007500
chr14	5010000	5015000	15.892018839054032	5012500
chr14	5015000	5020000	16.63691900386947	5017500
chr14	5020000	5025000	16.70361903857408	5022500
chr14	5025000	5030000	20.009778065831686	5027500
chr14	5030000	5035000	19.86156287096122	5032500
chr14	5035000	5040000	19.64528736480935	5037500
chr14	5040000	5045000	20.616528091616082	5042500
chr14	5045000	5050000	15.07559867299092	5047500
chr14	5050000	5055000	14.632198772247769	5052500
chr14	5055000	5060000	12.982276384275309	5057500
chr14	5060000	5065000	16.897239504228523	5062500
chr14	5065000	5070000	11.978247233041184	5067500
chr14	5070000	5075000	9.676930977099463	5072500
chr14	5075000	5080000	13.01256624904199	5077500
chr14	5080000	5085000	10.210527132783941	5082500
chr14	5085000	5090000	13.235106743431876	5087500
chr14	5090000	5095000	20.137741834720877	5092500
chr14	5095000	5100000	10.90222640147049	5097500
chr14	5100000	5105000	15.74405222325908	5102500
chr14	5105000	5110000	14.714793582030754	5107500
chr14	5110000	5115000	12.843941219499962	5112500
chr14	5115000	5120000	15.93207512622982	5117500
chr14	5120000	5125000	10.862239315513827	5122500
chr14	5125000	5130000	9.962847774561592	5127500
chr14	5130000	5135000	17.793566811203416	5132500
chr14	5135000	5140000	15.035820774168652	5137500
chr14	5140000	5145000	11.230750343320466	5142500
chr14	5145000	5150000	7.752357364237243	5147500
chr14	5150000	5155000	13.031941926382848	5152500
chr14	5155000	5160000	14.514007210823708	5157500
chr14	5160000	5165000	15.166978881102425	5162500
chr14	5165000	5170000	10.790079880150005	5167500
chr14	5170000	5175000	10.00738264079753	5172500
chr14	5175000	5180000	11.532331159095158	5177500
chr14	5180000	5185000	10.648265589553182	5182500
chr14	5185000	5190000	12.426717909446289	5187500
chr14	5190000	5195000	11.501231894800306	5192500
chr14	5195000	5200000	7.125723144012375	5197500
chr14	5200000	5205000	12.847270523080123	5202500
chr14	5205000	5210000	11.061781662150688	5207500
chr14	5210000	5215000	12.552538219692735	5212500
chr14	5215000	5220000	15.550519168052148	5217500
chr14	5220000	5225000	17.15754677060362	5222500
chr14	5225000	5230000	10.112921696407748	5227500
chr14	5230000	5235000	12.720860028937205	5232500
chr14	5235000	5240000	14.487817649458703	5237500
chr14	5240000	5245000	13.262792888116907	5242500
chr14	5245000	5250000	9.367549465706322	5247500
chr14	5250000	5255000	12.803492598822103	5252500
chr14	5255000	5260000	10.220398818884727	5257500
chr14	5260000	5265000	11.759660002196258	5262500
chr14	5265000	5270000	14.120399195954468	5267500
chr14	5270000	5275000	9.20649554801067	5272500
chr14	5275000	5280000	15.909810170329434	5277500
chr14	5280000	5285000	9.73346038606546	5282500
chr14	5285000	5290000	9.654387488437429	5287500
chr14	5290000	5295000	16.090041594480976	5292500
chr14	5295000	5300000	15.285730171636583	5297500
chr14	5300000	5305000	17.40776453881619	5302500
chr14	5305000	5310000	14.595315991877188	5307500
chr14	5310000	5315000	11.770895953063723	5312500
chr14	5315000	5320000	10.112090314420167	5317500
chr14	5320000	5325000	14.649420618184225	5322500
chr14	5325000	5330000	11.521051031009685	5327500
chr14	5330000	5335000	21.05449340781866	5332500
chr14	5335000	5340000	18.892845846184773	5337500
chr14	5340000	5345000	19.043446148978862	5342500
chr14	5345000	5350000	15.489458588690264	5347500
chr14	5350000	5355000	12.266086657260402	5352500
chr14	5355000	5360000	14.822340050158305	5357500
chr14	5360000	5365000	15.774840590527173	5362500
chr14	5365000	5370000	15.594773245960612	5367500
chr14	5370000	5375000	5.56939721047008	5372500
chr14	5375000	5380000	8.984598478365934	5377500
chr14	5380000	5385000	11.961812645805857	5382500
chr14	5385000	5390000	20.358689016156333	5387500
chr14	5390000	5395000	15.429737795175015	5392500
chr14	5395000	5400000	22.710470165036654	5397500
chr14	5400000	5405000	14.295124512565794	5402500
chr14	5405000	5410000	8.798032459156184	5407500
chr14	5410000	5415000	18.174308364189184	5412500
chr14	5415000	5420000	19.083840896809434	5417500
chr14	5420000	5425000	38.809543183105795	5422500
chr14	5425000	5430000	18.547711483485397	5427500
chr14	5430000	5435000	15.73362292496446	5432500
chr14	5435000	5440000	18.57081004615023	5437500
chr14	5440000	5445000	13.709614729143702	5442500
chr14	5445000	5450000	16.826923808775238	5447500
chr14	5450000	5455000	16.99355435532918	5452500
chr14	5455000	5460000	22.95473168566871	5457500
chr14	5460000	5465000	19.757088817786162	5462500
chr14	5465000	5470000	29.92982335725	5467500
chr14	5470000	5475000	25.653094442704752	5472500
chr14	5475000	5480000	29.508642925309005	5477500
chr14	5480000	5485000	23.85918598614106	5482500
chr14	5485000	5490000	23.028642431574493	5487500
chr14	5490000	5495000	13.14307089458345	5492500
chr14	5495000	5500000	14.725192548737134	5497500
chr14	5500000	5505000	18.97334981325629	5502500
chr14	5505000	5510000	9.12140207677152	5507500
chr14	5510000	5515000	9.871458161454813	5512500
chr14	5515000	5520000	12.670779801988514	5517500
chr14	5520000	5525000	9.43853365397798	5522500
chr14	5525000	5530000	7.03374774102573	5527500
chr14	5530000	5535000	13.572174246590652	5532500
chr14	5535000	5540000	13.454518173309967	5537500
chr14	5540000	5545000	9.465162308599245	5542500
chr14	5545000	5550000	9.046387146388659	5547500
chr14	5550000	5555000	6.0178957867865	5552500
chr14	5555000	5560000	10.512315246558238	5557500
chr14	5560000	5565000	8.154676883165449	5562500
chr14	5565000	5570000	7.334439144822446	5567500
chr14	5570000	5575000	8.939967644232212	5572500
chr14	5575000	5580000	14.387053787056493	5577500
chr14	5580000	5585000	16.68377087587968	5582500
chr14	5585000	5590000	24.82287241325445	5587500
chr14	5590000	5595000	11.340749877094268	5592500
chr14	5595000	5600000	12.680308666172207	5597500
chr14	5600000	5605000	17.723132780932183	5602500
chr14	5605000	5610000	8.491635260890689	5607500
chr14	5610000	5615000	6.885316630975948	5612500
chr14	5615000	5620000	13.29346026890443	5617500
chr14	5620000	5625000	11.929350485761738	5622500
chr14	5625000	5630000	10.615541750983166	5627500
chr14	5630000	5635000	13.788950245865518	5632500
chr14	5635000	5640000	16.316706481584273	5637500
chr14	5640000	5645000	13.378926924627697	5642500
chr14	5645000	5650000	12.328847281430448	5647500
chr14	5650000	5655000	12.429243395584093	5652500
chr14	5655000	5660000	12.861397925973758	5657500
chr14	5660000	5665000	9.418012211923466	5662500
chr14	5665000	5670000	9.50008299408603	5667500
chr14	5670000	5675000	9.509861192987445	5672500
chr14	5675000	5680000	9.76473783785183	5677500
chr14	5680000	5685000	10.129159177584306	5682500
chr14	5685000	5690000	8.221619002100434	5687500
chr14	5690000	5695000	19.511656882880306	5692500
chr14	5695000	5700000	12.26211273634479	5697500
chr14	5700000	5705000	11.21950536824108	5702500
chr14	5705000	5710000	8.210292674418348	5707500
chr14	5710000	5715000	9.478063049301596	5712500
chr14	5715000	5720000	12.253145463911158	5717500
chr14	5720000	5725000	9.96121928845555	5722500
chr14	5725000	5730000	11.470383934794588	5727500
chr14	5730000	5735000	8.810353721464347	5732500
chr14	5735000	5740000	7.98301408431825	5737500
chr14	5740000	5745000	20.17992852107551	5742500
chr14	5745000	5750000	12.02880564039295	5747500
chr14	5750000	5755000	8.767597817828142	5752500
chr14	5755000	5760000	9.386525436722241	5757500
chr14	5760000	5765000	8.792910679124118	5762500
chr14	5765000	5770000	7.539581661516364	5767500
chr14	5770000	5775000	11.179042685948499	5772500
chr14	5775000	5780000	5.792779351127238	5777500
chr14	5780000	5785000	8.698093118047549	5782500
chr14	5785000	5790000	9.69515820887505	5787500
chr14	5790000	5795000	11.078029460642883	5792500
chr14	5795000	5800000	5.411397131471973	5797500
chr14	5800000	5805000	7.936097408523853	5802500
chr14	5805000	5810000	8.186320097450745	5807500
chr14	5810000	5815000	7.229413219584164	5812500
chr14	5815000	5820000	11.668388019738522	5817500
chr14	5820000	5825000	7.316905043165729	5822500
chr14	5825000	5830000	10.90250209975839	5827500
chr14	5830000	5835000	14.129800333489417	5832500
chr14	5835000	5840000	10.251310339130976	5837500
chr14	5840000	5845000	9.98687099608855	5842500
chr14	5845000	5850000	11.899239688008613	5847500
chr14	5850000	5855000	9.819130894425362	5852500
chr14	5855000	5860000	8.90642585769937	5857500
chr14	5860000	5865000	6.212248449746411	5862500
chr14	5865000	5870000	7.7145883273465525	5867500
chr14	5870000	5875000	5.56027285071374	5872500
chr14	5875000	5880000	6.713717094951582	5877500
chr14	5880000	5885000	5.418813175319155	5882500
chr14	5885000	5890000	5.40968630823848	5887500
chr14	5890000	5895000	4.702567068293061	5892500
chr14	5895000	5900000	3.8904436036025505	5897500
chr14	5900000	5905000	13.089828305948183	5902500
chr14	5905000	5910000	6.611757040077627	5907500
chr14	5910000	5915000	8.301548860387125	5912500
chr14	5915000	5920000	5.761091179109419	5917500
chr14	5920000	5925000	6.432946864659249	5922500
chr14	5925000	5930000	6.53718700446083	5927500
chr14	5930000	5935000	27.617407680105227	5932500
chr14	5935000	5940000	7.006836895855886	5937500
chr14	5940000	5945000	25.92446933618198	5942500
chr14	5945000	5950000	9.960717439761364	5947500
chr14	5950000	5955000	6.7174350175636635	5952500
chr14	5955000	5960000	6.183032429987544	5957500
chr14	5960000	5965000	8.041734649113117	5962500
chr14	5965000	5970000	5.681143949556917	5967500
chr14	5970000	5975000	13.73002620005607	5972500
chr14	5975000	5980000	11.40027679973716	5977500
chr14	5980000	5985000	12.677601039825916	5982500
chr14	5985000	5990000	13.918638555860245	5987500
chr14	5990000	5995000	15.063490006111351	5992500
chr14	5995000	6000000	9.40911508463228	5997500
chr14	6000000	6005000	10.218477007831687	6002500
chr14	6005000	6010000	10.279936031462752	6007500
chr14	6010000	6015000	10.648442747760063	6012500
chr14	6015000	6020000	7.8153606528890895	6017500
chr14	6020000	6025000	10.058392083110954	6022500
chr14	6025000	6030000	8.422776530348907	6027500
chr14	6030000	6035000	9.193483789133044	6032500
chr14	6035000	6040000	7.9222124770683005	6037500
chr14	6040000	6045000	8.19197613677746	6042500
chr14	6045000	6050000	8.354641366348524	6047500
chr14	6050000	6055000	11.724330542175196	6052500
chr14	6055000	6060000	9.974021740740383	6057500
chr14	6060000	6065000	10.560624875736945	6062500
chr14	6065000	6070000	11.32734319035874	6067500
chr14	6070000	6075000	8.910406987855819	6072500
chr14	6075000	6080000	8.13540426886895	6077500
chr14	6080000	6085000	9.065109149938175	6082500
chr14	6085000	6090000	10.468393879673066	6087500
chr14	6090000	6095000	10.286299743157219	6092500
chr14	6095000	6100000	9.478174120836982	6097500
chr14	6100000	6105000	9.794560614714538	6102500
chr14	6105000	6110000	9.261386580699906	6107500
chr14	6110000	6115000	9.52366030682238	6112500
chr14	6115000	6120000	8.131700489172133	6117500
chr14	6120000	6125000	10.109634606770207	6122500
chr14	6125000	6130000	10.568722065390679	6127500
chr14	6130000	6135000	9.449006430080333	6132500
chr14	6135000	6140000	8.768480750346658	6137500
chr14	6140000	6145000	9.360991835347827	6142500
chr14	6145000	6150000	10.139413824484498	6147500
chr14	6150000	6155000	9.872058426552815	6152500
chr14	6155000	6160000	8.878041474422435	6157500
chr14	6160000	6165000	10.486263821782606	6162500
chr14	6165000	6170000	9.189214960299754	6167500
chr14	6170000	6175000	9.86435905891728	6172500
chr14	6175000	6180000	10.638550558216853	6177500
chr14	6180000	6185000	7.648811473192778	6182500
chr14	6185000	6190000	5.512598478707881	6187500
chr14	6190000	6195000	9.230724395188618	6192500
chr14	6195000	6200000	13.128305293520746	6197500
chr14	6200000	6205000	10.78792063398675	6202500
chr14	6205000	6210000	11.120963852373825	6207500
chr14	6210000	6215000	10.937637182016868	6212500
chr14	6215000	6220000	7.389524617888965	6217500
chr14	6220000	6225000	7.9625928203368	6222500
chr14	6225000	6230000	7.756610106463947	6227500
chr14	6230000	6235000	5.209120438762217	6232500
chr14	6235000	6240000	7.665286437182822	6237500
chr14	6240000	6245000	8.543032970926653	6242500
chr14	6245000	6250000	12.200136177742616	6247500
chr14	6250000	6255000	12.779862834387025	6252500
chr14	6255000	6260000	11.838246398804136	6257500
chr14	6260000	6265000	13.360913244754546	6262500
chr14	6265000	6270000	19.061362325518463	6267500
chr14	6270000	6275000	15.796647919623782	6272500
chr14	6275000	6280000	16.73237681212181	6277500
chr14	6280000	6285000	13.453505410852344	6282500
chr14	6285000	6290000	13.780808234101242	6287500
chr14	6290000	6295000	8.528527543749064	6292500
chr14	6295000	6300000	8.871166304014707	6297500
chr14	6300000	6305000	8.215999929923298	6302500
chr14	6305000	6310000	8.827453240984239	6307500
chr14	6310000	6315000	8.603459105276823	6312500
chr14	6315000	6320000	7.535191827817524	6317500
chr14	6320000	6325000	5.836866572963347	6322500
chr14	6325000	6330000	6.359434969170893	6327500
chr14	6330000	6335000	4.97668966654819	6332500
chr14	6335000	6340000	6.637863995269292	6337500
chr14	6340000	6345000	8.057509675909905	6342500
chr14	6345000	6350000	30.52849180927159	6347500
chr14	6350000	6355000	8.062937803951664	6352500
chr14	6355000	6360000	8.803087972224207	6357500
chr14	6360000	6365000	10.154881778581771	6362500
chr14	6365000	6370000	12.288342193764096	6367500
chr14	6370000	6375000	13.384258588099728	6372500
chr14	6375000	6380000	12.090987731075767	6377500
chr14	6380000	6385000	10.850663977469045	6382500
chr14	6385000	6390000	9.812926778652436	6387500
chr14	6390000	6395000	8.792182628822614	6392500
chr14	6395000	6400000	7.421986404060509	6397500
chr14	6400000	6405000	8.887067779370394	6402500
chr14	6405000	6410000	7.868745054194792	6407500
chr14	6410000	6415000	11.355127132805366	6412500
chr14	6415000	6420000	8.689612762481232	6417500
chr14	6420000	6425000	8.419439459138975	6422500
chr14	6425000	6430000	8.702484825330323	6427500
chr14	6430000	6435000	6.845894436716813	6432500
chr14	6435000	6440000	7.11307889476976	6437500
chr14	6440000	6445000	6.471134063439195	6442500
chr14	6445000	6450000	4.0631244814483365	6447500
chr14	6450000	6455000	3.859053550909059	6452500
chr14	6455000	6460000	3.3449248197880563	6457500
chr14	6460000	6465000	1.1230474018054382	6462500
chr14	6465000	6470000	2.742157632097474	6467500
chr14	6470000	6475000	13.654262890520457	6472500
chr14	6475000	6480000	5.2146005047881925	6477500
chr14	6480000	6485000	5.752237677739454	6482500
chr14	6485000	6490000	4.704547179775833	6487500
chr14	6490000	6495000	5.8683202130531775	6492500
chr14	6495000	6500000	7.674996922388779	6497500
chr14	6500000	6505000	7.555505343265112	6502500
chr14	6505000	6510000	7.130533880167389	6507500
chr14	6510000	6515000	10.754958336929004	6512500
chr14	6515000	6520000	12.846878277791141	6517500
chr14	6520000	6525000	9.918561327768842	6522500
chr14	6525000	6530000	5.67789649680662	6527500
chr14	6530000	6535000	8.063527168682436	6532500
chr14	6535000	6540000	17.80909402895608	6537500
chr14	6540000	6545000	15.262727325096344	6542500
chr14	6545000	6550000	16.95818079455704	6547500
chr14	6550000	6555000	11.73177959126177	6552500
chr14	6555000	6560000	4.941963252054114	6557500
chr14	6560000	6565000	7.625883117837903	6562500
chr14	6565000	6570000	14.013784656211753	6567500
chr14	6570000	6575000	4.189855225220675	6572500
chr14	6575000	6580000	3.1966994673183637	6577500
chr14	6580000	6585000	10.896642813833749	6582500
chr14	6585000	6590000	4.803275260917541	6587500
chr14	6590000	6595000	18.51889403580476	6592500
chr14	6595000	6600000	7.875916769412587	6597500
chr14	6600000	6605000	9.399072092572586	6602500
chr14	6605000	6610000	9.430789899802907	6607500
chr14	6610000	6615000	8.083852758908314	6612500
chr14	6615000	6620000	17.676914039819483	6617500
chr14	6620000	6625000	11.42994579580616	6622500
chr14	6625000	6630000	11.8659305496794	6627500
chr14	6630000	6635000	11.831737949559054	6632500
chr14	6635000	6640000	11.64351304051698	6637500
chr14	6640000	6645000	13.579394064799489	6642500
chr14	6645000	6650000	15.63264436833612	6647500
chr14	6650000	6655000	17.94357152588304	6652500
chr14	6655000	6660000	9.687810360654257	6657500
chr14	6660000	6665000	8.155025466710505	6662500
chr14	6665000	6670000	12.089327772118004	6667500
chr14	6670000	6675000	18.931011681784163	6672500
chr14	6675000	6680000	9.393350076104682	6677500
chr14	6680000	6685000	9.577379773967483	6682500
chr14	6685000	6690000	13.329291728335056	6687500
chr14	6690000	6695000	11.75578771493981	6692500
chr14	6695000	6700000	6.024630635289635	6697500
chr14	6700000	6705000	6.987434743268011	6702500
chr14	6705000	6710000	9.720282451344572	6707500
chr14	6710000	6715000	14.977466059188387	6712500
chr14	6715000	6720000	7.510538163654422	6717500
chr14	6720000	6725000	5.677773213461378	6722500
chr14	6725000	6730000	4.616064433116514	6727500
chr14	6730000	6735000	5.647737664778508	6732500
chr14	6735000	6740000	8.823977866606404	6737500
chr14	6740000	6745000	4.145646054695869	6742500
chr14	6745000	6750000	4.781396532353269	6747500
chr14	6750000	6755000	6.963393072217065	6752500
chr14	6755000	6760000	5.971957567312124	6757500
chr14	6760000	6765000	6.1550463029382705	6762500
chr14	6765000	6770000	6.772038279378415	6767500
chr14	6770000	6775000	2.9978027448637423	6772500
chr14	6775000	6780000	4.429035734804631	6777500
chr14	6780000	6785000	6.4332093843412785	6782500
chr14	6785000	6790000	13.173611918026966	6787500
chr14	6790000	6795000	4.969461527302372	6792500
chr14	6795000	6800000	4.603827155404705	6797500
chr14	6800000	6805000	7.376420653937767	6802500
chr14	6805000	6810000	6.438161223553094	6807500
chr14	6810000	6815000	11.217214322626651	6812500
chr14	6815000	6820000	8.06727660230872	6817500
chr14	6820000	6825000	7.75093973461773	6822500
chr14	6825000	6830000	9.884714882628296	6827500
chr14	6830000	6835000	8.901355892671383	6832500
chr14	6835000	6840000	5.198347867650328	6837500
chr14	6840000	6845000	8.170612149172966	6842500
chr14	6845000	6850000	6.615680207260231	6847500
chr14	6850000	6855000	4.178122075072501	6852500
chr14	6855000	6860000	6.525450778198047	6857500
chr14	6860000	6865000	9.123211747869078	6862500
chr14	6865000	6870000	14.149989256573232	6867500
chr14	6870000	6875000	13.041626575196087	6872500
chr14	6875000	6880000	8.161445459963376	6877500
chr14	6880000	6885000	11.513456548155897	6882500
chr14	6885000	6890000	11.836935261202816	6887500
chr14	6890000	6895000	9.153223722182188	6892500
chr14	6895000	6900000	3.8256014767138042	6897500
chr14	6900000	6905000	3.981547229397339	6902500
chr14	6905000	6910000	4.624904788571258	6907500
chr14	6910000	6915000	5.731983429982645	6912500
chr14	6915000	6920000	6.484658798493082	6917500
chr14	6920000	6925000	5.422973288661478	6922500
chr14	6925000	6930000	2.7675159770952766	6927500
chr14	6930000	6935000	2.426687311566706	6932500
chr14	6935000	6940000	2.502880485045242	6937500
chr14	6940000	6945000	2.4836165219479893	6942500
chr14	6945000	6950000	4.730027758954359	6947500
chr14	6950000	6955000	2.0131182628310897	6952500
chr14	6955000	6960000	2.986248751165177	6957500
chr14	6960000	6965000	10.283333588501595	6962500
chr14	6965000	6970000	3.2898709178971948	6967500
chr14	6970000	6975000	5.954341892811062	6972500
chr14	6975000	6980000	4.993451413878449	6977500
chr14	6980000	6985000	5.363553176401438	6982500
chr14	6985000	6990000	4.462085321029676	6987500
chr14	6990000	6995000	4.632445394088634	6992500
chr14	6995000	7000000	4.663666180031251	6997500
chr14	7000000	7005000	3.4422677657918346	7002500
chr14	7005000	7010000	5.650312585026691	7007500
chr14	7010000	7015000	4.829727235116258	7012500
chr14	7015000	7020000	5.391025391496718	7017500
chr14	7020000	7025000	5.057289120012865	7022500
chr14	7025000	7030000	6.083001754536199	7027500
chr14	7030000	7035000	4.663398543033506	7032500
chr14	7035000	7040000	5.23365076602221	7037500
chr14	7040000	7045000	5.6372123508266	7042500
chr14	7045000	7050000	6.1633811391866145	7047500
chr14	7050000	7055000	8.91874947133713	7052500
chr14	7055000	7060000	7.460538911376099	7057500
chr14	7060000	7065000	11.550632442723094	7062500
chr14	7065000	7070000	9.08482799963533	7067500
chr14	7070000	7075000	5.997252944167858	7072500
chr14	7075000	7080000	5.979597063439456	7077500
chr14	7080000	7085000	18.20608205647582	7082500
chr14	7085000	7090000	4.418132848085562	7087500
chr14	7090000	7095000	2.379441920291585	7092500
chr14	7095000	7100000	5.029757700523539	7097500
chr14	7100000	7105000	4.439724073419486	7102500
chr14	7105000	7110000	6.236937149836063	7107500
chr14	7110000	7115000	5.479243144328465	7112500
chr14	7115000	7120000	6.953978660627192	7117500
chr14	7120000	7125000	2.5807936436172376	7122500
chr14	7125000	7130000	4.2305977618038035	7127500
chr14	7130000	7135000	3.646895417113663	7132500
chr14	7135000	7140000	15.031540112104116	7137500
chr14	7140000	7145000	8.148431267121968	7142500
chr14	7145000	7150000	4.55347164319183	7147500
chr14	7150000	7155000	4.421335487130007	7152500
chr14	7155000	7160000	1.5885967796656635	7157500
chr14	7160000	7165000	3.3879262311550873	7162500
chr14	7165000	7170000	4.036176888277026	7167500
chr14	7170000	7175000	2.919882545100152	7172500
chr14	7175000	7180000	7.909602716716681	7177500
chr14	7180000	7185000	12.094172071449986	7182500
chr14	7185000	7190000	2.5560030151477116	7187500
chr14	7190000	7195000	3.706443776163949	7192500
chr14	7195000	7200000	4.663247432613992	7197500
chr14	7200000	7205000	3.4767989810418016	7202500
chr14	7205000	7210000	3.4128526114675366	7207500
chr14	7210000	7215000	2.8825259845007545	7212500
chr14	7215000	7220000	2.690648599831292	7217500
chr14	7220000	7225000	4.534433113218799	7222500
chr14	7225000	7230000	8.24374239073255	7227500
chr14	7230000	7235000	9.419133303908948	7232500
chr14	7235000	7240000	6.299353165395862	7237500
chr14	7240000	7245000	6.457141328156572	7242500
chr14	7245000	7250000	7.650098822649629	7247500
chr14	7250000	7255000	5.053017230631546	7252500
chr14	7255000	7260000	4.927727056336284	7257500
chr14	7260000	7265000	5.0811508444695646	7262500
chr14	7265000	7270000	4.896490140079932	7267500
chr14	7270000	7275000	5.0486998042850075	7272500
chr14	7275000	7280000	5.4959893388944385	7277500
chr14	7280000	7285000	6.524225249270926	7282500
chr14	7285000	7290000	4.888286599007372	7287500
chr14	7290000	7295000	3.064159985906696	7292500
chr14	7295000	7300000	6.472611059524253	7297500
chr14	7300000	7305000	3.767846026883724	7302500
chr14	7305000	7310000	2.87668995335017	7307500
chr14	7310000	7315000	4.773721160077946	7312500
chr14	7315000	7320000	4.873077171673955	7317500
chr14	7320000	7325000	4.764482150294593	7322500
chr14	7325000	7330000	4.845958175271074	7327500
chr14	7330000	7335000	4.6493822311309545	7332500
chr14	7335000	7340000	6.368602324828034	7337500
chr14	7340000	7345000	7.052904933265045	7342500
chr14	7345000	7350000	4.31712773230662	7347500
chr14	7350000	7355000	3.7432560552976706	7352500
chr14	7355000	7360000	6.765136543166282	7357500
chr14	7360000	7365000	2.3756939034009723	7362500
chr14	7365000	7370000	4.0386647014116965	7367500
chr14	7370000	7375000	4.368585783522648	7372500
chr14	7375000	7380000	6.022012579202301	7377500
chr14	7380000	7385000	5.193605550192213	7382500
chr14	7385000	7390000	4.586374448034408	7387500
chr14	7390000	7395000	6.365442366874737	7392500
chr14	7395000	7400000	9.096448463445196	7397500
chr14	7400000	7405000	3.191051961181397	7402500
chr14	7405000	7410000	5.519932109662588	7407500
chr14	7410000	7415000	4.811215422352856	7412500
chr14	7415000	7420000	6.674276630351188	7417500
chr14	7420000	7425000	8.469533167406462	7422500
chr14	7425000	7430000	7.209370041263243	7427500
chr14	7430000	7435000	6.809949459123469	7432500
chr14	7435000	7440000	6.030961387376072	7437500
chr14	7440000	7445000	8.112593260406348	7442500
chr14	7445000	7450000	7.647977943688321	7447500
chr14	7450000	7455000	4.494091762337699	7452500
chr14	7455000	7460000	6.8418897132843135	7457500
chr14	7460000	7465000	5.431002623925419	7462500
chr14	7465000	7470000	2.3677490780252044	7467500
chr14	7470000	7475000	4.880800697063941	7472500
chr14	7475000	7480000	11.66888030926931	7477500
chr14	7480000	7485000	8.423788439239193	7482500
chr14	7485000	7490000	10.822423682495806	7487500
chr14	7490000	7495000	5.747980580796322	7492500
chr14	7495000	7500000	5.9711706128114335	7497500
chr14	7500000	7505000	10.308007835491578	7502500
chr14	7505000	7510000	10.963349275181294	7507500
chr14	7510000	7515000	11.68893180735142	7512500
chr14	7515000	7520000	8.162766292741209	7517500
chr14	7520000	7525000	8.821812184316189	7522500
chr14	7525000	7530000	5.480026176056823	7527500
chr14	7530000	7535000	5.620111457806541	7532500
chr14	7535000	7540000	6.0301944615276835	7537500
chr14	7540000	7545000	5.713058407842444	7542500
chr14	7545000	7550000	7.765499873711154	7547500
chr14	7550000	7555000	5.524364906012712	7552500
chr14	7555000	7560000	5.761774837750335	7557500
chr14	7560000	7565000	4.399265139862183	7562500
chr14	7565000	7570000	5.827017369816556	7567500
chr14	7570000	7575000	4.905968725453852	7572500
chr14	7575000	7580000	4.643533262427219	7577500
chr14	7580000	7585000	5.912396667980412	7582500
chr14	7585000	7590000	5.292772149194433	7587500
chr14	7590000	7595000	4.1719787236440915	7592500
chr14	7595000	7600000	5.280602349556932	7597500
chr14	7600000	7605000	18.372587603746055	7602500
chr14	7605000	7610000	5.984474778896786	7607500
chr14	7610000	7615000	13.98477090072152	7612500
chr14	7615000	7620000	6.418050828984311	7617500
chr14	7620000	7625000	4.53882275091953	7622500
chr14	7625000	7630000	6.621927991243258	7627500
chr14	7630000	7635000	11.882580359743345	7632500
chr14	7635000	7640000	5.944239213296662	7637500
chr14	7640000	7645000	5.1081592690082624	7642500
chr14	7645000	7650000	11.652953283684633	7647500
chr14	7650000	7655000	27.456587409988234	7652500
chr14	7655000	7660000	11.018130698378519	7657500
chr14	7660000	7665000	9.662530453131543	7662500
chr14	7665000	7670000	19.927978890083043	7667500
chr14	7670000	7675000	13.510092606688472	7672500
chr14	7675000	7680000	8.52846073665656	7677500
chr14	7680000	7685000	11.405281328328536	7682500
chr14	7685000	7690000	6.410081739711999	7687500
chr14	7690000	7695000	15.720234932288099	7692500
chr14	7695000	7700000	5.989271602461568	7697500
chr14	7700000	7705000	6.4491636654406115	7702500
chr14	7705000	7710000	4.747537316209185	7707500
chr14	7710000	7715000	4.808737142990537	7712500
chr14	7715000	7720000	4.9553848638178435	7717500
chr14	7720000	7725000	4.872688932114927	7722500
chr14	7725000	7730000	3.186547015345458	7727500
chr14	7730000	7735000	1.6653850323859567	7732500
chr14	7735000	7740000	10.515915896423737	7737500
chr14	7740000	7745000	5.499821604020768	7742500
chr14	7745000	7750000	4.830984778076754	7747500
chr14	7750000	7755000	2.1349662180624462	7752500
chr14	7755000	7760000	2.2783949641993066	7757500
chr14	7760000	7765000	6.794775517586827	7762500
chr14	7765000	7770000	8.63174522616854	7767500
chr14	7770000	7775000	6.319717937846057	7772500
chr14	7775000	7780000	3.8987589939633573	7777500
chr14	7780000	7785000	1.6935809505153174	7782500
chr14	7785000	7790000	0.5413535698484041	7787500
chr14	7790000	7795000	8.15800782727632	7792500
chr14	7795000	7800000	11.131587022524892	7797500
chr14	7800000	7805000	3.2379265195193843	7802500
chr14	7805000	7810000	4.473747825033933	7807500
chr14	7810000	7815000	22.971742931618444	7812500
chr14	7815000	7820000	13.563238248614724	7817500
chr14	7820000	7825000	19.923052931956857	7822500
chr14	7825000	7830000	4.860740087520213	7827500
chr14	7830000	7835000	7.744633715025218	7832500
chr14	7835000	7840000	2.4908192824738253	7837500
chr14	7840000	7845000	7.26292727128378	7842500
chr14	7845000	7850000	8.007061949409323	7847500
chr14	7850000	7855000	6.624935424970451	7852500
chr14	7855000	7860000	4.587359915917431	7857500
chr14	7860000	7865000	6.1240008001279564	7862500
chr14	7865000	7870000	4.963030349603432	7867500
chr14	7870000	7875000	6.945982188236066	7872500
chr14	7875000	7880000	5.095468505183608	7877500
chr14	7880000	7885000	23.14294013057643	7882500
chr14	7885000	7890000	4.306280960915565	7887500
chr14	7890000	7895000	3.2566650359152334	7892500
chr14	7895000	7900000	2.189155806617759	7897500
chr14	7900000	7905000	2.1030890400270263	7902500
chr14	7905000	7910000	8.248894676531464	7907500
chr14	7910000	7915000	7.695558569717174	7912500
chr14	7915000	7920000	10.156189102448888	7917500
chr14	7920000	7925000	6.230917861820996	7922500
chr14	7925000	7930000	9.29777298604183	7927500
chr14	7930000	7935000	7.596669295376253	7932500
chr14	7935000	7940000	3.496255711141516	7937500
chr14	7940000	7945000	4.9901413298752315	7942500
chr14	7945000	7950000	5.876198981142354	7947500
chr14	7950000	7955000	5.1964702343653055	7952500
chr14	7955000	7960000	6.0372853889954525	7957500
chr14	7960000	7965000	10.697062494256356	7962500
chr14	7965000	7970000	2.3269547713571694	7967500
chr14	7970000	7975000	3.12013823917586	7972500
chr14	7975000	7980000	3.011646932445909	7977500
chr14	7980000	7985000	14.38011977648728	7982500
chr14	7985000	7990000	3.768880771702165	7987500
chr14	7990000	7995000	9.98211508655878	7992500
chr14	7995000	8000000	3.469299004280095	7997500
chr14	8000000	8005000	2.994728699155131	8002500
chr14	8005000	8010000	3.1552667527532776	8007500
chr14	8010000	8015000	3.0789191776017892	8012500
chr14	8015000	8020000	3.8774944237570597	8017500
chr14	8020000	8025000	9.4961299685188	8022500
chr14	8025000	8030000	5.987804482156574	8027500
chr14	8030000	8035000	2.1962229051932884	8032500
chr14	8035000	8040000	3.6158592182536817	8037500
chr14	8040000	8045000	3.7901786302065252	8042500
chr14	8045000	8050000	2.7331414655701742	8047500
chr14	8050000	8055000	4.528971297013374	8052500
chr14	8055000	8060000	2.6525165201949568	8057500
chr14	8060000	8065000	1.7200027164427036	8062500
chr14	8065000	8070000	1.6871609353342794	8067500
chr14	8070000	8075000	4.71248979051527	8072500
chr14	8075000	8080000	2.990902605569043	8077500
chr14	8080000	8085000	8.211645235508058	8082500
chr14	8085000	8090000	12.20329874400645	8087500
chr14	8090000	8095000	5.204517680859038	8092500
chr14	8095000	8100000	7.0204061046303705	8097500
chr14	8100000	8105000	6.567159226094959	8102500
chr14	8105000	8110000	7.878665511554111	8107500
chr14	8110000	8115000	6.551359847704589	8112500
chr14	8115000	8120000	6.108000342025865	8117500
chr14	8120000	8125000	5.016251902943743	8122500
chr14	8125000	8130000	6.744241299779526	8127500
chr14	8130000	8135000	12.830006032202197	8132500
chr14	8135000	8140000	4.125797438583992	8137500
chr14	8140000	8145000	6.81467743334028	8142500
chr14	8145000	8150000	11.989207567247302	8147500
chr14	8150000	8155000	11.520091059759187	8152500
chr14	8155000	8160000	9.019062187153299	8157500
chr14	8160000	8165000	12.276320743926885	8162500
chr14	8165000	8170000	19.380417966675353	8167500
chr14	8170000	8175000	5.004528687596926	8172500
chr14	8175000	8180000	15.840514123711483	8177500
chr14	8180000	8185000	7.707667932337663	8182500
chr14	8185000	8190000	6.9032932177692725	8187500
chr14	8190000	8195000	6.224257154843319	8192500
chr14	8195000	8200000	11.383642402718875	8197500
chr14	8200000	8205000	12.26893307194183	8202500
chr14	8205000	8210000	13.700130678267753	8207500
chr14	8210000	8215000	15.372418491808656	8212500
chr14	8215000	8220000	4.927121835237147	8217500
chr14	8220000	8225000	17.854167433923216	8222500
chr14	8225000	8230000	20.862162424657175	8227500
chr14	8230000	8235000	13.385485387552713	8232500
chr14	8235000	8240000	10.649376498929962	8237500
chr14	8240000	8245000	13.398947942601659	8242500
chr14	8245000	8250000	13.224345311464688	8247500
chr14	8250000	8255000	6.925475667814822	8252500
chr14	8255000	8260000	4.126329704607068	8257500
chr14	8260000	8265000	7.072101400079002	8262500
chr14	8265000	8270000	6.8214084929990495	8267500
chr14	8270000	8275000	7.641660466919329	8272500
chr14	8275000	8280000	12.076122001911338	8277500
chr14	8280000	8285000	8.039854373340242	8282500
chr14	8285000	8290000	7.866171366560536	8287500
chr14	8290000	8295000	7.449189292966907	8292500
chr14	8295000	8300000	6.221711094185541	8297500
chr14	8300000	8305000	4.958861999019598	8302500
chr14	8305000	8310000	5.364917796394944	8307500
chr14	8310000	8315000	6.764255218418224	8312500
chr14	8315000	8320000	8.304871994932872	8317500
chr14	8320000	8325000	8.867573055871064	8322500
chr14	8325000	8330000	4.358318751363624	8327500
chr14	8330000	8335000	6.085978483682195	8332500
chr14	8335000	8340000	11.341843671420357	8337500
chr14	8340000	8345000	27.382782470335645	8342500
chr14	8345000	8350000	24.515075532816866	8347500
chr14	8350000	8355000	19.364407547653553	8352500
chr14	8355000	8360000	12.258297801025526	8357500
chr14	8360000	8365000	12.023746294549836	8362500
chr14	8365000	8370000	11.558672671392879	8367500
chr14	8370000	8375000	6.953451052340321	8372500
chr14	8375000	8380000	12.203323940450902	8377500
chr14	8380000	8385000	8.778489715068135	8382500
chr14	8385000	8390000	8.585373972179632	8387500
chr14	8390000	8395000	15.978032923065124	8392500
chr14	8395000	8400000	11.920527038728263	8397500
chr14	8400000	8405000	12.085964063462464	8402500
chr14	8405000	8410000	12.02330970640509	8407500
chr14	8410000	8415000	12.63233892250058	8412500
chr14	8415000	8420000	10.852205003325036	8417500
chr14	8420000	8425000	14.742217136189664	8422500
chr14	8425000	8430000	10.450397911110453	8427500
chr14	8430000	8435000	12.447350882330639	8432500
chr14	8435000	8440000	11.65606285098009	8437500
chr14	8440000	8445000	13.689045201615496	8442500
chr14	8445000	8450000	10.965774034441274	8447500
chr14	8450000	8455000	11.04704659786402	8452500
chr14	8455000	8460000	11.246808287496451	8457500
chr14	8460000	8465000	10.354442056961497	8462500
chr14	8465000	8470000	12.341776581249068	8467500
chr14	8470000	8475000	9.247850605148502	8472500
chr14	8475000	8480000	15.823620456706097	8477500
chr14	8480000	8485000	13.569142830317423	8482500
chr14	8485000	8490000	16.439275456028156	8487500
chr14	8490000	8495000	13.54499930740358	8492500
chr14	8495000	8500000	12.401009297597605	8497500
chr14	8500000	8505000	10.636137624441366	8502500
chr14	8505000	8510000	11.060599589786671	8507500
chr14	8510000	8515000	13.229156054685294	8512500
chr14	8515000	8520000	14.950957760589363	8517500
chr14	8520000	8525000	12.903491390665598	8522500
chr14	8525000	8530000	10.610345154936535	8527500
chr14	8530000	8535000	12.678459491974406	8532500
chr14	8535000	8540000	11.194800369138726	8537500
chr14	8540000	8545000	11.990259562703644	8542500
chr14	8545000	8550000	13.875194093814189	8547500
chr14	8550000	8555000	11.439549214553992	8552500
chr14	8555000	8560000	11.322975385356944	8557500
chr14	8560000	8565000	17.344382379613887	8562500
chr14	8565000	8570000	13.42002587198561	8567500
chr14	8570000	8575000	21.960733915689296	8572500
chr14	8575000	8580000	13.588661270573747	8577500
chr14	8580000	8585000	10.542227233531142	8582500
chr14	8585000	8590000	15.588161070368145	8587500
chr14	8590000	8595000	12.364247999305766	8592500
chr14	8595000	8600000	20.36695164304035	8597500
chr14	8600000	8605000	14.744958085412113	8602500
chr14	8605000	8610000	15.75624556826632	8607500
chr14	8610000	8615000	26.22348403285634	8612500
chr14	8615000	8620000	22.879368486402694	8617500
chr14	8620000	8625000	30.0749509489511	8622500
chr14	8625000	8630000	12.980421805889014	8627500
chr14	8630000	8635000	9.353301508012988	8632500
chr14	8635000	8640000	8.353879832677158	8637500
chr14	8640000	8645000	9.398103191940587	8642500
chr14	8645000	8650000	7.652410974952358	8647500
chr14	8650000	8655000	9.742242911997167	8652500
chr14	8655000	8660000	8.030904669060403	8657500
chr14	8660000	8665000	10.852830735925126	8662500
chr14	8665000	8670000	10.445900875237824	8667500
chr14	8670000	8675000	7.882697106869086	8672500
chr14	8675000	8680000	8.519297464233784	8677500
chr14	8680000	8685000	9.72922744148437	8682500
chr14	8685000	8690000	9.38966422250421	8687500
chr14	8690000	8695000	9.16566297068336	8692500
chr14	8695000	8700000	9.158179670251828	8697500
chr14	8700000	8705000	8.933106784999929	8702500
chr14	8705000	8710000	8.24565295693652	8707500
chr14	8710000	8715000	9.27452544814089	8712500
chr14	8715000	8720000	10.068499581456514	8717500
chr14	8720000	8725000	7.523875607584254	8722500
chr14	8725000	8730000	7.13081223461868	8727500
chr14	8730000	8735000	8.840295940940228	8732500
chr14	8735000	8740000	5.192439566819968	8737500
chr14	8740000	8745000	5.181589188386429	8742500
chr14	8745000	8750000	7.0100255940714815	8747500
chr14	8750000	8755000	7.719650050682963	8752500
chr14	8755000	8760000	6.400007740002166	8757500
chr14	8760000	8765000	7.794115441926248	8762500
chr14	8765000	8770000	5.747860637580106	8767500
chr14	8770000	8775000	7.362979519976446	8772500
chr14	8775000	8780000	8.296556067173976	8777500
chr14	8780000	8785000	7.7205558268390355	8782500
chr14	8785000	8790000	5.211757678314438	8787500
chr14	8790000	8795000	4.695782757397147	8792500
chr14	8795000	8800000	5.6690377223849415	8797500
chr14	8800000	8805000	5.596608746523753	8802500
chr14	8805000	8810000	33.16706311770362	8807500
chr14	8810000	8815000	14.473507401000072	8812500
chr14	8815000	8820000	9.629432733001714	8817500
chr14	8820000	8825000	10.31006988033811	8822500
chr14	8825000	8830000	10.966468359201054	8827500
chr14	8830000	8835000	12.082040964208279	8832500
chr14	8835000	8840000	14.960630071146925	8837500
chr14	8840000	8845000	13.596791761965694	8842500
chr14	8845000	8850000	14.077139606983716	8847500
chr14	8850000	8855000	33.543365740720105	8852500
chr14	8855000	8860000	9.878357780769518	8857500
chr14	8860000	8865000	9.997892143566569	8862500
chr14	8865000	8870000	16.695001071196955	8867500
chr14	8870000	8875000	25.17785906198618	8872500
chr14	8875000	8880000	20.975782076375733	8877500
chr14	8880000	8885000	19.37443035591298	8882500
chr14	8885000	8890000	13.490835239584246	8887500
chr14	8890000	8895000	16.732586083150323	8892500
chr14	8895000	8900000	20.154445212551416	8897500
chr14	8900000	8905000	12.584516776383552	8902500
chr14	8905000	8910000	10.396663762926496	8907500
chr14	8910000	8915000	14.819520546233846	8912500
chr14	8915000	8920000	19.958398800589993	8917500
chr14	8920000	8925000	14.218448404475994	8922500
chr14	8925000	8930000	13.40744363098698	8927500
chr14	8930000	8935000	13.580945148377438	8932500
chr14	8935000	8940000	16.708907465019617	8937500
chr14	8940000	8945000	16.09208984616184	8942500
chr14	8945000	8950000	12.202850610867525	8947500
chr14	8950000	8955000	12.289624110250875	8952500
chr14	8955000	8960000	12.603330359497843	8957500
chr14	8960000	8965000	11.910110539655344	8962500
chr14	8965000	8970000	11.82739538395341	8967500
chr14	8970000	8975000	11.77611439654229	8972500
chr14	8975000	8980000	12.650657254800013	8977500
chr14	8980000	8985000	14.43291687550739	8982500
chr14	8985000	8990000	11.585033449833439	8987500
chr14	8990000	8995000	13.94637484835352	8992500
chr14	8995000	9000000	14.202498251458527	8997500
chr14	9000000	9005000	15.75846374078599	9002500
chr14	9005000	9010000	14.847989116480827	9007500
chr14	9010000	9015000	14.819366183356625	9012500
chr14	9015000	9020000	6.608229386531545	9017500
chr14	9020000	9025000	10.204174016140465	9022500
chr14	9025000	9030000	24.66691305195344	9027500
chr14	9030000	9035000	5.7444753238207324	9032500
chr14	9035000	9040000	6.933629467190232	9037500
chr14	9040000	9045000	4.146580041151113	9042500
chr14	9045000	9050000	12.504241042503777	9047500
chr14	9050000	9055000	19.83150957170502	9052500
chr14	9055000	9060000	4.01839577435049	9057500
chr14	9060000	9065000	6.630227312435064	9062500
chr14	9065000	9070000	8.613866560771816	9067500
chr14	9070000	9075000	25.436744198567855	9072500
chr14	9075000	9080000	29.178196563484512	9077500
chr14	9080000	9085000	5.5675638753796814	9082500
chr14	9085000	9090000	11.881213345183028	9087500
chr14	9090000	9095000	16.86280541827261	9092500
chr14	9095000	9100000	22.949197293421904	9097500
chr14	9100000	9105000	23.795230419083147	9102500
chr14	9105000	9110000	18.110761624549394	9107500
chr14	9110000	9115000	13.466624028292374	9112500
chr14	9115000	9120000	19.274949736508063	9117500
chr14	9120000	9125000	11.15513460969844	9122500
chr14	9125000	9130000	14.457279051795085	9127500
chr14	9130000	9135000	18.396735703503147	9132500
chr14	9135000	9140000	16.10672319120133	9137500
chr14	9140000	9145000	17.06062623128312	9142500
chr14	9145000	9150000	15.681433206078571	9147500
chr14	9150000	9155000	16.2932495347541	9152500
chr14	9155000	9160000	18.85588373535345	9157500
chr14	9160000	9165000	16.587033408077005	9162500
chr14	9165000	9170000	16.056157678795113	9167500
chr14	9170000	9175000	17.376372744095907	9172500
chr14	9175000	9180000	13.311912835048615	9177500
chr14	9180000	9185000	13.614647378584051	9182500
chr14	9185000	9190000	10.77791695566481	9187500
chr14	9190000	9195000	8.394394942689077	9192500
chr14	9195000	9200000	11.2724429352814	9197500
chr14	9200000	9205000	13.219845967953033	9202500
chr14	9205000	9210000	21.1321819608857	9207500
chr14	9210000	9215000	17.452483494674244	9212500
chr14	9215000	9220000	10.469541996522054	9217500
chr14	9220000	9225000	6.866497539832498	9222500
chr14	9225000	9230000	5.053262589543591	9227500
chr14	9230000	9235000	17.265152202218395	9232500
chr14	9235000	9240000	14.753467935763299	9237500
chr14	9240000	9245000	5.5586070792961735	9242500
chr14	9245000	9250000	4.9214522596690715	9247500
chr14	9250000	9255000	3.704822448865636	9252500
chr14	9255000	9260000	10.152620726716084	9257500
chr14	9260000	9265000	8.789231167452805	9262500
chr14	9265000	9270000	18.399058071281704	9267500
chr14	9270000	9275000	2.4090660959350068	9272500
chr14	9275000	9280000	3.6399107973763547	9277500
chr14	9280000	9285000	3.1103396027171093	9282500
chr14	9285000	9290000	15.850285971491173	9287500
chr14	9290000	9295000	19.074979012460844	9292500
chr14	9295000	9300000	10.25269603070964	9297500
chr14	9300000	9305000	22.251971081290392	9302500
chr14	9305000	9310000	18.211982662638764	9307500
chr14	9310000	9315000	16.31006445205676	9312500
chr14	9315000	9320000	6.6459988825080565	9317500
chr14	9320000	9325000	7.940171300493222	9322500
chr14	9325000	9330000	6.295779729853902	9327500
chr14	9330000	9335000	8.614794076052064	9332500
chr14	9335000	9340000	13.510678945636858	9337500
chr14	9340000	9345000	16.884142772974116	9342500
chr14	9345000	9350000	13.874828980416876	9347500
chr14	9350000	9355000	15.745796167976106	9352500
chr14	9355000	9360000	17.515693372740895	9357500
chr14	9360000	9365000	14.300521142369806	9362500
chr14	9365000	9370000	28.160158438703917	9367500
chr14	9370000	9375000	33.81833590525442	9372500
chr14	9375000	9380000	35.60667836817971	9377500
chr14	9380000	9385000	27.601667497338013	9382500
chr14	9385000	9390000	12.186134147842589	9387500
chr14	9390000	9395000	17.005896564882484	9392500
chr14	9395000	9400000	13.131433788375617	9397500
chr14	9400000	9405000	23.492773778159183	9402500
chr14	9405000	9410000	20.22597118173287	9407500
chr14	9410000	9415000	20.847445922827283	9412500
chr14	9415000	9420000	14.14744762057791	9417500
chr14	9420000	9425000	13.000224001477426	9422500
chr14	9425000	9430000	13.864432661223923	9427500
chr14	9430000	9435000	11.131899068200774	9432500
chr14	9435000	9440000	15.599997877767526	9437500
chr14	9440000	9445000	15.665268324360127	9442500
chr14	9445000	9450000	12.588255452982326	9447500
chr14	9450000	9455000	13.62176152860105	9452500
chr14	9455000	9460000	14.264441050847108	9457500
chr14	9460000	9465000	13.215314231304463	9462500
chr14	9465000	9470000	14.634436362117878	9467500
chr14	9470000	9475000	13.044024679631978	9472500
chr14	9475000	9480000	16.256284226076097	9477500
chr14	9480000	9485000	14.14410596317059	9482500
chr14	9485000	9490000	16.06877464766893	9487500
chr14	9490000	9495000	12.934315037426703	9492500
chr14	9495000	9500000	12.625545126707896	9497500
chr14	9500000	9505000	13.038198935468012	9502500
chr14	9505000	9510000	11.186128887220736	9507500
chr14	9510000	9515000	11.106934398848507	9512500
chr14	9515000	9520000	6.745539391487869	9517500
chr14	9520000	9525000	10.890028750560642	9522500
chr14	9525000	9530000	15.533699535883638	9527500
chr14	9530000	9535000	12.71075307490762	9532500
chr14	9535000	9540000	10.658287645136317	9537500
chr14	9540000	9545000	8.499995500727268	9542500
chr14	9545000	9550000	8.586004218295079	9547500
chr14	9550000	9555000	6.805747744229269	9552500
chr14	9555000	9560000	4.968259916952762	9557500
chr14	9560000	9565000	4.67907147084415	9562500
chr14	9565000	9570000	9.211179763819608	9567500
chr14	9570000	9575000	9.380119480399472	9572500
chr14	9575000	9580000	7.996633862901017	9577500
chr14	9580000	9585000	8.398199038297573	9582500
chr14	9585000	9590000	14.018084357795408	9587500
chr14	9590000	9595000	9.314667690704868	9592500
chr14	9595000	9600000	9.112588421293637	9597500
chr14	9600000	9605000	7.382290995544957	9602500
chr14	9605000	9610000	8.268316097489238	9607500
chr14	9610000	9615000	9.202508519015673	9612500
chr14	9615000	9620000	12.665676189611917	9617500
chr14	9620000	9625000	12.023695177566646	9622500
chr14	9625000	9630000	29.132287909705813	9627500
chr14	9630000	9635000	14.377242609722897	9632500
chr14	9635000	9640000	17.626175350203848	9637500
chr14	9640000	9645000	15.100530358770667	9642500
chr14	9645000	9650000	25.283175881197174	9647500
chr14	9650000	9655000	18.163351791420386	9652500
chr14	9655000	9660000	25.726190555803328	9657500
chr14	9660000	9665000	15.878571886522518	9662500
chr14	9665000	9670000	16.71602495255579	9667500
chr14	9670000	9675000	21.29275009483351	9672500
chr14	9675000	9680000	13.51597782483469	9677500
chr14	9680000	9685000	14.153868804824967	9682500
chr14	9685000	9690000	9.2672239544636	9687500
chr14	9690000	9695000	9.535377990098715	9692500
chr14	9695000	9700000	16.607702996657377	9697500
chr14	9700000	9705000	10.257130776243638	9702500
chr14	9705000	9710000	10.527351931688953	9707500
chr14	9710000	9715000	20.472750530459386	9712500
chr14	9715000	9720000	25.082130004290118	9717500
chr14	9720000	9725000	9.341888645752695	9722500
chr14	9725000	9730000	12.955248464867285	9727500
chr14	9730000	9735000	9.115039843698815	9732500
chr14	9735000	9740000	10.609760903663009	9737500
chr14	9740000	9745000	8.622836401212885	9742500
chr14	9745000	9750000	15.210096650326934	9747500
chr14	9750000	9755000	15.530824254749282	9752500
chr14	9755000	9760000	11.42906036505771	9757500
chr14	9760000	9765000	10.594132909784397	9762500
chr14	9765000	9770000	13.190424061063009	9767500
chr14	9770000	9775000	7.360862400687667	9772500
chr14	9775000	9780000	7.901197802254685	9777500
chr14	9780000	9785000	11.741286987124939	9782500
chr14	9785000	9790000	12.79887746100562	9787500
chr14	9790000	9795000	9.741599881729346	9792500
chr14	9795000	9800000	10.04126964053562	9797500
chr14	9800000	9805000	4.940841137060625	9802500
chr14	9805000	9810000	21.406900502712745	9807500
chr14	9810000	9815000	22.357678898912418	9812500
chr14	9815000	9820000	8.811896028629345	9817500
chr14	9820000	9825000	9.968174771953679	9822500
chr14	9825000	9830000	9.823145705279694	9827500
chr14	9830000	9835000	13.834550760544403	9832500
chr14	9835000	9840000	15.412687772262148	9837500
chr14	9840000	9845000	16.348715067475865	9842500
chr14	9845000	9850000	16.714005110811236	9847500
chr14	9850000	9855000	13.998186477131487	9852500
chr14	9855000	9860000	11.983444597849106	9857500
chr14	9860000	9865000	22.776498480363596	9862500
chr14	9865000	9870000	14.561535285092152	9867500
chr14	9870000	9875000	12.242967610843479	9872500
chr14	9875000	9880000	3.9962562690832226	9877500
chr14	9880000	9885000	11.002390297931909	9882500
chr14	9885000	9890000	15.734961660176454	9887500
chr14	9890000	9895000	14.992257098657653	9892500
chr14	9895000	9900000	16.681140855705955	9897500
chr14	9900000	9905000	10.796604679546592	9902500
chr14	9905000	9910000	22.44080781612432	9907500
chr14	9910000	9915000	14.253645072353057	9912500
chr14	9915000	9920000	11.220241072194508	9917500
chr14	9920000	9925000	15.299389634392487	9922500
chr14	9925000	9930000	7.7776830518257976	9927500
chr14	9930000	9935000	15.345633705464673	9932500
chr14	9935000	9940000	19.643794121381724	9937500
chr14	9940000	9945000	12.955910976758446	9942500
chr14	9945000	9950000	6.9578678616891665	9947500
chr14	9950000	9955000	8.9463551228077	9952500
chr14	9955000	9960000	8.329257136628382	9957500
chr14	9960000	9965000	13.71075729912696	9962500
chr14	9965000	9970000	29.651304602178286	9967500
chr14	9970000	9975000	20.278321193150816	9972500
chr14	9975000	9980000	8.98898451487929	9977500
chr14	9980000	9985000	15.335895714547181	9982500
chr14	9985000	9990000	14.146341647138263	9987500
chr14	9990000	9995000	13.772972651622068	9992500
chr14	9995000	10000000	19.482833344794795	9997500
chr14	10000000	10005000	22.561936941974704	10002500
chr14	10005000	10010000	29.55685507433278	10007500
chr14	10010000	10015000	14.677560486725053	10012500
chr14	10015000	10020000	14.631659832074154	10017500
chr14	10020000	10025000	21.388950341346323	10022500
chr14	10025000	10030000	13.375749079472229	10027500
chr14	10030000	10035000	15.094502014091926	10032500
chr14	10035000	10040000	8.814302947767352	10037500
chr14	10040000	10045000	11.554871403108663	10042500
chr14	10045000	10050000	18.220048111391463	10047500
chr14	10050000	10055000	15.492033859855509	10052500
chr14	10055000	10060000	16.205552633873637	10057500
chr14	10060000	10065000	13.423663797044439	10062500
chr14	10065000	10070000	8.096946270512435	10067500
chr14	10070000	10075000	8.945037649359445	10072500
chr14	10075000	10080000	4.08317990980041	10077500
chr14	10080000	10085000	3.518698531063551	10082500
chr14	10085000	10090000	12.439010667702277	10087500
chr14	10090000	10095000	7.782785688861211	10092500
chr14	10095000	10100000	10.941500607194548	10097500
chr14	10100000	10105000	10.472192055134768	10102500
chr14	10105000	10110000	11.767396339521602	10107500
chr14	10110000	10115000	10.775455925265703	10112500
chr14	10115000	10120000	11.598087159297602	10117500
chr14	10120000	10125000	9.368737634856648	10122500
chr14	10125000	10130000	6.4809016203845635	10127500
chr14	10130000	10135000	6.116760986804216	10132500
chr14	10135000	10140000	6.050122320379076	10137500
chr14	10140000	10145000	9.769842486308743	10142500
chr14	10145000	10150000	13.593252090836158	10147500
chr14	10150000	10155000	13.908108889268567	10152500
chr14	10155000	10160000	10.154719496001784	10157500
chr14	10160000	10165000	12.980809480392256	10162500
chr14	10165000	10170000	9.115457801030077	10167500
chr14	10170000	10175000	15.692827918094574	10172500
chr14	10175000	10180000	13.602748856675841	10177500
chr14	10180000	10185000	14.5882122136383	10182500
chr14	10185000	10190000	8.658909675362063	10187500
chr14	10190000	10195000	11.317640456936124	10192500
chr14	10195000	10200000	11.593499057778	10197500
chr14	10200000	10205000	12.032702288454082	10202500
chr14	10205000	10210000	8.275107267765211	10207500
chr14	10210000	10215000	5.646234929676796	10212500
chr14	10215000	10220000	4.953436042547425	10217500
chr14	10220000	10225000	3.437627017966244	10222500
chr14	10225000	10230000	3.2184161356339747	10227500
chr14	10230000	10235000	3.5909291536741392	10232500
chr14	10235000	10240000	16.975963772732825	10237500
chr14	10240000	10245000	12.24051575145094	10242500
chr14	10245000	10250000	9.017516603347156	10247500
chr14	10250000	10255000	7.2813534604765175	10252500
chr14	10255000	10260000	20.502563416731743	10257500
chr14	10260000	10265000	9.377776619267257	10262500
chr14	10265000	10270000	12.157032812124116	10267500
chr14	10270000	10275000	8.85348660175445	10272500
chr14	10275000	10280000	10.218947570039457	10277500
chr14	10280000	10285000	7.532261524438128	10282500
chr14	10285000	10290000	7.911262213427284	10287500
chr14	10290000	10295000	8.720509748834694	10292500
chr14	10295000	10300000	8.687166310427852	10297500
chr14	10300000	10305000	16.676971470275475	10302500
chr14	10305000	10310000	19.22003210315622	10307500
chr14	10310000	10315000	12.590632282730251	10312500
chr14	10315000	10320000	13.504615058444646	10317500
chr14	10320000	10325000	16.5772311747966	10322500
chr14	10325000	10330000	23.382811790112832	10327500
chr14	10330000	10335000	9.720390793379453	10332500
chr14	10335000	10340000	8.689714948212107	10337500
chr14	10340000	10345000	8.975088327714122	10342500
chr14	10345000	10350000	7.757563347653192	10347500
chr14	10350000	10355000	7.427183195829041	10352500
chr14	10355000	10360000	7.308321503101122	10357500
chr14	10360000	10365000	8.218888274843968	10362500
chr14	10365000	10370000	17.27036289949904	10367500
chr14	10370000	10375000	14.598076681348278	10372500
chr14	10375000	10380000	12.541536093159902	10377500
chr14	10380000	10385000	11.29593422435946	10382500
chr14	10385000	10390000	12.185176393878836	10387500
chr14	10390000	10395000	11.697333047057544	10392500
chr14	10395000	10400000	15.61960333151104	10397500
chr14	10400000	10405000	12.909416491364631	10402500
chr14	10405000	10410000	14.065397326534534	10407500
chr14	10410000	10415000	13.126252991346046	10412500
chr14	10415000	10420000	16.6689644425592	10417500
chr14	10420000	10425000	15.632739412780307	10422500
chr14	10425000	10430000	13.666289546698009	10427500
chr14	10430000	10435000	14.318839946627037	10432500
chr14	10435000	10440000	14.036884976577278	10437500
chr14	10440000	10445000	11.756188715865596	10442500
chr14	10445000	10450000	10.06426485858561	10447500
chr14	10450000	10455000	15.598637322939494	10452500
chr14	10455000	10460000	13.098841399905728	10457500
chr14	10460000	10465000	15.097486208502415	10462500
chr14	10465000	10470000	15.847790464577026	10467500
chr14	10470000	10475000	14.121366634985229	10472500
chr14	10475000	10480000	12.302911851677246	10477500
chr14	10480000	10485000	14.095445235133713	10482500
chr14	10485000	10490000	16.41283663319215	10487500
chr14	10490000	10495000	12.96600782851772	10492500
chr14	10495000	10500000	19.085943855408765	10497500
chr14	10500000	10505000	17.109080758756747	10502500
chr14	10505000	10510000	11.616582857002328	10507500
chr14	10510000	10515000	11.814495745842816	10512500
chr14	10515000	10520000	9.831285856788686	10517500
chr14	10520000	10525000	11.65409270055552	10522500
chr14	10525000	10530000	19.12209373381001	10527500
chr14	10530000	10535000	18.92032457277656	10532500
chr14	10535000	10540000	22.577308573667537	10537500
chr14	10540000	10545000	14.96175020980901	10542500
chr14	10545000	10550000	12.753439781516354	10547500
chr14	10550000	10555000	14.703074990877457	10552500
chr14	10555000	10560000	17.004265790138373	10557500
chr14	10560000	10565000	19.951561661134953	10562500
chr14	10565000	10570000	24.937611555023828	10567500
chr14	10570000	10575000	24.30806321651839	10572500
chr14	10575000	10580000	10.946159495615785	10577500
chr14	10580000	10585000	10.723400935967916	10582500
chr14	10585000	10590000	17.627714902481376	10587500
chr14	10590000	10595000	10.372238052340323	10592500
chr14	10595000	10600000	13.392823625355252	10597500
chr14	10600000	10605000	13.983328715118711	10602500
chr14	10605000	10610000	13.830485631277682	10607500
chr14	10610000	10615000	18.640516725042414	10612500
chr14	10615000	10620000	17.739305797020226	10617500
chr14	10620000	10625000	14.3203015159076	10622500
chr14	10625000	10630000	9.735434765442799	10627500
chr14	10630000	10635000	11.216814472676635	10632500
chr14	10635000	10640000	16.720136085144308	10637500
chr14	10640000	10645000	8.399687348538324	10642500
chr14	10645000	10650000	4.237558385480111	10647500
chr14	10650000	10655000	7.023732186447548	10652500
chr14	10655000	10660000	12.321132134871942	10657500
chr14	10660000	10665000	14.564127209386537	10662500
chr14	10665000	10670000	18.885279876580977	10667500
chr14	10670000	10675000	19.164781709254992	10672500
chr14	10675000	10680000	28.05107216398669	10677500
chr14	10680000	10685000	17.006059907473688	10682500
chr14	10685000	10690000	15.56310798453152	10687500
chr14	10690000	10695000	23.475458321601646	10692500
chr14	10695000	10700000	13.451692128734265	10697500
chr14	10700000	10705000	15.261413500340101	10702500
chr14	10705000	10710000	19.09280363115472	10707500
chr14	10710000	10715000	21.320560893060566	10712500
chr14	10715000	10720000	7.975457595909992	10717500
chr14	10720000	10725000	6.0750453811542995	10722500
chr14	10725000	10730000	5.6480764206097955	10727500
chr14	10730000	10735000	3.207133000613666	10732500
chr14	10735000	10740000	5.342388723057852	10737500
chr14	10740000	10745000	6.157922197085335	10742500
chr14	10745000	10750000	8.580333599102607	10747500
chr14	10750000	10755000	19.474964258851042	10752500
chr14	10755000	10760000	13.472212111803081	10757500
chr14	10760000	10765000	6.4585984896302255	10762500
chr14	10765000	10770000	5.148637416186225	10767500
chr14	10770000	10775000	15.039493186924961	10772500
chr14	10775000	10780000	16.73632630271187	10777500
chr14	10780000	10785000	15.939439924197407	10782500
chr14	10785000	10790000	15.858073809504887	10787500
chr14	10790000	10795000	13.644216496179753	10792500
chr14	10795000	10800000	10.918535866918253	10797500
chr14	10800000	10805000	9.452910118965029	10802500
chr14	10805000	10810000	16.829148584984388	10807500
chr14	10810000	10815000	23.349380513237634	10812500
chr14	10815000	10820000	6.084270391287652	10817500
chr14	10820000	10825000	2.2438846666419496	10822500
chr14	10825000	10830000	2.85782007452534	10827500
chr14	10830000	10835000	10.413782420423972	10832500
chr14	10835000	10840000	7.052216752524043	10837500
chr14	10840000	10845000	7.818497155531609	10842500
chr14	10845000	10850000	9.36186446920739	10847500
chr14	10850000	10855000	8.660577034434008	10852500
chr14	10855000	10860000	5.097173192314953	10857500
chr14	10860000	10865000	3.8370596440324487	10862500
chr14	10865000	10870000	4.937202161334072	10867500
chr14	10870000	10875000	15.58091054514766	10872500
chr14	10875000	10880000	12.434901554521621	10877500
chr14	10880000	10885000	8.383891888634574	10882500
chr14	10885000	10890000	12.435720054376905	10887500
chr14	10890000	10895000	14.819289477310985	10892500
chr14	10895000	10900000	12.876764217301833	10897500
chr14	10900000	10905000	6.511269050724004	10902500
chr14	10905000	10910000	7.358692531839553	10907500
chr14	10910000	10915000	8.836825085248535	10912500
chr14	10915000	10920000	12.027951638313414	10917500
chr14	10920000	10925000	17.53387417896076	10922500
chr14	10925000	10930000	17.928827021742233	10927500
chr14	10930000	10935000	15.589771621696167	10932500
chr14	10935000	10940000	14.223477476572985	10937500
chr14	10940000	10945000	15.739651807239143	10942500
chr14	10945000	10950000	7.7892327296749455	10947500
chr14	10950000	10955000	7.9120817868595115	10952500
chr14	10955000	10960000	15.939169071183999	10957500
chr14	10960000	10965000	15.750713557813066	10962500
chr14	10965000	10970000	14.564826530836651	10967500
chr14	10970000	10975000	12.827832339033625	10972500
chr14	10975000	10980000	10.7500018726026	10977500
chr14	10980000	10985000	11.143366504170023	10982500
chr14	10985000	10990000	11.882089483673235	10987500
chr14	10990000	10995000	32.65751786730967	10992500
chr14	10995000	11000000	28.32646196985615	10997500
chr14	11000000	11005000	16.4483081114909	11002500
chr14	11005000	11010000	12.654292646073774	11007500
chr14	11010000	11015000	18.911517016840296	11012500
chr14	11015000	11020000	14.525317934468822	11017500
chr14	11020000	11025000	8.255725317158532	11022500
chr14	11025000	11030000	8.171099747410517	11027500
chr14	11030000	11035000	18.091894804010124	11032500
chr14	11035000	11040000	10.64526132265366	11037500
chr14	11040000	11045000	8.71524452195572	11042500
chr14	11045000	11050000	12.923584600949335	11047500
chr14	11050000	11055000	14.55314839131947	11052500
chr14	11055000	11060000	14.317479487089585	11057500
chr14	11060000	11065000	16.254903100024542	11062500
chr14	11065000	11070000	13.57482661485518	11067500
chr14	11070000	11075000	15.646864851740673	11072500
chr14	11075000	11080000	21.29422819530787	11077500
chr14	11080000	11085000	11.38844586569289	11082500
chr14	11085000	11090000	18.500463773239158	11087500
chr14	11090000	11095000	30.26498449007412	11092500
chr14	11095000	11100000	22.46101615460132	11097500
chr14	11100000	11105000	17.75340825602461	11102500
chr14	11105000	11110000	17.56966762586767	11107500
chr14	11110000	11115000	14.245696184169862	11112500
chr14	11115000	11120000	16.71640601731073	11117500
chr14	11120000	11125000	26.7098950321121	11122500
chr14	11125000	11130000	17.605014481340973	11127500
chr14	11130000	11135000	14.335940761653191	11132500
chr14	11135000	11140000	8.889458517167556	11137500
chr14	11140000	11145000	9.701444348196173	11142500
chr14	11145000	11150000	28.94206850564453	11147500
chr14	11150000	11155000	18.99834234536424	11152500
chr14	11155000	11160000	17.793924570959536	11157500
chr14	11160000	11165000	20.666578567382793	11162500
chr14	11165000	11170000	17.31282866169706	11167500
chr14	11170000	11175000	21.162682096058493	11172500
chr14	11175000	11180000	18.288038432517578	11177500
chr14	11180000	11185000	15.584385912031228	11182500
chr14	11185000	11190000	21.788272630471692	11187500
chr14	11190000	11195000	27.777690832294947	11192500
chr14	11195000	11200000	26.674796950952363	11197500
chr14	11200000	11205000	21.54502514570464	11202500
chr14	11205000	11210000	13.234236936053758	11207500
chr14	11210000	11215000	8.693404773142705	11212500
chr14	11215000	11220000	7.836363225980942	11217500
chr14	11220000	11225000	11.428166484111768	11222500
chr14	11225000	11230000	12.310948054060159	11227500
chr14	11230000	11235000	16.514804895731494	11232500
chr14	11235000	11240000	12.714288869387712	11237500
chr14	11240000	11245000	10.293751559456389	11242500
chr14	11245000	11250000	12.731220152868087	11247500
chr14	11250000	11255000	14.811960407009153	11252500
chr14	11255000	11260000	14.617497343468003	11257500
chr14	11260000	11265000	15.728979287775887	11262500
chr14	11265000	11270000	15.964660256284981	11267500
chr14	11270000	11275000	12.666301022456253	11272500
chr14	11275000	11280000	11.584526415561143	11277500
chr14	11280000	11285000	14.304665260009205	11282500
chr14	11285000	11290000	11.187024419317607	11287500
chr14	11290000	11295000	15.189588101042085	11292500
chr14	11295000	11300000	13.3257857426236	11297500
chr14	11300000	11305000	15.406485283969454	11302500
chr14	11305000	11310000	17.089369548640768	11307500
chr14	11310000	11315000	14.307237644237931	11312500
chr14	11315000	11320000	13.725874486683091	11317500
chr14	11320000	11325000	12.929134171241126	11322500
chr14	11325000	11330000	12.118812379075415	11327500
chr14	11330000	11335000	10.967022739479784	11332500
chr14	11335000	11340000	10.967022739479795	11337500
chr14	11340000	11345000	14.668955444618646	11342500
chr14	11345000	11350000	19.64180443210229	11347500
chr14	11350000	11355000	14.189319729554496	11352500
chr14	11355000	11360000	10.878249928253666	11357500
chr14	11360000	11365000	10.071278922483742	11362500
chr14	11365000	11370000	11.678427353768354	11367500
chr14	11370000	11375000	11.429469686913881	11372500
chr14	11375000	11380000	11.522521046851592	11377500
chr14	11380000	11385000	8.77416842650336	11382500
chr14	11385000	11390000	10.649021382293991	11387500
chr14	11390000	11395000	4.630627042162264	11392500
chr14	11395000	11400000	6.4612386213208115	11397500
chr14	11400000	11405000	7.113914167012478	11402500
chr14	11405000	11410000	9.767143119113797	11407500
chr14	11410000	11415000	13.858820721448236	11412500
chr14	11415000	11420000	11.007533016559167	11417500
chr14	11420000	11425000	8.451965037718676	11422500
chr14	11425000	11430000	13.594300487839579	11427500
chr14	11430000	11435000	10.48755109265142	11432500
chr14	11435000	11440000	9.329396423703377	11437500
chr14	11440000	11445000	11.082524253297159	11442500
chr14	11445000	11450000	10.390007917713831	11447500
chr14	11450000	11455000	10.943145289954337	11452500
chr14	11455000	11460000	12.863180313820424	11457500
chr14	11460000	11465000	14.71963334047303	11462500
chr14	11465000	11470000	13.700128285769846	11467500
chr14	11470000	11475000	10.19084943301855	11472500
chr14	11475000	11480000	11.247008513686449	11477500
chr14	11480000	11485000	9.676705599144409	11482500
chr14	11485000	11490000	6.989761890342398	11487500
chr14	11490000	11495000	9.374013336295198	11492500
chr14	11495000	11500000	5.607806530588628	11497500
chr14	11500000	11505000	5.417015942439528	11502500
chr14	11505000	11510000	7.660026971443834	11507500
chr14	11510000	11515000	7.313720061541197	11512500
chr14	11515000	11520000	6.002883428713657	11517500
chr14	11520000	11525000	4.1217904733102415	11522500
chr14	11525000	11530000	5.71042136536831	11527500
chr14	11530000	11535000	6.995449807126179	11532500
chr14	11535000	11540000	4.329735576121245	11537500
chr14	11540000	11545000	3.2302386962232426	11542500
chr14	11545000	11550000	4.350880800239152	11547500
chr14	11550000	11555000	3.4961648369459346	11552500
chr14	11555000	11560000	4.43354822665831	11557500
chr14	11560000	11565000	6.361168054307465	11562500
chr14	11565000	11570000	4.483190218423963	11567500
chr14	11570000	11575000	3.9922809223933102	11572500
chr14	11575000	11580000	4.947794726077954	11577500
chr14	11580000	11585000	6.409368366411823	11582500
chr14	11585000	11590000	7.861974375185395	11587500
chr14	11590000	11595000	20.011295367336388	11592500
chr14	11595000	11600000	7.432616894694636	11597500
chr14	11600000	11605000	6.280755763029268	11602500
chr14	11605000	11610000	7.16859576244079	11607500
chr14	11610000	11615000	3.4488217828593406	11612500
chr14	11615000	11620000	8.618189228872179	11617500
chr14	11620000	11625000	10.68667976996351	11622500
chr14	11625000	11630000	21.252671355778567	11627500
chr14	11630000	11635000	10.363187308258501	11632500
chr14	11635000	11640000	7.265435577063181	11637500
chr14	11640000	11645000	7.215656035608677	11642500
chr14	11645000	11650000	19.123148302307143	11647500
chr14	11650000	11655000	8.215533160648292	11652500
chr14	11655000	11660000	4.7587352384315	11657500
chr14	11660000	11665000	3.5818210184811563	11662500
chr14	11665000	11670000	10.76600886905946	11667500
chr14	11670000	11675000	8.857292516524085	11672500
chr14	11675000	11680000	7.493255285016294	11677500
chr14	11680000	11685000	4.568870133673924	11682500
chr14	11685000	11690000	5.7281763631311895	11687500
chr14	11690000	11695000	9.79766652771128	11692500
chr14	11695000	11700000	8.78966670108159	11697500
chr14	11700000	11705000	16.32106371400772	11702500
chr14	11705000	11710000	12.551565692410179	11707500
chr14	11710000	11715000	9.450903100076262	11712500
chr14	11715000	11720000	11.522795243082376	11717500
chr14	11720000	11725000	12.03529889944605	11722500
chr14	11725000	11730000	23.971366074005783	11727500
chr14	11730000	11735000	26.30351459329184	11732500
chr14	11735000	11740000	12.045829075559848	11737500
chr14	11740000	11745000	15.231804792709562	11742500
chr14	11745000	11750000	11.262731273442142	11747500
chr14	11750000	11755000	24.533088500757593	11752500
chr14	11755000	11760000	23.08960323378348	11757500
chr14	11760000	11765000	18.17420275919676	11762500
chr14	11765000	11770000	14.47023495614023	11767500
chr14	11770000	11775000	2.7071930966589783	11772500
chr14	11775000	11780000	5.736863928349696	11777500
chr14	11780000	11785000	6.125246684372081	11782500
chr14	11785000	11790000	6.683331199839215	11787500
chr14	11790000	11795000	19.133656415628927	11792500
chr14	11795000	11800000	5.950172975095567	11797500
chr14	11800000	11805000	4.893389174733724	11802500
chr14	11805000	11810000	6.400290505270853	11807500
chr14	11810000	11815000	8.22779424681547	11812500
chr14	11815000	11820000	4.771915922759676	11817500
chr14	11820000	11825000	3.8406100905111193	11822500
chr14	11825000	11830000	3.4246850554406496	11827500
chr14	11830000	11835000	5.057698389813214	11832500
chr14	11835000	11840000	6.826567000579899	11837500
chr14	11840000	11845000	13.321691476020629	11842500
chr14	11845000	11850000	13.599011830297762	11847500
chr14	11850000	11855000	13.681235597762981	11852500
chr14	11855000	11860000	1.1333150886413106	11857500
chr14	11860000	11865000	0.7563373396443926	11862500
chr14	11865000	11870000	1.6596301893161636	11867500
chr14	11870000	11875000	1.4051656634311325	11872500
chr14	11875000	11880000	3.1480256912145723	11877500
chr14	11880000	11885000	1.3595115676277345	11882500
chr14	11885000	11890000	3.039568966409862	11887500
chr14	11890000	11895000	8.89063920686169	11892500
chr14	11895000	11900000	3.559268913014587	11897500
chr14	11900000	11905000	6.639004140978869	11902500
chr14	11905000	11910000	8.946709328352298	11907500
chr14	11910000	11915000	14.953492674336777	11912500
chr14	11915000	11920000	16.280947127973832	11917500
chr14	11920000	11925000	13.349176090519137	11922500
chr14	11925000	11930000	4.8765904861619225	11927500
chr14	11930000	11935000	6.650627029943561	11932500
chr14	11935000	11940000	10.457297556579704	11937500
chr14	11940000	11945000	5.174048620342245	11942500
chr14	11945000	11950000	5.530535410358868	11947500
chr14	11950000	11955000	6.304359819888289	11952500
chr14	11955000	11960000	17.30063111880512	11957500
chr14	11960000	11965000	7.324196659848609	11962500
chr14	11965000	11970000	5.9865749869212035	11967500
chr14	11970000	11975000	7.290777914895679	11972500
chr14	11975000	11980000	5.799209773277097	11977500
chr14	11980000	11985000	6.260919894021055	11982500
chr14	11985000	11990000	8.787163088299806	11987500
chr14	11990000	11995000	16.1911552533527	11992500
chr14	11995000	12000000	12.814452554822832	11997500
chr14	12000000	12005000	14.981270871567988	12002500
chr14	12005000	12010000	11.714161004187776	12007500
chr14	12010000	12015000	11.43543809074021	12012500
chr14	12015000	12020000	12.307402497092982	12017500
chr14	12020000	12025000	19.903840057537927	12022500
chr14	12025000	12030000	19.148396111534755	12027500
chr14	12030000	12035000	12.98066927638237	12032500
chr14	12035000	12040000	15.476448512947426	12037500
chr14	12040000	12045000	17.472275040404092	12042500
chr14	12045000	12050000	19.109911427002476	12047500
chr14	12050000	12055000	16.826439082576993	12052500
chr14	12055000	12060000	7.7110653490863985	12057500
chr14	12060000	12065000	12.255970419264651	12062500
chr14	12065000	12070000	11.96509841350189	12067500
chr14	12070000	12075000	11.327772001096836	12072500
chr14	12075000	12080000	8.244307690825941	12077500
chr14	12080000	12085000	6.28868499803124	12082500
chr14	12085000	12090000	10.028402575394297	12087500
chr14	12090000	12095000	25.618348099282244	12092500
chr14	12095000	12100000	21.659515852178902	12097500
chr14	12100000	12105000	25.97081492702223	12102500
chr14	12105000	12110000	19.055900069319247	12107500
chr14	12110000	12115000	22.347088906829388	12112500
chr14	12115000	12120000	13.58656646924599	12117500
chr14	12120000	12125000	10.796859692674365	12122500
chr14	12125000	12130000	16.666193215180886	12127500
chr14	12130000	12135000	14.416655146555955	12132500
chr14	12135000	12140000	19.015860757631646	12137500
chr14	12140000	12145000	19.650479734101875	12142500
chr14	12145000	12150000	10.259197604656789	12147500
chr14	12150000	12155000	11.266552052160334	12152500
chr14	12155000	12160000	8.386200833874097	12157500
chr14	12160000	12165000	10.42750657378921	12162500
chr14	12165000	12170000	13.384238369776423	12167500
chr14	12170000	12175000	21.17949134952593	12172500
chr14	12175000	12180000	22.472181934735058	12177500
chr14	12180000	12185000	12.95348101679156	12182500
chr14	12185000	12190000	8.734295874145289	12187500
chr14	12190000	12195000	10.458979726118407	12192500
chr14	12195000	12200000	9.492443264859087	12197500
chr14	12200000	12205000	15.05899489981613	12202500
chr14	12205000	12210000	33.154022296357134	12207500
chr14	12210000	12215000	34.37923604779733	12212500
chr14	12215000	12220000	30.0714444745512	12217500
chr14	12220000	12225000	30.384999393341833	12222500
chr14	12225000	12230000	23.240794739986132	12227500
chr14	12230000	12235000	15.950106032440239	12232500
chr14	12235000	12240000	12.895750622994962	12237500
chr14	12240000	12245000	9.273579997933437	12242500
chr14	12245000	12250000	15.855886314794246	12247500
chr14	12250000	12255000	8.88259518809271	12252500
chr14	12255000	12260000	23.33640976168836	12257500
chr14	12260000	12265000	19.253060109124423	12262500
chr14	12265000	12270000	11.635541277287532	12267500
chr14	12270000	12275000	7.657825865080099	12272500
chr14	12275000	12280000	6.670662725982157	12277500
chr14	12280000	12285000	19.070747770691778	12282500
chr14	12285000	12290000	20.777326771555305	12287500
chr14	12290000	12295000	6.4388012428863775	12292500
chr14	12295000	12300000	6.584129728424159	12297500
chr14	12300000	12305000	4.7155036833760295	12302500
chr14	12305000	12310000	24.349846211865493	12307500
chr14	12310000	12315000	13.752899537253931	12312500
chr14	12315000	12320000	19.57426706790855	12317500
chr14	12320000	12325000	25.02317031849107	12322500
chr14	12325000	12330000	28.890192140245645	12327500
chr14	12330000	12335000	19.70938191600155	12332500
chr14	12335000	12340000	26.810442027336265	12337500
chr14	12340000	12345000	12.53856584453895	12342500
chr14	12345000	12350000	9.536201695641132	12347500
chr14	12350000	12355000	10.201226932346376	12352500
chr14	12355000	12360000	17.011322076716784	12357500
chr14	12360000	12365000	18.828667716099208	12362500
chr14	12365000	12370000	11.354333308147718	12367500
chr14	12370000	12375000	8.919996976467182	12372500
chr14	12375000	12380000	7.250508399941349	12377500
chr14	12380000	12385000	6.393769752781448	12382500
chr14	12385000	12390000	11.725540578058013	12387500
chr14	12390000	12395000	8.99146544969153	12392500
chr14	12395000	12400000	14.174422955326673	12397500
chr14	12400000	12405000	10.313006456354854	12402500
chr14	12405000	12410000	14.60912899728685	12407500
chr14	12410000	12415000	22.619437803599542	12412500
chr14	12415000	12420000	38.30326845092308	12417500
chr14	12420000	12425000	23.51220875813849	12422500
chr14	12425000	12430000	29.159774558368333	12427500
chr14	12430000	12435000	25.288398439871273	12432500
chr14	12435000	12440000	17.734445661724106	12437500
chr14	12440000	12445000	21.656757453427605	12442500
chr14	12445000	12450000	22.014340121430692	12447500
chr14	12450000	12455000	18.275518455305754	12452500
chr14	12455000	12460000	18.851386080864998	12457500
chr14	12460000	12465000	11.02359566023233	12462500
chr14	12465000	12470000	7.573466545136058	12467500
chr14	12470000	12475000	15.345961026509856	12472500
chr14	12475000	12480000	34.10073336639013	12477500
chr14	12480000	12485000	12.29991002141695	12482500
chr14	12485000	12490000	10.327763873946617	12487500
chr14	12490000	12495000	9.121409994700224	12492500
chr14	12495000	12500000	6.792633033785324	12497500
chr14	12500000	12505000	18.553435342661427	12502500
chr14	12505000	12510000	18.792726253708317	12507500
chr14	12510000	12515000	13.572722385093307	12512500
chr14	12515000	12520000	16.48706062250545	12517500
chr14	12520000	12525000	18.536541968972106	12522500
chr14	12525000	12530000	16.985434384381378	12527500
chr14	12530000	12535000	14.333583297913796	12532500
chr14	12535000	12540000	9.21314644058266	12537500
chr14	12540000	12545000	9.162711028635801	12542500
chr14	12545000	12550000	7.993136843567846	12547500
chr14	12550000	12555000	6.3844005043402685	12552500
chr14	12555000	12560000	7.600149488435953	12557500
chr14	12560000	12565000	11.906581109535296	12562500
chr14	12565000	12570000	12.67461178374438	12567500
chr14	12570000	12575000	12.985791407520322	12572500
chr14	12575000	12580000	11.170251738587721	12577500
chr14	12580000	12585000	11.4817837620686	12582500
chr14	12585000	12590000	12.842859311959234	12587500
chr14	12590000	12595000	16.420434916347816	12592500
chr14	12595000	12600000	15.554100634827247	12597500
chr14	12600000	12605000	12.767683527620502	12602500
chr14	12605000	12610000	10.604515161910054	12607500
chr14	12610000	12615000	10.336753168811082	12612500
chr14	12615000	12620000	12.014936786119465	12617500
chr14	12620000	12625000	13.232979034122103	12622500
chr14	12625000	12630000	17.735736915539555	12627500
chr14	12630000	12635000	14.978110612428218	12632500
chr14	12635000	12640000	11.479672399291644	12637500
chr14	12640000	12645000	13.956411130098129	12642500
chr14	12645000	12650000	10.395783392490126	12647500
chr14	12650000	12655000	18.49085640077506	12652500
chr14	12655000	12660000	23.049831766357492	12657500
chr14	12660000	12665000	19.695604339779116	12662500
chr14	12665000	12670000	20.661891005803113	12667500
chr14	12670000	12675000	18.645823050481894	12672500
chr14	12675000	12680000	14.883757206695456	12677500
chr14	12680000	12685000	13.85499913146682	12682500
chr14	12685000	12690000	18.254576736210563	12687500
chr14	12690000	12695000	22.110788456916893	12692500
chr14	12695000	12700000	11.307995429622556	12697500
chr14	12700000	12705000	6.21068948461514	12702500
chr14	12705000	12710000	8.119909390986221	12707500
chr14	12710000	12715000	12.068047467937301	12712500
chr14	12715000	12720000	23.184597876369025	12717500
chr14	12720000	12725000	14.77679930670765	12722500
chr14	12725000	12730000	16.98512213381165	12727500
chr14	12730000	12735000	14.848888526598426	12732500
chr14	12735000	12740000	12.983550313218208	12737500
chr14	12740000	12745000	17.66397114399486	12742500
chr14	12745000	12750000	14.67463369361899	12747500
chr14	12750000	12755000	11.690206841604782	12752500
chr14	12755000	12760000	16.087730841797065	12757500
chr14	12760000	12765000	19.179990029984197	12762500
chr14	12765000	12770000	20.962601637329595	12767500
chr14	12770000	12775000	17.321272242004568	12772500
chr14	12775000	12780000	18.53444047546809	12777500
chr14	12780000	12785000	17.86772134566431	12782500
chr14	12785000	12790000	21.28660788598888	12787500
chr14	12790000	12795000	14.515534100887749	12792500
chr14	12795000	12800000	13.242934417556533	12797500
chr14	12800000	12805000	17.557181786832242	12802500
chr14	12805000	12810000	19.073844585675	12807500
chr14	12810000	12815000	17.20808095691578	12812500
chr14	12815000	12820000	16.461172766457885	12817500
chr14	12820000	12825000	19.08026531896252	12822500
chr14	12825000	12830000	15.362169492932184	12827500
chr14	12830000	12835000	13.260085499575165	12832500
chr14	12835000	12840000	18.99943709976918	12837500
chr14	12840000	12845000	13.999258410746535	12842500
chr14	12845000	12850000	8.9306682478632	12847500
chr14	12850000	12855000	12.285115908086302	12852500
chr14	12855000	12860000	17.81143615968527	12857500
chr14	12860000	12865000	15.937699476350247	12862500
chr14	12865000	12870000	16.488204191599333	12867500
chr14	12870000	12875000	21.383628960366128	12872500
chr14	12875000	12880000	16.75916147489786	12877500
chr14	12880000	12885000	16.84829987387249	12882500
chr14	12885000	12890000	14.752922615341495	12887500
chr14	12890000	12895000	22.192677164994556	12892500
chr14	12895000	12900000	31.188432866919793	12897500
chr14	12900000	12905000	25.014084453877995	12902500
chr14	12905000	12910000	25.596834520815392	12907500
chr14	12910000	12915000	22.42943022076662	12912500
chr14	12915000	12920000	24.95448650360925	12917500
chr14	12920000	12925000	16.465558625440934	12922500
chr14	12925000	12930000	19.384197461686753	12927500
chr14	12930000	12935000	18.553065568531046	12932500
chr14	12935000	12940000	18.91907994597022	12937500
chr14	12940000	12945000	23.690391731181727	12942500
chr14	12945000	12950000	19.560703842183642	12947500
chr14	12950000	12955000	23.94511529822682	12952500
chr14	12955000	12960000	23.210531118894604	12957500
chr14	12960000	12965000	15.71327849003147	12962500
chr14	12965000	12970000	19.722906438520834	12967500
chr14	12970000	12975000	21.757633910261386	12972500
chr14	12975000	12980000	19.217332541120854	12977500
chr14	12980000	12985000	15.11414239120911	12982500
chr14	12985000	12990000	17.007040550935418	12987500
chr14	12990000	12995000	16.803188224722785	12992500
chr14	12995000	13000000	27.291456698323724	12997500
chr14	13000000	13005000	35.94884139916381	13002500
chr14	13005000	13010000	38.38676761021025	13007500
chr14	13010000	13015000	18.716032417648986	13012500
chr14	13015000	13020000	17.55846420361913	13017500
chr14	13020000	13025000	17.731757648216234	13022500
chr14	13025000	13030000	26.629805762009884	13027500
chr14	13030000	13035000	26.253936902908265	13032500
chr14	13035000	13040000	24.302867206069664	13037500
chr14	13040000	13045000	16.34807198426244	13042500
chr14	13045000	13050000	17.39090606988524	13047500
chr14	13050000	13055000	8.979260820607854	13052500
chr14	13055000	13060000	10.287042532661387	13057500
chr14	13060000	13065000	20.7322594513287	13062500
chr14	13065000	13070000	14.913198882194743	13067500
chr14	13070000	13075000	13.541659654183157	13072500
chr14	13075000	13080000	8.496381843907512	13077500
chr14	13080000	13085000	10.036622948038312	13082500
chr14	13085000	13090000	14.72130989015645	13087500
chr14	13090000	13095000	11.489838460215486	13092500
chr14	13095000	13100000	18.43199538875572	13097500
chr14	13100000	13105000	21.67677958256893	13102500
chr14	13105000	13110000	27.471574084878977	13107500
chr14	13110000	13115000	22.771575203068316	13112500
chr14	13115000	13120000	22.292651987850846	13117500
chr14	13120000	13125000	14.921851329184737	13122500
chr14	13125000	13130000	20.200234748292328	13127500
chr14	13130000	13135000	24.698101368849528	13132500
chr14	13135000	13140000	16.95844066013747	13137500
chr14	13140000	13145000	20.36558889977802	13142500
chr14	13145000	13150000	16.13825423183599	13147500
chr14	13150000	13155000	10.292698438062175	13152500
chr14	13155000	13160000	31.982058578505782	13157500
chr14	13160000	13165000	21.385558895629025	13162500
chr14	13165000	13170000	28.011280737831836	13167500
chr14	13170000	13175000	45.39386282248059	13172500
chr14	13175000	13180000	39.75417959982523	13177500
chr14	13180000	13185000	36.40800832398637	13182500
chr14	13185000	13190000	37.81004833588283	13187500
chr14	13190000	13195000	34.397398211823436	13192500
chr14	13195000	13200000	24.187676909025	13197500
chr14	13200000	13205000	32.89933627007112	13202500
chr14	13205000	13210000	19.350514867944373	13207500
chr14	13210000	13215000	44.740844234324705	13212500
chr14	13215000	13220000	32.64935366070852	13217500
chr14	13220000	13225000	25.190605653059396	13222500
chr14	13225000	13230000	29.341666744510377	13227500
chr14	13230000	13235000	21.783160414431737	13232500
chr14	13235000	13240000	37.04175656393492	13237500
chr14	13240000	13245000	43.60457666286833	13242500
chr14	13245000	13250000	37.877258820493516	13247500
chr14	13250000	13255000	33.87108985829533	13252500
chr14	13255000	13260000	31.44805546979333	13257500
chr14	13260000	13265000	22.373357741675648	13262500
chr14	13265000	13270000	28.129799586365987	13267500
chr14	13270000	13275000	25.77517603801024	13272500
chr14	13275000	13280000	16.358686972484733	13277500
chr14	13280000	13285000	13.248644053988185	13282500
chr14	13285000	13290000	13.239666408693045	13287500
chr14	13290000	13295000	10.95243553748272	13292500
chr14	13295000	13300000	14.971511339215947	13297500
chr14	13300000	13305000	9.886330964685534	13302500
chr14	13305000	13310000	8.470315015882415	13307500
chr14	13310000	13315000	19.191221872424016	13312500
chr14	13315000	13320000	34.44115491381493	13317500
chr14	13320000	13325000	17.37538761924991	13322500
chr14	13325000	13330000	13.256394130608374	13327500
chr14	13330000	13335000	13.75425094597729	13332500
chr14	13335000	13340000	14.486051413349566	13337500
chr14	13340000	13345000	27.013076717860624	13342500
chr14	13345000	13350000	27.266402541547073	13347500
chr14	13350000	13355000	23.931725187567825	13352500
chr14	13355000	13360000	24.072182239912113	13357500
chr14	13360000	13365000	28.73259801344519	13362500
chr14	13365000	13370000	14.535321131305663	13367500
chr14	13370000	13375000	21.630653765567747	13372500
chr14	13375000	13380000	13.978399325081211	13377500
chr14	13380000	13385000	25.64793128711945	13382500
chr14	13385000	13390000	24.834387032404877	13387500
chr14	13390000	13395000	14.505469702696839	13392500
chr14	13395000	13400000	12.523055394839712	13397500
chr14	13400000	13405000	20.70126990105922	13402500
chr14	13405000	13410000	11.98309980051943	13407500
chr14	13410000	13415000	9.363711610462666	13412500
chr14	13415000	13420000	5.202129406027165	13417500
chr14	13420000	13425000	14.319226702679167	13422500
chr14	13425000	13430000	12.928105497674329	13427500
chr14	13430000	13435000	10.399838220744195	13432500
chr14	13435000	13440000	7.276468794985775	13437500
chr14	13440000	13445000	8.341728925406601	13442500
chr14	13445000	13450000	14.622357693012324	13447500
chr14	13450000	13455000	11.496395111880508	13452500
chr14	13455000	13460000	14.819731133441184	13457500
chr14	13460000	13465000	24.22410055223749	13462500
chr14	13465000	13470000	16.497602114533244	13467500
chr14	13470000	13475000	20.87027124967237	13472500
chr14	13475000	13480000	23.747478804469047	13477500
chr14	13480000	13485000	26.3280308398389	13482500
chr14	13485000	13490000	25.865739375246665	13487500
chr14	13490000	13495000	14.723939941366577	13492500
chr14	13495000	13500000	14.480182163022643	13497500
chr14	13500000	13505000	23.423573299742863	13502500
chr14	13505000	13510000	16.502548818456305	13507500
chr14	13510000	13515000	22.467311012339056	13512500
chr14	13515000	13520000	24.910956466285644	13517500
chr14	13520000	13525000	19.080336215278347	13522500
chr14	13525000	13530000	18.48613048738762	13527500
chr14	13530000	13535000	18.349519333878195	13532500
chr14	13535000	13540000	20.968589838378904	13537500
chr14	13540000	13545000	16.94569019431598	13542500
chr14	13545000	13550000	18.896506135079676	13547500
chr14	13550000	13555000	17.59570964180908	13552500
chr14	13555000	13560000	23.311914832986705	13557500
chr14	13560000	13565000	20.465453263212304	13562500
chr14	13565000	13570000	25.234626482798312	13567500
chr14	13570000	13575000	29.10179219518704	13572500
chr14	13575000	13580000	22.619264594505044	13577500
chr14	13580000	13585000	19.8159780410938	13582500
chr14	13585000	13590000	23.238713602109883	13587500
chr14	13590000	13595000	30.385529822936842	13592500
chr14	13595000	13600000	29.65840699803766	13597500
chr14	13600000	13605000	24.810339487165248	13602500
chr14	13605000	13610000	20.518471839044995	13607500
chr14	13610000	13615000	20.542887797311998	13612500
chr14	13615000	13620000	25.194880302687597	13617500
chr14	13620000	13625000	22.46564837748451	13622500
chr14	13625000	13630000	22.388756342841866	13627500
chr14	13630000	13635000	23.901446184686602	13632500
chr14	13635000	13640000	28.761416057008304	13637500
chr14	13640000	13645000	22.97924465496189	13642500
chr14	13645000	13650000	31.608166011336955	13647500
chr14	13650000	13655000	37.772131328491575	13652500
chr14	13655000	13660000	27.734134996114918	13657500
chr14	13660000	13665000	26.993700802620676	13662500
chr14	13665000	13670000	29.36531022003011	13667500
chr14	13670000	13675000	32.19390526638381	13672500
chr14	13675000	13680000	24.69786499701203	13677500
chr14	13680000	13685000	29.88430209663708	13682500
chr14	13685000	13690000	27.3667598680656	13687500
chr14	13690000	13695000	26.17747002801055	13692500
chr14	13695000	13700000	28.893021976521567	13697500
chr14	13700000	13705000	29.882901531622295	13702500
chr14	13705000	13710000	22.428040072164645	13707500
chr14	13710000	13715000	21.374341193025653	13712500
chr14	13715000	13720000	27.091933762200163	13717500
chr14	13720000	13725000	29.23373198583531	13722500
chr14	13725000	13730000	31.850387544390873	13727500
chr14	13730000	13735000	26.59946871728412	13732500
chr14	13735000	13740000	36.03849236920928	13737500
chr14	13740000	13745000	27.946500532262107	13742500
chr14	13745000	13750000	33.84985561543124	13747500
chr14	13750000	13755000	34.912854457939666	13752500
chr14	13755000	13760000	30.986716018480852	13757500
chr14	13760000	13765000	39.11939049575469	13762500
chr14	13765000	13770000	36.82476931478645	13767500
chr14	13770000	13775000	38.44650150091304	13772500
chr14	13775000	13780000	34.47760323019307	13777500
chr14	13780000	13785000	35.63789794123916	13782500
chr14	13785000	13790000	33.39712917207299	13787500
chr14	13790000	13795000	38.35048131363581	13792500
chr14	13795000	13800000	35.765732712061805	13797500
chr14	13800000	13805000	32.43945319224004	13802500
chr14	13805000	13810000	33.240632096114496	13807500
chr14	13810000	13815000	26.470576620497805	13812500
chr14	13815000	13820000	32.56309171692782	13817500
chr14	13820000	13825000	31.12030811031722	13822500
chr14	13825000	13830000	31.91431646274476	13827500
chr14	13830000	13835000	29.395809556388226	13832500
chr14	13835000	13840000	29.224229255790277	13837500
chr14	13840000	13845000	27.236831673422536	13842500
chr14	13845000	13850000	28.441596435673894	13847500
chr14	13850000	13855000	26.059619490092935	13852500
chr14	13855000	13860000	28.364780721244593	13857500
chr14	13860000	13865000	25.458445847724363	13862500
chr14	13865000	13870000	21.101045053839478	13867500
chr14	13870000	13875000	21.648167042041763	13872500
chr14	13875000	13880000	27.53941116402098	13877500
chr14	13880000	13885000	23.666502218272072	13882500
chr14	13885000	13890000	24.828229666929406	13887500
chr14	13890000	13895000	24.04762532735321	13892500
chr14	13895000	13900000	23.31208770808554	13897500
chr14	13900000	13905000	23.491330728055775	13902500
chr14	13905000	13910000	27.92835695218369	13907500
chr14	13910000	13915000	29.779390817569183	13912500
chr14	13915000	13920000	24.910737971602146	13917500
chr14	13920000	13925000	23.05116817004111	13922500
chr14	13925000	13930000	18.009812904772915	13927500
chr14	13930000	13935000	13.067884416753863	13932500
chr14	13935000	13940000	12.768585781129335	13937500
chr14	13940000	13945000	13.699727584232653	13942500
chr14	13945000	13950000	17.194667696306077	13947500
chr14	13950000	13955000	16.014260535615897	13952500
chr14	13955000	13960000	13.558061949234979	13957500
chr14	13960000	13965000	21.702117317945003	13962500
chr14	13965000	13970000	25.167790081367794	13967500
chr14	13970000	13975000	24.37097202883202	13972500
chr14	13975000	13980000	18.473930170309742	13977500
chr14	13980000	13985000	24.772964145322135	13982500
chr14	13985000	13990000	18.912372109794177	13987500
chr14	13990000	13995000	23.508674352255913	13992500
chr14	13995000	14000000	28.68108717993927	13997500
chr14	14000000	14005000	20.144145637374113	14002500
chr14	14005000	14010000	27.292045519614337	14007500
chr14	14010000	14015000	19.338568691253077	14012500
chr14	14015000	14020000	13.253121650264443	14017500
chr14	14020000	14025000	27.409649392476855	14022500
chr14	14025000	14030000	17.636560635382992	14027500
chr14	14030000	14035000	14.891054958981577	14032500
chr14	14035000	14040000	9.125253446423505	14037500
chr14	14040000	14045000	11.797826481464512	14042500
chr14	14045000	14050000	12.312741293842443	14047500
chr14	14050000	14055000	13.72519278995338	14052500
chr14	14055000	14060000	13.78054131974077	14057500
chr14	14060000	14065000	33.50266191394514	14062500
chr14	14065000	14070000	30.564148630521174	14067500
chr14	14070000	14075000	27.143688988854453	14072500
chr14	14075000	14080000	22.79926672811344	14077500
chr14	14080000	14085000	22.427459320918214	14082500
chr14	14085000	14090000	21.23871854166021	14087500
chr14	14090000	14095000	16.32987659657069	14092500
chr14	14095000	14100000	16.280316378197345	14097500
chr14	14100000	14105000	7.480728701976233	14102500
chr14	14105000	14110000	21.847248720618946	14107500
chr14	14110000	14115000	19.30372624634443	14112500
chr14	14115000	14120000	24.256755760687966	14117500
chr14	14120000	14125000	34.09489044831834	14122500
chr14	14125000	14130000	43.36954162904795	14127500
chr14	14130000	14135000	25.441833686030996	14132500
chr14	14135000	14140000	17.294279481145672	14137500
chr14	14140000	14145000	25.426266492113033	14142500
chr14	14145000	14150000	19.484070761198723	14147500
chr14	14150000	14155000	15.302608720204013	14152500
chr14	14155000	14160000	21.180301820878086	14157500
chr14	14160000	14165000	21.626226383620004	14162500
chr14	14165000	14170000	29.47937333177256	14167500
chr14	14170000	14175000	17.584516663803264	14172500
chr14	14175000	14180000	29.209390173527883	14177500
chr14	14180000	14185000	12.932897895105887	14182500
chr14	14185000	14190000	13.540937020093029	14187500
chr14	14190000	14195000	19.88036679261389	14192500
chr14	14195000	14200000	23.803052954366965	14197500
chr14	14200000	14205000	12.151546202858194	14202500
chr14	14205000	14210000	6.922231842886473	14207500
chr14	14210000	14215000	11.20708126764659	14212500
chr14	14215000	14220000	7.005702905442102	14217500
chr14	14220000	14225000	17.529554125575235	14222500
chr14	14225000	14230000	14.370131269446661	14227500
chr14	14230000	14235000	11.599256138232743	14232500
chr14	14235000	14240000	6.844652959571063	14237500
chr14	14240000	14245000	7.685528219279069	14242500
chr14	14245000	14250000	31.743653564530433	14247500
chr14	14250000	14255000	10.597336360146052	14252500
chr14	14255000	14260000	6.874352365532214	14257500
chr14	14260000	14265000	8.406324111290125	14262500
chr14	14265000	14270000	6.828180743970922	14267500
chr14	14270000	14275000	6.3500524937971345	14272500
chr14	14275000	14280000	10.072705310140751	14277500
chr14	14280000	14285000	10.609939274385393	14282500
chr14	14285000	14290000	8.531473010104907	14287500
chr14	14290000	14295000	9.34020265039968	14292500
chr14	14295000	14300000	14.33230944250416	14297500
chr14	14300000	14305000	10.528431161778634	14302500
chr14	14305000	14310000	22.763560415637404	14307500
chr14	14310000	14315000	21.05698606650438	14312500
chr14	14315000	14320000	14.102130032707189	14317500
chr14	14320000	14325000	14.623209376963509	14322500
chr14	14325000	14330000	12.586401120919236	14327500
chr14	14330000	14335000	26.297290523414922	14332500
chr14	14335000	14340000	17.61313398002162	14337500
chr14	14340000	14345000	25.267944330684763	14342500
chr14	14345000	14350000	22.648459066148906	14347500
chr14	14350000	14355000	21.128447467974667	14352500
chr14	14355000	14360000	25.91233777806638	14357500
chr14	14360000	14365000	25.902187989835227	14362500
chr14	14365000	14370000	26.89210802438602	14367500
chr14	14370000	14375000	25.187467644151447	14372500
chr14	14375000	14380000	23.603763896345548	14377500
chr14	14380000	14385000	22.906308089622055	14382500
chr14	14385000	14390000	21.739310427309086	14387500
chr14	14390000	14395000	22.24897849290968	14392500
chr14	14395000	14400000	20.605879784304175	14397500
chr14	14400000	14405000	20.629871446325495	14402500
chr14	14405000	14410000	23.48837066354316	14407500
chr14	14410000	14415000	24.5160933068796	14412500
chr14	14415000	14420000	25.3587147741575	14417500
chr14	14420000	14425000	25.048482129533873	14422500
chr14	14425000	14430000	24.245603486740354	14427500
chr14	14430000	14435000	23.48345884844983	14432500
chr14	14435000	14440000	22.248861345301286	14437500
chr14	14440000	14445000	23.45881406842962	14442500
chr14	14445000	14450000	23.331063555618762	14447500
chr14	14450000	14455000	22.90385246863068	14452500
chr14	14455000	14460000	23.733763946806995	14457500
chr14	14460000	14465000	19.679072514227613	14462500
chr14	14465000	14470000	18.94696071819516	14467500
chr14	14470000	14475000	17.34983057429605	14472500
chr14	14475000	14480000	21.619935470935143	14477500
chr14	14480000	14485000	32.32052327760562	14482500
chr14	14485000	14490000	21.409954583725572	14487500
chr14	14490000	14495000	25.14240239472789	14492500
chr14	14495000	14500000	36.30741095319136	14497500
chr14	14500000	14505000	29.918561729276682	14502500
chr14	14505000	14510000	30.159218317598608	14507500
chr14	14510000	14515000	24.67576911298165	14512500
chr14	14515000	14520000	20.805927255664844	14517500
chr14	14520000	14525000	20.31517125729198	14522500
chr14	14525000	14530000	27.289027703744555	14527500
chr14	14530000	14535000	32.13254822137294	14532500
chr14	14535000	14540000	29.261498856750638	14537500
chr14	14540000	14545000	37.22928686330901	14542500
chr14	14545000	14550000	23.207874632549718	14547500
chr14	14550000	14555000	14.8825658723725	14552500
chr14	14555000	14560000	14.364070808657019	14557500
chr14	14560000	14565000	28.360658321323545	14562500
chr14	14565000	14570000	28.071321842943526	14567500
chr14	14570000	14575000	24.282689494932825	14572500
chr14	14575000	14580000	35.01803079265351	14577500
chr14	14580000	14585000	39.655210224504174	14582500
chr14	14585000	14590000	34.4078730371942	14587500
chr14	14590000	14595000	35.759528753467855	14592500
chr14	14595000	14600000	31.370207852143192	14597500
chr14	14600000	14605000	31.267626252379134	14602500
chr14	14605000	14610000	22.03259584692006	14607500
chr14	14610000	14615000	27.304180268732704	14612500
chr14	14615000	14620000	20.21232757519336	14617500
chr14	14620000	14625000	12.68232482486218	14622500
chr14	14625000	14630000	16.768791621322137	14627500
chr14	14630000	14635000	17.88367419743643	14632500
chr14	14635000	14640000	12.616592405244402	14637500
chr14	14640000	14645000	14.28014903248085	14642500
chr14	14645000	14650000	18.905664134914595	14647500
chr14	14650000	14655000	24.302989124694182	14652500
chr14	14655000	14660000	23.88764136202917	14657500
chr14	14660000	14665000	24.14771669256675	14662500
chr14	14665000	14670000	13.217260800226622	14667500
chr14	14670000	14675000	17.124732900836516	14672500
chr14	14675000	14680000	13.43130747944014	14677500
chr14	14680000	14685000	11.846819240836275	14682500
chr14	14685000	14690000	19.852025521159845	14687500
chr14	14690000	14695000	8.922311520318742	14692500
chr14	14695000	14700000	9.104445180744799	14697500
chr14	14700000	14705000	9.529221494450391	14702500
chr14	14705000	14710000	7.204310840331991	14707500
chr14	14710000	14715000	9.194828864202107	14712500
chr14	14715000	14720000	15.0780308983489	14717500
chr14	14720000	14725000	24.557837046346254	14722500
chr14	14725000	14730000	24.19315012969196	14727500
chr14	14730000	14735000	33.37322476874591	14732500
chr14	14735000	14740000	16.23099069566362	14737500
chr14	14740000	14745000	20.53491693088976	14742500
chr14	14745000	14750000	26.254226259871	14747500
chr14	14750000	14755000	27.838478164126425	14752500
chr14	14755000	14760000	33.41627892560652	14757500
chr14	14760000	14765000	21.53809500107516	14762500
chr14	14765000	14770000	31.438968293321803	14767500
chr14	14770000	14775000	38.913450773782806	14772500
chr14	14775000	14780000	26.651983547392955	14777500
chr14	14780000	14785000	21.40006273009463	14782500
chr14	14785000	14790000	26.90767244129167	14787500
chr14	14790000	14795000	26.578324661579966	14792500
chr14	14795000	14800000	24.218563703477514	14797500
chr14	14800000	14805000	41.78336577277911	14802500
chr14	14805000	14810000	36.63559525839223	14807500
chr14	14810000	14815000	38.663478066624954	14812500
chr14	14815000	14820000	33.03340194619083	14817500
chr14	14820000	14825000	27.662711160670295	14822500
chr14	14825000	14830000	19.555530181865297	14827500
chr14	14830000	14835000	15.709666791965377	14832500
chr14	14835000	14840000	28.074853246000835	14837500
chr14	14840000	14845000	26.842045446614343	14842500
chr14	14845000	14850000	18.61420531754804	14847500
chr14	14850000	14855000	19.146744280932303	14852500
chr14	14855000	14860000	17.186342094029982	14857500
chr14	14860000	14865000	17.567126640376934	14862500
chr14	14865000	14870000	26.28865846025103	14867500
chr14	14870000	14875000	20.663330601875547	14872500
chr14	14875000	14880000	26.290453712805665	14877500
chr14	14880000	14885000	18.526577309468905	14882500
chr14	14885000	14890000	21.999140622267895	14887500
chr14	14890000	14895000	27.464257927891243	14892500
chr14	14895000	14900000	28.46171876652872	14897500
chr14	14900000	14905000	24.973844036966995	14902500
chr14	14905000	14910000	22.16371420771666	14907500
chr14	14910000	14915000	18.53205818709221	14912500
chr14	14915000	14920000	18.59327104177571	14917500
chr14	14920000	14925000	22.984124085533765	14922500
chr14	14925000	14930000	18.66195245661709	14927500
chr14	14930000	14935000	19.728751812719956	14932500
chr14	14935000	14940000	15.246560310921364	14937500
chr14	14940000	14945000	17.150614996919735	14942500
chr14	14945000	14950000	16.64656434012089	14947500
chr14	14950000	14955000	18.215890916641932	14952500
chr14	14955000	14960000	22.36171753193478	14957500
chr14	14960000	14965000	23.014384867742546	14962500
chr14	14965000	14970000	26.54607571902068	14967500
chr14	14970000	14975000	23.195602531558528	14972500
chr14	14975000	14980000	19.08677280688414	14977500
chr14	14980000	14985000	37.43910550538496	14982500
chr14	14985000	14990000	42.242010910983275	14987500
chr14	14990000	14995000	26.82427247605339	14992500
chr14	14995000	15000000	21.99402811710568	14997500
chr14	15000000	15005000	30.743320955411384	15002500
chr14	15005000	15010000	26.089374398585136	15007500
chr14	15010000	15015000	35.50398529097207	15012500
chr14	15015000	15020000	29.232162685491552	15017500
chr14	15020000	15025000	39.00869137430422	15022500
chr14	15025000	15030000	28.80149795743763	15027500
chr14	15030000	15035000	27.373831668151233	15032500
chr14	15035000	15040000	27.07139957001328	15037500
chr14	15040000	15045000	28.487464433161566	15042500
chr14	15045000	15050000	17.151598963268775	15047500
chr14	15050000	15055000	22.954968337994504	15052500
chr14	15055000	15060000	48.72006411417959	15057500
chr14	15060000	15065000	48.63639142515951	15062500
chr14	15065000	15070000	39.012324849116425	15067500
chr14	15070000	15075000	52.127643487049575	15072500
chr14	15075000	15080000	28.425273939017607	15077500
chr14	15080000	15085000	38.06173792864105	15082500
chr14	15085000	15090000	34.4037066689215	15087500
chr14	15090000	15095000	27.29145945555249	15092500
chr14	15095000	15100000	16.144687211914004	15097500
chr14	15100000	15105000	14.036435618373986	15102500
chr14	15105000	15110000	27.41211658291032	15107500
chr14	15110000	15115000	21.51832891970411	15112500
chr14	15115000	15120000	10.528607791703962	15117500
chr14	15120000	15125000	32.0572246273223	15122500
chr14	15125000	15130000	16.679186450946606	15127500
chr14	15130000	15135000	17.37379489440036	15132500
chr14	15135000	15140000	30.372385287720448	15137500
chr14	15140000	15145000	15.016815304615811	15142500
chr14	15145000	15150000	14.970239330600121	15147500
chr14	15150000	15155000	32.06901931275494	15152500
chr14	15155000	15160000	8.491226376326416	15157500
chr14	15160000	15165000	8.268193043016984	15162500
chr14	15165000	15170000	18.79340727641043	15167500
chr14	15170000	15175000	19.09958942327826	15172500
chr14	15175000	15180000	19.45832937717699	15177500
chr14	15180000	15185000	23.883616765461145	15182500
chr14	15185000	15190000	23.25033459612964	15187500
chr14	15190000	15195000	27.265027246505834	15192500
chr14	15195000	15200000	23.935677261643395	15197500
chr14	15200000	15205000	14.726139749454836	15202500
chr14	15205000	15210000	11.53191166648239	15207500
chr14	15210000	15215000	12.161755411646743	15212500
chr14	15215000	15220000	8.868962823779915	15217500
chr14	15220000	15225000	8.191912358173878	15222500
chr14	15225000	15230000	7.297929959124989	15227500
chr14	15230000	15235000	8.477241901941472	15232500
chr14	15235000	15240000	7.988552415378774	15237500
chr14	15240000	15245000	7.795265128166841	15242500
chr14	15245000	15250000	7.649904730782941	15247500
chr14	15250000	15255000	13.221371905841686	15252500
chr14	15255000	15260000	8.346919547705749	15257500
chr14	15260000	15265000	8.26709959721611	15262500
chr14	15265000	15270000	12.331967619573714	15267500
chr14	15270000	15275000	9.40586328149548	15272500
chr14	15275000	15280000	15.539953378920776	15277500
chr14	15280000	15285000	15.027681850474016	15282500
chr14	15285000	15290000	14.566163129013972	15287500
chr14	15290000	15295000	10.127397467640332	15292500
chr14	15295000	15300000	8.727616641242369	15297500
chr14	15300000	15305000	6.133980674568661	15302500
chr14	15305000	15310000	7.452790418652105	15307500
chr14	15310000	15315000	5.583367381751798	15312500
chr14	15315000	15320000	10.70233702361623	15317500
chr14	15320000	15325000	13.008566229103616	15322500
chr14	15325000	15330000	7.956729950275712	15327500
chr14	15330000	15335000	6.685495447223764	15332500
chr14	15335000	15340000	11.091892242414755	15337500
chr14	15340000	15345000	22.38740331201734	15342500
chr14	15345000	15350000	18.720746795133778	15347500
chr14	15350000	15355000	18.148944919652113	15352500
chr14	15355000	15360000	11.500875204220085	15357500
chr14	15360000	15365000	8.387724276633712	15362500
chr14	15365000	15370000	7.267218804700516	15367500
chr14	15370000	15375000	9.308380179890808	15372500
chr14	15375000	15380000	8.002388557386936	15377500
chr14	15380000	15385000	8.483910975564656	15382500
chr14	15385000	15390000	11.288106734094367	15387500
chr14	15390000	15395000	14.017842541028646	15392500
chr14	15395000	15400000	17.66683850771684	15397500
chr14	15400000	15405000	22.024205371561496	15402500
chr14	15405000	15410000	21.34041837697428	15407500
chr14	15410000	15415000	18.079483586792644	15412500
chr14	15415000	15420000	14.49597617645357	15417500
chr14	15420000	15425000	27.348445047292195	15422500
chr14	15425000	15430000	13.112045122712296	15427500
chr14	15430000	15435000	10.47529783007678	15432500
chr14	15435000	15440000	17.731882596828612	15437500
chr14	15440000	15445000	19.212955564447448	15442500
chr14	15445000	15450000	29.710596985786697	15447500
chr14	15450000	15455000	33.15410800109354	15452500
chr14	15455000	15460000	26.439565685345062	15457500
chr14	15460000	15465000	15.60262820327414	15462500
chr14	15465000	15470000	9.337890364219481	15467500
chr14	15470000	15475000	10.155504177118036	15472500
chr14	15475000	15480000	12.187121189539097	15477500
chr14	15480000	15485000	14.09189089682229	15482500
chr14	15485000	15490000	18.662649018587384	15487500
chr14	15490000	15495000	9.787709732357651	15492500
chr14	15495000	15500000	11.389717183148631	15497500
chr14	15500000	15505000	14.364939153078492	15502500
chr14	15505000	15510000	15.616387634042047	15507500
chr14	15510000	15515000	15.769323347151762	15512500
chr14	15515000	15520000	52.764000795824664	15517500
chr14	15520000	15525000	15.61918186379581	15522500
chr14	15525000	15530000	20.918106464182355	15527500
chr14	15530000	15535000	23.544907026099576	15532500
chr14	15535000	15540000	22.902838490415338	15537500
chr14	15540000	15545000	34.22367538083858	15542500
chr14	15545000	15550000	37.194175522269695	15547500
chr14	15550000	15555000	45.92411464238282	15552500
chr14	15555000	15560000	31.01680825461117	15557500
chr14	15560000	15565000	32.3100812457514	15562500
chr14	15565000	15570000	19.15047864546989	15567500
chr14	15570000	15575000	31.70051023384042	15572500
chr14	15575000	15580000	26.398661954370528	15577500
chr14	15580000	15585000	26.80399482127909	15582500
chr14	15585000	15590000	34.367665034925174	15587500
chr14	15590000	15595000	34.743878103714955	15592500
chr14	15595000	15600000	29.911107787129144	15597500
chr14	15600000	15605000	26.042809878431523	15602500
chr14	15605000	15610000	28.180230736238144	15607500
chr14	15610000	15615000	17.876433283426326	15612500
chr14	15615000	15620000	23.23169880528213	15617500
chr14	15620000	15625000	31.81556138174102	15622500
chr14	15625000	15630000	23.36467304516425	15627500
chr14	15630000	15635000	20.287794776840464	15632500
chr14	15635000	15640000	31.31726207631399	15637500
chr14	15640000	15645000	34.779817089956026	15642500
chr14	15645000	15650000	30.212460603263175	15647500
chr14	15650000	15655000	36.979718419344586	15652500
chr14	15655000	15660000	27.621867266142534	15657500
chr14	15660000	15665000	32.273454313627504	15662500
chr14	15665000	15670000	22.883537059919323	15667500
chr14	15670000	15675000	28.09271190974873	15672500
chr14	15675000	15680000	20.07535631754956	15677500
chr14	15680000	15685000	22.419808824836384	15682500
chr14	15685000	15690000	19.4176176522309	15687500
chr14	15690000	15695000	20.154695303981985	15692500
chr14	15695000	15700000	25.62198788541958	15697500
chr14	15700000	15705000	35.435608806752235	15702500
chr14	15705000	15710000	42.56824484003356	15707500
chr14	15710000	15715000	51.88120688019251	15712500
chr14	15715000	15720000	50.3025643305186	15717500
chr14	15720000	15725000	38.36421294292221	15722500
chr14	15725000	15730000	36.48021390188753	15727500
chr14	15730000	15735000	59.53543312868299	15732500
chr14	15735000	15740000	65.35371488334293	15737500
chr14	15740000	15745000	42.19322513254172	15742500
chr14	15745000	15750000	39.26101195748905	15747500
chr14	15750000	15755000	33.30363515398619	15752500
chr14	15755000	15760000	52.568145156599634	15757500
chr14	15760000	15765000	44.59988619099052	15762500
chr14	15765000	15770000	38.95771820939879	15767500
chr14	15770000	15775000	28.0892604762588	15772500
chr14	15775000	15780000	23.174715620117052	15777500
chr14	15780000	15785000	20.004867598055025	15782500
chr14	15785000	15790000	41.57584934084019	15787500
chr14	15790000	15795000	64.33324515352426	15792500
chr14	15795000	15800000	45.640825047317676	15797500
chr14	15800000	15805000	23.108112932022312	15802500
chr14	15805000	15810000	36.28114055875268	15807500
chr14	15810000	15815000	31.346519225268093	15812500
chr14	15815000	15820000	48.981629420506465	15817500
chr14	15820000	15825000	27.586331366229782	15822500
chr14	15825000	15830000	15.83588331948881	15827500
chr14	15830000	15835000	22.718393823908503	15832500
chr14	15835000	15840000	56.19279441004846	15837500
chr14	15840000	15845000	27.968769691400645	15842500
chr14	15845000	15850000	32.390968896644175	15847500
chr14	15850000	15855000	28.610083251299873	15852500
chr14	15855000	15860000	38.43209471892846	15857500
chr14	15860000	15865000	50.31854373007184	15862500
chr14	15865000	15870000	41.61797920228788	15867500
chr14	15870000	15875000	38.04992960173044	15872500
chr14	15875000	15880000	25.65520847728104	15877500
chr14	15880000	15885000	39.750905730451784	15882500
chr14	15885000	15890000	20.000418443533814	15887500
chr14	15890000	15895000	32.71880159500409	15892500
chr14	15895000	15900000	36.58765676999218	15897500
chr14	15900000	15905000	46.04796737716076	15902500
chr14	15905000	15910000	43.292021377492624	15907500
chr14	15910000	15915000	42.790025731392284	15912500
chr14	15915000	15920000	56.293918172177825	15917500
chr14	15920000	15925000	55.09529526593339	15922500
chr14	15925000	15930000	52.68409273183164	15927500
chr14	15930000	15935000	49.085755750135164	15932500
chr14	15935000	15940000	54.85459220315392	15937500
chr14	15940000	15945000	45.58942738578919	15942500
chr14	15945000	15950000	48.454238557004004	15947500
chr14	15950000	15955000	54.39644935536303	15952500
chr14	15955000	15960000	61.77577455922165	15957500
chr14	15960000	15965000	45.991142086202245	15962500
chr14	15965000	15970000	52.71763349281218	15967500
chr14	15970000	15975000	49.250965859038	15972500
chr14	15975000	15980000	38.11449071686513	15977500
chr14	15980000	15985000	41.96118414644704	15982500
chr14	15985000	15990000	39.289285961936876	15987500
chr14	15990000	15995000	18.545645672129083	15992500
chr14	15995000	16000000	23.071873450128017	15997500
chr14	16000000	16005000	31.929718033587076	16002500
chr14	16005000	16010000	58.97587657905565	16007500
chr14	16010000	16015000	72.7393497340932	16012500
chr14	16015000	16020000	33.14239536647995	16017500
chr14	16020000	16025000	33.94279405883846	16022500
chr14	16025000	16030000	35.47232598572383	16027500
chr14	16030000	16035000	41.52782478891731	16032500
chr14	16035000	16040000	31.088405783881992	16037500
chr14	16040000	16045000	39.8625066781437	16042500
chr14	16045000	16050000	41.35770339197047	16047500
chr14	16050000	16055000	37.86607388343487	16052500
chr14	16055000	16060000	42.73148629294289	16057500
chr14	16060000	16065000	41.660410856579915	16062500
chr14	16065000	16070000	30.175477967258004	16067500
chr14	16070000	16075000	40.18928108014247	16072500
chr14	16075000	16080000	59.20874248904455	16077500
chr14	16080000	16085000	55.509745069842225	16082500
chr14	16085000	16090000	55.13763871762913	16087500
chr14	16090000	16095000	39.05057211176895	16092500
chr14	16095000	16100000	67.95521839654994	16097500
chr14	16100000	16105000	69.61811736463187	16102500
chr14	16105000	16110000	20.173946646916537	16107500
chr14	16110000	16115000	32.73116996659461	16112500
chr14	16115000	16120000	46.272661100196025	16117500
chr14	16120000	16125000	31.024183953012123	16122500
chr14	16125000	16130000	58.410856971346796	16127500
chr14	16130000	16135000	50.0727521371948	16132500
chr14	16135000	16140000	41.431694641293674	16137500
chr14	16140000	16145000	39.598317389046265	16142500
chr14	16145000	16150000	39.282256209843105	16147500
chr14	16150000	16155000	40.368365050481195	16152500
chr14	16155000	16160000	45.383045440437726	16157500
chr14	16160000	16165000	40.61247055852878	16162500
chr14	16165000	16170000	36.115913053752706	16167500
chr14	16170000	16175000	38.900967383880825	16172500
chr14	16175000	16180000	40.84445312269439	16177500
chr14	16180000	16185000	39.963609227080084	16182500
chr14	16185000	16190000	40.46484359557535	16187500
chr14	16190000	16195000	39.649854541113676	16192500
chr14	16195000	16200000	36.819879879193024	16197500
chr14	16200000	16205000	37.376680202709295	16202500
chr14	16205000	16210000	34.83076402658732	16207500
chr14	16210000	16215000	31.512406550995898	16212500
chr14	16215000	16220000	39.99047038977603	16217500
chr14	16220000	16225000	43.1658436430689	16222500
chr14	16225000	16230000	42.99589897355254	16227500
chr14	16230000	16235000	41.60367345506975	16232500
chr14	16235000	16240000	43.708220961680276	16237500
chr14	16240000	16245000	43.55488466962298	16242500
chr14	16245000	16250000	41.992601384355225	16247500
chr14	16250000	16255000	38.52763771661205	16252500
chr14	16255000	16260000	37.376920605992325	16257500
chr14	16260000	16265000	35.38924043308027	16262500
chr14	16265000	16270000	41.74153639328655	16267500
chr14	16270000	16275000	50.463994583719376	16272500
chr14	16275000	16280000	50.07526839049324	16277500
chr14	16280000	16285000	35.002860955263166	16282500
chr14	16285000	16290000	44.670225425734685	16287500
chr14	16290000	16295000	48.74108204377467	16292500
chr14	16295000	16300000	51.4603358907167	16297500
chr14	16300000	16305000	42.139831077966896	16302500
chr14	16305000	16310000	34.32492672660856	16307500
chr14	16310000	16315000	30.85814210936931	16312500
chr14	16315000	16320000	33.30623082290465	16317500
chr14	16320000	16325000	39.76801105005025	16322500
chr14	16325000	16330000	31.68917475927417	16327500
chr14	16330000	16335000	41.07279949514857	16332500
chr14	16335000	16340000	57.62898064679317	16337500
chr14	16340000	16345000	57.892729137469466	16342500
chr14	16345000	16350000	41.972750669995754	16347500
chr14	16350000	16355000	51.73989816890539	16352500
chr14	16355000	16360000	51.90215870909494	16357500
chr14	16360000	16365000	51.94654246723607	16362500
chr14	16365000	16370000	51.81593619023244	16367500
chr14	16370000	16375000	51.928590037842	16372500
chr14	16375000	16380000	51.865839995279934	16377500
chr14	16380000	16385000	51.89882709097157	16382500
chr14	16385000	16390000	51.921663518549046	16387500
chr14	16390000	16395000	51.75180128147685	16392500
chr14	16395000	16400000	51.73762480803224	16397500
chr14	16400000	16405000	51.81428927753891	16402500
chr14	16405000	16410000	51.742929679740755	16407500
chr14	16410000	16415000	51.75632152253834	16412500
chr14	16415000	16420000	51.8681176129056	16417500
chr14	16420000	16425000	51.86336659934201	16422500
chr14	16425000	16430000	51.715654136923455	16427500
chr14	16430000	16435000	51.58720993977862	16432500
chr14	16435000	16440000	45.221927528929655	16437500
chr14	16440000	16445000	34.79497391140962	16442500
chr14	16445000	16450000	30.77858702118347	16447500
chr14	16450000	16455000	40.78255462071479	16452500
chr14	16455000	16460000	56.12345920909394	16457500
chr14	16460000	16465000	52.79772589050309	16462500
chr14	16465000	16470000	66.22124933861787	16467500
chr14	16470000	16475000	57.77711304261416	16472500
chr14	16475000	16480000	118.47581536311567	16477500
chr14	16480000	16485000	96.50034495578188	16482500
chr14	16485000	16490000	83.58686619092369	16487500
chr14	16490000	16495000	109.68276359923978	16492500
chr14	16495000	16500000	65.90363738299587	16497500
chr14	16500000	16505000	88.85419497912422	16502500
chr14	16505000	16510000	60.58303345769147	16507500
chr14	16510000	16515000	27.760329252946384	16512500
chr14	16515000	16520000	24.218861780645323	16517500
chr14	16520000	16525000	29.213867290809134	16522500
chr14	16525000	16530000	36.61416707796793	16527500
chr14	16530000	16535000	37.36608527302124	16532500
chr14	16535000	16540000	35.62225889110569	16537500
chr14	16540000	16545000	39.108415632617785	16542500
chr14	16545000	16550000	36.835966434763414	16547500
chr14	16550000	16555000	40.61913573934642	16552500
chr14	16555000	16560000	38.27127305234434	16557500
chr14	16560000	16565000	35.08056996541701	16562500
chr14	16565000	16570000	35.227201829528795	16567500
chr14	16570000	16575000	32.37616542362403	16572500
chr14	16575000	16580000	34.90368289724462	16577500
chr14	16580000	16585000	35.8085182195559	16582500
chr14	16585000	16590000	40.92861277391571	16587500
chr14	16590000	16595000	35.502658127980354	16592500
chr14	16595000	16600000	39.8575146924852	16597500
chr14	16600000	16605000	41.596003361076974	16602500
chr14	16605000	16610000	43.27431140974548	16607500
chr14	16610000	16615000	56.87813699197028	16612500
chr14	16615000	16620000	59.98600331678887	16617500
chr14	16620000	16625000	68.15545505574843	16622500
chr14	16625000	16630000	58.812886838695846	16627500
chr14	16630000	16635000	62.17342498287813	16632500
chr14	16635000	16640000	60.35074487149711	16637500
chr14	16640000	16645000	62.171608686196336	16642500
chr14	16645000	16650000	68.25864847908218	16647500
chr14	16650000	16655000	76.21899159135488	16652500
chr14	16655000	16660000	57.268807511946704	16657500
chr14	16660000	16665000	63.96471742594395	16662500
chr14	16665000	16670000	76.4868020324309	16667500
chr14	16670000	16675000	66.92268406676101	16672500
chr14	16675000	16680000	73.53078255869022	16677500
chr14	16680000	16685000	63.713508150241076	16682500
chr14	16685000	16690000	73.77517371143172	16687500
chr14	16690000	16695000	160.94911035614604	16692500
chr14	16695000	16700000	115.47813962981586	16697500
chr14	16700000	16705000	103.75949299798022	16702500
chr14	16705000	16710000	107.69146601951621	16707500
chr14	16710000	16715000	74.87044615090934	16712500
chr14	16715000	16720000	75.83082601762393	16717500
chr14	16720000	16725000	98.79660920517755	16722500
chr14	16725000	16730000	79.03021251473223	16727500
chr14	16730000	16735000	51.93670759005227	16732500
chr14	16735000	16740000	68.19082239932449	16737500
chr14	16740000	16745000	52.872290257728764	16742500
chr14	16745000	16750000	37.407766008527865	16747500
chr14	16750000	16755000	36.22361800894394	16752500
chr14	16755000	16760000	41.703837161812245	16757500
chr14	16760000	16765000	81.5636256803688	16762500
chr14	16765000	16770000	65.71982692595023	16767500
chr14	16770000	16775000	65.5971134899254	16772500
chr14	16775000	16780000	61.07637389668734	16777500
chr14	16780000	16785000	54.20117365277554	16782500
chr14	16785000	16790000	62.979791653440195	16787500
chr14	16790000	16795000	69.20144287982484	16792500
chr14	16795000	16800000	59.30155879934619	16797500
chr14	16800000	16805000	62.716041670573226	16802500
chr14	16805000	16810000	61.46933434392736	16807500
chr14	16810000	16815000	67.19254901143191	16812500
chr14	16815000	16820000	66.68437927806494	16817500
chr14	16820000	16825000	64.80889839184505	16822500
chr14	16825000	16830000	77.05991835338958	16827500
chr14	16830000	16835000	84.34668494077741	16832500
chr14	16835000	16840000	83.05139728739452	16837500
chr14	16840000	16845000	90.81022355324242	16842500
chr14	16845000	16850000	74.22521698035058	16847500
chr14	16850000	16855000	71.80479727645438	16852500
chr14	16855000	16860000	71.80479727645438	16857500
chr14	16860000	16865000	71.80479727645438	16862500
chr14	16865000	16870000	71.80479727645438	16867500
chr14	16870000	16875000	71.80479727645438	16872500
chr14	16875000	16880000	71.80479727645438	16877500
chr14	16880000	16885000	71.80479727645438	16882500
chr14	16885000	16890000	71.80479727645438	16887500
chr14	16890000	16895000	71.80479727645438	16892500
chr14	16895000	16900000	71.80479727645438	16897500
chr14	16900000	16905000	71.80479727645438	16902500
chr14	16905000	16910000	71.80479727645438	16907500
chr14	16910000	16915000	71.80479727645438	16912500
chr14	16915000	16920000	71.80479727645438	16917500
chr14	16920000	16925000	71.80479727645438	16922500
chr14	16925000	16930000	71.80479727645438	16927500
chr14	16930000	16935000	77.69833181518324	16932500
chr14	16935000	16940000	88.07271535513759	16937500
chr14	16940000	16945000	82.76580759985924	16942500
chr14	16945000	16950000	97.62874761062238	16947500
chr14	16950000	16955000	106.00885341067354	16952500
chr14	16955000	16960000	94.0018430300503	16957500
chr14	16960000	16965000	74.88425575804575	16962500
chr14	16965000	16970000	74.48782253003728	16967500
chr14	16970000	16975000	102.63653146750686	16972500
chr14	16975000	16980000	101.59183619517411	16977500
chr14	16980000	16985000	98.6035701421258	16982500
chr14	16985000	16990000	105.42602128752253	16987500
chr14	16990000	16995000	115.54961766356176	16992500
chr14	16995000	17000000	104.80819312651047	16997500
chr14	17000000	17005000	74.69480681672263	17002500
chr14	17005000	17010000	64.45940808308596	17007500
chr14	17010000	17015000	63.779466702170154	17012500
chr14	17015000	17020000	62.890336469435404	17017500
chr14	17020000	17025000	64.8210518596141	17022500
chr14	17025000	17030000	64.5697359657937	17027500
chr14	17030000	17035000	62.51459929325462	17032500
chr14	17035000	17040000	63.235945947697466	17037500
chr14	17040000	17045000	62.463200496318564	17042500
chr14	17045000	17050000	62.78644299920474	17047500
chr14	17050000	17055000	62.25817687341651	17052500
chr14	17055000	17060000	62.52942440979488	17057500
chr14	17060000	17065000	63.71160192355112	17062500
chr14	17065000	17070000	62.97140486228453	17067500
chr14	17070000	17075000	65.19233676984946	17072500
chr14	17075000	17080000	107.167972781157	17077500
chr14	17080000	17085000	107.09724006712283	17082500
chr14	17085000	17090000	62.84746788557246	17087500
chr14	17090000	17095000	60.67340884865762	17092500
chr14	17095000	17100000	57.887043727237895	17097500
chr14	17100000	17105000	87.91623504002195	17102500
chr14	17105000	17110000	91.26204645807088	17107500
chr14	17110000	17115000	81.00248056143677	17112500
chr14	17115000	17120000	75.49735252149597	17117500
chr14	17120000	17125000	55.817401261424685	17122500
chr14	17125000	17130000	48.83821931343517	17127500
chr14	17130000	17135000	72.11865325394011	17132500
chr14	17135000	17140000	75.98790250253195	17137500
chr14	17140000	17145000	79.40390595061123	17142500
chr14	17145000	17150000	82.54090323289009	17147500
chr14	17150000	17155000	82.22621033692157	17152500
chr14	17155000	17160000	78.6528813885244	17157500
chr14	17160000	17165000	77.4387282363384	17162500
chr14	17165000	17170000	79.89235411356273	17167500
chr14	17170000	17175000	98.74183756271243	17172500
chr14	17175000	17180000	85.18845841605156	17177500
chr14	17180000	17185000	79.01524818747662	17182500
chr14	17185000	17190000	76.3619662062954	17187500
chr14	17190000	17195000	60.25608270693177	17192500
chr14	17195000	17200000	50.97595241789122	17197500
chr14	17200000	17205000	70.52164557758721	17202500
chr14	17205000	17210000	63.75769897263862	17207500
chr14	17210000	17215000	69.93963003564902	17212500
chr14	17215000	17220000	108.61783916418932	17217500
chr14	17220000	17225000	103.83523430659916	17222500
chr14	17225000	17230000	114.30578395031384	17227500
chr14	17230000	17235000	103.05446932337207	17232500
chr14	17235000	17240000	84.94994100186966	17237500
chr14	17240000	17245000	68.21486768895326	17242500
chr14	17245000	17250000	57.071052100035836	17247500
chr14	17250000	17255000	60.987163610894385	17252500
chr14	17255000	17260000	60.98716361089458	17257500
chr14	17260000	17265000	47.2146442867571	17262500
chr14	17265000	17270000	66.34430596745499	17267500
chr14	17270000	17275000	63.54602307084857	17272500
chr14	17275000	17280000	59.28741425899739	17277500
chr14	17280000	17285000	64.622561607683	17282500
chr14	17285000	17290000	71.57389487791019	17287500
chr14	17290000	17295000	65.37241907057886	17292500
chr14	17295000	17300000	65.1959845282352	17297500
chr14	17300000	17305000	57.2307862222392	17302500
chr14	17305000	17310000	64.89206972040189	17307500
chr14	17310000	17315000	48.93497309960724	17312500
chr14	17315000	17320000	69.68737234635371	17317500
chr14	17320000	17325000	66.855494346342	17322500
chr14	17325000	17330000	65.14012274502304	17327500
chr14	17330000	17335000	67.4194286106204	17332500
chr14	17335000	17340000	68.80980090101593	17337500
chr14	17340000	17345000	70.38171013453898	17342500
chr14	17345000	17350000	69.89338968941705	17347500
chr14	17350000	17355000	69.6620091031225	17352500
chr14	17355000	17360000	72.20575296707611	17357500
chr14	17360000	17365000	72.90128319468587	17362500
chr14	17365000	17370000	69.31157032317812	17367500
chr14	17370000	17375000	70.42254802472286	17372500
chr14	17375000	17380000	71.05234526594475	17377500
chr14	17380000	17385000	68.84667332758659	17382500
chr14	17385000	17390000	61.92831764139659	17387500
chr14	17390000	17395000	68.83540882601321	17392500
chr14	17395000	17400000	71.01609997979509	17397500
chr14	17400000	17405000	84.32283972028297	17402500
chr14	17405000	17410000	100.83273843201418	17407500
chr14	17410000	17415000	92.72716461351305	17412500
chr14	17415000	17420000	104.79821461852254	17417500
chr14	17420000	17425000	103.4044200461613	17422500
chr14	17425000	17430000	112.499608353171	17427500
chr14	17430000	17435000	93.11198320244141	17432500
chr14	17435000	17440000	93.79811980193524	17437500
chr14	17440000	17445000	50.15299359807869	17442500
chr14	17445000	17450000	59.10935737346282	17447500
chr14	17450000	17455000	62.443712786941205	17452500
chr14	17455000	17460000	60.1112849703447	17457500
chr14	17460000	17465000	63.56536667796175	17462500
chr14	17465000	17470000	48.270501404623964	17467500
chr14	17470000	17475000	58.61826648853843	17472500
chr14	17475000	17480000	55.43634428117475	17477500
chr14	17480000	17485000	58.07737457512223	17482500
chr14	17485000	17490000	53.44222787223666	17487500
chr14	17490000	17495000	45.20108788559491	17492500
chr14	17495000	17500000	37.61310799697324	17497500
chr14	17500000	17505000	49.93759929480099	17502500
chr14	17505000	17510000	55.26933726907002	17507500
chr14	17510000	17515000	62.752948138377675	17512500
chr14	17515000	17520000	73.41358330605726	17517500
chr14	17520000	17525000	65.90605192086947	17522500
chr14	17525000	17530000	53.27996693986947	17527500
chr14	17530000	17535000	55.00181643247278	17532500
chr14	17535000	17540000	53.271521429630944	17537500
chr14	17540000	17545000	52.57025729936345	17542500
chr14	17545000	17550000	50.84236410158324	17547500
chr14	17550000	17555000	35.97056198860235	17552500
chr14	17555000	17560000	61.810196218079035	17557500
chr14	17560000	17565000	65.21101476646275	17562500
chr14	17565000	17570000	42.88689502421547	17567500
chr14	17570000	17575000	60.69501868531907	17572500
chr14	17575000	17580000	77.25480330835578	17577500
chr14	17580000	17585000	59.60102341582473	17582500
chr14	17585000	17590000	50.143617045113125	17587500
chr14	17590000	17595000	35.228463107563556	17592500
chr14	17595000	17600000	25.94348403323082	17597500
chr14	17600000	17605000	20.586120880744552	17602500
chr14	17605000	17610000	20.64446648300687	17607500
chr14	17610000	17615000	73.5217603085351	17612500
chr14	17615000	17620000	45.34913556338177	17617500
chr14	17620000	17625000	29.070143354483807	17622500
chr14	17625000	17630000	28.978037900147193	17627500
chr14	17630000	17635000	22.95961182927973	17632500
chr14	17635000	17640000	51.615185837206894	17637500
chr14	17640000	17645000	29.055072579679358	17642500
chr14	17645000	17650000	32.37526778614861	17647500
chr14	17650000	17655000	22.6328705344234	17652500
chr14	17655000	17660000	32.27552670312058	17657500
chr14	17660000	17665000	38.09440356317522	17662500
chr14	17665000	17670000	20.03609645668868	17667500
chr14	17670000	17675000	22.20406250030329	17672500
chr14	17675000	17680000	33.36310518649138	17677500
chr14	17680000	17685000	35.05352044504728	17682500
chr14	17685000	17690000	30.751477565263077	17687500
chr14	17690000	17695000	24.081063691750025	17692500
chr14	17695000	17700000	27.424547109062544	17697500
chr14	17700000	17705000	25.12343455591395	17702500
chr14	17705000	17710000	29.793356350946755	17707500
chr14	17710000	17715000	31.87080721982772	17712500
chr14	17715000	17720000	28.700194708026476	17717500
chr14	17720000	17725000	35.93154506173951	17722500
chr14	17725000	17730000	32.16095304060358	17727500
chr14	17730000	17735000	28.550764571709205	17732500
chr14	17735000	17740000	35.03714027481004	17737500
chr14	17740000	17745000	31.071372686713765	17742500
chr14	17745000	17750000	46.483119044512925	17747500
chr14	17750000	17755000	97.97045359263336	17752500
chr14	17755000	17760000	55.70630687566466	17757500
chr14	17760000	17765000	54.09666994510822	17762500
chr14	17765000	17770000	53.568023517053525	17767500
chr14	17770000	17775000	34.22098161226069	17772500
chr14	17775000	17780000	16.7621738794096	17777500
chr14	17780000	17785000	16.418214213294384	17782500
chr14	17785000	17790000	50.00140789042345	17787500
chr14	17790000	17795000	32.02065814809543	17792500
chr14	17795000	17800000	33.81490978709901	17797500
chr14	17800000	17805000	30.822194731590375	17802500
chr14	17805000	17810000	58.51762632951118	17807500
chr14	17810000	17815000	27.003913297137665	17812500
chr14	17815000	17820000	43.4575972504909	17817500
chr14	17820000	17825000	28.91682923311131	17822500
chr14	17825000	17830000	58.84125654194101	17827500
chr14	17830000	17835000	62.47504328027497	17832500
chr14	17835000	17840000	55.61305179256696	17837500
chr14	17840000	17845000	66.79788033342462	17842500
chr14	17845000	17850000	62.79956164706805	17847500
chr14	17850000	17855000	63.51389083423009	17852500
chr14	17855000	17860000	69.8778998804242	17857500
chr14	17860000	17865000	62.285211365532106	17862500
chr14	17865000	17870000	64.58088030435147	17867500
chr14	17870000	17875000	66.25150294316697	17872500
chr14	17875000	17880000	59.96647377763374	17877500
chr14	17880000	17885000	59.60437074437202	17882500
chr14	17885000	17890000	60.923669653996306	17887500
chr14	17890000	17895000	60.49794035856128	17892500
chr14	17895000	17900000	54.70895422913721	17897500
chr14	17900000	17905000	68.24032231791112	17902500
chr14	17905000	17910000	69.0928124490064	17907500
chr14	17910000	17915000	71.13981414326507	17912500
chr14	17915000	17920000	95.33676721410146	17917500
chr14	17920000	17925000	95.3367672141015	17922500
chr14	17925000	17930000	95.33676721410146	17927500
chr14	17930000	17935000	95.33676721410147	17932500
chr14	17935000	17940000	95.3367672141015	17937500
chr14	17940000	17945000	95.33676721410146	17942500
chr14	17945000	17950000	95.33676721410146	17947500
chr14	17950000	17955000	95.33676721410151	17952500
chr14	17955000	17960000	95.33676721410146	17957500
chr14	17960000	17965000	95.3367672141015	17962500
chr14	17965000	17970000	95.3367672141015	17967500
chr14	17970000	17975000	95.33676721410149	17972500
chr14	17975000	17980000	95.33676721410147	17977500
chr14	17980000	17985000	95.33676721410157	17982500
chr14	17985000	17990000	95.33676721410177	17987500
chr14	17990000	17995000	95.33676721410147	17992500
chr14	17995000	18000000	95.33676721410146	17997500
chr14	18000000	18005000	95.33676721410161	18002500
chr14	18005000	18010000	75.93632028552298	18007500
chr14	18010000	18015000	66.92674394189194	18012500
chr14	18015000	18020000	55.28555074170807	18017500
chr14	18020000	18025000	64.44504772594047	18022500
chr14	18025000	18030000	75.4077329905847	18027500
chr14	18030000	18035000	85.0153979595919	18032500
chr14	18035000	18040000	92.39880405069928	18037500
chr14	18040000	18045000	80.04294418210692	18042500
chr14	18045000	18050000	105.04252283787447	18047500
chr14	18050000	18055000	91.10802801633719	18052500
chr14	18055000	18060000	71.54357258905105	18057500
chr14	18060000	18065000	26.607187640993466	18062500
chr14	18065000	18070000	26.27117869212933	18067500
chr14	18070000	18075000	31.834011737216702	18072500
chr14	18075000	18080000	38.01814021565788	18077500
chr14	18080000	18085000	55.50838655237458	18082500
chr14	18085000	18090000	40.87536087513966	18087500
chr14	18090000	18095000	37.301095792274225	18092500
chr14	18095000	18100000	47.37503421331394	18097500
chr14	18100000	18105000	36.09559657135825	18102500
chr14	18105000	18110000	31.318042792291195	18107500
chr14	18110000	18115000	31.063304731876883	18112500
chr14	18115000	18120000	67.04418959758173	18117500
chr14	18120000	18125000	60.61796430655253	18122500
chr14	18125000	18130000	56.02141455368781	18127500
chr14	18130000	18135000	55.24827981267083	18132500
chr14	18135000	18140000	65.33135971936339	18137500
chr14	18140000	18145000	73.87855559466506	18142500
chr14	18145000	18150000	53.00603268556403	18147500
chr14	18150000	18155000	73.60538008401775	18152500
chr14	18155000	18160000	116.74671497761084	18157500
chr14	18160000	18165000	116.10274952538107	18162500
chr14	18165000	18170000	116.27748724937082	18167500
chr14	18170000	18175000	98.04501510200488	18172500
chr14	18175000	18180000	81.93356843694671	18177500
chr14	18180000	18185000	72.01639983192598	18182500
chr14	18185000	18190000	100.48379135167536	18187500
chr14	18190000	18195000	84.97998642470687	18192500
chr14	18195000	18200000	84.97998642470674	18197500
chr14	18200000	18205000	84.97998642470702	18202500
chr14	18205000	18210000	84.97998642470692	18207500
chr14	18210000	18215000	84.97998642470701	18212500
chr14	18215000	18220000	84.97998642470712	18217500
chr14	18220000	18225000	84.97998642470726	18222500
chr14	18225000	18230000	84.97998642470682	18227500
chr14	18230000	18235000	84.97998642470692	18232500
chr14	18235000	18240000	84.97998642470708	18237500
chr14	18240000	18245000	84.97998642470701	18242500
chr14	18245000	18250000	84.97998642470718	18247500
chr14	18250000	18255000	84.97998642470732	18252500
chr14	18255000	18260000	84.97998642470718	18257500
chr14	18260000	18265000	84.97998642470714	18262500
chr14	18265000	18270000	84.97998642470709	18267500
chr14	18270000	18275000	84.97998642470671	18272500
chr14	18275000	18280000	84.97998642470695	18277500
chr14	18280000	18285000	69.66793297185087	18282500
chr14	18285000	18290000	53.048303258744504	18287500
chr14	18290000	18295000	53.10943336234991	18292500
chr14	18295000	18300000	52.04684445216252	18297500
chr14	18300000	18305000	49.62030352255849	18302500
chr14	18305000	18310000	52.37224528428981	18307500
chr14	18310000	18315000	46.60006026479442	18312500
chr14	18315000	18320000	49.714654550049346	18317500
chr14	18320000	18325000	50.26324644142699	18322500
chr14	18325000	18330000	49.62288547563981	18327500
chr14	18330000	18335000	49.91288972813797	18332500
chr14	18335000	18340000	49.36247569257067	18337500
chr14	18340000	18345000	49.06676756697936	18342500
chr14	18345000	18350000	49.73032461568352	18347500
chr14	18350000	18355000	49.039647522284405	18352500
chr14	18355000	18360000	47.637628035027625	18357500
chr14	18360000	18365000	52.98562442683405	18362500
chr14	18365000	18370000	50.34859034559002	18367500
chr14	18370000	18375000	50.29474344548737	18372500
chr14	18375000	18380000	50.531914446649374	18377500
chr14	18380000	18385000	48.32455184632033	18382500
chr14	18385000	18390000	50.16641604527972	18387500
chr14	18390000	18395000	53.15032058111123	18392500
chr14	18395000	18400000	51.66215383781169	18397500
chr14	18400000	18405000	51.5984163728197	18402500
chr14	18405000	18410000	50.01212926042022	18407500
chr14	18410000	18415000	47.4102257874735	18412500
chr14	18415000	18420000	45.1601115917451	18417500
chr14	18420000	18425000	49.16324274921126	18422500
chr14	18425000	18430000	44.296337797095276	18427500
chr14	18430000	18435000	44.29633779709521	18432500
chr14	18435000	18440000	44.296337797095354	18437500
chr14	18440000	18445000	44.296337797095305	18442500
chr14	18445000	18450000	44.296337797095276	18447500
chr14	18450000	18455000	44.29633779709524	18452500
chr14	18455000	18460000	44.296337797095404	18457500
chr14	18460000	18465000	44.296337797095234	18462500
chr14	18465000	18470000	44.29633779709526	18467500
chr14	18470000	18475000	44.29633779709536	18472500
chr14	18475000	18480000	44.296337797095404	18477500
chr14	18480000	18485000	44.29633779709531	18482500
chr14	18485000	18490000	44.296337797095255	18487500
chr14	18490000	18495000	44.2963377970952	18492500
chr14	18495000	18500000	44.29633779709521	18497500
chr14	18500000	18505000	44.296337797095326	18502500
chr14	18505000	18510000	44.296337797095404	18507500
chr14	18510000	18515000	44.296337797095404	18512500
chr14	18515000	18520000	44.29633779709532	18517500
chr14	18520000	18525000	44.29633779709528	18522500
chr14	18525000	18530000	44.29633779709533	18527500
chr14	18530000	18535000	44.2963377970953	18532500
chr14	18535000	18540000	44.296337797095404	18537500
chr14	18540000	18545000	44.296337797095255	18542500
chr14	18545000	18550000	44.296337797095326	18547500
chr14	18550000	18555000	44.296337797095255	18552500
chr14	18555000	18560000	44.296337797095276	18557500
chr14	18560000	18565000	44.296337797095276	18562500
chr14	18565000	18570000	44.296337797095276	18567500
chr14	18570000	18575000	44.296337797095234	18572500
chr14	18575000	18580000	44.296337797095255	18577500
chr14	18580000	18585000	44.296337797095276	18582500
chr14	18585000	18590000	44.29633779709527	18587500
chr14	18590000	18595000	44.29633779709523	18592500
chr14	18595000	18600000	40.72068834200036	18597500
chr14	18600000	18605000	47.063012526330205	18602500
chr14	18605000	18610000	40.76545749042882	18607500
chr14	18610000	18615000	25.826670043593555	18612500
chr14	18615000	18620000	33.65610403967232	18617500
chr14	18620000	18625000	38.01521116358114	18622500
chr14	18625000	18630000	23.392431487568903	18627500
chr14	18630000	18635000	38.96640927837362	18632500
chr14	18635000	18640000	37.933881589392385	18637500
chr14	18640000	18645000	23.651737590812647	18642500
chr14	18645000	18650000	26.08317311756325	18647500
chr14	18650000	18655000	9.48331358397878	18652500
chr14	18655000	18660000	11.081656452871455	18657500
chr14	18660000	18665000	5.82780400667496	18662500
chr14	18665000	18670000	6.1659522642719296	18667500
chr14	18670000	18675000	5.668928064978958	18672500
chr14	18675000	18680000	14.927269699718941	18677500
chr14	18680000	18685000	13.163211042180434	18682500
chr14	18685000	18690000	10.558884500381117	18687500
chr14	18690000	18695000	7.139554563206135	18692500
chr14	18695000	18700000	7.913108377992555	18697500
chr14	18700000	18705000	13.741889048492476	18702500
chr14	18705000	18710000	15.731043488250739	18707500
chr14	18710000	18715000	11.837330154934673	18712500
chr14	18715000	18720000	8.537574833533832	18717500
chr14	18720000	18725000	7.02651588370815	18722500
chr14	18725000	18730000	4.38410406911817	18727500
chr14	18730000	18735000	4.5237668788314105	18732500
chr14	18735000	18740000	2.03013257399953	18737500
chr14	18740000	18745000	5.983563310784619	18742500
chr14	18745000	18750000	8.057410990837523	18747500
chr14	18750000	18755000	8.941583563145835	18752500
chr14	18755000	18760000	8.489705689506994	18757500
chr14	18760000	18765000	5.442608326815123	18762500
chr14	18765000	18770000	11.670492088067324	18767500
chr14	18770000	18775000	6.577385344518581	18772500
chr14	18775000	18780000	4.32974828526594	18777500
chr14	18780000	18785000	5.5294810567567385	18782500
chr14	18785000	18790000	5.136033081959985	18787500
chr14	18790000	18795000	4.796834283291227	18792500
chr14	18795000	18800000	2.455190353317879	18797500
chr14	18800000	18805000	4.453568542338067	18802500
chr14	18805000	18810000	2.952162561877663	18807500
chr14	18810000	18815000	2.3601022118763346	18812500
chr14	18815000	18820000	2.993461979398411	18817500
chr14	18820000	18825000	3.9757380420202413	18822500
chr14	18825000	18830000	2.1140844516429684	18827500
chr14	18830000	18835000	0.842255367197623	18832500
chr14	18835000	18840000	0.9117017449495594	18837500
chr14	18840000	18845000	0.6161414493765459	18842500
chr14	18845000	18850000	1.3486238691670132	18847500
chr14	18850000	18855000	0.4499428638439259	18852500
chr14	18855000	18860000	0.8001078740153651	18857500
chr14	18860000	18865000	1.2442512134427623	18862500
chr14	18865000	18870000	0.18897606546094206	18867500
chr14	18870000	18875000	0.17244612638860107	18872500
chr14	18875000	18880000	0.24002801969005802	18877500
chr14	18880000	18885000	0.12321155185526171	18882500
chr14	18885000	18890000	0.10753887764150317	18887500
chr14	18890000	18895000	0.09591425141441086	18892500
chr14	18895000	18900000	0.07125421842469151	18897500
chr14	18900000	18905000	0.03406636489613443	18902500
chr14	18905000	18910000	0.0971085253484506	18907500
chr14	18910000	18915000	0.1571829284315479	18912500
chr14	18915000	18920000	0.4014005300600765	18917500
chr14	18920000	18925000	0.22222791836880695	18922500
chr14	18925000	18930000	0.17290327969048255	18927500
chr14	18930000	18935000	0.13089237700669254	18932500
chr14	18935000	18940000	0.09094552916957395	18937500
chr14	18940000	18945000	0.08449339620936921	18942500
chr14	18945000	18950000	0.10333065117279396	18947500
chr14	18950000	18955000	0.22039350751108477	18952500
chr14	18955000	18960000	0.22039350751108486	18957500
chr14	18960000	18965000	0.21362358719245864	18962500
chr14	18965000	18970000	0.19714594982434522	18967500
chr14	18970000	18975000	0.1870965696178927	18972500
chr14	18975000	18980000	0.1326546200345237	18977500
chr14	18980000	18985000	0.09640615137140388	18982500
chr14	18985000	18990000	0.09640615137140388	18987500
chr14	18990000	18995000	0.09762698644303014	18992500
chr14	18995000	19000000	0.13084389290052137	18997500
chr14	19000000	19005000	0.14525457096911976	19002500
chr14	19005000	19010000	0.14525457096911976	19007500
chr14	19010000	19015000	0.14525457096911976	19012500
chr14	19015000	19020000	0.20065574286523338	19017500
chr14	19020000	19025000	0.209200406594382	19022500
chr14	19025000	19030000	0.09533003012945716	19027500
chr14	19030000	19035000	0.0838049417254838	19032500
chr14	19035000	19040000	0.11107863606388282	19037500
chr14	19040000	19045000	0.2034867950453554	19042500
chr14	19045000	19050000	0.22948681798550455	19047500
chr14	19050000	19055000	0.2771634733864393	19052500
chr14	19055000	19060000	0.2771634733864391	19057500
chr14	19060000	19065000	11.940390259492691	19062500
chr14	19065000	19070000	15.039890022548574	19067500
chr14	19070000	19075000	0.26035322816814027	19072500
chr14	19075000	19080000	0.24989093416123556	19077500
chr14	19080000	19085000	0.08185095495980398	19082500
