chr9	0	5000	13.06661217292775	2500
chr9	5000	10000	32.33933580891346	7500
chr9	10000	15000	3.5829936335716113	12500
chr9	15000	20000	3.4666168302581917	17500
chr9	20000	25000	4.58629052811816	22500
chr9	25000	30000	1.5487650029122058	27500
chr9	30000	35000	0.10092340125660088	32500
chr9	35000	40000	0.10341546088060534	37500
chr9	40000	45000	27.803060316490892	42500
chr9	45000	50000	6.850006257168383	47500
chr9	50000	55000	1.1293743160923626	52500
chr9	55000	60000	0.5363217284471047	57500
chr9	60000	65000	0.14189937111520612	62500
chr9	65000	70000	0.14189977931664088	67500
chr9	70000	75000	0.14190017391136123	72500
chr9	75000	80000	0.14190017391136114	77500
chr9	80000	85000	0.1275821857326284	82500
chr9	85000	90000	0.07255082842422168	87500
chr9	90000	95000	0.07255082842422167	92500
chr9	95000	100000	0.0725508284242217	97500
chr9	100000	105000	0.0725508284242217	102500
chr9	105000	110000	0.07318967902626301	107500
chr9	110000	115000	0.1259215093771483	112500
chr9	115000	120000	0.1405271801837373	117500
chr9	120000	125000	0.10703146108217658	122500
chr9	125000	130000	0.0952275921405328	127500
chr9	130000	135000	0.08949897584307664	132500
chr9	135000	140000	0.07286042883423259	137500
chr9	140000	145000	0.06611557072049368	142500
chr9	145000	150000	0.04641257858879268	147500
chr9	150000	155000	0.043621336328662594	152500
chr9	155000	160000	0.04327031903826794	157500
chr9	160000	165000	0.043270319038267925	162500
chr9	165000	170000	0.051146094113149285	167500
chr9	170000	175000	0.15657854637748336	172500
chr9	175000	180000	0.18283353177894918	177500
chr9	180000	185000	0.18283353177894912	182500
chr9	185000	190000	0.18283353177894915	187500
chr9	190000	195000	0.18283353177894918	192500
chr9	195000	200000	0.18283353177894912	197500
chr9	200000	205000	0.1828335317789493	202500
chr9	205000	210000	0.13868776507556319	207500
chr9	210000	215000	0.0604077466595498	212500
chr9	215000	220000	0.024051049390344276	217500
chr9	220000	225000	0.022700122761051628	222500
chr9	225000	230000	0.014427205604569948	227500
chr9	230000	235000	0.01405435173701844	232500
chr9	235000	240000	0.014054351737018429	237500
chr9	240000	245000	0.039176812321381066	242500
chr9	245000	250000	0.036341425633091166	247500
chr9	250000	255000	0.028429152764618406	252500
chr9	255000	260000	0.028429152764618406	257500
chr9	260000	265000	0.0632252906945714	262500
chr9	265000	270000	0.06829612585126535	267500
chr9	270000	275000	0.056038638304858134	272500
chr9	275000	280000	0.041492557143313465	277500
chr9	280000	285000	0.01787200572478255	282500
chr9	285000	290000	0.022741072934501647	287500
chr9	290000	295000	0.030743478167323948	292500
chr9	295000	300000	0.12180663860280411	297500
chr9	300000	305000	0.2500547421067288	302500
chr9	305000	310000	0.1642608299636697	307500
chr9	310000	315000	0.19154455869114206	312500
chr9	315000	320000	0.34657638386663187	317500
chr9	320000	325000	0.13735328844441524	322500
chr9	325000	330000	0.08013439937594066	327500
chr9	330000	335000	0.07963845712533073	332500
chr9	335000	340000	0.06023412003468095	337500
chr9	340000	345000	0.044714006102767184	342500
chr9	345000	350000	0.11645950298374072	347500
chr9	350000	355000	0.0928748371329292	352500
chr9	355000	360000	0.1251965666145321	357500
chr9	360000	365000	0.19655593363043947	362500
chr9	365000	370000	0.19311786194823516	367500
chr9	370000	375000	0.03137849065218283	372500
chr9	375000	380000	0.03750176972893822	377500
chr9	380000	385000	0.04918087331886229	382500
chr9	385000	390000	0.026976615457644307	387500
chr9	390000	395000	0.026976615457644317	392500
chr9	395000	400000	0.026976615457644328	397500
chr9	400000	405000	0.029674385014779363	402500
chr9	405000	410000	0.039173263660035505	407500
chr9	410000	415000	0.061430508716741945	412500
chr9	415000	420000	0.06143050871674203	417500
chr9	420000	425000	0.0831210110067832	422500
chr9	425000	430000	0.190288442956892	427500
chr9	430000	435000	0.19028844295689207	432500
chr9	435000	440000	0.19028844295689207	437500
chr9	440000	445000	0.19028844295689198	442500
chr9	445000	450000	0.29194145597519316	447500
chr9	450000	455000	0.3702302400673392	452500
chr9	455000	460000	0.3702302400673391	457500
chr9	460000	465000	0.3702302400673389	462500
chr9	465000	470000	0.3702302400673389	467500
chr9	470000	475000	0.39086492828419717	472500
chr9	475000	480000	0.42181696060948404	477500
chr9	480000	485000	0.6138003660177168	482500
chr9	485000	490000	2.127354247912938	487500
chr9	490000	495000	1.0031241184784856	492500
chr9	495000	500000	0.3137050080145544	497500
chr9	500000	505000	0.38780552223952663	502500
chr9	505000	510000	0.3977307777277159	507500
chr9	510000	515000	1.0239344437938633	512500
chr9	515000	520000	1.3491465978103785	517500
chr9	520000	525000	0.6914355027718215	522500
chr9	525000	530000	2.0830368560482393	527500
chr9	530000	535000	1.2619523751677646	532500
chr9	535000	540000	0.8055004906665704	537500
chr9	540000	545000	3.1459841399535997	542500
chr9	545000	550000	3.706537931268653	547500
chr9	550000	555000	1.4993561052554205	552500
chr9	555000	560000	1.4329189010498553	557500
chr9	560000	565000	1.6891001738603726	562500
chr9	565000	570000	2.4205557145472016	567500
chr9	570000	575000	4.325657438353552	572500
chr9	575000	580000	1.0871237347726692	577500
chr9	580000	585000	0.5114149628202607	582500
chr9	585000	590000	1.3547247890991816	587500
chr9	590000	595000	1.2205935204295555	592500
chr9	595000	600000	2.0758771013037154	597500
chr9	600000	605000	0.8257112787150929	602500
chr9	605000	610000	0.6902746409429233	607500
chr9	610000	615000	0.6513209850556216	612500
chr9	615000	620000	0.45104438157968113	617500
chr9	620000	625000	0.24867899467704194	622500
chr9	625000	630000	0.8466986818336021	627500
chr9	630000	635000	0.8260250475371304	632500
chr9	635000	640000	1.7805112469944326	637500
chr9	640000	645000	3.8012282568036477	642500
chr9	645000	650000	4.185549976493939	647500
chr9	650000	655000	3.5045956257373905	652500
chr9	655000	660000	2.1788293860006513	657500
chr9	660000	665000	2.941738718293563	662500
chr9	665000	670000	3.1498376107040795	667500
chr9	670000	675000	4.012503836278388	672500
chr9	675000	680000	4.483093617532345	677500
chr9	680000	685000	4.233816131374216	682500
chr9	685000	690000	4.258159584778304	687500
chr9	690000	695000	4.937653254576586	692500
chr9	695000	700000	6.369168135412543	697500
chr9	700000	705000	13.57744924185305	702500
chr9	705000	710000	4.561456085900656	707500
chr9	710000	715000	3.723011595142667	712500
chr9	715000	720000	2.604962160474332	717500
chr9	720000	725000	2.8429912756011473	722500
chr9	725000	730000	2.5456588004732175	727500
chr9	730000	735000	2.2647716665749167	732500
chr9	735000	740000	3.4124928517601614	737500
chr9	740000	745000	3.9650055448092756	742500
chr9	745000	750000	3.593066504466991	747500
chr9	750000	755000	4.31728453433314	752500
chr9	755000	760000	6.1825056060378065	757500
chr9	760000	765000	5.17245492259316	762500
chr9	765000	770000	5.47915071101262	767500
chr9	770000	775000	3.9721951840483682	772500
chr9	775000	780000	1.9023275773084454	777500
chr9	780000	785000	4.620080999425929	782500
chr9	785000	790000	2.9295567352511256	787500
chr9	790000	795000	2.7500683725602064	792500
chr9	795000	800000	4.093701689528246	797500
chr9	800000	805000	5.597650207532954	802500
chr9	805000	810000	4.991044601390983	807500
chr9	810000	815000	5.288749301626614	812500
chr9	815000	820000	4.151379993384728	817500
chr9	820000	825000	4.103751435752971	822500
chr9	825000	830000	4.461070511654919	827500
chr9	830000	835000	4.794735604435872	832500
chr9	835000	840000	4.597009643854192	837500
chr9	840000	845000	4.201731595383248	842500
chr9	845000	850000	3.7754517915405432	847500
chr9	850000	855000	4.657729996656974	852500
chr9	855000	860000	3.9247480753658133	857500
chr9	860000	865000	3.7796991148005388	862500
chr9	865000	870000	3.841904566725888	867500
chr9	870000	875000	3.768940889383943	872500
chr9	875000	880000	4.195153012074164	877500
chr9	880000	885000	4.396129685622087	882500
chr9	885000	890000	4.053635715285621	887500
chr9	890000	895000	3.923781008769703	892500
chr9	895000	900000	4.033395552156212	897500
chr9	900000	905000	3.8375324066820675	902500
chr9	905000	910000	4.18022713111543	907500
chr9	910000	915000	4.1765807568877396	912500
chr9	915000	920000	4.5714352295426695	917500
chr9	920000	925000	4.562726459403552	922500
chr9	925000	930000	3.948847327100174	927500
chr9	930000	935000	6.035728614577713	932500
chr9	935000	940000	4.413691238980844	937500
chr9	940000	945000	5.33675653127093	942500
chr9	945000	950000	6.028848899093794	947500
chr9	950000	955000	5.630662521101797	952500
chr9	955000	960000	4.408889062958261	957500
chr9	960000	965000	5.830115457222393	962500
chr9	965000	970000	4.101440624923125	967500
chr9	970000	975000	4.319039158979577	972500
chr9	975000	980000	5.108701372841589	977500
chr9	980000	985000	4.160846574204494	982500
chr9	985000	990000	4.335252364058042	987500
chr9	990000	995000	4.733423676951886	992500
chr9	995000	1000000	6.209022094939905	997500
chr9	1000000	1005000	5.56878161810007	1002500
chr9	1005000	1010000	4.290228347049455	1007500
chr9	1010000	1015000	5.282683633156374	1012500
chr9	1015000	1020000	4.6387778090562195	1017500
chr9	1020000	1025000	3.93224330263353	1022500
chr9	1025000	1030000	3.723898335445706	1027500
chr9	1030000	1035000	2.3224802213142275	1032500
chr9	1035000	1040000	2.3924066995169637	1037500
chr9	1040000	1045000	2.0637555500073006	1042500
chr9	1045000	1050000	3.2871023767631646	1047500
chr9	1050000	1055000	4.044320972065713	1052500
chr9	1055000	1060000	3.411472586462441	1057500
chr9	1060000	1065000	3.314829643950771	1062500
chr9	1065000	1070000	4.051903818105666	1067500
chr9	1070000	1075000	8.480793117690322	1072500
chr9	1075000	1080000	4.766717524481482	1077500
chr9	1080000	1085000	6.290817658577339	1082500
chr9	1085000	1090000	4.586939152550896	1087500
chr9	1090000	1095000	6.037109420972996	1092500
chr9	1095000	1100000	7.002545945167731	1097500
chr9	1100000	1105000	8.691041380768441	1102500
chr9	1105000	1110000	6.027216663532229	1107500
chr9	1110000	1115000	7.300533089523811	1112500
chr9	1115000	1120000	5.214409374626633	1117500
chr9	1120000	1125000	5.564036936732196	1122500
chr9	1125000	1130000	5.124676214401891	1127500
chr9	1130000	1135000	6.806345234870428	1132500
chr9	1135000	1140000	3.170988097019175	1137500
chr9	1140000	1145000	2.9110930823325303	1142500
chr9	1145000	1150000	3.4863864555817896	1147500
chr9	1150000	1155000	4.816670536313428	1152500
chr9	1155000	1160000	5.798931015269532	1157500
chr9	1160000	1165000	5.193244216630723	1162500
chr9	1165000	1170000	3.750722060532943	1167500
chr9	1170000	1175000	5.04780272026294	1172500
chr9	1175000	1180000	4.553609660373949	1177500
chr9	1180000	1185000	7.46308597728971	1182500
chr9	1185000	1190000	11.528562198707018	1187500
chr9	1190000	1195000	8.807193840105722	1192500
chr9	1195000	1200000	6.080921976398037	1197500
chr9	1200000	1205000	5.687792638543504	1202500
chr9	1205000	1210000	5.386696069061143	1207500
chr9	1210000	1215000	12.366674278579051	1212500
chr9	1215000	1220000	9.795022751978957	1217500
chr9	1220000	1225000	8.125788689176604	1222500
chr9	1225000	1230000	9.224930801571066	1227500
chr9	1230000	1235000	6.814321427286693	1232500
chr9	1235000	1240000	5.946958186308403	1237500
chr9	1240000	1245000	9.703061390538778	1242500
chr9	1245000	1250000	4.822520894246979	1247500
chr9	1250000	1255000	4.779249734843019	1252500
chr9	1255000	1260000	6.226207119263065	1257500
chr9	1260000	1265000	5.757026322905784	1262500
chr9	1265000	1270000	4.553346464349559	1267500
chr9	1270000	1275000	5.4781472458382146	1272500
chr9	1275000	1280000	12.036303144730725	1277500
chr9	1280000	1285000	2.3515090777197023	1282500
chr9	1285000	1290000	4.8114670059221485	1287500
chr9	1290000	1295000	5.8351223822628775	1292500
chr9	1295000	1300000	6.921051037809327	1297500
chr9	1300000	1305000	6.183662053773884	1302500
chr9	1305000	1310000	16.938294253125875	1307500
chr9	1310000	1315000	6.659332227225314	1312500
chr9	1315000	1320000	5.59205665691907	1317500
chr9	1320000	1325000	5.316584978986621	1322500
chr9	1325000	1330000	14.878322676315918	1327500
chr9	1330000	1335000	5.06827813357484	1332500
chr9	1335000	1340000	4.1770591814131075	1337500
chr9	1340000	1345000	3.085702853961135	1342500
chr9	1345000	1350000	4.467103545336864	1347500
chr9	1350000	1355000	4.933581954689033	1352500
chr9	1355000	1360000	8.916156161831335	1357500
chr9	1360000	1365000	13.157512642095181	1362500
chr9	1365000	1370000	8.587784847533603	1367500
chr9	1370000	1375000	14.843675493641811	1372500
chr9	1375000	1380000	7.825442043011018	1377500
chr9	1380000	1385000	7.6398705856184215	1382500
chr9	1385000	1390000	9.822851864419796	1387500
chr9	1390000	1395000	10.430224692772603	1392500
chr9	1395000	1400000	11.705069009617167	1397500
chr9	1400000	1405000	11.226636805562089	1402500
chr9	1405000	1410000	7.881404181793834	1407500
chr9	1410000	1415000	15.128230831175829	1412500
chr9	1415000	1420000	12.345157109142486	1417500
chr9	1420000	1425000	14.85984644385619	1422500
chr9	1425000	1430000	16.014861234998303	1427500
chr9	1430000	1435000	21.862662247717655	1432500
chr9	1435000	1440000	21.382634397065775	1437500
chr9	1440000	1445000	19.77732535740158	1442500
chr9	1445000	1450000	16.37360625329866	1447500
chr9	1450000	1455000	15.622747277093591	1452500
chr9	1455000	1460000	15.194239591203822	1457500
chr9	1460000	1465000	17.378533008523323	1462500
chr9	1465000	1470000	15.28691351603609	1467500
chr9	1470000	1475000	20.877334753260072	1472500
chr9	1475000	1480000	19.467641126511346	1477500
chr9	1480000	1485000	14.556400701773022	1482500
chr9	1485000	1490000	14.145077850008153	1487500
chr9	1490000	1495000	14.992768313209597	1492500
chr9	1495000	1500000	13.679013574992966	1497500
chr9	1500000	1505000	14.396422328193077	1502500
chr9	1505000	1510000	19.16702435153108	1507500
chr9	1510000	1515000	18.76917507842578	1512500
chr9	1515000	1520000	20.131251302066826	1517500
chr9	1520000	1525000	14.55459570669746	1522500
chr9	1525000	1530000	10.545128573451029	1527500
chr9	1530000	1535000	6.700719841923911	1532500
chr9	1535000	1540000	8.407519082302212	1537500
chr9	1540000	1545000	8.40151298984773	1542500
chr9	1545000	1550000	6.572560199115665	1547500
chr9	1550000	1555000	4.519480713076291	1552500
chr9	1555000	1560000	3.453741157832138	1557500
chr9	1560000	1565000	2.9199691227423004	1562500
chr9	1565000	1570000	5.326971540596108	1567500
chr9	1570000	1575000	4.6736601832789315	1572500
chr9	1575000	1580000	3.7926527702746045	1577500
chr9	1580000	1585000	3.7145982474102746	1582500
chr9	1585000	1590000	3.6175491857485884	1587500
chr9	1590000	1595000	5.44527609982112	1592500
chr9	1595000	1600000	3.8972945506602543	1597500
chr9	1600000	1605000	3.2301146944022663	1602500
chr9	1605000	1610000	7.620532249493648	1607500
chr9	1610000	1615000	16.48564806807311	1612500
chr9	1615000	1620000	8.207947434520506	1617500
chr9	1620000	1625000	7.546226423365939	1622500
chr9	1625000	1630000	8.467146878107432	1627500
chr9	1630000	1635000	12.672331621865242	1632500
chr9	1635000	1640000	10.417033540638585	1637500
chr9	1640000	1645000	7.862098735491131	1642500
chr9	1645000	1650000	8.385578683448438	1647500
chr9	1650000	1655000	9.523941314721379	1652500
chr9	1655000	1660000	6.28027580738851	1657500
chr9	1660000	1665000	9.16293335780177	1662500
chr9	1665000	1670000	9.06146729642822	1667500
chr9	1670000	1675000	11.145417312705343	1672500
chr9	1675000	1680000	7.1016384986298595	1677500
chr9	1680000	1685000	8.542761321538087	1682500
chr9	1685000	1690000	7.1026885161071815	1687500
chr9	1690000	1695000	15.681103972428945	1692500
chr9	1695000	1700000	8.546320740288206	1697500
chr9	1700000	1705000	5.995564685836888	1702500
chr9	1705000	1710000	6.438151996955723	1707500
chr9	1710000	1715000	8.534588899109979	1712500
chr9	1715000	1720000	8.150263715732262	1717500
chr9	1720000	1725000	6.286631682629976	1722500
chr9	1725000	1730000	4.088481737779901	1727500
chr9	1730000	1735000	8.437284339796756	1732500
chr9	1735000	1740000	22.432951109010673	1737500
chr9	1740000	1745000	14.650345989679439	1742500
chr9	1745000	1750000	12.976889155791557	1747500
chr9	1750000	1755000	7.617648136547671	1752500
chr9	1755000	1760000	11.227403590836186	1757500
chr9	1760000	1765000	9.818165745871111	1762500
chr9	1765000	1770000	9.484242240324605	1767500
chr9	1770000	1775000	14.731721696196463	1772500
chr9	1775000	1780000	17.306781228791266	1777500
chr9	1780000	1785000	19.344614835089732	1782500
chr9	1785000	1790000	11.852073134125572	1787500
chr9	1790000	1795000	27.053021705518475	1792500
chr9	1795000	1800000	10.55422103904801	1797500
chr9	1800000	1805000	20.295582612931852	1802500
chr9	1805000	1810000	19.130041123130976	1807500
chr9	1810000	1815000	13.49717757561304	1812500
chr9	1815000	1820000	14.022699435035168	1817500
chr9	1820000	1825000	23.14815415474191	1822500
chr9	1825000	1830000	17.609341188575552	1827500
chr9	1830000	1835000	19.105966177255446	1832500
chr9	1835000	1840000	16.693014029856492	1837500
chr9	1840000	1845000	12.898323665934285	1842500
chr9	1845000	1850000	13.56719918537136	1847500
chr9	1850000	1855000	12.471791211083485	1852500
chr9	1855000	1860000	18.28564286001994	1857500
chr9	1860000	1865000	27.21425989259787	1862500
chr9	1865000	1870000	15.898754361492	1867500
chr9	1870000	1875000	27.096784648656676	1872500
chr9	1875000	1880000	12.388344453342587	1877500
chr9	1880000	1885000	11.784039476707482	1882500
chr9	1885000	1890000	6.210532889300664	1887500
chr9	1890000	1895000	4.870064225457577	1892500
chr9	1895000	1900000	4.977858078724196	1897500
chr9	1900000	1905000	14.562541860095108	1902500
chr9	1905000	1910000	31.87181923186445	1907500
chr9	1910000	1915000	12.774439600011844	1912500
chr9	1915000	1920000	3.4520260402534357	1917500
chr9	1920000	1925000	3.901244726453663	1922500
chr9	1925000	1930000	10.795985852277708	1927500
chr9	1930000	1935000	16.14596852887847	1932500
chr9	1935000	1940000	42.66436952913164	1937500
chr9	1940000	1945000	9.947661149975144	1942500
chr9	1945000	1950000	6.470439352800609	1947500
chr9	1950000	1955000	4.787607264555575	1952500
chr9	1955000	1960000	6.772845601788349	1957500
chr9	1960000	1965000	6.2832173917018235	1962500
chr9	1965000	1970000	7.34488122071607	1967500
chr9	1970000	1975000	16.332666646705494	1972500
chr9	1975000	1980000	10.201917967594566	1977500
chr9	1980000	1985000	8.063221488577213	1982500
chr9	1985000	1990000	5.02978160774993	1987500
chr9	1990000	1995000	2.112370525046907	1992500
chr9	1995000	2000000	2.6289151375502415	1997500
chr9	2000000	2005000	3.7956063559931787	2002500
chr9	2005000	2010000	7.511822222183082	2007500
chr9	2010000	2015000	31.588835132850246	2012500
chr9	2015000	2020000	18.019046107671354	2017500
chr9	2020000	2025000	5.95982990025243	2022500
chr9	2025000	2030000	9.213638283389498	2027500
chr9	2030000	2035000	7.096585156579176	2032500
chr9	2035000	2040000	16.625960612387395	2037500
chr9	2040000	2045000	8.295073371722058	2042500
chr9	2045000	2050000	4.065706524150569	2047500
chr9	2050000	2055000	6.806352475836526	2052500
chr9	2055000	2060000	5.865708516500571	2057500
chr9	2060000	2065000	5.387677140586385	2062500
chr9	2065000	2070000	8.151014130655213	2067500
chr9	2070000	2075000	7.573117466231085	2072500
chr9	2075000	2080000	5.552746024190345	2077500
chr9	2080000	2085000	8.253159035199264	2082500
chr9	2085000	2090000	8.971258548690338	2087500
chr9	2090000	2095000	10.218155794497816	2092500
chr9	2095000	2100000	10.490447556767908	2097500
chr9	2100000	2105000	8.489234772032006	2102500
chr9	2105000	2110000	7.715361335501712	2107500
chr9	2110000	2115000	11.517474910435672	2112500
chr9	2115000	2120000	10.248302264887684	2117500
chr9	2120000	2125000	9.926978483497525	2122500
chr9	2125000	2130000	19.6891397920374	2127500
chr9	2130000	2135000	7.682577459439567	2132500
chr9	2135000	2140000	10.356505864200683	2137500
chr9	2140000	2145000	24.36927955452977	2142500
chr9	2145000	2150000	11.352048375202694	2147500
chr9	2150000	2155000	13.16585852117266	2152500
chr9	2155000	2160000	5.377522076099619	2157500
chr9	2160000	2165000	4.47932348270629	2162500
chr9	2165000	2170000	3.427029340265149	2167500
chr9	2170000	2175000	3.998706495070738	2172500
chr9	2175000	2180000	4.20788759966204	2177500
chr9	2180000	2185000	7.070116457954177	2182500
chr9	2185000	2190000	4.873534866968193	2187500
chr9	2190000	2195000	4.028718405295994	2192500
chr9	2195000	2200000	8.418962988794757	2197500
chr9	2200000	2205000	10.500646132239298	2202500
chr9	2205000	2210000	12.262746467710588	2207500
chr9	2210000	2215000	11.55180303584351	2212500
chr9	2215000	2220000	19.452461696886655	2217500
chr9	2220000	2225000	13.131162834392445	2222500
chr9	2225000	2230000	13.652522493611901	2227500
chr9	2230000	2235000	10.43172387985726	2232500
chr9	2235000	2240000	22.10073664282542	2237500
chr9	2240000	2245000	13.62529651598488	2242500
chr9	2245000	2250000	18.25982637258284	2247500
chr9	2250000	2255000	14.947163083791152	2252500
chr9	2255000	2260000	12.544142652714068	2257500
chr9	2260000	2265000	14.603721887248167	2262500
chr9	2265000	2270000	18.126754945225553	2267500
chr9	2270000	2275000	14.572848979104608	2272500
chr9	2275000	2280000	15.087795320770322	2277500
chr9	2280000	2285000	15.554965583163776	2282500
chr9	2285000	2290000	12.351211608647725	2287500
chr9	2290000	2295000	12.892729014985028	2292500
chr9	2295000	2300000	11.911410488764277	2297500
chr9	2300000	2305000	14.506207807299788	2302500
chr9	2305000	2310000	16.66805718759472	2307500
chr9	2310000	2315000	12.36794153894631	2312500
chr9	2315000	2320000	11.123290298220827	2317500
chr9	2320000	2325000	12.90686040772481	2322500
chr9	2325000	2330000	12.667068666718736	2327500
chr9	2330000	2335000	7.696054150324506	2332500
chr9	2335000	2340000	9.812081710808439	2337500
chr9	2340000	2345000	9.244487789336983	2342500
chr9	2345000	2350000	12.357636878341651	2347500
chr9	2350000	2355000	6.473164820781996	2352500
chr9	2355000	2360000	32.390320640841985	2357500
chr9	2360000	2365000	11.086749517257601	2362500
chr9	2365000	2370000	8.694156052407637	2367500
chr9	2370000	2375000	17.74053236396473	2372500
chr9	2375000	2380000	28.208251407509763	2377500
chr9	2380000	2385000	18.420496358331604	2382500
chr9	2385000	2390000	21.22934334735637	2387500
chr9	2390000	2395000	20.96795142615058	2392500
chr9	2395000	2400000	23.070700078596282	2397500
chr9	2400000	2405000	12.28039707148703	2402500
chr9	2405000	2410000	18.252889773196618	2407500
chr9	2410000	2415000	25.087015587204828	2412500
chr9	2415000	2420000	16.5125009816331	2417500
chr9	2420000	2425000	18.7201132412934	2422500
chr9	2425000	2430000	10.551757369928783	2427500
chr9	2430000	2435000	13.429288210402227	2432500
chr9	2435000	2440000	16.67116569900526	2437500
chr9	2440000	2445000	22.848288387412783	2442500
chr9	2445000	2450000	12.425334627938392	2447500
chr9	2450000	2455000	12.404174354433085	2452500
chr9	2455000	2460000	16.07719382638425	2457500
chr9	2460000	2465000	20.77714949397675	2462500
chr9	2465000	2470000	13.283877741302017	2467500
chr9	2470000	2475000	9.794882678033542	2472500
chr9	2475000	2480000	10.199024827712043	2477500
chr9	2480000	2485000	8.552475787375906	2482500
chr9	2485000	2490000	9.239236382015172	2487500
chr9	2490000	2495000	21.219087200510696	2492500
chr9	2495000	2500000	11.106196022225511	2497500
chr9	2500000	2505000	11.937960193435435	2502500
chr9	2505000	2510000	10.47818598212443	2507500
chr9	2510000	2515000	13.303230350115179	2512500
chr9	2515000	2520000	16.66003997939291	2517500
chr9	2520000	2525000	36.97697203679296	2522500
chr9	2525000	2530000	14.032245510431798	2527500
chr9	2530000	2535000	21.359139421313458	2532500
chr9	2535000	2540000	25.10165902115193	2537500
chr9	2540000	2545000	23.089313566519497	2542500
chr9	2545000	2550000	20.347428363712286	2547500
chr9	2550000	2555000	22.385081530931387	2552500
chr9	2555000	2560000	22.265233765830043	2557500
chr9	2560000	2565000	31.366880848581946	2562500
chr9	2565000	2570000	21.934580314186945	2567500
chr9	2570000	2575000	23.450356739139025	2572500
chr9	2575000	2580000	20.006787715305922	2577500
chr9	2580000	2585000	19.861871919482073	2582500
chr9	2585000	2590000	16.516976925024217	2587500
chr9	2590000	2595000	17.44961809921986	2592500
chr9	2595000	2600000	13.181904434505013	2597500
chr9	2600000	2605000	14.472305063516906	2602500
chr9	2605000	2610000	23.85200684501308	2607500
chr9	2610000	2615000	16.765694636911554	2612500
chr9	2615000	2620000	15.049075738396738	2617500
chr9	2620000	2625000	17.408397911589798	2622500
chr9	2625000	2630000	19.800069665490426	2627500
chr9	2630000	2635000	15.409062312221678	2632500
chr9	2635000	2640000	10.333656380867374	2637500
chr9	2640000	2645000	8.718288387060202	2642500
chr9	2645000	2650000	8.727020199907948	2647500
chr9	2650000	2655000	17.951310378805907	2652500
chr9	2655000	2660000	22.33575801184971	2657500
chr9	2660000	2665000	22.324094725638602	2662500
chr9	2665000	2670000	19.02817553592208	2667500
chr9	2670000	2675000	11.505218034829843	2672500
chr9	2675000	2680000	13.232438849204549	2677500
chr9	2680000	2685000	7.943949264444046	2682500
chr9	2685000	2690000	12.945848209828412	2687500
chr9	2690000	2695000	10.058701551734494	2692500
chr9	2695000	2700000	7.617718207200192	2697500
chr9	2700000	2705000	3.481816301432023	2702500
chr9	2705000	2710000	4.090829839513044	2707500
chr9	2710000	2715000	5.995597963254129	2712500
chr9	2715000	2720000	6.207238015931442	2717500
chr9	2720000	2725000	5.511705651565062	2722500
chr9	2725000	2730000	10.713830831055958	2727500
chr9	2730000	2735000	8.050151657412929	2732500
chr9	2735000	2740000	34.91435655404024	2737500
chr9	2740000	2745000	25.040626276613285	2742500
chr9	2745000	2750000	15.48504227844957	2747500
chr9	2750000	2755000	20.293918403248874	2752500
chr9	2755000	2760000	13.900924160932915	2757500
chr9	2760000	2765000	13.59645836904698	2762500
chr9	2765000	2770000	13.00580529965877	2767500
chr9	2770000	2775000	15.601117168273515	2772500
chr9	2775000	2780000	18.677539458020576	2777500
chr9	2780000	2785000	20.388256572705203	2782500
chr9	2785000	2790000	11.985361920330734	2787500
chr9	2790000	2795000	11.322395385986193	2792500
chr9	2795000	2800000	14.582299042838425	2797500
chr9	2800000	2805000	11.291205275433686	2802500
chr9	2805000	2810000	12.85915602173693	2807500
chr9	2810000	2815000	14.62414471989508	2812500
chr9	2815000	2820000	4.516079126956882	2817500
chr9	2820000	2825000	7.474383201902638	2822500
chr9	2825000	2830000	6.295014507923403	2827500
chr9	2830000	2835000	17.146846595456473	2832500
chr9	2835000	2840000	12.157666770169874	2837500
chr9	2840000	2845000	4.860889712593204	2842500
chr9	2845000	2850000	5.804574511006516	2847500
chr9	2850000	2855000	4.987854304282658	2852500
chr9	2855000	2860000	4.694729836232117	2857500
chr9	2860000	2865000	8.51487672291103	2862500
chr9	2865000	2870000	15.846788942480499	2867500
chr9	2870000	2875000	15.203586877400507	2872500
chr9	2875000	2880000	13.312254681871917	2877500
chr9	2880000	2885000	26.068803075594417	2882500
chr9	2885000	2890000	17.60889370584377	2887500
chr9	2890000	2895000	25.01791666978502	2892500
chr9	2895000	2900000	24.86061264986	2897500
chr9	2900000	2905000	15.475231585402653	2902500
chr9	2905000	2910000	29.81047850494851	2907500
chr9	2910000	2915000	15.057610177850133	2912500
chr9	2915000	2920000	10.868246992392905	2917500
chr9	2920000	2925000	5.309731367550217	2922500
chr9	2925000	2930000	9.28646894557102	2927500
chr9	2930000	2935000	10.545234464314968	2932500
chr9	2935000	2940000	12.005178427637947	2937500
chr9	2940000	2945000	12.346991587601968	2942500
chr9	2945000	2950000	20.947905404161293	2947500
chr9	2950000	2955000	18.03154523926517	2952500
chr9	2955000	2960000	14.317262023135923	2957500
chr9	2960000	2965000	15.955914386127294	2962500
chr9	2965000	2970000	9.386185996859531	2967500
chr9	2970000	2975000	13.632352149987584	2972500
chr9	2975000	2980000	44.35738197891866	2977500
chr9	2980000	2985000	16.752607837167574	2982500
chr9	2985000	2990000	9.4193954488294	2987500
chr9	2990000	2995000	9.397127237528597	2992500
chr9	2995000	3000000	11.843688579976725	2997500
chr9	3000000	3005000	14.782736470780359	3002500
chr9	3005000	3010000	15.661195805834899	3007500
chr9	3010000	3015000	16.233700117949514	3012500
chr9	3015000	3020000	16.444874420336948	3017500
chr9	3020000	3025000	22.59085078513429	3022500
chr9	3025000	3030000	28.683327899561426	3027500
chr9	3030000	3035000	45.43573812533542	3032500
chr9	3035000	3040000	56.742108523277906	3037500
chr9	3040000	3045000	76.1374875261544	3042500
chr9	3045000	3050000	25.648120881682942	3047500
chr9	3050000	3055000	11.285924182369754	3052500
chr9	3055000	3060000	20.569129151613623	3057500
chr9	3060000	3065000	16.731170991114357	3062500
chr9	3065000	3070000	10.4650969282427	3067500
chr9	3070000	3075000	13.592179755598497	3072500
chr9	3075000	3080000	19.53002773927658	3077500
chr9	3080000	3085000	13.25350982841318	3082500
chr9	3085000	3090000	17.902328572893808	3087500
chr9	3090000	3095000	13.328986630131638	3092500
chr9	3095000	3100000	9.256351762232502	3097500
chr9	3100000	3105000	10.082193327961633	3102500
chr9	3105000	3110000	10.082193327961642	3107500
chr9	3110000	3115000	10.08219332796166	3112500
chr9	3115000	3120000	10.082193327961633	3117500
chr9	3120000	3125000	10.082193327961653	3122500
chr9	3125000	3130000	10.082193327961658	3127500
chr9	3130000	3135000	10.082193327961681	3132500
chr9	3135000	3140000	10.082193327961669	3137500
chr9	3140000	3145000	10.082193327961665	3142500
chr9	3145000	3150000	10.082193327961676	3147500
chr9	3150000	3155000	10.082193327961683	3152500
chr9	3155000	3160000	10.082193327961658	3157500
chr9	3160000	3165000	10.082193327961662	3162500
chr9	3165000	3170000	10.082193327961674	3167500
chr9	3170000	3175000	10.082193327961669	3172500
chr9	3175000	3180000	10.082193327961676	3177500
chr9	3180000	3185000	10.082193327961683	3182500
chr9	3185000	3190000	10.08219332796166	3187500
chr9	3190000	3195000	10.082193327961676	3192500
chr9	3195000	3200000	10.08219332796167	3197500
chr9	3200000	3205000	10.082193327961662	3202500
chr9	3205000	3210000	10.082193327961669	3207500
chr9	3210000	3215000	10.08219332796167	3212500
chr9	3215000	3220000	10.082193327961676	3217500
chr9	3220000	3225000	10.082193327961662	3222500
chr9	3225000	3230000	10.082193327961676	3227500
chr9	3230000	3235000	10.082193327961681	3232500
chr9	3235000	3240000	10.082193327961665	3237500
chr9	3240000	3245000	10.08219332796167	3242500
chr9	3245000	3250000	10.082193327961665	3247500
chr9	3250000	3255000	10.082193327961665	3252500
chr9	3255000	3260000	10.082193327961676	3257500
chr9	3260000	3265000	10.08219332796166	3262500
chr9	3265000	3270000	10.082193327961674	3267500
chr9	3270000	3275000	10.082193327961686	3272500
chr9	3275000	3280000	10.08219332796168	3277500
chr9	3280000	3285000	10.082193327961674	3282500
chr9	3285000	3290000	13.6743800455834	3287500
chr9	3290000	3295000	4.129564007369544	3292500
chr9	3295000	3300000	4.494758171622593	3297500
chr9	3300000	3305000	6.029033485170445	3302500
chr9	3305000	3310000	9.533289114145262	3307500
chr9	3310000	3315000	10.998761904625777	3312500
chr9	3315000	3320000	7.072093037543634	3317500
chr9	3320000	3325000	7.549952735613527	3322500
chr9	3325000	3330000	9.165985865661138	3327500
chr9	3330000	3335000	5.926620889093065	3332500
chr9	3335000	3340000	9.206818290470506	3337500
chr9	3340000	3345000	8.721291329224908	3342500
chr9	3345000	3350000	3.998279237975675	3347500
chr9	3350000	3355000	4.748554618987833	3352500
chr9	3355000	3360000	5.05945153454175	3357500
chr9	3360000	3365000	3.41999794759022	3362500
chr9	3365000	3370000	3.0213341712004516	3367500
chr9	3370000	3375000	3.8617973634338103	3372500
chr9	3375000	3380000	4.506792097477942	3377500
chr9	3380000	3385000	6.908343844342525	3382500
chr9	3385000	3390000	5.930089429977284	3387500
chr9	3390000	3395000	20.916789050566152	3392500
chr9	3395000	3400000	9.306340453485369	3397500
chr9	3400000	3405000	9.004668046812778	3402500
chr9	3405000	3410000	7.7672951998424935	3407500
chr9	3410000	3415000	6.609637726585015	3412500
chr9	3415000	3420000	7.980235162320511	3417500
chr9	3420000	3425000	12.497711112155631	3422500
chr9	3425000	3430000	11.19377069916303	3427500
chr9	3430000	3435000	15.129424233291227	3432500
chr9	3435000	3440000	7.2019953752692905	3437500
chr9	3440000	3445000	7.318051405254146	3442500
chr9	3445000	3450000	27.56417526538382	3447500
chr9	3450000	3455000	5.690141951853824	3452500
chr9	3455000	3460000	5.15446544693304	3457500
chr9	3460000	3465000	5.74631156047884	3462500
chr9	3465000	3470000	6.868003111914003	3467500
chr9	3470000	3475000	9.430800082564069	3472500
chr9	3475000	3480000	2.673997169397433	3477500
chr9	3480000	3485000	0.6473623211842569	3482500
chr9	3485000	3490000	1.5641679806602242	3487500
chr9	3490000	3495000	2.0293213682090467	3492500
chr9	3495000	3500000	1.5100370097019973	3497500
chr9	3500000	3505000	20.193975019621565	3502500
chr9	3505000	3510000	8.276270330498964	3507500
chr9	3510000	3515000	23.095005368203132	3512500
chr9	3515000	3520000	15.257020783631734	3517500
chr9	3520000	3525000	1.7129373045886274	3522500
chr9	3525000	3530000	1.9296564727206138	3527500
chr9	3530000	3535000	8.2321975481362	3532500
chr9	3535000	3540000	21.198935945687687	3537500
chr9	3540000	3545000	15.785367944614043	3542500
chr9	3545000	3550000	18.27289137915169	3547500
chr9	3550000	3555000	18.27289137915169	3552500
chr9	3555000	3560000	18.27289137915169	3557500
chr9	3560000	3565000	11.79646256602461	3562500
chr9	3565000	3570000	1.744416625731447	3567500
chr9	3570000	3575000	1.744416625731447	3572500
chr9	3575000	3580000	1.744416625731447	3577500
chr9	3580000	3585000	1.744416625731447	3582500
chr9	3585000	3590000	4.309844453689244	3587500
chr9	3590000	3595000	19.121247920385343	3592500
chr9	3595000	3600000	7.535627316628894	3597500
chr9	3600000	3605000	4.673363138356453	3602500
chr9	3605000	3610000	1.1620117734015893	3607500
chr9	3610000	3615000	6.620233315351418	3612500
chr9	3615000	3620000	7.339283534475039	3617500
chr9	3620000	3625000	3.4438835308282294	3622500
chr9	3625000	3630000	9.688663231515807	3627500
chr9	3630000	3635000	6.446761788533252	3632500
chr9	3635000	3640000	2.463428720368519	3637500
chr9	3640000	3645000	2.2023211316406424	3642500
chr9	3645000	3650000	4.073942789920311	3647500
chr9	3650000	3655000	1.3919434087337603	3652500
chr9	3655000	3660000	1.389600005764758	3657500
chr9	3660000	3665000	4.189337002726504	3662500
chr9	3665000	3670000	13.647942123474161	3667500
chr9	3670000	3675000	6.691395815669295	3672500
chr9	3675000	3680000	4.027546081326334	3677500
chr9	3680000	3685000	2.845315514934161	3682500
chr9	3685000	3690000	3.283211399303549	3687500
chr9	3690000	3695000	4.909501511975994	3692500
chr9	3695000	3700000	5.127517612199715	3697500
chr9	3700000	3705000	4.0898429551310125	3702500
chr9	3705000	3710000	3.611064274862349	3707500
chr9	3710000	3715000	4.2032409836845	3712500
chr9	3715000	3720000	3.3414248552213617	3717500
chr9	3720000	3725000	7.615660426099489	3722500
chr9	3725000	3730000	6.423580540287231	3727500
chr9	3730000	3735000	4.746669512399507	3732500
chr9	3735000	3740000	5.417082001828428	3737500
chr9	3740000	3745000	5.396753568832734	3742500
chr9	3745000	3750000	5.817916921028754	3747500
chr9	3750000	3755000	7.751441481892086	3752500
chr9	3755000	3760000	7.706982403057608	3757500
chr9	3760000	3765000	6.078495240015423	3762500
chr9	3765000	3770000	6.530589699106712	3767500
chr9	3770000	3775000	4.656201409267212	3772500
chr9	3775000	3780000	7.657254599346037	3777500
chr9	3780000	3785000	6.483915395340234	3782500
chr9	3785000	3790000	8.960939873163491	3787500
chr9	3790000	3795000	11.551477699598529	3792500
chr9	3795000	3800000	8.107732165330127	3797500
chr9	3800000	3805000	18.28769877315985	3802500
chr9	3805000	3810000	18.856306607214602	3807500
chr9	3810000	3815000	12.289062843830493	3812500
chr9	3815000	3820000	11.210153846466925	3817500
chr9	3820000	3825000	6.259470374736615	3822500
chr9	3825000	3830000	3.7458096377236103	3827500
chr9	3830000	3835000	4.534689543966517	3832500
chr9	3835000	3840000	8.507890603497286	3837500
chr9	3840000	3845000	12.918143468116535	3842500
chr9	3845000	3850000	18.94712918811882	3847500
chr9	3850000	3855000	15.735831684562854	3852500
chr9	3855000	3860000	15.211787387320307	3857500
chr9	3860000	3865000	13.320672364779366	3862500
chr9	3865000	3870000	11.788173602854762	3867500
chr9	3870000	3875000	14.542150681623202	3872500
chr9	3875000	3880000	15.778976036582058	3877500
chr9	3880000	3885000	19.216126191717123	3882500
chr9	3885000	3890000	21.55042101372254	3887500
chr9	3890000	3895000	19.361835153755926	3892500
chr9	3895000	3900000	20.787399166881173	3897500
chr9	3900000	3905000	17.49225757578376	3902500
chr9	3905000	3910000	18.554836600965395	3907500
chr9	3910000	3915000	22.434712335992167	3912500
chr9	3915000	3920000	11.812310053749316	3917500
chr9	3920000	3925000	11.336096551925282	3922500
chr9	3925000	3930000	13.825284440514148	3927500
chr9	3930000	3935000	12.164086483479153	3932500
chr9	3935000	3940000	10.052870174134652	3937500
chr9	3940000	3945000	11.220099313081485	3942500
chr9	3945000	3950000	25.260028952129662	3947500
chr9	3950000	3955000	21.383832772980462	3952500
chr9	3955000	3960000	14.124672537371833	3957500
chr9	3960000	3965000	20.968837689958658	3962500
chr9	3965000	3970000	17.39568732911334	3967500
chr9	3970000	3975000	11.372466302288826	3972500
chr9	3975000	3980000	10.35526308705287	3977500
chr9	3980000	3985000	12.181584450935908	3982500
chr9	3985000	3990000	17.51031628152264	3987500
chr9	3990000	3995000	14.504998711387522	3992500
chr9	3995000	4000000	24.045700701470825	3997500
chr9	4000000	4005000	23.484783789491914	4002500
chr9	4005000	4010000	15.194721694830099	4007500
chr9	4010000	4015000	11.73964069546422	4012500
chr9	4015000	4020000	15.97098399879089	4017500
chr9	4020000	4025000	14.036786563495653	4022500
chr9	4025000	4030000	8.65996905906063	4027500
chr9	4030000	4035000	18.197060217445145	4032500
chr9	4035000	4040000	5.568911269899673	4037500
chr9	4040000	4045000	4.124435261341895	4042500
chr9	4045000	4050000	11.130770022743956	4047500
chr9	4050000	4055000	8.046177680251422	4052500
chr9	4055000	4060000	11.399157656453461	4057500
chr9	4060000	4065000	7.471149304703609	4062500
chr9	4065000	4070000	9.874431080446483	4067500
chr9	4070000	4075000	9.0527142796153	4072500
chr9	4075000	4080000	8.200318269650005	4077500
chr9	4080000	4085000	9.112288004952939	4082500
chr9	4085000	4090000	9.784548487363415	4087500
chr9	4090000	4095000	13.366031995946388	4092500
chr9	4095000	4100000	6.506720779720109	4097500
chr9	4100000	4105000	5.303758379434318	4102500
chr9	4105000	4110000	7.940241157291353	4107500
chr9	4110000	4115000	10.082671396094499	4112500
chr9	4115000	4120000	12.275357148365218	4117500
chr9	4120000	4125000	11.606328239845226	4122500
chr9	4125000	4130000	13.514255206603604	4127500
chr9	4130000	4135000	17.533256754700407	4132500
chr9	4135000	4140000	18.469457636461648	4137500
chr9	4140000	4145000	5.684735153876649	4142500
chr9	4145000	4150000	8.970292740869404	4147500
chr9	4150000	4155000	11.35782010521022	4152500
chr9	4155000	4160000	14.471497551883598	4157500
chr9	4160000	4165000	13.247936777011759	4162500
chr9	4165000	4170000	11.683837575212896	4167500
chr9	4170000	4175000	16.008868581891676	4172500
chr9	4175000	4180000	15.007101298942242	4177500
chr9	4180000	4185000	14.788639396230243	4182500
chr9	4185000	4190000	12.508244302125298	4187500
chr9	4190000	4195000	18.034604839059103	4192500
chr9	4195000	4200000	16.784934519080156	4197500
chr9	4200000	4205000	15.244943887182334	4202500
chr9	4205000	4210000	12.719461541998479	4207500
chr9	4210000	4215000	13.7395607119295	4212500
chr9	4215000	4220000	12.654711033977952	4217500
chr9	4220000	4225000	11.725710869868644	4222500
chr9	4225000	4230000	13.011224607968131	4227500
chr9	4230000	4235000	7.217106732037708	4232500
chr9	4235000	4240000	12.459439274522842	4237500
chr9	4240000	4245000	12.772858166662374	4242500
chr9	4245000	4250000	13.966924783622888	4247500
chr9	4250000	4255000	14.036117869253918	4252500
chr9	4255000	4260000	16.874659062749668	4257500
chr9	4260000	4265000	18.204702229396926	4262500
chr9	4265000	4270000	8.77853362576127	4267500
chr9	4270000	4275000	16.735340069552894	4272500
chr9	4275000	4280000	16.44430596791727	4277500
chr9	4280000	4285000	19.175092918768666	4282500
chr9	4285000	4290000	11.423423310537931	4287500
chr9	4290000	4295000	14.986741257883736	4292500
chr9	4295000	4300000	10.142870726441073	4297500
chr9	4300000	4305000	16.07621446379257	4302500
chr9	4305000	4310000	14.866283859285716	4307500
chr9	4310000	4315000	20.745109366450794	4312500
chr9	4315000	4320000	13.246689863391117	4317500
chr9	4320000	4325000	25.568468290309042	4322500
chr9	4325000	4330000	11.586544880306125	4327500
chr9	4330000	4335000	13.46687930868035	4332500
chr9	4335000	4340000	9.661696289411204	4337500
chr9	4340000	4345000	14.456713389621896	4342500
chr9	4345000	4350000	13.77135992719772	4347500
chr9	4350000	4355000	23.090104534353447	4352500
chr9	4355000	4360000	13.922907340598934	4357500
chr9	4360000	4365000	19.587591265735387	4362500
chr9	4365000	4370000	13.850223319011578	4367500
chr9	4370000	4375000	15.031692242646708	4372500
chr9	4375000	4380000	11.357895702407138	4377500
chr9	4380000	4385000	14.390135179185373	4382500
chr9	4385000	4390000	10.363847134123333	4387500
chr9	4390000	4395000	14.121023361864458	4392500
chr9	4395000	4400000	14.11511738863185	4397500
chr9	4400000	4405000	13.985850968017807	4402500
chr9	4405000	4410000	13.32779260870958	4407500
chr9	4410000	4415000	9.562776839384492	4412500
chr9	4415000	4420000	13.233313709307925	4417500
chr9	4420000	4425000	8.948925834095748	4422500
chr9	4425000	4430000	11.61003973958168	4427500
chr9	4430000	4435000	9.890845718611569	4432500
chr9	4435000	4440000	11.129620634982265	4437500
chr9	4440000	4445000	14.670467598651008	4442500
chr9	4445000	4450000	14.967408075960877	4447500
chr9	4450000	4455000	13.455706988447632	4452500
chr9	4455000	4460000	12.471132506237273	4457500
chr9	4460000	4465000	11.071581897436596	4462500
chr9	4465000	4470000	16.98551880786653	4467500
chr9	4470000	4475000	21.903028913916057	4472500
chr9	4475000	4480000	6.780888426072378	4477500
chr9	4480000	4485000	10.48176573406915	4482500
chr9	4485000	4490000	8.156079591652066	4487500
chr9	4490000	4495000	11.973264155760393	4492500
chr9	4495000	4500000	9.701931740405723	4497500
chr9	4500000	4505000	18.09409624395654	4502500
chr9	4505000	4510000	12.041666516707968	4507500
chr9	4510000	4515000	13.800155773532417	4512500
chr9	4515000	4520000	13.960073057350105	4517500
chr9	4520000	4525000	14.231467110826467	4522500
chr9	4525000	4530000	30.64316628740348	4527500
chr9	4530000	4535000	28.594913181815773	4532500
chr9	4535000	4540000	19.40570295378604	4537500
chr9	4540000	4545000	21.320695855278498	4542500
chr9	4545000	4550000	21.779583607128657	4547500
chr9	4550000	4555000	19.63278492573833	4552500
chr9	4555000	4560000	29.805183231923102	4557500
chr9	4560000	4565000	15.62647427747842	4562500
chr9	4565000	4570000	6.725243971042104	4567500
chr9	4570000	4575000	4.502059200638014	4572500
chr9	4575000	4580000	11.170244316554637	4577500
chr9	4580000	4585000	27.735295106248554	4582500
chr9	4585000	4590000	12.34500585111172	4587500
chr9	4590000	4595000	13.921193997913802	4592500
chr9	4595000	4600000	10.439476490027591	4597500
chr9	4600000	4605000	18.697544662299006	4602500
chr9	4605000	4610000	13.010969561664892	4607500
chr9	4610000	4615000	11.29357682529624	4612500
chr9	4615000	4620000	7.781333103353303	4617500
chr9	4620000	4625000	11.031652587975548	4622500
chr9	4625000	4630000	10.916815513781632	4627500
chr9	4630000	4635000	5.6430621163161145	4632500
chr9	4635000	4640000	7.013638132748294	4637500
chr9	4640000	4645000	8.34936799099426	4642500
chr9	4645000	4650000	6.919206497210559	4647500
chr9	4650000	4655000	12.640018895378104	4652500
chr9	4655000	4660000	12.749240405444242	4657500
chr9	4660000	4665000	18.215759178323477	4662500
chr9	4665000	4670000	13.757330579199323	4667500
chr9	4670000	4675000	14.415427874103733	4672500
chr9	4675000	4680000	26.508533746523774	4677500
chr9	4680000	4685000	11.78368842029891	4682500
chr9	4685000	4690000	10.24542763405214	4687500
chr9	4690000	4695000	16.409674288113436	4692500
chr9	4695000	4700000	18.233260172314196	4697500
chr9	4700000	4705000	18.591822912996786	4702500
chr9	4705000	4710000	34.77481095554508	4707500
chr9	4710000	4715000	5.70959192441582	4712500
chr9	4715000	4720000	10.18004197069234	4717500
chr9	4720000	4725000	9.556039167476156	4722500
chr9	4725000	4730000	12.304973698062907	4727500
chr9	4730000	4735000	9.58083636080513	4732500
chr9	4735000	4740000	13.698127836345625	4737500
chr9	4740000	4745000	13.64830515278061	4742500
chr9	4745000	4750000	25.416589036481955	4747500
chr9	4750000	4755000	21.469807788957823	4752500
chr9	4755000	4760000	18.566431779825205	4757500
chr9	4760000	4765000	11.034921105011495	4762500
chr9	4765000	4770000	13.378728257807714	4767500
chr9	4770000	4775000	11.17800165429579	4772500
chr9	4775000	4780000	13.090001061931119	4777500
chr9	4780000	4785000	12.10188213054982	4782500
chr9	4785000	4790000	16.092522061432483	4787500
chr9	4790000	4795000	7.876229828662163	4792500
chr9	4795000	4800000	6.015009867056416	4797500
chr9	4800000	4805000	6.54765065814456	4802500
chr9	4805000	4810000	7.725739274901477	4807500
chr9	4810000	4815000	18.233211720337412	4812500
chr9	4815000	4820000	34.61085672512993	4817500
chr9	4820000	4825000	25.268445452554236	4822500
chr9	4825000	4830000	25.863811994791174	4827500
chr9	4830000	4835000	30.01908756216095	4832500
chr9	4835000	4840000	30.440988675613788	4837500
chr9	4840000	4845000	20.83601488236586	4842500
chr9	4845000	4850000	22.837891385433192	4847500
chr9	4850000	4855000	17.925619618132703	4852500
chr9	4855000	4860000	14.499738826875527	4857500
chr9	4860000	4865000	21.462721996249414	4862500
chr9	4865000	4870000	19.513478926407004	4867500
chr9	4870000	4875000	18.881639648605525	4872500
chr9	4875000	4880000	11.245204355769621	4877500
chr9	4880000	4885000	8.962159546316999	4882500
chr9	4885000	4890000	11.19332859223664	4887500
chr9	4890000	4895000	7.120311305758698	4892500
chr9	4895000	4900000	11.069075315864048	4897500
chr9	4900000	4905000	7.138006559672765	4902500
chr9	4905000	4910000	4.246164018174844	4907500
chr9	4910000	4915000	5.478173702976867	4912500
chr9	4915000	4920000	6.215793240204016	4917500
chr9	4920000	4925000	8.500737340978084	4922500
chr9	4925000	4930000	18.995095162580494	4927500
chr9	4930000	4935000	37.67454396592662	4932500
chr9	4935000	4940000	27.007045558849804	4937500
chr9	4940000	4945000	25.055716854555243	4942500
chr9	4945000	4950000	25.59168942643229	4947500
chr9	4950000	4955000	14.661685147422142	4952500
chr9	4955000	4960000	23.670271233710306	4957500
chr9	4960000	4965000	30.586441796901493	4962500
chr9	4965000	4970000	27.54224621918394	4967500
chr9	4970000	4975000	31.273892796073532	4972500
chr9	4975000	4980000	20.67903519956742	4977500
chr9	4980000	4985000	23.766762151737268	4982500
chr9	4985000	4990000	26.938777078497612	4987500
chr9	4990000	4995000	32.69237376718237	4992500
chr9	4995000	5000000	23.17251814728413	4997500
chr9	5000000	5005000	17.878114438005415	5002500
chr9	5005000	5010000	23.228294837522103	5007500
chr9	5010000	5015000	66.30410707625639	5012500
chr9	5015000	5020000	78.063669445027	5017500
chr9	5020000	5025000	12.213389399055025	5022500
chr9	5025000	5030000	17.958233262869555	5027500
chr9	5030000	5035000	15.062010835604834	5032500
chr9	5035000	5040000	15.480936507727485	5037500
chr9	5040000	5045000	28.230661009240883	5042500
chr9	5045000	5050000	27.025583884386148	5047500
chr9	5050000	5055000	27.471641730477668	5052500
chr9	5055000	5060000	32.79360294561699	5057500
chr9	5060000	5065000	38.11506221818245	5062500
chr9	5065000	5070000	44.23399764560234	5067500
chr9	5070000	5075000	33.238295670783096	5072500
chr9	5075000	5080000	21.45807411021005	5077500
chr9	5080000	5085000	20.045522885683493	5082500
chr9	5085000	5090000	29.476094995284814	5087500
chr9	5090000	5095000	26.756795226825112	5092500
chr9	5095000	5100000	26.722514253101036	5097500
chr9	5100000	5105000	18.534072912193455	5102500
chr9	5105000	5110000	27.999876891998344	5107500
chr9	5110000	5115000	32.87357104803074	5112500
chr9	5115000	5120000	23.661768396107167	5117500
chr9	5120000	5125000	17.220082973223466	5122500
chr9	5125000	5130000	23.656020268472105	5127500
chr9	5130000	5135000	21.343086514331606	5132500
chr9	5135000	5140000	17.713686532214158	5137500
chr9	5140000	5145000	11.651691927186333	5142500
chr9	5145000	5150000	10.831721902338582	5147500
chr9	5150000	5155000	11.700150957137806	5152500
chr9	5155000	5160000	16.481528583234958	5157500
chr9	5160000	5165000	15.265179837195436	5162500
chr9	5165000	5170000	7.280030613081663	5167500
chr9	5170000	5175000	16.06790960508695	5172500
chr9	5175000	5180000	10.07334295437031	5177500
chr9	5180000	5185000	9.839556508322646	5182500
chr9	5185000	5190000	7.726403780697341	5187500
chr9	5190000	5195000	15.213465047072784	5192500
chr9	5195000	5200000	13.23945574150551	5197500
chr9	5200000	5205000	15.555382477142073	5202500
chr9	5205000	5210000	17.521273244268535	5207500
chr9	5210000	5215000	21.136261244494452	5212500
chr9	5215000	5220000	14.036059344412418	5217500
chr9	5220000	5225000	15.602607719739638	5222500
chr9	5225000	5230000	15.164473677375803	5227500
chr9	5230000	5235000	15.384057003982159	5232500
chr9	5235000	5240000	15.073775011369802	5237500
chr9	5240000	5245000	13.12034213436253	5242500
chr9	5245000	5250000	22.556449039897082	5247500
chr9	5250000	5255000	19.000648465438285	5252500
chr9	5255000	5260000	33.66254143472329	5257500
chr9	5260000	5265000	26.524040872176904	5262500
chr9	5265000	5270000	20.102725069829326	5267500
chr9	5270000	5275000	14.06396483080551	5272500
chr9	5275000	5280000	8.301421755410338	5277500
chr9	5280000	5285000	7.616017740426336	5282500
chr9	5285000	5290000	9.557037086178102	5287500
chr9	5290000	5295000	18.535851601967977	5292500
chr9	5295000	5300000	15.254009820769989	5297500
chr9	5300000	5305000	8.216642372188545	5302500
chr9	5305000	5310000	7.43012618083724	5307500
chr9	5310000	5315000	10.429851971100685	5312500
chr9	5315000	5320000	12.771532542476784	5317500
chr9	5320000	5325000	12.057783743666295	5322500
chr9	5325000	5330000	12.819142846476518	5327500
chr9	5330000	5335000	11.772537181786491	5332500
chr9	5335000	5340000	11.309934193185661	5337500
chr9	5340000	5345000	19.54519181039752	5342500
chr9	5345000	5350000	14.236280032613466	5347500
chr9	5350000	5355000	17.553081305925286	5352500
chr9	5355000	5360000	6.862117156735838	5357500
chr9	5360000	5365000	4.9605542341012905	5362500
chr9	5365000	5370000	8.277977002057296	5367500
chr9	5370000	5375000	7.834760013710142	5372500
chr9	5375000	5380000	19.943530256575034	5377500
chr9	5380000	5385000	10.133426667079718	5382500
chr9	5385000	5390000	11.555310511099892	5387500
chr9	5390000	5395000	6.136395510752317	5392500
chr9	5395000	5400000	6.578412669365734	5397500
chr9	5400000	5405000	6.934477453657972	5402500
chr9	5405000	5410000	5.655893371234306	5407500
chr9	5410000	5415000	15.339449294362437	5412500
chr9	5415000	5420000	18.760043226905896	5417500
chr9	5420000	5425000	7.754754575946335	5422500
chr9	5425000	5430000	4.3402376087107974	5427500
chr9	5430000	5435000	9.488799376501754	5432500
chr9	5435000	5440000	4.993446292171528	5437500
chr9	5440000	5445000	10.798180801540806	5442500
chr9	5445000	5450000	6.7807356221344985	5447500
chr9	5450000	5455000	7.940974135885023	5452500
chr9	5455000	5460000	15.299714252014468	5457500
chr9	5460000	5465000	6.64673073291677	5462500
chr9	5465000	5470000	5.39068158713815	5467500
chr9	5470000	5475000	4.557875204091766	5472500
chr9	5475000	5480000	3.500455496217405	5477500
chr9	5480000	5485000	4.064012996799878	5482500
chr9	5485000	5490000	5.502915910678317	5487500
chr9	5490000	5495000	5.1760624164680396	5492500
chr9	5495000	5500000	5.877958745244913	5497500
chr9	5500000	5505000	4.315960708811568	5502500
chr9	5505000	5510000	3.939895181296501	5507500
chr9	5510000	5515000	4.393101735441064	5512500
chr9	5515000	5520000	3.5087842843541233	5517500
chr9	5520000	5525000	5.459033517534479	5522500
chr9	5525000	5530000	7.151246881920797	5527500
chr9	5530000	5535000	6.598947644877127	5532500
chr9	5535000	5540000	9.08565806105573	5537500
chr9	5540000	5545000	4.57244234309087	5542500
chr9	5545000	5550000	4.811783684123127	5547500
chr9	5550000	5555000	16.21095456371522	5552500
chr9	5555000	5560000	13.540675400034957	5557500
chr9	5560000	5565000	15.100565463348405	5562500
chr9	5565000	5570000	11.241950489022004	5567500
chr9	5570000	5575000	12.721503485554251	5572500
chr9	5575000	5580000	13.284853500014355	5577500
chr9	5580000	5585000	14.396950806403215	5582500
chr9	5585000	5590000	8.031024146117943	5587500
chr9	5590000	5595000	8.057106463226093	5592500
chr9	5595000	5600000	8.250238183492671	5597500
chr9	5600000	5605000	8.517178030002656	5602500
chr9	5605000	5610000	5.748807230718951	5607500
chr9	5610000	5615000	5.909857888354332	5612500
chr9	5615000	5620000	3.7438696720315883	5617500
chr9	5620000	5625000	6.908555032529309	5622500
chr9	5625000	5630000	9.959042513702336	5627500
chr9	5630000	5635000	8.177788139072863	5632500
chr9	5635000	5640000	5.773389978715047	5637500
chr9	5640000	5645000	6.486601215434185	5642500
chr9	5645000	5650000	14.880773922134248	5647500
chr9	5650000	5655000	10.595659041327279	5652500
chr9	5655000	5660000	13.308142060041227	5657500
chr9	5660000	5665000	13.535297107904672	5662500
chr9	5665000	5670000	8.607905737920078	5667500
chr9	5670000	5675000	7.767228836609152	5672500
chr9	5675000	5680000	5.300470913991458	5677500
chr9	5680000	5685000	4.136398711865107	5682500
chr9	5685000	5690000	4.1651853883371	5687500
chr9	5690000	5695000	2.3996223883532553	5692500
chr9	5695000	5700000	0.8898143491962534	5697500
chr9	5700000	5705000	2.8623908479165268	5702500
chr9	5705000	5710000	4.148974499240825	5707500
chr9	5710000	5715000	4.930056465808681	5712500
chr9	5715000	5720000	8.8610525026754	5717500
chr9	5720000	5725000	7.344001387482732	5722500
chr9	5725000	5730000	46.18020562356949	5727500
chr9	5730000	5735000	10.488777825860444	5732500
chr9	5735000	5740000	7.689205573745669	5737500
chr9	5740000	5745000	7.889870802735091	5742500
chr9	5745000	5750000	5.295898170802355	5747500
chr9	5750000	5755000	5.530731273492839	5752500
chr9	5755000	5760000	4.527601145782892	5757500
chr9	5760000	5765000	6.104646157919309	5762500
chr9	5765000	5770000	10.40039406268431	5767500
chr9	5770000	5775000	5.034409662567139	5772500
chr9	5775000	5780000	4.4033690701545956	5777500
chr9	5780000	5785000	4.059723949978742	5782500
chr9	5785000	5790000	5.037488006799235	5787500
chr9	5790000	5795000	4.850433224515191	5792500
chr9	5795000	5800000	4.087140580622298	5797500
chr9	5800000	5805000	16.161372557796316	5802500
chr9	5805000	5810000	10.126236588928496	5807500
chr9	5810000	5815000	7.640252147926654	5812500
chr9	5815000	5820000	8.646853818433886	5817500
chr9	5820000	5825000	6.0621481181504135	5822500
chr9	5825000	5830000	5.806434091054337	5827500
chr9	5830000	5835000	8.15218565159047	5832500
chr9	5835000	5840000	7.976145395226594	5837500
chr9	5840000	5845000	8.382696441846008	5842500
chr9	5845000	5850000	12.44625198624904	5847500
chr9	5850000	5855000	10.581099957683119	5852500
chr9	5855000	5860000	13.38629352025504	5857500
chr9	5860000	5865000	11.533004225505186	5862500
chr9	5865000	5870000	13.762526941782387	5867500
chr9	5870000	5875000	12.159323502590134	5872500
chr9	5875000	5880000	11.213781901264841	5877500
chr9	5880000	5885000	10.000949612142229	5882500
chr9	5885000	5890000	11.616856235377247	5887500
chr9	5890000	5895000	10.789032434481852	5892500
chr9	5895000	5900000	11.506448929850448	5897500
chr9	5900000	5905000	11.234067486109954	5902500
chr9	5905000	5910000	12.238481023201178	5907500
chr9	5910000	5915000	14.19839127287976	5912500
chr9	5915000	5920000	13.050686893115618	5917500
chr9	5920000	5925000	12.26201360925009	5922500
chr9	5925000	5930000	11.486144663454017	5927500
chr9	5930000	5935000	10.5085888693412	5932500
chr9	5935000	5940000	19.71835022134667	5937500
chr9	5940000	5945000	14.941227130397614	5942500
chr9	5945000	5950000	10.81176819138213	5947500
chr9	5950000	5955000	7.526427043397641	5952500
chr9	5955000	5960000	12.12524742722601	5957500
chr9	5960000	5965000	18.304406955117788	5962500
chr9	5965000	5970000	15.836419127898779	5967500
chr9	5970000	5975000	15.719937124336148	5972500
chr9	5975000	5980000	16.911605456042874	5977500
chr9	5980000	5985000	19.42454234102246	5982500
chr9	5985000	5990000	19.19309176864336	5987500
chr9	5990000	5995000	14.964941016335883	5992500
chr9	5995000	6000000	19.788157895898305	5997500
chr9	6000000	6005000	17.07338779783334	6002500
chr9	6005000	6010000	18.25939502902041	6007500
chr9	6010000	6015000	30.94034872111805	6012500
chr9	6015000	6020000	34.07474453173016	6017500
chr9	6020000	6025000	26.616715737210065	6022500
chr9	6025000	6030000	11.722623783209144	6027500
chr9	6030000	6035000	22.219468716346114	6032500
chr9	6035000	6040000	17.924944521262926	6037500
chr9	6040000	6045000	8.567371351524784	6042500
chr9	6045000	6050000	7.011374477693214	6047500
chr9	6050000	6055000	13.2174692632394	6052500
chr9	6055000	6060000	14.466632226606707	6057500
chr9	6060000	6065000	21.608858559182348	6062500
chr9	6065000	6070000	5.969876643669343	6067500
chr9	6070000	6075000	6.580103827876125	6072500
chr9	6075000	6080000	2.713040104229885	6077500
chr9	6080000	6085000	5.03987899804462	6082500
chr9	6085000	6090000	5.320475627681759	6087500
chr9	6090000	6095000	13.59229532859376	6092500
chr9	6095000	6100000	11.834346302906134	6097500
chr9	6100000	6105000	10.498389170471581	6102500
chr9	6105000	6110000	10.63415309285006	6107500
chr9	6110000	6115000	12.504289943977488	6112500
chr9	6115000	6120000	7.837746773128381	6117500
chr9	6120000	6125000	15.433166949053367	6122500
chr9	6125000	6130000	14.44503001431324	6127500
chr9	6130000	6135000	18.582010051888076	6132500
chr9	6135000	6140000	10.409539931016667	6137500
chr9	6140000	6145000	9.128012730911573	6142500
chr9	6145000	6150000	8.852855554974367	6147500
chr9	6150000	6155000	12.440546339471991	6152500
chr9	6155000	6160000	6.4455918596263535	6157500
chr9	6160000	6165000	5.582725227611128	6162500
chr9	6165000	6170000	7.209969384678139	6167500
chr9	6170000	6175000	5.034289129094116	6172500
chr9	6175000	6180000	9.512505532604878	6177500
chr9	6180000	6185000	9.600599639363994	6182500
chr9	6185000	6190000	8.930688012537669	6187500
chr9	6190000	6195000	11.472484401813341	6192500
chr9	6195000	6200000	13.430794563282083	6197500
chr9	6200000	6205000	13.966675838026527	6202500
chr9	6205000	6210000	13.414036663801264	6207500
chr9	6210000	6215000	24.246373109956043	6212500
chr9	6215000	6220000	19.11993349925265	6217500
chr9	6220000	6225000	18.1962097698105	6222500
chr9	6225000	6230000	17.879272705210848	6227500
chr9	6230000	6235000	27.485017703898446	6232500
chr9	6235000	6240000	25.476166293388317	6237500
chr9	6240000	6245000	15.36118579084824	6242500
chr9	6245000	6250000	12.166750040293195	6247500
chr9	6250000	6255000	18.10980980427866	6252500
chr9	6255000	6260000	18.186703399019255	6257500
chr9	6260000	6265000	16.21273791215536	6262500
chr9	6265000	6270000	12.465081407865062	6267500
chr9	6270000	6275000	11.365113118878803	6272500
chr9	6275000	6280000	8.460983928311586	6277500
chr9	6280000	6285000	7.653908485898045	6282500
chr9	6285000	6290000	14.644003349490658	6287500
chr9	6290000	6295000	15.33440727756099	6292500
chr9	6295000	6300000	8.918839022294618	6297500
chr9	6300000	6305000	13.456088492081049	6302500
chr9	6305000	6310000	9.986364240792662	6307500
chr9	6310000	6315000	11.095083544809102	6312500
chr9	6315000	6320000	5.898848837290884	6317500
chr9	6320000	6325000	21.017417648291666	6322500
chr9	6325000	6330000	11.088152320484363	6327500
chr9	6330000	6335000	12.206144771372168	6332500
chr9	6335000	6340000	17.266328968052974	6337500
chr9	6340000	6345000	17.834439028383713	6342500
chr9	6345000	6350000	9.0601506910482	6347500
chr9	6350000	6355000	9.934356954707962	6352500
chr9	6355000	6360000	8.154075516961218	6357500
chr9	6360000	6365000	10.295078367198387	6362500
chr9	6365000	6370000	9.988573144576627	6367500
chr9	6370000	6375000	17.318173284924562	6372500
chr9	6375000	6380000	9.944105645985397	6377500
chr9	6380000	6385000	15.521105504004675	6382500
chr9	6385000	6390000	15.674924483260066	6387500
chr9	6390000	6395000	11.775455207081196	6392500
chr9	6395000	6400000	10.12519212287253	6397500
chr9	6400000	6405000	16.353527967757543	6402500
chr9	6405000	6410000	8.173361483095048	6407500
chr9	6410000	6415000	10.378538062693478	6412500
chr9	6415000	6420000	10.052222001898768	6417500
chr9	6420000	6425000	12.472537767445765	6422500
chr9	6425000	6430000	9.759319524646607	6427500
chr9	6430000	6435000	8.940434754702288	6432500
chr9	6435000	6440000	12.713105363378185	6437500
chr9	6440000	6445000	20.010439941186625	6442500
chr9	6445000	6450000	36.735630006522534	6447500
chr9	6450000	6455000	11.753282550770416	6452500
chr9	6455000	6460000	16.794103581392154	6457500
chr9	6460000	6465000	13.693126029572431	6462500
chr9	6465000	6470000	20.487895868924873	6467500
chr9	6470000	6475000	18.20600486743121	6472500
chr9	6475000	6480000	16.800672237085998	6477500
chr9	6480000	6485000	15.929920811297057	6482500
chr9	6485000	6490000	17.66625200623806	6487500
chr9	6490000	6495000	13.986405592397862	6492500
chr9	6495000	6500000	15.091403931621759	6497500
chr9	6500000	6505000	6.81285510897141	6502500
chr9	6505000	6510000	11.45667280029289	6507500
chr9	6510000	6515000	16.175219528561453	6512500
chr9	6515000	6520000	11.415833686591398	6517500
chr9	6520000	6525000	7.522895786674297	6522500
chr9	6525000	6530000	14.750846168542598	6527500
chr9	6530000	6535000	3.741074342373366	6532500
chr9	6535000	6540000	4.474465990258525	6537500
chr9	6540000	6545000	23.543311543322567	6542500
chr9	6545000	6550000	7.175477162833118	6547500
chr9	6550000	6555000	4.6387803253682405	6552500
chr9	6555000	6560000	12.466716872605954	6557500
chr9	6560000	6565000	12.835391558901645	6562500
chr9	6565000	6570000	12.748493968098249	6567500
chr9	6570000	6575000	9.328308664432074	6572500
chr9	6575000	6580000	16.65323931689283	6577500
chr9	6580000	6585000	10.126995825976557	6582500
chr9	6585000	6590000	3.8791409465183815	6587500
chr9	6590000	6595000	10.627573241554053	6592500
chr9	6595000	6600000	15.401431749175966	6597500
chr9	6600000	6605000	17.124022184887668	6602500
chr9	6605000	6610000	45.04366911089422	6607500
chr9	6610000	6615000	21.95715408101167	6612500
chr9	6615000	6620000	13.90354675326888	6617500
chr9	6620000	6625000	13.513617461876018	6622500
chr9	6625000	6630000	13.855021855791072	6627500
chr9	6630000	6635000	10.924498270900987	6632500
chr9	6635000	6640000	8.361732253142039	6637500
chr9	6640000	6645000	10.131850025830968	6642500
chr9	6645000	6650000	14.656967068747493	6647500
chr9	6650000	6655000	10.47283175446362	6652500
chr9	6655000	6660000	17.97347753580058	6657500
chr9	6660000	6665000	9.44969517525355	6662500
chr9	6665000	6670000	8.290022069492393	6667500
chr9	6670000	6675000	11.183949031951053	6672500
chr9	6675000	6680000	11.684438760297226	6677500
chr9	6680000	6685000	11.134749588589683	6682500
chr9	6685000	6690000	10.58131526841515	6687500
chr9	6690000	6695000	15.186096049152843	6692500
chr9	6695000	6700000	11.250897037281462	6697500
chr9	6700000	6705000	6.861240996480668	6702500
chr9	6705000	6710000	11.102679769492761	6707500
chr9	6710000	6715000	16.018773462088188	6712500
chr9	6715000	6720000	15.090905241549	6717500
chr9	6720000	6725000	11.72075693529411	6722500
chr9	6725000	6730000	7.220763206745602	6727500
chr9	6730000	6735000	15.150335054640966	6732500
chr9	6735000	6740000	19.89224813811535	6737500
chr9	6740000	6745000	13.55439643650993	6742500
chr9	6745000	6750000	12.807660329480045	6747500
chr9	6750000	6755000	12.444509379815432	6752500
chr9	6755000	6760000	16.573801315236853	6757500
chr9	6760000	6765000	11.864301819478657	6762500
chr9	6765000	6770000	15.246085618433098	6767500
chr9	6770000	6775000	14.89282509886805	6772500
chr9	6775000	6780000	7.487639807182069	6777500
chr9	6780000	6785000	11.074471655074221	6782500
chr9	6785000	6790000	4.561984653145029	6787500
chr9	6790000	6795000	7.772739405233382	6792500
chr9	6795000	6800000	10.389125998591686	6797500
chr9	6800000	6805000	8.135587588240055	6802500
chr9	6805000	6810000	11.249770998191671	6807500
chr9	6810000	6815000	17.47343558375771	6812500
chr9	6815000	6820000	12.576669654305265	6817500
chr9	6820000	6825000	10.136526646467635	6822500
chr9	6825000	6830000	9.285661450419768	6827500
chr9	6830000	6835000	10.72034876613836	6832500
chr9	6835000	6840000	14.141892538668834	6837500
chr9	6840000	6845000	17.430769896244513	6842500
chr9	6845000	6850000	12.998415911598276	6847500
chr9	6850000	6855000	10.372353855802825	6852500
chr9	6855000	6860000	14.238778558517598	6857500
chr9	6860000	6865000	18.911559800132817	6862500
chr9	6865000	6870000	14.313873306555283	6867500
chr9	6870000	6875000	10.627745495764792	6872500
chr9	6875000	6880000	11.111086781682852	6877500
chr9	6880000	6885000	10.95837010449452	6882500
chr9	6885000	6890000	14.858203082305423	6887500
chr9	6890000	6895000	8.256092142219277	6892500
chr9	6895000	6900000	8.980678310253243	6897500
chr9	6900000	6905000	4.196485176120863	6902500
chr9	6905000	6910000	9.218388213248653	6907500
chr9	6910000	6915000	8.865281305683114	6912500
chr9	6915000	6920000	15.98736618404888	6917500
chr9	6920000	6925000	11.028405607514967	6922500
chr9	6925000	6930000	16.380303175925544	6927500
chr9	6930000	6935000	6.415078168157798	6932500
chr9	6935000	6940000	4.449883856155337	6937500
chr9	6940000	6945000	7.406163044643283	6942500
chr9	6945000	6950000	7.951280896488172	6947500
chr9	6950000	6955000	9.666532982695946	6952500
chr9	6955000	6960000	12.029408753519997	6957500
chr9	6960000	6965000	9.977267806305298	6962500
chr9	6965000	6970000	13.017930326170207	6967500
chr9	6970000	6975000	15.819756146925915	6972500
chr9	6975000	6980000	10.62448973905287	6977500
chr9	6980000	6985000	9.82546981830845	6982500
chr9	6985000	6990000	8.635271701352055	6987500
chr9	6990000	6995000	10.673929431305744	6992500
chr9	6995000	7000000	10.374749798186395	6997500
chr9	7000000	7005000	15.51893176568111	7002500
chr9	7005000	7010000	15.420386601286948	7007500
chr9	7010000	7015000	15.756301124912934	7012500
chr9	7015000	7020000	19.334284981146435	7017500
chr9	7020000	7025000	11.96104311611655	7022500
chr9	7025000	7030000	6.702229553161298	7027500
chr9	7030000	7035000	4.128217729329121	7032500
chr9	7035000	7040000	2.279879273220273	7037500
chr9	7040000	7045000	4.23241695787211	7042500
chr9	7045000	7050000	6.9978521492830605	7047500
chr9	7050000	7055000	8.038468663580794	7052500
chr9	7055000	7060000	7.009688276940381	7057500
chr9	7060000	7065000	10.223540076458308	7062500
chr9	7065000	7070000	8.894908838718358	7067500
chr9	7070000	7075000	7.459214518806228	7072500
chr9	7075000	7080000	7.603204697393908	7077500
chr9	7080000	7085000	9.582288741674088	7082500
chr9	7085000	7090000	9.08237029954281	7087500
chr9	7090000	7095000	7.4020774508488705	7092500
chr9	7095000	7100000	8.69598853034837	7097500
chr9	7100000	7105000	7.671233442743712	7102500
chr9	7105000	7110000	9.78514821199407	7107500
chr9	7110000	7115000	9.292366660635203	7112500
chr9	7115000	7120000	9.884627195502196	7117500
chr9	7120000	7125000	9.529651358841155	7122500
chr9	7125000	7130000	8.373436754901388	7127500
chr9	7130000	7135000	10.929753646294193	7132500
chr9	7135000	7140000	9.158215653178052	7137500
chr9	7140000	7145000	10.166272759089017	7142500
chr9	7145000	7150000	9.686351789457557	7147500
chr9	7150000	7155000	8.262196988607595	7152500
chr9	7155000	7160000	9.012503083154389	7157500
chr9	7160000	7165000	9.751557393027925	7162500
chr9	7165000	7170000	11.41425949394149	7167500
chr9	7170000	7175000	10.773168296764153	7172500
chr9	7175000	7180000	9.428792320480227	7177500
chr9	7180000	7185000	10.173564666390776	7182500
chr9	7185000	7190000	10.027689580696842	7187500
chr9	7190000	7195000	11.778016118489068	7192500
chr9	7195000	7200000	9.321248099768832	7197500
chr9	7200000	7205000	10.266253163572115	7202500
chr9	7205000	7210000	10.034390759645477	7207500
chr9	7210000	7215000	10.858052736908324	7212500
chr9	7215000	7220000	10.514593140267388	7217500
chr9	7220000	7225000	10.618064392714617	7222500
chr9	7225000	7230000	11.036845185944701	7227500
chr9	7230000	7235000	9.166511479423525	7232500
chr9	7235000	7240000	11.175122694810224	7237500
chr9	7240000	7245000	10.394170083102177	7242500
chr9	7245000	7250000	8.938109274664855	7247500
chr9	7250000	7255000	10.15306360215814	7252500
chr9	7255000	7260000	16.078765222463957	7257500
chr9	7260000	7265000	10.812333091505941	7262500
chr9	7265000	7270000	7.44969256332969	7267500
chr9	7270000	7275000	9.276944749684205	7272500
chr9	7275000	7280000	11.711623022488011	7277500
chr9	7280000	7285000	10.168586911132053	7282500
chr9	7285000	7290000	7.486992865573483	7287500
chr9	7290000	7295000	12.909167826940918	7292500
chr9	7295000	7300000	13.98479856380758	7297500
chr9	7300000	7305000	13.580499988869109	7302500
chr9	7305000	7310000	11.18386185351616	7307500
chr9	7310000	7315000	10.868902158372691	7312500
chr9	7315000	7320000	11.484708526859192	7317500
chr9	7320000	7325000	9.707432071717177	7322500
chr9	7325000	7330000	11.59275135840325	7327500
chr9	7330000	7335000	9.03786411522953	7332500
chr9	7335000	7340000	8.601757440847352	7337500
chr9	7340000	7345000	10.558775441698067	7342500
chr9	7345000	7350000	14.634161483994689	7347500
chr9	7350000	7355000	15.350804960970205	7352500
chr9	7355000	7360000	11.35882285952457	7357500
chr9	7360000	7365000	9.742887604067802	7362500
chr9	7365000	7370000	10.992329102489688	7367500
chr9	7370000	7375000	12.448306677140131	7372500
chr9	7375000	7380000	12.53897178207035	7377500
chr9	7380000	7385000	8.678341583350296	7382500
chr9	7385000	7390000	5.799493743886926	7387500
chr9	7390000	7395000	7.148244204110264	7392500
chr9	7395000	7400000	10.952823658379131	7397500
chr9	7400000	7405000	7.808615011200863	7402500
chr9	7405000	7410000	19.40604395948516	7407500
chr9	7410000	7415000	12.384315776776193	7412500
chr9	7415000	7420000	5.591257709071565	7417500
chr9	7420000	7425000	7.623126794983042	7422500
chr9	7425000	7430000	12.218114145549855	7427500
chr9	7430000	7435000	7.459830805511846	7432500
chr9	7435000	7440000	3.394760538012863	7437500
chr9	7440000	7445000	6.054947557352747	7442500
chr9	7445000	7450000	11.124508156290887	7447500
chr9	7450000	7455000	9.190398307957132	7452500
chr9	7455000	7460000	8.666619158988134	7457500
chr9	7460000	7465000	20.335172361780312	7462500
chr9	7465000	7470000	11.722410909443514	7467500
chr9	7470000	7475000	33.799041087237015	7472500
chr9	7475000	7480000	14.66431462170013	7477500
chr9	7480000	7485000	9.990425666150657	7482500
chr9	7485000	7490000	14.392171049148693	7487500
chr9	7490000	7495000	10.45734354619994	7492500
chr9	7495000	7500000	6.388295256316995	7497500
chr9	7500000	7505000	6.812749663410028	7502500
chr9	7505000	7510000	5.150338790530451	7507500
chr9	7510000	7515000	5.7724161863248815	7512500
chr9	7515000	7520000	11.921367004498276	7517500
chr9	7520000	7525000	27.313783784731577	7522500
chr9	7525000	7530000	7.635744439739478	7527500
chr9	7530000	7535000	5.848947677618278	7532500
chr9	7535000	7540000	4.377774740841498	7537500
chr9	7540000	7545000	4.138902574803173	7542500
chr9	7545000	7550000	4.95931903834828	7547500
chr9	7550000	7555000	5.034934048082252	7552500
chr9	7555000	7560000	9.228836555511831	7557500
chr9	7560000	7565000	9.398949822254574	7562500
chr9	7565000	7570000	8.168786566965753	7567500
chr9	7570000	7575000	5.719629255151138	7572500
chr9	7575000	7580000	12.191416683983265	7577500
chr9	7580000	7585000	11.176597443916236	7582500
chr9	7585000	7590000	22.60004621116169	7587500
chr9	7590000	7595000	6.661197816461892	7592500
chr9	7595000	7600000	28.455954951182253	7597500
chr9	7600000	7605000	26.752052508871504	7602500
chr9	7605000	7610000	7.9496182219569524	7607500
chr9	7610000	7615000	5.981886142410752	7612500
chr9	7615000	7620000	5.522546475325895	7617500
chr9	7620000	7625000	5.332713124679463	7622500
chr9	7625000	7630000	6.859101695286477	7627500
chr9	7630000	7635000	6.888290401545527	7632500
chr9	7635000	7640000	28.379614203063166	7637500
chr9	7640000	7645000	21.886207162667706	7642500
chr9	7645000	7650000	18.53346852120174	7647500
chr9	7650000	7655000	17.125758339636764	7652500
chr9	7655000	7660000	12.34390667093687	7657500
chr9	7660000	7665000	12.045507171491852	7662500
chr9	7665000	7670000	12.882436658725343	7667500
chr9	7670000	7675000	12.248342413671338	7672500
chr9	7675000	7680000	8.746454535973285	7677500
chr9	7680000	7685000	7.346728587579498	7682500
chr9	7685000	7690000	12.226191332016732	7687500
chr9	7690000	7695000	5.042330836989664	7692500
chr9	7695000	7700000	6.58616292076938	7697500
chr9	7700000	7705000	10.973874926982216	7702500
chr9	7705000	7710000	7.036654524943568	7707500
chr9	7710000	7715000	15.411787075872235	7712500
chr9	7715000	7720000	8.431523026977667	7717500
chr9	7720000	7725000	8.717973944562718	7722500
chr9	7725000	7730000	7.477247288387022	7727500
chr9	7730000	7735000	8.096814607440102	7732500
chr9	7735000	7740000	10.956656587247538	7737500
chr9	7740000	7745000	13.32539368102792	7742500
chr9	7745000	7750000	15.70937701065272	7747500
chr9	7750000	7755000	17.26493900529995	7752500
chr9	7755000	7760000	17.779370000237474	7757500
chr9	7760000	7765000	17.06108236668915	7762500
chr9	7765000	7770000	16.10558758916873	7767500
chr9	7770000	7775000	21.415966506758505	7772500
chr9	7775000	7780000	16.517483532434145	7777500
chr9	7780000	7785000	14.30439100718324	7782500
chr9	7785000	7790000	17.280974566092652	7787500
chr9	7790000	7795000	16.585753992495654	7792500
chr9	7795000	7800000	15.105165316563271	7797500
chr9	7800000	7805000	21.298375097328076	7802500
chr9	7805000	7810000	21.765862886561884	7807500
chr9	7810000	7815000	15.537372363484618	7812500
chr9	7815000	7820000	14.787601033096259	7817500
chr9	7820000	7825000	20.82731950521035	7822500
chr9	7825000	7830000	17.97664009867383	7827500
chr9	7830000	7835000	16.973497517930078	7832500
chr9	7835000	7840000	17.648971981401857	7837500
chr9	7840000	7845000	28.5997198055819	7842500
chr9	7845000	7850000	23.779911796960857	7847500
chr9	7850000	7855000	16.268686185886228	7852500
chr9	7855000	7860000	14.128278338153232	7857500
chr9	7860000	7865000	16.556931614596568	7862500
chr9	7865000	7870000	13.35443017719796	7867500
chr9	7870000	7875000	9.337468660357223	7872500
chr9	7875000	7880000	19.44262315831449	7877500
chr9	7880000	7885000	30.117889231247677	7882500
chr9	7885000	7890000	9.968815527673181	7887500
chr9	7890000	7895000	16.684001921898457	7892500
chr9	7895000	7900000	9.330424185200387	7897500
chr9	7900000	7905000	5.320786655504763	7902500
chr9	7905000	7910000	6.945545987834777	7907500
chr9	7910000	7915000	6.1939137143745056	7912500
chr9	7915000	7920000	5.348062829921412	7917500
chr9	7920000	7925000	6.78681255239631	7922500
chr9	7925000	7930000	5.42534114106308	7927500
chr9	7930000	7935000	6.016239629340147	7932500
chr9	7935000	7940000	6.8491036552056475	7937500
chr9	7940000	7945000	7.605082929972874	7942500
chr9	7945000	7950000	6.6395643360054	7947500
chr9	7950000	7955000	9.204424010632327	7952500
chr9	7955000	7960000	9.604114514208666	7957500
chr9	7960000	7965000	9.444897866225878	7962500
chr9	7965000	7970000	10.620460455764329	7967500
chr9	7970000	7975000	14.106503165440872	7972500
chr9	7975000	7980000	10.820273756642269	7977500
chr9	7980000	7985000	12.211634258904576	7982500
chr9	7985000	7990000	17.219800385197395	7987500
chr9	7990000	7995000	19.095443115418824	7992500
chr9	7995000	8000000	18.561978100260873	7997500
chr9	8000000	8005000	19.181932518254325	8002500
chr9	8005000	8010000	7.669471257673708	8007500
chr9	8010000	8015000	9.051409037353817	8012500
chr9	8015000	8020000	4.509751507324609	8017500
chr9	8020000	8025000	7.692859009510936	8022500
chr9	8025000	8030000	8.195980563594908	8027500
chr9	8030000	8035000	8.474663453004112	8032500
chr9	8035000	8040000	7.676593824203233	8037500
chr9	8040000	8045000	5.840051936938818	8042500
chr9	8045000	8050000	5.1586170703966845	8047500
chr9	8050000	8055000	7.153633099727818	8052500
chr9	8055000	8060000	5.778918807950477	8057500
chr9	8060000	8065000	5.40914210513399	8062500
chr9	8065000	8070000	3.876008092761058	8067500
chr9	8070000	8075000	6.000537402690697	8072500
chr9	8075000	8080000	4.023799467434043	8077500
chr9	8080000	8085000	2.766188659827278	8082500
chr9	8085000	8090000	3.950636804207933	8087500
chr9	8090000	8095000	3.2618570095039887	8092500
chr9	8095000	8100000	4.325379465786772	8097500
chr9	8100000	8105000	5.301306928918564	8102500
chr9	8105000	8110000	6.557426993037323	8107500
chr9	8110000	8115000	5.835578176807467	8112500
chr9	8115000	8120000	4.07895696665879	8117500
chr9	8120000	8125000	2.8937560882884514	8122500
chr9	8125000	8130000	3.977780897333843	8127500
chr9	8130000	8135000	6.844147306020725	8132500
chr9	8135000	8140000	9.75278760742588	8137500
chr9	8140000	8145000	17.876962458500824	8142500
chr9	8145000	8150000	6.847717842969785	8147500
chr9	8150000	8155000	7.4270209468030775	8152500
chr9	8155000	8160000	4.270144014326737	8157500
chr9	8160000	8165000	10.333837031597737	8162500
chr9	8165000	8170000	5.531610198511862	8167500
chr9	8170000	8175000	8.88013179551461	8172500
chr9	8175000	8180000	11.438581534299859	8177500
chr9	8180000	8185000	9.341044457816434	8182500
chr9	8185000	8190000	11.96941301444831	8187500
chr9	8190000	8195000	8.424364127726642	8192500
chr9	8195000	8200000	8.41776804961939	8197500
chr9	8200000	8205000	9.077567688470179	8202500
chr9	8205000	8210000	13.510564963331765	8207500
chr9	8210000	8215000	12.470940493312517	8212500
chr9	8215000	8220000	7.158861866777903	8217500
chr9	8220000	8225000	10.087655817662837	8222500
chr9	8225000	8230000	5.269248231554035	8227500
chr9	8230000	8235000	5.855797809132045	8232500
chr9	8235000	8240000	6.99143452374499	8237500
chr9	8240000	8245000	12.017290479620772	8242500
chr9	8245000	8250000	8.963914151555294	8247500
chr9	8250000	8255000	7.328043474013997	8252500
chr9	8255000	8260000	5.93287727247604	8257500
chr9	8260000	8265000	5.425326183754947	8262500
chr9	8265000	8270000	5.5322229138756835	8267500
chr9	8270000	8275000	5.526820683427273	8272500
chr9	8275000	8280000	9.458802650491135	8277500
chr9	8280000	8285000	14.671755253982111	8282500
chr9	8285000	8290000	13.225331048270823	8287500
chr9	8290000	8295000	9.70242285083959	8292500
chr9	8295000	8300000	13.527499515348326	8297500
chr9	8300000	8305000	14.4263185699997	8302500
chr9	8305000	8310000	16.09976840261699	8307500
chr9	8310000	8315000	58.810038000855094	8312500
chr9	8315000	8320000	22.470350818853053	8317500
chr9	8320000	8325000	25.442451208946352	8322500
chr9	8325000	8330000	36.67581247479201	8327500
chr9	8330000	8335000	12.175716107067135	8332500
chr9	8335000	8340000	10.41574460628511	8337500
chr9	8340000	8345000	10.976685692370266	8342500
chr9	8345000	8350000	7.8179108508053226	8347500
chr9	8350000	8355000	7.665202731373395	8352500
chr9	8355000	8360000	12.204511840675064	8357500
chr9	8360000	8365000	9.607185327146826	8362500
chr9	8365000	8370000	8.88679864050717	8367500
chr9	8370000	8375000	17.240597118007617	8372500
chr9	8375000	8380000	16.264797812813207	8377500
chr9	8380000	8385000	12.271011396553067	8382500
chr9	8385000	8390000	10.036720852769607	8387500
chr9	8390000	8395000	6.2743403802083275	8392500
chr9	8395000	8400000	5.4490293615386225	8397500
chr9	8400000	8405000	5.654966589857498	8402500
chr9	8405000	8410000	6.76442311693222	8407500
chr9	8410000	8415000	6.970439222242751	8412500
chr9	8415000	8420000	3.91792064423017	8417500
chr9	8420000	8425000	4.511923400455982	8422500
chr9	8425000	8430000	4.1185075758330045	8427500
chr9	8430000	8435000	3.2248744077263094	8432500
chr9	8435000	8440000	6.667172214370982	8437500
chr9	8440000	8445000	6.158693419496963	8442500
chr9	8445000	8450000	6.468833023049589	8447500
chr9	8450000	8455000	9.116969113957724	8452500
chr9	8455000	8460000	15.557929765895757	8457500
chr9	8460000	8465000	15.121380488821194	8462500
chr9	8465000	8470000	7.362742259257791	8467500
chr9	8470000	8475000	11.391068179308453	8472500
chr9	8475000	8480000	8.74471954018346	8477500
chr9	8480000	8485000	9.304062192449289	8482500
chr9	8485000	8490000	8.52665266408739	8487500
chr9	8490000	8495000	9.51728578550205	8492500
chr9	8495000	8500000	10.791871741731022	8497500
chr9	8500000	8505000	7.356858823375305	8502500
chr9	8505000	8510000	9.56358516086341	8507500
chr9	8510000	8515000	9.013047231494395	8512500
chr9	8515000	8520000	8.459380109041058	8517500
chr9	8520000	8525000	8.094481242568593	8522500
chr9	8525000	8530000	9.517196137911167	8527500
chr9	8530000	8535000	8.949323876244264	8532500
chr9	8535000	8540000	9.600219496345112	8537500
chr9	8540000	8545000	9.659234121569014	8542500
chr9	8545000	8550000	9.872133246327856	8547500
chr9	8550000	8555000	9.023309343091507	8552500
chr9	8555000	8560000	10.017759398354233	8557500
chr9	8560000	8565000	8.128247467556704	8562500
chr9	8565000	8570000	8.564693515922706	8567500
chr9	8570000	8575000	7.840323609472665	8572500
chr9	8575000	8580000	5.874994812795137	8577500
chr9	8580000	8585000	6.231110667481711	8582500
chr9	8585000	8590000	6.568433997465575	8587500
chr9	8590000	8595000	6.561587803864147	8592500
chr9	8595000	8600000	10.396295826486746	8597500
chr9	8600000	8605000	8.373405347852465	8602500
chr9	8605000	8610000	14.13745333861912	8607500
chr9	8610000	8615000	8.796481769071471	8612500
chr9	8615000	8620000	8.356327668454616	8617500
chr9	8620000	8625000	9.64691147653638	8622500
chr9	8625000	8630000	11.369326753888517	8627500
chr9	8630000	8635000	12.356287606582336	8632500
chr9	8635000	8640000	16.809947701313956	8637500
chr9	8640000	8645000	11.297462719974973	8642500
chr9	8645000	8650000	10.61733842607712	8647500
chr9	8650000	8655000	9.969672174410269	8652500
chr9	8655000	8660000	8.766729224299956	8657500
chr9	8660000	8665000	9.511233478829247	8662500
chr9	8665000	8670000	8.979620003570378	8667500
chr9	8670000	8675000	10.44136233958727	8672500
chr9	8675000	8680000	10.33965261256609	8677500
chr9	8680000	8685000	6.482270263661458	8682500
chr9	8685000	8690000	8.05991271465653	8687500
chr9	8690000	8695000	4.91489032053706	8692500
chr9	8695000	8700000	3.543715886939272	8697500
chr9	8700000	8705000	7.648837803100787	8702500
chr9	8705000	8710000	18.377028466695446	8707500
chr9	8710000	8715000	21.046910334792276	8712500
chr9	8715000	8720000	13.111071795908595	8717500
chr9	8720000	8725000	11.396901791504595	8722500
chr9	8725000	8730000	8.598614132998895	8727500
chr9	8730000	8735000	10.484268622355426	8732500
chr9	8735000	8740000	7.124336843700137	8737500
chr9	8740000	8745000	5.6206826817273745	8742500
chr9	8745000	8750000	4.637589467117422	8747500
chr9	8750000	8755000	2.386895819559438	8752500
chr9	8755000	8760000	3.9253785433223887	8757500
chr9	8760000	8765000	3.2914723522849307	8762500
chr9	8765000	8770000	4.208979409269527	8767500
chr9	8770000	8775000	3.961158288819731	8772500
chr9	8775000	8780000	4.866276167796038	8777500
chr9	8780000	8785000	4.488343347671911	8782500
chr9	8785000	8790000	4.016201860493701	8787500
chr9	8790000	8795000	7.0386470934991285	8792500
chr9	8795000	8800000	6.115960942115899	8797500
chr9	8800000	8805000	4.251710697061098	8802500
chr9	8805000	8810000	5.396352692466209	8807500
chr9	8810000	8815000	4.756273755799266	8812500
chr9	8815000	8820000	8.145785507623822	8817500
chr9	8820000	8825000	5.984397386167612	8822500
chr9	8825000	8830000	6.113901611284723	8827500
chr9	8830000	8835000	10.751463800620389	8832500
chr9	8835000	8840000	10.101024472776915	8837500
chr9	8840000	8845000	8.869897440745886	8842500
chr9	8845000	8850000	15.292494432765714	8847500
chr9	8850000	8855000	10.105560468108187	8852500
chr9	8855000	8860000	2.3435311882196346	8857500
chr9	8860000	8865000	5.1636017865867725	8862500
chr9	8865000	8870000	4.208405656281743	8867500
chr9	8870000	8875000	4.065598963836647	8872500
chr9	8875000	8880000	9.686881782180995	8877500
chr9	8880000	8885000	4.924322949482262	8882500
chr9	8885000	8890000	5.198045502752314	8887500
chr9	8890000	8895000	3.4087155855076303	8892500
chr9	8895000	8900000	4.616109949261843	8897500
chr9	8900000	8905000	6.15311368224963	8902500
chr9	8905000	8910000	3.4311724218779482	8907500
chr9	8910000	8915000	3.6014570429327852	8912500
chr9	8915000	8920000	3.8977141396387482	8917500
chr9	8920000	8925000	4.801546601344264	8922500
chr9	8925000	8930000	3.1300113463822052	8927500
chr9	8930000	8935000	5.80164405606377	8932500
chr9	8935000	8940000	2.5206608278088485	8937500
chr9	8940000	8945000	6.118867888347887	8942500
chr9	8945000	8950000	15.235461852196003	8947500
chr9	8950000	8955000	4.162905361395163	8952500
chr9	8955000	8960000	4.913304705193425	8957500
chr9	8960000	8965000	3.1905784360364944	8962500
chr9	8965000	8970000	3.8238632403231114	8967500
chr9	8970000	8975000	2.1854501158947155	8972500
chr9	8975000	8980000	1.576412844287935	8977500
chr9	8980000	8985000	2.1308492566940203	8982500
chr9	8985000	8990000	3.46608782495458	8987500
chr9	8990000	8995000	3.539589601080777	8992500
chr9	8995000	9000000	14.748713800509895	8997500
chr9	9000000	9005000	4.3056013388358005	9002500
chr9	9005000	9010000	4.480085013757148	9007500
chr9	9010000	9015000	5.537553267329094	9012500
chr9	9015000	9020000	7.272367211198015	9017500
chr9	9020000	9025000	5.925489504298534	9022500
chr9	9025000	9030000	5.312076397748187	9027500
chr9	9030000	9035000	6.741084213912038	9032500
chr9	9035000	9040000	7.118594687700351	9037500
chr9	9040000	9045000	10.59944089371623	9042500
chr9	9045000	9050000	9.385353250866347	9047500
chr9	9050000	9055000	10.828538114920027	9052500
chr9	9055000	9060000	10.896197473697137	9057500
chr9	9060000	9065000	4.24969619141225	9062500
chr9	9065000	9070000	3.479941034269357	9067500
chr9	9070000	9075000	8.56140618742218	9072500
chr9	9075000	9080000	11.321583428865859	9077500
chr9	9080000	9085000	4.144401881758708	9082500
chr9	9085000	9090000	10.089431400784951	9087500
chr9	9090000	9095000	8.329914879019658	9092500
chr9	9095000	9100000	3.8845818871579008	9097500
chr9	9100000	9105000	1.8398716670099289	9102500
chr9	9105000	9110000	2.1814036589058405	9107500
chr9	9110000	9115000	2.1262762620936773	9112500
chr9	9115000	9120000	0.9955612758630286	9117500
chr9	9120000	9125000	2.7831926881679974	9122500
chr9	9125000	9130000	1.5867973204585046	9127500
chr9	9130000	9135000	1.7110484228546694	9132500
chr9	9135000	9140000	1.0646186984564203	9137500
chr9	9140000	9145000	1.3788759144558058	9142500
chr9	9145000	9150000	2.3041591148825873	9147500
chr9	9150000	9155000	2.1089579947574038	9152500
chr9	9155000	9160000	1.776612787242056	9157500
chr9	9160000	9165000	2.8753057240749422	9162500
chr9	9165000	9170000	17.640041871356186	9167500
chr9	9170000	9175000	10.28560223867348	9172500
chr9	9175000	9180000	10.025772020581725	9177500
chr9	9180000	9185000	23.331596789527616	9182500
chr9	9185000	9190000	41.60833349175989	9187500
chr9	9190000	9195000	23.853072731453842	9192500
chr9	9195000	9200000	10.904367380895613	9197500
chr9	9200000	9205000	5.987660041388533	9202500
chr9	9205000	9210000	5.972067137021747	9207500
chr9	9210000	9215000	5.283247784420585	9212500
chr9	9215000	9220000	5.152039751825209	9217500
chr9	9220000	9225000	5.384541623279618	9222500
chr9	9225000	9230000	3.5268667859715594	9227500
chr9	9230000	9235000	5.222376940709323	9232500
chr9	9235000	9240000	6.352547355910129	9237500
chr9	9240000	9245000	4.287834667418899	9242500
chr9	9245000	9250000	5.77070132496562	9247500
chr9	9250000	9255000	8.467103161554604	9252500
chr9	9255000	9260000	7.19123943544661	9257500
chr9	9260000	9265000	8.543907970628718	9262500
chr9	9265000	9270000	8.676709896883168	9267500
chr9	9270000	9275000	6.4932840275112715	9272500
chr9	9275000	9280000	14.45277501529751	9277500
chr9	9280000	9285000	15.631627604108626	9282500
chr9	9285000	9290000	10.000300497547212	9287500
chr9	9290000	9295000	13.890842221103497	9292500
chr9	9295000	9300000	23.854539608601144	9297500
chr9	9300000	9305000	15.525997051985554	9302500
chr9	9305000	9310000	14.40782079919896	9307500
chr9	9310000	9315000	10.793137653657691	9312500
chr9	9315000	9320000	7.062198109935591	9317500
chr9	9320000	9325000	11.413330825143289	9322500
chr9	9325000	9330000	9.00802954302303	9327500
chr9	9330000	9335000	9.314984635746125	9332500
chr9	9335000	9340000	8.744218605362768	9337500
chr9	9340000	9345000	7.563125981330029	9342500
chr9	9345000	9350000	12.663037725336268	9347500
chr9	9350000	9355000	11.84473080083868	9352500
chr9	9355000	9360000	14.702907283058003	9357500
chr9	9360000	9365000	17.842481907599737	9362500
chr9	9365000	9370000	9.534290521297155	9367500
chr9	9370000	9375000	16.409332020510377	9372500
chr9	9375000	9380000	7.414716610044744	9377500
chr9	9380000	9385000	16.55125305399822	9382500
chr9	9385000	9390000	11.402292713863543	9387500
chr9	9390000	9395000	12.868951701569559	9392500
chr9	9395000	9400000	15.692222599363172	9397500
chr9	9400000	9405000	14.329578522249315	9402500
chr9	9405000	9410000	22.242383062287054	9407500
chr9	9410000	9415000	18.85329252082803	9412500
chr9	9415000	9420000	6.612642443757066	9417500
chr9	9420000	9425000	3.8396475718794205	9422500
chr9	9425000	9430000	6.576130020548608	9427500
chr9	9430000	9435000	17.216620124622445	9432500
chr9	9435000	9440000	18.54998129117314	9437500
chr9	9440000	9445000	16.5972843083751	9442500
chr9	9445000	9450000	16.690902935196313	9447500
chr9	9450000	9455000	27.935858268635197	9452500
chr9	9455000	9460000	8.038508555804336	9457500
chr9	9460000	9465000	19.451049849202573	9462500
chr9	9465000	9470000	26.284083317911207	9467500
chr9	9470000	9475000	27.02583665045907	9472500
chr9	9475000	9480000	21.222292420035362	9477500
chr9	9480000	9485000	20.595043481129572	9482500
chr9	9485000	9490000	10.940889709756311	9487500
chr9	9490000	9495000	8.996060844902237	9492500
chr9	9495000	9500000	15.129164086718983	9497500
chr9	9500000	9505000	18.489083741795092	9502500
chr9	9505000	9510000	21.60282891432632	9507500
chr9	9510000	9515000	9.508775124182359	9512500
chr9	9515000	9520000	10.615638721483105	9517500
chr9	9520000	9525000	13.208385308484411	9522500
chr9	9525000	9530000	17.35238563303151	9527500
chr9	9530000	9535000	17.320495928266382	9532500
chr9	9535000	9540000	12.47741961774089	9537500
chr9	9540000	9545000	9.112731808986243	9542500
chr9	9545000	9550000	7.497646785052663	9547500
chr9	9550000	9555000	4.935612273790248	9552500
chr9	9555000	9560000	3.9362985497964207	9557500
chr9	9560000	9565000	7.015053607684303	9562500
chr9	9565000	9570000	15.760533163721439	9567500
chr9	9570000	9575000	13.219904285183269	9572500
chr9	9575000	9580000	6.893138361796171	9577500
chr9	9580000	9585000	5.414951305581119	9582500
chr9	9585000	9590000	3.3865154530215364	9587500
chr9	9590000	9595000	7.711766572026992	9592500
chr9	9595000	9600000	4.848585108955833	9597500
chr9	9600000	9605000	13.783428937419487	9602500
chr9	9605000	9610000	19.28373433684236	9607500
chr9	9610000	9615000	16.082663980479253	9612500
chr9	9615000	9620000	19.002695952143334	9617500
chr9	9620000	9625000	13.547727310833983	9622500
chr9	9625000	9630000	11.145962715093571	9627500
chr9	9630000	9635000	20.419808935225998	9632500
chr9	9635000	9640000	20.468877599972544	9637500
chr9	9640000	9645000	9.50474075685808	9642500
chr9	9645000	9650000	7.221643839654211	9647500
chr9	9650000	9655000	11.583957166257948	9652500
chr9	9655000	9660000	9.84839289562368	9657500
chr9	9660000	9665000	12.006472338529694	9662500
chr9	9665000	9670000	11.722909817826233	9667500
chr9	9670000	9675000	22.484813724355085	9672500
chr9	9675000	9680000	13.135043985384598	9677500
chr9	9680000	9685000	26.90420157096466	9682500
chr9	9685000	9690000	20.203439021582604	9687500
chr9	9690000	9695000	16.83563155089147	9692500
chr9	9695000	9700000	22.01712095889461	9697500
chr9	9700000	9705000	14.153120922931137	9702500
chr9	9705000	9710000	11.396132098768257	9707500
chr9	9710000	9715000	11.387977618253567	9712500
chr9	9715000	9720000	21.50153519456675	9717500
chr9	9720000	9725000	12.681755792686621	9722500
chr9	9725000	9730000	9.73349313329107	9727500
chr9	9730000	9735000	6.5753618012025035	9732500
chr9	9735000	9740000	11.109423604596728	9737500
chr9	9740000	9745000	16.463792025747164	9742500
chr9	9745000	9750000	13.09985725111843	9747500
chr9	9750000	9755000	21.99224105192621	9752500
chr9	9755000	9760000	8.079820764965294	9757500
chr9	9760000	9765000	11.500419933334872	9762500
chr9	9765000	9770000	8.959036869656597	9767500
chr9	9770000	9775000	4.952806214030881	9772500
chr9	9775000	9780000	5.111497078440053	9777500
chr9	9780000	9785000	3.785001804623803	9782500
chr9	9785000	9790000	5.124598699035577	9787500
chr9	9790000	9795000	5.113514092802782	9792500
chr9	9795000	9800000	4.347772031195699	9797500
chr9	9800000	9805000	4.126864278367705	9802500
chr9	9805000	9810000	4.866673485160586	9807500
chr9	9810000	9815000	5.435205546916465	9812500
chr9	9815000	9820000	4.8167316841539005	9817500
chr9	9820000	9825000	17.809178819497177	9822500
chr9	9825000	9830000	7.907811370187662	9827500
chr9	9830000	9835000	11.243845715676441	9832500
chr9	9835000	9840000	9.559699783695896	9837500
chr9	9840000	9845000	8.634519325637262	9842500
chr9	9845000	9850000	6.627760658093249	9847500
chr9	9850000	9855000	10.156807850588516	9852500
chr9	9855000	9860000	20.592274674409254	9857500
chr9	9860000	9865000	13.683226212682106	9862500
chr9	9865000	9870000	6.964421683005676	9867500
chr9	9870000	9875000	6.086092759351918	9872500
chr9	9875000	9880000	5.388565300028843	9877500
chr9	9880000	9885000	7.4197091244475875	9882500
chr9	9885000	9890000	6.7194080048656435	9887500
chr9	9890000	9895000	8.133276669301544	9892500
chr9	9895000	9900000	3.5614484716887094	9897500
chr9	9900000	9905000	2.192273013506388	9902500
chr9	9905000	9910000	4.341244269114307	9907500
chr9	9910000	9915000	2.2398363753506416	9912500
chr9	9915000	9920000	3.428875891675353	9917500
chr9	9920000	9925000	6.681716515473426	9922500
chr9	9925000	9930000	7.725983888288304	9927500
chr9	9930000	9935000	3.0844953495553296	9932500
chr9	9935000	9940000	3.281877817144999	9937500
chr9	9940000	9945000	3.3277548481930888	9942500
chr9	9945000	9950000	2.535199343904681	9947500
chr9	9950000	9955000	2.1427958356540815	9952500
chr9	9955000	9960000	2.7728108779760268	9957500
chr9	9960000	9965000	14.935398505082919	9962500
chr9	9965000	9970000	4.351282643081961	9967500
chr9	9970000	9975000	3.5116615109065505	9972500
chr9	9975000	9980000	2.012552725482994	9977500
chr9	9980000	9985000	2.940718422139063	9982500
chr9	9985000	9990000	2.5763259989435676	9987500
chr9	9990000	9995000	2.703887093675202	9992500
chr9	9995000	10000000	2.0494553942241813	9997500
chr9	10000000	10005000	1.9216030073313564	10002500
chr9	10005000	10010000	2.368900374362578	10007500
chr9	10010000	10015000	2.4692478983577733	10012500
chr9	10015000	10020000	3.5954779310600555	10017500
chr9	10020000	10025000	1.6719249475385112	10022500
chr9	10025000	10030000	2.8059727164444785	10027500
chr9	10030000	10035000	1.8144082953308855	10032500
chr9	10035000	10040000	1.8845852464247332	10037500
chr9	10040000	10045000	4.966269574590707	10042500
chr9	10045000	10050000	6.191418477769049	10047500
chr9	10050000	10055000	4.392038914770653	10052500
chr9	10055000	10060000	2.111035412439881	10057500
chr9	10060000	10065000	4.973122441215173	10062500
chr9	10065000	10070000	3.156808532852647	10067500
chr9	10070000	10075000	2.8600317749785735	10072500
chr9	10075000	10080000	5.936014109172411	10077500
chr9	10080000	10085000	5.061153468715266	10082500
chr9	10085000	10090000	3.8801262536855807	10087500
chr9	10090000	10095000	4.311440805322376	10092500
chr9	10095000	10100000	3.388444348979087	10097500
chr9	10100000	10105000	3.8756829249978697	10102500
chr9	10105000	10110000	5.64985044684067	10107500
chr9	10110000	10115000	5.729608536279676	10112500
chr9	10115000	10120000	6.8700477844256245	10117500
chr9	10120000	10125000	8.595423121740275	10122500
chr9	10125000	10130000	5.93866446643795	10127500
chr9	10130000	10135000	3.9261478535246135	10132500
chr9	10135000	10140000	3.088633132077454	10137500
chr9	10140000	10145000	2.658893358946622	10142500
chr9	10145000	10150000	2.2090607347704934	10147500
chr9	10150000	10155000	2.913240875570602	10152500
chr9	10155000	10160000	2.451514265126233	10157500
chr9	10160000	10165000	1.9053561959945833	10162500
chr9	10165000	10170000	1.715359991419445	10167500
chr9	10170000	10175000	1.8626344836243551	10172500
chr9	10175000	10180000	1.6743766306669936	10177500
chr9	10180000	10185000	1.8986729127838167	10182500
chr9	10185000	10190000	1.469330566885376	10187500
chr9	10190000	10195000	1.8879845673466908	10192500
chr9	10195000	10200000	2.2749588334006234	10197500
chr9	10200000	10205000	2.2899662350310597	10202500
chr9	10205000	10210000	3.8503830941219874	10207500
chr9	10210000	10215000	1.8430652255912123	10212500
chr9	10215000	10220000	2.087941770637805	10217500
chr9	10220000	10225000	2.467183738172392	10222500
chr9	10225000	10230000	2.623075692688059	10227500
chr9	10230000	10235000	1.3428472888889884	10232500
chr9	10235000	10240000	2.152797475645786	10237500
chr9	10240000	10245000	2.2621170904581187	10242500
chr9	10245000	10250000	8.824436845377674	10247500
chr9	10250000	10255000	20.87120400533823	10252500
chr9	10255000	10260000	15.931079335340902	10257500
chr9	10260000	10265000	13.962063484746865	10262500
chr9	10265000	10270000	11.831131050834294	10267500
chr9	10270000	10275000	5.239965304860236	10272500
chr9	10275000	10280000	6.375546789894319	10277500
chr9	10280000	10285000	4.840338290492218	10282500
chr9	10285000	10290000	6.684328985752074	10287500
chr9	10290000	10295000	3.4249072839351915	10292500
chr9	10295000	10300000	3.2070397531796844	10297500
chr9	10300000	10305000	3.7304145253679017	10302500
chr9	10305000	10310000	2.8253356115813957	10307500
chr9	10310000	10315000	3.2807283737573623	10312500
chr9	10315000	10320000	4.498766246446713	10317500
chr9	10320000	10325000	4.712708305928882	10322500
chr9	10325000	10330000	14.813099191750284	10327500
chr9	10330000	10335000	10.23200924238163	10332500
chr9	10335000	10340000	5.752481869946831	10337500
chr9	10340000	10345000	7.7488224109543244	10342500
chr9	10345000	10350000	9.622644230723758	10347500
chr9	10350000	10355000	10.194896308198214	10352500
chr9	10355000	10360000	16.134920148283314	10357500
chr9	10360000	10365000	8.931196970896199	10362500
chr9	10365000	10370000	10.984269452906142	10367500
chr9	10370000	10375000	9.381667236921206	10372500
chr9	10375000	10380000	7.952202985363362	10377500
chr9	10380000	10385000	6.7447447553392434	10382500
chr9	10385000	10390000	7.83141225372038	10387500
chr9	10390000	10395000	4.117814828406809	10392500
chr9	10395000	10400000	5.711508456833086	10397500
chr9	10400000	10405000	17.23018315699099	10402500
chr9	10405000	10410000	4.148479308631769	10407500
chr9	10410000	10415000	10.648398018787365	10412500
chr9	10415000	10420000	3.1485230560379236	10417500
chr9	10420000	10425000	4.449839090306652	10422500
chr9	10425000	10430000	2.618440697305871	10427500
chr9	10430000	10435000	2.0384136987477746	10432500
chr9	10435000	10440000	4.986391609018599	10437500
chr9	10440000	10445000	6.984034613561476	10442500
chr9	10445000	10450000	1.9269326466319663	10447500
chr9	10450000	10455000	2.3573721239332963	10452500
chr9	10455000	10460000	1.4168483784800454	10457500
chr9	10460000	10465000	0.9529203484082063	10462500
chr9	10465000	10470000	0.5573170864599547	10467500
chr9	10470000	10475000	0.5573170864599548	10472500
chr9	10475000	10480000	0.5554921494464291	10477500
chr9	10480000	10485000	1.0152702272713234	10482500
chr9	10485000	10490000	0.7704991510294591	10487500
chr9	10490000	10495000	0.5910943187946638	10492500
chr9	10495000	10500000	0.8881729078901665	10497500
chr9	10500000	10505000	1.2119248066684556	10502500
chr9	10505000	10510000	1.557394043752826	10507500
chr9	10510000	10515000	4.796844352496462	10512500
chr9	10515000	10520000	12.152438212323018	10517500
chr9	10520000	10525000	3.5684815356616117	10522500
chr9	10525000	10530000	3.9952666736533167	10527500
chr9	10530000	10535000	2.3811177422451553	10532500
chr9	10535000	10540000	1.8679522116382263	10537500
chr9	10540000	10545000	1.8758410058031438	10542500
chr9	10545000	10550000	3.4953850062996517	10547500
chr9	10550000	10555000	1.8724828203520547	10552500
chr9	10555000	10560000	4.055525780741464	10557500
chr9	10560000	10565000	7.033441620064181	10562500
chr9	10565000	10570000	3.022420083721192	10567500
chr9	10570000	10575000	3.4276892643543713	10572500
chr9	10575000	10580000	9.560814309309896	10577500
chr9	10580000	10585000	3.915085116616287	10582500
chr9	10585000	10590000	3.8147592269162867	10587500
chr9	10590000	10595000	3.6393245380551673	10592500
chr9	10595000	10600000	4.061054903306551	10597500
chr9	10600000	10605000	2.58896865627571	10602500
chr9	10605000	10610000	4.204803087756248	10607500
chr9	10610000	10615000	3.113368835866949	10612500
chr9	10615000	10620000	9.006666768134574	10617500
chr9	10620000	10625000	10.055787559393982	10622500
chr9	10625000	10630000	2.829461975217079	10627500
chr9	10630000	10635000	1.7718421359346923	10632500
chr9	10635000	10640000	2.3910115410685004	10637500
chr9	10640000	10645000	4.586608678448225	10642500
chr9	10645000	10650000	5.348197421487701	10647500
chr9	10650000	10655000	10.280328582097997	10652500
chr9	10655000	10660000	5.738972067054598	10657500
chr9	10660000	10665000	4.955968705686667	10662500
chr9	10665000	10670000	2.6799732664240588	10667500
chr9	10670000	10675000	4.60054374671591	10672500
chr9	10675000	10680000	5.155486799607369	10677500
chr9	10680000	10685000	7.947795685356472	10682500
chr9	10685000	10690000	5.012966478437556	10687500
chr9	10690000	10695000	5.697117102517701	10692500
chr9	10695000	10700000	5.10677522023679	10697500
chr9	10700000	10705000	2.2037856719610907	10702500
chr9	10705000	10710000	2.8039065839726547	10707500
chr9	10710000	10715000	6.011681083835508	10712500
chr9	10715000	10720000	4.515497465162141	10717500
chr9	10720000	10725000	5.530842583869508	10722500
chr9	10725000	10730000	7.288035785661067	10727500
chr9	10730000	10735000	7.358489589127752	10732500
chr9	10735000	10740000	3.9834077865886504	10737500
chr9	10740000	10745000	2.803555782273155	10742500
chr9	10745000	10750000	3.0914599850252085	10747500
chr9	10750000	10755000	2.560070760325119	10752500
chr9	10755000	10760000	0.5921853589474178	10757500
chr9	10760000	10765000	1.1246643655564923	10762500
chr9	10765000	10770000	2.2033238806310496	10767500
chr9	10770000	10775000	1.427162544220187	10772500
chr9	10775000	10780000	1.598443758880301	10777500
chr9	10780000	10785000	1.3236387346529837	10782500
chr9	10785000	10790000	1.6857142285468796	10787500
chr9	10790000	10795000	3.733515276467795	10792500
chr9	10795000	10800000	3.0407797040410873	10797500
chr9	10800000	10805000	3.82682273190342	10802500
chr9	10805000	10810000	6.768715903019246	10807500
chr9	10810000	10815000	3.5064704822737394	10812500
chr9	10815000	10820000	1.7503079499224339	10817500
chr9	10820000	10825000	2.633847761274408	10822500
chr9	10825000	10830000	3.2671558619466987	10827500
chr9	10830000	10835000	5.617643085761262	10832500
chr9	10835000	10840000	4.214175681336599	10837500
chr9	10840000	10845000	5.090146974908159	10842500
chr9	10845000	10850000	0.7596485823140003	10847500
chr9	10850000	10855000	1.1913846636745906	10852500
chr9	10855000	10860000	0.7068602543564773	10857500
chr9	10860000	10865000	0.3313364588492431	10862500
chr9	10865000	10870000	0.5039093641059125	10867500
chr9	10870000	10875000	0.48017991536748	10872500
chr9	10875000	10880000	0.36806243671024264	10877500
chr9	10880000	10885000	0.6382697223360685	10882500
chr9	10885000	10890000	0.6432232814407928	10887500
chr9	10890000	10895000	0.5598417639082195	10892500
chr9	10895000	10900000	0.5044166123805378	10897500
chr9	10900000	10905000	0.5430492796127722	10902500
chr9	10905000	10910000	0.5588758587029503	10907500
chr9	10910000	10915000	0.5378246335266843	10912500
chr9	10915000	10920000	0.500093909549455	10917500
chr9	10920000	10925000	0.3105719645143745	10922500
chr9	10925000	10930000	0.2799255609921215	10927500
chr9	10930000	10935000	0.4859253388746767	10932500
chr9	10935000	10940000	0.5528306765445582	10937500
chr9	10940000	10945000	0.7279232385443851	10942500
chr9	10945000	10950000	0.6280177334489139	10947500
chr9	10950000	10955000	0.6682477004788837	10952500
chr9	10955000	10960000	0.8235444696273136	10957500
chr9	10960000	10965000	0.992057985086241	10962500
chr9	10965000	10970000	0.9273350391174382	10967500
chr9	10970000	10975000	0.6138360538984703	10972500
chr9	10975000	10980000	0.578593839414814	10977500
chr9	10980000	10985000	0.5785938394148141	10982500
chr9	10985000	10990000	0.9315073304642715	10987500
chr9	10990000	10995000	1.0365809962345098	10992500
chr9	10995000	11000000	1.0805686077255785	10997500
chr9	11000000	11005000	3.9037603410701225	11002500
chr9	11005000	11010000	0.9021208823372392	11007500
chr9	11010000	11015000	4.447463792963398	11012500
chr9	11015000	11020000	4.369224592716782	11017500
chr9	11020000	11025000	5.428359378210416	11022500
chr9	11025000	11030000	5.815719676218173	11027500
chr9	11030000	11035000	9.637064513016238	11032500
chr9	11035000	11040000	2.6077243056648185	11037500
chr9	11040000	11045000	4.2319304256733625	11042500
chr9	11045000	11050000	2.1268915918966917	11047500
chr9	11050000	11055000	3.1807134131702104	11052500
chr9	11055000	11060000	2.910579398615434	11057500
chr9	11060000	11065000	3.500280017425229	11062500
chr9	11065000	11070000	4.1507257180234225	11067500
chr9	11070000	11075000	3.6631756211546618	11072500
chr9	11075000	11080000	4.13676779256488	11077500
chr9	11080000	11085000	11.305532534871833	11082500
chr9	11085000	11090000	9.21075013529195	11087500
chr9	11090000	11095000	2.76960405643906	11092500
chr9	11095000	11100000	4.194734972698306	11097500
chr9	11100000	11105000	4.369400713075589	11102500
chr9	11105000	11110000	3.90454932647552	11107500
chr9	11110000	11115000	2.948219136787053	11112500
chr9	11115000	11120000	2.0377521417662865	11117500
chr9	11120000	11125000	1.4483290634535069	11122500
chr9	11125000	11130000	1.8182613648495205	11127500
chr9	11130000	11135000	2.353950388867197	11132500
chr9	11135000	11140000	3.286320174688815	11137500
chr9	11140000	11145000	4.882968110634177	11142500
chr9	11145000	11150000	2.2942184697429715	11147500
chr9	11150000	11155000	1.8717903390173176	11152500
chr9	11155000	11160000	4.122216395181304	11157500
chr9	11160000	11165000	4.951239126942483	11162500
chr9	11165000	11170000	2.4329397239508688	11167500
chr9	11170000	11175000	3.9570536381884374	11172500
chr9	11175000	11180000	3.0750040065755	11177500
chr9	11180000	11185000	3.053024476414712	11182500
chr9	11185000	11190000	4.130154439621206	11187500
chr9	11190000	11195000	2.130312921069958	11192500
chr9	11195000	11200000	10.809174440207766	11197500
chr9	11200000	11205000	4.12330922419805	11202500
chr9	11205000	11210000	3.3056247204358993	11207500
chr9	11210000	11215000	3.2544838933669893	11212500
chr9	11215000	11220000	3.381116850620629	11217500
chr9	11220000	11225000	4.064230825577514	11222500
chr9	11225000	11230000	18.952743675518775	11227500
chr9	11230000	11235000	4.4844000457267725	11232500
chr9	11235000	11240000	7.435935829325032	11237500
chr9	11240000	11245000	4.766656081051312	11242500
chr9	11245000	11250000	1.7101561587671166	11247500
chr9	11250000	11255000	2.1500022158189807	11252500
chr9	11255000	11260000	11.943184738561236	11257500
chr9	11260000	11265000	4.522922123806341	11262500
chr9	11265000	11270000	1.1831676515071063	11267500
chr9	11270000	11275000	1.2445326923364695	11272500
chr9	11275000	11280000	1.6246697428970405	11277500
chr9	11280000	11285000	2.70466623253669	11282500
chr9	11285000	11290000	3.844031568296018	11287500
chr9	11290000	11295000	4.589254118855782	11292500
chr9	11295000	11300000	3.9325336530391253	11297500
chr9	11300000	11305000	6.5074628297724795	11302500
chr9	11305000	11310000	9.002610753610496	11307500
chr9	11310000	11315000	4.308329719547607	11312500
chr9	11315000	11320000	11.376859302376744	11317500
chr9	11320000	11325000	6.27787686968292	11322500
chr9	11325000	11330000	2.468631938922958	11327500
chr9	11330000	11335000	2.8092047523572803	11332500
chr9	11335000	11340000	3.568772703503567	11337500
chr9	11340000	11345000	2.42740721477518	11342500
chr9	11345000	11350000	2.7406866905132303	11347500
chr9	11350000	11355000	2.477172827136386	11352500
chr9	11355000	11360000	2.4246425723862526	11357500
chr9	11360000	11365000	2.498535979345107	11362500
chr9	11365000	11370000	2.8060102532470284	11367500
chr9	11370000	11375000	3.3648481856000942	11372500
chr9	11375000	11380000	4.598360837572537	11377500
chr9	11380000	11385000	4.759119595346307	11382500
chr9	11385000	11390000	3.60744888464486	11387500
chr9	11390000	11395000	3.217088143624493	11392500
chr9	11395000	11400000	3.176491874223638	11397500
chr9	11400000	11405000	10.855215928848965	11402500
chr9	11405000	11410000	4.859238546327865	11407500
chr9	11410000	11415000	2.4989621301175213	11412500
chr9	11415000	11420000	3.9184900035504877	11417500
chr9	11420000	11425000	6.831765239183854	11422500
chr9	11425000	11430000	6.404443182998953	11427500
chr9	11430000	11435000	4.854950777685164	11432500
chr9	11435000	11440000	5.5332238554258035	11437500
chr9	11440000	11445000	10.00598327544722	11442500
chr9	11445000	11450000	3.240581157537342	11447500
chr9	11450000	11455000	2.8949270401069573	11452500
chr9	11455000	11460000	2.8029348793387294	11457500
chr9	11460000	11465000	2.10724902963068	11462500
chr9	11465000	11470000	3.060090218773707	11467500
chr9	11470000	11475000	2.619581052615122	11472500
chr9	11475000	11480000	3.2862670449346068	11477500
chr9	11480000	11485000	5.819250929698872	11482500
chr9	11485000	11490000	4.406269275763979	11487500
chr9	11490000	11495000	4.25141664887111	11492500
chr9	11495000	11500000	5.315567301136521	11497500
chr9	11500000	11505000	9.607968376255426	11502500
chr9	11505000	11510000	6.390359051318814	11507500
chr9	11510000	11515000	3.2866351850326216	11512500
chr9	11515000	11520000	5.642360250199314	11517500
chr9	11520000	11525000	3.8281462288086168	11522500
chr9	11525000	11530000	2.960617015006446	11527500
chr9	11530000	11535000	3.1178813187344963	11532500
chr9	11535000	11540000	5.149960374961261	11537500
chr9	11540000	11545000	2.2387998346945843	11542500
chr9	11545000	11550000	2.5006745645166015	11547500
chr9	11550000	11555000	2.3268314053762142	11552500
chr9	11555000	11560000	2.5362438226833186	11557500
chr9	11560000	11565000	2.34100111773406	11562500
chr9	11565000	11570000	2.791599009651516	11567500
chr9	11570000	11575000	3.1312442962258027	11572500
chr9	11575000	11580000	2.922194635478498	11577500
chr9	11580000	11585000	14.792663821603725	11582500
chr9	11585000	11590000	8.706181861727892	11587500
chr9	11590000	11595000	8.808574989938693	11592500
chr9	11595000	11600000	8.427470559124044	11597500
chr9	11600000	11605000	10.823519106887561	11602500
chr9	11605000	11610000	3.8417059562006814	11607500
chr9	11610000	11615000	3.2339319542112457	11612500
chr9	11615000	11620000	11.06446710762399	11617500
chr9	11620000	11625000	5.709249663430853	11622500
chr9	11625000	11630000	5.75028981677747	11627500
chr9	11630000	11635000	4.527989194120579	11632500
chr9	11635000	11640000	5.66585865248949	11637500
chr9	11640000	11645000	4.824198326681201	11642500
chr9	11645000	11650000	5.318569404185248	11647500
chr9	11650000	11655000	7.009863528876713	11652500
chr9	11655000	11660000	6.1483264910453626	11657500
chr9	11660000	11665000	5.406775674005727	11662500
chr9	11665000	11670000	10.15915754350474	11667500
chr9	11670000	11675000	9.345439344720846	11672500
chr9	11675000	11680000	6.273075337788765	11677500
chr9	11680000	11685000	4.740854736659978	11682500
chr9	11685000	11690000	8.31881464856661	11687500
chr9	11690000	11695000	23.862926015565307	11692500
chr9	11695000	11700000	11.344092273885781	11697500
chr9	11700000	11705000	16.77222831779957	11702500
chr9	11705000	11710000	17.003783642955028	11707500
chr9	11710000	11715000	12.491789128401209	11712500
chr9	11715000	11720000	14.891543887327138	11717500
chr9	11720000	11725000	16.544735858914514	11722500
chr9	11725000	11730000	22.841202542678005	11727500
chr9	11730000	11735000	14.472963462003321	11732500
chr9	11735000	11740000	13.828067334069784	11737500
chr9	11740000	11745000	16.1266350683268	11742500
chr9	11745000	11750000	8.34604768290089	11747500
chr9	11750000	11755000	6.774901313933595	11752500
chr9	11755000	11760000	9.531088370447538	11757500
chr9	11760000	11765000	8.458555385144388	11762500
chr9	11765000	11770000	8.01890257482664	11767500
chr9	11770000	11775000	12.869388622664212	11772500
chr9	11775000	11780000	7.7697213803724186	11777500
chr9	11780000	11785000	6.6315931381348125	11782500
chr9	11785000	11790000	9.915073986143636	11787500
chr9	11790000	11795000	11.223486038697855	11792500
chr9	11795000	11800000	11.099738656779829	11797500
chr9	11800000	11805000	12.881885544503568	11802500
chr9	11805000	11810000	11.656823283848775	11807500
chr9	11810000	11815000	17.216406783866653	11812500
chr9	11815000	11820000	12.6689001541468	11817500
chr9	11820000	11825000	9.942578313622747	11822500
chr9	11825000	11830000	9.347627537432281	11827500
chr9	11830000	11835000	13.379511498476289	11832500
chr9	11835000	11840000	9.247228421272712	11837500
chr9	11840000	11845000	12.646736927547568	11842500
chr9	11845000	11850000	6.703900869402224	11847500
chr9	11850000	11855000	3.612324255714106	11852500
chr9	11855000	11860000	6.237294978443039	11857500
chr9	11860000	11865000	13.348252527068308	11862500
chr9	11865000	11870000	3.747718471482594	11867500
chr9	11870000	11875000	3.0923356949729603	11872500
chr9	11875000	11880000	6.3080610472398	11877500
chr9	11880000	11885000	2.7574169274634035	11882500
chr9	11885000	11890000	9.509893304626834	11887500
chr9	11890000	11895000	4.157668290721197	11892500
chr9	11895000	11900000	3.6442870596151415	11897500
chr9	11900000	11905000	7.579824320722977	11902500
chr9	11905000	11910000	5.127029949002993	11907500
chr9	11910000	11915000	10.324120027414937	11912500
chr9	11915000	11920000	18.359518451204714	11917500
chr9	11920000	11925000	8.224824866434728	11922500
chr9	11925000	11930000	8.929039580938825	11927500
chr9	11930000	11935000	8.132184842470437	11932500
chr9	11935000	11940000	5.393888470677468	11937500
chr9	11940000	11945000	6.105875095160633	11942500
chr9	11945000	11950000	3.50869276473675	11947500
chr9	11950000	11955000	4.174940526406272	11952500
chr9	11955000	11960000	4.601997259397834	11957500
chr9	11960000	11965000	5.924983274237356	11962500
chr9	11965000	11970000	6.388824748471507	11967500
chr9	11970000	11975000	7.529537680396994	11972500
chr9	11975000	11980000	6.293481224636767	11977500
chr9	11980000	11985000	6.57895561205126	11982500
chr9	11985000	11990000	6.207142080489544	11987500
chr9	11990000	11995000	5.032872488476079	11992500
chr9	11995000	12000000	4.9057441036279315	11997500
chr9	12000000	12005000	12.911182640848196	12002500
chr9	12005000	12010000	10.258882814257763	12007500
chr9	12010000	12015000	4.545501001930837	12012500
chr9	12015000	12020000	9.711888100804174	12017500
chr9	12020000	12025000	18.051156529288686	12022500
chr9	12025000	12030000	13.002095829353605	12027500
chr9	12030000	12035000	12.091295956544775	12032500
chr9	12035000	12040000	12.42685743849589	12037500
chr9	12040000	12045000	7.884332517764218	12042500
chr9	12045000	12050000	6.822869447343299	12047500
chr9	12050000	12055000	10.114415879588242	12052500
chr9	12055000	12060000	6.486603999110188	12057500
chr9	12060000	12065000	4.368871610868574	12062500
chr9	12065000	12070000	5.048211717934895	12067500
chr9	12070000	12075000	7.395786607135427	12072500
chr9	12075000	12080000	12.367189332801267	12077500
chr9	12080000	12085000	6.984965230004651	12082500
chr9	12085000	12090000	26.70362885281528	12087500
chr9	12090000	12095000	7.493408224784348	12092500
chr9	12095000	12100000	5.836962483239012	12097500
chr9	12100000	12105000	5.403939504110654	12102500
chr9	12105000	12110000	7.465437459737075	12107500
chr9	12110000	12115000	6.413306101274457	12112500
chr9	12115000	12120000	8.392873816361966	12117500
chr9	12120000	12125000	11.129797153969466	12122500
chr9	12125000	12130000	11.192608461904904	12127500
chr9	12130000	12135000	7.567983707457321	12132500
chr9	12135000	12140000	11.047704631087184	12137500
chr9	12140000	12145000	11.965574219277148	12142500
chr9	12145000	12150000	39.740721033566444	12147500
chr9	12150000	12155000	48.86736491816575	12152500
chr9	12155000	12160000	7.886743872749229	12157500
chr9	12160000	12165000	6.925428592416698	12162500
chr9	12165000	12170000	4.537591438086195	12167500
chr9	12170000	12175000	6.834349066513687	12172500
chr9	12175000	12180000	7.570701217453738	12177500
chr9	12180000	12185000	13.083592040653528	12182500
chr9	12185000	12190000	9.93623612331082	12187500
chr9	12190000	12195000	7.708335728738092	12192500
chr9	12195000	12200000	7.3372339165492555	12197500
chr9	12200000	12205000	8.876458088679037	12202500
chr9	12205000	12210000	8.137614007852745	12207500
chr9	12210000	12215000	7.739503534500996	12212500
chr9	12215000	12220000	10.43479244804691	12217500
chr9	12220000	12225000	8.407554815640275	12222500
chr9	12225000	12230000	8.06196438453018	12227500
chr9	12230000	12235000	8.73587052071378	12232500
chr9	12235000	12240000	6.511255393396874	12237500
chr9	12240000	12245000	9.622573360206891	12242500
chr9	12245000	12250000	10.349056395558057	12247500
chr9	12250000	12255000	8.671740544683551	12252500
chr9	12255000	12260000	10.14519639698924	12257500
chr9	12260000	12265000	8.346645420979668	12262500
chr9	12265000	12270000	8.668432769918851	12267500
chr9	12270000	12275000	7.7785613048474245	12272500
chr9	12275000	12280000	8.890662586347398	12277500
chr9	12280000	12285000	16.7239009533014	12282500
chr9	12285000	12290000	14.646467239143709	12287500
chr9	12290000	12295000	7.705035069423007	12292500
chr9	12295000	12300000	7.705035069423007	12297500
chr9	12300000	12305000	8.55691359511008	12302500
chr9	12305000	12310000	15.678206946381303	12307500
chr9	12310000	12315000	8.082568427805558	12312500
chr9	12315000	12320000	8.381703233694337	12317500
chr9	12320000	12325000	8.901525077220832	12322500
chr9	12325000	12330000	5.500590042979908	12327500
chr9	12330000	12335000	23.743226295547263	12332500
chr9	12335000	12340000	23.019390948801725	12337500
chr9	12340000	12345000	3.7342387795815477	12342500
chr9	12345000	12350000	2.080411987765647	12347500
chr9	12350000	12355000	2.4020784704503884	12352500
chr9	12355000	12360000	2.5230272806869727	12357500
chr9	12360000	12365000	2.944030267361626	12362500
chr9	12365000	12370000	3.534378734432313	12367500
chr9	12370000	12375000	3.3452273371553267	12372500
chr9	12375000	12380000	2.62382526007795	12377500
chr9	12380000	12385000	2.312937216949324	12382500
chr9	12385000	12390000	2.718509551286101	12387500
chr9	12390000	12395000	4.728236659359771	12392500
chr9	12395000	12400000	5.047298053698228	12397500
chr9	12400000	12405000	5.3111455187148	12402500
chr9	12405000	12410000	4.972066668743071	12407500
chr9	12410000	12415000	5.1538963110865685	12412500
chr9	12415000	12420000	4.960327255713365	12417500
chr9	12420000	12425000	5.548239819091541	12422500
chr9	12425000	12430000	4.5489305277278005	12427500
chr9	12430000	12435000	3.9383852115454774	12432500
chr9	12435000	12440000	4.860676102218316	12437500
chr9	12440000	12445000	5.165781479943548	12442500
chr9	12445000	12450000	5.251209360400824	12447500
chr9	12450000	12455000	4.499549816194996	12452500
chr9	12455000	12460000	4.7523038894377585	12457500
chr9	12460000	12465000	4.857883425226135	12462500
chr9	12465000	12470000	4.388458607922377	12467500
chr9	12470000	12475000	4.579860576620904	12472500
chr9	12475000	12480000	4.642062635982529	12477500
chr9	12480000	12485000	4.736777126636553	12482500
chr9	12485000	12490000	5.257376152383018	12487500
chr9	12490000	12495000	5.433005082563124	12492500
chr9	12495000	12500000	5.231617069251665	12497500
chr9	12500000	12505000	4.636484270596454	12502500
chr9	12505000	12510000	5.14857940804368	12507500
chr9	12510000	12515000	5.704573410335263	12512500
chr9	12515000	12520000	6.4213833318441145	12517500
chr9	12520000	12525000	7.9435173625211615	12522500
chr9	12525000	12530000	9.492789253244087	12527500
chr9	12530000	12535000	7.2988192484080505	12532500
chr9	12535000	12540000	7.357495833573022	12537500
chr9	12540000	12545000	6.01080497834943	12542500
chr9	12545000	12550000	8.288493513640102	12547500
chr9	12550000	12555000	7.910426988742407	12552500
chr9	12555000	12560000	9.060411816602365	12557500
chr9	12560000	12565000	8.295433941532126	12562500
chr9	12565000	12570000	8.47557137435186	12567500
chr9	12570000	12575000	8.62607050700561	12572500
chr9	12575000	12580000	8.771144468515965	12577500
chr9	12580000	12585000	8.930491727110953	12582500
chr9	12585000	12590000	9.12983419080773	12587500
chr9	12590000	12595000	9.864565393458903	12592500
chr9	12595000	12600000	10.708150294114908	12597500
chr9	12600000	12605000	11.248210022863338	12602500
chr9	12605000	12610000	17.995826054491225	12607500
chr9	12610000	12615000	22.71870487235906	12612500
chr9	12615000	12620000	25.150460564649602	12617500
chr9	12620000	12625000	20.070772914711156	12622500
chr9	12625000	12630000	14.523859475313197	12627500
chr9	12630000	12635000	18.31385530949037	12632500
chr9	12635000	12640000	34.10458919627957	12637500
chr9	12640000	12645000	25.40050496957524	12642500
chr9	12645000	12650000	6.2784668831682495	12647500
chr9	12650000	12655000	8.510699321790993	12652500
chr9	12655000	12660000	7.065860896326156	12657500
chr9	12660000	12665000	6.099583107549279	12662500
chr9	12665000	12670000	8.246903532844257	12667500
chr9	12670000	12675000	8.379210205017552	12672500
chr9	12675000	12680000	7.86803329390392	12677500
chr9	12680000	12685000	10.965671223571112	12682500
chr9	12685000	12690000	8.91824125784199	12687500
chr9	12690000	12695000	14.888170491512344	12692500
chr9	12695000	12700000	14.853811308473894	12697500
chr9	12700000	12705000	9.04623326004564	12702500
chr9	12705000	12710000	8.849880811946749	12707500
chr9	12710000	12715000	17.3862170608894	12712500
chr9	12715000	12720000	11.617064157331043	12717500
chr9	12720000	12725000	12.694607034825765	12722500
chr9	12725000	12730000	5.981713891544377	12727500
chr9	12730000	12735000	6.348361562933555	12732500
chr9	12735000	12740000	4.554011345702866	12737500
chr9	12740000	12745000	6.21168943510278	12742500
chr9	12745000	12750000	7.318092217376595	12747500
chr9	12750000	12755000	8.184797139854991	12752500
chr9	12755000	12760000	7.727212613286572	12757500
chr9	12760000	12765000	7.976423670948719	12762500
chr9	12765000	12770000	11.062497240682177	12767500
chr9	12770000	12775000	8.416925855742415	12772500
chr9	12775000	12780000	8.042729800187107	12777500
chr9	12780000	12785000	6.9763031763387655	12782500
chr9	12785000	12790000	8.920208500904458	12787500
chr9	12790000	12795000	6.704906332149344	12792500
chr9	12795000	12800000	4.774306519033383	12797500
chr9	12800000	12805000	11.263078554927995	12802500
chr9	12805000	12810000	9.158192889720045	12807500
chr9	12810000	12815000	9.414770772692323	12812500
chr9	12815000	12820000	7.375682380835464	12817500
chr9	12820000	12825000	6.942372480351048	12822500
chr9	12825000	12830000	8.85042224859404	12827500
chr9	12830000	12835000	20.50698589545326	12832500
chr9	12835000	12840000	12.204357373013098	12837500
chr9	12840000	12845000	16.037322109616902	12842500
chr9	12845000	12850000	18.245819063024953	12847500
chr9	12850000	12855000	13.214793295516449	12852500
chr9	12855000	12860000	16.738420186535173	12857500
chr9	12860000	12865000	17.24180602150219	12862500
chr9	12865000	12870000	12.23904120923946	12867500
chr9	12870000	12875000	13.934153553282323	12872500
chr9	12875000	12880000	6.2653645619398715	12877500
chr9	12880000	12885000	7.391170490399233	12882500
chr9	12885000	12890000	7.838492335823714	12887500
chr9	12890000	12895000	5.316953578315135	12892500
chr9	12895000	12900000	5.851737959865818	12897500
chr9	12900000	12905000	11.75037443585668	12902500
chr9	12905000	12910000	16.121579055891022	12907500
chr9	12910000	12915000	5.334661235463154	12912500
chr9	12915000	12920000	6.963016344059092	12917500
chr9	12920000	12925000	6.341186049409305	12922500
chr9	12925000	12930000	19.776042882123935	12927500
chr9	12930000	12935000	14.35753591917693	12932500
chr9	12935000	12940000	7.780751756499628	12937500
chr9	12940000	12945000	13.863785804734169	12942500
chr9	12945000	12950000	15.02909162147879	12947500
chr9	12950000	12955000	22.27016040979303	12952500
chr9	12955000	12960000	16.96946223208978	12957500
chr9	12960000	12965000	12.472858887570032	12962500
chr9	12965000	12970000	16.35988175124804	12967500
chr9	12970000	12975000	7.050300575020287	12972500
chr9	12975000	12980000	7.365279220337526	12977500
chr9	12980000	12985000	6.471244488983468	12982500
chr9	12985000	12990000	9.473258299437196	12987500
chr9	12990000	12995000	11.190094935670441	12992500
chr9	12995000	13000000	5.429783861592438	12997500
chr9	13000000	13005000	6.268040148063155	13002500
chr9	13005000	13010000	11.954895003871732	13007500
chr9	13010000	13015000	6.175359416360302	13012500
chr9	13015000	13020000	16.735068628966207	13017500
chr9	13020000	13025000	12.437439368613068	13022500
chr9	13025000	13030000	12.055393377233283	13027500
chr9	13030000	13035000	10.179891689351146	13032500
chr9	13035000	13040000	11.738828173900595	13037500
chr9	13040000	13045000	8.244470055875857	13042500
chr9	13045000	13050000	4.177422885379679	13047500
chr9	13050000	13055000	5.777723887750002	13052500
chr9	13055000	13060000	13.030251286814126	13057500
chr9	13060000	13065000	6.335611885416651	13062500
chr9	13065000	13070000	4.709943170909362	13067500
chr9	13070000	13075000	2.86915497184703	13072500
chr9	13075000	13080000	3.1878134456013014	13077500
chr9	13080000	13085000	3.876054691136602	13082500
chr9	13085000	13090000	6.2684290264794225	13087500
chr9	13090000	13095000	8.837564240463903	13092500
chr9	13095000	13100000	9.607035824974558	13097500
chr9	13100000	13105000	9.911397490579878	13102500
chr9	13105000	13110000	13.03061334711617	13107500
chr9	13110000	13115000	9.353789754639509	13112500
chr9	13115000	13120000	8.47986150596483	13117500
chr9	13120000	13125000	9.094097133894167	13122500
chr9	13125000	13130000	10.775866878545294	13127500
chr9	13130000	13135000	11.003473650846544	13132500
chr9	13135000	13140000	12.276196580254286	13137500
chr9	13140000	13145000	10.281479888874815	13142500
chr9	13145000	13150000	12.578972677668377	13147500
chr9	13150000	13155000	6.021816954489551	13152500
chr9	13155000	13160000	6.12420942139938	13157500
chr9	13160000	13165000	5.155203139514728	13162500
chr9	13165000	13170000	8.316327478730349	13167500
chr9	13170000	13175000	10.39933213936819	13172500
chr9	13175000	13180000	9.440047711218199	13177500
chr9	13180000	13185000	10.41779468655965	13182500
chr9	13185000	13190000	13.124927456682453	13187500
chr9	13190000	13195000	8.392837433735657	13192500
chr9	13195000	13200000	7.271084508968123	13197500
chr9	13200000	13205000	6.8090688109848285	13202500
chr9	13205000	13210000	4.766118703526409	13207500
chr9	13210000	13215000	5.830860034761052	13212500
chr9	13215000	13220000	6.407053463408902	13217500
chr9	13220000	13225000	13.408939622317774	13222500
chr9	13225000	13230000	26.59010528472309	13227500
chr9	13230000	13235000	10.267043372438282	13232500
chr9	13235000	13240000	8.762619912985178	13237500
chr9	13240000	13245000	11.658621052868549	13242500
chr9	13245000	13250000	7.127667170857826	13247500
chr9	13250000	13255000	16.93534078701058	13252500
chr9	13255000	13260000	21.215223144880238	13257500
chr9	13260000	13265000	28.688970120578706	13262500
chr9	13265000	13270000	19.103961597324194	13267500
chr9	13270000	13275000	14.13614912099106	13272500
chr9	13275000	13280000	15.093386090711995	13277500
chr9	13280000	13285000	10.27617482960969	13282500
chr9	13285000	13290000	4.570042820708305	13287500
chr9	13290000	13295000	5.191601809512265	13292500
chr9	13295000	13300000	12.372148866062384	13297500
chr9	13300000	13305000	8.978740051022505	13302500
chr9	13305000	13310000	7.015658147995149	13307500
chr9	13310000	13315000	6.708340656916109	13312500
chr9	13315000	13320000	8.348505301552564	13317500
chr9	13320000	13325000	10.940552313205481	13322500
chr9	13325000	13330000	4.190041713816997	13327500
chr9	13330000	13335000	3.6844348533967306	13332500
chr9	13335000	13340000	3.0080229819734416	13337500
chr9	13340000	13345000	2.6798533428082747	13342500
chr9	13345000	13350000	2.4197775138481505	13347500
chr9	13350000	13355000	16.79911063243006	13352500
chr9	13355000	13360000	4.299927084912686	13357500
chr9	13360000	13365000	7.273955725413641	13362500
chr9	13365000	13370000	5.4051255577970245	13367500
chr9	13370000	13375000	6.503069332694937	13372500
chr9	13375000	13380000	9.925411480661584	13377500
chr9	13380000	13385000	11.398662059087695	13382500
chr9	13385000	13390000	8.35374169262619	13387500
chr9	13390000	13395000	8.30635137040553	13392500
chr9	13395000	13400000	6.862745501710321	13397500
chr9	13400000	13405000	8.42920014020887	13402500
chr9	13405000	13410000	6.910865528707856	13407500
chr9	13410000	13415000	9.093337524994471	13412500
chr9	13415000	13420000	10.897381746869748	13417500
chr9	13420000	13425000	10.50310366534472	13422500
chr9	13425000	13430000	13.99418469824447	13427500
chr9	13430000	13435000	10.309136967795602	13432500
chr9	13435000	13440000	15.826024699418767	13437500
chr9	13440000	13445000	7.944735745726554	13442500
chr9	13445000	13450000	4.136562088018024	13447500
chr9	13450000	13455000	3.4830540082487795	13452500
chr9	13455000	13460000	7.333448843234675	13457500
chr9	13460000	13465000	16.55678075613628	13462500
chr9	13465000	13470000	15.702160047644114	13467500
chr9	13470000	13475000	18.75424498221167	13472500
chr9	13475000	13480000	14.590297213845297	13477500
chr9	13480000	13485000	8.987094105884381	13482500
chr9	13485000	13490000	7.837686258092192	13487500
chr9	13490000	13495000	6.151775952195602	13492500
chr9	13495000	13500000	4.774938972035697	13497500
chr9	13500000	13505000	14.62424602269874	13502500
chr9	13505000	13510000	8.73372845629888	13507500
chr9	13510000	13515000	11.088401734121016	13512500
chr9	13515000	13520000	12.228723805631827	13517500
chr9	13520000	13525000	3.936491968978226	13522500
chr9	13525000	13530000	8.192847022395686	13527500
chr9	13530000	13535000	8.271405081549014	13532500
chr9	13535000	13540000	3.7764102043735095	13537500
chr9	13540000	13545000	4.2347580606098285	13542500
chr9	13545000	13550000	11.229389648609317	13547500
chr9	13550000	13555000	10.13068579000692	13552500
chr9	13555000	13560000	11.975234582252824	13557500
chr9	13560000	13565000	8.160978981319875	13562500
chr9	13565000	13570000	4.253976098513349	13567500
chr9	13570000	13575000	6.3987339451504255	13572500
chr9	13575000	13580000	4.14434442157819	13577500
chr9	13580000	13585000	4.623107806341684	13582500
chr9	13585000	13590000	3.862004367093402	13587500
chr9	13590000	13595000	5.9235184875382725	13592500
chr9	13595000	13600000	3.809336933269812	13597500
chr9	13600000	13605000	4.465625012337403	13602500
chr9	13605000	13610000	4.659219989355116	13607500
chr9	13610000	13615000	3.5429500586670186	13612500
chr9	13615000	13620000	5.362414415391867	13617500
chr9	13620000	13625000	6.986531937459645	13622500
chr9	13625000	13630000	6.959728212743319	13627500
chr9	13630000	13635000	4.506730858403001	13632500
chr9	13635000	13640000	3.9883060940506176	13637500
chr9	13640000	13645000	3.807878656795353	13642500
chr9	13645000	13650000	3.957782841320946	13647500
chr9	13650000	13655000	4.990682063933743	13652500
chr9	13655000	13660000	15.342070573855425	13657500
chr9	13660000	13665000	7.9392034858736995	13662500
chr9	13665000	13670000	8.714350902394493	13667500
chr9	13670000	13675000	8.243125755890116	13672500
chr9	13675000	13680000	8.624709185368015	13677500
chr9	13680000	13685000	5.895637762734966	13682500
chr9	13685000	13690000	10.42168991494098	13687500
chr9	13690000	13695000	7.47167473434063	13692500
chr9	13695000	13700000	9.669243262045148	13697500
chr9	13700000	13705000	7.5054637978953975	13702500
chr9	13705000	13710000	5.914214608397709	13707500
chr9	13710000	13715000	13.282740879126283	13712500
chr9	13715000	13720000	4.571045192891316	13717500
chr9	13720000	13725000	6.842209612819743	13722500
chr9	13725000	13730000	6.249401497327068	13727500
chr9	13730000	13735000	5.313710546287524	13732500
chr9	13735000	13740000	4.020785964810625	13737500
chr9	13740000	13745000	6.730933085903055	13742500
chr9	13745000	13750000	2.686525014853033	13747500
chr9	13750000	13755000	2.7648234457905714	13752500
chr9	13755000	13760000	3.060718510106054	13757500
chr9	13760000	13765000	3.2520626507504704	13762500
chr9	13765000	13770000	2.1426828548346397	13767500
chr9	13770000	13775000	9.38340758249105	13772500
chr9	13775000	13780000	4.261092528632562	13777500
chr9	13780000	13785000	2.7336905473734374	13782500
chr9	13785000	13790000	11.059312058443131	13787500
chr9	13790000	13795000	3.300505131711128	13792500
chr9	13795000	13800000	3.338857877124225	13797500
chr9	13800000	13805000	2.7732788395185466	13802500
chr9	13805000	13810000	1.4135398004015913	13807500
chr9	13810000	13815000	1.5067289568951567	13812500
chr9	13815000	13820000	3.8214954957538985	13817500
chr9	13820000	13825000	7.24716326327067	13822500
chr9	13825000	13830000	2.1680945735522243	13827500
chr9	13830000	13835000	3.5495401289538893	13832500
chr9	13835000	13840000	3.273228099534116	13837500
chr9	13840000	13845000	2.1545635809553283	13842500
chr9	13845000	13850000	4.7235719239473655	13847500
chr9	13850000	13855000	3.9286264355252	13852500
chr9	13855000	13860000	11.415732142761492	13857500
chr9	13860000	13865000	10.122216084574905	13862500
chr9	13865000	13870000	1.1803535201182158	13867500
chr9	13870000	13875000	1.995139437510193	13872500
chr9	13875000	13880000	2.7987274625114287	13877500
chr9	13880000	13885000	5.583239685428367	13882500
chr9	13885000	13890000	3.679128301281073	13887500
chr9	13890000	13895000	1.5610456889510982	13892500
chr9	13895000	13900000	2.342332359908931	13897500
chr9	13900000	13905000	1.1438572262029063	13902500
chr9	13905000	13910000	3.0432021919678243	13907500
chr9	13910000	13915000	4.703211287570703	13912500
chr9	13915000	13920000	10.019535374059592	13917500
chr9	13920000	13925000	2.5617800914292	13922500
chr9	13925000	13930000	1.5863967571894781	13927500
chr9	13930000	13935000	1.0106601283601386	13932500
chr9	13935000	13940000	1.4955983091514315	13937500
chr9	13940000	13945000	4.241016882606622	13942500
chr9	13945000	13950000	1.8423071677259626	13947500
chr9	13950000	13955000	1.1880300504181278	13952500
chr9	13955000	13960000	1.8451709212765457	13957500
chr9	13960000	13965000	1.7576468427603233	13962500
chr9	13965000	13970000	3.904036864606059	13967500
chr9	13970000	13975000	2.385954508871253	13972500
chr9	13975000	13980000	1.9040420785530257	13977500
chr9	13980000	13985000	2.306586883402008	13982500
chr9	13985000	13990000	1.2047103595424427	13987500
chr9	13990000	13995000	2.1943434347063446	13992500
chr9	13995000	14000000	7.810202603812624	13997500
chr9	14000000	14005000	4.728448717377634	14002500
chr9	14005000	14010000	7.465820245028336	14007500
chr9	14010000	14015000	6.943748204107809	14012500
chr9	14015000	14020000	5.8727830735813535	14017500
chr9	14020000	14025000	11.333693141963447	14022500
chr9	14025000	14030000	2.4277187503554574	14027500
chr9	14030000	14035000	2.3188817386895413	14032500
chr9	14035000	14040000	5.133247353787715	14037500
chr9	14040000	14045000	6.443904433279883	14042500
chr9	14045000	14050000	3.0844150266356056	14047500
chr9	14050000	14055000	3.555278753879892	14052500
chr9	14055000	14060000	3.6102629735942946	14057500
chr9	14060000	14065000	2.958657206653216	14062500
chr9	14065000	14070000	3.298360794759795	14067500
chr9	14070000	14075000	2.7142390350044057	14072500
chr9	14075000	14080000	2.211736907706839	14077500
chr9	14080000	14085000	2.4982334095488903	14082500
chr9	14085000	14090000	2.1181027898844222	14087500
chr9	14090000	14095000	1.4096646586794166	14092500
chr9	14095000	14100000	1.6409242157174622	14097500
chr9	14100000	14105000	2.1521444730096397	14102500
chr9	14105000	14110000	1.6703939649336033	14107500
chr9	14110000	14115000	1.4377417203499165	14112500
chr9	14115000	14120000	2.727749653767394	14117500
chr9	14120000	14125000	2.839816974680834	14122500
chr9	14125000	14130000	0.8314332133416154	14127500
chr9	14130000	14135000	1.162337638405603	14132500
chr9	14135000	14140000	2.2947547174721064	14137500
chr9	14140000	14145000	1.5386248890541598	14142500
chr9	14145000	14150000	4.100809130141074	14147500
chr9	14150000	14155000	1.8907347834549935	14152500
chr9	14155000	14160000	1.385093932386303	14157500
chr9	14160000	14165000	1.0336691135467526	14162500
chr9	14165000	14170000	1.0336691135467522	14167500
chr9	14170000	14175000	0.9916724791842191	14172500
chr9	14175000	14180000	1.054746128357991	14177500
chr9	14180000	14185000	1.4035360386975422	14182500
chr9	14185000	14190000	1.2592527882752762	14187500
chr9	14190000	14195000	1.2530683186409204	14192500
chr9	14195000	14200000	1.1935412279191124	14197500
chr9	14200000	14205000	0.9020051361184711	14202500
chr9	14205000	14210000	0.97588219919931	14207500
chr9	14210000	14215000	1.0553217058476059	14212500
chr9	14215000	14220000	0.883681130481162	14217500
chr9	14220000	14225000	0.883681130481162	14222500
chr9	14225000	14230000	0.8223125492056608	14227500
chr9	14230000	14235000	0.6452317108512973	14232500
chr9	14235000	14240000	1.0409820467446196	14237500
chr9	14240000	14245000	2.607034460203419	14242500
chr9	14245000	14250000	3.1987697956302026	14247500
chr9	14250000	14255000	6.718588172296267	14252500
chr9	14255000	14260000	8.673530985314938	14257500
chr9	14260000	14265000	7.415421544145484	14262500
chr9	14265000	14270000	7.228096841617005	14267500
chr9	14270000	14275000	2.5654640115418483	14272500
chr9	14275000	14280000	2.0906838209587777	14277500
chr9	14280000	14285000	3.01790784396918	14282500
chr9	14285000	14290000	5.208505932649233	14287500
chr9	14290000	14295000	1.8857254732503959	14292500
chr9	14295000	14300000	13.211947383373383	14297500
chr9	14300000	14305000	5.585845230957167	14302500
chr9	14305000	14310000	4.704560312148201	14307500
chr9	14310000	14315000	3.755925112762755	14312500
chr9	14315000	14320000	0.9187286014153617	14317500
chr9	14320000	14325000	0.7800391072509609	14322500
chr9	14325000	14330000	0.908697160148297	14327500
chr9	14330000	14335000	2.8075624581411716	14332500
chr9	14335000	14340000	2.765106462779972	14337500
chr9	14340000	14345000	1.6441160689575725	14342500
chr9	14345000	14350000	1.6306198404190637	14347500
chr9	14350000	14355000	1.4719953881667136	14352500
chr9	14355000	14360000	1.07993974688842	14357500
chr9	14360000	14365000	0.86453038723401	14362500
chr9	14365000	14370000	0.8827585795878633	14367500
chr9	14370000	14375000	1.5232298530177852	14372500
chr9	14375000	14380000	1.0323577593486428	14377500
chr9	14380000	14385000	0.8570153812166564	14382500
chr9	14385000	14390000	1.5968085407044146	14387500
chr9	14390000	14395000	1.097983545370183	14392500
chr9	14395000	14400000	1.502260102875402	14397500
chr9	14400000	14405000	3.8465390046402788	14402500
chr9	14405000	14410000	3.636388317096758	14407500
chr9	14410000	14415000	5.523557336252307	14412500
chr9	14415000	14420000	1.2686785488745815	14417500
chr9	14420000	14425000	3.0741527212483133	14422500
chr9	14425000	14430000	3.759926926332841	14427500
chr9	14430000	14435000	2.6100066691731896	14432500
chr9	14435000	14440000	2.631333756730556	14437500
chr9	14440000	14445000	2.384694276593047	14442500
chr9	14445000	14450000	3.874968937640681	14447500
chr9	14450000	14455000	1.9707833838538475	14452500
chr9	14455000	14460000	2.738391981322485	14457500
chr9	14460000	14465000	2.875599199408484	14462500
chr9	14465000	14470000	2.0501030320233373	14467500
chr9	14470000	14475000	2.477137579488089	14472500
chr9	14475000	14480000	1.901695954910434	14477500
chr9	14480000	14485000	3.433673997572271	14482500
chr9	14485000	14490000	2.3768960683238483	14487500
chr9	14490000	14495000	1.0804623497111068	14492500
chr9	14495000	14500000	1.7374544988851965	14497500
chr9	14500000	14505000	1.9538059881868732	14502500
chr9	14505000	14510000	1.9695249911380028	14507500
chr9	14510000	14515000	1.3306475482394091	14512500
chr9	14515000	14520000	0.8857376283040048	14517500
chr9	14520000	14525000	4.55131296490898	14522500
chr9	14525000	14530000	3.7651494413222677	14527500
chr9	14530000	14535000	6.649710561700003	14532500
chr9	14535000	14540000	4.016377694731304	14537500
chr9	14540000	14545000	4.472456920178322	14542500
chr9	14545000	14550000	5.702696723982362	14547500
chr9	14550000	14555000	4.821065967540172	14552500
chr9	14555000	14560000	4.626692053836681	14557500
chr9	14560000	14565000	4.030192315574215	14562500
chr9	14565000	14570000	8.863811458895231	14567500
chr9	14570000	14575000	4.645683839158728	14572500
chr9	14575000	14580000	2.114589062546555	14577500
chr9	14580000	14585000	4.644407126563324	14582500
chr9	14585000	14590000	10.754904220369506	14587500
chr9	14590000	14595000	9.668941415989027	14592500
chr9	14595000	14600000	2.0756922033680834	14597500
chr9	14600000	14605000	1.4159510927187753	14602500
chr9	14605000	14610000	1.4159510927187753	14607500
chr9	14610000	14615000	1.2057781781327581	14612500
chr9	14615000	14620000	0.7842988800456026	14617500
chr9	14620000	14625000	1.5784574861987895	14622500
chr9	14625000	14630000	1.2468516811131647	14627500
chr9	14630000	14635000	0.8722152944076078	14632500
chr9	14635000	14640000	0.8770230518119492	14637500
chr9	14640000	14645000	1.6695688887043132	14642500
chr9	14645000	14650000	1.3043840297513762	14647500
chr9	14650000	14655000	1.0859864271153528	14652500
chr9	14655000	14660000	1.5631328578167618	14657500
chr9	14660000	14665000	1.945156024111703	14662500
chr9	14665000	14670000	0.8679542884195649	14667500
chr9	14670000	14675000	1.2974491693531414	14672500
chr9	14675000	14680000	2.1937173099780534	14677500
chr9	14680000	14685000	2.5481250803733433	14682500
chr9	14685000	14690000	6.138690733780568	14687500
chr9	14690000	14695000	4.377436740953565	14692500
chr9	14695000	14700000	1.841905863244152	14697500
chr9	14700000	14705000	1.6706219323469014	14702500
chr9	14705000	14710000	3.4206208497365003	14707500
chr9	14710000	14715000	4.511261395527739	14712500
chr9	14715000	14720000	3.8313095322724493	14717500
chr9	14720000	14725000	3.8405378899856544	14722500
chr9	14725000	14730000	2.664463191244622	14727500
chr9	14730000	14735000	2.677284830661876	14732500
chr9	14735000	14740000	3.5848130318491616	14737500
chr9	14740000	14745000	1.649391553275122	14742500
chr9	14745000	14750000	2.063882410544481	14747500
chr9	14750000	14755000	3.779634315371803	14752500
chr9	14755000	14760000	7.49038029479814	14757500
chr9	14760000	14765000	9.533331352608208	14762500
chr9	14765000	14770000	5.406363810571687	14767500
chr9	14770000	14775000	5.459218015905478	14772500
chr9	14775000	14780000	6.020060377622644	14777500
chr9	14780000	14785000	9.038306028546625	14782500
chr9	14785000	14790000	5.283687348268925	14787500
chr9	14790000	14795000	7.50751711391349	14792500
chr9	14795000	14800000	10.276916222291419	14797500
chr9	14800000	14805000	4.8666733494533485	14802500
chr9	14805000	14810000	4.10815267317486	14807500
chr9	14810000	14815000	2.3051645675208032	14812500
chr9	14815000	14820000	5.759007261428527	14817500
chr9	14820000	14825000	11.03559768491936	14822500
chr9	14825000	14830000	9.755671498490495	14827500
chr9	14830000	14835000	5.267294210205565	14832500
chr9	14835000	14840000	3.4517081279311914	14837500
chr9	14840000	14845000	4.464073630811746	14842500
chr9	14845000	14850000	4.548212740701091	14847500
chr9	14850000	14855000	7.833919279054587	14852500
chr9	14855000	14860000	12.179559781962036	14857500
chr9	14860000	14865000	12.855068283030384	14862500
chr9	14865000	14870000	11.070422592237362	14867500
chr9	14870000	14875000	9.577007045847791	14872500
chr9	14875000	14880000	6.532476301667855	14877500
chr9	14880000	14885000	8.430175267705827	14882500
chr9	14885000	14890000	6.117366616181276	14887500
chr9	14890000	14895000	7.4386011016781355	14892500
chr9	14895000	14900000	8.058747049606774	14897500
chr9	14900000	14905000	10.339428253761735	14902500
chr9	14905000	14910000	10.58279436506694	14907500
chr9	14910000	14915000	7.631773566784751	14912500
chr9	14915000	14920000	5.482911314110027	14917500
chr9	14920000	14925000	7.034530985930464	14922500
chr9	14925000	14930000	5.523611691382562	14927500
chr9	14930000	14935000	3.921040699419978	14932500
chr9	14935000	14940000	7.852780284058923	14937500
chr9	14940000	14945000	6.9593990892068405	14942500
chr9	14945000	14950000	6.874227274313026	14947500
chr9	14950000	14955000	9.112168943106067	14952500
chr9	14955000	14960000	8.36953009429547	14957500
chr9	14960000	14965000	8.585749033970506	14962500
chr9	14965000	14970000	6.497195869509595	14967500
chr9	14970000	14975000	10.271448425416644	14972500
chr9	14975000	14980000	8.626912723180949	14977500
chr9	14980000	14985000	5.831209952069837	14982500
chr9	14985000	14990000	10.078301669139412	14987500
chr9	14990000	14995000	6.315888411874587	14992500
chr9	14995000	15000000	5.604137326987533	14997500
chr9	15000000	15005000	9.69847843998653	15002500
chr9	15005000	15010000	8.22152047114221	15007500
chr9	15010000	15015000	7.058286597688677	15012500
chr9	15015000	15020000	10.719116760897984	15017500
chr9	15020000	15025000	9.168616270730764	15022500
chr9	15025000	15030000	11.60577761895669	15027500
chr9	15030000	15035000	13.243642187215018	15032500
chr9	15035000	15040000	23.53467677222339	15037500
chr9	15040000	15045000	10.674940619412782	15042500
chr9	15045000	15050000	10.306557210137383	15047500
chr9	15050000	15055000	3.758979475842348	15052500
chr9	15055000	15060000	2.3878068558235905	15057500
chr9	15060000	15065000	2.198006420928631	15062500
chr9	15065000	15070000	1.860431931890571	15067500
chr9	15070000	15075000	2.3101181874403256	15072500
chr9	15075000	15080000	2.645687196429178	15077500
chr9	15080000	15085000	2.5872142305468624	15082500
chr9	15085000	15090000	5.802546887748339	15087500
chr9	15090000	15095000	2.3312676543588675	15092500
chr9	15095000	15100000	4.09919896212269	15097500
chr9	15100000	15105000	5.2374167575007835	15102500
chr9	15105000	15110000	7.112776257617897	15107500
chr9	15110000	15115000	7.835833580865241	15112500
chr9	15115000	15120000	6.999833874898492	15117500
chr9	15120000	15125000	7.675040312974479	15122500
chr9	15125000	15130000	9.82459034231864	15127500
chr9	15130000	15135000	11.815258358902435	15132500
chr9	15135000	15140000	7.5073081463402636	15137500
chr9	15140000	15145000	7.131563735564017	15142500
chr9	15145000	15150000	7.271321249604226	15147500
chr9	15150000	15155000	7.284473968998397	15152500
chr9	15155000	15160000	6.635897399284804	15157500
chr9	15160000	15165000	6.225970626502481	15162500
chr9	15165000	15170000	6.876675649079926	15167500
chr9	15170000	15175000	7.059084315886518	15172500
chr9	15175000	15180000	8.833132478614601	15177500
chr9	15180000	15185000	7.922613438674911	15182500
chr9	15185000	15190000	7.750996988118558	15187500
chr9	15190000	15195000	5.979143857524337	15192500
chr9	15195000	15200000	8.209699275040256	15197500
chr9	15200000	15205000	8.903005791111726	15202500
chr9	15205000	15210000	8.52803543097302	15207500
chr9	15210000	15215000	8.86489163324072	15212500
chr9	15215000	15220000	7.711561009411362	15217500
chr9	15220000	15225000	8.608466303069818	15222500
chr9	15225000	15230000	5.113187940025046	15227500
chr9	15230000	15235000	5.95927116028929	15232500
chr9	15235000	15240000	5.07107502960445	15237500
chr9	15240000	15245000	6.634135466098636	15242500
chr9	15245000	15250000	7.659359894147877	15247500
chr9	15250000	15255000	7.811248462486742	15252500
chr9	15255000	15260000	7.7579172631585935	15257500
chr9	15260000	15265000	7.517594070791876	15262500
chr9	15265000	15270000	6.044010160315873	15267500
chr9	15270000	15275000	5.076375620073814	15272500
chr9	15275000	15280000	7.07263918330782	15277500
chr9	15280000	15285000	6.714378896143969	15282500
chr9	15285000	15290000	9.884827317099203	15287500
chr9	15290000	15295000	6.439032617287729	15292500
chr9	15295000	15300000	7.182774592311959	15297500
chr9	15300000	15305000	5.70571474306049	15302500
chr9	15305000	15310000	6.929428951895657	15307500
chr9	15310000	15315000	8.807061133693587	15312500
chr9	15315000	15320000	6.102238496157316	15317500
chr9	15320000	15325000	7.000892399378919	15322500
chr9	15325000	15330000	7.2094626840150395	15327500
chr9	15330000	15335000	7.2834386726153655	15332500
chr9	15335000	15340000	3.2455662192535937	15337500
chr9	15340000	15345000	6.646793922085094	15342500
chr9	15345000	15350000	7.890116935490259	15347500
chr9	15350000	15355000	7.102206212367492	15352500
chr9	15355000	15360000	5.64127988374235	15357500
chr9	15360000	15365000	6.114188465190828	15362500
chr9	15365000	15370000	7.230704229930086	15367500
chr9	15370000	15375000	7.934040752175879	15372500
chr9	15375000	15380000	8.618560346594078	15377500
chr9	15380000	15385000	7.315120610121021	15382500
chr9	15385000	15390000	4.750150029149734	15387500
chr9	15390000	15395000	7.068466380324723	15392500
chr9	15395000	15400000	5.590485729159095	15397500
chr9	15400000	15405000	10.05266432941308	15402500
chr9	15405000	15410000	7.878654740361184	15407500
chr9	15410000	15415000	5.1338452257796074	15412500
chr9	15415000	15420000	7.316928066780279	15417500
chr9	15420000	15425000	6.219326047502724	15422500
chr9	15425000	15430000	4.387785931132711	15427500
chr9	15430000	15435000	5.431937111770279	15432500
chr9	15435000	15440000	6.450283122104725	15437500
chr9	15440000	15445000	8.43717478791006	15442500
chr9	15445000	15450000	9.259328178623242	15447500
chr9	15450000	15455000	14.653788432541635	15452500
chr9	15455000	15460000	8.191616316036207	15457500
chr9	15460000	15465000	6.102857890962111	15462500
chr9	15465000	15470000	13.419326896186524	15467500
chr9	15470000	15475000	5.190588712136524	15472500
chr9	15475000	15480000	10.30860041990728	15477500
chr9	15480000	15485000	7.840715597714497	15482500
chr9	15485000	15490000	16.126148757951842	15487500
chr9	15490000	15495000	14.978330095001692	15492500
chr9	15495000	15500000	13.041052799553373	15497500
chr9	15500000	15505000	15.912171339955535	15502500
chr9	15505000	15510000	9.377964065503946	15507500
chr9	15510000	15515000	8.87205574190352	15512500
chr9	15515000	15520000	6.451199983471432	15517500
chr9	15520000	15525000	5.998172596685744	15522500
chr9	15525000	15530000	2.2931619578280764	15527500
chr9	15530000	15535000	0.7845288546053809	15532500
chr9	15535000	15540000	1.0933312190135087	15537500
chr9	15540000	15545000	1.459354294375969	15542500
chr9	15545000	15550000	1.6297143865803458	15547500
chr9	15550000	15555000	1.0207858118578261	15552500
chr9	15555000	15560000	1.3478939536236745	15557500
chr9	15560000	15565000	2.9572886975223365	15562500
chr9	15565000	15570000	2.6397694707298527	15567500
chr9	15570000	15575000	3.093007452060222	15572500
chr9	15575000	15580000	9.056325263354747	15577500
chr9	15580000	15585000	2.639294589176354	15582500
chr9	15585000	15590000	1.4382952244436467	15587500
chr9	15590000	15595000	2.921419491723659	15592500
chr9	15595000	15600000	5.282206250241738	15597500
chr9	15600000	15605000	11.8959351070863	15602500
chr9	15605000	15610000	2.920241615097066	15607500
chr9	15610000	15615000	2.163724156435844	15612500
chr9	15615000	15620000	2.383068544304989	15617500
chr9	15620000	15625000	7.5744358518948465	15622500
chr9	15625000	15630000	2.897093858120281	15627500
chr9	15630000	15635000	3.319953102758168	15632500
chr9	15635000	15640000	2.2433651881546233	15637500
chr9	15640000	15645000	4.861075750001514	15642500
chr9	15645000	15650000	9.60968145416357	15647500
chr9	15650000	15655000	2.7317654364920485	15652500
chr9	15655000	15660000	5.597408380729047	15657500
chr9	15660000	15665000	5.446694318226218	15662500
chr9	15665000	15670000	3.0689116880465757	15667500
chr9	15670000	15675000	3.1877053424551587	15672500
chr9	15675000	15680000	1.152771238300342	15677500
chr9	15680000	15685000	2.3549367333836635	15682500
chr9	15685000	15690000	6.840881094002895	15687500
chr9	15690000	15695000	3.2408168903044454	15692500
chr9	15695000	15700000	6.871998161108805	15697500
chr9	15700000	15705000	2.4422317804998412	15702500
chr9	15705000	15710000	12.87989140267792	15707500
chr9	15710000	15715000	5.416667048315268	15712500
chr9	15715000	15720000	9.059423667664117	15717500
chr9	15720000	15725000	3.7153169272007074	15722500
chr9	15725000	15730000	4.383801207369088	15727500
chr9	15730000	15735000	18.114065033467384	15732500
chr9	15735000	15740000	17.32608406771021	15737500
chr9	15740000	15745000	5.472277049632948	15742500
chr9	15745000	15750000	9.196681325691044	15747500
chr9	15750000	15755000	6.235422633512806	15752500
chr9	15755000	15760000	5.800532470195312	15757500
chr9	15760000	15765000	10.103222538890206	15762500
chr9	15765000	15770000	10.337731383671223	15767500
chr9	15770000	15775000	5.823805865287216	15772500
chr9	15775000	15780000	6.3395466388416715	15777500
chr9	15780000	15785000	4.54386767840623	15782500
chr9	15785000	15790000	4.414599338437018	15787500
chr9	15790000	15795000	6.620429002393536	15792500
chr9	15795000	15800000	5.712093461542772	15797500
chr9	15800000	15805000	8.882955945134189	15802500
chr9	15805000	15810000	7.339694810532761	15807500
chr9	15810000	15815000	4.3262234023113	15812500
chr9	15815000	15820000	5.642663960224356	15817500
chr9	15820000	15825000	7.345745279450662	15822500
chr9	15825000	15830000	6.427372210725299	15827500
chr9	15830000	15835000	6.409618751518257	15832500
chr9	15835000	15840000	5.495605406795667	15837500
chr9	15840000	15845000	5.439980034297304	15842500
chr9	15845000	15850000	6.504157832327895	15847500
chr9	15850000	15855000	11.474133273272976	15852500
chr9	15855000	15860000	8.574990837138264	15857500
chr9	15860000	15865000	6.041817243859598	15862500
chr9	15865000	15870000	7.568458276469674	15867500
chr9	15870000	15875000	4.70054359469444	15872500
chr9	15875000	15880000	4.205692383927602	15877500
chr9	15880000	15885000	6.986420587674884	15882500
chr9	15885000	15890000	7.041609499614841	15887500
chr9	15890000	15895000	7.567355959179936	15892500
chr9	15895000	15900000	11.884163148337686	15897500
chr9	15900000	15905000	6.302717768366751	15902500
chr9	15905000	15910000	4.401945260658958	15907500
chr9	15910000	15915000	3.7224610012878028	15912500
chr9	15915000	15920000	8.09906470948954	15917500
chr9	15920000	15925000	6.363596341338199	15922500
chr9	15925000	15930000	6.609746805726119	15927500
chr9	15930000	15935000	5.456227369493033	15932500
chr9	15935000	15940000	4.850501320914021	15937500
chr9	15940000	15945000	4.237903977640047	15942500
chr9	15945000	15950000	3.9934888649445734	15947500
chr9	15950000	15955000	4.050740760500819	15952500
chr9	15955000	15960000	4.331545933408466	15957500
chr9	15960000	15965000	9.370593092189452	15962500
chr9	15965000	15970000	11.021871782271406	15967500
chr9	15970000	15975000	9.196167880911187	15972500
chr9	15975000	15980000	2.5679265596177925	15977500
chr9	15980000	15985000	3.6780220377616453	15982500
chr9	15985000	15990000	3.129222665623527	15987500
chr9	15990000	15995000	3.525779558337148	15992500
chr9	15995000	16000000	4.2982753401494085	15997500
chr9	16000000	16005000	10.099502357902388	16002500
chr9	16005000	16010000	4.398360089651075	16007500
chr9	16010000	16015000	11.877300639211931	16012500
chr9	16015000	16020000	7.911331387850952	16017500
chr9	16020000	16025000	6.668802852125477	16022500
chr9	16025000	16030000	5.111391444406927	16027500
chr9	16030000	16035000	5.8634336555927735	16032500
chr9	16035000	16040000	8.695860532757903	16037500
chr9	16040000	16045000	5.2126275390844325	16042500
chr9	16045000	16050000	4.9892389894115965	16047500
chr9	16050000	16055000	7.57397317482796	16052500
chr9	16055000	16060000	7.474251328770174	16057500
chr9	16060000	16065000	5.133490684105807	16062500
chr9	16065000	16070000	6.409554287285421	16067500
chr9	16070000	16075000	4.2759472842866755	16072500
chr9	16075000	16080000	3.052553116985128	16077500
chr9	16080000	16085000	2.938328778402485	16082500
chr9	16085000	16090000	3.7893724341386807	16087500
chr9	16090000	16095000	4.43746663362338	16092500
chr9	16095000	16100000	2.6960955721505724	16097500
chr9	16100000	16105000	2.2910582925758343	16102500
chr9	16105000	16110000	1.7211311848753388	16107500
chr9	16110000	16115000	2.223880923550608	16112500
chr9	16115000	16120000	3.2243117975456514	16117500
chr9	16120000	16125000	1.5053178165616081	16122500
chr9	16125000	16130000	1.91177591390537	16127500
chr9	16130000	16135000	4.51536790851541	16132500
chr9	16135000	16140000	3.357932108558355	16137500
chr9	16140000	16145000	2.5501094283208756	16142500
chr9	16145000	16150000	3.011501590680015	16147500
chr9	16150000	16155000	3.2285297222196747	16152500
chr9	16155000	16160000	21.51537178847485	16157500
chr9	16160000	16165000	2.459577670526095	16162500
chr9	16165000	16170000	2.1846281342185945	16167500
chr9	16170000	16175000	3.462281209403827	16172500
chr9	16175000	16180000	1.9024816354493597	16177500
chr9	16180000	16185000	3.465009007119982	16182500
chr9	16185000	16190000	3.5936548627144465	16187500
chr9	16190000	16195000	0.9941032091537397	16192500
chr9	16195000	16200000	1.8660401436463014	16197500
chr9	16200000	16205000	1.8875482647386028	16202500
chr9	16205000	16210000	2.087453294426707	16207500
chr9	16210000	16215000	1.5114931744825013	16212500
chr9	16215000	16220000	1.7689239594681785	16217500
chr9	16220000	16225000	1.485628826964807	16222500
chr9	16225000	16230000	3.361177499878762	16227500
chr9	16230000	16235000	2.081583724523267	16232500
chr9	16235000	16240000	3.0504065206166566	16237500
chr9	16240000	16245000	10.747953504676838	16242500
chr9	16245000	16250000	1.1002428478395854	16247500
chr9	16250000	16255000	1.2133076685702882	16252500
chr9	16255000	16260000	3.0393695024357306	16257500
chr9	16260000	16265000	1.876143305163303	16262500
chr9	16265000	16270000	2.850920553431209	16267500
chr9	16270000	16275000	2.492328989110279	16272500
chr9	16275000	16280000	2.329170377720592	16277500
chr9	16280000	16285000	2.5487884306044717	16282500
chr9	16285000	16290000	1.3712698201917393	16287500
chr9	16290000	16295000	0.8129249239952488	16292500
chr9	16295000	16300000	1.0359240383447306	16297500
chr9	16300000	16305000	0.659256560282688	16302500
chr9	16305000	16310000	2.8365688509957714	16307500
chr9	16310000	16315000	8.852689209866389	16312500
chr9	16315000	16320000	3.7504112665581846	16317500
chr9	16320000	16325000	1.1685774857074904	16322500
chr9	16325000	16330000	0.5354878859909931	16327500
chr9	16330000	16335000	0.7980760235491341	16332500
chr9	16335000	16340000	0.8292428073046688	16337500
chr9	16340000	16345000	1.226831477488555	16342500
chr9	16345000	16350000	1.0508824036358995	16347500
chr9	16350000	16355000	1.4200697101561541	16352500
chr9	16355000	16360000	2.0394607166515324	16357500
chr9	16360000	16365000	8.835007823480948	16362500
chr9	16365000	16370000	2.958615502113144	16367500
chr9	16370000	16375000	3.8297900739770414	16372500
chr9	16375000	16380000	2.4917594397793423	16377500
chr9	16380000	16385000	2.822497042108183	16382500
chr9	16385000	16390000	2.364365312769717	16387500
chr9	16390000	16395000	3.062910034235345	16392500
chr9	16395000	16400000	5.881729203437242	16397500
chr9	16400000	16405000	3.6764172853162838	16402500
chr9	16405000	16410000	1.1417160656658718	16407500
chr9	16410000	16415000	1.111189635319393	16412500
chr9	16415000	16420000	0.37132954426743825	16417500
chr9	16420000	16425000	0.2895346189726371	16422500
chr9	16425000	16430000	0.26609207436567905	16427500
chr9	16430000	16435000	0.1778992722259181	16432500
chr9	16435000	16440000	0.45882002889050405	16437500
chr9	16440000	16445000	2.3972642720820314	16442500
chr9	16445000	16450000	3.264620287198206	16447500
chr9	16450000	16455000	0.8462294357995591	16452500
chr9	16455000	16460000	1.2366629082901885	16457500
chr9	16460000	16465000	3.026213172927491	16462500
chr9	16465000	16470000	1.1605361455557268	16467500
chr9	16470000	16475000	13.960348968022151	16472500
chr9	16475000	16480000	5.2963140883995825	16477500
chr9	16480000	16485000	4.276138898924619	16482500
chr9	16485000	16490000	2.709588490272494	16487500
chr9	16490000	16495000	11.067338816737776	16492500
chr9	16495000	16500000	4.080583027586012	16497500
chr9	16500000	16505000	2.4177375237151355	16502500
chr9	16505000	16510000	5.37567188364232	16507500
chr9	16510000	16515000	7.501047573965571	16512500
chr9	16515000	16520000	4.274682961990121	16517500
chr9	16520000	16525000	4.899016586291749	16522500
chr9	16525000	16530000	5.718985618430922	16527500
chr9	16530000	16535000	6.357239411328884	16532500
chr9	16535000	16540000	2.881429575925756	16537500
chr9	16540000	16545000	3.397346124262968	16542500
chr9	16545000	16550000	2.2558748507860664	16547500
chr9	16550000	16555000	6.11850173955762	16552500
chr9	16555000	16560000	5.127005728197942	16557500
chr9	16560000	16565000	14.898376843105707	16562500
chr9	16565000	16570000	3.8389955387552117	16567500
chr9	16570000	16575000	5.22380692432394	16572500
chr9	16575000	16580000	3.479301376487189	16577500
chr9	16580000	16585000	4.1518597854271135	16582500
chr9	16585000	16590000	5.162299298381405	16587500
chr9	16590000	16595000	8.42515125069199	16592500
chr9	16595000	16600000	5.667538537149158	16597500
chr9	16600000	16605000	7.822399827520595	16602500
chr9	16605000	16610000	5.129423034101432	16607500
chr9	16610000	16615000	2.866007211072317	16612500
chr9	16615000	16620000	4.523681003452169	16617500
chr9	16620000	16625000	3.77878908650922	16622500
chr9	16625000	16630000	4.226721379473856	16627500
chr9	16630000	16635000	5.269149539676899	16632500
chr9	16635000	16640000	3.1880972989885685	16637500
chr9	16640000	16645000	1.9599962695717403	16642500
chr9	16645000	16650000	2.0382914162989856	16647500
chr9	16650000	16655000	2.15027869983427	16652500
chr9	16655000	16660000	2.1298689496438428	16657500
chr9	16660000	16665000	1.7561408529003093	16662500
chr9	16665000	16670000	2.3281391699770935	16667500
chr9	16670000	16675000	2.546994457968621	16672500
chr9	16675000	16680000	1.3904367836273064	16677500
chr9	16680000	16685000	4.397706385782559	16682500
chr9	16685000	16690000	3.4116377897154337	16687500
chr9	16690000	16695000	2.019119010243339	16692500
chr9	16695000	16700000	3.5428554482364136	16697500
chr9	16700000	16705000	15.819475696140254	16702500
chr9	16705000	16710000	7.211902918996527	16707500
chr9	16710000	16715000	4.6714481139017385	16712500
chr9	16715000	16720000	3.6412409693312737	16717500
chr9	16720000	16725000	2.0914844669006354	16722500
chr9	16725000	16730000	1.7713716518387963	16727500
chr9	16730000	16735000	2.257624090366178	16732500
chr9	16735000	16740000	2.459876195737385	16737500
chr9	16740000	16745000	3.4178049382390023	16742500
chr9	16745000	16750000	3.6263974826949754	16747500
chr9	16750000	16755000	1.9918962160238929	16752500
chr9	16755000	16760000	6.965903078667314	16757500
chr9	16760000	16765000	2.585386721713892	16762500
chr9	16765000	16770000	3.5033182209917797	16767500
chr9	16770000	16775000	3.6599754998119907	16772500
chr9	16775000	16780000	5.583437259997935	16777500
chr9	16780000	16785000	5.591223227359687	16782500
chr9	16785000	16790000	13.704459459460466	16787500
chr9	16790000	16795000	8.966432975083084	16792500
chr9	16795000	16800000	4.574002158417976	16797500
chr9	16800000	16805000	8.128124033259992	16802500
chr9	16805000	16810000	4.0782262258022115	16807500
chr9	16810000	16815000	2.1913742141040125	16812500
chr9	16815000	16820000	3.935786160309096	16817500
chr9	16820000	16825000	2.970049376406172	16822500
chr9	16825000	16830000	3.236915587032822	16827500
chr9	16830000	16835000	3.421964025019289	16832500
chr9	16835000	16840000	2.3784084110261148	16837500
chr9	16840000	16845000	3.7521572270398797	16842500
chr9	16845000	16850000	5.0839440215340925	16847500
chr9	16850000	16855000	3.872298551461586	16852500
chr9	16855000	16860000	4.788059125380048	16857500
chr9	16860000	16865000	2.8711268925959983	16862500
chr9	16865000	16870000	3.5569832865977067	16867500
chr9	16870000	16875000	4.230570168619933	16872500
chr9	16875000	16880000	5.970396849196453	16877500
chr9	16880000	16885000	2.152459407501778	16882500
chr9	16885000	16890000	2.092918212547455	16887500
chr9	16890000	16895000	3.7287917035752747	16892500
chr9	16895000	16900000	4.656971430230884	16897500
chr9	16900000	16905000	3.124738741084978	16902500
chr9	16905000	16910000	2.248196044849036	16907500
chr9	16910000	16915000	2.6456556031870075	16912500
chr9	16915000	16920000	1.981254198342303	16917500
chr9	16920000	16925000	2.3370608259698376	16922500
chr9	16925000	16930000	1.848213385640844	16927500
chr9	16930000	16935000	3.426256474208166	16932500
chr9	16935000	16940000	1.1914146926635303	16937500
chr9	16940000	16945000	0.6487442229817633	16942500
chr9	16945000	16950000	0.8556326541617512	16947500
chr9	16950000	16955000	1.1733251974374028	16952500
chr9	16955000	16960000	1.7496828944163263	16957500
chr9	16960000	16965000	2.7022855854920054	16962500
chr9	16965000	16970000	0.9634820826203635	16967500
chr9	16970000	16975000	1.4599898537387932	16972500
chr9	16975000	16980000	2.4092119273458192	16977500
chr9	16980000	16985000	2.598469820560658	16982500
chr9	16985000	16990000	2.0436986941185578	16987500
chr9	16990000	16995000	6.627581713024272	16992500
chr9	16995000	17000000	4.958955354670303	16997500
chr9	17000000	17005000	3.8042325532682435	17002500
chr9	17005000	17010000	2.1269455809781754	17007500
chr9	17010000	17015000	1.2634276811213068	17012500
chr9	17015000	17020000	1.370288258670171	17017500
chr9	17020000	17025000	1.1820661906282979	17022500
chr9	17025000	17030000	2.2285479227068468	17027500
chr9	17030000	17035000	2.1468003784206675	17032500
chr9	17035000	17040000	2.937122676713835	17037500
chr9	17040000	17045000	2.7702344530829865	17042500
chr9	17045000	17050000	3.8351862256570737	17047500
chr9	17050000	17055000	0.6615558234064866	17052500
chr9	17055000	17060000	1.2925896842536388	17057500
chr9	17060000	17065000	1.6722963055258575	17062500
chr9	17065000	17070000	1.8505805154682629	17067500
chr9	17070000	17075000	2.6164168563178762	17072500
chr9	17075000	17080000	2.924143491511368	17077500
chr9	17080000	17085000	1.7861790416069823	17082500
chr9	17085000	17090000	1.7213004188614214	17087500
chr9	17090000	17095000	1.6270054102303921	17092500
chr9	17095000	17100000	2.361444523211814	17097500
chr9	17100000	17105000	1.6689647171706035	17102500
chr9	17105000	17110000	2.642191983579136	17107500
chr9	17110000	17115000	2.786368498861292	17112500
chr9	17115000	17120000	1.2620329035961226	17117500
chr9	17120000	17125000	1.651843823384827	17122500
chr9	17125000	17130000	3.262382290055361	17127500
chr9	17130000	17135000	1.2892760910430798	17132500
chr9	17135000	17140000	3.235525253525752	17137500
chr9	17140000	17145000	4.44313139594457	17142500
chr9	17145000	17150000	2.277080492505456	17147500
chr9	17150000	17155000	1.806975188847493	17152500
chr9	17155000	17160000	2.0069112717587356	17157500
chr9	17160000	17165000	2.0619902423552814	17162500
chr9	17165000	17170000	1.1893089074075724	17167500
chr9	17170000	17175000	1.2859150090325489	17172500
chr9	17175000	17180000	1.517885891148115	17177500
chr9	17180000	17185000	1.359607802207459	17182500
chr9	17185000	17190000	1.767601808204204	17187500
chr9	17190000	17195000	2.2724491249826753	17192500
chr9	17195000	17200000	5.583564568969988	17197500
chr9	17200000	17205000	2.517046785067524	17202500
chr9	17205000	17210000	2.146747979756784	17207500
chr9	17210000	17215000	1.750723897696739	17212500
chr9	17215000	17220000	2.530875515979135	17217500
chr9	17220000	17225000	1.0247338517938755	17222500
chr9	17225000	17230000	2.199974474163778	17227500
chr9	17230000	17235000	6.709685675500408	17232500
chr9	17235000	17240000	0.9219288908921602	17237500
chr9	17240000	17245000	2.4430839613093247	17242500
chr9	17245000	17250000	4.375775115081418	17247500
chr9	17250000	17255000	4.588144583811829	17252500
chr9	17255000	17260000	1.5604054067217592	17257500
chr9	17260000	17265000	1.2191741113519279	17262500
chr9	17265000	17270000	1.9852495135953283	17267500
chr9	17270000	17275000	5.030278910314652	17272500
chr9	17275000	17280000	2.5584522361848214	17277500
chr9	17280000	17285000	2.0399853771656464	17282500
chr9	17285000	17290000	2.811914687025843	17287500
chr9	17290000	17295000	3.4963090447660012	17292500
chr9	17295000	17300000	2.421417058458785	17297500
chr9	17300000	17305000	2.812335868163435	17302500
chr9	17305000	17310000	2.7369979484230735	17307500
chr9	17310000	17315000	2.8441612486507735	17312500
chr9	17315000	17320000	1.2194385754374966	17317500
chr9	17320000	17325000	1.740915670578098	17322500
chr9	17325000	17330000	2.130473273684758	17327500
chr9	17330000	17335000	1.5465931987945243	17332500
chr9	17335000	17340000	0.5995403668992046	17337500
chr9	17340000	17345000	1.7272090037795969	17342500
chr9	17345000	17350000	1.84667812330461	17347500
chr9	17350000	17355000	3.7557741504375484	17352500
chr9	17355000	17360000	6.066000058871227	17357500
chr9	17360000	17365000	1.0384112810015078	17362500
chr9	17365000	17370000	1.2340535218587698	17367500
chr9	17370000	17375000	2.9206772947915547	17372500
chr9	17375000	17380000	5.46868695461949	17377500
chr9	17380000	17385000	3.2321350257717096	17382500
chr9	17385000	17390000	2.4872963237416696	17387500
chr9	17390000	17395000	1.7948776756692963	17392500
chr9	17395000	17400000	1.7626744142297293	17397500
chr9	17400000	17405000	2.3154489562974647	17402500
chr9	17405000	17410000	2.4229517224984725	17407500
chr9	17410000	17415000	3.0348568217610734	17412500
chr9	17415000	17420000	2.581851218091716	17417500
chr9	17420000	17425000	2.2683029061560225	17422500
chr9	17425000	17430000	1.8789712727677774	17427500
chr9	17430000	17435000	0.9032625800160007	17432500
chr9	17435000	17440000	1.7532201491951123	17437500
chr9	17440000	17445000	1.792454457041604	17442500
chr9	17445000	17450000	1.4154063876179304	17447500
chr9	17450000	17455000	1.4944584442380737	17452500
chr9	17455000	17460000	1.7129836339940157	17457500
chr9	17460000	17465000	3.326505035911124	17462500
chr9	17465000	17470000	2.8664208395688107	17467500
chr9	17470000	17475000	3.721718658013156	17472500
chr9	17475000	17480000	3.624007366132952	17477500
chr9	17480000	17485000	1.7001611223395308	17482500
chr9	17485000	17490000	2.713724990142358	17487500
chr9	17490000	17495000	3.4800832363274052	17492500
chr9	17495000	17500000	2.8314896037753736	17497500
chr9	17500000	17505000	24.743610389805774	17502500
chr9	17505000	17510000	2.875326101104922	17507500
chr9	17510000	17515000	0.7390988831720091	17512500
chr9	17515000	17520000	2.905372704303351	17517500
chr9	17520000	17525000	2.2633588220783967	17522500
chr9	17525000	17530000	2.4997831057275377	17527500
chr9	17530000	17535000	2.603118539599774	17532500
chr9	17535000	17540000	7.166942853388733	17537500
chr9	17540000	17545000	7.600979235439384	17542500
chr9	17545000	17550000	3.4656483989007865	17547500
chr9	17550000	17555000	1.704169169064393	17552500
chr9	17555000	17560000	2.8965235234847087	17557500
chr9	17560000	17565000	2.8066216870822047	17562500
chr9	17565000	17570000	2.5469163313168335	17567500
chr9	17570000	17575000	3.7032340777198063	17572500
chr9	17575000	17580000	1.286031270598959	17577500
chr9	17580000	17585000	1.6114848520185676	17582500
chr9	17585000	17590000	1.563467152642781	17587500
chr9	17590000	17595000	1.990775393244937	17592500
chr9	17595000	17600000	1.6144666020537055	17597500
chr9	17600000	17605000	1.5372361806227373	17602500
chr9	17605000	17610000	1.337789305491594	17607500
chr9	17610000	17615000	1.1948113203139255	17612500
chr9	17615000	17620000	3.0116005179798875	17617500
chr9	17620000	17625000	1.5959021667011435	17622500
chr9	17625000	17630000	1.9008456718966678	17627500
chr9	17630000	17635000	1.1040757146113322	17632500
chr9	17635000	17640000	1.4462655876343	17637500
chr9	17640000	17645000	2.1429900654630196	17642500
chr9	17645000	17650000	2.873913610173147	17647500
chr9	17650000	17655000	2.9209933348816537	17652500
chr9	17655000	17660000	2.3925863406834917	17657500
chr9	17660000	17665000	2.4420853483577636	17662500
chr9	17665000	17670000	3.0896578522424463	17667500
chr9	17670000	17675000	2.616405174289873	17672500
chr9	17675000	17680000	1.9750583510593827	17677500
chr9	17680000	17685000	2.9690660311899597	17682500
chr9	17685000	17690000	2.525130234514108	17687500
chr9	17690000	17695000	2.4773098652222534	17692500
chr9	17695000	17700000	2.4009981504354627	17697500
chr9	17700000	17705000	4.69538279776416	17702500
chr9	17705000	17710000	2.5323908343152293	17707500
chr9	17710000	17715000	2.843675592197892	17712500
chr9	17715000	17720000	3.526282665145136	17717500
chr9	17720000	17725000	2.620287716039568	17722500
chr9	17725000	17730000	3.6262526443025713	17727500
chr9	17730000	17735000	7.079804662109373	17732500
chr9	17735000	17740000	5.167469415483545	17737500
chr9	17740000	17745000	2.094157206306648	17742500
chr9	17745000	17750000	6.48937187635966	17747500
chr9	17750000	17755000	6.182458146823215	17752500
chr9	17755000	17760000	7.365230551624551	17757500
chr9	17760000	17765000	3.1434309559333697	17762500
chr9	17765000	17770000	4.066196727135889	17767500
chr9	17770000	17775000	2.557948236117172	17772500
chr9	17775000	17780000	2.43716649293013	17777500
chr9	17780000	17785000	2.4175674222130454	17782500
chr9	17785000	17790000	1.7221539819068423	17787500
chr9	17790000	17795000	1.7838649336068393	17792500
chr9	17795000	17800000	1.8721592607962465	17797500
chr9	17800000	17805000	1.7281182358174163	17802500
chr9	17805000	17810000	1.4916378380785917	17807500
chr9	17810000	17815000	1.3295600391851254	17812500
chr9	17815000	17820000	1.6436652959733968	17817500
chr9	17820000	17825000	1.216249894959211	17822500
chr9	17825000	17830000	1.1656346357168554	17827500
chr9	17830000	17835000	1.2886102288353611	17832500
chr9	17835000	17840000	1.2979115749522947	17837500
chr9	17840000	17845000	1.4898353128304418	17842500
chr9	17845000	17850000	3.0170969508993486	17847500
chr9	17850000	17855000	2.2460235140206772	17852500
chr9	17855000	17860000	2.136238446941157	17857500
chr9	17860000	17865000	1.5869976359538789	17862500
chr9	17865000	17870000	1.9405675645507783	17867500
chr9	17870000	17875000	2.5925102057137392	17872500
chr9	17875000	17880000	0.9481658531456869	17877500
chr9	17880000	17885000	0.8441931626034569	17882500
chr9	17885000	17890000	0.8467386017748019	17887500
chr9	17890000	17895000	1.1080868063473541	17892500
chr9	17895000	17900000	1.173679038430056	17897500
chr9	17900000	17905000	0.8669767194854517	17902500
chr9	17905000	17910000	1.7156910989093535	17907500
chr9	17910000	17915000	4.414155589667859	17912500
chr9	17915000	17920000	1.3758237691049684	17917500
chr9	17920000	17925000	1.0108783469538694	17922500
chr9	17925000	17930000	2.1652842340902256	17927500
chr9	17930000	17935000	2.084551256887029	17932500
chr9	17935000	17940000	1.718653400877249	17937500
chr9	17940000	17945000	1.3537023100401435	17942500
chr9	17945000	17950000	1.3988623484893261	17947500
chr9	17950000	17955000	0.8242848143975551	17952500
chr9	17955000	17960000	1.9313182516933933	17957500
chr9	17960000	17965000	2.7328784146156915	17962500
chr9	17965000	17970000	2.6349806651069754	17967500
chr9	17970000	17975000	0.6552174172765112	17972500
chr9	17975000	17980000	1.3931504389411613	17977500
chr9	17980000	17985000	0.9593771230455689	17982500
chr9	17985000	17990000	0.7736651185645512	17987500
chr9	17990000	17995000	1.8533758010933086	17992500
chr9	17995000	18000000	1.607547791715136	17997500
chr9	18000000	18005000	1.8128786969315092	18002500
chr9	18005000	18010000	4.933541107415796	18007500
chr9	18010000	18015000	4.884378437775162	18012500
chr9	18015000	18020000	3.4633712638110237	18017500
chr9	18020000	18025000	1.4733610665836152	18022500
chr9	18025000	18030000	1.5403649265489336	18027500
chr9	18030000	18035000	2.360030075844974	18032500
chr9	18035000	18040000	2.369508970264755	18037500
chr9	18040000	18045000	2.266759466676385	18042500
chr9	18045000	18050000	1.592705690282007	18047500
chr9	18050000	18055000	2.2516577624493395	18052500
chr9	18055000	18060000	2.385167318480225	18057500
chr9	18060000	18065000	1.5907269424075008	18062500
chr9	18065000	18070000	1.5884011147060577	18067500
chr9	18070000	18075000	2.7865139544760975	18072500
chr9	18075000	18080000	4.644945600343072	18077500
chr9	18080000	18085000	3.0102792528514986	18082500
chr9	18085000	18090000	3.72545235615927	18087500
chr9	18090000	18095000	2.203821347408073	18092500
chr9	18095000	18100000	4.582245206487742	18097500
chr9	18100000	18105000	3.597431375226498	18102500
chr9	18105000	18110000	5.614022762014223	18107500
chr9	18110000	18115000	1.7565071246916801	18112500
chr9	18115000	18120000	4.074892055426931	18117500
chr9	18120000	18125000	1.2239944558474	18122500
chr9	18125000	18130000	0.9162698238800197	18127500
chr9	18130000	18135000	2.2659473860492754	18132500
chr9	18135000	18140000	1.5490174005204431	18137500
chr9	18140000	18145000	1.625463133251597	18142500
chr9	18145000	18150000	2.3153120113620855	18147500
chr9	18150000	18155000	1.6180876694182036	18152500
chr9	18155000	18160000	1.191860584056925	18157500
chr9	18160000	18165000	2.116549112621312	18162500
chr9	18165000	18170000	3.3342103594297985	18167500
chr9	18170000	18175000	3.663110782785557	18172500
chr9	18175000	18180000	4.839123089004943	18177500
chr9	18180000	18185000	4.7975267371941115	18182500
chr9	18185000	18190000	3.898885158897422	18187500
chr9	18190000	18195000	4.464256577985646	18192500
chr9	18195000	18200000	3.1263392855127274	18197500
chr9	18200000	18205000	2.7300295376619355	18202500
chr9	18205000	18210000	4.909867530338818	18207500
chr9	18210000	18215000	3.8171700748052584	18212500
chr9	18215000	18220000	3.051433917794479	18217500
chr9	18220000	18225000	3.439205599745758	18222500
chr9	18225000	18230000	4.437354218492155	18227500
chr9	18230000	18235000	4.65736984804925	18232500
chr9	18235000	18240000	2.6638222374191254	18237500
chr9	18240000	18245000	2.0507940244897607	18242500
chr9	18245000	18250000	1.4668868998476219	18247500
chr9	18250000	18255000	1.9898206454039715	18252500
chr9	18255000	18260000	3.271173778915488	18257500
chr9	18260000	18265000	2.7194895073377467	18262500
chr9	18265000	18270000	2.554117894113096	18267500
chr9	18270000	18275000	1.488624886718546	18272500
chr9	18275000	18280000	1.4111766585289887	18277500
chr9	18280000	18285000	2.2952399623237723	18282500
chr9	18285000	18290000	1.0051494605694213	18287500
chr9	18290000	18295000	1.2065283529105135	18292500
chr9	18295000	18300000	1.0850758933651112	18297500
chr9	18300000	18305000	1.2299115379694987	18302500
chr9	18305000	18310000	0.565296039678331	18307500
chr9	18310000	18315000	0.35328735487403334	18312500
chr9	18315000	18320000	0.6845002704774017	18317500
chr9	18320000	18325000	0.9264895040548677	18322500
chr9	18325000	18330000	1.0252185998638712	18327500
chr9	18330000	18335000	0.7378232002373819	18332500
chr9	18335000	18340000	1.0624098926318433	18337500
chr9	18340000	18345000	0.9330887095873719	18342500
chr9	18345000	18350000	0.6078926523583307	18347500
chr9	18350000	18355000	0.9636833106317564	18352500
chr9	18355000	18360000	1.0127063869152573	18357500
chr9	18360000	18365000	1.2097952299297667	18362500
chr9	18365000	18370000	0.7113567218671533	18367500
chr9	18370000	18375000	0.6873125609874136	18372500
chr9	18375000	18380000	1.189703439367133	18377500
chr9	18380000	18385000	0.6625381439088605	18382500
chr9	18385000	18390000	2.4907885891761428	18387500
chr9	18390000	18395000	5.733647846040929	18392500
chr9	18395000	18400000	1.1735677149362633	18397500
chr9	18400000	18405000	1.053064308034493	18402500
chr9	18405000	18410000	1.3204703504608395	18407500
chr9	18410000	18415000	2.1568385281535827	18412500
chr9	18415000	18420000	10.87276895343438	18417500
chr9	18420000	18425000	2.776304119602037	18422500
chr9	18425000	18430000	1.0495265291864821	18427500
chr9	18430000	18435000	1.4240214256538015	18432500
chr9	18435000	18440000	0.9003891404533579	18437500
chr9	18440000	18445000	1.3137460645626544	18442500
chr9	18445000	18450000	0.9993198458225855	18447500
chr9	18450000	18455000	2.127278758258968	18452500
chr9	18455000	18460000	1.0466919329648234	18457500
chr9	18460000	18465000	1.8729867604466184	18462500
chr9	18465000	18470000	5.4250912679697905	18467500
chr9	18470000	18475000	4.135867783235861	18472500
chr9	18475000	18480000	2.325468741362307	18477500
chr9	18480000	18485000	6.546291235310139	18482500
chr9	18485000	18490000	8.677782364021704	18487500
chr9	18490000	18495000	1.7032448183563338	18492500
chr9	18495000	18500000	1.3781925922730776	18497500
chr9	18500000	18505000	6.975618771798257	18502500
chr9	18505000	18510000	9.126361509015211	18507500
chr9	18510000	18515000	0.727569449575423	18512500
chr9	18515000	18520000	0.7874702279701565	18517500
chr9	18520000	18525000	1.9276209081457265	18522500
chr9	18525000	18530000	1.944859447095535	18527500
chr9	18530000	18535000	1.2071356100767188	18532500
chr9	18535000	18540000	1.5164145610488964	18537500
chr9	18540000	18545000	1.4342598870560335	18542500
chr9	18545000	18550000	1.8933329019364573	18547500
chr9	18550000	18555000	1.6315635825702655	18552500
chr9	18555000	18560000	1.3933057393364645	18557500
chr9	18560000	18565000	1.0541201391302044	18562500
chr9	18565000	18570000	1.9843138436690786	18567500
chr9	18570000	18575000	1.2562514066628716	18572500
chr9	18575000	18580000	6.402229585800405	18577500
chr9	18580000	18585000	12.61577058839096	18582500
chr9	18585000	18590000	0.6705669580159667	18587500
chr9	18590000	18595000	0.6145655273728796	18592500
chr9	18595000	18600000	0.8780652558888761	18597500
chr9	18600000	18605000	1.1999308148622159	18602500
chr9	18605000	18610000	4.444281219000765	18607500
chr9	18610000	18615000	3.6011363321319956	18612500
chr9	18615000	18620000	1.2994685050124375	18617500
chr9	18620000	18625000	2.146040831882832	18622500
chr9	18625000	18630000	0.6124318123505087	18627500
chr9	18630000	18635000	0.8906720070701825	18632500
chr9	18635000	18640000	14.919497369431603	18637500
chr9	18640000	18645000	3.0037685787926467	18642500
chr9	18645000	18650000	2.379620086109078	18647500
chr9	18650000	18655000	1.8937709467623827	18652500
chr9	18655000	18660000	0.5337299585034847	18657500
chr9	18660000	18665000	0.912164964104362	18662500
chr9	18665000	18670000	1.3477150533904008	18667500
chr9	18670000	18675000	10.705018393220838	18672500
chr9	18675000	18680000	1.0973371830282221	18677500
chr9	18680000	18685000	0.9433715215199103	18682500
chr9	18685000	18690000	1.245857293746752	18687500
chr9	18690000	18695000	1.5173474551883839	18692500
chr9	18695000	18700000	4.052290134209363	18697500
chr9	18700000	18705000	2.239729535402516	18702500
chr9	18705000	18710000	4.015989740232021	18707500
chr9	18710000	18715000	0.8581548306471718	18712500
chr9	18715000	18720000	0.6993436957940574	18717500
chr9	18720000	18725000	0.8652516572804033	18722500
chr9	18725000	18730000	0.8752239891314493	18727500
chr9	18730000	18735000	1.3023790788850396	18732500
chr9	18735000	18740000	1.099247314687203	18737500
chr9	18740000	18745000	1.8803423716364691	18742500
chr9	18745000	18750000	9.07300374257379	18747500
chr9	18750000	18755000	1.3354029653609885	18752500
chr9	18755000	18760000	1.2983193981381682	18757500
chr9	18760000	18765000	3.183248657219005	18762500
chr9	18765000	18770000	3.5606722884230266	18767500
chr9	18770000	18775000	2.588739152481316	18772500
chr9	18775000	18780000	3.084424373068051	18777500
chr9	18780000	18785000	2.945374426653086	18782500
chr9	18785000	18790000	2.4601511406715986	18787500
chr9	18790000	18795000	12.34556616016576	18792500
chr9	18795000	18800000	1.6490150426580528	18797500
chr9	18800000	18805000	0.9000959912162834	18802500
chr9	18805000	18810000	1.5579542216847007	18807500
chr9	18810000	18815000	3.459711635288546	18812500
chr9	18815000	18820000	1.9578486198297755	18817500
chr9	18820000	18825000	3.559844295812901	18822500
chr9	18825000	18830000	1.323938631570912	18827500
chr9	18830000	18835000	2.4316597523723464	18832500
chr9	18835000	18840000	5.139577620640901	18837500
chr9	18840000	18845000	8.295920789354307	18842500
chr9	18845000	18850000	1.8297169748343607	18847500
chr9	18850000	18855000	0.8232991444262564	18852500
chr9	18855000	18860000	0.9592318483311005	18857500
chr9	18860000	18865000	0.7770906086938763	18862500
chr9	18865000	18870000	1.7775387623270469	18867500
chr9	18870000	18875000	1.1230100559399037	18872500
chr9	18875000	18880000	2.3285427416812285	18877500
chr9	18880000	18885000	1.6156944085527332	18882500
chr9	18885000	18890000	1.4829940523886491	18887500
chr9	18890000	18895000	2.7607909116434173	18892500
chr9	18895000	18900000	9.462416233354688	18897500
chr9	18900000	18905000	1.8643269593922942	18902500
chr9	18905000	18910000	0.8980976448562643	18907500
chr9	18910000	18915000	1.7906904024816113	18912500
chr9	18915000	18920000	2.2045611556170823	18917500
chr9	18920000	18925000	6.300972496142982	18922500
chr9	18925000	18930000	10.83667024803816	18927500
chr9	18930000	18935000	2.734207104385562	18932500
chr9	18935000	18940000	2.2543048978677844	18937500
chr9	18940000	18945000	3.1046669114788843	18942500
chr9	18945000	18950000	1.3049170185009389	18947500
chr9	18950000	18955000	1.3037624208207184	18952500
chr9	18955000	18960000	2.085739482966605	18957500
chr9	18960000	18965000	1.7013395652837084	18962500
chr9	18965000	18970000	1.6600840227570919	18967500
chr9	18970000	18975000	0.9755201832368257	18972500
chr9	18975000	18980000	1.4901999757098043	18977500
chr9	18980000	18985000	2.4446372806054035	18982500
chr9	18985000	18990000	5.791329285198489	18987500
chr9	18990000	18995000	1.5847059430130463	18992500
chr9	18995000	19000000	0.7437874959820927	18997500
chr9	19000000	19005000	1.0150411967761392	19002500
chr9	19005000	19010000	1.5805796602758464	19007500
chr9	19010000	19015000	2.2445678999826124	19012500
chr9	19015000	19020000	1.8374691756180388	19017500
chr9	19020000	19025000	2.449663619663053	19022500
chr9	19025000	19030000	10.473090506723606	19027500
chr9	19030000	19035000	4.428489340893245	19032500
chr9	19035000	19040000	2.349717599785539	19037500
chr9	19040000	19045000	1.765373162324111	19042500
chr9	19045000	19050000	4.867752508299771	19047500
chr9	19050000	19055000	2.8464531554059023	19052500
chr9	19055000	19060000	1.976909438954839	19057500
chr9	19060000	19065000	2.2502889092186398	19062500
chr9	19065000	19070000	3.2234714464513514	19067500
chr9	19070000	19075000	15.780540289429645	19072500
chr9	19075000	19080000	1.7345635663660217	19077500
chr9	19080000	19085000	1.4774654292263911	19082500
chr9	19085000	19090000	1.455194290575054	19087500
chr9	19090000	19095000	2.8169619919031397	19092500
chr9	19095000	19100000	1.6843960863070297	19097500
chr9	19100000	19105000	1.7949023018415524	19102500
chr9	19105000	19110000	2.401742517940177	19107500
chr9	19110000	19115000	1.1140239851975764	19112500
chr9	19115000	19120000	1.2348450658789603	19117500
chr9	19120000	19125000	1.6834037202098684	19122500
chr9	19125000	19130000	2.7497022011577172	19127500
chr9	19130000	19135000	0.6622301084268438	19132500
chr9	19135000	19140000	0.6500752227312658	19137500
chr9	19140000	19145000	1.1243315279794832	19142500
chr9	19145000	19150000	1.135613188671872	19147500
chr9	19150000	19155000	0.7562617756371982	19152500
chr9	19155000	19160000	2.3984499406393467	19157500
chr9	19160000	19165000	1.1738191996597604	19162500
chr9	19165000	19170000	0.8059946591143621	19167500
chr9	19170000	19175000	1.867911941578341	19172500
chr9	19175000	19180000	1.1336007807324449	19177500
chr9	19180000	19185000	0.7284385776239719	19182500
chr9	19185000	19190000	0.6858039263330532	19187500
chr9	19190000	19195000	0.5209661759511355	19192500
chr9	19195000	19200000	1.6098157344026292	19197500
chr9	19200000	19205000	0.3005645243700127	19202500
chr9	19205000	19210000	0.20844451931934552	19207500
chr9	19210000	19215000	0.7356867505915592	19212500
chr9	19215000	19220000	0.5303948424254972	19217500
chr9	19220000	19225000	0.4670981053592467	19222500
chr9	19225000	19230000	0.4831732779669974	19227500
chr9	19230000	19235000	0.3709906549903371	19232500
chr9	19235000	19240000	0.16691990406057022	19237500
chr9	19240000	19245000	0.9914131647708436	19242500
chr9	19245000	19250000	4.175269852557742	19247500
chr9	19250000	19255000	3.9321323581954966	19252500
chr9	19255000	19260000	5.335964821837805	19257500
chr9	19260000	19265000	1.0061731881975848	19262500
chr9	19265000	19270000	0.688723356276414	19267500
chr9	19270000	19275000	0.4562555806824746	19272500
chr9	19275000	19280000	0.48657125459418304	19277500
chr9	19280000	19285000	0.9752206914076009	19282500
chr9	19285000	19290000	1.3639934835199863	19287500
chr9	19290000	19295000	0.7622650171722302	19292500
chr9	19295000	19300000	1.3042467357484526	19297500
chr9	19300000	19305000	1.0422870104029864	19302500
chr9	19305000	19310000	0.9196643493144486	19307500
chr9	19310000	19315000	3.267617324751783	19312500
chr9	19315000	19320000	9.747319093495907	19317500
chr9	19320000	19325000	1.8198444839988963	19322500
chr9	19325000	19330000	1.6640475239111374	19327500
chr9	19330000	19335000	1.0459201755366108	19332500
chr9	19335000	19340000	0.7963810277748223	19337500
chr9	19340000	19345000	0.6446067375108521	19342500
chr9	19345000	19350000	0.400279762495884	19347500
chr9	19350000	19355000	0.6866674849482873	19352500
chr9	19355000	19360000	1.9084685962787293	19357500
chr9	19360000	19365000	2.7870874332355	19362500
chr9	19365000	19370000	3.3362092445882108	19367500
chr9	19370000	19375000	2.1636895761629233	19372500
chr9	19375000	19380000	1.37624166904434	19377500
chr9	19380000	19385000	4.527235325938515	19382500
chr9	19385000	19390000	1.3555503440202492	19387500
chr9	19390000	19395000	2.628484094199913	19392500
chr9	19395000	19400000	2.577968396246604	19397500
chr9	19400000	19405000	3.030062370147986	19402500
chr9	19405000	19410000	21.415259265221987	19407500
chr9	19410000	19415000	3.147610428812344	19412500
chr9	19415000	19420000	2.0885220038398122	19417500
chr9	19420000	19425000	1.8701389952695933	19422500
chr9	19425000	19430000	2.3144486725228037	19427500
chr9	19430000	19435000	1.7450351777413164	19432500
chr9	19435000	19440000	1.7900598771187115	19437500
chr9	19440000	19445000	1.268367053929946	19442500
chr9	19445000	19450000	1.710424493894339	19447500
chr9	19450000	19455000	1.9539947384957752	19452500
chr9	19455000	19460000	1.5326110180053976	19457500
chr9	19460000	19465000	1.7673392368148846	19462500
chr9	19465000	19470000	1.767339236814883	19467500
chr9	19470000	19475000	11.097959358908264	19472500
chr9	19475000	19480000	3.437013070752732	19477500
chr9	19480000	19485000	1.6761548372120993	19482500
chr9	19485000	19490000	0.5355532785322794	19487500
chr9	19490000	19495000	7.925288071102077	19492500
chr9	19495000	19500000	5.71980494388456	19497500
chr9	19500000	19505000	2.9572167455520653	19502500
chr9	19505000	19510000	2.577620095250195	19507500
chr9	19510000	19515000	8.875924056711689	19512500
chr9	19515000	19520000	10.564129242258062	19517500
chr9	19520000	19525000	7.078259994736138	19522500
chr9	19525000	19530000	4.837381480249534	19527500
chr9	19530000	19535000	4.630869940490565	19532500
chr9	19535000	19540000	7.072338910471406	19537500
chr9	19540000	19545000	5.797620089723108	19542500
chr9	19545000	19550000	5.435722905490724	19547500
chr9	19550000	19555000	6.034265532198786	19552500
chr9	19555000	19560000	3.1092440159068544	19557500
chr9	19560000	19565000	7.401096948455778	19562500
chr9	19565000	19570000	8.938311332671606	19567500
chr9	19570000	19575000	4.152828624981354	19572500
chr9	19575000	19580000	6.256962601465887	19577500
chr9	19580000	19585000	7.166175582284887	19582500
chr9	19585000	19590000	5.800058138868463	19587500
chr9	19590000	19595000	6.3889729111359355	19592500
chr9	19595000	19600000	5.464760623778689	19597500
chr9	19600000	19605000	6.739007642409739	19602500
chr9	19605000	19610000	4.697871063253511	19607500
chr9	19610000	19615000	4.944319942358809	19612500
chr9	19615000	19620000	5.9550868057828295	19617500
chr9	19620000	19625000	5.9730675486413345	19622500
chr9	19625000	19630000	4.958042179399209	19627500
chr9	19630000	19635000	6.486697991702866	19632500
chr9	19635000	19640000	5.436942037715625	19637500
chr9	19640000	19645000	4.873853856225489	19642500
chr9	19645000	19650000	3.0035669871428685	19647500
chr9	19650000	19655000	3.6672911887634325	19652500
chr9	19655000	19660000	4.569399273674924	19657500
chr9	19660000	19665000	4.473848199964043	19662500
chr9	19665000	19670000	2.7516448117375996	19667500
chr9	19670000	19675000	3.9336303388761924	19672500
chr9	19675000	19680000	4.251949369117519	19677500
chr9	19680000	19685000	3.448124949264919	19682500
chr9	19685000	19690000	3.5313427372224093	19687500
chr9	19690000	19695000	5.305845732592262	19692500
chr9	19695000	19700000	3.9587261292938587	19697500
chr9	19700000	19705000	4.531465861021405	19702500
chr9	19705000	19710000	5.2956787219713535	19707500
chr9	19710000	19715000	4.054684437781822	19712500
chr9	19715000	19720000	5.394071506968333	19717500
chr9	19720000	19725000	6.215189666436969	19722500
chr9	19725000	19730000	5.102748215895512	19727500
chr9	19730000	19735000	6.68205187335638	19732500
chr9	19735000	19740000	6.484868107867924	19737500
chr9	19740000	19745000	4.010134143750225	19742500
chr9	19745000	19750000	4.720811219358146	19747500
chr9	19750000	19755000	6.373172905549943	19752500
chr9	19755000	19760000	3.0611101760400667	19757500
chr9	19760000	19765000	3.2186259921403355	19762500
chr9	19765000	19770000	4.874669250398631	19767500
chr9	19770000	19775000	4.328695748079346	19772500
chr9	19775000	19780000	3.730368701312525	19777500
chr9	19780000	19785000	3.8587677348451326	19782500
chr9	19785000	19790000	4.216406332275581	19787500
chr9	19790000	19795000	6.19977720055129	19792500
chr9	19795000	19800000	5.015908748106728	19797500
chr9	19800000	19805000	5.448479663392078	19802500
chr9	19805000	19810000	5.596213704837569	19807500
chr9	19810000	19815000	3.5553941537329448	19812500
chr9	19815000	19820000	3.0294302212463537	19817500
chr9	19820000	19825000	2.792222140814422	19822500
chr9	19825000	19830000	7.25671452330674	19827500
chr9	19830000	19835000	3.3638188963689712	19832500
chr9	19835000	19840000	3.622563707283061	19837500
chr9	19840000	19845000	4.758525902530994	19842500
chr9	19845000	19850000	4.480101770461183	19847500
chr9	19850000	19855000	4.089613071017312	19852500
chr9	19855000	19860000	2.0608319425098047	19857500
chr9	19860000	19865000	2.0940138264734625	19862500
chr9	19865000	19870000	1.6456481743718436	19867500
chr9	19870000	19875000	4.328034675402812	19872500
chr9	19875000	19880000	3.021201360853593	19877500
chr9	19880000	19885000	4.572076208956155	19882500
chr9	19885000	19890000	4.743531574943485	19887500
chr9	19890000	19895000	5.360834855256989	19892500
chr9	19895000	19900000	5.5355423407045405	19897500
chr9	19900000	19905000	3.464117650001888	19902500
chr9	19905000	19910000	3.5815009516297134	19907500
chr9	19910000	19915000	3.9977564633056444	19912500
chr9	19915000	19920000	2.223698168010335	19917500
chr9	19920000	19925000	4.216199161629756	19922500
chr9	19925000	19930000	9.256587121599722	19927500
chr9	19930000	19935000	2.289623660269638	19932500
chr9	19935000	19940000	3.778998868511102	19937500
chr9	19940000	19945000	3.6092975516548482	19942500
chr9	19945000	19950000	3.7312592413812378	19947500
chr9	19950000	19955000	3.478557995539915	19952500
chr9	19955000	19960000	3.1506960090069978	19957500
chr9	19960000	19965000	2.268102617738822	19962500
chr9	19965000	19970000	3.249500041854554	19967500
chr9	19970000	19975000	2.1611127782497386	19972500
chr9	19975000	19980000	2.43445740977162	19977500
chr9	19980000	19985000	5.48915204293531	19982500
chr9	19985000	19990000	4.854325795894979	19987500
chr9	19990000	19995000	5.533990940951248	19992500
chr9	19995000	20000000	3.478572016866799	19997500
chr9	20000000	20005000	3.3434547892627697	20002500
chr9	20005000	20010000	5.444456878954726	20007500
chr9	20010000	20015000	15.864969382124196	20012500
chr9	20015000	20020000	2.795802086089726	20017500
chr9	20020000	20025000	2.510094618806227	20022500
chr9	20025000	20030000	2.8422456582919833	20027500
chr9	20030000	20035000	1.4111743716904734	20032500
chr9	20035000	20040000	2.625081448549666	20037500
chr9	20040000	20045000	1.5237415016404319	20042500
chr9	20045000	20050000	3.027328742803619	20047500
chr9	20050000	20055000	6.314643686927101	20052500
chr9	20055000	20060000	5.451976653748568	20057500
chr9	20060000	20065000	3.72371880009228	20062500
chr9	20065000	20070000	5.040199306421184	20067500
chr9	20070000	20075000	3.724575372502447	20072500
chr9	20075000	20080000	4.210991803297349	20077500
chr9	20080000	20085000	1.4273438195580865	20082500
chr9	20085000	20090000	20.380101310412627	20087500
chr9	20090000	20095000	6.965578073021278	20092500
chr9	20095000	20100000	1.5534265485800876	20097500
chr9	20100000	20105000	1.4877142539147201	20102500
chr9	20105000	20110000	1.1519619782542316	20107500
chr9	20110000	20115000	10.343550655918934	20112500
chr9	20115000	20120000	6.376315809321082	20117500
chr9	20120000	20125000	11.260859561406656	20122500
chr9	20125000	20130000	8.834356211046757	20127500
chr9	20130000	20135000	0.7324813036299593	20132500
chr9	20135000	20140000	0.7695131797212832	20137500
chr9	20140000	20145000	1.873971632877851	20142500
chr9	20145000	20150000	2.710076123899874	20147500
chr9	20150000	20155000	4.6145947689538325	20152500
chr9	20155000	20160000	7.920043434493178	20157500
chr9	20160000	20165000	14.675248154903061	20162500
chr9	20165000	20170000	6.140807525632213	20167500
chr9	20170000	20175000	18.629607002808743	20172500
chr9	20175000	20180000	4.602469452490556	20177500
chr9	20180000	20185000	1.7161989109919615	20182500
chr9	20185000	20190000	2.493518096880525	20187500
chr9	20190000	20195000	2.7290924517737727	20192500
chr9	20195000	20200000	3.0400183762322257	20197500
chr9	20200000	20205000	8.22370927066809	20202500
chr9	20205000	20210000	3.303800651641814	20207500
chr9	20210000	20215000	3.7134721745110295	20212500
chr9	20215000	20220000	12.501615769679104	20217500
chr9	20220000	20225000	10.165347618135359	20222500
chr9	20225000	20230000	9.460173595121642	20227500
chr9	20230000	20235000	6.058483190164758	20232500
chr9	20235000	20240000	7.346538229837462	20237500
chr9	20240000	20245000	11.52846433051309	20242500
chr9	20245000	20250000	8.891665013011874	20247500
chr9	20250000	20255000	7.2307808151028405	20252500
chr9	20255000	20260000	3.276364330249767	20257500
chr9	20260000	20265000	4.365097254439274	20262500
chr9	20265000	20270000	4.382090007957991	20267500
chr9	20270000	20275000	5.96233077789812	20272500
chr9	20275000	20280000	4.004299287086479	20277500
chr9	20280000	20285000	3.1182786561907476	20282500
chr9	20285000	20290000	14.971402438836606	20287500
chr9	20290000	20295000	5.768264910720797	20292500
chr9	20295000	20300000	2.2260135125359914	20297500
chr9	20300000	20305000	1.29636112488515	20302500
chr9	20305000	20310000	1.6070760694200212	20307500
chr9	20310000	20315000	2.0161734929530986	20312500
chr9	20315000	20320000	3.2745730590452466	20317500
chr9	20320000	20325000	4.784669593701072	20322500
chr9	20325000	20330000	6.233076373733971	20327500
chr9	20330000	20335000	2.918665055156119	20332500
chr9	20335000	20340000	5.841175350782548	20337500
chr9	20340000	20345000	3.756753942104317	20342500
chr9	20345000	20350000	5.454411651604946	20347500
chr9	20350000	20355000	4.931709006962005	20352500
chr9	20355000	20360000	4.2982873737313625	20357500
chr9	20360000	20365000	6.811762757534373	20362500
chr9	20365000	20370000	5.024070033221994	20367500
chr9	20370000	20375000	2.0115950908492852	20372500
chr9	20375000	20380000	1.4377104488880308	20377500
chr9	20380000	20385000	2.336630330090694	20382500
chr9	20385000	20390000	2.7161677374821194	20387500
chr9	20390000	20395000	1.8335491262530115	20392500
chr9	20395000	20400000	2.3858094830107115	20397500
chr9	20400000	20405000	3.1506480317677688	20402500
chr9	20405000	20410000	2.284808557737293	20407500
chr9	20410000	20415000	1.6925077621355331	20412500
chr9	20415000	20420000	3.2419519350586987	20417500
chr9	20420000	20425000	1.1226715467616921	20422500
chr9	20425000	20430000	1.9672992337223585	20427500
chr9	20430000	20435000	1.1864080200766414	20432500
chr9	20435000	20440000	1.082974627213962	20437500
chr9	20440000	20445000	1.3366425569915965	20442500
chr9	20445000	20450000	0.6954372216525317	20447500
chr9	20450000	20455000	1.634890186556428	20452500
chr9	20455000	20460000	1.2315798343004944	20457500
chr9	20460000	20465000	0.9344623123820377	20462500
chr9	20465000	20470000	0.8589127690529823	20467500
chr9	20470000	20475000	1.3764049585298184	20472500
chr9	20475000	20480000	1.6786542033390874	20477500
chr9	20480000	20485000	1.784247335543324	20482500
chr9	20485000	20490000	2.2423486898054446	20487500
chr9	20490000	20495000	0.5102178239357099	20492500
chr9	20495000	20500000	0.5947516059052624	20497500
chr9	20500000	20505000	0.6380192544747174	20502500
chr9	20505000	20510000	0.9913173032383183	20507500
chr9	20510000	20515000	0.536527253610282	20512500
chr9	20515000	20520000	0.27513048990557315	20517500
chr9	20520000	20525000	0.9992282675460222	20522500
chr9	20525000	20530000	1.2405078467935555	20527500
chr9	20530000	20535000	1.028241651610622	20532500
chr9	20535000	20540000	1.9043989535395562	20537500
chr9	20540000	20545000	9.462799515962905	20542500
chr9	20545000	20550000	4.4919344690055745	20547500
chr9	20550000	20555000	1.8579046258557375	20552500
chr9	20555000	20560000	1.9418134396158746	20557500
chr9	20560000	20565000	3.029122046032588	20562500
chr9	20565000	20570000	10.398592101806747	20567500
chr9	20570000	20575000	11.778416437990078	20572500
chr9	20575000	20580000	18.63302578419677	20577500
chr9	20580000	20585000	9.583696279649308	20582500
chr9	20585000	20590000	3.2836032224262772	20587500
chr9	20590000	20595000	5.030028660107132	20592500
chr9	20595000	20600000	1.6359271084533873	20597500
chr9	20600000	20605000	9.742480291700224	20602500
chr9	20605000	20610000	3.6534077933733093	20607500
chr9	20610000	20615000	3.5551842783698366	20612500
chr9	20615000	20620000	4.401796069270313	20617500
chr9	20620000	20625000	3.4956515897309943	20622500
chr9	20625000	20630000	5.237270895112653	20627500
chr9	20630000	20635000	12.86809562400728	20632500
chr9	20635000	20640000	6.640843085944566	20637500
chr9	20640000	20645000	1.682598114683177	20642500
chr9	20645000	20650000	2.3084107260986952	20647500
chr9	20650000	20655000	0.9089024591906749	20652500
chr9	20655000	20660000	0.3679655673280256	20657500
chr9	20660000	20665000	0.215303323840436	20662500
chr9	20665000	20670000	0.2153033238404364	20667500
chr9	20670000	20675000	0.21530332384043577	20672500
chr9	20675000	20680000	0.2153033238404356	20677500
chr9	20680000	20685000	0.9118069751553272	20682500
chr9	20685000	20690000	3.360032749011068	20687500
chr9	20690000	20695000	0.7773146121636114	20692500
chr9	20695000	20700000	3.278349112449667	20697500
chr9	20700000	20705000	2.6186574811907097	20702500
chr9	20705000	20710000	2.0759199990305235	20707500
chr9	20710000	20715000	4.361528572793114	20712500
chr9	20715000	20720000	3.928159320122752	20717500
chr9	20720000	20725000	7.893134137544619	20722500
chr9	20725000	20730000	23.174879531699393	20727500
chr9	20730000	20735000	0.9555857844431218	20732500
chr9	20735000	20740000	0.8490807159564642	20737500
chr9	20740000	20745000	0.9018914828837116	20742500
chr9	20745000	20750000	1.2781931002011924	20747500
chr9	20750000	20755000	0.6614949768498625	20752500
chr9	20755000	20760000	0.5741820539244897	20757500
chr9	20760000	20765000	1.135829419006115	20762500
chr9	20765000	20770000	3.808347054830925	20767500
chr9	20770000	20775000	11.735582520841596	20772500
chr9	20775000	20780000	1.628823059618059	20777500
chr9	20780000	20785000	2.1369062975687148	20782500
chr9	20785000	20790000	2.810324252136165	20787500
chr9	20790000	20795000	10.496491619082335	20792500
chr9	20795000	20800000	1.7044185233452183	20797500
chr9	20800000	20805000	1.9875756692466537	20802500
chr9	20805000	20810000	1.8434852379963809	20807500
chr9	20810000	20815000	3.544433493692752	20812500
chr9	20815000	20820000	6.613629620348661	20817500
chr9	20820000	20825000	6.06034832600248	20822500
chr9	20825000	20830000	2.5671700539898445	20827500
chr9	20830000	20835000	4.9279691664977	20832500
chr9	20835000	20840000	5.3566280532477775	20837500
chr9	20840000	20845000	8.74129778578326	20842500
chr9	20845000	20850000	15.157510438014599	20847500
chr9	20850000	20855000	3.4269224617438296	20852500
chr9	20855000	20860000	3.1177571815871303	20857500
chr9	20860000	20865000	1.7373381343519498	20862500
chr9	20865000	20870000	0.8436917585425641	20867500
chr9	20870000	20875000	2.4087720139976914	20872500
chr9	20875000	20880000	1.752336838434593	20877500
chr9	20880000	20885000	1.2358319580603674	20882500
chr9	20885000	20890000	0.9526708171368152	20887500
chr9	20890000	20895000	1.3055308413331312	20892500
chr9	20895000	20900000	1.4012767657172447	20897500
chr9	20900000	20905000	1.9515515038701634	20902500
chr9	20905000	20910000	1.985423261167337	20907500
chr9	20910000	20915000	2.545993964516816	20912500
chr9	20915000	20920000	1.9723064702551518	20917500
chr9	20920000	20925000	1.213769489592817	20922500
chr9	20925000	20930000	1.0283359248328856	20927500
chr9	20930000	20935000	2.9292697156313903	20932500
chr9	20935000	20940000	1.8058219451689523	20937500
chr9	20940000	20945000	1.0315151852676687	20942500
chr9	20945000	20950000	1.8414720345272917	20947500
chr9	20950000	20955000	2.5623402854181876	20952500
chr9	20955000	20960000	2.4287800726796256	20957500
chr9	20960000	20965000	7.626564028055933	20962500
chr9	20965000	20970000	16.88495694132164	20967500
chr9	20970000	20975000	1.2420464937917406	20972500
chr9	20975000	20980000	0.765685099910392	20977500
chr9	20980000	20985000	0.43375757105893603	20982500
chr9	20985000	20990000	0.7433662802146157	20987500
chr9	20990000	20995000	0.5315505762309762	20992500
chr9	20995000	21000000	0.6727316651097043	20997500
chr9	21000000	21005000	0.8237620676583464	21002500
chr9	21005000	21010000	1.859723232296866	21007500
chr9	21010000	21015000	1.5218952112452846	21012500
chr9	21015000	21020000	6.577177173067988	21017500
chr9	21020000	21025000	5.217490108577412	21022500
chr9	21025000	21030000	2.716242928681417	21027500
chr9	21030000	21035000	4.719380883279748	21032500
chr9	21035000	21040000	5.615993040256364	21037500
chr9	21040000	21045000	1.1480360046957891	21042500
chr9	21045000	21050000	1.3342762733971878	21047500
chr9	21050000	21055000	1.2568190801740484	21052500
chr9	21055000	21060000	0.7112157876636447	21057500
chr9	21060000	21065000	1.1820147105830183	21062500
chr9	21065000	21070000	0.454778078081665	21067500
chr9	21070000	21075000	0.22135136730800864	21072500
chr9	21075000	21080000	0.6690216638786244	21077500
chr9	21080000	21085000	7.155999690120571	21082500
chr9	21085000	21090000	0.84291871459633	21087500
chr9	21090000	21095000	0.22338892929990325	21092500
chr9	21095000	21100000	0.6089338648693925	21097500
chr9	21100000	21105000	1.2790639995790176	21102500
chr9	21105000	21110000	8.199258054542392	21107500
chr9	21110000	21115000	0.9416499952097563	21112500
chr9	21115000	21120000	0.8759893742583951	21117500
chr9	21120000	21125000	0.39858231762799573	21122500
chr9	21125000	21130000	0.6440292978738438	21127500
chr9	21130000	21135000	0.6516679470158969	21132500
chr9	21135000	21140000	0.5812184686133659	21137500
chr9	21140000	21145000	0.6123370304874285	21142500
chr9	21145000	21150000	1.839908190553658	21147500
chr9	21150000	21155000	2.6688793768457533	21152500
chr9	21155000	21160000	1.1556414610789671	21157500
chr9	21160000	21165000	3.104374177317367	21162500
chr9	21165000	21170000	4.0892729375768955	21167500
chr9	21170000	21175000	0.9974764109089718	21172500
chr9	21175000	21180000	0.6298817478771999	21177500
chr9	21180000	21185000	6.201093427801524	21182500
chr9	21185000	21190000	2.2198232249657757	21187500
chr9	21190000	21195000	0.9004066762264713	21192500
chr9	21195000	21200000	0.8755559441522813	21197500
chr9	21200000	21205000	0.6763434415514337	21202500
chr9	21205000	21210000	0.6846868200078672	21207500
chr9	21210000	21215000	1.1007266831692077	21212500
chr9	21215000	21220000	1.0887863504663984	21217500
chr9	21220000	21225000	0.6328674044778794	21222500
chr9	21225000	21230000	1.4382086474842097	21227500
chr9	21230000	21235000	2.6563268990180116	21232500
chr9	21235000	21240000	1.7651483978711817	21237500
chr9	21240000	21245000	1.1610446146016282	21242500
chr9	21245000	21250000	0.5631139159954421	21247500
chr9	21250000	21255000	1.4741588956768932	21252500
chr9	21255000	21260000	1.8767837877478384	21257500
chr9	21260000	21265000	11.000028061061046	21262500
chr9	21265000	21270000	6.473133155888741	21267500
chr9	21270000	21275000	2.067221319976276	21272500
chr9	21275000	21280000	1.2784819038901518	21277500
chr9	21280000	21285000	3.849129833574364	21282500
chr9	21285000	21290000	3.9879131293476697	21287500
chr9	21290000	21295000	1.6330454326410337	21292500
chr9	21295000	21300000	3.0188824705659534	21297500
chr9	21300000	21305000	11.728352011198373	21302500
chr9	21305000	21310000	1.3831977877968038	21307500
chr9	21310000	21315000	1.5038816311325938	21312500
chr9	21315000	21320000	1.021866639312923	21317500
chr9	21320000	21325000	0.6745800238880272	21322500
chr9	21325000	21330000	1.8402861585602797	21327500
chr9	21330000	21335000	2.0119184861436956	21332500
chr9	21335000	21340000	9.301523539420478	21337500
chr9	21340000	21345000	5.40259075286125	21342500
chr9	21345000	21350000	1.8048619224934068	21347500
chr9	21350000	21355000	1.8231075139010153	21352500
chr9	21355000	21360000	1.9662416985070863	21357500
chr9	21360000	21365000	1.5481384792975614	21362500
chr9	21365000	21370000	2.7525236490196074	21367500
chr9	21370000	21375000	5.746743997859546	21372500
chr9	21375000	21380000	6.723831934565652	21377500
chr9	21380000	21385000	1.3050053476060455	21382500
chr9	21385000	21390000	1.5989924784701661	21387500
chr9	21390000	21395000	4.972341948893679	21392500
chr9	21395000	21400000	23.017629055918853	21397500
chr9	21400000	21405000	5.163360492958695	21402500
chr9	21405000	21410000	3.2488446326391047	21407500
chr9	21410000	21415000	4.3672461689393085	21412500
chr9	21415000	21420000	3.962554022535077	21417500
chr9	21420000	21425000	2.97447258364866	21422500
chr9	21425000	21430000	2.158263807724509	21427500
chr9	21430000	21435000	2.6588162273060467	21432500
chr9	21435000	21440000	3.1305307226134733	21437500
chr9	21440000	21445000	2.090694685072067	21442500
chr9	21445000	21450000	1.778937037005149	21447500
chr9	21450000	21455000	3.3648050367828453	21452500
chr9	21455000	21460000	2.394171578788954	21457500
chr9	21460000	21465000	7.092208211635284	21462500
chr9	21465000	21470000	3.2623371956843186	21467500
chr9	21470000	21475000	3.9944742923464576	21472500
chr9	21475000	21480000	3.7307665317857226	21477500
chr9	21480000	21485000	4.614408562753305	21482500
chr9	21485000	21490000	2.6087021331093183	21487500
chr9	21490000	21495000	2.586941789919385	21492500
chr9	21495000	21500000	2.590956370504899	21497500
chr9	21500000	21505000	3.1359659775581235	21502500
chr9	21505000	21510000	8.712731833452098	21507500
chr9	21510000	21515000	2.289152038714279	21512500
chr9	21515000	21520000	1.0129476509407749	21517500
chr9	21520000	21525000	2.4758667674242343	21522500
chr9	21525000	21530000	1.5799005037260745	21527500
chr9	21530000	21535000	2.9722324755642666	21532500
chr9	21535000	21540000	6.944620761813436	21537500
chr9	21540000	21545000	2.891404177748941	21542500
chr9	21545000	21550000	12.12097081600206	21547500
chr9	21550000	21555000	1.3913689572278585	21552500
chr9	21555000	21560000	2.7974889634161992	21557500
chr9	21560000	21565000	1.7998254326265695	21562500
chr9	21565000	21570000	2.900309186087167	21567500
chr9	21570000	21575000	12.193807296304382	21572500
chr9	21575000	21580000	2.5856985992837753	21577500
chr9	21580000	21585000	0.6735391012452537	21582500
chr9	21585000	21590000	0.7524213047843619	21587500
chr9	21590000	21595000	0.7880997181128119	21592500
chr9	21595000	21600000	0.4006819113868857	21597500
chr9	21600000	21605000	1.8531183175203993	21602500
chr9	21605000	21610000	0.6215068091963631	21607500
chr9	21610000	21615000	0.9119853224092184	21612500
chr9	21615000	21620000	1.0010734014477296	21617500
chr9	21620000	21625000	0.3852006113599959	21622500
chr9	21625000	21630000	0.999010896407864	21627500
chr9	21630000	21635000	0.5323888276719893	21632500
chr9	21635000	21640000	0.9274323935849554	21637500
chr9	21640000	21645000	0.3452830703358667	21642500
chr9	21645000	21650000	1.0537549682405734	21647500
chr9	21650000	21655000	1.1272535722165913	21652500
chr9	21655000	21660000	0.7594372545852865	21657500
chr9	21660000	21665000	1.4850647232170213	21662500
chr9	21665000	21670000	8.407276884755772	21667500
chr9	21670000	21675000	1.3382978736048645	21672500
chr9	21675000	21680000	0.6011269294012349	21677500
chr9	21680000	21685000	0.5565823543497287	21682500
chr9	21685000	21690000	0.5894818245686925	21687500
chr9	21690000	21695000	0.6566881780707468	21692500
chr9	21695000	21700000	0.6204727206580304	21697500
chr9	21700000	21705000	0.6700263735304242	21702500
chr9	21705000	21710000	0.8347154536892002	21707500
chr9	21710000	21715000	1.2500713286294536	21712500
chr9	21715000	21720000	11.119479166677872	21717500
chr9	21720000	21725000	8.611033198777234	21722500
chr9	21725000	21730000	7.980913822990987	21727500
chr9	21730000	21735000	4.395099729200134	21732500
chr9	21735000	21740000	4.885613172333595	21737500
chr9	21740000	21745000	5.906999313381651	21742500
chr9	21745000	21750000	15.654773447769152	21747500
chr9	21750000	21755000	1.9350620021017646	21752500
chr9	21755000	21760000	1.108661849166561	21757500
chr9	21760000	21765000	0.5899035657853864	21762500
chr9	21765000	21770000	0.6309025528381136	21767500
chr9	21770000	21775000	0.5588894059271451	21772500
chr9	21775000	21780000	0.5734264003998542	21777500
chr9	21780000	21785000	1.9057267836805913	21782500
chr9	21785000	21790000	4.760612896961545	21787500
chr9	21790000	21795000	4.254209554305293	21792500
chr9	21795000	21800000	2.0208451634415012	21797500
chr9	21800000	21805000	3.426972945756226	21802500
chr9	21805000	21810000	2.115521781279455	21807500
chr9	21810000	21815000	2.108352573602201	21812500
chr9	21815000	21820000	0.918332265688554	21817500
chr9	21820000	21825000	1.108578796475974	21822500
chr9	21825000	21830000	7.845159716684604	21827500
chr9	21830000	21835000	1.5587218570682357	21832500
chr9	21835000	21840000	2.153955442574973	21837500
chr9	21840000	21845000	4.962480656222365	21842500
chr9	21845000	21850000	1.4863566401217128	21847500
chr9	21850000	21855000	2.1008798820952723	21852500
chr9	21855000	21860000	1.9322922951656816	21857500
chr9	21860000	21865000	3.4243047401149975	21862500
chr9	21865000	21870000	1.1023944456858246	21867500
chr9	21870000	21875000	2.1690739097730813	21872500
chr9	21875000	21880000	2.0186250707561766	21877500
chr9	21880000	21885000	0.9431889362781858	21882500
chr9	21885000	21890000	1.9048099848426912	21887500
chr9	21890000	21895000	2.234340015087807	21892500
chr9	21895000	21900000	2.155981370890787	21897500
chr9	21900000	21905000	2.6237707157645938	21902500
chr9	21905000	21910000	2.7666597092151712	21907500
chr9	21910000	21915000	11.814859632470267	21912500
chr9	21915000	21920000	3.1481971930267862	21917500
chr9	21920000	21925000	9.24985113218216	21922500
chr9	21925000	21930000	12.454058033658637	21927500
chr9	21930000	21935000	3.070311124098582	21932500
chr9	21935000	21940000	6.693037194910104	21937500
chr9	21940000	21945000	5.367164426907289	21942500
chr9	21945000	21950000	7.285264768111382	21947500
chr9	21950000	21955000	3.8845313813527733	21952500
chr9	21955000	21960000	2.2030948368957795	21957500
chr9	21960000	21965000	10.941744379562989	21962500
chr9	21965000	21970000	2.6383998594346694	21967500
chr9	21970000	21975000	1.9005191325944883	21972500
chr9	21975000	21980000	2.972478473983719	21977500
chr9	21980000	21985000	2.2936358726729513	21982500
chr9	21985000	21990000	15.38696500730644	21987500
chr9	21990000	21995000	2.6753212395079684	21992500
chr9	21995000	22000000	3.0823342780283696	21997500
chr9	22000000	22005000	10.665338493682496	22002500
chr9	22005000	22010000	1.905913106035274	22007500
chr9	22010000	22015000	2.35005387210706	22012500
chr9	22015000	22020000	2.2415815698093966	22017500
chr9	22020000	22025000	2.450470020413082	22022500
chr9	22025000	22030000	2.270280915271065	22027500
chr9	22030000	22035000	19.95765747605553	22032500
chr9	22035000	22040000	1.799477669139258	22037500
chr9	22040000	22045000	1.1340747996234677	22042500
chr9	22045000	22050000	0.5945681328092514	22047500
chr9	22050000	22055000	0.9552867140831961	22052500
chr9	22055000	22060000	0.8904571156504514	22057500
chr9	22060000	22065000	0.8194832220990946	22062500
chr9	22065000	22070000	1.0480234544670604	22067500
chr9	22070000	22075000	1.7219091249415128	22072500
chr9	22075000	22080000	1.7288485722557914	22077500
chr9	22080000	22085000	1.0958984320476952	22082500
chr9	22085000	22090000	0.5608839584104583	22087500
chr9	22090000	22095000	0.5788280401354984	22092500
chr9	22095000	22100000	0.8246337133636853	22097500
chr9	22100000	22105000	0.36888452770439656	22102500
chr9	22105000	22110000	3.3963139313599884	22107500
chr9	22110000	22115000	2.9102848155799688	22112500
chr9	22115000	22120000	2.1663352775102878	22117500
chr9	22120000	22125000	0.8433876124673805	22122500
chr9	22125000	22130000	2.0655870729424866	22127500
chr9	22130000	22135000	2.218410133596156	22132500
chr9	22135000	22140000	3.9606908033719166	22137500
chr9	22140000	22145000	2.419012025077469	22142500
chr9	22145000	22150000	2.391787614323698	22147500
chr9	22150000	22155000	2.2836650546801893	22152500
chr9	22155000	22160000	2.2836650546801893	22157500
chr9	22160000	22165000	1.984766100384635	22162500
chr9	22165000	22170000	2.02027695356491	22167500
chr9	22170000	22175000	4.2287723709311305	22172500
chr9	22175000	22180000	3.846371866217416	22177500
chr9	22180000	22185000	3.3502729072824025	22182500
chr9	22185000	22190000	2.2313328168566073	22187500
chr9	22190000	22195000	2.3183135049016412	22192500
chr9	22195000	22200000	2.231332543684514	22197500
chr9	22200000	22205000	1.7056408285571234	22202500
chr9	22205000	22210000	1.5124630995199047	22207500
chr9	22210000	22215000	1.7875895901268057	22212500
chr9	22215000	22220000	1.9718556839745505	22217500
chr9	22220000	22225000	2.954727458762133	22222500
chr9	22225000	22230000	5.144541622111685	22227500
chr9	22230000	22235000	2.4817485657481297	22232500
chr9	22235000	22240000	1.7003316993243087	22237500
chr9	22240000	22245000	1.798625699062932	22242500
chr9	22245000	22250000	2.5204674824866293	22247500
chr9	22250000	22255000	2.0379822107922725	22252500
chr9	22255000	22260000	1.677556198985862	22257500
chr9	22260000	22265000	2.082714103578496	22262500
chr9	22265000	22270000	2.0873725183074447	22267500
chr9	22270000	22275000	1.4706645990352232	22272500
chr9	22275000	22280000	2.8554862375234746	22277500
chr9	22280000	22285000	2.6788679522958865	22282500
chr9	22285000	22290000	2.4203311673497234	22287500
chr9	22290000	22295000	2.24267543211618	22292500
chr9	22295000	22300000	5.982610182937952	22297500
chr9	22300000	22305000	6.201724034673229	22302500
chr9	22305000	22310000	2.298045430010107	22307500
chr9	22310000	22315000	4.235449344065809	22312500
chr9	22315000	22320000	3.165866084563096	22317500
chr9	22320000	22325000	1.5403732307393248	22322500
chr9	22325000	22330000	5.928012017733137	22327500
chr9	22330000	22335000	5.4948839840166634	22332500
chr9	22335000	22340000	6.070023319145637	22337500
chr9	22340000	22345000	3.3209687869404654	22342500
chr9	22345000	22350000	2.9152286210131404	22347500
chr9	22350000	22355000	5.489406765559858	22352500
chr9	22355000	22360000	7.5287154444076565	22357500
chr9	22360000	22365000	11.677548395631696	22362500
chr9	22365000	22370000	1.6057820521412025	22367500
chr9	22370000	22375000	1.15413352983484	22372500
chr9	22375000	22380000	1.4647984201450899	22377500
chr9	22380000	22385000	0.7120870658210292	22382500
chr9	22385000	22390000	0.7685621202812377	22387500
chr9	22390000	22395000	0.46631069023561167	22392500
chr9	22395000	22400000	0.6265839866946029	22397500
chr9	22400000	22405000	0.8478553047993304	22402500
chr9	22405000	22410000	1.9868560832447362	22407500
chr9	22410000	22415000	1.429625021566182	22412500
chr9	22415000	22420000	3.0164930327978308	22417500
chr9	22420000	22425000	8.995302385566506	22422500
chr9	22425000	22430000	5.671064205408702	22427500
chr9	22430000	22435000	5.7842868046196525	22432500
chr9	22435000	22440000	8.6223170534034	22437500
chr9	22440000	22445000	4.412276542410468	22442500
chr9	22445000	22450000	3.8634545224094796	22447500
chr9	22450000	22455000	5.205813310182683	22452500
chr9	22455000	22460000	4.55984454124722	22457500
chr9	22460000	22465000	8.331326443743857	22462500
chr9	22465000	22470000	12.476625068743289	22467500
chr9	22470000	22475000	5.061305190170341	22472500
chr9	22475000	22480000	4.248488294507017	22477500
chr9	22480000	22485000	3.549603759052623	22482500
chr9	22485000	22490000	4.222065802882406	22487500
chr9	22490000	22495000	3.5841811712453655	22492500
chr9	22495000	22500000	6.810498213739159	22497500
chr9	22500000	22505000	6.932422307090144	22502500
chr9	22505000	22510000	2.564011974444289	22507500
chr9	22510000	22515000	3.2358602996303443	22512500
chr9	22515000	22520000	3.6966021295676543	22517500
chr9	22520000	22525000	3.3722214753969717	22522500
chr9	22525000	22530000	4.376765466682925	22527500
chr9	22530000	22535000	3.9846517935335233	22532500
chr9	22535000	22540000	2.5353305980788434	22537500
chr9	22540000	22545000	5.548999067096747	22542500
chr9	22545000	22550000	4.751449722742776	22547500
chr9	22550000	22555000	3.9805654182434145	22552500
chr9	22555000	22560000	3.676886971051379	22557500
chr9	22560000	22565000	3.9258736375700414	22562500
chr9	22565000	22570000	3.4932042176743847	22567500
chr9	22570000	22575000	4.7324550211315275	22572500
chr9	22575000	22580000	5.336493146060491	22577500
chr9	22580000	22585000	3.895960482894575	22582500
chr9	22585000	22590000	1.632809897156924	22587500
chr9	22590000	22595000	6.716228641387386	22592500
chr9	22595000	22600000	1.9316547964057462	22597500
chr9	22600000	22605000	4.447627328569572	22602500
chr9	22605000	22610000	2.4958570037322048	22607500
chr9	22610000	22615000	4.961669484046088	22612500
chr9	22615000	22620000	4.035354954504248	22617500
chr9	22620000	22625000	4.227934464195644	22622500
chr9	22625000	22630000	3.5677439396337745	22627500
chr9	22630000	22635000	5.248953121366972	22632500
chr9	22635000	22640000	4.893664383476456	22637500
chr9	22640000	22645000	3.284871988828626	22642500
chr9	22645000	22650000	2.527581723851861	22647500
chr9	22650000	22655000	3.446460596056978	22652500
chr9	22655000	22660000	3.4348456990945095	22657500
chr9	22660000	22665000	2.7830870903007052	22662500
chr9	22665000	22670000	3.1454157308937836	22667500
chr9	22670000	22675000	2.6265799301741493	22672500
chr9	22675000	22680000	2.1237970921174254	22677500
chr9	22680000	22685000	2.4733361831249305	22682500
chr9	22685000	22690000	2.725963789184848	22687500
chr9	22690000	22695000	3.2612976278011594	22692500
chr9	22695000	22700000	3.9904695189382187	22697500
chr9	22700000	22705000	2.0479319956477715	22702500
chr9	22705000	22710000	2.707263388251498	22707500
chr9	22710000	22715000	3.307388143427398	22712500
chr9	22715000	22720000	3.3000220433506233	22717500
chr9	22720000	22725000	3.4951927779197343	22722500
chr9	22725000	22730000	3.3674265869924334	22727500
chr9	22730000	22735000	2.5493088986961605	22732500
chr9	22735000	22740000	3.045812978255001	22737500
chr9	22740000	22745000	3.4139358520364644	22742500
chr9	22745000	22750000	2.1172803897521577	22747500
chr9	22750000	22755000	4.074859154561693	22752500
chr9	22755000	22760000	2.097186462374602	22757500
chr9	22760000	22765000	1.90048400304958	22762500
chr9	22765000	22770000	1.104190873383089	22767500
chr9	22770000	22775000	3.989171842906619	22772500
chr9	22775000	22780000	4.026109178043505	22777500
chr9	22780000	22785000	3.046126185713709	22782500
chr9	22785000	22790000	3.4146807329818163	22787500
chr9	22790000	22795000	4.572820381217814	22792500
chr9	22795000	22800000	3.300734538343044	22797500
chr9	22800000	22805000	11.59106122578685	22802500
chr9	22805000	22810000	5.362240405544188	22807500
chr9	22810000	22815000	4.912313783855803	22812500
chr9	22815000	22820000	6.258606558415786	22817500
chr9	22820000	22825000	3.3095690277254937	22822500
chr9	22825000	22830000	2.0507933858204668	22827500
chr9	22830000	22835000	3.080516616680002	22832500
chr9	22835000	22840000	3.804909528862767	22837500
chr9	22840000	22845000	5.4278291411593464	22842500
chr9	22845000	22850000	6.531314719735428	22847500
chr9	22850000	22855000	3.861320272816933	22852500
chr9	22855000	22860000	5.619625199300907	22857500
chr9	22860000	22865000	18.783457504948938	22862500
chr9	22865000	22870000	7.765740196536831	22867500
chr9	22870000	22875000	3.3078049516228814	22872500
chr9	22875000	22880000	4.230523749833535	22877500
chr9	22880000	22885000	4.407446887812419	22882500
chr9	22885000	22890000	4.678696217139395	22887500
chr9	22890000	22895000	2.676861131803412	22892500
chr9	22895000	22900000	3.657361468355269	22897500
chr9	22900000	22905000	2.882696131154051	22902500
chr9	22905000	22910000	2.6182199033277915	22907500
chr9	22910000	22915000	1.7530728791119121	22912500
chr9	22915000	22920000	1.2409884275760776	22917500
chr9	22920000	22925000	1.2092575924299975	22922500
chr9	22925000	22930000	1.4123225936029657	22927500
chr9	22930000	22935000	4.79225420176965	22932500
chr9	22935000	22940000	23.29042764911647	22937500
chr9	22940000	22945000	1.8755108211335958	22942500
chr9	22945000	22950000	2.2143202070862906	22947500
chr9	22950000	22955000	1.4060928019654861	22952500
chr9	22955000	22960000	3.1083200966663735	22957500
chr9	22960000	22965000	3.3339217667494325	22962500
chr9	22965000	22970000	1.7707956416124957	22967500
chr9	22970000	22975000	1.5536189226523036	22972500
chr9	22975000	22980000	6.2341843560561125	22977500
chr9	22980000	22985000	20.936233781487978	22982500
chr9	22985000	22990000	3.627553960432706	22987500
chr9	22990000	22995000	3.925359789537006	22992500
chr9	22995000	23000000	2.1522496677131535	22997500
chr9	23000000	23005000	0.9691731401594063	23002500
chr9	23005000	23010000	1.6471077137531551	23007500
chr9	23010000	23015000	4.072820760796363	23012500
chr9	23015000	23020000	2.815070779835034	23017500
chr9	23020000	23025000	6.55551842974807	23022500
chr9	23025000	23030000	4.911764901123223	23027500
chr9	23030000	23035000	1.979660737285602	23032500
chr9	23035000	23040000	2.4734176284111036	23037500
chr9	23040000	23045000	2.465975783419661	23042500
chr9	23045000	23050000	4.0566606462136425	23047500
chr9	23050000	23055000	2.1087446373962426	23052500
chr9	23055000	23060000	2.3229205482856394	23057500
chr9	23060000	23065000	1.6855001501038036	23062500
chr9	23065000	23070000	2.933519454296098	23067500
chr9	23070000	23075000	16.632913990150318	23072500
chr9	23075000	23080000	4.80418279032079	23077500
chr9	23080000	23085000	6.908951270732641	23082500
chr9	23085000	23090000	9.712648993691756	23087500
chr9	23090000	23095000	4.476056468950501	23092500
chr9	23095000	23100000	4.985997786466873	23097500
chr9	23100000	23105000	4.06258973777219	23102500
chr9	23105000	23110000	4.503776568164556	23107500
chr9	23110000	23115000	5.199172614848463	23112500
chr9	23115000	23120000	11.235599529146294	23117500
chr9	23120000	23125000	2.6856468984844244	23122500
chr9	23125000	23130000	1.1142624124659528	23127500
chr9	23130000	23135000	3.2934975642257536	23132500
chr9	23135000	23140000	11.037597374788204	23137500
chr9	23140000	23145000	2.912277267667108	23142500
chr9	23145000	23150000	3.993108513836669	23147500
chr9	23150000	23155000	2.4832694845291794	23152500
chr9	23155000	23160000	1.3159089233463381	23157500
chr9	23160000	23165000	1.1716620096932793	23162500
chr9	23165000	23170000	0.9468144487953988	23167500
chr9	23170000	23175000	1.8718974343200203	23172500
chr9	23175000	23180000	1.8653107107923872	23177500
chr9	23180000	23185000	1.7660968152213175	23182500
chr9	23185000	23190000	1.7043730859341548	23187500
chr9	23190000	23195000	0.6846490371706807	23192500
chr9	23195000	23200000	1.7240727735112689	23197500
chr9	23200000	23205000	27.227351436018033	23202500
chr9	23205000	23210000	2.1556682937753977	23207500
chr9	23210000	23215000	1.2161915439259978	23212500
chr9	23215000	23220000	1.5137903448061156	23217500
chr9	23220000	23225000	1.5714457841972869	23222500
chr9	23225000	23230000	0.8747733662876583	23227500
chr9	23230000	23235000	1.553247732742946	23232500
chr9	23235000	23240000	1.4738226213662695	23237500
chr9	23240000	23245000	2.5418825706589625	23242500
chr9	23245000	23250000	1.0756450869514675	23247500
chr9	23250000	23255000	0.6394345754461837	23252500
chr9	23255000	23260000	0.9438269991601203	23257500
chr9	23260000	23265000	1.2634451400121365	23262500
chr9	23265000	23270000	0.5634215300300415	23267500
chr9	23270000	23275000	0.7967263198568009	23272500
chr9	23275000	23280000	0.6039470714412235	23277500
chr9	23280000	23285000	4.715609406191356	23282500
chr9	23285000	23290000	2.440052905476463	23287500
chr9	23290000	23295000	5.076932299672625	23292500
chr9	23295000	23300000	0.7238810375960703	23297500
chr9	23300000	23305000	0.7584211491707711	23302500
chr9	23305000	23310000	1.675827026508515	23307500
chr9	23310000	23315000	0.4875494179784896	23312500
chr9	23315000	23320000	0.6251543894240327	23317500
chr9	23320000	23325000	0.8289394369957057	23322500
chr9	23325000	23330000	4.036466681987629	23327500
chr9	23330000	23335000	4.300080971627589	23332500
chr9	23335000	23340000	0.8658318143229072	23337500
chr9	23340000	23345000	1.4148166712504375	23342500
chr9	23345000	23350000	1.0400629617331314	23347500
chr9	23350000	23355000	2.0331552380323537	23352500
chr9	23355000	23360000	2.2475881119501757	23357500
chr9	23360000	23365000	0.49430046430310404	23362500
chr9	23365000	23370000	2.4360038982949512	23367500
chr9	23370000	23375000	2.591803100328587	23372500
chr9	23375000	23380000	1.467947160669543	23377500
chr9	23380000	23385000	1.5766398593155408	23382500
chr9	23385000	23390000	1.5493614584414523	23387500
chr9	23390000	23395000	1.9573620749864507	23392500
chr9	23395000	23400000	2.9685278004563367	23397500
chr9	23400000	23405000	7.606460589850666	23402500
chr9	23405000	23410000	4.474410339208151	23407500
chr9	23410000	23415000	2.567387124399683	23412500
chr9	23415000	23420000	6.672460961403982	23417500
chr9	23420000	23425000	4.2681104401619745	23422500
chr9	23425000	23430000	6.985597997960004	23427500
chr9	23430000	23435000	3.2318477026111077	23432500
chr9	23435000	23440000	1.4818166926682417	23437500
chr9	23440000	23445000	1.5465101153718728	23442500
chr9	23445000	23450000	2.6731831215506343	23447500
chr9	23450000	23455000	8.538596874948889	23452500
chr9	23455000	23460000	7.7164196865377725	23457500
chr9	23460000	23465000	0.7295455450501868	23462500
chr9	23465000	23470000	1.2603337224699334	23467500
chr9	23470000	23475000	0.7795531499667993	23472500
chr9	23475000	23480000	1.393774499823614	23477500
chr9	23480000	23485000	7.954986866482273	23482500
chr9	23485000	23490000	3.8982873539045904	23487500
chr9	23490000	23495000	0.7530740491354113	23492500
chr9	23495000	23500000	1.9473491102557794	23497500
chr9	23500000	23505000	1.9083100013997663	23502500
chr9	23505000	23510000	0.8147922297133126	23507500
chr9	23510000	23515000	0.5628092986064186	23512500
chr9	23515000	23520000	1.042934160334417	23517500
chr9	23520000	23525000	1.1042830377534363	23522500
chr9	23525000	23530000	1.0072866957128963	23527500
chr9	23530000	23535000	1.2752631775712693	23532500
chr9	23535000	23540000	4.213541287655608	23537500
chr9	23540000	23545000	1.7904140426514874	23542500
chr9	23545000	23550000	0.8952712032143368	23547500
chr9	23550000	23555000	4.6310599645024055	23552500
chr9	23555000	23560000	2.9341364197772113	23557500
chr9	23560000	23565000	1.4579468283386001	23562500
chr9	23565000	23570000	1.132964987601906	23567500
chr9	23570000	23575000	0.9558915674155506	23572500
chr9	23575000	23580000	1.4247968830377944	23577500
chr9	23580000	23585000	1.34807921932402	23582500
chr9	23585000	23590000	1.157627141769088	23587500
chr9	23590000	23595000	1.1431149165042112	23592500
chr9	23595000	23600000	1.190384128028987	23597500
chr9	23600000	23605000	2.092428148313225	23602500
chr9	23605000	23610000	3.2133857883291976	23607500
chr9	23610000	23615000	7.024352059984654	23612500
chr9	23615000	23620000	0.7843928868919354	23617500
chr9	23620000	23625000	6.9677960301143225	23622500
chr9	23625000	23630000	2.258810135054221	23627500
chr9	23630000	23635000	1.175272152554709	23632500
chr9	23635000	23640000	1.1470501089379683	23637500
chr9	23640000	23645000	1.3055082366907709	23642500
chr9	23645000	23650000	1.0599982251208269	23647500
chr9	23650000	23655000	1.7505368955717326	23652500
chr9	23655000	23660000	0.788714523600308	23657500
chr9	23660000	23665000	1.3188886478609012	23662500
chr9	23665000	23670000	4.2838720732511995	23667500
chr9	23670000	23675000	8.073163936111229	23672500
chr9	23675000	23680000	2.0258831458084248	23677500
chr9	23680000	23685000	2.437002584040538	23682500
chr9	23685000	23690000	1.2285240525494914	23687500
chr9	23690000	23695000	0.75811017961311	23692500
chr9	23695000	23700000	0.6916694381811206	23697500
chr9	23700000	23705000	0.819426630561461	23702500
chr9	23705000	23710000	0.6343083561992363	23707500
chr9	23710000	23715000	0.7344513808768671	23712500
chr9	23715000	23720000	3.4549937548730654	23717500
chr9	23720000	23725000	1.9920354208191557	23722500
chr9	23725000	23730000	10.497531005614546	23727500
chr9	23730000	23735000	7.49800027630096	23732500
chr9	23735000	23740000	4.984028672657999	23737500
chr9	23740000	23745000	1.9845562844277511	23742500
chr9	23745000	23750000	2.0919539879682656	23747500
chr9	23750000	23755000	9.286826674489397	23752500
chr9	23755000	23760000	4.808487052736228	23757500
chr9	23760000	23765000	1.3066883864005114	23762500
chr9	23765000	23770000	1.4303380007571413	23767500
chr9	23770000	23775000	1.314725414323899	23772500
chr9	23775000	23780000	2.8674161949473964	23777500
chr9	23780000	23785000	5.41339644630842	23782500
chr9	23785000	23790000	6.533674798962486	23787500
chr9	23790000	23795000	12.060654786600118	23792500
chr9	23795000	23800000	16.847650655783013	23797500
chr9	23800000	23805000	30.29859235421603	23802500
chr9	23805000	23810000	11.487048403023593	23807500
chr9	23810000	23815000	19.022104324213498	23812500
chr9	23815000	23820000	6.064960417152478	23817500
chr9	23820000	23825000	2.451470039694695	23822500
chr9	23825000	23830000	13.595524642988897	23827500
chr9	23830000	23835000	4.416659161245487	23832500
chr9	23835000	23840000	2.6789855955863953	23837500
chr9	23840000	23845000	4.169987552023885	23842500
chr9	23845000	23850000	21.15341049408753	23847500
chr9	23850000	23855000	10.5272045929228	23852500
chr9	23855000	23860000	3.167770754525435	23857500
chr9	23860000	23865000	2.475348283994661	23862500
chr9	23865000	23870000	7.728387618132193	23867500
chr9	23870000	23875000	4.956027446419405	23872500
chr9	23875000	23880000	2.0248262990246424	23877500
chr9	23880000	23885000	1.5877052927927766	23882500
chr9	23885000	23890000	1.3939984342784306	23887500
chr9	23890000	23895000	1.1487738548002469	23892500
chr9	23895000	23900000	1.6426025495593588	23897500
chr9	23900000	23905000	1.3211783896546188	23902500
chr9	23905000	23910000	2.071813884061401	23907500
chr9	23910000	23915000	1.0728553871032318	23912500
chr9	23915000	23920000	5.964039062019708	23917500
chr9	23920000	23925000	3.3322699247504457	23922500
chr9	23925000	23930000	5.312918668902876	23927500
chr9	23930000	23935000	11.719300513043466	23932500
chr9	23935000	23940000	11.08212373053282	23937500
chr9	23940000	23945000	4.8707708083697225	23942500
chr9	23945000	23950000	7.324846575956364	23947500
chr9	23950000	23955000	11.645397890411985	23952500
chr9	23955000	23960000	9.335959974274202	23957500
chr9	23960000	23965000	9.271857720295202	23962500
chr9	23965000	23970000	15.737127876971739	23967500
chr9	23970000	23975000	11.565337553196244	23972500
chr9	23975000	23980000	6.92825370585743	23977500
chr9	23980000	23985000	12.74645821539594	23982500
chr9	23985000	23990000	15.005776282646721	23987500
chr9	23990000	23995000	20.172328450924518	23992500
chr9	23995000	24000000	6.830423691394629	23997500
chr9	24000000	24005000	11.659714925524924	24002500
chr9	24005000	24010000	7.738420204385342	24007500
chr9	24010000	24015000	11.884202111495764	24012500
chr9	24015000	24020000	6.714064050199713	24017500
chr9	24020000	24025000	11.595941622121558	24022500
chr9	24025000	24030000	8.690515333659993	24027500
chr9	24030000	24035000	4.567768034344277	24032500
chr9	24035000	24040000	9.307327583565451	24037500
chr9	24040000	24045000	11.349687803611404	24042500
chr9	24045000	24050000	9.874919232953102	24047500
chr9	24050000	24055000	6.210375439791298	24052500
chr9	24055000	24060000	6.194449802401972	24057500
chr9	24060000	24065000	9.349297321614676	24062500
chr9	24065000	24070000	4.949354262965798	24067500
chr9	24070000	24075000	5.262382559014868	24072500
chr9	24075000	24080000	12.331123577487217	24077500
chr9	24080000	24085000	9.655128835415843	24082500
chr9	24085000	24090000	5.876555994451334	24087500
chr9	24090000	24095000	6.31113013508941	24092500
chr9	24095000	24100000	20.235395664580413	24097500
chr9	24100000	24105000	11.762712976444355	24102500
chr9	24105000	24110000	10.425992718074403	24107500
chr9	24110000	24115000	10.177352105447824	24112500
chr9	24115000	24120000	4.861531456787046	24117500
chr9	24120000	24125000	17.30296708122746	24122500
chr9	24125000	24130000	5.1165748120419785	24127500
chr9	24130000	24135000	6.007253054557309	24132500
chr9	24135000	24140000	12.028850378854605	24137500
chr9	24140000	24145000	12.12412647181418	24142500
chr9	24145000	24150000	11.415248604207692	24147500
chr9	24150000	24155000	13.030137395921013	24152500
chr9	24155000	24160000	13.027483887190138	24157500
chr9	24160000	24165000	21.118523398856823	24162500
chr9	24165000	24170000	15.15054846300948	24167500
chr9	24170000	24175000	19.42967966762431	24172500
chr9	24175000	24180000	13.68410376911983	24177500
chr9	24180000	24185000	16.551262706638802	24182500
chr9	24185000	24190000	18.9814951650305	24187500
chr9	24190000	24195000	20.47025334757171	24192500
chr9	24195000	24200000	26.71490082017531	24197500
chr9	24200000	24205000	24.473802275866483	24202500
chr9	24205000	24210000	30.52236335251838	24207500
chr9	24210000	24215000	14.639643111835483	24212500
chr9	24215000	24220000	11.714699234647906	24217500
chr9	24220000	24225000	21.968829953919403	24222500
chr9	24225000	24230000	14.208150782924431	24227500
chr9	24230000	24235000	17.905649288418417	24232500
chr9	24235000	24240000	16.402659784792252	24237500
chr9	24240000	24245000	28.16821968518096	24242500
chr9	24245000	24250000	15.57072403847419	24247500
chr9	24250000	24255000	14.080356630552739	24252500
chr9	24255000	24260000	14.274878733116326	24257500
chr9	24260000	24265000	14.37766628194791	24262500
chr9	24265000	24270000	13.50855128224935	24267500
chr9	24270000	24275000	15.0069560172914	24272500
chr9	24275000	24280000	19.195475336530595	24277500
chr9	24280000	24285000	17.36589791131831	24282500
chr9	24285000	24290000	21.902117594714902	24287500
chr9	24290000	24295000	13.526106392879635	24292500
chr9	24295000	24300000	15.68617790237325	24297500
chr9	24300000	24305000	15.39078587029752	24302500
chr9	24305000	24310000	9.510552944805276	24307500
chr9	24310000	24315000	9.840251154882866	24312500
chr9	24315000	24320000	13.442993638658297	24317500
chr9	24320000	24325000	33.80908575493311	24322500
chr9	24325000	24330000	33.17289320135499	24327500
chr9	24330000	24335000	28.03104291372656	24332500
chr9	24335000	24340000	20.45567040476956	24337500
chr9	24340000	24345000	27.736698149773932	24342500
chr9	24345000	24350000	14.260909719075972	24347500
chr9	24350000	24355000	15.580437931179814	24352500
chr9	24355000	24360000	30.31343985293099	24357500
chr9	24360000	24365000	23.54617236332804	24362500
chr9	24365000	24370000	15.128879855194418	24367500
chr9	24370000	24375000	12.540634849799229	24372500
chr9	24375000	24380000	29.822869089857022	24377500
chr9	24380000	24385000	25.502674430756368	24382500
chr9	24385000	24390000	21.838090732296852	24387500
chr9	24390000	24395000	17.6444673118748	24392500
chr9	24395000	24400000	14.317899593646292	24397500
chr9	24400000	24405000	12.664008746474662	24402500
chr9	24405000	24410000	8.322143623525479	24407500
chr9	24410000	24415000	7.6966042338155285	24412500
chr9	24415000	24420000	13.997661040896158	24417500
chr9	24420000	24425000	22.36758020676123	24422500
chr9	24425000	24430000	10.521662328336214	24427500
chr9	24430000	24435000	12.972907799193818	24432500
chr9	24435000	24440000	22.517655140062736	24437500
chr9	24440000	24445000	14.302922399964205	24442500
chr9	24445000	24450000	11.264157678770795	24447500
chr9	24450000	24455000	14.05914378466948	24452500
chr9	24455000	24460000	13.117410127100946	24457500
chr9	24460000	24465000	10.704990824162426	24462500
chr9	24465000	24470000	11.438518150194716	24467500
chr9	24470000	24475000	30.67585746748182	24472500
chr9	24475000	24480000	19.876107580731443	24477500
chr9	24480000	24485000	7.92547295034381	24482500
chr9	24485000	24490000	10.705691279654648	24487500
chr9	24490000	24495000	14.484771513157794	24492500
chr9	24495000	24500000	7.733762688087645	24497500
chr9	24500000	24505000	11.842721665621019	24502500
chr9	24505000	24510000	12.80764988930933	24507500
chr9	24510000	24515000	21.0834164551288	24512500
chr9	24515000	24520000	12.868062935543426	24517500
chr9	24520000	24525000	16.06307073968088	24522500
chr9	24525000	24530000	8.283334788674427	24527500
chr9	24530000	24535000	7.515037966186765	24532500
chr9	24535000	24540000	17.55664082116736	24537500
chr9	24540000	24545000	6.74722897792983	24542500
chr9	24545000	24550000	9.922747837463177	24547500
chr9	24550000	24555000	13.407521793413537	24552500
chr9	24555000	24560000	17.326909045129405	24557500
chr9	24560000	24565000	12.090799160874939	24562500
chr9	24565000	24570000	10.286638641906455	24567500
chr9	24570000	24575000	11.086993366256811	24572500
chr9	24575000	24580000	9.703396620463751	24577500
chr9	24580000	24585000	11.456533916898827	24582500
chr9	24585000	24590000	16.317352852593388	24587500
chr9	24590000	24595000	10.306695367387757	24592500
chr9	24595000	24600000	10.712030159933736	24597500
chr9	24600000	24605000	12.076561458327667	24602500
chr9	24605000	24610000	15.045288801152163	24607500
chr9	24610000	24615000	14.585252011075134	24612500
chr9	24615000	24620000	13.876821875795116	24617500
chr9	24620000	24625000	19.38778428854863	24622500
chr9	24625000	24630000	11.05371133375563	24627500
chr9	24630000	24635000	15.27388862659974	24632500
chr9	24635000	24640000	12.141284353361321	24637500
chr9	24640000	24645000	25.07295931740225	24642500
chr9	24645000	24650000	29.806270673110177	24647500
chr9	24650000	24655000	14.417984534747049	24652500
chr9	24655000	24660000	15.12678035441722	24657500
chr9	24660000	24665000	22.06647911007031	24662500
chr9	24665000	24670000	12.679851852450875	24667500
chr9	24670000	24675000	15.685719922111003	24672500
chr9	24675000	24680000	14.932942744354731	24677500
chr9	24680000	24685000	12.730553998613368	24682500
chr9	24685000	24690000	11.911808161755971	24687500
chr9	24690000	24695000	15.29698067076648	24692500
chr9	24695000	24700000	20.584198583637875	24697500
chr9	24700000	24705000	11.67754835026322	24702500
chr9	24705000	24710000	5.914745310605471	24707500
chr9	24710000	24715000	7.128284639730893	24712500
chr9	24715000	24720000	12.696874217968034	24717500
chr9	24720000	24725000	16.933311649699384	24722500
chr9	24725000	24730000	10.913347036429451	24727500
chr9	24730000	24735000	7.248996611138906	24732500
chr9	24735000	24740000	11.041229966486565	24737500
chr9	24740000	24745000	32.753882531911685	24742500
chr9	24745000	24750000	10.591366081801876	24747500
chr9	24750000	24755000	10.141494274462055	24752500
chr9	24755000	24760000	7.308182770227495	24757500
chr9	24760000	24765000	7.6708842701062805	24762500
chr9	24765000	24770000	8.394963686523612	24767500
chr9	24770000	24775000	9.542691996736314	24772500
chr9	24775000	24780000	10.311845747418358	24777500
chr9	24780000	24785000	9.928427056091467	24782500
chr9	24785000	24790000	12.904906497439166	24787500
chr9	24790000	24795000	10.316445402745247	24792500
chr9	24795000	24800000	7.427406539253267	24797500
chr9	24800000	24805000	11.542089259202925	24802500
chr9	24805000	24810000	7.752404073112101	24807500
chr9	24810000	24815000	7.611029670141378	24812500
chr9	24815000	24820000	9.560582176972005	24817500
chr9	24820000	24825000	21.72726325578228	24822500
chr9	24825000	24830000	12.707370863096118	24827500
chr9	24830000	24835000	5.49395335806285	24832500
chr9	24835000	24840000	6.24043965474544	24837500
chr9	24840000	24845000	9.270881702351366	24842500
chr9	24845000	24850000	10.461699314983782	24847500
chr9	24850000	24855000	6.670266874826936	24852500
chr9	24855000	24860000	5.5629797034516475	24857500
chr9	24860000	24865000	6.994785139258227	24862500
chr9	24865000	24870000	7.670420643005919	24867500
chr9	24870000	24875000	21.139261220720808	24872500
chr9	24875000	24880000	6.781595314452706	24877500
chr9	24880000	24885000	17.49691064757977	24882500
chr9	24885000	24890000	23.96389196429395	24887500
chr9	24890000	24895000	22.45191730430616	24892500
chr9	24895000	24900000	26.389932956698633	24897500
chr9	24900000	24905000	18.02110696384607	24902500
chr9	24905000	24910000	16.393075958941466	24907500
chr9	24910000	24915000	22.769326485771447	24912500
chr9	24915000	24920000	35.606669175824244	24917500
chr9	24920000	24925000	26.09945731499408	24922500
chr9	24925000	24930000	13.605367571731744	24927500
chr9	24930000	24935000	14.608482360734955	24932500
chr9	24935000	24940000	17.43222529434128	24937500
chr9	24940000	24945000	23.92407568438118	24942500
chr9	24945000	24950000	24.32611965337071	24947500
chr9	24950000	24955000	25.118936758524363	24952500
chr9	24955000	24960000	24.364957398148757	24957500
chr9	24960000	24965000	18.82287712354569	24962500
chr9	24965000	24970000	10.587395141754312	24967500
chr9	24970000	24975000	18.620238841587724	24972500
chr9	24975000	24980000	26.08723004940077	24977500
chr9	24980000	24985000	37.79692135136995	24982500
chr9	24985000	24990000	44.34068111331518	24987500
chr9	24990000	24995000	29.6751011937235	24992500
chr9	24995000	25000000	18.17547670967672	24997500
chr9	25000000	25005000	18.493368463625174	25002500
chr9	25005000	25010000	16.67337323289598	25007500
chr9	25010000	25015000	25.908690158796457	25012500
chr9	25015000	25020000	16.382794892468596	25017500
chr9	25020000	25025000	14.657761713957589	25022500
chr9	25025000	25030000	14.47173039033451	25027500
chr9	25030000	25035000	11.107364446953133	25032500
chr9	25035000	25040000	4.859680658554106	25037500
chr9	25040000	25045000	6.850010734945379	25042500
chr9	25045000	25050000	12.085399951821227	25047500
chr9	25050000	25055000	27.485628929909527	25052500
chr9	25055000	25060000	22.675997248469873	25057500
chr9	25060000	25065000	20.656898751197907	25062500
chr9	25065000	25070000	30.74069605510943	25067500
chr9	25070000	25075000	27.53295658107143	25072500
chr9	25075000	25080000	25.894947596889175	25077500
chr9	25080000	25085000	36.28129208522515	25082500
chr9	25085000	25090000	38.93096143853766	25087500
chr9	25090000	25095000	31.256350664239534	25092500
chr9	25095000	25100000	38.5977972169137	25097500
chr9	25100000	25105000	49.996184438492186	25102500
chr9	25105000	25110000	80.38595885819034	25107500
chr9	25110000	25115000	35.460110061629564	25112500
chr9	25115000	25120000	33.7027495201143	25117500
chr9	25120000	25125000	17.37957731810726	25122500
chr9	25125000	25130000	14.167099622857405	25127500
chr9	25130000	25135000	23.120494085714288	25132500
chr9	25135000	25140000	22.73546946753388	25137500
chr9	25140000	25145000	18.64458678998251	25142500
chr9	25145000	25150000	15.28638244608538	25147500
chr9	25150000	25155000	15.437875531371992	25152500
chr9	25155000	25160000	15.340583733778855	25157500
chr9	25160000	25165000	16.272185334747768	25162500
chr9	25165000	25170000	26.48492678672223	25167500
chr9	25170000	25175000	19.13758927795377	25172500
chr9	25175000	25180000	14.739275648399197	25177500
chr9	25180000	25185000	7.823167925502251	25182500
chr9	25185000	25190000	8.594933815314151	25187500
chr9	25190000	25195000	10.59050417617549	25192500
chr9	25195000	25200000	13.867272778588143	25197500
chr9	25200000	25205000	17.196211596275802	25202500
chr9	25205000	25210000	15.667490220696363	25207500
chr9	25210000	25215000	16.291297700777562	25212500
chr9	25215000	25220000	12.016702756332714	25217500
chr9	25220000	25225000	11.699454144247682	25222500
chr9	25225000	25230000	15.213742519074312	25227500
chr9	25230000	25235000	13.154243287510255	25232500
chr9	25235000	25240000	21.066856686533324	25237500
chr9	25240000	25245000	11.838778090997012	25242500
chr9	25245000	25250000	14.312582282029046	25247500
chr9	25250000	25255000	12.522290828638326	25252500
chr9	25255000	25260000	17.00479871441507	25257500
chr9	25260000	25265000	14.970488697460155	25262500
chr9	25265000	25270000	16.449318776290536	25267500
chr9	25270000	25275000	14.45519707109859	25272500
chr9	25275000	25280000	13.080007355305892	25277500
chr9	25280000	25285000	19.060953272363008	25282500
chr9	25285000	25290000	17.686310367569266	25287500
chr9	25290000	25295000	39.71365285675211	25292500
chr9	25295000	25300000	17.2529979881144	25297500
chr9	25300000	25305000	18.225889798779065	25302500
chr9	25305000	25310000	15.149455087095305	25307500
chr9	25310000	25315000	32.23616344082142	25312500
chr9	25315000	25320000	34.93184099903766	25317500
chr9	25320000	25325000	22.016662307453334	25322500
chr9	25325000	25330000	19.93084417028082	25327500
chr9	25330000	25335000	48.15965033705659	25332500
chr9	25335000	25340000	42.40859036989029	25337500
chr9	25340000	25345000	51.14087847566074	25342500
chr9	25345000	25350000	22.1088720847392	25347500
chr9	25350000	25355000	45.98533841234612	25352500
chr9	25355000	25360000	21.78901799128409	25357500
chr9	25360000	25365000	22.948958612246322	25362500
chr9	25365000	25370000	34.01853619570058	25367500
chr9	25370000	25375000	26.637440840466155	25372500
chr9	25375000	25380000	33.82117679848885	25377500
chr9	25380000	25385000	66.77499208597703	25382500
chr9	25385000	25390000	54.76330491661441	25387500
chr9	25390000	25395000	65.9876169764039	25392500
chr9	25395000	25400000	66.16323634785515	25397500
chr9	25400000	25405000	104.12088685179236	25402500
chr9	25405000	25410000	54.126693918419036	25407500
chr9	25410000	25415000	57.31189644259389	25412500
chr9	25415000	25420000	40.205044453200216	25417500
chr9	25420000	25425000	37.02741003580828	25422500
chr9	25425000	25430000	29.522619175598905	25427500
chr9	25430000	25435000	27.46277480460536	25432500
chr9	25435000	25440000	34.36249491835061	25437500
chr9	25440000	25445000	43.073200433987076	25442500
chr9	25445000	25450000	30.80940003697907	25447500
chr9	25450000	25455000	21.083928361966812	25452500
chr9	25455000	25460000	18.886546954407603	25457500
chr9	25460000	25465000	22.60464627738932	25462500
chr9	25465000	25470000	23.413896999808106	25467500
chr9	25470000	25475000	26.918310863371307	25472500
chr9	25475000	25480000	34.93712237496295	25477500
chr9	25480000	25485000	27.292664004999907	25482500
chr9	25485000	25490000	20.233129185861664	25487500
chr9	25490000	25495000	18.38573192227769	25492500
chr9	25495000	25500000	18.44046526257104	25497500
chr9	25500000	25505000	12.336124733078382	25502500
chr9	25505000	25510000	20.214814275203654	25507500
chr9	25510000	25515000	27.115209377577262	25512500
chr9	25515000	25520000	22.239371148020965	25517500
chr9	25520000	25525000	13.41522449407825	25522500
chr9	25525000	25530000	18.680811607315633	25527500
chr9	25530000	25535000	17.896612691317454	25532500
chr9	25535000	25540000	25.271136618237446	25537500
chr9	25540000	25545000	38.99400320557208	25542500
chr9	25545000	25550000	20.86822523503759	25547500
chr9	25550000	25555000	16.10241653661844	25552500
chr9	25555000	25560000	33.358781557780596	25557500
chr9	25560000	25565000	20.53421969620638	25562500
chr9	25565000	25570000	24.284565870880257	25567500
chr9	25570000	25575000	18.93099783784156	25572500
chr9	25575000	25580000	22.168157252420727	25577500
chr9	25580000	25585000	17.7220693303955	25582500
chr9	25585000	25590000	26.1281277084972	25587500
chr9	25590000	25595000	21.7789200990057	25592500
chr9	25595000	25600000	25.256847934715342	25597500
chr9	25600000	25605000	37.3924302982131	25602500
chr9	25605000	25610000	25.03107910647569	25607500
chr9	25610000	25615000	27.45799236275145	25612500
chr9	25615000	25620000	30.0613514115851	25617500
chr9	25620000	25625000	16.35163984855486	25622500
chr9	25625000	25630000	15.325905079694564	25627500
chr9	25630000	25635000	24.938528982043213	25632500
chr9	25635000	25640000	30.888349940007725	25637500
chr9	25640000	25645000	64.09428621465523	25642500
chr9	25645000	25650000	37.222450148076284	25647500
chr9	25650000	25655000	39.54744851562974	25652500
chr9	25655000	25660000	30.26540797436012	25657500
chr9	25660000	25665000	24.810615373149755	25662500
chr9	25665000	25670000	22.489967015791283	25667500
chr9	25670000	25675000	18.33755576059513	25672500
chr9	25675000	25680000	26.268707844903574	25677500
chr9	25680000	25685000	20.768808370192676	25682500
chr9	25685000	25690000	24.880075600341783	25687500
chr9	25690000	25695000	32.1749598537649	25692500
chr9	25695000	25700000	29.671786604105467	25697500
chr9	25700000	25705000	23.648628825149665	25702500
chr9	25705000	25710000	21.24720588583437	25707500
chr9	25710000	25715000	18.451888637106546	25712500
chr9	25715000	25720000	17.131576169604116	25717500
chr9	25720000	25725000	22.569967324010253	25722500
chr9	25725000	25730000	26.31703568211931	25727500
chr9	25730000	25735000	17.324741179007535	25732500
chr9	25735000	25740000	18.73623057668505	25737500
chr9	25740000	25745000	23.514174188144562	25742500
chr9	25745000	25750000	24.61543567011257	25747500
chr9	25750000	25755000	30.404268755042914	25752500
chr9	25755000	25760000	28.77452720091948	25757500
chr9	25760000	25765000	24.14503622029956	25762500
chr9	25765000	25770000	19.611194501887628	25767500
chr9	25770000	25775000	19.46037698306986	25772500
chr9	25775000	25780000	25.01301026970067	25777500
chr9	25780000	25785000	23.52230429602025	25782500
chr9	25785000	25790000	25.550974017103247	25787500
chr9	25790000	25795000	20.884500880164868	25792500
chr9	25795000	25800000	22.506883835846878	25797500
chr9	25800000	25805000	32.3452406935632	25802500
chr9	25805000	25810000	28.472590753348413	25807500
chr9	25810000	25815000	23.886912559229568	25812500
chr9	25815000	25820000	44.77562177676668	25817500
chr9	25820000	25825000	18.548979236494933	25822500
chr9	25825000	25830000	14.312691845650745	25827500
chr9	25830000	25835000	18.69900210164471	25832500
chr9	25835000	25840000	13.548690996677092	25837500
chr9	25840000	25845000	15.662158397479503	25842500
chr9	25845000	25850000	11.70650176454948	25847500
chr9	25850000	25855000	17.536160149385392	25852500
chr9	25855000	25860000	24.055823563594135	25857500
chr9	25860000	25865000	20.29020543209607	25862500
chr9	25865000	25870000	20.9952243041231	25867500
chr9	25870000	25875000	23.79851274161516	25872500
chr9	25875000	25880000	33.691234412868525	25877500
chr9	25880000	25885000	22.29684168287329	25882500
chr9	25885000	25890000	15.15713225024975	25887500
chr9	25890000	25895000	16.59089595406509	25892500
chr9	25895000	25900000	12.447855917516014	25897500
chr9	25900000	25905000	10.270241437921896	25902500
chr9	25905000	25910000	10.939043562553547	25907500
chr9	25910000	25915000	16.079724797076178	25912500
chr9	25915000	25920000	27.015379033882947	25917500
chr9	25920000	25925000	21.98555852697172	25922500
chr9	25925000	25930000	23.302000503749532	25927500
chr9	25930000	25935000	19.162861399292375	25932500
chr9	25935000	25940000	19.40460510612281	25937500
chr9	25940000	25945000	14.245004188117578	25942500
chr9	25945000	25950000	17.065320197258302	25947500
chr9	25950000	25955000	29.50912844948414	25952500
chr9	25955000	25960000	8.230696291883564	25957500
chr9	25960000	25965000	15.770894807222458	25962500
chr9	25965000	25970000	10.64174298443133	25967500
chr9	25970000	25975000	9.26087527589143	25972500
chr9	25975000	25980000	8.951251686062696	25977500
chr9	25980000	25985000	5.108188320384653	25982500
chr9	25985000	25990000	4.305591530511197	25987500
chr9	25990000	25995000	5.785446438106113	25992500
chr9	25995000	26000000	8.431526022848924	25997500
chr9	26000000	26005000	7.744459797603021	26002500
chr9	26005000	26010000	10.80566703734376	26007500
chr9	26010000	26015000	13.543276031415424	26012500
chr9	26015000	26020000	14.383754659151974	26017500
chr9	26020000	26025000	10.790237468741067	26022500
chr9	26025000	26030000	18.20047480246527	26027500
chr9	26030000	26035000	16.319246433616115	26032500
chr9	26035000	26040000	22.270099380568386	26037500
chr9	26040000	26045000	13.598610107268858	26042500
chr9	26045000	26050000	14.510581219573783	26047500
chr9	26050000	26055000	9.244235403273969	26052500
chr9	26055000	26060000	18.43643060236205	26057500
chr9	26060000	26065000	15.892300330868535	26062500
chr9	26065000	26070000	16.292684071679872	26067500
chr9	26070000	26075000	11.538263711867584	26072500
chr9	26075000	26080000	14.16687560603857	26077500
chr9	26080000	26085000	16.11113353287783	26082500
chr9	26085000	26090000	16.418054031853522	26087500
chr9	26090000	26095000	11.966778997428719	26092500
chr9	26095000	26100000	13.716530625275341	26097500
chr9	26100000	26105000	13.931613833496085	26102500
chr9	26105000	26110000	12.245193615105787	26107500
chr9	26110000	26115000	20.62506929213864	26112500
chr9	26115000	26120000	44.680855853168055	26117500
chr9	26120000	26125000	19.11580736371969	26122500
chr9	26125000	26130000	48.807146662389414	26127500
chr9	26130000	26135000	35.20466936899873	26132500
chr9	26135000	26140000	25.03994825495121	26137500
chr9	26140000	26145000	27.419157634186433	26142500
chr9	26145000	26150000	28.336067024915966	26147500
chr9	26150000	26155000	23.85842848867248	26152500
chr9	26155000	26160000	24.581548263079505	26157500
chr9	26160000	26165000	28.50637083653418	26162500
chr9	26165000	26170000	22.473898318073854	26167500
chr9	26170000	26175000	27.156865887493183	26172500
chr9	26175000	26180000	26.853300791475828	26177500
chr9	26180000	26185000	23.431974825784483	26182500
chr9	26185000	26190000	24.142802627973193	26187500
chr9	26190000	26195000	23.393291089270825	26192500
chr9	26195000	26200000	23.25594966964714	26197500
chr9	26200000	26205000	25.567260283614473	26202500
chr9	26205000	26210000	21.65566173998859	26207500
chr9	26210000	26215000	27.37571597655197	26212500
chr9	26215000	26220000	28.65091437408646	26217500
chr9	26220000	26225000	22.334518180279893	26222500
chr9	26225000	26230000	13.512732670452099	26227500
chr9	26230000	26235000	23.41423549880146	26232500
chr9	26235000	26240000	20.423828756023994	26237500
chr9	26240000	26245000	20.553454812897183	26242500
chr9	26245000	26250000	16.06516621021783	26247500
chr9	26250000	26255000	15.087672187581491	26252500
chr9	26255000	26260000	15.539281943490542	26257500
chr9	26260000	26265000	23.403218885763508	26262500
chr9	26265000	26270000	23.354837372316332	26267500
chr9	26270000	26275000	19.71004993731942	26272500
chr9	26275000	26280000	24.909924662624707	26277500
chr9	26280000	26285000	46.37570652957887	26282500
chr9	26285000	26290000	42.80709569505669	26287500
chr9	26290000	26295000	26.515792200557073	26292500
chr9	26295000	26300000	20.445638100774566	26297500
chr9	26300000	26305000	22.312026888296334	26302500
chr9	26305000	26310000	22.55805327379902	26307500
chr9	26310000	26315000	22.333786810956234	26312500
chr9	26315000	26320000	31.66840904932388	26317500
chr9	26320000	26325000	33.72611024335385	26322500
chr9	26325000	26330000	31.143616557289512	26327500
chr9	26330000	26335000	29.029549638261475	26332500
chr9	26335000	26340000	21.113059648009536	26337500
chr9	26340000	26345000	20.014161756442768	26342500
chr9	26345000	26350000	16.865982842473233	26347500
chr9	26350000	26355000	23.911869243011726	26352500
chr9	26355000	26360000	10.125445750862886	26357500
chr9	26360000	26365000	19.755755519332183	26362500
chr9	26365000	26370000	15.25222969385901	26367500
chr9	26370000	26375000	17.134906734080968	26372500
chr9	26375000	26380000	14.94052786508923	26377500
chr9	26380000	26385000	15.332105254896593	26382500
chr9	26385000	26390000	15.542953792380205	26387500
chr9	26390000	26395000	18.103865203529438	26392500
chr9	26395000	26400000	15.817683328469457	26397500
chr9	26400000	26405000	23.568934989978814	26402500
chr9	26405000	26410000	16.84857443062486	26407500
chr9	26410000	26415000	47.25116724998988	26412500
chr9	26415000	26420000	15.955422015977955	26417500
chr9	26420000	26425000	14.02088528246853	26422500
chr9	26425000	26430000	19.95412702378735	26427500
chr9	26430000	26435000	18.17813829638882	26432500
chr9	26435000	26440000	15.624839976947897	26437500
chr9	26440000	26445000	26.63113914304225	26442500
chr9	26445000	26450000	16.36662823419253	26447500
chr9	26450000	26455000	15.411172325928383	26452500
chr9	26455000	26460000	13.50753070350626	26457500
chr9	26460000	26465000	10.286199773336836	26462500
chr9	26465000	26470000	10.154049347700322	26467500
chr9	26470000	26475000	9.902476110680718	26472500
chr9	26475000	26480000	11.694665288534814	26477500
chr9	26480000	26485000	6.010237868299748	26482500
chr9	26485000	26490000	8.980001816286917	26487500
chr9	26490000	26495000	12.504821594165543	26492500
chr9	26495000	26500000	16.88570576839465	26497500
chr9	26500000	26505000	10.600899562693614	26502500
chr9	26505000	26510000	10.600899562693606	26507500
chr9	26510000	26515000	16.462862980504113	26512500
chr9	26515000	26520000	9.031011051679943	26517500
chr9	26520000	26525000	11.440728584836638	26522500
chr9	26525000	26530000	13.574183019938564	26527500
chr9	26530000	26535000	14.729857733077719	26532500
chr9	26535000	26540000	16.4851179545766	26537500
chr9	26540000	26545000	18.81073623535801	26542500
chr9	26545000	26550000	17.10728239255744	26547500
chr9	26550000	26555000	11.717961716166121	26552500
chr9	26555000	26560000	14.93456902791692	26557500
chr9	26560000	26565000	18.713710180809667	26562500
chr9	26565000	26570000	13.964239100217787	26567500
chr9	26570000	26575000	11.670823219376786	26572500
chr9	26575000	26580000	12.719416443557687	26577500
chr9	26580000	26585000	10.971200241500714	26582500
chr9	26585000	26590000	6.2242451770832465	26587500
chr9	26590000	26595000	4.387892549828108	26592500
chr9	26595000	26600000	5.517161527088176	26597500
chr9	26600000	26605000	4.651231881170191	26602500
chr9	26605000	26610000	6.261317834305527	26607500
chr9	26610000	26615000	7.065837298495038	26612500
chr9	26615000	26620000	7.1804550153870075	26617500
chr9	26620000	26625000	8.066245404694266	26622500
chr9	26625000	26630000	7.751343950991819	26627500
chr9	26630000	26635000	5.809064145989154	26632500
chr9	26635000	26640000	7.483894102045829	26637500
chr9	26640000	26645000	10.71858675392548	26642500
chr9	26645000	26650000	14.728670056469715	26647500
chr9	26650000	26655000	12.978432352956565	26652500
chr9	26655000	26660000	11.05607283755377	26657500
chr9	26660000	26665000	17.791210041554233	26662500
chr9	26665000	26670000	13.300063381468886	26667500
chr9	26670000	26675000	7.507520302183745	26672500
chr9	26675000	26680000	7.4890181481314375	26677500
chr9	26680000	26685000	7.677982919155122	26682500
chr9	26685000	26690000	10.04478757859892	26687500
chr9	26690000	26695000	13.893821223039197	26692500
chr9	26695000	26700000	22.230056235496757	26697500
chr9	26700000	26705000	21.833795958136587	26702500
chr9	26705000	26710000	18.848871645554034	26707500
chr9	26710000	26715000	29.387229779185468	26712500
chr9	26715000	26720000	8.333693337935758	26717500
chr9	26720000	26725000	7.169114436561731	26722500
chr9	26725000	26730000	5.744248908277815	26727500
chr9	26730000	26735000	11.485517569029108	26732500
chr9	26735000	26740000	9.240615403521113	26737500
chr9	26740000	26745000	9.055097662471251	26742500
chr9	26745000	26750000	9.766926649073884	26747500
chr9	26750000	26755000	7.934747336078832	26752500
chr9	26755000	26760000	6.476668762179448	26757500
chr9	26760000	26765000	5.018895098369043	26762500
chr9	26765000	26770000	6.3044944306568835	26767500
chr9	26770000	26775000	8.782125104880322	26772500
chr9	26775000	26780000	5.946842041978363	26777500
chr9	26780000	26785000	9.689551597721827	26782500
chr9	26785000	26790000	10.209798243960647	26787500
chr9	26790000	26795000	10.134362731198168	26792500
chr9	26795000	26800000	7.016472276036755	26797500
chr9	26800000	26805000	8.358239790031682	26802500
chr9	26805000	26810000	10.794163041458855	26807500
chr9	26810000	26815000	13.321323483134531	26812500
chr9	26815000	26820000	12.91283461150581	26817500
chr9	26820000	26825000	14.155062583310972	26822500
chr9	26825000	26830000	11.950397658704256	26827500
chr9	26830000	26835000	13.13807416020751	26832500
chr9	26835000	26840000	9.88965795041046	26837500
chr9	26840000	26845000	5.776047366845718	26842500
chr9	26845000	26850000	6.458555953325374	26847500
chr9	26850000	26855000	8.751719732495705	26852500
chr9	26855000	26860000	19.182683148849872	26857500
chr9	26860000	26865000	12.226992382932321	26862500
chr9	26865000	26870000	9.682303181023265	26867500
chr9	26870000	26875000	9.998437243863211	26872500
chr9	26875000	26880000	6.72420971384629	26877500
chr9	26880000	26885000	7.420605717681346	26882500
chr9	26885000	26890000	6.31420999387003	26887500
chr9	26890000	26895000	10.53702787088386	26892500
chr9	26895000	26900000	16.92846635149901	26897500
chr9	26900000	26905000	17.898956910362443	26902500
chr9	26905000	26910000	18.506494317879927	26907500
chr9	26910000	26915000	14.878963851548399	26912500
chr9	26915000	26920000	20.56742128944385	26917500
chr9	26920000	26925000	25.849027489684165	26922500
chr9	26925000	26930000	16.08704655622461	26927500
chr9	26930000	26935000	18.351888311509143	26932500
chr9	26935000	26940000	13.02867514840978	26937500
chr9	26940000	26945000	15.00774315955881	26942500
chr9	26945000	26950000	14.611983699351581	26947500
chr9	26950000	26955000	21.775155209052084	26952500
chr9	26955000	26960000	44.58715725993899	26957500
chr9	26960000	26965000	18.914042280319098	26962500
chr9	26965000	26970000	15.7000799908734	26967500
chr9	26970000	26975000	15.011413418523647	26972500
chr9	26975000	26980000	13.113479845855027	26977500
chr9	26980000	26985000	19.70254305945638	26982500
chr9	26985000	26990000	21.69111928805656	26987500
chr9	26990000	26995000	19.043309106747543	26992500
chr9	26995000	27000000	16.8506359325175	26997500
chr9	27000000	27005000	18.25967287038517	27002500
chr9	27005000	27010000	28.64220102651212	27007500
chr9	27010000	27015000	18.368331667536694	27012500
chr9	27015000	27020000	21.80602701708922	27017500
chr9	27020000	27025000	29.57251978137907	27022500
chr9	27025000	27030000	22.291404444674455	27027500
chr9	27030000	27035000	22.30804011278568	27032500
chr9	27035000	27040000	30.14119964649709	27037500
chr9	27040000	27045000	33.42709272490002	27042500
chr9	27045000	27050000	36.786806207697786	27047500
chr9	27050000	27055000	33.288309632836594	27052500
chr9	27055000	27060000	23.907109204313215	27057500
chr9	27060000	27065000	19.422330047125662	27062500
chr9	27065000	27070000	18.25424590735433	27067500
chr9	27070000	27075000	13.009724958484636	27072500
chr9	27075000	27080000	21.027128304257754	27077500
chr9	27080000	27085000	14.594428380899611	27082500
chr9	27085000	27090000	36.641431393292805	27087500
chr9	27090000	27095000	56.52629748188179	27092500
chr9	27095000	27100000	14.344709391660377	27097500
chr9	27100000	27105000	21.90004704589484	27102500
chr9	27105000	27110000	44.0737288758601	27107500
chr9	27110000	27115000	84.9758151625075	27112500
chr9	27115000	27120000	68.49225801414387	27117500
chr9	27120000	27125000	48.66125684935857	27122500
chr9	27125000	27130000	31.14979513119222	27127500
chr9	27130000	27135000	41.36576065155804	27132500
chr9	27135000	27140000	47.70755881580347	27137500
chr9	27140000	27145000	85.70592589507184	27142500
chr9	27145000	27150000	51.14149513217902	27147500
chr9	27150000	27155000	60.65437423321662	27152500
chr9	27155000	27160000	69.68127686983938	27157500
chr9	27160000	27165000	59.86153492357195	27162500
chr9	27165000	27170000	52.19743128424681	27167500
chr9	27170000	27175000	59.35153790527455	27172500
chr9	27175000	27180000	60.01631519711785	27177500
chr9	27180000	27185000	68.94921568188477	27182500
chr9	27185000	27190000	44.61431111361437	27187500
chr9	27190000	27195000	43.356042799983086	27192500
chr9	27195000	27200000	36.212664580126656	27197500
chr9	27200000	27205000	33.40406776320083	27202500
chr9	27205000	27210000	29.429609562585238	27207500
chr9	27210000	27215000	31.85218149534749	27212500
chr9	27215000	27220000	38.29513757669478	27217500
chr9	27220000	27225000	41.860756551038996	27222500
chr9	27225000	27230000	39.546761223419686	27227500
chr9	27230000	27235000	59.193808493061965	27232500
chr9	27235000	27240000	55.22297553498115	27237500
chr9	27240000	27245000	54.00519639584341	27242500
chr9	27245000	27250000	29.447843972028284	27247500
chr9	27250000	27255000	32.9110862270614	27252500
chr9	27255000	27260000	48.28467759553932	27257500
chr9	27260000	27265000	42.166701293060136	27262500
chr9	27265000	27270000	38.88876994035339	27267500
chr9	27270000	27275000	36.95147649558348	27272500
chr9	27275000	27280000	49.878663727742044	27277500
chr9	27280000	27285000	49.63256487969212	27282500
chr9	27285000	27290000	46.41109542176824	27287500
chr9	27290000	27295000	46.358888908177455	27292500
chr9	27295000	27300000	48.29369058088626	27297500
chr9	27300000	27305000	50.27795337669894	27302500
chr9	27305000	27310000	34.626192678872435	27307500
chr9	27310000	27315000	35.811292007660576	27312500
chr9	27315000	27320000	37.529319270826505	27317500
chr9	27320000	27325000	40.23480499409083	27322500
chr9	27325000	27330000	43.008571408789436	27327500
chr9	27330000	27335000	39.387430522075405	27332500
chr9	27335000	27340000	36.85471927627455	27337500
chr9	27340000	27345000	33.27123841132964	27342500
chr9	27345000	27350000	34.52024250857505	27347500
chr9	27350000	27355000	36.09172115696253	27352500
chr9	27355000	27360000	35.013421863568794	27357500
chr9	27360000	27365000	34.41470661923536	27362500
chr9	27365000	27370000	35.245393373627614	27367500
chr9	27370000	27375000	36.99957294523678	27372500
chr9	27375000	27380000	35.22349189086621	27377500
chr9	27380000	27385000	35.92049445292669	27382500
chr9	27385000	27390000	34.00093725867425	27387500
chr9	27390000	27395000	31.879280348322727	27392500
chr9	27395000	27400000	38.227288884732666	27397500
chr9	27400000	27405000	36.23926905995241	27402500
chr9	27405000	27410000	40.69956202024698	27407500
chr9	27410000	27415000	40.079083916011214	27412500
chr9	27415000	27420000	41.33018462872828	27417500
chr9	27420000	27425000	42.73553426707726	27422500
chr9	27425000	27430000	31.488276620898876	27427500
chr9	27430000	27435000	80.36526525620123	27432500
chr9	27435000	27440000	41.19380685674919	27437500
chr9	27440000	27445000	47.267870271447144	27442500
chr9	27445000	27450000	47.02097267650856	27447500
chr9	27450000	27455000	40.20217413362103	27452500
chr9	27455000	27460000	40.82695594002732	27457500
chr9	27460000	27465000	45.804496402305176	27462500
chr9	27465000	27470000	53.195315488953646	27467500
chr9	27470000	27475000	58.27325579840889	27472500
chr9	27475000	27480000	50.9117928136952	27477500
chr9	27480000	27485000	44.26420290362275	27482500
chr9	27485000	27490000	81.60711922662006	27487500
chr9	27490000	27495000	86.9820367264714	27492500
chr9	27495000	27500000	72.34937137486527	27497500
chr9	27500000	27505000	68.73540862044507	27502500
chr9	27505000	27510000	68.73540862044507	27507500
chr9	27510000	27515000	68.73540862044507	27512500
chr9	27515000	27520000	68.73540862044507	27517500
chr9	27520000	27525000	68.73540862044507	27522500
chr9	27525000	27530000	68.73540862044507	27527500
chr9	27530000	27535000	68.73540862044507	27532500
chr9	27535000	27540000	68.73540862044507	27537500
chr9	27540000	27545000	68.73540862044507	27542500
chr9	27545000	27550000	68.73540862044507	27547500
chr9	27550000	27555000	68.73540862044507	27552500
chr9	27555000	27560000	68.73540862044507	27557500
chr9	27560000	27565000	68.73540862044507	27562500
chr9	27565000	27570000	68.73540862044507	27567500
chr9	27570000	27575000	68.73540862044507	27572500
chr9	27575000	27580000	66.96043822403682	27577500
chr9	27580000	27585000	74.32113046898462	27582500
chr9	27585000	27590000	73.03389074863189	27587500
chr9	27590000	27595000	62.097651684130476	27592500
chr9	27595000	27600000	52.21185739176122	27597500
chr9	27600000	27605000	50.259000511187686	27602500
chr9	27605000	27610000	60.66757274228655	27607500
chr9	27610000	27615000	64.78295969772113	27612500
chr9	27615000	27620000	87.47308075285471	27617500
chr9	27620000	27625000	90.18305455245385	27622500
chr9	27625000	27630000	80.66639791341248	27627500
chr9	27630000	27635000	44.24061439175159	27632500
chr9	27635000	27640000	76.15431437057195	27637500
chr9	27640000	27645000	86.31219067715693	27642500
chr9	27645000	27650000	112.3490256138129	27647500
chr9	27650000	27655000	107.22157290778344	27652500
chr9	27655000	27660000	76.30796863031938	27657500
chr9	27660000	27665000	47.47761782622488	27662500
chr9	27665000	27670000	79.27675805255535	27667500
chr9	27670000	27675000	100.34990963091093	27672500
chr9	27675000	27680000	63.79475747753768	27677500
chr9	27680000	27685000	48.151625425197416	27682500
chr9	27685000	27690000	83.63907755415282	27687500
chr9	27690000	27695000	63.02567280102564	27692500
chr9	27695000	27700000	90.15901324993393	27697500
chr9	27700000	27705000	158.18162452612515	27702500
chr9	27705000	27710000	119.10133264141555	27707500
chr9	27710000	27715000	115.63209834247968	27712500
chr9	27715000	27720000	106.78292677909393	27717500
chr9	27720000	27725000	100.17091114861329	27722500
chr9	27725000	27730000	127.33674914771349	27727500
chr9	27730000	27735000	125.17086567860169	27732500
chr9	27735000	27740000	125.1626686327399	27737500
chr9	27740000	27745000	119.31944098089029	27742500
chr9	27745000	27750000	124.2423766023896	27747500
chr9	27750000	27755000	122.52041854156326	27752500
chr9	27755000	27760000	113.84706136847436	27757500
chr9	27760000	27765000	97.35854922944927	27762500
chr9	27765000	27770000	103.70241540334106	27767500
chr9	27770000	27775000	103.68170811060789	27772500
chr9	27775000	27780000	111.65611597414521	27777500
chr9	27780000	27785000	114.50045391368577	27782500
chr9	27785000	27790000	118.14286548689144	27787500
chr9	27790000	27795000	216.07108742199827	27792500
chr9	27795000	27800000	220.37977387001763	27797500
chr9	27800000	27805000	220.37977387001763	27802500
chr9	27805000	27810000	220.37977387001763	27807500
chr9	27810000	27815000	220.37977387001763	27812500
chr9	27815000	27820000	220.37977387001763	27817500
chr9	27820000	27825000	220.37977387001763	27822500
chr9	27825000	27830000	220.37977387001763	27827500
chr9	27830000	27835000	220.37977387001763	27832500
chr9	27835000	27840000	220.37977387001763	27837500
chr9	27840000	27845000	220.37977387001763	27842500
chr9	27845000	27850000	220.37977387001763	27847500
chr9	27850000	27855000	222.79600605682538	27852500
chr9	27855000	27860000	29.988185481496757	27857500
chr9	27860000	27865000	207.37466315728233	27862500
chr9	27865000	27870000	227.77520283283752	27867500
chr9	27870000	27875000	261.3003852281308	27872500
chr9	27875000	27880000	300.9179283711597	27877500
chr9	27880000	27885000	185.6492030471717	27882500
chr9	27885000	27890000	201.2849899429486	27887500
chr9	27890000	27895000	188.47690674165753	27892500
chr9	27895000	27900000	182.89906461815661	27897500
chr9	27900000	27905000	158.95204165506829	27902500
chr9	27905000	27910000	133.7707778336234	27907500
chr9	27910000	27915000	135.77347788347075	27912500
chr9	27915000	27920000	107.93856741828893	27917500
chr9	27920000	27925000	122.56619988343525	27922500
chr9	27925000	27930000	119.1885075309296	27927500
chr9	27930000	27935000	114.06224952137927	27932500
chr9	27935000	27940000	108.51178759212101	27937500
chr9	27940000	27945000	119.25765209213327	27942500
chr9	27945000	27950000	115.6035307218569	27947500
chr9	27950000	27955000	95.96605731050597	27952500
chr9	27955000	27960000	110.6993141584614	27957500
chr9	27960000	27965000	108.06474198373967	27962500
chr9	27965000	27970000	104.73794773628038	27967500
chr9	27970000	27975000	88.1034958055876	27972500
chr9	27975000	27980000	79.86665418835477	27977500
chr9	27980000	27985000	93.91293002115839	27982500
chr9	27985000	27990000	87.91779471036155	27987500
chr9	27990000	27995000	85.5238401248476	27992500
chr9	27995000	28000000	114.69779295948796	27997500
chr9	28000000	28005000	98.0658668869022	28002500
chr9	28005000	28010000	111.78268463509016	28007500
chr9	28010000	28015000	79.64005254212275	28012500
chr9	28015000	28020000	60.87619277659263	28017500
chr9	28020000	28025000	61.25882497323648	28022500
chr9	28025000	28030000	86.26681636753294	28027500
chr9	28030000	28035000	89.74343782249105	28032500
chr9	28035000	28040000	94.97007878893753	28037500
chr9	28040000	28045000	77.32140324829687	28042500
chr9	28045000	28050000	84.22878373830642	28047500
chr9	28050000	28055000	114.38088682121156	28052500
chr9	28055000	28060000	88.3531057399209	28057500
chr9	28060000	28065000	72.40124874665295	28062500
chr9	28065000	28070000	64.2363392833241	28067500
chr9	28070000	28075000	73.22539324289218	28072500
chr9	28075000	28080000	94.1181474846545	28077500
chr9	28080000	28085000	75.48152039707	28082500
chr9	28085000	28090000	74.63462367974897	28087500
chr9	28090000	28095000	67.25068466676953	28092500
chr9	28095000	28100000	41.831150518409686	28097500
chr9	28100000	28105000	33.69605381238656	28102500
chr9	28105000	28110000	40.97319618421237	28107500
chr9	28110000	28115000	36.550900936642414	28112500
chr9	28115000	28120000	46.07131450941598	28117500
chr9	28120000	28125000	43.00067535211205	28122500
chr9	28125000	28130000	77.9298995281512	28127500
chr9	28130000	28135000	93.10648742058781	28132500
chr9	28135000	28140000	61.17873217398236	28137500
chr9	28140000	28145000	66.7430851842483	28142500
chr9	28145000	28150000	56.82425112548168	28147500
chr9	28150000	28155000	51.55744019204594	28152500
chr9	28155000	28160000	53.37595761382698	28157500
chr9	28160000	28165000	56.389839130990595	28162500
chr9	28165000	28170000	53.5311966261423	28167500
chr9	28170000	28175000	46.468071955302676	28172500
chr9	28175000	28180000	48.48872699803081	28177500
chr9	28180000	28185000	50.0110579910787	28182500
chr9	28185000	28190000	68.4114060127943	28187500
chr9	28190000	28195000	53.1985692773879	28192500
chr9	28195000	28200000	48.223281545052714	28197500
chr9	28200000	28205000	43.52911484393817	28202500
chr9	28205000	28210000	50.40213424805069	28207500
chr9	28210000	28215000	37.226998837771575	28212500
chr9	28215000	28220000	36.252032755295225	28217500
chr9	28220000	28225000	36.18778317549304	28222500
chr9	28225000	28230000	48.37281236294065	28227500
chr9	28230000	28235000	38.093212079935164	28232500
chr9	28235000	28240000	37.928099286255645	28237500
chr9	28240000	28245000	39.07068924184007	28242500
chr9	28245000	28250000	39.75451462287608	28247500
chr9	28250000	28255000	45.792073785970736	28252500
chr9	28255000	28260000	37.908295442403826	28257500
chr9	28260000	28265000	41.67158578840388	28262500
chr9	28265000	28270000	36.4980855591374	28267500
chr9	28270000	28275000	33.93921222243065	28272500
chr9	28275000	28280000	46.31255468589227	28277500
chr9	28280000	28285000	42.731101291314864	28282500
chr9	28285000	28290000	38.57254279955912	28287500
chr9	28290000	28295000	47.85182206128732	28292500
chr9	28295000	28300000	51.88020553208263	28297500
chr9	28300000	28305000	49.56676647951219	28302500
chr9	28305000	28310000	54.52192278238295	28307500
chr9	28310000	28315000	33.55407939061877	28312500
chr9	28315000	28320000	35.24107278717317	28317500
chr9	28320000	28325000	25.143052644797468	28322500
chr9	28325000	28330000	40.23824494099525	28327500
chr9	28330000	28335000	28.84448166012423	28332500
chr9	28335000	28340000	31.359545116677378	28337500
chr9	28340000	28345000	21.613565156661785	28342500
chr9	28345000	28350000	24.05253533895866	28347500
chr9	28350000	28355000	32.50990635908547	28352500
chr9	28355000	28360000	34.981907836685735	28357500
chr9	28360000	28365000	33.36244746638521	28362500
chr9	28365000	28370000	32.99765610296621	28367500
chr9	28370000	28375000	39.4199738365988	28372500
chr9	28375000	28380000	45.58083481604569	28377500
chr9	28380000	28385000	46.52970838238828	28382500
chr9	28385000	28390000	46.86685412608651	28387500
chr9	28390000	28395000	49.535767314466774	28392500
chr9	28395000	28400000	31.146641640437103	28397500
chr9	28400000	28405000	28.920706990328778	28402500
chr9	28405000	28410000	35.94037883034415	28407500
chr9	28410000	28415000	37.66867248925967	28412500
chr9	28415000	28420000	38.45088797510668	28417500
chr9	28420000	28425000	35.81524401100219	28422500
chr9	28425000	28430000	38.604260499115256	28427500
chr9	28430000	28435000	36.89900011376837	28432500
chr9	28435000	28440000	25.80351479928665	28437500
chr9	28440000	28445000	24.339445003804613	28442500
chr9	28445000	28450000	17.42138370207374	28447500
chr9	28450000	28455000	28.54906186903388	28452500
chr9	28455000	28460000	37.33121514899756	28457500
chr9	28460000	28465000	34.86531595581166	28462500
chr9	28465000	28470000	38.60215354743888	28467500
chr9	28470000	28475000	29.084811615232958	28472500
chr9	28475000	28480000	24.250460093001	28477500
chr9	28480000	28485000	21.060234799899064	28482500
chr9	28485000	28490000	27.324687725434796	28487500
chr9	28490000	28495000	36.24288368950823	28492500
chr9	28495000	28500000	42.30647117467532	28497500
chr9	28500000	28505000	49.028328940512296	28502500
chr9	28505000	28510000	47.009329835772014	28507500
chr9	28510000	28515000	63.56305925684028	28512500
chr9	28515000	28520000	44.65846093662596	28517500
chr9	28520000	28525000	42.38929481902559	28522500
chr9	28525000	28530000	40.12930973907087	28527500
chr9	28530000	28535000	32.11192625820985	28532500
chr9	28535000	28540000	45.849242053605714	28537500
chr9	28540000	28545000	34.334915292966215	28542500
chr9	28545000	28550000	37.80639061009573	28547500
chr9	28550000	28555000	30.181931104662414	28552500
chr9	28555000	28560000	45.448350321190716	28557500
chr9	28560000	28565000	57.73865772971093	28562500
chr9	28565000	28570000	61.21234035694946	28567500
chr9	28570000	28575000	61.21234035694946	28572500
chr9	28575000	28580000	54.18057763020542	28577500
chr9	28580000	28585000	49.858932094653575	28582500
chr9	28585000	28590000	42.4163105020723	28587500
chr9	28590000	28595000	47.56928966347706	28592500
chr9	28595000	28600000	38.3756749773668	28597500
chr9	28600000	28605000	47.728846235354276	28602500
chr9	28605000	28610000	46.16295045231098	28607500
chr9	28610000	28615000	28.01497227264438	28612500
chr9	28615000	28620000	43.967864577312355	28617500
chr9	28620000	28625000	54.32207520058272	28622500
chr9	28625000	28630000	54.1875625317803	28627500
chr9	28630000	28635000	51.16557691079632	28632500
chr9	28635000	28640000	45.86581286681636	28637500
chr9	28640000	28645000	37.3312904283093	28642500
chr9	28645000	28650000	38.244810134005775	28647500
chr9	28650000	28655000	48.00331262535229	28652500
chr9	28655000	28660000	34.26730291068677	28657500
chr9	28660000	28665000	36.48583048252433	28662500
chr9	28665000	28670000	36.927766045438496	28667500
chr9	28670000	28675000	38.76034112770605	28672500
chr9	28675000	28680000	35.9524481889239	28677500
chr9	28680000	28685000	36.01813472265657	28682500
chr9	28685000	28690000	40.74242395086655	28687500
chr9	28690000	28695000	37.51891702051187	28692500
chr9	28695000	28700000	38.50810320454501	28697500
chr9	28700000	28705000	43.25603652465258	28702500
chr9	28705000	28710000	46.9212717999601	28707500
chr9	28710000	28715000	49.54380316129754	28712500
chr9	28715000	28720000	59.6238527655676	28717500
chr9	28720000	28725000	63.81447105574002	28722500
chr9	28725000	28730000	46.03496701777226	28727500
chr9	28730000	28735000	33.40257322670469	28732500
chr9	28735000	28740000	24.70485543995909	28737500
chr9	28740000	28745000	25.44830118784956	28742500
chr9	28745000	28750000	14.32659654079467	28747500
chr9	28750000	28755000	26.261328116390544	28752500
chr9	28755000	28760000	29.61804259349168	28757500
chr9	28760000	28765000	46.06659513162726	28762500
chr9	28765000	28770000	39.1761702529868	28767500
chr9	28770000	28775000	78.00567890095088	28772500
chr9	28775000	28780000	90.41769622497321	28777500
chr9	28780000	28785000	86.1785072865266	28782500
chr9	28785000	28790000	55.88494345916866	28787500
chr9	28790000	28795000	38.24800220744413	28792500
chr9	28795000	28800000	32.444909653650555	28797500
chr9	28800000	28805000	35.19233676779477	28802500
chr9	28805000	28810000	39.064728336282116	28807500
chr9	28810000	28815000	39.73597520416287	28812500
chr9	28815000	28820000	38.99008553192906	28817500
chr9	28820000	28825000	36.41762838929596	28822500
chr9	28825000	28830000	45.02180398400068	28827500
chr9	28830000	28835000	39.796277884454824	28832500
chr9	28835000	28840000	42.370300399381975	28837500
chr9	28840000	28845000	36.59999762812332	28842500
chr9	28845000	28850000	36.70368260270704	28847500
chr9	28850000	28855000	35.75077865072925	28852500
chr9	28855000	28860000	36.53916159473025	28857500
chr9	28860000	28865000	37.63094664191069	28862500
chr9	28865000	28870000	43.71041244172901	28867500
chr9	28870000	28875000	37.62112998470822	28872500
chr9	28875000	28880000	43.000419437301716	28877500
chr9	28880000	28885000	46.28523871627772	28882500
chr9	28885000	28890000	45.19092140128776	28887500
chr9	28890000	28895000	45.352315831119355	28892500
chr9	28895000	28900000	58.17510362515532	28897500
chr9	28900000	28905000	46.829631659419896	28902500
chr9	28905000	28910000	41.77141027024503	28907500
chr9	28910000	28915000	50.7244143651539	28912500
chr9	28915000	28920000	41.10744601607291	28917500
chr9	28920000	28925000	50.413044667230146	28922500
chr9	28925000	28930000	41.61534879530731	28927500
chr9	28930000	28935000	50.46638020288252	28932500
chr9	28935000	28940000	49.03736489950542	28937500
chr9	28940000	28945000	43.22022937379537	28942500
chr9	28945000	28950000	45.99042659161374	28947500
chr9	28950000	28955000	44.41291661823276	28952500
chr9	28955000	28960000	36.97427359715196	28957500
chr9	28960000	28965000	35.25909991792529	28962500
chr9	28965000	28970000	35.05180188487691	28967500
chr9	28970000	28975000	36.848476275198834	28972500
chr9	28975000	28980000	36.77350652489961	28977500
chr9	28980000	28985000	37.917301614229466	28982500
chr9	28985000	28990000	42.21269027201527	28987500
chr9	28990000	28995000	37.866663139622744	28992500
chr9	28995000	29000000	39.726457825663715	28997500
chr9	29000000	29005000	37.743124775941205	29002500
chr9	29005000	29010000	34.534834243817606	29007500
chr9	29010000	29015000	48.6477852628377	29012500
chr9	29015000	29020000	47.85200371615288	29017500
chr9	29020000	29025000	35.63070703813991	29022500
chr9	29025000	29030000	38.77294624530005	29027500
chr9	29030000	29035000	37.526698572276544	29032500
chr9	29035000	29040000	51.46285163792858	29037500
chr9	29040000	29045000	69.65416957114135	29042500
chr9	29045000	29050000	67.78359424725382	29047500
chr9	29050000	29055000	52.360395885253034	29052500
chr9	29055000	29060000	33.50413643476279	29057500
chr9	29060000	29065000	38.73708565381893	29062500
chr9	29065000	29070000	65.63396344565497	29067500
chr9	29070000	29075000	48.85965948773737	29072500
chr9	29075000	29080000	26.611927282369347	29077500
chr9	29080000	29085000	31.29909849095416	29082500
chr9	29085000	29090000	41.01116077351351	29087500
chr9	29090000	29095000	39.964629659063355	29092500
chr9	29095000	29100000	80.7308288287302	29097500
chr9	29100000	29105000	56.18255747195455	29102500
chr9	29105000	29110000	65.25695015525353	29107500
chr9	29110000	29115000	67.8195802046089	29112500
chr9	29115000	29120000	36.71388251357434	29117500
chr9	29120000	29125000	35.715859497055646	29122500
chr9	29125000	29130000	40.20274523566537	29127500
chr9	29130000	29135000	54.83423397838846	29132500
chr9	29135000	29140000	25.48344067171852	29137500
chr9	29140000	29145000	18.94880099008301	29142500
chr9	29145000	29150000	7.662549081228415	29147500
chr9	29150000	29155000	0.2619062472936604	29152500
chr9	29155000	29160000	0.2619062472936604	29157500
chr9	29165000	29170000	0.2619062472936604	29167500
chr9	29170000	29175000	0.2619062472936604	29172500
chr9	29175000	29180000	2.146082387369565	29177500
chr9	29180000	29185000	39.965924123627595	29182500
chr9	29185000	29190000	60.26791229700341	29187500
chr9	29190000	29195000	41.59223979289229	29192500
chr9	29195000	29200000	96.77412714169532	29197500
chr9	29200000	29205000	47.68032587349423	29202500
chr9	29205000	29210000	25.06705160400443	29207500
chr9	29210000	29215000	41.38832874256468	29212500
chr9	29215000	29220000	23.88007845497573	29217500
chr9	29220000	29225000	7.729132010802295	29222500
chr9	29225000	29230000	39.56643208015275	29227500
chr9	29230000	29235000	44.82605888384125	29232500
chr9	29235000	29240000	44.82605888384126	29237500
chr9	29240000	29245000	44.82605888384123	29242500
chr9	29245000	29250000	44.82605888384124	29247500
chr9	29250000	29255000	44.82605888384129	29252500
chr9	29255000	29260000	44.826058883841206	29257500
chr9	29260000	29265000	44.82605888384118	29262500
chr9	29265000	29270000	44.8260588838412	29267500
chr9	29270000	29275000	44.82605888384137	29272500
chr9	29275000	29280000	44.82605888384117	29277500
chr9	29280000	29285000	44.82605888384114	29282500
chr9	29285000	29290000	44.826058883841135	29287500
chr9	29290000	29295000	44.82605888384117	29292500
chr9	29295000	29300000	44.82605888384117	29297500
chr9	29300000	29305000	44.82605888384116	29302500
chr9	29305000	29310000	44.82605888384114	29307500
chr9	29310000	29315000	44.826058883841135	29312500
chr9	29315000	29320000	44.82605888384112	29317500
chr9	29320000	29325000	44.826058883841114	29322500
chr9	29325000	29330000	44.826058883841114	29327500
chr9	29330000	29335000	44.82605888384112	29332500
chr9	29335000	29340000	37.75676151656316	29337500
chr9	29340000	29345000	19.81100423806528	29342500
chr9	29345000	29350000	43.78892879304758	29347500
chr9	29350000	29355000	52.15821171296303	29352500
chr9	29355000	29360000	50.56715636521547	29357500
chr9	29360000	29365000	34.295986015778574	29362500
chr9	29365000	29370000	40.31368951362053	29367500
chr9	29370000	29375000	45.545253343231	29372500
chr9	29375000	29380000	28.843423874089883	29377500
chr9	29380000	29385000	28.690287188994255	29382500
chr9	29385000	29390000	27.160185752287575	29387500
chr9	29390000	29395000	20.606004863476063	29392500
chr9	29395000	29400000	16.89173696397371	29397500
chr9	29400000	29405000	23.632336237004075	29402500
chr9	29405000	29410000	19.125391572409807	29407500
chr9	29410000	29415000	15.313122413672657	29412500
chr9	29415000	29420000	14.073130066107629	29417500
chr9	29420000	29425000	17.192135664079892	29422500
chr9	29425000	29430000	22.954056779247058	29427500
chr9	29430000	29435000	43.39461294701055	29432500
chr9	29435000	29440000	55.31034229829162	29437500
chr9	29440000	29445000	18.457154449325806	29442500
chr9	29445000	29450000	16.53796801936823	29447500
chr9	29450000	29455000	29.843870883201408	29452500
chr9	29455000	29460000	27.20222154402539	29457500
chr9	29460000	29465000	28.635185247971464	29462500
chr9	29465000	29470000	20.068672984882696	29467500
chr9	29470000	29475000	16.966837663049663	29472500
chr9	29475000	29480000	16.705803336660434	29477500
chr9	29480000	29485000	24.989379275069695	29482500
chr9	29485000	29490000	12.906403770188177	29487500
chr9	29490000	29495000	13.936094114509112	29492500
chr9	29495000	29500000	16.106305255059	29497500
chr9	29500000	29505000	11.34441693719959	29502500
chr9	29505000	29510000	19.446553541624265	29507500
chr9	29510000	29515000	21.152571533282394	29512500
chr9	29515000	29520000	12.993123928598733	29517500
chr9	29520000	29525000	11.73012708377998	29522500
chr9	29525000	29530000	15.93779854285213	29527500
chr9	29530000	29535000	21.053895895554135	29532500
chr9	29535000	29540000	30.625732719917806	29537500
chr9	29540000	29545000	23.885624623934675	29542500
chr9	29545000	29550000	21.18356508408993	29547500
chr9	29550000	29555000	34.586234442982104	29552500
chr9	29555000	29560000	18.735699461664403	29557500
chr9	29560000	29565000	40.005639775370774	29562500
chr9	29565000	29570000	17.995532726469325	29567500
chr9	29570000	29575000	19.59294348732801	29572500
chr9	29575000	29580000	15.73853352967625	29577500
chr9	29580000	29585000	16.370502517475533	29582500
chr9	29585000	29590000	19.877988663588358	29587500
chr9	29590000	29595000	51.35125572947684	29592500
chr9	29595000	29600000	34.931164188908134	29597500
chr9	29600000	29605000	28.300099576690098	29602500
chr9	29605000	29610000	27.865096135668562	29607500
chr9	29610000	29615000	18.23739124464083	29612500
chr9	29615000	29620000	24.264002569910375	29617500
chr9	29620000	29625000	13.589009713303824	29622500
chr9	29625000	29630000	20.551265678022407	29627500
chr9	29630000	29635000	12.900451905813076	29632500
chr9	29635000	29640000	12.3538972592011	29637500
chr9	29640000	29645000	20.76112516302465	29642500
chr9	29645000	29650000	42.51280798013945	29647500
chr9	29650000	29655000	10.934388800200724	29652500
chr9	29655000	29660000	14.237622186845712	29657500
chr9	29660000	29665000	12.95072034371424	29662500
chr9	29665000	29670000	13.55953375465087	29667500
chr9	29670000	29675000	26.522644154041675	29672500
chr9	29675000	29680000	48.23918675299746	29677500
chr9	29680000	29685000	25.949572343489045	29682500
chr9	29685000	29690000	23.72432322008242	29687500
chr9	29690000	29695000	24.124796977140257	29692500
chr9	29695000	29700000	20.884008240427146	29697500
chr9	29700000	29705000	21.50874032045261	29702500
chr9	29705000	29710000	24.09050293488273	29707500
chr9	29710000	29715000	24.646068706535054	29712500
chr9	29715000	29720000	23.839318581255576	29717500
chr9	29720000	29725000	24.557390546344433	29722500
chr9	29725000	29730000	25.508455517094987	29727500
chr9	29730000	29735000	25.15225691417372	29732500
chr9	29735000	29740000	23.01958198746937	29737500
chr9	29740000	29745000	27.256487477450328	29742500
chr9	29745000	29750000	24.91768039062095	29747500
chr9	29750000	29755000	22.648302635185505	29752500
chr9	29755000	29760000	20.235228461973147	29757500
chr9	29760000	29765000	23.542669468323286	29762500
chr9	29765000	29770000	24.557541427089298	29767500
chr9	29770000	29775000	24.063761717648298	29772500
chr9	29775000	29780000	29.625369328319827	29777500
chr9	29780000	29785000	28.060851773554372	29782500
chr9	29785000	29790000	23.87742902755284	29787500
chr9	29790000	29795000	21.554796922338234	29792500
chr9	29795000	29800000	19.73947913794039	29797500
chr9	29800000	29805000	25.3174478469617	29802500
chr9	29805000	29810000	15.249145740686474	29807500
chr9	29810000	29815000	20.624978377468665	29812500
chr9	29815000	29820000	25.250068880666934	29817500
chr9	29820000	29825000	20.127665053253292	29822500
chr9	29825000	29830000	31.3451661644477	29827500
chr9	29830000	29835000	19.334547798428115	29832500
chr9	29835000	29840000	15.520947409877326	29837500
chr9	29840000	29845000	15.284524648779945	29842500
chr9	29845000	29850000	20.396133597119935	29847500
chr9	29850000	29855000	31.70325932225498	29852500
chr9	29855000	29860000	59.1669699742046	29857500
chr9	29860000	29865000	30.453599306356942	29862500
chr9	29865000	29870000	26.99666739699927	29867500
chr9	29870000	29875000	36.20749636168142	29872500
chr9	29875000	29880000	35.63693145099063	29877500
chr9	29880000	29885000	28.398299124199504	29882500
chr9	29885000	29890000	31.84024240472526	29887500
chr9	29890000	29895000	30.86861924731522	29892500
chr9	29895000	29900000	23.013322184051	29897500
chr9	29900000	29905000	24.605361053292174	29902500
chr9	29905000	29910000	33.69906031991502	29907500
chr9	29910000	29915000	32.83313169314467	29912500
chr9	29915000	29920000	25.279442315795002	29917500
chr9	29920000	29925000	24.897458067057507	29922500
chr9	29925000	29930000	39.50905604500209	29927500
chr9	29930000	29935000	36.68939229236896	29932500
chr9	29935000	29940000	33.925352709963434	29937500
chr9	29940000	29945000	33.2570943389835	29942500
chr9	29945000	29950000	44.85350330447892	29947500
chr9	29950000	29955000	29.82392269236636	29952500
chr9	29955000	29960000	36.47428896058073	29957500
chr9	29960000	29965000	41.36688595087022	29962500
chr9	29965000	29970000	34.050422773960804	29967500
chr9	29970000	29975000	38.21282867593674	29972500
chr9	29975000	29980000	47.09412437219011	29977500
chr9	29980000	29985000	45.02340297999124	29982500
chr9	29985000	29990000	83.52546556397253	29987500
chr9	29990000	29995000	58.0603688648575	29992500
chr9	29995000	30000000	40.29136715622002	29997500
chr9	30000000	30005000	37.51191825897166	30002500
chr9	30005000	30010000	39.99464710752831	30007500
chr9	30010000	30015000	53.56949779557772	30012500
chr9	30015000	30020000	13.894249050487916	30017500
chr9	30020000	30025000	13.090001362575208	30022500
chr9	30025000	30030000	9.237713566373056	30027500
chr9	30030000	30035000	27.626615076856744	30032500
chr9	30035000	30040000	41.09900679324436	30037500
chr9	30040000	30045000	27.859223638026155	30042500
chr9	30045000	30050000	37.429584926832405	30047500
chr9	30050000	30055000	30.52102872130617	30052500
chr9	30055000	30060000	30.716629175072125	30057500
chr9	30060000	30065000	37.28683637542933	30062500
chr9	30065000	30070000	31.70874344734325	30067500
chr9	30070000	30075000	25.952555271138575	30072500
chr9	30075000	30080000	20.38730051338706	30077500
chr9	30080000	30085000	26.916546909462223	30082500
chr9	30085000	30090000	33.593266716520375	30087500
chr9	30090000	30095000	28.262378948570138	30092500
chr9	30095000	30100000	24.408371352902403	30097500
chr9	30100000	30105000	29.7922830706246	30102500
chr9	30105000	30110000	25.64452520674825	30107500
chr9	30110000	30115000	19.751606158631354	30112500
chr9	30115000	30120000	19.78327435514304	30117500
chr9	30120000	30125000	21.417476686606758	30122500
chr9	30125000	30130000	23.164596398471268	30127500
chr9	30130000	30135000	39.571423999916945	30132500
chr9	30135000	30140000	49.28398713636927	30137500
chr9	30140000	30145000	55.12417852686738	30142500
chr9	30145000	30150000	36.20885478139129	30147500
chr9	30150000	30155000	22.717851251017454	30152500
chr9	30155000	30160000	16.78306291295458	30157500
chr9	30160000	30165000	25.568003347123014	30162500
chr9	30165000	30170000	41.23251520823411	30167500
chr9	30170000	30175000	37.52169318114775	30172500
chr9	30175000	30180000	28.36325331994487	30177500
chr9	30180000	30185000	18.026138766942783	30182500
chr9	30185000	30190000	23.407791894214128	30187500
chr9	30190000	30195000	26.609060215512685	30192500
chr9	30195000	30200000	31.287692752534124	30197500
chr9	30200000	30205000	50.89187935850122	30202500
chr9	30205000	30210000	29.78230855397254	30207500
chr9	30210000	30215000	40.73324888035314	30212500
chr9	30215000	30220000	53.95737739072256	30217500
chr9	30220000	30225000	30.691855361285683	30222500
chr9	30225000	30230000	30.35997565055009	30227500
chr9	30230000	30235000	30.31893519424692	30232500
chr9	30235000	30240000	29.96527032403087	30237500
chr9	30240000	30245000	29.81674747367638	30242500
chr9	30245000	30250000	30.644452260346117	30247500
chr9	30250000	30255000	30.36964243340362	30252500
chr9	30255000	30260000	30.181468857982633	30257500
chr9	30260000	30265000	29.83921443421492	30262500
chr9	30265000	30270000	30.248812809817743	30267500
chr9	30270000	30275000	30.754312626628664	30272500
chr9	30275000	30280000	30.915111763439416	30277500
chr9	30280000	30285000	29.048829793976296	30282500
chr9	30285000	30290000	29.89881049606924	30287500
chr9	30290000	30295000	30.51881491078592	30292500
chr9	30295000	30300000	29.72486941264964	30297500
chr9	30300000	30305000	29.834414031867972	30302500
chr9	30305000	30310000	28.147607079631253	30307500
chr9	30310000	30315000	34.28766901687739	30312500
chr9	30315000	30320000	29.61627198340866	30317500
chr9	30320000	30325000	27.22153009193506	30322500
chr9	30325000	30330000	38.377882792087654	30327500
chr9	30330000	30335000	36.05403709161697	30332500
chr9	30335000	30340000	31.968752784266584	30337500
chr9	30340000	30345000	37.74380842033839	30342500
chr9	30345000	30350000	24.85118116015701	30347500
chr9	30350000	30355000	28.871095768566352	30352500
chr9	30355000	30360000	30.932994591744468	30357500
chr9	30360000	30365000	37.983153095212494	30362500
chr9	30365000	30370000	64.28600670187748	30367500
chr9	30370000	30375000	156.63734077096623	30372500
chr9	30375000	30380000	158.97788596473188	30377500
chr9	30380000	30385000	158.97788596473188	30382500
chr9	30385000	30390000	79.84661870730773	30387500
chr9	30390000	30395000	41.92748082381037	30392500
chr9	30395000	30400000	94.30730761155118	30397500
chr9	30400000	30405000	53.73518658640428	30402500
chr9	30405000	30410000	47.362235018787565	30407500
chr9	30410000	30415000	35.836553629627424	30412500
chr9	30415000	30420000	35.51370180443993	30417500
chr9	30420000	30425000	44.189716474041774	30422500
chr9	30425000	30430000	37.251218611553504	30427500
chr9	30430000	30435000	29.382479113217766	30432500
chr9	30435000	30440000	42.041800639943204	30437500
chr9	30440000	30445000	40.206157874526006	30442500
chr9	30445000	30450000	39.76061084587984	30447500
chr9	30450000	30455000	29.04253302126563	30452500
chr9	30455000	30460000	32.92116640507268	30457500
chr9	30460000	30465000	28.050493739674575	30462500
chr9	30465000	30470000	24.6200324905573	30467500
chr9	30470000	30475000	26.905756564329682	30472500
chr9	30475000	30480000	31.29992475911	30477500
chr9	30480000	30485000	39.482192507899356	30482500
chr9	30485000	30490000	40.03706868830964	30487500
chr9	30490000	30495000	28.325929219732554	30492500
chr9	30495000	30500000	34.82810879956436	30497500
chr9	30500000	30505000	27.55463343184594	30502500
chr9	30505000	30510000	44.02073937553859	30507500
chr9	30510000	30515000	40.06438184313314	30512500
chr9	30515000	30520000	34.09154166262029	30517500
chr9	30520000	30525000	48.99557781104987	30522500
chr9	30525000	30530000	44.70674678677185	30527500
chr9	30530000	30535000	52.558612048823015	30532500
chr9	30535000	30540000	55.3180857959489	30537500
chr9	30540000	30545000	59.593620368245425	30542500
chr9	30545000	30550000	63.62446133299962	30547500
chr9	30550000	30555000	32.483131417607524	30552500
chr9	30555000	30560000	26.53738387992237	30557500
chr9	30560000	30565000	16.893249903007383	30562500
chr9	30565000	30570000	22.376229868240483	30567500
chr9	30570000	30575000	20.372032841172615	30572500
chr9	30575000	30580000	22.299700175354086	30577500
chr9	30580000	30585000	23.97358813267248	30582500
chr9	30585000	30590000	26.19851506070195	30587500
chr9	30590000	30595000	41.920994656040996	30592500
chr9	30595000	30600000	22.943180159953258	30597500
chr9	30600000	30605000	26.34488261244223	30602500
chr9	30605000	30610000	18.995450495682373	30607500
chr9	30610000	30615000	19.58042803437693	30612500
chr9	30615000	30620000	19.94992207005226	30617500
chr9	30620000	30625000	17.187358286718705	30622500
chr9	30625000	30630000	28.52100483401669	30627500
chr9	30630000	30635000	10.229824166178588	30632500
chr9	30635000	30640000	5.6337717074719205	30637500
chr9	30640000	30645000	13.108088449799773	30642500
chr9	30645000	30650000	46.98981940118963	30647500
chr9	30650000	30655000	10.34555765519385	30652500
chr9	30655000	30660000	11.546754079829496	30657500
chr9	30660000	30665000	18.460591741311806	30662500
chr9	30665000	30670000	22.516403105805065	30667500
chr9	30670000	30675000	27.208331106775976	30672500
chr9	30675000	30680000	39.15166203554367	30677500
chr9	30680000	30685000	18.469240384943316	30682500
chr9	30685000	30690000	15.26336580743198	30687500
chr9	30690000	30695000	21.940827090920997	30692500
chr9	30695000	30700000	19.31273800216993	30697500
chr9	30700000	30705000	16.735368712808068	30702500
chr9	30705000	30710000	18.821060877724435	30707500
chr9	30710000	30715000	19.387143096359935	30712500
chr9	30715000	30720000	15.713373417398508	30717500
chr9	30720000	30725000	15.609503080225991	30722500
chr9	30725000	30730000	15.548988606011283	30727500
chr9	30730000	30735000	18.911896068286318	30732500
chr9	30735000	30740000	19.194773503709197	30737500
chr9	30740000	30745000	17.011971889717596	30742500
chr9	30745000	30750000	13.492661805647872	30747500
chr9	30750000	30755000	15.812892309496515	30752500
chr9	30755000	30760000	22.962683503561973	30757500
chr9	30760000	30765000	29.471611773415454	30762500
chr9	30765000	30770000	24.63737348061447	30767500
chr9	30770000	30775000	20.36802452091147	30772500
chr9	30775000	30780000	22.845248694576977	30777500
chr9	30780000	30785000	25.21409925266755	30782500
chr9	30785000	30790000	24.234841179043315	30787500
chr9	30790000	30795000	19.400471024504267	30792500
chr9	30795000	30800000	19.540301852992865	30797500
chr9	30800000	30805000	22.174019567009097	30802500
chr9	30805000	30810000	19.014235754860657	30807500
chr9	30810000	30815000	19.344910392982502	30812500
chr9	30815000	30820000	20.346172399149356	30817500
chr9	30820000	30825000	18.182454022278932	30822500
chr9	30825000	30830000	17.662124183217475	30827500
chr9	30830000	30835000	17.535980775793774	30832500
chr9	30835000	30840000	17.981031591103918	30837500
chr9	30840000	30845000	18.006707937709905	30842500
chr9	30845000	30850000	19.97666128160851	30847500
chr9	30850000	30855000	23.123597253005993	30852500
chr9	30855000	30860000	22.79253796384072	30857500
chr9	30860000	30865000	17.943042384545702	30862500
chr9	30865000	30870000	8.019367528962762	30867500
chr9	30870000	30875000	9.227314656617837	30872500
chr9	30875000	30880000	23.64178612000812	30877500
chr9	30880000	30885000	23.755270362174414	30882500
chr9	30885000	30890000	34.42298814436182	30887500
chr9	30890000	30895000	17.0126683707886	30892500
chr9	30895000	30900000	23.257217373162344	30897500
chr9	30900000	30905000	21.8235222168207	30902500
chr9	30905000	30910000	21.53100135259188	30907500
chr9	30910000	30915000	20.43993911997958	30912500
chr9	30915000	30920000	16.717193553221904	30917500
chr9	30920000	30925000	16.273418470597008	30922500
chr9	30925000	30930000	18.76522205049745	30927500
chr9	30930000	30935000	20.399089243469167	30932500
chr9	30935000	30940000	14.531341660036224	30937500
chr9	30940000	30945000	20.49411574149656	30942500
chr9	30945000	30950000	13.645130851311162	30947500
chr9	30950000	30955000	17.16582622090958	30952500
chr9	30955000	30960000	17.632738557947732	30957500
chr9	30960000	30965000	28.684842566583974	30962500
chr9	30965000	30970000	17.290800069866776	30967500
chr9	30970000	30975000	24.42898421242219	30972500
chr9	30975000	30980000	23.316068049374405	30977500
chr9	30980000	30985000	28.083307513178656	30982500
chr9	30985000	30990000	12.148147657844913	30987500
chr9	30990000	30995000	13.305926323698564	30992500
chr9	30995000	31000000	12.466692841606914	30997500
chr9	31000000	31005000	11.53642818781924	31002500
chr9	31005000	31010000	7.490933670951346	31007500
chr9	31010000	31015000	11.59457583136409	31012500
chr9	31015000	31020000	11.69564686478761	31017500
chr9	31020000	31025000	10.22771196052996	31022500
chr9	31025000	31030000	18.51163941881723	31027500
chr9	31030000	31035000	12.01541294913987	31032500
chr9	31035000	31040000	16.28804431950602	31037500
chr9	31040000	31045000	15.333996192495809	31042500
chr9	31045000	31050000	13.066227666327325	31047500
chr9	31050000	31055000	13.917508416328984	31052500
chr9	31055000	31060000	15.936700311087398	31057500
chr9	31060000	31065000	12.901813584786375	31062500
chr9	31065000	31070000	13.286258350324907	31067500
chr9	31070000	31075000	14.759631334200922	31072500
chr9	31075000	31080000	12.365444766739701	31077500
chr9	31080000	31085000	13.686338403558839	31082500
chr9	31085000	31090000	14.936567299886669	31087500
chr9	31090000	31095000	15.242678971803807	31092500
chr9	31095000	31100000	16.28854290399664	31097500
chr9	31100000	31105000	23.254335395939677	31102500
chr9	31105000	31110000	18.18838589476281	31107500
chr9	31110000	31115000	17.64550526463068	31112500
chr9	31115000	31120000	13.959285040665234	31117500
chr9	31120000	31125000	16.36549722294353	31122500
chr9	31125000	31130000	21.15754923385833	31127500
chr9	31130000	31135000	20.465038728834365	31132500
chr9	31135000	31140000	20.660574286882923	31137500
chr9	31140000	31145000	16.97950746283996	31142500
chr9	31145000	31150000	16.204344033398964	31147500
chr9	31150000	31155000	16.866370634557857	31152500
chr9	31155000	31160000	17.406632937489384	31157500
chr9	31160000	31165000	12.177453145876251	31162500
chr9	31165000	31170000	12.788391797017434	31167500
chr9	31170000	31175000	12.849975911789356	31172500
chr9	31175000	31180000	15.338409748897503	31177500
chr9	31180000	31185000	15.731795699351164	31182500
chr9	31185000	31190000	13.972069606181725	31187500
chr9	31190000	31195000	12.497070142677428	31192500
chr9	31195000	31200000	16.76576102013164	31197500
chr9	31200000	31205000	12.54658540063151	31202500
chr9	31205000	31210000	10.272792617082569	31207500
chr9	31210000	31215000	12.966621962085242	31212500
chr9	31215000	31220000	14.027833738541938	31217500
chr9	31220000	31225000	19.092113761598355	31222500
chr9	31225000	31230000	17.885808726293487	31227500
chr9	31230000	31235000	15.360413018073219	31232500
chr9	31235000	31240000	18.398788352039755	31237500
chr9	31240000	31245000	28.96854917851171	31242500
chr9	31245000	31250000	22.240584134069508	31247500
chr9	31250000	31255000	15.913415411991174	31252500
chr9	31255000	31260000	15.837658867944135	31257500
chr9	31260000	31265000	14.963421565324436	31262500
chr9	31265000	31270000	17.752684133067145	31267500
chr9	31270000	31275000	18.31939767647544	31272500
chr9	31275000	31280000	17.956482817441586	31277500
chr9	31280000	31285000	14.28065625572401	31282500
chr9	31285000	31290000	11.28882887418273	31287500
chr9	31290000	31295000	10.826881063628198	31292500
chr9	31295000	31300000	6.96030272005296	31297500
chr9	31300000	31305000	8.301143442642358	31302500
chr9	31305000	31310000	8.815503685154594	31307500
chr9	31310000	31315000	8.60863614815147	31312500
chr9	31315000	31320000	8.955412674887558	31317500
chr9	31320000	31325000	8.805502426420128	31322500
chr9	31325000	31330000	6.472649461797752	31327500
chr9	31330000	31335000	11.95298709013194	31332500
chr9	31335000	31340000	10.876109538552535	31337500
chr9	31340000	31345000	9.664885243453895	31342500
chr9	31345000	31350000	10.027188891229482	31347500
chr9	31350000	31355000	17.108958893405415	31352500
chr9	31355000	31360000	11.787204420915675	31357500
chr9	31360000	31365000	8.37932780260473	31362500
chr9	31365000	31370000	8.207625296632708	31367500
chr9	31370000	31375000	7.137755767311219	31372500
chr9	31375000	31380000	5.207961497753123	31377500
chr9	31380000	31385000	11.430513746938697	31382500
chr9	31385000	31390000	14.139354621230607	31387500
chr9	31390000	31395000	5.880000669419475	31392500
chr9	31395000	31400000	6.172724268262933	31397500
chr9	31400000	31405000	7.188429108390577	31402500
chr9	31405000	31410000	6.279333212387049	31407500
chr9	31410000	31415000	6.923393854302199	31412500
chr9	31415000	31420000	6.923393854302199	31417500
chr9	31420000	31425000	6.276176937034014	31422500
chr9	31425000	31430000	3.6983363939252016	31427500
chr9	31430000	31435000	3.2821238379386126	31432500
chr9	31435000	31440000	3.230992245864674	31437500
chr9	31440000	31445000	2.610162149266908	31442500
chr9	31445000	31450000	2.3462942066935275	31447500
chr9	31450000	31455000	2.4714246231478634	31452500
chr9	31455000	31460000	1.5358948432895072	31457500
chr9	31460000	31465000	1.3648653871513212	31462500
chr9	31465000	31470000	8.271378922941173	31467500
chr9	31470000	31475000	2.649493179467762	31472500
chr9	31475000	31480000	0.7324524418978794	31477500
chr9	31480000	31485000	0.719844572341098	31482500
chr9	31485000	31490000	0.7846848311526528	31487500
chr9	31490000	31495000	1.4561437827576706	31492500
chr9	31495000	31500000	2.020823365340005	31497500
chr9	31500000	31505000	2.187792543334443	31502500
chr9	31505000	31510000	2.2905765072843045	31507500
chr9	31510000	31515000	2.2905765072843045	31512500
chr9	31515000	31520000	1.9518490381375406	31517500
chr9	31520000	31525000	2.0699504750730013	31522500
chr9	31525000	31530000	2.0754711285244274	31527500
chr9	31530000	31535000	2.1263180965861195	31532500
chr9	31535000	31540000	2.144591613784169	31537500
chr9	31540000	31545000	2.1193134741528095	31542500
chr9	31545000	31550000	1.958206437319079	31547500
chr9	31550000	31555000	1.845708367802762	31552500
chr9	31555000	31560000	7.787562546096128	31557500
chr9	31560000	31565000	1.45267723445627	31562500
chr9	31565000	31570000	1.1163460221098942	31567500
chr9	31570000	31575000	0.3941647249571767	31572500
chr9	31575000	31580000	0.47290325290655716	31577500
chr9	31580000	31585000	1.1289655815194566	31582500
chr9	31585000	31590000	0.31754506972129604	31587500
chr9	31590000	31595000	0.31261561550380407	31592500
chr9	31595000	31600000	0.5186424158435802	31597500
chr9	31600000	31605000	3.0269137583725847	31602500
chr9	31605000	31610000	3.0085514099978594	31607500
chr9	31610000	31615000	8.474390305907553	31612500
chr9	31615000	31620000	0.8050316559864832	31617500
chr9	31620000	31625000	0.81366425101594	31622500
chr9	31625000	31630000	0.911560863545172	31627500
chr9	31630000	31635000	0.8854556962954524	31632500
chr9	31635000	31640000	3.3751092731129564	31637500
chr9	31640000	31645000	7.252494639446366	31642500
chr9	31645000	31650000	1.2316150083299486	31647500
