chr3	0	10000	0.519967489648668	5000
chr3	10000	20000	13.020644468561125	15000
chr3	20000	30000	0.05129087061602808	25000
chr3	30000	40000	23.586857922851582	35000
chr3	40000	50000	4.10306539146054	45000
chr3	50000	60000	0.6337005045205054	55000
chr3	60000	70000	2.3651223459637594	65000
chr3	70000	80000	0.1565461629475696	75000
chr3	80000	90000	0.5307254332556599	85000
chr3	90000	100000	0.2754139097772894	95000
chr3	100000	110000	0.32798661392034967	105000
chr3	110000	120000	0.826924575741958	115000
chr3	120000	130000	0.5630413694990197	125000
chr3	130000	140000	0.6137837979239255	135000
chr3	140000	150000	0.8786716102719455	145000
chr3	150000	160000	1.9656418871428503	155000
chr3	160000	170000	1.4638585054608586	165000
chr3	170000	180000	1.7649258493251423	175000
chr3	180000	190000	2.775548719688897	185000
chr3	190000	200000	4.465048302661423	195000
chr3	200000	210000	5.433967837956364	205000
chr3	210000	220000	3.541979257565147	215000
chr3	220000	230000	6.190361798821891	225000
chr3	230000	240000	4.2223835009384825	235000
chr3	240000	250000	8.691662166252325	245000
chr3	250000	260000	6.40046147949929	255000
chr3	260000	270000	6.767760566936302	265000
chr3	270000	280000	8.619087278298958	275000
chr3	280000	290000	9.461682023705778	285000
chr3	290000	300000	15.30824290855204	295000
chr3	300000	310000	12.376664224869174	305000
chr3	310000	320000	29.748190118746606	315000
chr3	320000	330000	18.7515724152022	325000
chr3	330000	340000	17.591285899871156	335000
chr3	340000	350000	20.307731116058715	345000
chr3	350000	360000	25.21215253270796	355000
chr3	360000	370000	27.786404958953657	365000
chr3	370000	380000	37.9378738798868	375000
chr3	380000	390000	61.61251529560026	385000
chr3	390000	400000	7.896138672573716	395000
chr3	400000	410000	4.208658411726418	405000
chr3	410000	420000	27.454538354966378	415000
chr3	420000	430000	39.22075592024285	425000
chr3	430000	440000	36.06859082211526	435000
chr3	440000	450000	28.793416548101586	445000
chr3	450000	460000	41.77578683463293	455000
chr3	460000	470000	60.35666418015189	465000
chr3	470000	480000	67.38643438669173	475000
chr3	480000	490000	79.29124059616925	485000
chr3	490000	500000	91.37927582800978	495000
chr3	500000	510000	116.88218917638889	505000
chr3	510000	520000	89.62566110367455	515000
chr3	520000	530000	45.30664148347194	525000
chr3	530000	540000	40.195785996850645	535000
chr3	540000	550000	48.835127772549626	545000
chr3	550000	560000	100.08541558731979	555000
chr3	560000	570000	158.3045690621221	565000
chr3	570000	580000	120.86155389973209	575000
chr3	580000	590000	171.28656624881052	585000
chr3	590000	600000	166.47264877455862	595000
chr3	600000	610000	166.47264877455888	605000
chr3	610000	620000	208.94657518910847	615000
chr3	620000	630000	94.50568012023305	625000
chr3	630000	640000	104.03195270982002	635000
chr3	640000	650000	112.08912388485777	645000
chr3	650000	660000	75.33260761352201	655000
chr3	660000	670000	125.33309834086626	665000
chr3	670000	680000	50.28686131581196	675000
chr3	680000	690000	69.20162655263597	685000
chr3	690000	700000	84.40350981469132	695000
chr3	700000	710000	75.45013496753973	705000
chr3	710000	720000	83.58633378598091	715000
chr3	720000	730000	83.82114232914427	725000
chr3	730000	740000	83.62431912130775	735000
chr3	740000	750000	83.98419831905524	745000
chr3	750000	760000	82.82270306749024	755000
chr3	760000	770000	83.50372092070721	765000
chr3	770000	780000	83.75282644989554	775000
chr3	780000	790000	83.7912637177041	785000
chr3	790000	800000	83.42061203947748	795000
chr3	800000	810000	83.90004834494684	805000
chr3	810000	820000	83.43102629886492	815000
chr3	820000	830000	111.49595495133872	825000
chr3	830000	840000	107.51502545606078	835000
chr3	840000	850000	87.71396506351199	845000
chr3	850000	860000	76.15737228340089	855000
chr3	860000	870000	88.76347137592397	865000
chr3	870000	880000	46.719299481094765	875000
chr3	880000	890000	44.08926307717529	885000
chr3	890000	900000	63.78973543319309	895000
chr3	900000	910000	53.44079267120953	905000
chr3	910000	920000	48.33627244666942	915000
chr3	920000	930000	20.30285745315953	925000
chr3	930000	940000	62.881707274157705	935000
chr3	940000	950000	40.950642085306214	945000
chr3	950000	960000	18.920924616362164	955000
chr3	960000	970000	27.785763009723738	965000
chr3	970000	980000	8.63713956000456	975000
chr3	980000	990000	9.127542416652956	985000
chr3	990000	1000000	13.781166670903316	995000
chr3	1000000	1010000	10.409279406719092	1005000
chr3	1010000	1020000	6.770464497916447	1015000
chr3	1020000	1030000	6.48921463492071	1025000
chr3	1030000	1040000	7.923907773381221	1035000
chr3	1040000	1050000	12.114602495273285	1045000
chr3	1050000	1060000	9.185691373167984	1055000
chr3	1060000	1070000	27.99059786308965	1065000
chr3	1070000	1080000	29.005498763468864	1075000
chr3	1080000	1090000	22.114181741224964	1085000
chr3	1090000	1100000	11.033238838427106	1095000
chr3	1100000	1110000	42.626251557496396	1105000
chr3	1110000	1120000	31.411085471317946	1115000
chr3	1120000	1130000	45.48693775132927	1125000
chr3	1130000	1140000	15.31405603263315	1135000
chr3	1140000	1150000	32.3280645136441	1145000
chr3	1150000	1160000	11.252472813881026	1155000
chr3	1160000	1170000	17.047752282093544	1165000
chr3	1170000	1180000	24.938012498087506	1175000
chr3	1180000	1190000	36.5668326053255	1185000
chr3	1190000	1200000	55.65855664962217	1195000
chr3	1200000	1210000	73.79024287459823	1205000
chr3	1210000	1220000	37.41067979509447	1215000
chr3	1220000	1230000	40.19773205127895	1225000
chr3	1230000	1240000	36.14533200654615	1235000
chr3	1240000	1250000	31.65240485017025	1245000
chr3	1250000	1260000	49.011970146723456	1255000
chr3	1260000	1270000	29.917319983314886	1265000
chr3	1270000	1280000	37.77097400458552	1275000
chr3	1280000	1290000	33.09927752518072	1285000
chr3	1290000	1300000	36.15164860111202	1295000
chr3	1300000	1310000	22.00764501178279	1305000
chr3	1310000	1320000	35.940231793109646	1315000
chr3	1320000	1330000	104.37398944515004	1325000
chr3	1330000	1340000	29.915331688476698	1335000
chr3	1340000	1350000	35.1932280503403	1345000
chr3	1350000	1360000	65.8115412733755	1355000
chr3	1360000	1370000	73.40175186546601	1365000
chr3	1370000	1380000	30.657231441804978	1375000
chr3	1380000	1390000	40.49474239088319	1385000
chr3	1390000	1400000	38.9094605499307	1395000
chr3	1400000	1410000	28.813871116001955	1405000
chr3	1410000	1420000	38.39161995079888	1415000
chr3	1420000	1430000	35.58852146350438	1425000
chr3	1430000	1440000	24.045328597131135	1435000
chr3	1440000	1450000	43.43205360783682	1445000
chr3	1450000	1460000	35.95146508964849	1455000
chr3	1460000	1470000	23.673159600268455	1465000
chr3	1470000	1480000	143.26455157396066	1475000
chr3	1480000	1490000	208.15430022478233	1485000
chr3	1490000	1500000	101.15418308620325	1495000
chr3	1500000	1510000	171.06188225176504	1505000
chr3	1510000	1520000	201.87648507542758	1515000
chr3	1520000	1530000	160.29702935721818	1525000
chr3	1530000	1540000	160.53687735624084	1535000
chr3	1540000	1550000	160.53687735623996	1545000
chr3	1550000	1560000	160.53687735623998	1555000
chr3	1560000	1570000	160.53687735624058	1565000
chr3	1570000	1580000	160.53687735624032	1575000
chr3	1580000	1590000	160.53687735624067	1585000
chr3	1590000	1600000	158.73043740335424	1595000
chr3	1600000	1610000	113.52453768859874	1605000
chr3	1610000	1620000	76.08255630966036	1615000
chr3	1620000	1630000	79.53822424495154	1625000
chr3	1630000	1640000	89.73087853250344	1635000
chr3	1640000	1650000	62.647744584271166	1645000
chr3	1650000	1660000	160.97421999312047	1655000
chr3	1660000	1670000	139.71721740896885	1665000
chr3	1670000	1680000	96.32821695109372	1675000
chr3	1680000	1690000	117.7252815851479	1685000
chr3	1690000	1700000	91.61458473623462	1695000
chr3	1700000	1710000	88.95178951730462	1705000
chr3	1710000	1720000	78.67303224312852	1715000
chr3	1720000	1730000	97.14957112900845	1725000
chr3	1730000	1740000	121.53666522000141	1735000
chr3	1740000	1750000	100.35315182627308	1745000
chr3	1750000	1760000	86.67689049290942	1755000
chr3	1760000	1770000	80.27840712836047	1765000
chr3	1770000	1780000	81.34872741188886	1775000
chr3	1780000	1790000	73.067731356306	1785000
chr3	1790000	1800000	96.85203077628556	1795000
chr3	1800000	1810000	83.6708955503816	1805000
chr3	1810000	1820000	59.26719349650623	1815000
chr3	1820000	1830000	52.85576481624465	1825000
chr3	1830000	1840000	50.48631611425634	1835000
chr3	1840000	1850000	48.20940879356331	1845000
chr3	1850000	1860000	53.95002015315489	1855000
chr3	1860000	1870000	56.551922763453284	1865000
chr3	1870000	1880000	58.10902182214583	1875000
chr3	1880000	1890000	55.38969135127272	1885000
chr3	1890000	1900000	52.75650182073173	1895000
chr3	1900000	1910000	61.17367336576375	1905000
chr3	1910000	1920000	55.56551989154812	1915000
chr3	1920000	1930000	56.94835352813849	1925000
chr3	1930000	1940000	58.94424429930716	1935000
chr3	1940000	1950000	60.120775173308836	1945000
chr3	1950000	1960000	61.377362448166956	1955000
chr3	1960000	1970000	62.38176615020827	1965000
chr3	1970000	1980000	72.37076865322095	1975000
chr3	1980000	1990000	82.6069151131153	1985000
chr3	1990000	2000000	50.856873402251736	1995000
chr3	2000000	2010000	51.67455953413604	2005000
chr3	2010000	2020000	35.698214632684945	2015000
chr3	2020000	2030000	33.09831963594201	2025000
chr3	2030000	2040000	36.537696414310744	2035000
chr3	2040000	2050000	26.33407930827964	2045000
chr3	2050000	2060000	48.040381861265836	2055000
chr3	2060000	2070000	55.542334627836276	2065000
chr3	2070000	2080000	54.62459356054014	2075000
chr3	2080000	2090000	55.143126275717485	2085000
chr3	2090000	2100000	53.39528353437504	2095000
chr3	2100000	2110000	60.07583153300634	2105000
chr3	2110000	2120000	52.03868561424798	2115000
chr3	2120000	2130000	39.42529283822614	2125000
chr3	2130000	2140000	40.46337768449177	2135000
chr3	2140000	2150000	41.59989573334647	2145000
chr3	2150000	2160000	41.21153378074958	2155000
chr3	2160000	2170000	46.08102307230098	2165000
chr3	2170000	2180000	40.54631280794182	2175000
chr3	2180000	2190000	43.34320642433669	2185000
chr3	2190000	2200000	26.86816091563251	2195000
chr3	2200000	2210000	35.415760558839416	2205000
chr3	2210000	2220000	34.5685214924011	2215000
chr3	2220000	2230000	33.33517192459087	2225000
chr3	2230000	2240000	34.39639699143737	2235000
chr3	2240000	2250000	27.972237849077562	2245000
chr3	2250000	2260000	28.83319160128041	2255000
chr3	2260000	2270000	31.202347402958942	2265000
chr3	2270000	2280000	27.872219265581503	2275000
chr3	2280000	2290000	27.710936863444104	2285000
chr3	2290000	2300000	34.0609385727528	2295000
chr3	2300000	2310000	26.115588395215333	2305000
chr3	2310000	2320000	33.07607081728084	2315000
chr3	2320000	2330000	32.402270076569245	2325000
chr3	2330000	2340000	31.781958563854985	2335000
chr3	2340000	2350000	29.32065396918721	2345000
chr3	2350000	2360000	33.01849972939071	2355000
chr3	2360000	2370000	30.036520601600852	2365000
chr3	2370000	2380000	26.156588089692985	2375000
chr3	2380000	2390000	32.70349035726632	2385000
chr3	2390000	2400000	25.404823782386387	2395000
chr3	2400000	2410000	28.403781374252958	2405000
chr3	2410000	2420000	25.207681099446237	2415000
chr3	2420000	2430000	27.68262578515584	2425000
chr3	2430000	2440000	35.245359461674596	2435000
chr3	2440000	2450000	27.870971058904477	2445000
chr3	2450000	2460000	26.178206607782624	2455000
chr3	2460000	2470000	20.055096550002332	2465000
chr3	2470000	2480000	20.80838253611824	2475000
chr3	2480000	2490000	7.9329821515317995	2485000
chr3	2490000	2500000	10.010960370038518	2495000
chr3	2500000	2510000	10.117931230581318	2505000
chr3	2510000	2520000	17.35040753423362	2515000
chr3	2520000	2530000	21.885036559032155	2525000
chr3	2530000	2540000	21.411398194007027	2535000
chr3	2540000	2550000	21.739500413676435	2545000
chr3	2550000	2560000	26.450502641182357	2555000
chr3	2560000	2570000	20.80856983098215	2565000
chr3	2570000	2580000	20.08976027552343	2575000
chr3	2580000	2590000	22.34704641327256	2585000
chr3	2590000	2600000	36.05437667630435	2595000
chr3	2600000	2610000	20.531669240444085	2605000
chr3	2610000	2620000	32.18523627482547	2615000
chr3	2620000	2630000	52.38403751378748	2625000
chr3	2630000	2640000	32.741326603584305	2635000
chr3	2640000	2650000	21.391284149751932	2645000
chr3	2650000	2660000	15.944575867135182	2655000
chr3	2660000	2670000	14.91134940814898	2665000
chr3	2670000	2680000	17.282305332627715	2675000
chr3	2680000	2690000	26.45232549334654	2685000
chr3	2690000	2700000	27.408064499250564	2695000
chr3	2700000	2710000	33.527141794222416	2705000
chr3	2710000	2720000	21.276511905700712	2715000
chr3	2720000	2730000	22.664781485951494	2725000
chr3	2730000	2740000	38.28123721113757	2735000
chr3	2740000	2750000	32.72707564782236	2745000
chr3	2750000	2760000	31.16345906548739	2755000
chr3	2760000	2770000	33.63064743427723	2765000
chr3	2770000	2780000	30.90671194947476	2775000
chr3	2780000	2790000	29.741920495058878	2785000
chr3	2790000	2800000	36.25527899705964	2795000
chr3	2800000	2810000	47.52899192136861	2805000
chr3	2810000	2820000	46.396527668095615	2815000
chr3	2820000	2830000	47.842495187729114	2825000
chr3	2840000	2850000	44.789047101554914	2845000
chr3	2860000	2870000	43.299580373818834	2865000
chr3	2870000	2880000	43.42517120568608	2875000
chr3	2880000	2890000	51.2338282575472	2885000
chr3	2890000	2900000	45.896828051047	2895000
chr3	2900000	2910000	44.17861845022351	2905000
chr3	2910000	2920000	19.807138178905028	2915000
chr3	2920000	2930000	29.950092011361473	2925000
chr3	2930000	2940000	29.51790879850919	2935000
chr3	2940000	2950000	25.55170456782508	2945000
chr3	2950000	2960000	18.895334475799068	2955000
chr3	2960000	2970000	22.458175736479127	2965000
chr3	2970000	2980000	25.90307540893032	2975000
chr3	2980000	2990000	37.22982615038811	2985000
chr3	2990000	3000000	49.76019103752904	2995000
chr3	3000000	3010000	47.481309095228845	3005000
chr3	3010000	3020000	36.2151576012267	3015000
chr3	3020000	3030000	20.38469490939713	3025000
chr3	3030000	3040000	25.766706651217405	3035000
chr3	3040000	3050000	35.308580204696234	3045000
chr3	3050000	3060000	32.15065010573026	3055000
chr3	3060000	3070000	36.25758817412918	3065000
chr3	3070000	3080000	22.243603203316034	3075000
chr3	3080000	3090000	19.644186069868308	3085000
chr3	3090000	3100000	21.533055616830925	3095000
chr3	3100000	3110000	21.00968490074862	3105000
chr3	3110000	3120000	31.338767267163437	3115000
chr3	3120000	3130000	37.008084788937126	3125000
chr3	3130000	3140000	18.180274799836603	3135000
chr3	3140000	3150000	15.405171718285356	3145000
chr3	3150000	3160000	26.479245348390794	3155000
chr3	3160000	3170000	25.766478050387118	3165000
chr3	3170000	3180000	36.48036644455734	3175000
chr3	3180000	3190000	35.542659374335415	3185000
chr3	3190000	3200000	32.963038033666464	3195000
chr3	3200000	3210000	26.387843939099294	3205000
chr3	3210000	3220000	32.467425598444	3215000
chr3	3220000	3230000	26.7554265452816	3225000
chr3	3230000	3240000	19.114537649542346	3235000
chr3	3240000	3250000	15.252376654782019	3245000
chr3	3250000	3260000	17.193130304783054	3255000
chr3	3260000	3270000	13.155016999114062	3265000
chr3	3270000	3280000	16.895561567601238	3275000
chr3	3280000	3290000	28.987037068333677	3285000
chr3	3290000	3300000	15.419110606621528	3295000
chr3	3300000	3310000	16.92515456586466	3305000
chr3	3310000	3320000	28.662422307581352	3315000
chr3	3320000	3330000	21.79282487293779	3325000
chr3	3330000	3340000	37.579323707281894	3335000
chr3	3340000	3350000	31.51035732336958	3345000
chr3	3350000	3360000	17.64986496857268	3355000
chr3	3360000	3370000	15.16022992837369	3365000
chr3	3370000	3380000	9.13304060493135	3375000
chr3	3380000	3390000	12.97552796917153	3385000
chr3	3390000	3400000	9.161658403376755	3395000
chr3	3400000	3410000	24.89506057831713	3405000
chr3	3410000	3420000	15.923955382610774	3415000
chr3	3420000	3430000	15.370878254344829	3425000
chr3	3430000	3440000	20.805635056925922	3435000
chr3	3440000	3450000	19.39263503443928	3445000
chr3	3450000	3460000	19.651547352504412	3455000
chr3	3460000	3470000	25.173971084669233	3465000
chr3	3470000	3480000	19.758453974943905	3475000
chr3	3480000	3490000	17.714621967326146	3485000
chr3	3490000	3500000	16.936742153985016	3495000
chr3	3500000	3510000	13.967488904525498	3505000
chr3	3510000	3520000	14.175022921612122	3515000
chr3	3520000	3530000	21.691182593603482	3525000
chr3	3530000	3540000	18.176376522499176	3535000
chr3	3540000	3550000	18.587949494149868	3545000
chr3	3550000	3560000	16.522106778181644	3555000
chr3	3560000	3570000	12.974881391362988	3565000
chr3	3570000	3580000	16.26332053396028	3575000
chr3	3580000	3590000	12.1225913502511	3585000
chr3	3590000	3600000	11.686801564226881	3595000
chr3	3600000	3610000	8.524404461031317	3605000
chr3	3610000	3620000	14.35818749450534	3615000
chr3	3620000	3630000	7.650820234353814	3625000
chr3	3630000	3640000	8.215249652062544	3635000
chr3	3640000	3650000	4.8306652715815455	3645000
chr3	3650000	3660000	4.792138993756615	3655000
chr3	3660000	3670000	5.725764295060929	3665000
chr3	3670000	3680000	10.062621715078732	3675000
chr3	3680000	3690000	7.10734398330832	3685000
chr3	3690000	3700000	7.768094658105387	3695000
chr3	3700000	3710000	12.229824205089537	3705000
chr3	3710000	3720000	8.67648407187549	3715000
chr3	3720000	3730000	8.402797722547506	3725000
chr3	3730000	3740000	7.913090848949341	3735000
chr3	3740000	3750000	7.266680746978645	3745000
chr3	3750000	3760000	10.941549963614008	3755000
chr3	3760000	3770000	9.999530694704768	3765000
chr3	3770000	3780000	8.461114047260917	3775000
chr3	3780000	3790000	11.210907687878478	3785000
chr3	3790000	3800000	10.229389224822214	3795000
chr3	3800000	3810000	14.664948161129107	3805000
chr3	3810000	3820000	11.778654247986973	3815000
chr3	3820000	3830000	7.26310448302503	3825000
chr3	3830000	3840000	8.57301001121111	3835000
chr3	3840000	3850000	5.22197776255721	3845000
chr3	3850000	3860000	6.592053570939771	3855000
chr3	3860000	3870000	6.888899944500676	3865000
chr3	3870000	3880000	8.435947980229296	3875000
chr3	3880000	3890000	5.916197766888029	3885000
chr3	3890000	3900000	6.035394839682233	3895000
chr3	3900000	3910000	6.057134670453414	3905000
chr3	3910000	3920000	3.1944730321216284	3915000
chr3	3920000	3930000	3.8416699734906263	3925000
chr3	3930000	3940000	8.094825117977928	3935000
chr3	3940000	3950000	4.220466724096899	3945000
chr3	3950000	3960000	2.591172110611399	3955000
chr3	3960000	3970000	4.83671800657177	3965000
chr3	3970000	3980000	5.561413802437407	3975000
chr3	3980000	3990000	6.29266724271094	3985000
chr3	3990000	4000000	6.080985145730735	3995000
chr3	4000000	4010000	5.69862841755441	4005000
chr3	4010000	4020000	8.097955038261993	4015000
chr3	4020000	4030000	11.918090418635195	4025000
chr3	4030000	4040000	9.075483646038755	4035000
chr3	4040000	4050000	9.186830647625406	4045000
chr3	4050000	4060000	8.8202219712713	4055000
chr3	4060000	4070000	8.450405325611221	4065000
chr3	4070000	4080000	12.808514060450122	4075000
chr3	4080000	4090000	19.579639238364937	4085000
chr3	4090000	4100000	25.71837498679462	4095000
chr3	4100000	4110000	19.608606985139822	4105000
chr3	4110000	4120000	22.7032960491132	4115000
chr3	4120000	4130000	18.99949404044548	4125000
chr3	4130000	4140000	10.686202674546083	4135000
chr3	4140000	4150000	7.5466981783912335	4145000
chr3	4150000	4160000	6.42472018928669	4155000
chr3	4160000	4170000	10.23458698792653	4165000
chr3	4170000	4180000	9.957662509499562	4175000
chr3	4180000	4190000	12.339577136760779	4185000
chr3	4190000	4200000	11.065347447599788	4195000
chr3	4200000	4210000	5.173800402514684	4205000
chr3	4210000	4220000	7.035582916625751	4215000
chr3	4220000	4230000	11.222745387496936	4225000
chr3	4230000	4240000	9.665178106960065	4235000
chr3	4240000	4250000	9.549559035030255	4245000
chr3	4250000	4260000	9.872843277791793	4255000
chr3	4260000	4270000	14.629191476759939	4265000
chr3	4270000	4280000	9.611876923356151	4275000
chr3	4280000	4290000	8.730847672744138	4285000
chr3	4290000	4300000	6.327787442431863	4295000
chr3	4300000	4310000	8.121970934061904	4305000
chr3	4310000	4320000	10.672236551646247	4315000
chr3	4320000	4330000	9.554294453647378	4325000
chr3	4330000	4340000	8.102806202351427	4335000
chr3	4340000	4350000	7.394811711180179	4345000
chr3	4350000	4360000	5.665881366474781	4355000
chr3	4360000	4370000	7.2524536299599776	4365000
chr3	4370000	4380000	6.456421198948074	4375000
chr3	4380000	4390000	7.199313090130468	4385000
chr3	4390000	4400000	7.574530092661047	4395000
chr3	4400000	4410000	6.877671953393585	4405000
chr3	4410000	4420000	10.65947219670221	4415000
chr3	4420000	4430000	9.068333286233663	4425000
chr3	4430000	4440000	14.320287568821028	4435000
chr3	4440000	4450000	9.734673620109875	4445000
chr3	4450000	4460000	12.873985435759131	4455000
chr3	4460000	4470000	7.5723805073868276	4465000
chr3	4470000	4480000	10.783360581575083	4475000
chr3	4480000	4490000	12.471121788110016	4485000
chr3	4490000	4500000	6.9150700859152865	4495000
chr3	4500000	4510000	5.424623920567692	4505000
chr3	4510000	4520000	6.403513423514966	4515000
chr3	4520000	4530000	16.374208002546954	4525000
chr3	4530000	4540000	9.355413953035406	4535000
chr3	4540000	4550000	8.434448151797794	4545000
chr3	4550000	4560000	7.567433380997929	4555000
chr3	4560000	4570000	9.840770518147036	4565000
chr3	4570000	4580000	11.859309329766514	4575000
chr3	4580000	4590000	5.6855655540122045	4585000
chr3	4590000	4600000	11.106648974126214	4595000
chr3	4600000	4610000	11.212441543058334	4605000
chr3	4610000	4620000	6.283476305788853	4615000
chr3	4620000	4630000	6.598269950382766	4625000
chr3	4630000	4640000	9.736953610262857	4635000
chr3	4640000	4650000	6.5170625020636335	4645000
chr3	4650000	4660000	11.462837022327458	4655000
chr3	4660000	4670000	10.974706590575229	4665000
chr3	4670000	4680000	11.685408938881771	4675000
chr3	4680000	4690000	15.594209831973181	4685000
chr3	4690000	4700000	6.710465845968347	4695000
chr3	4700000	4710000	6.073058499821972	4705000
chr3	4710000	4720000	5.842541212575419	4715000
chr3	4720000	4730000	11.933590780689828	4725000
chr3	4730000	4740000	10.876581918576484	4735000
chr3	4740000	4750000	13.269439464403826	4745000
chr3	4750000	4760000	10.449160066052364	4755000
chr3	4760000	4770000	13.491626079145394	4765000
chr3	4770000	4780000	9.63004693125396	4775000
chr3	4780000	4790000	5.596767100565579	4785000
chr3	4790000	4800000	6.306494080780537	4795000
chr3	4800000	4810000	7.783219461330914	4805000
chr3	4810000	4820000	11.53602764554108	4815000
chr3	4820000	4830000	4.022819728629272	4825000
chr3	4830000	4840000	6.026507378579524	4835000
chr3	4840000	4850000	7.5616187255795015	4845000
chr3	4850000	4860000	8.586852147062539	4855000
chr3	4860000	4870000	6.537961569666744	4865000
chr3	4870000	4880000	9.654536154421562	4875000
chr3	4880000	4890000	13.388155800831916	4885000
chr3	4890000	4900000	6.983701682934831	4895000
chr3	4900000	4910000	5.67811953618955	4905000
chr3	4910000	4920000	5.364467691350759	4915000
chr3	4920000	4930000	8.856859211646585	4925000
chr3	4930000	4940000	6.7430835140753675	4935000
chr3	4940000	4950000	4.10091579018993	4945000
chr3	4950000	4960000	6.853450418551486	4955000
chr3	4960000	4970000	4.506614100742648	4965000
chr3	4970000	4980000	5.303212325738768	4975000
chr3	4980000	4990000	6.486443466703875	4985000
chr3	4990000	5000000	4.299329006579074	4995000
chr3	5000000	5010000	2.069874133154643	5005000
chr3	5010000	5020000	3.0217593223994803	5015000
chr3	5020000	5030000	6.593313230300508	5025000
chr3	5030000	5040000	3.601450708780128	5035000
chr3	5040000	5050000	2.9279443242428145	5045000
chr3	5050000	5060000	4.221902317440102	5055000
chr3	5060000	5070000	2.2678538641779884	5065000
chr3	5070000	5080000	1.7474105066050638	5075000
chr3	5080000	5090000	1.4255182061146188	5085000
chr3	5090000	5100000	3.4803350710023864	5095000
chr3	5100000	5110000	2.5665311160583726	5105000
chr3	5110000	5120000	2.9323874691562954	5115000
chr3	5120000	5130000	3.179032563478246	5125000
chr3	5130000	5140000	2.0408025446068137	5135000
chr3	5140000	5150000	13.429727502119226	5145000
chr3	5150000	5160000	6.705869399691105	5155000
chr3	5160000	5170000	13.221693793949814	5165000
chr3	5170000	5180000	7.817342943405797	5175000
chr3	5180000	5190000	6.399454611678369	5185000
chr3	5190000	5200000	5.565094853155456	5195000
chr3	5200000	5210000	5.453344616724044	5205000
chr3	5210000	5220000	9.191501190707807	5215000
chr3	5220000	5230000	4.081312635012801	5225000
chr3	5230000	5240000	5.221286546375812	5235000
chr3	5240000	5250000	3.6408002105372193	5245000
chr3	5250000	5260000	3.289684720601474	5255000
chr3	5260000	5270000	3.057206969907085	5265000
chr3	5270000	5280000	3.042836427877093	5275000
chr3	5280000	5290000	8.932068319084731	5285000
chr3	5290000	5300000	1.8494508710144926	5295000
chr3	5300000	5310000	1.9862870447010916	5305000
chr3	5310000	5320000	1.3614123560697196	5315000
chr3	5320000	5330000	2.736494807257412	5325000
chr3	5330000	5340000	6.839238829924923	5335000
chr3	5340000	5350000	5.1997520341078705	5345000
chr3	5350000	5360000	5.827132165380441	5355000
chr3	5360000	5370000	6.849473410299613	5365000
chr3	5370000	5380000	7.553534447874644	5375000
chr3	5380000	5390000	6.070174272185861	5385000
chr3	5390000	5400000	6.12652922379586	5395000
chr3	5400000	5410000	3.8940831323248055	5405000
chr3	5410000	5420000	6.849791956478577	5415000
chr3	5420000	5430000	9.9550678359448	5425000
chr3	5430000	5440000	5.5683398976463305	5435000
chr3	5440000	5450000	3.1684780865411906	5445000
chr3	5450000	5460000	4.943847340379954	5455000
chr3	5460000	5470000	4.200588956892344	5465000
chr3	5470000	5480000	2.8761159648897516	5475000
chr3	5480000	5490000	3.76650838587314	5485000
chr3	5490000	5500000	4.650878700718666	5495000
chr3	5500000	5510000	5.369202574917275	5505000
chr3	5510000	5520000	10.403131690385113	5515000
chr3	5520000	5530000	3.84942526650844	5525000
chr3	5530000	5540000	7.491891385837758	5535000
chr3	5540000	5550000	16.654470532991187	5545000
chr3	5550000	5560000	2.2533530229145695	5555000
chr3	5560000	5570000	2.858204080318378	5565000
chr3	5570000	5580000	3.083287509029175	5575000
chr3	5580000	5590000	4.3444882073580855	5585000
chr3	5590000	5600000	3.3999308604213656	5595000
chr3	5600000	5610000	3.0258874856470177	5605000
chr3	5610000	5620000	3.289546858012026	5615000
chr3	5620000	5630000	7.740176820828762	5625000
chr3	5630000	5640000	2.3752227400124983	5635000
chr3	5640000	5650000	1.232975883263896	5645000
chr3	5650000	5660000	2.368169255375381	5655000
chr3	5660000	5670000	5.6565119587584185	5665000
chr3	5670000	5680000	5.8421474615247275	5675000
chr3	5680000	5690000	2.3184225183756926	5685000
chr3	5690000	5700000	3.002430807604624	5695000
chr3	5700000	5710000	10.222745030649403	5705000
chr3	5710000	5720000	5.9614781018599885	5715000
chr3	5720000	5730000	2.96465752607683	5725000
chr3	5730000	5740000	7.487915358624542	5735000
chr3	5740000	5750000	10.378210848909054	5745000
chr3	5750000	5760000	3.9863217750480966	5755000
chr3	5760000	5770000	1.643637883270641	5765000
chr3	5770000	5780000	2.4270439373437256	5775000
chr3	5780000	5790000	5.284054613152441	5785000
chr3	5790000	5800000	7.192561028731769	5795000
chr3	5800000	5810000	6.929691579714389	5805000
chr3	5810000	5820000	7.160468341078268	5815000
chr3	5820000	5830000	10.50761366500074	5825000
chr3	5830000	5840000	7.838749491367017	5835000
chr3	5840000	5850000	6.714590475048484	5845000
chr3	5850000	5860000	5.620171362339215	5855000
chr3	5860000	5870000	4.0121917197598655	5865000
chr3	5870000	5880000	2.586762256060143	5875000
chr3	5880000	5890000	11.152360412457401	5885000
chr3	5890000	5900000	11.292344799816863	5895000
chr3	5900000	5910000	7.874348783297328	5905000
chr3	5910000	5920000	7.185437712865311	5915000
chr3	5920000	5930000	5.291489871830844	5925000
chr3	5930000	5940000	6.882422285044481	5935000
chr3	5940000	5950000	6.418492833614129	5945000
chr3	5950000	5960000	6.118772033264774	5955000
chr3	5960000	5970000	5.990883683185255	5965000
chr3	5970000	5980000	2.696052144316741	5975000
chr3	5980000	5990000	2.630040984908237	5985000
chr3	5990000	6000000	3.121560995870862	5995000
chr3	6000000	6010000	3.095498201822449	6005000
chr3	6010000	6020000	2.7170202549976	6015000
chr3	6020000	6030000	6.4026104090822535	6025000
chr3	6030000	6040000	5.621554732620724	6035000
chr3	6040000	6050000	7.191795653652243	6045000
chr3	6050000	6060000	6.639316094401811	6055000
chr3	6060000	6070000	5.982569985339526	6065000
chr3	6070000	6080000	6.10619129622442	6075000
chr3	6080000	6090000	4.9159874618077914	6085000
chr3	6090000	6100000	4.917742068618443	6095000
chr3	6100000	6110000	6.284606111099424	6105000
chr3	6110000	6120000	10.309637153151595	6115000
chr3	6120000	6130000	4.47927014086247	6125000
chr3	6130000	6140000	5.73608604377868	6135000
chr3	6140000	6150000	3.9761341442144476	6145000
chr3	6150000	6160000	4.38873016829139	6155000
chr3	6160000	6170000	4.014211542358037	6165000
chr3	6170000	6180000	6.197650250668667	6175000
chr3	6180000	6190000	7.889186032538878	6185000
chr3	6190000	6200000	7.586687513380236	6195000
chr3	6200000	6210000	10.675314812617774	6205000
chr3	6210000	6220000	5.080841665812487	6215000
chr3	6220000	6230000	6.333304833456611	6225000
chr3	6230000	6240000	6.9658049421158275	6235000
chr3	6240000	6250000	4.762737022550557	6245000
chr3	6250000	6260000	8.627847920980097	6255000
chr3	6260000	6270000	9.540534695279899	6265000
chr3	6270000	6280000	4.3048587970294125	6275000
chr3	6280000	6290000	7.659216019209687	6285000
chr3	6290000	6300000	5.461467752576683	6295000
chr3	6300000	6310000	6.310060072703026	6305000
chr3	6310000	6320000	7.781425518775311	6315000
chr3	6320000	6330000	5.797830908613194	6325000
chr3	6330000	6340000	6.555351919745413	6335000
chr3	6340000	6350000	4.840623005960371	6345000
chr3	6350000	6360000	6.024759243517679	6355000
chr3	6360000	6370000	5.00088653829926	6365000
chr3	6370000	6380000	5.0845087981412025	6375000
chr3	6380000	6390000	6.785064228818858	6385000
chr3	6390000	6400000	5.253470734285852	6395000
chr3	6400000	6410000	4.420199717817992	6405000
chr3	6410000	6420000	5.395551924040788	6415000
chr3	6420000	6430000	8.51445755130529	6425000
chr3	6430000	6440000	10.316773711324599	6435000
chr3	6440000	6450000	7.481666324820742	6445000
chr3	6450000	6460000	8.620250546401925	6455000
chr3	6460000	6470000	6.671964515564419	6465000
chr3	6470000	6480000	7.391527855718621	6475000
chr3	6480000	6490000	9.82105666982007	6485000
chr3	6490000	6500000	5.977187421520443	6495000
chr3	6500000	6510000	8.020002368802377	6505000
chr3	6510000	6520000	8.400227595988865	6515000
chr3	6520000	6530000	8.063374481347614	6525000
chr3	6530000	6540000	8.559093288852312	6535000
chr3	6540000	6550000	8.842180791369364	6545000
chr3	6550000	6560000	6.265693864433987	6555000
chr3	6560000	6570000	7.746955195945252	6565000
chr3	6570000	6580000	5.183193857623654	6575000
chr3	6580000	6590000	4.435294558066408	6585000
chr3	6590000	6600000	7.071545776658035	6595000
chr3	6600000	6610000	5.259568006662285	6605000
chr3	6610000	6620000	4.935577123402033	6615000
chr3	6620000	6630000	5.915724295598387	6625000
chr3	6630000	6640000	10.700359537271439	6635000
chr3	6640000	6650000	4.178110054196541	6645000
chr3	6650000	6660000	3.1184210926281724	6655000
chr3	6660000	6670000	5.744571426459348	6665000
chr3	6670000	6680000	4.867547332411561	6675000
chr3	6680000	6690000	4.200376246981886	6685000
chr3	6690000	6700000	3.031665427368955	6695000
chr3	6700000	6710000	2.8412665783655053	6705000
chr3	6710000	6720000	3.1955476134334853	6715000
chr3	6720000	6730000	4.415035249054477	6725000
chr3	6730000	6740000	4.210740205792903	6735000
chr3	6740000	6750000	3.7202235127882726	6745000
chr3	6750000	6760000	3.695867910787907	6755000
chr3	6760000	6770000	3.346315989045432	6765000
chr3	6770000	6780000	5.00591815864733	6775000
chr3	6780000	6790000	13.274432809876298	6785000
chr3	6790000	6800000	2.1763132935373197	6795000
chr3	6800000	6810000	7.714669169770935	6805000
chr3	6810000	6820000	10.250001506279347	6815000
chr3	6820000	6830000	4.925984520310054	6825000
chr3	6830000	6840000	3.5519779525428232	6835000
chr3	6840000	6850000	4.044631352623771	6845000
chr3	6850000	6860000	3.7976959963912145	6855000
chr3	6860000	6870000	3.222777661776321	6865000
chr3	6870000	6880000	3.462998045368738	6875000
chr3	6880000	6890000	2.1148180257659033	6885000
chr3	6890000	6900000	2.7122665582781798	6895000
chr3	6900000	6910000	7.077196199966816	6905000
chr3	6910000	6920000	8.963255332215377	6915000
chr3	6920000	6930000	5.988343582971792	6925000
chr3	6930000	6940000	3.38988376792015	6935000
chr3	6940000	6950000	3.327710204647688	6945000
chr3	6950000	6960000	2.8185105872236083	6955000
chr3	6960000	6970000	3.271922493917901	6965000
chr3	6970000	6980000	5.005550314499537	6975000
chr3	6980000	6990000	3.813827480142406	6985000
chr3	6990000	7000000	1.924968494775914	6995000
chr3	7000000	7010000	3.1110303163359556	7005000
chr3	7010000	7020000	9.91744085928926	7015000
chr3	7020000	7030000	3.4798004949694907	7025000
chr3	7030000	7040000	3.5591831020781393	7035000
chr3	7040000	7050000	2.899422900744585	7045000
chr3	7050000	7060000	5.987288362352113	7055000
chr3	7060000	7070000	8.50616169512225	7065000
chr3	7070000	7080000	2.991240412107425	7075000
chr3	7080000	7090000	5.568466516298981	7085000
chr3	7090000	7100000	7.6559308702460624	7095000
chr3	7100000	7110000	3.9228096406879	7105000
chr3	7110000	7120000	1.8848729735275649	7115000
chr3	7120000	7130000	1.3539180169631726	7125000
chr3	7130000	7140000	2.6183909985330636	7135000
chr3	7140000	7150000	2.6098753310688405	7145000
chr3	7150000	7160000	2.336207761170736	7155000
chr3	7160000	7170000	2.7406858656272624	7165000
chr3	7170000	7180000	5.276503375506136	7175000
chr3	7180000	7190000	2.194540234669643	7185000
chr3	7190000	7200000	2.2083955427588817	7195000
chr3	7200000	7210000	1.4876564775486323	7205000
chr3	7210000	7220000	1.9844635023483566	7215000
chr3	7220000	7230000	2.5137179107714163	7225000
chr3	7230000	7240000	1.5727167645376128	7235000
chr3	7240000	7250000	1.1317916634285814	7245000
chr3	7250000	7260000	3.5842257729334763	7255000
chr3	7260000	7270000	1.751988124342236	7265000
chr3	7270000	7280000	2.2054782090689713	7275000
chr3	7280000	7290000	2.8946914146974927	7285000
chr3	7290000	7300000	1.932393503583923	7295000
chr3	7300000	7310000	1.4634032436907989	7305000
chr3	7310000	7320000	4.200285610712975	7315000
chr3	7320000	7330000	0.9931315388978678	7325000
chr3	7330000	7340000	1.6772826747158527	7335000
chr3	7340000	7350000	2.028635893005405	7345000
chr3	7350000	7360000	3.1080944835846407	7355000
chr3	7360000	7370000	4.437696409796681	7365000
chr3	7370000	7380000	3.5761266356851715	7375000
chr3	7380000	7390000	6.01789206272874	7385000
chr3	7390000	7400000	2.766551461896962	7395000
chr3	7400000	7410000	4.5652406724551735	7405000
chr3	7410000	7420000	3.499654246778557	7415000
chr3	7420000	7430000	3.3203647345210086	7425000
chr3	7430000	7440000	3.3342443028638415	7435000
chr3	7440000	7450000	3.507864747786117	7445000
chr3	7450000	7460000	4.487694975175625	7455000
chr3	7460000	7470000	3.668890246222124	7465000
chr3	7470000	7480000	3.8952727383652843	7475000
chr3	7480000	7490000	3.706540560683167	7485000
chr3	7490000	7500000	4.499572572857754	7495000
chr3	7500000	7510000	6.464868966525362	7505000
chr3	7510000	7520000	4.763983660372154	7515000
chr3	7520000	7530000	5.140991243453915	7525000
chr3	7530000	7540000	4.454513455689302	7535000
chr3	7540000	7550000	3.8167228261880886	7545000
chr3	7550000	7560000	13.286911678909279	7555000
chr3	7560000	7570000	4.481535318064709	7565000
chr3	7570000	7580000	2.3094185392108537	7575000
chr3	7580000	7590000	3.47025898179974	7585000
chr3	7590000	7600000	2.7709707414105527	7595000
chr3	7600000	7610000	2.9816934277753657	7605000
chr3	7610000	7620000	2.3121233455906687	7615000
chr3	7620000	7630000	1.3369465170281185	7625000
chr3	7630000	7640000	2.5049848739434575	7635000
chr3	7640000	7650000	1.9671386229261745	7645000
chr3	7650000	7660000	2.455450950877164	7655000
chr3	7660000	7670000	2.022690834808518	7665000
chr3	7670000	7680000	1.3637519406574428	7675000
chr3	7680000	7690000	1.9673153804839287	7685000
chr3	7690000	7700000	2.097374469001573	7695000
chr3	7700000	7710000	1.4683727142341962	7705000
chr3	7710000	7720000	1.8872869270234214	7715000
chr3	7720000	7730000	1.1503989172464977	7725000
chr3	7730000	7740000	2.0454248103212973	7735000
chr3	7740000	7750000	2.5666104336188815	7745000
chr3	7750000	7760000	2.5852834122260666	7755000
chr3	7760000	7770000	2.3748670624610013	7765000
chr3	7770000	7780000	1.2816218176865297	7775000
chr3	7780000	7790000	1.4847836388926692	7785000
chr3	7790000	7800000	1.7293531777878022	7795000
chr3	7800000	7810000	1.8446523507511516	7805000
chr3	7810000	7820000	1.6166226154151526	7815000
chr3	7820000	7830000	0.988406569120304	7825000
chr3	7830000	7840000	0.5606687856947337	7835000
chr3	7840000	7850000	0.910223223424866	7845000
chr3	7850000	7860000	0.5749922061574319	7855000
chr3	7860000	7870000	1.323991273164152	7865000
chr3	7870000	7880000	2.365021880440701	7875000
chr3	7880000	7890000	1.592383804321769	7885000
chr3	7890000	7900000	2.0104575053386786	7895000
chr3	7900000	7910000	2.12392537910251	7905000
chr3	7910000	7920000	2.38315573056325	7915000
chr3	7920000	7930000	2.435523273911717	7925000
chr3	7930000	7940000	1.2740954968716331	7935000
chr3	7940000	7950000	1.7234300203602448	7945000
chr3	7950000	7960000	1.219985808349879	7955000
chr3	7960000	7970000	1.3972705883391627	7965000
chr3	7970000	7980000	1.0958362462450915	7975000
chr3	7980000	7990000	1.7619202595251577	7985000
chr3	7990000	8000000	0.9446618937818173	7995000
chr3	8000000	8010000	0.7665444242473989	8005000
chr3	8010000	8020000	0.5850307055164475	8015000
chr3	8020000	8030000	1.2362031531734832	8025000
chr3	8030000	8040000	1.8372702883985712	8035000
chr3	8040000	8050000	1.1803138402717277	8045000
chr3	8050000	8060000	4.384735492270604	8055000
chr3	8060000	8070000	1.754196573270512	8065000
chr3	8070000	8080000	3.364155279147997	8075000
chr3	8080000	8090000	1.5472923013131885	8085000
chr3	8090000	8100000	0.8592363497699295	8095000
chr3	8100000	8110000	1.3398866593008794	8105000
chr3	8110000	8120000	1.682774264696054	8115000
chr3	8120000	8130000	1.4273814552569106	8125000
chr3	8130000	8140000	0.4373597315479517	8135000
chr3	8140000	8150000	1.1912705872931617	8145000
chr3	8150000	8160000	1.0681509508796723	8155000
chr3	8160000	8170000	0.9435310103497103	8165000
chr3	8170000	8180000	0.4604517105366448	8175000
chr3	8180000	8190000	1.3586673750990923	8185000
chr3	8190000	8200000	0.6517871654756255	8195000
chr3	8200000	8210000	0.7307030543630743	8205000
chr3	8210000	8220000	2.512396324054287	8215000
chr3	8220000	8230000	1.3453841527444201	8225000
chr3	8230000	8240000	0.9913753012867986	8235000
chr3	8240000	8250000	1.5839966857556276	8245000
chr3	8250000	8260000	1.3984693031592716	8255000
chr3	8260000	8270000	1.6273674932680295	8265000
chr3	8270000	8280000	2.159692679040352	8275000
chr3	8280000	8290000	2.009892357682884	8285000
chr3	8290000	8300000	3.0499776530918408	8295000
chr3	8300000	8310000	1.7857938232365698	8305000
chr3	8310000	8320000	1.8554477937097955	8315000
chr3	8320000	8330000	1.6315455037942723	8325000
chr3	8330000	8340000	1.083318639395815	8335000
chr3	8340000	8350000	1.2019795027875653	8345000
chr3	8350000	8360000	0.8780290168019234	8355000
chr3	8360000	8370000	0.8454145809223168	8365000
chr3	8370000	8380000	0.7390131118530349	8375000
chr3	8380000	8390000	0.592127018517881	8385000
chr3	8390000	8400000	0.20846959226843467	8395000
chr3	8400000	8410000	0.17273713718222594	8405000
chr3	8410000	8420000	0.9339719132159979	8415000
chr3	8420000	8430000	0.6560236747032219	8425000
chr3	8430000	8440000	0.8994964626417821	8435000
chr3	8440000	8450000	1.1640914160335818	8445000
chr3	8450000	8460000	1.1427209959878728	8455000
chr3	8460000	8470000	2.629167778284147	8465000
chr3	8470000	8480000	1.5137893965652742	8475000
chr3	8480000	8490000	2.127382832804492	8485000
chr3	8490000	8500000	1.5510444334999698	8495000
chr3	8500000	8510000	1.396586483157664	8505000
chr3	8510000	8520000	1.5708834358881292	8515000
chr3	8520000	8530000	1.4991408340630965	8525000
chr3	8530000	8540000	1.2348111911905275	8535000
chr3	8540000	8550000	1.181941005510108	8545000
chr3	8550000	8560000	2.194840421638973	8555000
chr3	8560000	8570000	1.281954857529155	8565000
chr3	8570000	8580000	1.1723530450507786	8575000
chr3	8580000	8590000	0.9690144133444587	8585000
chr3	8590000	8600000	1.6734946634005778	8595000
chr3	8600000	8610000	0.8597420180268707	8605000
chr3	8610000	8620000	2.1682802228044498	8615000
chr3	8620000	8630000	3.308816238337424	8625000
chr3	8630000	8640000	2.396254217806395	8635000
chr3	8640000	8650000	1.2066217409374047	8645000
chr3	8650000	8660000	0.9273886389871774	8655000
chr3	8660000	8670000	1.340355037231636	8665000
chr3	8670000	8680000	0.8272476625918579	8675000
chr3	8680000	8690000	1.2212692756170127	8685000
chr3	8690000	8700000	1.991607174382956	8695000
chr3	8700000	8710000	1.7835214561774106	8705000
chr3	8710000	8720000	2.1735392647305303	8715000
chr3	8720000	8730000	1.9882063330456574	8725000
chr3	8730000	8740000	1.1893877063509448	8735000
chr3	8740000	8750000	0.6878492565234823	8745000
chr3	8750000	8760000	0.824125309334302	8755000
chr3	8760000	8770000	1.109410820295009	8765000
chr3	8770000	8780000	0.8094371414264838	8775000
chr3	8780000	8790000	1.6064290721852885	8785000
chr3	8790000	8800000	5.211570147088995	8795000
chr3	8800000	8810000	0.6145883842248833	8805000
chr3	8810000	8820000	4.498441131914381	8815000
chr3	8820000	8830000	1.3467106500319515	8825000
chr3	8830000	8840000	1.3777430654111074	8835000
chr3	8840000	8850000	0.7421411139605006	8845000
chr3	8850000	8860000	0.9814537156070757	8855000
chr3	8860000	8870000	1.5498140143867278	8865000
chr3	8870000	8880000	0.934037779565706	8875000
chr3	8880000	8890000	1.0313883579642233	8885000
chr3	8890000	8900000	0.9184377603346916	8895000
chr3	8900000	8910000	1.037228223278182	8905000
chr3	8910000	8920000	1.6660534129022768	8915000
chr3	8920000	8930000	0.6154161284455777	8925000
chr3	8930000	8940000	0.8143349486383173	8935000
chr3	8940000	8950000	1.2614844641147318	8945000
chr3	8950000	8960000	0.7887845135273874	8955000
chr3	8960000	8970000	1.3965070019798305	8965000
chr3	8970000	8980000	1.3951802682597227	8975000
chr3	8980000	8990000	1.4353578098888997	8985000
chr3	8990000	9000000	0.5092833700053244	8995000
chr3	9000000	9010000	0.7857825162041807	9005000
chr3	9010000	9020000	1.1148957505507358	9015000
chr3	9020000	9030000	1.0385738492086565	9025000
chr3	9030000	9040000	4.644762959298858	9035000
chr3	9040000	9050000	4.835112275243556	9045000
chr3	9050000	9060000	2.3002377873353037	9055000
chr3	9060000	9070000	1.2938493659502288	9065000
chr3	9070000	9080000	1.5193580364676058	9075000
chr3	9080000	9090000	1.4283354910712374	9085000
chr3	9090000	9100000	0.9100111807415525	9095000
chr3	9100000	9110000	0.962724595241795	9105000
chr3	9110000	9120000	0.9208995854596723	9115000
chr3	9120000	9130000	1.0768853367282056	9125000
chr3	9130000	9140000	2.029922981269536	9135000
chr3	9140000	9150000	0.9396501324975682	9145000
chr3	9150000	9160000	6.278315570869138	9155000
chr3	9160000	9170000	9.186135162800042	9165000
chr3	9170000	9180000	5.272804198764513	9175000
chr3	9180000	9190000	6.158506862669176	9185000
chr3	9190000	9200000	3.7547303507894148	9195000
chr3	9200000	9210000	1.6691881007661051	9205000
chr3	9210000	9220000	5.169181233316798	9215000
chr3	9220000	9230000	2.0284564247255426	9225000
chr3	9230000	9240000	2.024885087501731	9235000
chr3	9240000	9250000	7.5758564926592955	9245000
chr3	9250000	9260000	2.4496393256842053	9255000
chr3	9260000	9270000	2.5991351277835886	9265000
chr3	9270000	9280000	8.038216373505934	9275000
chr3	9280000	9290000	0.9890020077335406	9285000
chr3	9290000	9300000	2.3470035574821515	9295000
chr3	9300000	9310000	2.0702312139637304	9305000
chr3	9310000	9320000	2.7468624219273985	9315000
chr3	9320000	9330000	4.485212110521763	9325000
chr3	9330000	9340000	3.0836220683086983	9335000
chr3	9340000	9350000	5.022035165934242	9345000
chr3	9350000	9360000	4.432557759534792	9355000
chr3	9360000	9370000	3.656633338652773	9365000
chr3	9370000	9380000	4.658903855182	9375000
chr3	9380000	9390000	5.16455205917188	9385000
chr3	9390000	9400000	4.194707118747549	9395000
chr3	9400000	9410000	3.498608944023496	9405000
chr3	9410000	9420000	3.802210279444486	9415000
chr3	9420000	9430000	5.756900282386859	9425000
chr3	9430000	9440000	19.654529241264527	9435000
chr3	9440000	9450000	10.569937657142598	9445000
chr3	9450000	9460000	4.76954219136387	9455000
chr3	9460000	9470000	1.1583558817541793	9465000
chr3	9470000	9480000	1.3241457714633833	9475000
chr3	9480000	9490000	3.696420450353845	9485000
chr3	9490000	9500000	2.948168966881105	9495000
chr3	9500000	9510000	3.5245031416439514	9505000
chr3	9510000	9520000	1.2611053476832006	9515000
chr3	9520000	9530000	1.8697022767787193	9525000
chr3	9530000	9540000	1.1750026018026576	9535000
chr3	9540000	9550000	1.533338139068606	9545000
chr3	9550000	9560000	4.712409185790697	9555000
chr3	9560000	9570000	14.138131656881638	9565000
chr3	9570000	9580000	5.82029506004	9575000
chr3	9580000	9590000	4.532832689036405	9585000
chr3	9590000	9600000	9.426601715917228	9595000
chr3	9600000	9610000	10.198366190309022	9605000
chr3	9610000	9620000	7.857339985191588	9615000
chr3	9620000	9630000	4.223582111964662	9625000
chr3	9630000	9640000	2.8273089890341763	9635000
chr3	9640000	9650000	5.339940875941111	9645000
chr3	9650000	9660000	2.8851480644800263	9655000
chr3	9660000	9670000	4.921295983873997	9665000
chr3	9670000	9680000	2.0895821514566815	9675000
chr3	9680000	9690000	7.246283535086384	9685000
chr3	9690000	9700000	3.300475002397541	9695000
chr3	9700000	9710000	2.112621245278682	9705000
chr3	9710000	9720000	1.9876603333435519	9715000
chr3	9720000	9730000	3.86433880040097	9725000
chr3	9730000	9740000	1.3096566629014277	9735000
chr3	9740000	9750000	1.54417211813371	9745000
chr3	9750000	9760000	7.320970792253924	9755000
chr3	9760000	9770000	1.496930883098792	9765000
chr3	9770000	9780000	0.7689827836619276	9775000
chr3	9780000	9790000	0.822742573649031	9785000
chr3	9790000	9800000	1.0012419881905392	9795000
chr3	9800000	9810000	3.882884404281123	9805000
chr3	9810000	9820000	3.0781797027283404	9815000
chr3	9820000	9830000	4.426405423030043	9825000
chr3	9830000	9840000	2.201386480544638	9835000
chr3	9840000	9850000	1.9125224922723352	9845000
chr3	9850000	9860000	2.2275094896074696	9855000
chr3	9860000	9870000	3.4925228173105465	9865000
chr3	9870000	9880000	4.320416821603087	9875000
chr3	9880000	9890000	1.7206535842373765	9885000
chr3	9890000	9900000	1.5282564702652244	9895000
chr3	9900000	9910000	1.2987701658012307	9905000
chr3	9910000	9920000	4.379059964980896	9915000
chr3	9920000	9930000	2.5522932208417273	9925000
chr3	9930000	9940000	1.512929306109249	9935000
chr3	9940000	9950000	3.082247063478874	9945000
chr3	9950000	9960000	3.2784344344850824	9955000
chr3	9960000	9970000	1.6624606082050224	9965000
chr3	9970000	9980000	1.7368401561172349	9975000
chr3	9980000	9990000	1.3700142650894744	9985000
chr3	9990000	10000000	1.1728106225890729	9995000
chr3	10000000	10010000	1.2571478400426028	10005000
chr3	10010000	10020000	1.259444662186852	10015000
chr3	10020000	10030000	1.8960480300109854	10025000
chr3	10030000	10040000	2.8483895354561697	10035000
chr3	10040000	10050000	1.865471908466642	10045000
chr3	10050000	10060000	2.641654833362816	10055000
chr3	10060000	10070000	1.4898137066601127	10065000
chr3	10070000	10080000	2.521215568283678	10075000
chr3	10080000	10090000	0.7184098423229612	10085000
chr3	10090000	10100000	1.5372033806349898	10095000
chr3	10100000	10110000	1.9894760559481643	10105000
chr3	10110000	10120000	4.429506723167278	10115000
chr3	10120000	10130000	9.048774352034153	10125000
chr3	10130000	10140000	3.041765129550713	10135000
chr3	10140000	10150000	1.9588806841644437	10145000
chr3	10150000	10160000	0.9278714601040353	10155000
chr3	10160000	10170000	1.2794738229964544	10165000
chr3	10170000	10180000	2.1438253779955354	10175000
chr3	10180000	10190000	2.3959781147486257	10185000
chr3	10190000	10200000	4.286065766908872	10195000
chr3	10200000	10210000	4.4740359422742175	10205000
chr3	10210000	10220000	2.9340543517823856	10215000
chr3	10220000	10230000	1.3683395823085744	10225000
chr3	10230000	10240000	4.409386017702531	10235000
chr3	10240000	10250000	1.9238643686151558	10245000
chr3	10250000	10260000	1.8609567522721358	10255000
chr3	10260000	10270000	1.9485600795392495	10265000
chr3	10270000	10280000	2.8764323991790466	10275000
chr3	10280000	10290000	4.45668493183343	10285000
chr3	10290000	10300000	1.819526119197921	10295000
chr3	10300000	10310000	2.037550530876132	10305000
chr3	10310000	10320000	2.387998505397834	10315000
chr3	10320000	10330000	0.9595959376409249	10325000
chr3	10330000	10340000	1.8434043237735385	10335000
chr3	10340000	10350000	1.9744054175969454	10345000
chr3	10350000	10360000	1.402806433053365	10355000
chr3	10360000	10370000	1.4512718327617844	10365000
chr3	10370000	10380000	1.876532504989447	10375000
chr3	10380000	10390000	1.7196538849761374	10385000
chr3	10390000	10400000	1.5288998559463554	10395000
chr3	10400000	10410000	1.0414133098975014	10405000
chr3	10410000	10420000	3.0548896588598815	10415000
chr3	10420000	10430000	3.4418719752461824	10425000
chr3	10430000	10440000	3.0350370510651694	10435000
chr3	10440000	10450000	1.3421008184243346	10445000
chr3	10450000	10460000	1.6406467495975658	10455000
chr3	10460000	10470000	1.8669598408414412	10465000
chr3	10470000	10480000	1.226328337560441	10475000
chr3	10480000	10490000	3.357244404490764	10485000
chr3	10490000	10500000	10.316544939678895	10495000
chr3	10500000	10510000	1.047466882692093	10505000
chr3	10510000	10520000	0.6431043075191462	10515000
chr3	10520000	10530000	0.843539886733905	10525000
chr3	10530000	10540000	0.523050547082204	10535000
chr3	10540000	10550000	1.2068448088213433	10545000
chr3	10550000	10560000	2.2602654907090325	10555000
chr3	10560000	10570000	3.0367146672037215	10565000
chr3	10570000	10580000	5.178063499111665	10575000
chr3	10580000	10590000	4.756969128775301	10585000
chr3	10590000	10600000	2.408630788926037	10595000
chr3	10600000	10610000	2.5146071304551842	10605000
chr3	10610000	10620000	2.506693865796597	10615000
chr3	10620000	10630000	4.204152831476206	10625000
chr3	10630000	10640000	1.6200414246264923	10635000
chr3	10640000	10650000	1.9014504249903676	10645000
chr3	10650000	10660000	2.1354812123415594	10655000
chr3	10660000	10670000	2.153834283203018	10665000
chr3	10670000	10680000	1.9859871388422095	10675000
chr3	10680000	10690000	1.2411927401614387	10685000
chr3	10690000	10700000	3.4265300593792376	10695000
chr3	10700000	10710000	6.70242448804404	10705000
chr3	10710000	10720000	1.9445766519899592	10715000
chr3	10720000	10730000	2.295982873416829	10725000
chr3	10730000	10740000	3.0013425001406575	10735000
chr3	10740000	10750000	3.8040458821603518	10745000
chr3	10750000	10760000	3.6713839398530284	10755000
chr3	10760000	10770000	2.877526532900466	10765000
chr3	10770000	10780000	1.4238563432913385	10775000
chr3	10780000	10790000	4.032619401483811	10785000
chr3	10790000	10800000	28.842717399774088	10795000
chr3	10800000	10810000	1.7400024733676487	10805000
chr3	10810000	10820000	3.5828979224376902	10815000
chr3	10820000	10830000	4.242315988408103	10825000
chr3	10830000	10840000	2.0443623471419836	10835000
chr3	10840000	10850000	2.3565181959665735	10845000
chr3	10850000	10860000	2.0159776860912944	10855000
chr3	10860000	10870000	0.7238380273923624	10865000
chr3	10870000	10880000	3.1736627769619115	10875000
chr3	10880000	10890000	12.56899991795941	10885000
chr3	10890000	10900000	4.136214500974453	10895000
chr3	10900000	10910000	2.282952331325113	10905000
chr3	10910000	10920000	2.4899460588389353	10915000
chr3	10920000	10930000	2.6988780949681823	10925000
chr3	10930000	10940000	2.1423138150930767	10935000
chr3	10940000	10950000	1.03060009485884	10945000
chr3	10950000	10960000	1.5088284294616627	10955000
chr3	10960000	10970000	4.583876159741406	10965000
chr3	10970000	10980000	1.9840198451741362	10975000
chr3	10980000	10990000	2.1086656225694895	10985000
chr3	10990000	11000000	1.2262233145563064	10995000
chr3	11000000	11010000	3.5555747805354754	11005000
chr3	11010000	11020000	1.9915875703090902	11015000
chr3	11020000	11030000	1.5997053962005363	11025000
chr3	11030000	11040000	1.5432944430833726	11035000
chr3	11040000	11050000	3.4910245772722095	11045000
chr3	11050000	11060000	2.350533073987789	11055000
chr3	11060000	11070000	2.142510119852871	11065000
chr3	11070000	11080000	2.880839096479016	11075000
chr3	11080000	11090000	5.951997531708033	11085000
chr3	11090000	11100000	3.045789854410146	11095000
chr3	11100000	11110000	1.6969788986275183	11105000
chr3	11110000	11120000	6.51054071670369	11115000
chr3	11120000	11130000	1.9361188803649563	11125000
chr3	11130000	11140000	1.5678751388020948	11135000
chr3	11140000	11150000	1.0394580267384155	11145000
chr3	11150000	11160000	1.732666827386188	11155000
chr3	11160000	11170000	4.094502619257386	11165000
chr3	11170000	11180000	2.67236883852293	11175000
chr3	11180000	11190000	2.5856601467777596	11185000
chr3	11190000	11200000	2.1304733038217103	11195000
chr3	11200000	11210000	1.4456230316335792	11205000
chr3	11210000	11220000	1.5198194784554078	11215000
chr3	11220000	11230000	1.129409666510901	11225000
chr3	11230000	11240000	2.055359700257825	11235000
chr3	11240000	11250000	1.915927258573123	11245000
chr3	11250000	11260000	1.0189370935221118	11255000
chr3	11260000	11270000	3.105104605846239	11265000
chr3	11270000	11280000	1.2225384638351529	11275000
chr3	11280000	11290000	0.5637931716050604	11285000
chr3	11290000	11300000	0.5748043909721886	11295000
chr3	11300000	11310000	0.8555168126056676	11305000
chr3	11310000	11320000	1.3363153298916755	11315000
chr3	11320000	11330000	2.2223982678467133	11325000
chr3	11330000	11340000	1.3489122355211918	11335000
chr3	11340000	11350000	1.232464594819313	11345000
chr3	11350000	11360000	2.8680054657224345	11355000
chr3	11360000	11370000	1.4272192448174656	11365000
chr3	11370000	11380000	1.3441887010544586	11375000
chr3	11380000	11390000	1.6219828910796186	11385000
chr3	11390000	11400000	1.3406595607419252	11395000
chr3	11400000	11410000	2.315751162669407	11405000
chr3	11410000	11420000	2.0848296583790176	11415000
chr3	11420000	11430000	1.7780638526405594	11425000
chr3	11430000	11440000	0.674275110392366	11435000
chr3	11440000	11450000	2.0672889771539675	11445000
chr3	11450000	11460000	1.3364491804685394	11455000
chr3	11460000	11470000	1.0992029326629895	11465000
chr3	11470000	11480000	2.570960032757561	11475000
chr3	11480000	11490000	0.5478753683725106	11485000
chr3	11490000	11500000	1.140606589206125	11495000
chr3	11500000	11510000	2.201292952506472	11505000
chr3	11510000	11520000	2.0500345807341525	11515000
chr3	11520000	11530000	1.4288681065641018	11525000
chr3	11530000	11540000	1.3675311585193848	11535000
chr3	11540000	11550000	6.493077425138423	11545000
chr3	11550000	11560000	3.5591781580403694	11555000
chr3	11560000	11570000	2.8852701441546884	11565000
chr3	11570000	11580000	0.7743854061172165	11575000
chr3	11580000	11590000	0.6841432132814583	11585000
chr3	11590000	11600000	2.7240084833307345	11595000
chr3	11600000	11610000	1.9396399134336193	11605000
chr3	11610000	11620000	0.8827074746923722	11615000
chr3	11620000	11630000	1.3756964345085305	11625000
chr3	11630000	11640000	2.5360621393120493	11635000
chr3	11640000	11650000	1.8995231931645018	11645000
chr3	11650000	11660000	1.1365336905745758	11655000
chr3	11660000	11670000	1.207843498860966	11665000
chr3	11670000	11680000	1.3383018158018782	11675000
chr3	11680000	11690000	1.5069114499565333	11685000
chr3	11690000	11700000	1.9000733934935266	11695000
chr3	11700000	11710000	2.507219521947253	11705000
chr3	11710000	11720000	1.7413890561872696	11715000
chr3	11720000	11730000	1.2439639066731554	11725000
chr3	11730000	11740000	3.766665727453537	11735000
chr3	11740000	11750000	3.9977177912151953	11745000
chr3	11750000	11760000	2.7450251086189064	11755000
chr3	11760000	11770000	2.536267534122832	11765000
chr3	11770000	11780000	3.158410916283078	11775000
chr3	11780000	11790000	1.259658290564809	11785000
chr3	11790000	11800000	1.6577865170628667	11795000
chr3	11800000	11810000	1.5131451194921577	11805000
chr3	11810000	11820000	1.486744774043118	11815000
chr3	11820000	11830000	1.3007923908917463	11825000
chr3	11830000	11840000	2.1075539514092347	11835000
chr3	11840000	11850000	2.6836232121206507	11845000
chr3	11850000	11860000	3.0770856000647537	11855000
chr3	11860000	11870000	4.062657202791378	11865000
chr3	11870000	11880000	3.148714187131841	11875000
chr3	11880000	11890000	3.4781146525719686	11885000
chr3	11890000	11900000	4.199943101910725	11895000
chr3	11900000	11910000	2.7937760242365397	11905000
chr3	11910000	11920000	1.4625441413303435	11915000
chr3	11920000	11930000	1.2557980077785356	11925000
chr3	11930000	11940000	3.2187179909411157	11935000
chr3	11940000	11950000	0.9862217418785633	11945000
chr3	11950000	11960000	6.880001819735151	11955000
chr3	11960000	11970000	0.6047018663617127	11965000
chr3	11970000	11980000	0.5332490518003964	11975000
chr3	11980000	11990000	2.8857750179062998	11985000
chr3	11990000	12000000	2.5123427064977366	11995000
chr3	12000000	12010000	2.98909157751196	12005000
chr3	12010000	12020000	3.1070827869749666	12015000
chr3	12020000	12030000	2.8880002571718677	12025000
chr3	12030000	12040000	1.999359038958539	12035000
chr3	12040000	12050000	3.3665224086592085	12045000
chr3	12050000	12060000	3.302771797347927	12055000
chr3	12060000	12070000	2.928097104498826	12065000
chr3	12070000	12080000	3.0416631923691066	12075000
chr3	12080000	12090000	2.5548267266231153	12085000
chr3	12090000	12100000	2.100897814430971	12095000
chr3	12100000	12110000	2.195697377973455	12105000
chr3	12110000	12120000	4.307056028976931	12115000
chr3	12120000	12130000	2.5123367720213334	12125000
chr3	12130000	12140000	2.556596373140664	12135000
chr3	12140000	12150000	0.7650673426195096	12145000
chr3	12150000	12160000	1.1025494327868819	12155000
chr3	12160000	12170000	0.8534998772421524	12165000
chr3	12170000	12180000	1.5788773315442401	12175000
chr3	12180000	12190000	2.051546417944661	12185000
chr3	12190000	12200000	2.5359540619150565	12195000
chr3	12200000	12210000	1.985919386643334	12205000
chr3	12210000	12220000	1.2090765909298744	12215000
chr3	12220000	12230000	12.4442643933605	12225000
chr3	12230000	12240000	1.5326557707111022	12235000
chr3	12240000	12250000	1.6924486037646804	12245000
chr3	12250000	12260000	1.472129691661712	12255000
chr3	12260000	12270000	2.6134418001907505	12265000
chr3	12270000	12280000	2.245873667406329	12275000
chr3	12280000	12290000	0.9471609725793656	12285000
chr3	12290000	12300000	0.7683307363716833	12295000
chr3	12300000	12310000	1.9946369898929854	12305000
chr3	12310000	12320000	0.891466777077079	12315000
chr3	12320000	12330000	0.7965515441262546	12325000
chr3	12330000	12340000	1.350012353555447	12335000
chr3	12340000	12350000	1.3091013993286462	12345000
chr3	12350000	12360000	1.9751781934725505	12355000
chr3	12360000	12370000	1.0971827937926149	12365000
chr3	12370000	12380000	1.4305242809509082	12375000
chr3	12380000	12390000	1.9311886702127243	12385000
chr3	12390000	12400000	1.687560858937748	12395000
chr3	12400000	12410000	3.196659292066645	12405000
chr3	12410000	12420000	3.1788561623403955	12415000
chr3	12420000	12430000	2.183507856028189	12425000
chr3	12430000	12440000	1.1993189640901905	12435000
chr3	12440000	12450000	1.368325741866845	12445000
chr3	12450000	12460000	1.3133695652512438	12455000
chr3	12460000	12470000	2.004492982834092	12465000
chr3	12470000	12480000	0.8304762107871496	12475000
chr3	12480000	12490000	1.6682952739939507	12485000
chr3	12490000	12500000	0.9932501220141393	12495000
chr3	12500000	12510000	1.5999271887421567	12505000
chr3	12510000	12520000	2.935217546441351	12515000
chr3	12520000	12530000	1.15321153672887	12525000
chr3	12530000	12540000	1.0907095927495303	12535000
chr3	12540000	12550000	0.5349881507381781	12545000
chr3	12550000	12560000	2.5679102748653153	12555000
chr3	12560000	12570000	1.5238523793977328	12565000
chr3	12570000	12580000	1.3596770985607531	12575000
chr3	12580000	12590000	0.8448454616527519	12585000
chr3	12590000	12600000	0.6388425001138873	12595000
chr3	12600000	12610000	0.6393378850523774	12605000
chr3	12610000	12620000	1.4861600557987282	12615000
chr3	12620000	12630000	1.805017601387173	12625000
chr3	12630000	12640000	2.5933658539013167	12635000
chr3	12640000	12650000	4.115947902706103	12645000
chr3	12650000	12660000	1.8542383300500482	12655000
chr3	12660000	12670000	2.5940892631739407	12665000
chr3	12670000	12680000	2.175058235310024	12675000
chr3	12680000	12690000	2.889962200513029	12685000
chr3	12690000	12700000	2.322809196246773	12695000
chr3	12700000	12710000	2.627261429045838	12705000
chr3	12710000	12720000	1.4382796884469307	12715000
chr3	12720000	12730000	1.041966524805324	12725000
chr3	12730000	12740000	1.8483044315448072	12735000
chr3	12740000	12750000	0.6349608250453408	12745000
chr3	12750000	12760000	1.6566621069079028	12755000
chr3	12760000	12770000	1.6488623480364086	12765000
chr3	12770000	12780000	0.8225180132892247	12775000
chr3	12780000	12790000	0.6351884442251234	12785000
chr3	12790000	12800000	0.2779791141854133	12795000
chr3	12800000	12810000	0.9841714532066317	12805000
chr3	12810000	12820000	0.885259516189435	12815000
chr3	12820000	12830000	0.6816427140572437	12825000
chr3	12830000	12840000	0.9630016890101003	12835000
chr3	12840000	12850000	1.1761370991239437	12845000
chr3	12850000	12860000	0.8704503709839441	12855000
chr3	12860000	12870000	1.2449649222537675	12865000
chr3	12870000	12880000	0.7061677042541415	12875000
chr3	12880000	12890000	0.7121380454036517	12885000
chr3	12890000	12900000	1.2768127796982287	12895000
chr3	12900000	12910000	0.8646900222657459	12905000
chr3	12910000	12920000	1.701622932207619	12915000
chr3	12920000	12930000	1.9542137494960434	12925000
chr3	12930000	12940000	1.3041945710347775	12935000
chr3	12940000	12950000	2.5241593930735893	12945000
chr3	12950000	12960000	1.1875874572547296	12955000
chr3	12960000	12970000	0.7005575317741104	12965000
chr3	12970000	12980000	1.20865129619029	12975000
chr3	12980000	12990000	1.4339718161338602	12985000
chr3	12990000	13000000	1.481274120468405	12995000
chr3	13000000	13010000	29.197089620619288	13005000
chr3	13010000	13020000	1.2220402595200475	13015000
chr3	13020000	13030000	0.45548213026156154	13025000
chr3	13030000	13040000	2.227554663383058	13035000
chr3	13040000	13050000	6.727174501116545	13045000
chr3	13050000	13060000	2.1990892737555585	13055000
chr3	13060000	13070000	1.5401010718561277	13065000
chr3	13070000	13080000	1.2781577237943587	13075000
chr3	13080000	13090000	1.3139603802120392	13085000
chr3	13090000	13100000	1.2678102611549773	13095000
chr3	13100000	13110000	1.3857552304321914	13105000
chr3	13110000	13120000	2.195014834719617	13115000
chr3	13120000	13130000	1.3352841223942529	13125000
chr3	13130000	13140000	0.7638210547332938	13135000
chr3	13140000	13150000	0.7091379237874111	13145000
chr3	13150000	13160000	1.3419794573430244	13155000
chr3	13160000	13170000	2.279245729290792	13165000
chr3	13170000	13180000	2.40944511153201	13175000
chr3	13180000	13190000	3.1870091431980763	13185000
chr3	13190000	13200000	2.082612771102005	13195000
chr3	13200000	13210000	1.2875488603353094	13205000
chr3	13210000	13220000	1.8326003248359224	13215000
chr3	13220000	13230000	1.9782534211775327	13225000
chr3	13230000	13240000	2.4057245835922276	13235000
chr3	13240000	13250000	5.4694622968327735	13245000
chr3	13250000	13260000	2.4567727235417562	13255000
chr3	13260000	13270000	1.13411447005833	13265000
chr3	13270000	13280000	1.0423947369742754	13275000
chr3	13280000	13290000	1.5872538439063302	13285000
chr3	13290000	13300000	2.3009028690492177	13295000
chr3	13300000	13310000	1.8782873294733018	13305000
chr3	13310000	13320000	1.743099986921234	13315000
chr3	13320000	13330000	2.41464458925169	13325000
chr3	13330000	13340000	1.0698978922865274	13335000
chr3	13340000	13350000	1.9957098327022118	13345000
chr3	13350000	13360000	2.194939335044787	13355000
chr3	13360000	13370000	2.954492879466158	13365000
chr3	13370000	13380000	1.2548017545076415	13375000
chr3	13380000	13390000	4.196648948824659	13385000
chr3	13390000	13400000	2.5076393322431367	13395000
chr3	13400000	13410000	2.8090599730258266	13405000
chr3	13410000	13420000	1.8511859710752498	13415000
chr3	13420000	13430000	1.4929438329449303	13425000
chr3	13430000	13440000	3.394188441335682	13435000
chr3	13440000	13450000	2.8656281149229272	13445000
chr3	13450000	13460000	1.615620709059525	13455000
chr3	13460000	13470000	3.0063579936384612	13465000
chr3	13470000	13480000	1.1004693735196307	13475000
chr3	13480000	13490000	0.9929034391426941	13485000
chr3	13490000	13500000	0.7923096928157675	13495000
chr3	13500000	13510000	1.7418700201489006	13505000
chr3	13510000	13520000	2.7173752058629375	13515000
chr3	13520000	13530000	1.9045390937812294	13525000
chr3	13530000	13540000	1.2784951276318741	13535000
chr3	13540000	13550000	1.8818290720106514	13545000
chr3	13550000	13560000	1.5545861588774883	13555000
chr3	13560000	13570000	2.154988068697993	13565000
chr3	13570000	13580000	2.038284241227903	13575000
chr3	13580000	13590000	2.142890980913712	13585000
chr3	13590000	13600000	2.130313599441622	13595000
chr3	13600000	13610000	1.8019473943354474	13605000
chr3	13610000	13620000	3.308909112020832	13615000
chr3	13620000	13630000	2.085453408846732	13625000
chr3	13630000	13640000	3.936636078624903	13635000
chr3	13640000	13650000	6.319203883485434	13645000
chr3	13650000	13660000	2.322821800071369	13655000
chr3	13660000	13670000	2.1169998731971376	13665000
chr3	13670000	13680000	2.485330507284794	13675000
chr3	13680000	13690000	1.2485317835409213	13685000
chr3	13690000	13700000	1.4734028555494054	13695000
chr3	13700000	13710000	1.4326562391657398	13705000
chr3	13710000	13720000	1.4300237093699113	13715000
chr3	13720000	13730000	2.9401672714040665	13725000
chr3	13730000	13740000	4.900431434632125	13735000
chr3	13740000	13750000	2.5910325691087657	13745000
chr3	13750000	13760000	3.8298895299937703	13755000
chr3	13760000	13770000	4.073969014162294	13765000
chr3	13770000	13780000	1.5844068762407857	13775000
chr3	13780000	13790000	1.8233127862788217	13785000
chr3	13790000	13800000	4.2082710116131885	13795000
chr3	13800000	13810000	2.1886877450899322	13805000
chr3	13810000	13820000	4.6425431762238825	13815000
chr3	13820000	13830000	1.981390838689385	13825000
chr3	13830000	13840000	1.57113249037878	13835000
chr3	13840000	13850000	6.926198169322996	13845000
chr3	13850000	13860000	2.0293925478682824	13855000
chr3	13860000	13870000	2.0515182857235494	13865000
chr3	13870000	13880000	1.3177659452572514	13875000
chr3	13880000	13890000	1.010335167577449	13885000
chr3	13890000	13900000	2.6234058298388705	13895000
chr3	13900000	13910000	2.3126553313364564	13905000
chr3	13910000	13920000	2.173915113638257	13915000
chr3	13920000	13930000	2.1194641741501066	13925000
chr3	13930000	13940000	3.0993350453591217	13935000
chr3	13940000	13950000	3.598279521014847	13945000
chr3	13950000	13960000	4.441982488567895	13955000
chr3	13960000	13970000	0.9616444693275688	13965000
chr3	13970000	13980000	1.1610609304537642	13975000
chr3	13980000	13990000	5.1665023293870265	13985000
chr3	13990000	14000000	1.3051616975974567	13995000
chr3	14000000	14010000	0.6963188313065658	14005000
chr3	14010000	14020000	0.7980978644334266	14015000
chr3	14020000	14030000	0.38784547348947146	14025000
chr3	14030000	14040000	0.26704224416515565	14035000
chr3	14040000	14050000	1.0110682408999927	14045000
chr3	14050000	14060000	0.47941982658565696	14055000
chr3	14060000	14070000	0.41921118625657144	14065000
chr3	14070000	14080000	0.4848458076727853	14075000
chr3	14080000	14090000	0.38107283724561747	14085000
chr3	14090000	14100000	0.9603564956499567	14095000
chr3	14100000	14110000	5.495103268210163	14105000
chr3	14110000	14120000	1.351167910934883	14115000
chr3	14120000	14130000	0.9668132936784605	14125000
chr3	14130000	14140000	1.4890734912713808	14135000
chr3	14140000	14150000	1.720644188511483	14145000
chr3	14150000	14160000	0.7460492169359837	14155000
chr3	14160000	14170000	1.0452801107752632	14165000
chr3	14170000	14180000	0.4772782907843238	14175000
chr3	14180000	14190000	1.170263668623083	14185000
chr3	14190000	14200000	2.964447549060107	14195000
chr3	14200000	14210000	2.4725117365560982	14205000
chr3	14210000	14220000	5.283847049035036	14215000
chr3	14220000	14230000	2.8059811230983205	14225000
chr3	14230000	14240000	1.7158495614404023	14235000
chr3	14240000	14250000	3.177028744957163	14245000
chr3	14250000	14260000	0.9325231572192176	14255000
chr3	14260000	14270000	0.9807422319597622	14265000
chr3	14270000	14280000	0.9024503827130737	14275000
chr3	14280000	14290000	0.35934139548787275	14285000
chr3	14290000	14300000	0.6562718751078018	14295000
chr3	14300000	14310000	0.5407117644752376	14305000
chr3	14310000	14320000	1.4595684766196828	14315000
chr3	14320000	14330000	0.8712625611874035	14325000
chr3	14330000	14340000	0.5412041532447535	14335000
chr3	14340000	14350000	0.5085150225573744	14345000
chr3	14350000	14360000	3.054096445381365	14355000
chr3	14360000	14370000	0.9301883481432618	14365000
chr3	14370000	14380000	0.9481061599783053	14375000
chr3	14380000	14390000	1.319662846480868	14385000
chr3	14390000	14400000	7.18080986130211	14395000
chr3	14400000	14410000	1.283364121536791	14405000
chr3	14410000	14420000	1.0425305387852548	14415000
chr3	14420000	14430000	2.7353950313333466	14425000
chr3	14430000	14440000	1.8695215639268128	14435000
chr3	14440000	14450000	1.6589757025898415	14445000
chr3	14450000	14460000	2.9310605880129694	14455000
chr3	14460000	14470000	3.4695889254637633	14465000
chr3	14470000	14480000	3.293549737327916	14475000
chr3	14480000	14490000	1.9006945517158682	14485000
chr3	14490000	14500000	1.2037827101452216	14495000
chr3	14500000	14510000	1.324420133748648	14505000
chr3	14510000	14520000	2.476190763791985	14515000
chr3	14520000	14530000	1.301561079476398	14525000
chr3	14530000	14540000	4.109347612253089	14535000
chr3	14540000	14550000	1.23908044685715	14545000
chr3	14550000	14560000	1.3837622079046423	14555000
chr3	14560000	14570000	1.7297599144493112	14565000
chr3	14570000	14580000	2.5696857937615296	14575000
chr3	14580000	14590000	1.5863007167452952	14585000
chr3	14590000	14600000	1.7315506130509344	14595000
chr3	14600000	14610000	5.079845119335471	14605000
chr3	14610000	14620000	8.170554167950828	14615000
chr3	14620000	14630000	1.83984876331107	14625000
chr3	14630000	14640000	2.0108954936888312	14635000
chr3	14640000	14650000	2.194391387595715	14645000
chr3	14650000	14660000	2.348985429996412	14655000
chr3	14660000	14670000	4.049184947894845	14665000
chr3	14670000	14680000	4.847040441588634	14675000
chr3	14680000	14690000	3.089627686429103	14685000
chr3	14690000	14700000	3.641728873825464	14695000
chr3	14700000	14710000	3.763000733671987	14705000
chr3	14710000	14720000	2.6561035838919245	14715000
chr3	14720000	14730000	2.4705358010955814	14725000
chr3	14730000	14740000	3.6321195908828594	14735000
chr3	14740000	14750000	1.5290377898353003	14745000
chr3	14750000	14760000	1.1601990893791092	14755000
chr3	14760000	14770000	1.3176362700749162	14765000
chr3	14770000	14780000	6.877052086935799	14775000
chr3	14780000	14790000	4.717949664045492	14785000
chr3	14790000	14800000	1.0056277410660537	14795000
chr3	14800000	14810000	1.030126968421319	14805000
chr3	14810000	14820000	3.6913799928718483	14815000
chr3	14820000	14830000	3.6477736778223875	14825000
chr3	14830000	14840000	3.970796568902482	14835000
chr3	14840000	14850000	9.517428534241407	14845000
chr3	14850000	14860000	2.941910848841965	14855000
chr3	14860000	14870000	3.4489041479429696	14865000
chr3	14870000	14880000	5.149276172689455	14875000
chr3	14880000	14890000	3.7510241110986366	14885000
chr3	14890000	14900000	3.1286435899449074	14895000
chr3	14900000	14910000	4.86399120864422	14905000
chr3	14910000	14920000	1.6579838966339457	14915000
chr3	14920000	14930000	2.866150542146558	14925000
chr3	14930000	14940000	5.580111315198533	14935000
chr3	14940000	14950000	0.33990684310129676	14945000
chr3	14950000	14960000	0.5034285192710332	14955000
chr3	14960000	14970000	0.521048653663344	14965000
chr3	14970000	14980000	1.0825988908962785	14975000
chr3	14980000	14990000	3.3276127975984275	14985000
chr3	14990000	15000000	1.0066367398472753	14995000
chr3	15000000	15010000	2.768307722043949	15005000
chr3	15010000	15020000	2.004878857480432	15015000
chr3	15020000	15030000	1.4153069881217728	15025000
chr3	15030000	15040000	4.1256872592356295	15035000
chr3	15040000	15050000	3.716576817495267	15045000
chr3	15050000	15060000	2.973772176300782	15055000
chr3	15060000	15070000	3.700080857319205	15065000
chr3	15070000	15080000	3.5632285930364405	15075000
chr3	15080000	15090000	2.077413098462735	15085000
chr3	15090000	15100000	0.3454003959967704	15095000
chr3	15100000	15110000	4.535437808288503	15105000
chr3	15110000	15120000	0.6196286396674606	15115000
chr3	15120000	15130000	0.599988069773673	15125000
chr3	15130000	15140000	0.3117551163875198	15135000
chr3	15140000	15150000	1.3194518895078018	15145000
chr3	15150000	15160000	4.950523042362218	15155000
chr3	15160000	15170000	1.919144802831446	15165000
chr3	15170000	15180000	0.7521684896297443	15175000
chr3	15180000	15190000	0.9965444601874854	15185000
chr3	15190000	15200000	7.744556842383246	15195000
chr3	15200000	15210000	1.1967432874749164	15205000
chr3	15210000	15220000	4.565787115941247	15215000
chr3	15220000	15230000	1.5974783149808796	15225000
chr3	15230000	15240000	1.0035196861942175	15235000
chr3	15240000	15250000	1.64869587170154	15245000
chr3	15250000	15260000	0.9144933966530273	15255000
chr3	15260000	15270000	1.910148319450357	15265000
chr3	15270000	15280000	3.387868582847342	15275000
chr3	15280000	15290000	1.4594466818131173	15285000
chr3	15290000	15300000	1.0199427059631851	15295000
chr3	15300000	15310000	1.349365572651715	15305000
chr3	15310000	15320000	3.349977365867056	15315000
chr3	15320000	15330000	1.4207620354139097	15325000
chr3	15330000	15340000	1.335585464565171	15335000
chr3	15340000	15350000	5.32595305746245	15345000
chr3	15350000	15360000	0.8825666204829615	15355000
chr3	15360000	15370000	1.4413293662410482	15365000
chr3	15370000	15380000	1.8567709609817364	15375000
chr3	15380000	15390000	2.6827719350367025	15385000
chr3	15390000	15400000	0.9697850232020441	15395000
chr3	15400000	15410000	1.3208420170596282	15405000
chr3	15410000	15420000	1.7609871666890669	15415000
chr3	15420000	15430000	0.30640914883216536	15425000
chr3	15430000	15440000	0.610171760998868	15435000
chr3	15440000	15450000	0.825045349035981	15445000
chr3	15450000	15460000	0.6458795790483912	15455000
chr3	15460000	15470000	0.0888066789387842	15465000
chr3	15470000	15480000	0.19039364252627783	15475000
chr3	15480000	15490000	5.558878551548139	15485000
chr3	15490000	15500000	1.3661195075488983	15495000
chr3	15500000	15510000	0.38016770436811115	15505000
chr3	15510000	15520000	0.6959888181920655	15515000
chr3	15520000	15530000	0.7509482452226298	15525000
chr3	15530000	15540000	0.294181970073887	15535000
chr3	15540000	15550000	0.5215059615655597	15545000
chr3	15550000	15560000	0.3994642618736615	15555000
chr3	15560000	15570000	0.7972461482851606	15565000
chr3	15570000	15580000	1.3470656618350498	15575000
chr3	15580000	15590000	11.779917688751112	15585000
chr3	15590000	15600000	3.8978022833638692	15595000
chr3	15600000	15610000	0.1305409877687436	15605000
chr3	15610000	15620000	0.19847025568135068	15615000
chr3	15620000	15630000	0.258570806990835	15625000
chr3	15630000	15640000	0.4500260522210671	15635000
chr3	15640000	15650000	0.8141901824941049	15645000
chr3	15650000	15660000	1.6329896523978062	15655000
chr3	15660000	15670000	1.53023445128041	15665000
chr3	15670000	15680000	0.4167797780836532	15675000
chr3	15680000	15690000	0.5774497704978571	15685000
chr3	15690000	15700000	1.04436519789632	15695000
chr3	15700000	15710000	1.5273628046002428	15705000
chr3	15710000	15720000	1.180083703852769	15715000
chr3	15720000	15730000	1.021917136769007	15725000
chr3	15730000	15740000	1.0484609918486674	15735000
chr3	15740000	15750000	0.9781022917282068	15745000
chr3	15750000	15760000	1.1950911605808336	15755000
chr3	15760000	15770000	0.8407389587252238	15765000
chr3	15770000	15780000	1.0399277210036366	15775000
chr3	15780000	15790000	0.9253176809582042	15785000
chr3	15790000	15800000	0.7642898246397622	15795000
chr3	15800000	15810000	0.8591931285810709	15805000
chr3	15810000	15820000	0.6479425159814198	15815000
chr3	15820000	15830000	0.7023165315758318	15825000
chr3	15830000	15840000	0.9596000789849396	15835000
chr3	15840000	15850000	2.166131047323915	15845000
chr3	15850000	15860000	1.847907428747189	15855000
chr3	15860000	15870000	1.1241574102722747	15865000
chr3	15870000	15880000	1.4403400895652314	15875000
chr3	15880000	15890000	1.4282728106180356	15885000
chr3	15890000	15900000	2.3441887305150844	15895000
chr3	15900000	15910000	1.316578326122926	15905000
chr3	15910000	15920000	1.3202666350763501	15915000
chr3	15920000	15930000	1.8963146445733148	15925000
chr3	15930000	15940000	1.630388401471115	15935000
chr3	15940000	15950000	1.4800189801838226	15945000
chr3	15950000	15960000	0.7907386569725421	15955000
chr3	15960000	15970000	0.45143005844120326	15965000
chr3	15970000	15980000	0.4364654222807184	15975000
chr3	15980000	15990000	1.6670798288099171	15985000
chr3	15990000	16000000	0.5892912669404534	15995000
chr3	16000000	16010000	0.6222441315235655	16005000
chr3	16010000	16020000	0.4206447122549787	16015000
chr3	16020000	16030000	1.6535252847456907	16025000
chr3	16030000	16040000	1.0271140500990532	16035000
chr3	16040000	16050000	1.1062850246477767	16045000
chr3	16050000	16060000	3.78963395656125	16055000
chr3	16060000	16070000	1.3672111320801905	16065000
chr3	16070000	16080000	0.27195750246464134	16075000
chr3	16080000	16090000	0.7166941896266731	16085000
chr3	16090000	16100000	1.2105005329495688	16095000
chr3	16100000	16110000	1.806639635774856	16105000
chr3	16110000	16120000	1.4031423005187722	16115000
chr3	16120000	16130000	0.817054629755582	16125000
chr3	16130000	16140000	1.3140351980435379	16135000
chr3	16140000	16150000	1.0062702050385661	16145000
chr3	16150000	16160000	0.6202562075871585	16155000
chr3	16160000	16170000	0.6353569418678292	16165000
chr3	16170000	16180000	0.907328177281199	16175000
chr3	16180000	16190000	0.8906685336519177	16185000
chr3	16190000	16200000	0.5641304299530965	16195000
chr3	16200000	16210000	1.1841928765814944	16205000
chr3	16210000	16220000	0.9459695734747724	16215000
chr3	16220000	16230000	1.2268638919564898	16225000
chr3	16230000	16240000	0.5370647174363719	16235000
chr3	16240000	16250000	2.3465103860099403	16245000
chr3	16250000	16260000	2.304032470631138	16255000
chr3	16260000	16270000	7.556196111401555	16265000
chr3	16270000	16280000	2.6748060208327344	16275000
chr3	16280000	16290000	1.8401771748361704	16285000
chr3	16290000	16300000	2.1105045575217143	16295000
chr3	16300000	16310000	1.9478518489691046	16305000
chr3	16310000	16320000	1.9708921448933274	16315000
chr3	16320000	16330000	1.3252798440105116	16325000
chr3	16330000	16340000	1.3069627906279246	16335000
chr3	16340000	16350000	1.6112797588866243	16345000
chr3	16350000	16360000	0.7233744558583514	16355000
chr3	16360000	16370000	0.36522781694234085	16365000
chr3	16370000	16380000	0.578972054738537	16375000
chr3	16380000	16390000	0.43587918607960846	16385000
chr3	16390000	16400000	1.1483719748072987	16395000
chr3	16400000	16410000	5.228873862397053	16405000
chr3	16410000	16420000	2.372750722889998	16415000
chr3	16420000	16430000	3.1576971512934047	16425000
chr3	16430000	16440000	2.589162103429096	16435000
chr3	16440000	16450000	7.469999867475648	16445000
chr3	16450000	16460000	1.968529216056134	16455000
chr3	16460000	16470000	1.3165377122879685	16465000
chr3	16470000	16480000	0.6861461362375306	16475000
chr3	16480000	16490000	1.8004571755300547	16485000
chr3	16490000	16500000	1.4470900569897904	16495000
chr3	16500000	16510000	2.6368437188876053	16505000
chr3	16510000	16520000	2.2585187097603128	16515000
chr3	16520000	16530000	3.033526045200299	16525000
chr3	16530000	16540000	3.951385540313848	16535000
chr3	16540000	16550000	3.615466827309622	16545000
chr3	16550000	16560000	2.1214948837067906	16555000
chr3	16560000	16570000	1.201968031150234	16565000
chr3	16570000	16580000	2.582046745750417	16575000
chr3	16580000	16590000	1.5191110170199498	16585000
chr3	16590000	16600000	1.9120664605184745	16595000
chr3	16600000	16610000	2.6529979393933396	16605000
chr3	16610000	16620000	1.7547436740629532	16615000
chr3	16620000	16630000	1.2084138665569257	16625000
chr3	16630000	16640000	1.3937071552435076	16635000
chr3	16640000	16650000	3.5181685432972474	16645000
chr3	16650000	16660000	4.516905616945379	16655000
chr3	16660000	16670000	1.3207335565785323	16665000
chr3	16670000	16680000	1.8997671475200149	16675000
chr3	16680000	16690000	3.0443148408461127	16685000
chr3	16690000	16700000	1.7855861611437323	16695000
chr3	16700000	16710000	1.6859417434747987	16705000
chr3	16710000	16720000	9.47442626853828	16715000
chr3	16720000	16730000	1.2146839442584159	16725000
chr3	16730000	16740000	0.6158792845778132	16735000
chr3	16740000	16750000	0.9911371388822889	16745000
chr3	16750000	16760000	1.667590853348692	16755000
chr3	16760000	16770000	13.60196497364831	16765000
chr3	16770000	16780000	3.5257180232934804	16775000
chr3	16780000	16790000	2.3663709146779786	16785000
chr3	16790000	16800000	2.2065045107677808	16795000
chr3	16800000	16810000	1.6047597284523374	16805000
chr3	16810000	16820000	4.632148007188973	16815000
chr3	16820000	16830000	5.096004427245715	16825000
chr3	16830000	16840000	2.598256285307103	16835000
chr3	16840000	16850000	1.625996826418784	16845000
chr3	16850000	16860000	3.3597424523678057	16855000
chr3	16860000	16870000	0.9869145980880747	16865000
chr3	16870000	16880000	2.939328803370787	16875000
chr3	16880000	16890000	4.505520591509326	16885000
chr3	16890000	16900000	7.47656998622615	16895000
chr3	16900000	16910000	8.462730395185071	16905000
chr3	16910000	16920000	2.5928704345171854	16915000
chr3	16920000	16930000	2.3202618285222942	16925000
chr3	16930000	16940000	0.7822643259045019	16935000
chr3	16940000	16950000	1.3265439034192001	16945000
chr3	16950000	16960000	5.3824666254637705	16955000
chr3	16960000	16970000	1.75526901294232	16965000
chr3	16970000	16980000	1.9911204400823392	16975000
chr3	16980000	16990000	1.1823953148041302	16985000
chr3	16990000	17000000	2.3699763552481707	16995000
chr3	17000000	17010000	2.4454410290157664	17005000
chr3	17010000	17020000	3.25588854756968	17015000
chr3	17020000	17030000	1.8619813348929906	17025000
chr3	17030000	17040000	10.127966831981588	17035000
chr3	17040000	17050000	0.8189597168028819	17045000
chr3	17050000	17060000	0.8551049932402205	17055000
chr3	17060000	17070000	1.5763938825583894	17065000
chr3	17070000	17080000	1.8035971100786687	17075000
chr3	17080000	17090000	1.8400714813115016	17085000
chr3	17090000	17100000	2.193554814288078	17095000
chr3	17100000	17110000	1.6041352848735542	17105000
chr3	17110000	17120000	1.629712750195854	17115000
chr3	17120000	17130000	1.9541262021453856	17125000
chr3	17130000	17140000	2.0025320754787397	17135000
chr3	17140000	17150000	0.9647385454686276	17145000
chr3	17150000	17160000	0.7564252629771362	17155000
chr3	17160000	17170000	0.9969608597904775	17165000
chr3	17170000	17180000	0.613283955738427	17175000
chr3	17180000	17190000	2.141766152040252	17185000
chr3	17190000	17200000	1.7417630263785213	17195000
chr3	17200000	17210000	1.100135509521817	17205000
chr3	17210000	17220000	1.2270071390743933	17215000
chr3	17220000	17230000	1.9358626101722256	17225000
chr3	17230000	17240000	1.6398556270971139	17235000
chr3	17240000	17250000	0.5504520852107525	17245000
chr3	17250000	17260000	2.1191111534494507	17255000
chr3	17260000	17270000	3.211254478895184	17265000
chr3	17270000	17280000	3.2924865250683792	17275000
chr3	17280000	17290000	1.072958551315631	17285000
chr3	17290000	17300000	1.145761628488546	17295000
chr3	17300000	17310000	1.2483621331507084	17305000
chr3	17310000	17320000	2.1040452827563323	17315000
chr3	17320000	17330000	1.9774076145479416	17325000
chr3	17330000	17340000	3.116054348027576	17335000
chr3	17340000	17350000	1.9472363149076712	17345000
chr3	17350000	17360000	3.083475390299703	17355000
chr3	17360000	17370000	1.6070265954413046	17365000
chr3	17370000	17380000	1.9620517221062568	17375000
chr3	17380000	17390000	0.9214367058296341	17385000
chr3	17390000	17400000	2.1184249358281853	17395000
chr3	17400000	17410000	1.7028515449678139	17405000
chr3	17410000	17420000	3.5487494194898663	17415000
chr3	17420000	17430000	1.184993708193114	17425000
chr3	17430000	17440000	1.2830941826509055	17435000
chr3	17440000	17450000	1.3491828256269445	17445000
chr3	17450000	17460000	1.7930604021437733	17455000
chr3	17460000	17470000	1.2786863478657002	17465000
chr3	17470000	17480000	1.0704112313318928	17475000
chr3	17480000	17490000	0.5743073590342616	17485000
chr3	17490000	17500000	2.1278150209043605	17495000
chr3	17500000	17510000	2.852169778312798	17505000
chr3	17510000	17520000	1.6930778622150866	17515000
chr3	17520000	17530000	1.837210946094722	17525000
chr3	17530000	17540000	2.048987474469436	17535000
chr3	17540000	17550000	1.4121595449799544	17545000
chr3	17550000	17560000	1.9161068422918357	17555000
chr3	17560000	17570000	2.6883875177031813	17565000
chr3	17570000	17580000	1.2705556694622837	17575000
chr3	17580000	17590000	1.6410361191980671	17585000
chr3	17590000	17600000	4.5771009881521	17595000
chr3	17600000	17610000	3.3532160723630255	17605000
chr3	17610000	17620000	1.6095621172476327	17615000
chr3	17620000	17630000	1.9212773266728218	17625000
chr3	17630000	17640000	1.3236390950596508	17635000
chr3	17640000	17650000	1.742868659811248	17645000
chr3	17650000	17660000	3.081939994430907	17655000
chr3	17660000	17670000	4.086576785433722	17665000
chr3	17670000	17680000	3.2657526612675634	17675000
chr3	17680000	17690000	2.151434054854326	17685000
chr3	17690000	17700000	2.2348200668486915	17695000
chr3	17700000	17710000	1.9035669672861641	17705000
chr3	17710000	17720000	2.233370823078207	17715000
chr3	17720000	17730000	1.2447677700178712	17725000
chr3	17730000	17740000	2.1006843773093626	17735000
chr3	17740000	17750000	2.6024165867911373	17745000
chr3	17750000	17760000	2.420785809124048	17755000
chr3	17760000	17770000	1.1161888801116473	17765000
chr3	17770000	17780000	0.4872584042610608	17775000
chr3	17780000	17790000	0.27001221000530584	17785000
chr3	17790000	17800000	0.27169611947927597	17795000
chr3	17800000	17810000	0.6300692718240878	17805000
chr3	17810000	17820000	5.229999662893695	17815000
chr3	17820000	17830000	1.4168411655906137	17825000
chr3	17830000	17840000	0.8910414859032518	17835000
chr3	17840000	17850000	0.5571929281558525	17845000
chr3	17850000	17860000	0.33159238563299626	17855000
chr3	17860000	17870000	0.45153742536416525	17865000
chr3	17870000	17880000	0.2086111340956368	17875000
chr3	17880000	17890000	0.22309828463179834	17885000
chr3	17890000	17900000	0.5921503396584881	17895000
chr3	17900000	17910000	0.6791928125100014	17905000
chr3	17910000	17920000	0.7036532106953655	17915000
chr3	17920000	17930000	1.1251794368467618	17925000
chr3	17930000	17940000	1.1937219005205668	17935000
chr3	17940000	17950000	0.69116288177943	17945000
chr3	17950000	17960000	6.870573335227425	17955000
chr3	17960000	17970000	1.9131286475546674	17965000
chr3	17970000	17980000	1.385207397524788	17975000
chr3	17980000	17990000	2.0163493965761563	17985000
chr3	17990000	18000000	2.0992693233527717	17995000
chr3	18000000	18010000	1.4724564058723884	18005000
chr3	18010000	18020000	1.1622905016010745	18015000
chr3	18020000	18030000	1.4883732338088043	18025000
chr3	18030000	18040000	3.5882505781027523	18035000
chr3	18040000	18050000	1.0247568763670862	18045000
chr3	18050000	18060000	1.1733889222050773	18055000
chr3	18060000	18070000	1.5935262156395111	18065000
chr3	18070000	18080000	1.285851133197277	18075000
chr3	18080000	18090000	1.4283609919596207	18085000
chr3	18090000	18100000	1.345623942990282	18095000
chr3	18100000	18110000	1.5810771974257416	18105000
chr3	18110000	18120000	0.7494487594281813	18115000
chr3	18120000	18130000	1.029956033461428	18125000
chr3	18130000	18140000	0.5100029937677347	18135000
chr3	18140000	18150000	0.6236939303878228	18145000
chr3	18150000	18160000	0.9668463426257404	18155000
chr3	18160000	18170000	4.587247596184315	18165000
chr3	18170000	18180000	0.7492268472047708	18175000
chr3	18180000	18190000	2.3871166468544383	18185000
chr3	18190000	18200000	8.466211637852208	18195000
chr3	18200000	18210000	0.994281514867048	18205000
chr3	18210000	18220000	0.955921158881437	18215000
chr3	18220000	18230000	2.5971609273996807	18225000
chr3	18230000	18240000	2.1446334568818393	18235000
chr3	18240000	18250000	1.3856040485661165	18245000
chr3	18250000	18260000	2.005615471145462	18255000
chr3	18260000	18270000	1.1694122268273632	18265000
chr3	18270000	18280000	2.045010167963956	18275000
chr3	18280000	18290000	0.8565785290749274	18285000
chr3	18290000	18300000	1.8056029020624063	18295000
chr3	18300000	18310000	1.3364737361810524	18305000
chr3	18310000	18320000	1.4816433966637228	18315000
chr3	18320000	18330000	1.2773091267597876	18325000
chr3	18330000	18340000	0.7970863020767199	18335000
chr3	18340000	18350000	4.842070350788526	18345000
chr3	18350000	18360000	1.0962666757230126	18355000
chr3	18360000	18370000	0.7123343046009097	18365000
chr3	18370000	18380000	1.4521937012551873	18375000
chr3	18380000	18390000	0.7095567442129794	18385000
chr3	18390000	18400000	0.6582262979350051	18395000
chr3	18400000	18410000	0.6374082444394376	18405000
chr3	18410000	18420000	0.6724849149930667	18415000
chr3	18420000	18430000	1.0109510091177163	18425000
chr3	18430000	18440000	0.5822149164102173	18435000
chr3	18440000	18450000	0.42735707306220017	18445000
chr3	18450000	18460000	1.034137002591959	18455000
chr3	18460000	18470000	0.6865829042057832	18465000
chr3	18470000	18480000	1.154140322674239	18475000
chr3	18480000	18490000	0.7709089817225908	18485000
chr3	18490000	18500000	0.808000200913093	18495000
chr3	18500000	18510000	2.0076871442444957	18505000
chr3	18510000	18520000	3.285985542537226	18515000
chr3	18520000	18530000	2.8174964938275036	18525000
chr3	18530000	18540000	2.428270629509838	18535000
chr3	18540000	18550000	1.155868440197144	18545000
chr3	18550000	18560000	0.8631977589907107	18555000
chr3	18560000	18570000	1.4196260150629705	18565000
chr3	18570000	18580000	0.7927164396137488	18575000
chr3	18580000	18590000	1.0182648487463284	18585000
chr3	18590000	18600000	0.7695410181230191	18595000
chr3	18600000	18610000	1.2856925354993722	18605000
chr3	18610000	18620000	0.9518245988902914	18615000
chr3	18620000	18630000	0.43616100800376245	18625000
chr3	18630000	18640000	0.3573308003748096	18635000
chr3	18640000	18650000	0.9052751766750423	18645000
chr3	18650000	18660000	1.388442933550229	18655000
chr3	18660000	18670000	1.4543234007944057	18665000
chr3	18670000	18680000	0.8515226342116938	18675000
chr3	18680000	18690000	0.7597268818569212	18685000
chr3	18690000	18700000	0.8308882325802738	18695000
chr3	18700000	18710000	1.5225942331403612	18705000
chr3	18710000	18720000	1.5859522872757834	18715000
chr3	18720000	18730000	1.5764083789291172	18725000
chr3	18730000	18740000	1.1896279960717602	18735000
chr3	18740000	18750000	1.206635179344876	18745000
chr3	18750000	18760000	2.14416728445327	18755000
chr3	18760000	18770000	3.229848146444545	18765000
chr3	18770000	18780000	2.1082824262566864	18775000
chr3	18780000	18790000	0.9633618865089086	18785000
chr3	18790000	18800000	0.247299801518135	18795000
chr3	18800000	18810000	0.2504799420647477	18805000
chr3	18810000	18820000	1.9473716269633636	18815000
chr3	18820000	18830000	1.0697738055661983	18825000
chr3	18830000	18840000	0.46510189991780554	18835000
chr3	18840000	18850000	1.0259818262241158	18845000
chr3	18850000	18860000	1.304999998067188	18855000
chr3	18860000	18870000	0.6582158832837959	18865000
chr3	18870000	18880000	0.711827043494049	18875000
chr3	18880000	18890000	2.2889197275785587	18885000
chr3	18890000	18900000	0.5982150458064144	18895000
chr3	18900000	18910000	0.9336607408116567	18905000
chr3	18910000	18920000	1.008941908188479	18915000
chr3	18920000	18930000	3.6150357641940616	18925000
chr3	18930000	18940000	1.3811677100740756	18935000
chr3	18940000	18950000	1.662716894032577	18945000
chr3	18950000	18960000	0.7205427005530299	18955000
chr3	18960000	18970000	1.0303459110014124	18965000
chr3	18970000	18980000	1.620733952806792	18975000
chr3	18980000	18990000	2.078294062651698	18985000
chr3	18990000	19000000	0.8800124421828925	18995000
chr3	19000000	19010000	14.711808485876762	19005000
chr3	19010000	19020000	1.1392549782256978	19015000
chr3	19020000	19030000	1.693853546857646	19025000
chr3	19030000	19040000	1.532356266314066	19035000
chr3	19040000	19050000	1.2421722398451707	19045000
chr3	19050000	19060000	2.0346484575814183	19055000
chr3	19060000	19070000	1.2932982013353318	19065000
chr3	19070000	19080000	0.7791463569102864	19075000
chr3	19080000	19090000	0.6483071696438547	19085000
chr3	19090000	19100000	1.7645429773151151	19095000
chr3	19100000	19110000	1.1406395871144424	19105000
chr3	19110000	19120000	1.8591104873007227	19115000
chr3	19120000	19130000	1.164118920763579	19125000
chr3	19130000	19140000	1.4491461963962529	19135000
chr3	19140000	19150000	0.558618195201223	19145000
chr3	19150000	19160000	0.7163130879975843	19155000
chr3	19160000	19170000	0.4983231843197561	19165000
chr3	19170000	19180000	0.6345243533054683	19175000
chr3	19180000	19190000	0.3164559138083903	19185000
chr3	19190000	19200000	0.4824678348303749	19195000
chr3	19200000	19210000	0.6340085944254199	19205000
chr3	19210000	19220000	0.5320764857846614	19215000
chr3	19220000	19230000	1.1074884310120616	19225000
chr3	19230000	19240000	0.9107096623413062	19235000
chr3	19240000	19250000	0.6748083576579078	19245000
chr3	19250000	19260000	1.1387525799024398	19255000
chr3	19260000	19270000	0.5513429946887665	19265000
chr3	19270000	19280000	1.724027370802275	19275000
chr3	19280000	19290000	1.741290622246564	19285000
chr3	19290000	19300000	1.8119764300901728	19295000
chr3	19300000	19310000	1.5120469108333412	19305000
chr3	19310000	19320000	1.668472243854897	19315000
chr3	19320000	19330000	0.9981899598510395	19325000
chr3	19330000	19340000	1.2373444332494579	19335000
chr3	19340000	19350000	0.572283008482209	19345000
chr3	19350000	19360000	0.7474692848393251	19355000
chr3	19360000	19370000	0.5018941846219436	19365000
chr3	19370000	19380000	0.9112269079268754	19375000
chr3	19380000	19390000	0.9236901530960998	19385000
chr3	19390000	19400000	4.985389916741133	19395000
chr3	19400000	19410000	0.680780428977285	19405000
chr3	19410000	19420000	1.9001099656281062	19415000
chr3	19420000	19430000	1.4981078694354513	19425000
chr3	19430000	19440000	1.1819187570123764	19435000
chr3	19440000	19450000	1.9404690823969466	19445000
chr3	19450000	19460000	1.225462192910152	19455000
chr3	19460000	19470000	0.575840246139605	19465000
chr3	19470000	19480000	2.3738924308717806	19475000
chr3	19480000	19490000	0.7362517789573703	19485000
chr3	19490000	19500000	0.8293429604778191	19495000
chr3	19500000	19510000	0.5992325354569705	19505000
chr3	19510000	19520000	1.3458805719064673	19515000
chr3	19520000	19530000	1.4070903210213817	19525000
chr3	19530000	19540000	0.8669924892719513	19535000
chr3	19540000	19550000	2.326109880835399	19545000
chr3	19550000	19560000	0.8481790671217505	19555000
chr3	19560000	19570000	8.175182252332535	19565000
chr3	19570000	19580000	1.5272864649497004	19575000
chr3	19580000	19590000	0.39016906173478183	19585000
chr3	19590000	19600000	0.5864961503498687	19595000
chr3	19600000	19610000	1.7266248787381488	19605000
chr3	19610000	19620000	1.28877268082306	19615000
chr3	19620000	19630000	0.34831861419620597	19625000
chr3	19630000	19640000	0.29422662910469666	19635000
chr3	19640000	19650000	0.7439606080799233	19645000
chr3	19650000	19660000	1.4406302836209373	19655000
chr3	19660000	19670000	2.065265356297048	19665000
chr3	19670000	19680000	3.1429532484266027	19675000
chr3	19680000	19690000	3.237554956857167	19685000
chr3	19690000	19700000	2.142820473209596	19695000
chr3	19700000	19710000	4.443014668600299	19705000
chr3	19710000	19720000	4.3447805638086345	19715000
chr3	19720000	19730000	1.8904131655057788	19725000
chr3	19730000	19740000	3.6486099890034813	19735000
chr3	19740000	19750000	2.0547045544501095	19745000
chr3	19750000	19760000	7.503462553211485	19755000
chr3	19760000	19770000	3.5934094040364557	19765000
chr3	19770000	19780000	1.9819026258700843	19775000
chr3	19780000	19790000	4.7734424194051845	19785000
chr3	19790000	19800000	2.546487316865126	19795000
chr3	19800000	19810000	3.796215398464275	19805000
chr3	19810000	19820000	2.8407531551468836	19815000
chr3	19820000	19830000	4.353863171625757	19825000
chr3	19830000	19840000	2.5155422044653246	19835000
chr3	19840000	19850000	3.6857513809550184	19845000
chr3	19850000	19860000	12.068803308922726	19855000
chr3	19860000	19870000	0.9090483256755771	19865000
chr3	19870000	19880000	1.0451553357538963	19875000
chr3	19880000	19890000	1.583696637726653	19885000
chr3	19890000	19900000	1.8262247949076782	19895000
chr3	19900000	19910000	2.4999450172605693	19905000
chr3	19910000	19920000	8.449475475264578	19915000
chr3	19920000	19930000	1.912379238524111	19925000
chr3	19930000	19940000	1.586017912661634	19935000
chr3	19940000	19950000	9.460460986291544	19945000
chr3	19950000	19960000	3.630455045408301	19955000
chr3	19960000	19970000	3.548389941082578	19965000
chr3	19970000	19980000	2.2513882614147804	19975000
chr3	19980000	19990000	1.004879268009433	19985000
chr3	19990000	20000000	0.8846276124468265	19995000
chr3	20000000	20010000	0.4740344785423468	20005000
chr3	20010000	20020000	0.7532479830493757	20015000
chr3	20020000	20030000	0.8060193372490495	20025000
chr3	20030000	20040000	1.3238302798087795	20035000
chr3	20040000	20050000	4.046359578411036	20045000
chr3	20050000	20060000	3.533190326876317	20055000
chr3	20060000	20070000	1.4124735844526384	20065000
chr3	20070000	20080000	1.6050614632202478	20075000
chr3	20080000	20090000	3.516756838439798	20085000
chr3	20090000	20100000	3.2432261105071087	20095000
chr3	20100000	20110000	6.401526445587721	20105000
chr3	20110000	20120000	2.392529679821542	20115000
chr3	20120000	20130000	2.8965276499010697	20125000
chr3	20130000	20140000	2.0683837007988393	20135000
chr3	20140000	20150000	0.7665849077818006	20145000
chr3	20150000	20160000	2.3531771587590735	20155000
chr3	20160000	20170000	2.77049823056832	20165000
chr3	20170000	20180000	3.3047780840902328	20175000
chr3	20180000	20190000	1.4343774477920224	20185000
chr3	20190000	20200000	1.992468048699006	20195000
chr3	20200000	20210000	0.7269889547812565	20205000
chr3	20210000	20220000	4.007236877001351	20215000
chr3	20220000	20230000	1.6813984152467296	20225000
chr3	20230000	20240000	1.3713412449381712	20235000
chr3	20240000	20250000	1.2638986248631825	20245000
chr3	20250000	20260000	1.4691415343578056	20255000
chr3	20260000	20270000	2.044286467557552	20265000
chr3	20270000	20280000	1.8076100221495097	20275000
chr3	20280000	20290000	2.7228429746980924	20285000
chr3	20290000	20300000	1.5944941495133536	20295000
chr3	20300000	20310000	1.0160057262074893	20305000
chr3	20310000	20320000	1.3030793771470917	20315000
chr3	20320000	20330000	1.5577408915189523	20325000
chr3	20330000	20340000	1.0668279993200758	20335000
chr3	20340000	20350000	0.4883368487850319	20345000
chr3	20350000	20360000	1.0484719750765708	20355000
chr3	20360000	20370000	1.5433147111991408	20365000
chr3	20370000	20380000	2.423171174474045	20375000
chr3	20380000	20390000	1.6352656456888612	20385000
chr3	20390000	20400000	2.8413805252790154	20395000
chr3	20400000	20410000	5.754029897628665	20405000
chr3	20410000	20420000	0.6192834413282661	20415000
chr3	20420000	20430000	1.3894028463697294	20425000
chr3	20430000	20440000	0.9542102021595743	20435000
chr3	20440000	20450000	0.9293191431665367	20445000
chr3	20450000	20460000	0.5268110629081445	20455000
chr3	20460000	20470000	0.4931911717734055	20465000
chr3	20470000	20480000	1.2190060516098675	20475000
chr3	20480000	20490000	1.0727865064291475	20485000
chr3	20490000	20500000	1.0525842126765512	20495000
chr3	20500000	20510000	1.780704200174822	20505000
chr3	20510000	20520000	2.5385061099437927	20515000
chr3	20520000	20530000	0.6195674221978698	20525000
chr3	20530000	20540000	4.425744273664469	20535000
chr3	20540000	20550000	5.343325544152437	20545000
chr3	20550000	20560000	1.4356754885291168	20555000
chr3	20560000	20570000	0.7784985914099332	20565000
chr3	20570000	20580000	0.6528087233397495	20575000
chr3	20580000	20590000	0.7252604224535232	20585000
chr3	20590000	20600000	0.6022157068739467	20595000
chr3	20600000	20610000	0.8998417169712116	20605000
chr3	20610000	20620000	0.7230149048603742	20615000
chr3	20620000	20630000	0.8219249456839017	20625000
chr3	20630000	20640000	1.0938731609341366	20635000
chr3	20640000	20650000	0.9034409146838621	20645000
chr3	20650000	20660000	1.0081321347618295	20655000
chr3	20660000	20670000	7.504127230466786	20665000
chr3	20670000	20680000	2.3174952520973475	20675000
chr3	20680000	20690000	1.8587902837404335	20685000
chr3	20690000	20700000	3.5555727655194924	20695000
chr3	20700000	20710000	1.3335495151827148	20705000
chr3	20710000	20720000	0.9869664992624546	20715000
chr3	20720000	20730000	1.5859615207986204	20725000
chr3	20730000	20740000	4.182950052755997	20735000
chr3	20740000	20750000	0.6006680846046876	20745000
chr3	20750000	20760000	0.6781030921057704	20755000
chr3	20760000	20770000	0.893684185511105	20765000
chr3	20770000	20780000	0.6637807836647714	20775000
chr3	20780000	20790000	0.46763028745956636	20785000
chr3	20790000	20800000	0.6901533448626987	20795000
chr3	20800000	20810000	0.7098432766890233	20805000
chr3	20810000	20820000	1.1246298604269527	20815000
chr3	20820000	20830000	1.443665762074163	20825000
chr3	20830000	20840000	1.3624645811102623	20835000
chr3	20840000	20850000	2.804279777829615	20845000
chr3	20850000	20860000	1.3270090677183748	20855000
chr3	20860000	20870000	1.597392567807169	20865000
chr3	20870000	20880000	0.9279271434277447	20875000
chr3	20880000	20890000	0.7813580438305047	20885000
chr3	20890000	20900000	0.9104834888099038	20895000
chr3	20900000	20910000	0.8543653644227196	20905000
chr3	20910000	20920000	1.4328772233266212	20915000
chr3	20920000	20930000	1.4644614386268435	20925000
chr3	20930000	20940000	2.0085454209246763	20935000
chr3	20940000	20950000	0.9994440185077348	20945000
chr3	20950000	20960000	0.5812533096809894	20955000
chr3	20960000	20970000	0.4127967555428518	20965000
chr3	20970000	20980000	0.3100777970450098	20975000
chr3	20980000	20990000	0.9407602563995204	20985000
chr3	20990000	21000000	0.20760054664481525	20995000
chr3	21000000	21010000	0.5384081151628684	21005000
chr3	21010000	21020000	0.4811686258211325	21015000
chr3	21020000	21030000	0.3036722394323828	21025000
chr3	21030000	21040000	0.4049130929436197	21035000
chr3	21040000	21050000	2.732810617613502	21045000
chr3	21050000	21060000	0.5511132395575983	21055000
chr3	21060000	21070000	0.71902327132283	21065000
chr3	21070000	21080000	0.9413914389074971	21075000
chr3	21080000	21090000	1.8846682338237413	21085000
chr3	21090000	21100000	1.4474876261857026	21095000
chr3	21100000	21110000	0.595473029993491	21105000
chr3	21110000	21120000	1.4184664079758336	21115000
chr3	21120000	21130000	0.6661644254972781	21125000
chr3	21130000	21140000	0.8809291347964664	21135000
chr3	21140000	21150000	1.6731796450701846	21145000
chr3	21150000	21160000	0.6016018760833216	21155000
chr3	21160000	21170000	0.34622605049711397	21165000
chr3	21170000	21180000	0.32421746929883694	21175000
chr3	21180000	21190000	0.2876841554473857	21185000
chr3	21190000	21200000	0.2483704210644251	21195000
chr3	21200000	21210000	0.32029691590183157	21205000
chr3	21210000	21220000	0.37123975929401526	21215000
chr3	21220000	21230000	0.7649806722431078	21225000
chr3	21230000	21240000	1.0586370009582609	21235000
chr3	21240000	21250000	0.6076482272565731	21245000
chr3	21250000	21260000	1.0718234060546417	21255000
chr3	21260000	21270000	0.5108313399886233	21265000
chr3	21270000	21280000	1.440338978086877	21275000
chr3	21280000	21290000	3.015770462213683	21285000
chr3	21290000	21300000	0.8952749475916906	21295000
chr3	21300000	21310000	0.7510487956591579	21305000
chr3	21310000	21320000	0.33710414299378877	21315000
chr3	21320000	21330000	0.23884741871870205	21325000
chr3	21330000	21340000	0.6198194169192573	21335000
chr3	21340000	21350000	0.8827353085873297	21345000
chr3	21350000	21360000	0.9464907856282451	21355000
chr3	21360000	21370000	0.6285426275175812	21365000
chr3	21370000	21380000	0.8697443034574317	21375000
chr3	21380000	21390000	0.3530529345141945	21385000
chr3	21390000	21400000	0.4845281506025657	21395000
chr3	21400000	21410000	0.5000899331461512	21405000
chr3	21410000	21420000	1.0521212999694765	21415000
chr3	21420000	21430000	0.640014252200242	21425000
chr3	21430000	21440000	0.6710358625966424	21435000
chr3	21440000	21450000	0.5436093683666448	21445000
chr3	21450000	21460000	1.7466588512040997	21455000
chr3	21460000	21470000	0.7214964009983488	21465000
chr3	21470000	21480000	0.773417909380869	21475000
chr3	21480000	21490000	0.5731169886582909	21485000
chr3	21490000	21500000	0.3560690209611245	21495000
chr3	21500000	21510000	0.7684412412582244	21505000
chr3	21510000	21520000	1.9255695815484308	21515000
chr3	21520000	21530000	0.3209164885268517	21525000
chr3	21530000	21540000	0.5160447461696582	21535000
chr3	21540000	21550000	1.7143896760201027	21545000
chr3	21550000	21560000	1.1356882801867014	21555000
chr3	21560000	21570000	0.387133084828059	21565000
chr3	21570000	21580000	0.6656580099356877	21575000
chr3	21580000	21590000	0.5143760580477095	21585000
chr3	21590000	21600000	0.29337407037581464	21595000
chr3	21600000	21610000	0.3497414838249638	21605000
chr3	21610000	21620000	0.2200599086697437	21615000
chr3	21620000	21630000	0.1548650452123424	21625000
chr3	21630000	21640000	0.5250164459862116	21635000
chr3	21640000	21650000	0.1514749826352453	21645000
chr3	21650000	21660000	0.5789645838411468	21655000
chr3	21660000	21670000	0.13744087586180156	21665000
chr3	21670000	21680000	0.20046921364237952	21675000
chr3	21680000	21690000	0.4254053172655817	21685000
chr3	21690000	21700000	0.3927321169919487	21695000
chr3	21700000	21710000	0.5397788608731949	21705000
chr3	21710000	21720000	5.833257763101103	21715000
chr3	21720000	21730000	0.47578172432989435	21725000
chr3	21730000	21740000	0.5061991555273384	21735000
chr3	21740000	21750000	0.6511874878370458	21745000
chr3	21750000	21760000	0.6348091633578689	21755000
chr3	21760000	21770000	0.46559993835283475	21765000
chr3	21770000	21780000	1.836206933777654	21775000
chr3	21780000	21790000	1.3985183966115327	21785000
chr3	21790000	21800000	0.9419464473778879	21795000
chr3	21800000	21810000	0.46144100003944394	21805000
chr3	21810000	21820000	0.4504780737174249	21815000
chr3	21820000	21830000	0.49489761895682055	21825000
chr3	21830000	21840000	0.42757355824488585	21835000
chr3	21840000	21850000	0.85989977732579	21845000
chr3	21850000	21860000	0.39027845052516114	21855000
chr3	21860000	21870000	0.5274699559716198	21865000
chr3	21870000	21880000	0.7423449240492024	21875000
chr3	21880000	21890000	0.6349278103106204	21885000
chr3	21890000	21900000	0.5394682761907914	21895000
chr3	21900000	21910000	0.9837593029611158	21905000
chr3	21910000	21920000	0.6877194832440213	21915000
chr3	21920000	21930000	0.8564295728020975	21925000
chr3	21930000	21940000	1.006029685330392	21935000
chr3	21940000	21950000	1.3584529581553717	21945000
chr3	21950000	21960000	0.5817395537366145	21955000
chr3	21960000	21970000	0.648173975984074	21965000
chr3	21970000	21980000	0.6355211283864209	21975000
chr3	21980000	21990000	0.32352845587681356	21985000
chr3	21990000	22000000	1.3597016487455955	21995000
chr3	22000000	22010000	0.8688975963702569	22005000
chr3	22010000	22020000	0.6066105674793957	22015000
chr3	22020000	22030000	0.6053175665189209	22025000
chr3	22030000	22040000	0.7863411892180648	22035000
chr3	22040000	22050000	0.3854820734112414	22045000
chr3	22050000	22060000	0.8610018023932433	22055000
chr3	22060000	22070000	0.525189355044667	22065000
chr3	22070000	22080000	0.5817911299242408	22075000
chr3	22080000	22090000	0.5869309490098772	22085000
chr3	22090000	22100000	0.7816887725234851	22095000
chr3	22100000	22110000	0.7491313251361115	22105000
chr3	22110000	22120000	1.0172185684834367	22115000
chr3	22120000	22130000	0.8075082581792689	22125000
chr3	22130000	22140000	0.7313518984397325	22135000
chr3	22140000	22150000	0.5558107903681276	22145000
chr3	22150000	22160000	0.6371054259489854	22155000
chr3	22160000	22170000	1.2054195155070966	22165000
chr3	22170000	22180000	0.6343237810954135	22175000
chr3	22180000	22190000	0.5168066356810964	22185000
chr3	22190000	22200000	3.144249177611691	22195000
chr3	22200000	22210000	1.097446313711386	22205000
chr3	22210000	22220000	0.7872409498348542	22215000
chr3	22220000	22230000	0.817514678797551	22225000
chr3	22230000	22240000	0.7745873278780291	22235000
chr3	22240000	22250000	0.9808445737079182	22245000
chr3	22250000	22260000	0.5884468694985102	22255000
chr3	22260000	22270000	3.025180749020182	22265000
chr3	22270000	22280000	1.0264469225260993	22275000
chr3	22280000	22290000	0.9322677831544233	22285000
chr3	22290000	22300000	0.5633933851870041	22295000
chr3	22300000	22310000	0.8216330087042042	22305000
chr3	22310000	22320000	1.1084774931170944	22315000
chr3	22320000	22330000	1.2267726815916276	22325000
chr3	22330000	22340000	0.8060621374454671	22335000
chr3	22340000	22350000	0.8605142532412702	22345000
chr3	22350000	22360000	1.520984804491024	22355000
chr3	22360000	22370000	0.4612580159727991	22365000
chr3	22370000	22380000	0.45326437597804314	22375000
chr3	22380000	22390000	0.21442520462987325	22385000
chr3	22390000	22400000	0.3104399710194836	22395000
chr3	22400000	22410000	0.5833564833855974	22405000
chr3	22410000	22420000	0.6396367279070173	22415000
chr3	22420000	22430000	0.9009312036658869	22425000
chr3	22430000	22440000	0.9059076457838117	22435000
chr3	22440000	22450000	1.2969758221172574	22445000
chr3	22450000	22460000	0.6888324394315409	22455000
chr3	22460000	22470000	0.3460189734408084	22465000
chr3	22470000	22480000	0.7645714677127636	22475000
chr3	22480000	22490000	0.823978021095993	22485000
chr3	22490000	22500000	2.2128037414595814	22495000
chr3	22500000	22510000	1.1063018536438076	22505000
chr3	22510000	22520000	0.9025102837453356	22515000
chr3	22520000	22530000	0.49340355359958094	22525000
chr3	22530000	22540000	1.2530997443401883	22535000
chr3	22540000	22550000	5.135010991376176	22545000
chr3	22550000	22560000	1.228394117713881	22555000
chr3	22560000	22570000	0.2323107484735198	22565000
chr3	22570000	22580000	0.6061117249540333	22575000
chr3	22580000	22590000	0.33741013354648264	22585000
chr3	22590000	22600000	1.6436509200061038	22595000
chr3	22600000	22610000	0.12177074335230356	22605000
chr3	22610000	22620000	2.106977809145945	22615000
chr3	22620000	22630000	9.78260213514509	22625000
chr3	22630000	22640000	1.4553872371596694	22635000
chr3	22640000	22650000	0.649037781364387	22645000
chr3	22650000	22660000	0.9307942424948059	22655000
chr3	22660000	22670000	4.802508007413675	22665000
chr3	22670000	22680000	1.3399401680271956	22675000
chr3	22680000	22690000	1.4290605411034625	22685000
chr3	22690000	22700000	0.9898813685497377	22695000
chr3	22700000	22710000	0.5854234039546246	22705000
chr3	22710000	22720000	2.249230032253462	22715000
chr3	22720000	22730000	0.6078644039360582	22725000
chr3	22730000	22740000	0.6264092603917871	22735000
chr3	22740000	22750000	0.7687647425377461	22745000
chr3	22750000	22760000	1.0654031486568794	22755000
chr3	22760000	22770000	2.297967580824356	22765000
chr3	22770000	22780000	1.8058971313279748	22775000
chr3	22780000	22790000	0.43720754747299495	22785000
chr3	22790000	22800000	1.5115755903065398	22795000
chr3	22800000	22810000	0.8705699125645675	22805000
chr3	22810000	22820000	1.626560859020145	22815000
chr3	22820000	22830000	1.162123528107049	22825000
chr3	22830000	22840000	1.0165391002465638	22835000
chr3	22840000	22850000	1.2795235350539929	22845000
chr3	22850000	22860000	1.5552407921442681	22855000
chr3	22860000	22870000	1.3151881683756046	22865000
chr3	22870000	22880000	1.3545633883814858	22875000
chr3	22880000	22890000	1.8561467570338557	22885000
chr3	22890000	22900000	0.6861878818080391	22895000
chr3	22900000	22910000	1.4249943480545293	22905000
chr3	22910000	22920000	2.303673046703652	22915000
chr3	22920000	22930000	1.029705251333342	22925000
chr3	22930000	22940000	2.0410275419318316	22935000
chr3	22940000	22950000	0.7026389161263981	22945000
chr3	22950000	22960000	0.5036447313945654	22955000
chr3	22960000	22970000	15.765168928908743	22965000
chr3	22970000	22980000	0.8251259440430408	22975000
chr3	22980000	22990000	4.731599178988538	22985000
chr3	22990000	23000000	0.5034999593067976	22995000
chr3	23000000	23010000	0.34816805259081346	23005000
chr3	23010000	23020000	0.8394873348514953	23015000
chr3	23020000	23030000	0.33603194563086675	23025000
chr3	23030000	23040000	0.5552779005932875	23035000
chr3	23040000	23050000	0.3719685698147637	23045000
chr3	23050000	23060000	0.7967288371688892	23055000
chr3	23060000	23070000	1.5824813226221075	23065000
chr3	23070000	23080000	3.443133212531749	23075000
chr3	23080000	23090000	1.5686571222742265	23085000
chr3	23090000	23100000	1.1491576467975269	23095000
chr3	23100000	23110000	1.3368734586355977	23105000
chr3	23110000	23120000	3.4281673751406276	23115000
chr3	23120000	23130000	1.2856133814112027	23125000
chr3	23130000	23140000	3.7814538770850348	23135000
chr3	23140000	23150000	1.861655199313084	23145000
chr3	23150000	23160000	1.0026976360412834	23155000
chr3	23160000	23170000	0.6388873643715606	23165000
chr3	23170000	23180000	0.7096419779863751	23175000
chr3	23180000	23190000	0.6916697759922963	23185000
chr3	23190000	23200000	10.571221103353661	23195000
chr3	23200000	23210000	0.9800052780170849	23205000
chr3	23210000	23220000	1.0499414011866393	23215000
chr3	23220000	23230000	7.7931274378644995	23225000
chr3	23230000	23240000	0.8266360791618349	23235000
chr3	23240000	23250000	4.102359822016924	23245000
chr3	23250000	23260000	5.217677913570447	23255000
chr3	23260000	23270000	4.236602810241416	23265000
chr3	23270000	23280000	3.2253489434083735	23275000
chr3	23280000	23290000	2.2628946656472295	23285000
chr3	23290000	23300000	2.2521127805907395	23295000
chr3	23300000	23310000	2.1690797421097487	23305000
chr3	23310000	23320000	2.5223784998864955	23315000
chr3	23320000	23330000	0.7976354396547433	23325000
chr3	23330000	23340000	5.253805092441039	23335000
chr3	23340000	23350000	1.8658870065585365	23345000
chr3	23350000	23360000	0.3532969509397213	23355000
chr3	23360000	23370000	0.8776917545929049	23365000
chr3	23370000	23380000	5.865345913576403	23375000
chr3	23380000	23390000	0.4635446186427462	23385000
chr3	23390000	23400000	1.1301901540314796	23395000
chr3	23400000	23410000	0.7510826699005421	23405000
chr3	23410000	23420000	1.0636742808514525	23415000
chr3	23420000	23430000	0.9359742892525189	23425000
chr3	23430000	23440000	1.2507431172873653	23435000
chr3	23440000	23450000	4.153561378565565	23445000
chr3	23450000	23460000	0.5836285791823665	23455000
chr3	23460000	23470000	0.3502448090015536	23465000
chr3	23470000	23480000	0.19958550956767798	23475000
chr3	23480000	23490000	0.3374451353058564	23485000
chr3	23490000	23500000	0.3535339426869232	23495000
chr3	23500000	23510000	1.6626795484793655	23505000
chr3	23510000	23520000	3.407567537291104	23515000
chr3	23520000	23530000	0.6438694004614709	23525000
chr3	23530000	23540000	2.1470026123128134	23535000
chr3	23540000	23550000	4.541633484649369	23545000
chr3	23550000	23560000	8.218008405172984	23555000
chr3	23560000	23570000	0.6915855364759445	23565000
chr3	23570000	23580000	4.164858315010741	23575000
chr3	23580000	23590000	1.3256528545148192	23585000
chr3	23590000	23600000	6.826418462671544	23595000
chr3	23600000	23610000	3.7272892207020516	23605000
chr3	23610000	23620000	1.755806743082068	23615000
chr3	23620000	23630000	2.703131737303689	23625000
chr3	23630000	23640000	3.6222492711598715	23635000
chr3	23640000	23650000	0.7471248378152687	23645000
chr3	23650000	23660000	1.5174045776720406	23655000
chr3	23660000	23670000	1.1859839701124564	23665000
chr3	23670000	23680000	0.9839279612904878	23675000
chr3	23680000	23690000	1.14716224601369	23685000
chr3	23690000	23700000	2.002623843274463	23695000
chr3	23700000	23710000	6.821023254304367	23705000
chr3	23710000	23720000	1.10201258373731	23715000
chr3	23720000	23730000	1.7102117973331343	23725000
chr3	23730000	23740000	1.5783951616850362	23735000
chr3	23740000	23750000	1.2709530883461782	23745000
chr3	23750000	23760000	1.1058766930732107	23755000
chr3	23760000	23770000	7.640634612210788	23765000
chr3	23770000	23780000	1.2723046687828123	23775000
chr3	23780000	23790000	1.0641742942281003	23785000
chr3	23790000	23800000	0.6732074663624741	23795000
chr3	23800000	23810000	1.4270211615408972	23805000
chr3	23810000	23820000	1.4497749500083938	23815000
chr3	23820000	23830000	1.2508818668985366	23825000
chr3	23830000	23840000	1.0524020667272787	23835000
chr3	23840000	23850000	0.6243203008126076	23845000
chr3	23850000	23860000	4.152049616460947	23855000
chr3	23860000	23870000	0.43709891808968315	23865000
chr3	23870000	23880000	0.7273553701093802	23875000
chr3	23880000	23890000	1.6113182287602237	23885000
chr3	23890000	23900000	2.2151967026662667	23895000
chr3	23900000	23910000	2.472930440561408	23905000
chr3	23910000	23920000	1.4219569255494986	23915000
chr3	23920000	23930000	0.7073341880732429	23925000
chr3	23930000	23940000	0.9633691157279782	23935000
chr3	23940000	23950000	0.4412458900998038	23945000
chr3	23950000	23960000	0.8797407403849851	23955000
chr3	23960000	23970000	5.253810871090369	23965000
chr3	23970000	23980000	1.435218254832555	23975000
chr3	23980000	23990000	0.8005851870370498	23985000
chr3	23990000	24000000	1.0739906373506447	23995000
chr3	24000000	24010000	0.5157296446828165	24005000
chr3	24010000	24020000	0.9718826334729516	24015000
chr3	24020000	24030000	2.181901766618173	24025000
chr3	24030000	24040000	5.101593942159673	24035000
chr3	24040000	24050000	1.896927352659235	24045000
chr3	24050000	24060000	0.3599603035590072	24055000
chr3	24060000	24070000	0.5316563700598476	24065000
chr3	24070000	24080000	0.2103729307865695	24075000
chr3	24080000	24090000	0.41266422104453493	24085000
chr3	24090000	24100000	2.2716611100309683	24095000
chr3	24100000	24110000	0.9391343780323217	24105000
chr3	24110000	24120000	1.1683125866804676	24115000
chr3	24120000	24130000	1.5463365670446463	24125000
chr3	24130000	24140000	3.3223536708948638	24135000
chr3	24140000	24150000	3.965729348204323	24145000
chr3	24150000	24160000	1.0639352825851585	24155000
chr3	24160000	24170000	0.6088037763356886	24165000
chr3	24170000	24180000	0.7839057498187503	24175000
chr3	24180000	24190000	0.5085932749502157	24185000
chr3	24190000	24200000	0.453355775842891	24195000
chr3	24200000	24210000	0.4528400049039394	24205000
chr3	24210000	24220000	0.6879922172021254	24215000
chr3	24220000	24230000	1.453822512209665	24225000
chr3	24230000	24240000	2.3017558629415134	24235000
chr3	24240000	24250000	2.9618367700628325	24245000
chr3	24250000	24260000	0.40648390349539365	24255000
chr3	24260000	24270000	0.39785961252336016	24265000
chr3	24270000	24280000	2.714141144724236	24275000
chr3	24280000	24290000	1.527881140597164	24285000
chr3	24290000	24300000	1.6084689708753326	24295000
chr3	24300000	24310000	2.108407441056494	24305000
chr3	24310000	24320000	1.2456318576808607	24315000
chr3	24320000	24330000	2.7214425243306675	24325000
chr3	24330000	24340000	2.739808764731718	24335000
chr3	24340000	24350000	1.7824620561902282	24345000
chr3	24350000	24360000	1.6491663812173507	24355000
chr3	24360000	24370000	3.006530028961296	24365000
chr3	24370000	24380000	1.4446597560479024	24375000
chr3	24380000	24390000	2.2608883302508276	24385000
chr3	24390000	24400000	1.0371788518203922	24395000
chr3	24400000	24410000	0.4537336262223044	24405000
chr3	24410000	24420000	0.9182585988050004	24415000
chr3	24420000	24430000	0.8530537149967515	24425000
chr3	24430000	24440000	1.0722864224588415	24435000
chr3	24440000	24450000	0.8145169434617898	24445000
chr3	24450000	24460000	5.830529374096159	24455000
chr3	24460000	24470000	1.3342593469372814	24465000
chr3	24470000	24480000	1.6881819782414849	24475000
chr3	24480000	24490000	0.8931347124122953	24485000
chr3	24490000	24500000	2.209637921283243	24495000
chr3	24500000	24510000	7.65743280691126	24505000
chr3	24510000	24520000	0.47604050909698226	24515000
chr3	24520000	24530000	2.4572919199067775	24525000
chr3	24530000	24540000	1.556007939782066	24535000
chr3	24540000	24550000	5.447619386358208	24545000
chr3	24550000	24560000	1.261311996607062	24555000
chr3	24560000	24570000	1.5286191980880603	24565000
chr3	24570000	24580000	1.821656954602639	24575000
chr3	24580000	24590000	1.7925287824580667	24585000
chr3	24590000	24600000	0.8477535924060191	24595000
chr3	24600000	24610000	0.7777388945069957	24605000
chr3	24610000	24620000	0.6808506381865277	24615000
chr3	24620000	24630000	1.7218459576006568	24625000
chr3	24630000	24640000	6.109208991940663	24635000
chr3	24640000	24650000	0.8670342536863159	24645000
chr3	24650000	24660000	1.3956631117608853	24655000
chr3	24660000	24670000	1.5577417573022527	24665000
chr3	24670000	24680000	0.5371002963518641	24675000
chr3	24680000	24690000	0.27208982438122103	24685000
chr3	24690000	24700000	0.44059796162881504	24695000
chr3	24700000	24710000	2.6007319237766073	24705000
chr3	24710000	24720000	0.8459713256619801	24715000
chr3	24720000	24730000	2.01804099410995	24725000
chr3	24730000	24740000	2.116223504178552	24735000
chr3	24740000	24750000	2.876644612700835	24745000
chr3	24750000	24760000	2.917494224055957	24755000
chr3	24760000	24770000	2.516433946433036	24765000
chr3	24770000	24780000	4.699173000701214	24775000
chr3	24780000	24790000	4.013991216487748	24785000
chr3	24790000	24800000	2.597882936912984	24795000
chr3	24800000	24810000	1.5686811341663984	24805000
chr3	24810000	24820000	3.5441993339025637	24815000
chr3	24820000	24830000	3.937696552536363	24825000
chr3	24830000	24840000	3.475720641057849	24835000
chr3	24840000	24850000	2.9975623106125795	24845000
chr3	24850000	24860000	7.685400623818537	24855000
chr3	24860000	24870000	1.1864529080134005	24865000
chr3	24870000	24880000	0.8841858558386262	24875000
chr3	24880000	24890000	2.5342674347624063	24885000
chr3	24890000	24900000	0.39382724346191716	24895000
chr3	24900000	24910000	0.6345813307378508	24905000
chr3	24910000	24920000	0.5399394149749329	24915000
chr3	24920000	24930000	6.585907379857514	24925000
chr3	24930000	24940000	0.5538078830060491	24935000
chr3	24940000	24950000	1.250202426983954	24945000
chr3	24950000	24960000	3.8111546679178847	24955000
chr3	24960000	24970000	2.2472745402963836	24965000
chr3	24970000	24980000	5.357710325555385	24975000
chr3	24980000	24990000	3.714678583919755	24985000
chr3	24990000	25000000	1.4533343378213615	24995000
chr3	25000000	25010000	3.6099182348372683	25005000
chr3	25010000	25020000	3.6810517649303085	25015000
chr3	25020000	25030000	2.892995829657842	25025000
chr3	25030000	25040000	6.170055626738375	25035000
chr3	25040000	25050000	2.538464707163739	25045000
chr3	25050000	25060000	1.6863737908310992	25055000
chr3	25060000	25070000	2.080151466595605	25065000
chr3	25070000	25080000	2.282178469786705	25075000
chr3	25080000	25090000	3.7660437549254357	25085000
chr3	25090000	25100000	4.045297455911209	25095000
chr3	25100000	25110000	2.759828090572527	25105000
chr3	25110000	25120000	4.501106933948162	25115000
chr3	25120000	25130000	3.8267073729193504	25125000
chr3	25130000	25140000	1.9507315052886722	25135000
chr3	25140000	25150000	1.8797775566418184	25145000
chr3	25150000	25160000	1.0871999676764672	25155000
chr3	25160000	25170000	2.1228234878809022	25165000
chr3	25170000	25180000	1.500199501897245	25175000
chr3	25180000	25190000	1.1965290050120687	25185000
chr3	25190000	25200000	1.4198614809993126	25195000
chr3	25200000	25210000	2.3485131701007154	25205000
chr3	25210000	25220000	3.9173815845659257	25215000
chr3	25220000	25230000	2.878728117508208	25225000
chr3	25230000	25240000	1.1613010569330882	25235000
chr3	25240000	25250000	1.233771232582332	25245000
chr3	25250000	25260000	1.404241657226465	25255000
chr3	25260000	25270000	0.6156397177553643	25265000
chr3	25270000	25280000	10.191695395440316	25275000
chr3	25280000	25290000	1.1973048772720194	25285000
chr3	25290000	25300000	1.7023114235450356	25295000
chr3	25300000	25310000	1.7693277195802926	25305000
chr3	25310000	25320000	2.4913849676308812	25315000
chr3	25320000	25330000	3.712205381645732	25325000
chr3	25330000	25340000	2.379822734426331	25335000
chr3	25340000	25350000	2.7125973947921938	25345000
chr3	25350000	25360000	1.472697555731353	25355000
chr3	25360000	25370000	0.9747318086181148	25365000
chr3	25370000	25380000	1.9539845427684264	25375000
chr3	25380000	25390000	1.1757364728826933	25385000
chr3	25390000	25400000	0.780324830257449	25395000
chr3	25400000	25410000	3.108081909009139	25405000
chr3	25410000	25420000	0.6249221708557272	25415000
chr3	25420000	25430000	2.544865021576911	25425000
chr3	25430000	25440000	9.802640609999381	25435000
chr3	25440000	25450000	1.9135561855217007	25445000
chr3	25450000	25460000	4.141357011224102	25455000
chr3	25460000	25470000	1.4462502426708737	25465000
chr3	25470000	25480000	3.1211270457076496	25475000
chr3	25480000	25490000	2.665377048486219	25485000
chr3	25490000	25500000	1.2419987766468272	25495000
chr3	25500000	25510000	1.0964783411014798	25505000
chr3	25510000	25520000	0.5071015652433948	25515000
chr3	25520000	25530000	1.5439839356121827	25525000
chr3	25530000	25540000	1.0883924888518979	25535000
chr3	25540000	25550000	2.092912572287186	25545000
chr3	25550000	25560000	1.848240229028657	25555000
chr3	25560000	25570000	1.5799259510230654	25565000
chr3	25570000	25580000	1.3168997882979852	25575000
chr3	25580000	25590000	0.7230567137816651	25585000
chr3	25590000	25600000	1.5841077404568102	25595000
chr3	25600000	25610000	0.5821820436714307	25605000
chr3	25610000	25620000	0.5050614381401461	25615000
chr3	25620000	25630000	2.048578059066151	25625000
chr3	25630000	25640000	2.079590233686479	25635000
chr3	25640000	25650000	4.354041550454701	25645000
chr3	25650000	25660000	7.212475383950419	25655000
chr3	25660000	25670000	1.7869100932021438	25665000
chr3	25670000	25680000	2.9583710941132573	25675000
chr3	25680000	25690000	2.900562052641314	25685000
chr3	25690000	25700000	4.1430012658799615	25695000
chr3	25700000	25710000	3.832549877039503	25705000
chr3	25710000	25720000	2.5369410956494796	25715000
chr3	25720000	25730000	1.792308624318418	25725000
chr3	25730000	25740000	1.380160975634226	25735000
chr3	25740000	25750000	1.9717590090296964	25745000
chr3	25750000	25760000	2.411001748100923	25755000
chr3	25760000	25770000	2.3311414937761845	25765000
chr3	25770000	25780000	1.5033260241808288	25775000
chr3	25780000	25790000	1.744809848828186	25785000
chr3	25790000	25800000	0.962440042991106	25795000
chr3	25800000	25810000	2.123064835462089	25805000
chr3	25810000	25820000	1.2502883732589138	25815000
chr3	25820000	25830000	3.220784006314199	25825000
chr3	25830000	25840000	3.286402084499492	25835000
chr3	25840000	25850000	2.052962387902953	25845000
chr3	25850000	25860000	1.4486847267882728	25855000
chr3	25860000	25870000	1.769422657240999	25865000
chr3	25870000	25880000	1.9455172798329767	25875000
chr3	25880000	25890000	1.6345156457565408	25885000
chr3	25890000	25900000	2.0121618591347334	25895000
chr3	25900000	25910000	1.2668718064738638	25905000
chr3	25910000	25920000	0.8801249408669818	25915000
chr3	25920000	25930000	1.44669678208608	25925000
chr3	25930000	25940000	1.6388685222742034	25935000
chr3	25940000	25950000	2.714169641352617	25945000
chr3	25950000	25960000	1.5614162983530042	25955000
chr3	25960000	25970000	1.9123792828612127	25965000
chr3	25970000	25980000	2.584135636917184	25975000
chr3	25980000	25990000	4.3206028697441745	25985000
chr3	25990000	26000000	8.858065577716332	25995000
chr3	26000000	26010000	3.454036652976901	26005000
chr3	26010000	26020000	3.614334711447521	26015000
chr3	26020000	26030000	3.389864713760368	26025000
chr3	26030000	26040000	1.6219372241828085	26035000
chr3	26040000	26050000	3.9869249192261638	26045000
chr3	26050000	26060000	4.2433506807569525	26055000
chr3	26060000	26070000	1.0958439603603505	26065000
chr3	26070000	26080000	0.699823649477753	26075000
chr3	26080000	26090000	0.9304895762219886	26085000
chr3	26090000	26100000	7.674569332302582	26095000
chr3	26100000	26110000	0.3830525384600664	26105000
chr3	26110000	26120000	4.549478248851705	26115000
chr3	26120000	26130000	1.4860490164282987	26125000
chr3	26130000	26140000	0.8908040648509308	26135000
chr3	26140000	26150000	1.19953705390523	26145000
chr3	26150000	26160000	0.6013293649761962	26155000
chr3	26160000	26170000	0.43067635360870327	26165000
chr3	26170000	26180000	1.5343657877272865	26175000
chr3	26180000	26190000	1.1341901401832535	26185000
chr3	26190000	26200000	1.3103474253663938	26195000
chr3	26200000	26210000	1.365358462444896	26205000
chr3	26210000	26220000	2.32202817895217	26215000
chr3	26220000	26230000	1.5248403793221703	26225000
chr3	26230000	26240000	1.1688725897957368	26235000
chr3	26240000	26250000	0.8103530738680221	26245000
chr3	26250000	26260000	3.6392568757947514	26255000
chr3	26260000	26270000	4.754380297676253	26265000
chr3	26270000	26280000	0.9830438357932499	26275000
chr3	26280000	26290000	0.7961763815536498	26285000
chr3	26290000	26300000	0.7731769470935645	26295000
chr3	26300000	26310000	2.7470189471031095	26305000
chr3	26310000	26320000	1.1717963803908997	26315000
chr3	26320000	26330000	1.8109749633720378	26325000
chr3	26330000	26340000	1.6718513749346493	26335000
chr3	26340000	26350000	1.7908228294168218	26345000
chr3	26350000	26360000	1.840396462647669	26355000
chr3	26360000	26370000	2.4150278515890626	26365000
chr3	26370000	26380000	1.1397852807113145	26375000
chr3	26380000	26390000	1.4363469526665282	26385000
chr3	26390000	26400000	2.07862617134982	26395000
chr3	26400000	26410000	0.6300073187157955	26405000
chr3	26410000	26420000	1.082312620315673	26415000
chr3	26420000	26430000	1.601317902969813	26425000
chr3	26430000	26440000	1.1191482477042907	26435000
chr3	26440000	26450000	0.9332706513879416	26445000
chr3	26450000	26460000	2.3138565842179144	26455000
chr3	26460000	26470000	2.8416714110947114	26465000
chr3	26470000	26480000	1.4136765720449966	26475000
chr3	26480000	26490000	2.2956049573940787	26485000
chr3	26490000	26500000	1.7653234224432988	26495000
chr3	26500000	26510000	2.6242254893770682	26505000
chr3	26510000	26520000	1.9845330634259741	26515000
chr3	26520000	26530000	3.019136990876818	26525000
chr3	26530000	26540000	5.727232981967288	26535000
chr3	26540000	26550000	0.8440596760763348	26545000
chr3	26550000	26560000	0.49736356926876873	26555000
chr3	26560000	26570000	0.5703912021213828	26565000
chr3	26570000	26580000	4.503310288942726	26575000
chr3	26580000	26590000	0.6146959978741847	26585000
chr3	26590000	26600000	0.32162824063000284	26595000
chr3	26600000	26610000	0.38425240348092515	26605000
chr3	26610000	26620000	0.47656628407702745	26615000
chr3	26620000	26630000	0.6992979841043876	26625000
chr3	26630000	26640000	1.1698409141327035	26635000
chr3	26640000	26650000	0.5753589859327399	26645000
chr3	26650000	26660000	1.2600076210956688	26655000
chr3	26660000	26670000	1.592522786218111	26665000
chr3	26670000	26680000	0.43149140029207894	26675000
chr3	26680000	26690000	4.2249485486546785	26685000
chr3	26690000	26700000	0.7926699071639826	26695000
chr3	26700000	26710000	1.3011083669698622	26705000
chr3	26710000	26720000	0.6650164134208931	26715000
chr3	26720000	26730000	0.7022928117624858	26725000
chr3	26730000	26740000	0.3708083737868719	26735000
chr3	26740000	26750000	0.8159609504459605	26745000
chr3	26750000	26760000	0.7613783841154631	26755000
chr3	26760000	26770000	1.7006499659058396	26765000
chr3	26770000	26780000	0.9649074754121035	26775000
chr3	26780000	26790000	0.5485318747925086	26785000
chr3	26790000	26800000	1.3904822582377838	26795000
chr3	26800000	26810000	1.398736716358875	26805000
chr3	26810000	26820000	0.6199442932124148	26815000
chr3	26820000	26830000	0.3969661054542541	26825000
chr3	26830000	26840000	2.4020583104417166	26835000
chr3	26840000	26850000	1.7518090570320222	26845000
chr3	26850000	26860000	0.9288123993906608	26855000
chr3	26860000	26870000	1.784020359396755	26865000
chr3	26870000	26880000	1.4979272136524198	26875000
chr3	26880000	26890000	0.3882354459950007	26885000
chr3	26890000	26900000	0.38080331778125615	26895000
chr3	26900000	26910000	0.46002542546450365	26905000
chr3	26910000	26920000	0.8117374287247132	26915000
chr3	26920000	26930000	1.2434392243931063	26925000
chr3	26930000	26940000	0.9703570016954187	26935000
chr3	26940000	26950000	1.2461901803821749	26945000
chr3	26950000	26960000	0.550483008386341	26955000
chr3	26960000	26970000	0.1395258247965841	26965000
chr3	26970000	26980000	0.8347761921728711	26975000
chr3	26980000	26990000	0.4571578461683392	26985000
chr3	26990000	27000000	0.745496145041	26995000
chr3	27000000	27010000	0.4734577432005251	27005000
chr3	27010000	27020000	0.7122580541466251	27015000
chr3	27020000	27030000	0.7253227515226426	27025000
chr3	27030000	27040000	4.751128526402304	27035000
chr3	27040000	27050000	1.9877143989375752	27045000
chr3	27050000	27060000	0.8104696763866044	27055000
chr3	27060000	27070000	0.955400485079207	27065000
chr3	27070000	27080000	1.062967992420188	27075000
chr3	27080000	27090000	1.0800086334622836	27085000
chr3	27090000	27100000	0.8525469208819771	27095000
chr3	27100000	27110000	1.1491543139973572	27105000
chr3	27110000	27120000	1.9023375638287694	27115000
chr3	27120000	27130000	2.045165137386555	27125000
chr3	27130000	27140000	0.7675736075619115	27135000
chr3	27140000	27150000	1.0918309975037268	27145000
chr3	27150000	27160000	1.0982689022430498	27155000
chr3	27160000	27170000	1.507215632723908	27165000
chr3	27170000	27180000	1.4726420938316513	27175000
chr3	27180000	27190000	1.5265317009889625	27185000
chr3	27190000	27200000	0.6987989386307282	27195000
chr3	27200000	27210000	0.9268522059066989	27205000
chr3	27210000	27220000	0.4604687906311024	27215000
chr3	27220000	27230000	1.7964810939825016	27225000
chr3	27230000	27240000	1.820769985725149	27235000
chr3	27240000	27250000	1.2660630492331728	27245000
chr3	27250000	27260000	1.834644379020099	27255000
chr3	27260000	27270000	0.9460120799540904	27265000
chr3	27270000	27280000	5.131113943229739	27275000
chr3	27280000	27290000	3.2943379102529193	27285000
chr3	27290000	27300000	0.6010404034762769	27295000
chr3	27300000	27310000	1.086848733988141	27305000
chr3	27310000	27320000	0.6441038232891133	27315000
chr3	27320000	27330000	1.5467617117513626	27325000
chr3	27330000	27340000	1.6445029931845594	27335000
chr3	27340000	27350000	0.581942531068027	27345000
chr3	27350000	27360000	0.6980242792581272	27355000
chr3	27360000	27370000	0.5863092003725655	27365000
chr3	27370000	27380000	1.4433158169778504	27375000
chr3	27380000	27390000	0.911441882929819	27385000
chr3	27390000	27400000	0.3485981041767558	27395000
chr3	27400000	27410000	1.419673128496815	27405000
chr3	27410000	27420000	1.1776996157509936	27415000
chr3	27420000	27430000	0.5066182320394682	27425000
chr3	27430000	27440000	0.47739301351251734	27435000
chr3	27440000	27450000	0.7528845298951549	27445000
chr3	27450000	27460000	1.070925030576887	27455000
chr3	27460000	27470000	0.8679153796293829	27465000
chr3	27470000	27480000	0.663567565135023	27475000
chr3	27480000	27490000	1.0194123872042675	27485000
chr3	27490000	27500000	2.1845672676919725	27495000
chr3	27500000	27510000	8.162007592544994	27505000
chr3	27510000	27520000	1.1491892913359385	27515000
chr3	27520000	27530000	1.2869929805025833	27525000
chr3	27530000	27540000	0.6346071399254355	27535000
chr3	27540000	27550000	0.8373504003315437	27545000
chr3	27550000	27560000	0.7245847147083325	27555000
chr3	27560000	27570000	1.734264834870887	27565000
chr3	27570000	27580000	0.8611390474154033	27575000
chr3	27580000	27590000	1.7426637578999504	27585000
chr3	27590000	27600000	0.909109550423397	27595000
chr3	27600000	27610000	0.5974167398720601	27605000
chr3	27610000	27620000	0.2588439861984553	27615000
chr3	27620000	27630000	0.3982587416560447	27625000
chr3	27630000	27640000	0.8087695657332798	27635000
chr3	27640000	27650000	0.2808832112642302	27645000
chr3	27650000	27660000	0.6874717210154712	27655000
chr3	27660000	27670000	2.0743370081293233	27665000
chr3	27670000	27680000	0.5339423596624796	27675000
chr3	27680000	27690000	1.0513459029761207	27685000
chr3	27690000	27700000	0.6443316385237974	27695000
chr3	27700000	27710000	1.1779603234419591	27705000
chr3	27710000	27720000	2.5201050700053704	27715000
chr3	27720000	27730000	0.6369799622972478	27725000
chr3	27730000	27740000	0.32776610080759006	27735000
chr3	27740000	27750000	0.9645392119915599	27745000
chr3	27750000	27760000	0.4154711810216439	27755000
chr3	27760000	27770000	0.492425842285914	27765000
chr3	27770000	27780000	9.91868521483128	27775000
chr3	27780000	27790000	0.6267285487084159	27785000
chr3	27790000	27800000	0.9958614079142439	27795000
chr3	27800000	27810000	1.6309895353692134	27805000
chr3	27810000	27820000	0.9977806283560251	27815000
chr3	27820000	27830000	0.9846947325442528	27825000
chr3	27830000	27840000	0.6320265197227447	27835000
chr3	27840000	27850000	2.1539663022915567	27845000
chr3	27850000	27860000	0.6966725089435608	27855000
chr3	27860000	27870000	3.790633484956172	27865000
chr3	27870000	27880000	0.8760500528786752	27875000
chr3	27880000	27890000	1.320930872597007	27885000
chr3	27890000	27900000	0.8579812693164232	27895000
chr3	27900000	27910000	0.6732939675369427	27905000
chr3	27910000	27920000	1.7877276982211994	27915000
chr3	27920000	27930000	0.7864277600837836	27925000
chr3	27930000	27940000	0.5168774497335388	27935000
chr3	27940000	27950000	0.4822905628137337	27945000
chr3	27950000	27960000	0.8362332512934443	27955000
chr3	27960000	27970000	0.15762112263067296	27965000
chr3	27970000	27980000	0.7678099755232555	27975000
chr3	27980000	27990000	1.1438793028589886	27985000
chr3	27990000	28000000	1.1224746289553298	27995000
chr3	28000000	28010000	0.5198790905531221	28005000
chr3	28010000	28020000	1.5907998538312274	28015000
chr3	28020000	28030000	1.5582783873873716	28025000
chr3	28030000	28040000	0.811615673159606	28035000
chr3	28040000	28050000	1.580034295771907	28045000
chr3	28050000	28060000	1.0473002614091107	28055000
chr3	28060000	28070000	0.306314954912635	28065000
chr3	28070000	28080000	0.8217451758370745	28075000
chr3	28080000	28090000	1.0986290827354017	28085000
chr3	28090000	28100000	1.535514039576825	28095000
chr3	28100000	28110000	0.924195866785376	28105000
chr3	28110000	28120000	0.48444986438914295	28115000
chr3	28120000	28130000	0.949219462041877	28125000
chr3	28130000	28140000	2.1615583405847865	28135000
chr3	28140000	28150000	1.529566181537516	28145000
chr3	28150000	28160000	0.977238888688521	28155000
chr3	28160000	28170000	1.0758759799137267	28165000
chr3	28170000	28180000	1.2560203931164462	28175000
chr3	28180000	28190000	0.8484770712934677	28185000
chr3	28190000	28200000	7.88100113566076	28195000
chr3	28200000	28210000	3.8564238445333943	28205000
chr3	28210000	28220000	1.0664601178620317	28215000
chr3	28220000	28230000	1.3667478618317397	28225000
chr3	28230000	28240000	1.5553272486165681	28235000
chr3	28240000	28250000	1.226456279741523	28245000
chr3	28250000	28260000	3.513170809069908	28255000
chr3	28260000	28270000	3.158750680212993	28265000
chr3	28270000	28280000	1.9290652248268803	28275000
chr3	28280000	28290000	2.39069818519738	28285000
chr3	28290000	28300000	3.380767184683692	28295000
chr3	28300000	28310000	2.5410712227777115	28305000
chr3	28310000	28320000	1.9994525266249616	28315000
chr3	28320000	28330000	2.2230399547888005	28325000
chr3	28330000	28340000	2.337895040353513	28335000
chr3	28340000	28350000	6.565517816684744	28345000
chr3	28350000	28360000	2.13688469235847	28355000
chr3	28360000	28370000	2.325506342798076	28365000
chr3	28370000	28380000	3.2048349478043443	28375000
chr3	28380000	28390000	6.192612240474516	28385000
chr3	28390000	28400000	2.637129627103204	28395000
chr3	28400000	28410000	2.394341651394906	28405000
chr3	28410000	28420000	0.6588385759420924	28415000
chr3	28420000	28430000	0.5469968380640661	28425000
chr3	28430000	28440000	0.3773934133205523	28435000
chr3	28440000	28450000	1.359992734734007	28445000
chr3	28450000	28460000	0.7304570473509403	28455000
chr3	28460000	28470000	1.330795399819838	28465000
chr3	28470000	28480000	1.2164988456898764	28475000
chr3	28480000	28490000	2.3072848678539346	28485000
chr3	28490000	28500000	1.5278379925721286	28495000
chr3	28500000	28510000	0.7702431127830639	28505000
chr3	28510000	28520000	1.1136901159130281	28515000
chr3	28520000	28530000	2.363304503962102	28525000
chr3	28530000	28540000	1.333405105206613	28535000
chr3	28540000	28550000	3.6324922808832945	28545000
chr3	28550000	28560000	1.2769546370372886	28555000
chr3	28560000	28570000	1.1256471077516483	28565000
chr3	28570000	28580000	2.424018081032971	28575000
chr3	28580000	28590000	2.531776564228602	28585000
chr3	28590000	28600000	2.638573266735525	28595000
chr3	28600000	28610000	0.8294076578138402	28605000
chr3	28610000	28620000	1.1885308254039273	28615000
chr3	28620000	28630000	0.825722708305973	28625000
chr3	28630000	28640000	1.4756439033063231	28635000
chr3	28640000	28650000	1.084845696291468	28645000
chr3	28650000	28660000	2.0257928876128304	28655000
chr3	28660000	28670000	1.3627242752079445	28665000
chr3	28670000	28680000	4.925801680567383	28675000
chr3	28680000	28690000	0.5070799170867892	28685000
chr3	28690000	28700000	0.6513385551151323	28695000
chr3	28700000	28710000	0.6880727557954647	28705000
chr3	28710000	28720000	0.2869493257330536	28715000
chr3	28720000	28730000	0.31780161646133565	28725000
chr3	28730000	28740000	0.4052930641324121	28735000
chr3	28740000	28750000	0.30378421076997103	28745000
chr3	28750000	28760000	0.25143638386119377	28755000
chr3	28760000	28770000	0.32200595490230505	28765000
chr3	28770000	28780000	0.26150734103229695	28775000
chr3	28780000	28790000	0.07758663142496064	28785000
chr3	28790000	28800000	1.0380334394135684	28795000
chr3	28800000	28810000	15.568025853126999	28805000
chr3	28810000	28820000	1.186974981259168	28815000
chr3	28820000	28830000	0.7006032598935137	28825000
chr3	28830000	28840000	3.558301190604134	28835000
chr3	28840000	28850000	1.4257500485183408	28845000
chr3	28850000	28860000	1.30864180424072	28855000
chr3	28860000	28870000	0.700478235684597	28865000
chr3	28870000	28880000	0.8128662580727006	28875000
chr3	28880000	28890000	0.6749296986718792	28885000
chr3	28890000	28900000	1.3182421947795724	28895000
chr3	28900000	28910000	0.8259278986935162	28905000
chr3	28910000	28920000	1.1271149583523559	28915000
chr3	28920000	28930000	0.6459676679739679	28925000
chr3	28930000	28940000	0.3570930975360014	28935000
chr3	28940000	28950000	1.7875946297980525	28945000
chr3	28950000	28960000	0.9232719866409471	28955000
chr3	28960000	28970000	1.3090682483385043	28965000
chr3	28970000	28980000	0.4469317854424302	28975000
chr3	28980000	28990000	1.4908922270440765	28985000
chr3	28990000	29000000	1.8488678598206032	28995000
chr3	29000000	29010000	3.6856034283226498	29005000
chr3	29010000	29020000	4.254661847950933	29015000
chr3	29020000	29030000	2.901378331811688	29025000
chr3	29030000	29040000	1.0108900988390865	29035000
chr3	29040000	29050000	2.6206700111329813	29045000
chr3	29050000	29060000	1.9561728770621511	29055000
chr3	29060000	29070000	8.725972077061378	29065000
chr3	29070000	29080000	2.923154459021324	29075000
chr3	29080000	29090000	1.48638748338947	29085000
chr3	29090000	29100000	1.0132144800137541	29095000
chr3	29100000	29110000	1.6069398164515072	29105000
chr3	29110000	29120000	1.1889898885740255	29115000
chr3	29120000	29130000	1.0935086543752028	29125000
chr3	29130000	29140000	11.675500480717067	29135000
chr3	29140000	29150000	1.1497784221533704	29145000
chr3	29150000	29160000	0.726956862944485	29155000
chr3	29160000	29170000	0.6706844317163237	29165000
chr3	29170000	29180000	0.4577694488046862	29175000
chr3	29180000	29190000	0.3867216476923621	29185000
chr3	29190000	29200000	0.9598724530180301	29195000
chr3	29200000	29210000	0.5801456845896805	29205000
chr3	29210000	29220000	9.16670309768705	29215000
chr3	29220000	29230000	1.997276204514642	29225000
chr3	29230000	29240000	1.8201947182642497	29235000
chr3	29240000	29250000	6.951093444683797	29245000
chr3	29250000	29260000	1.2623531787879727	29255000
chr3	29260000	29270000	1.5257607535605286	29265000
chr3	29270000	29280000	0.6729631150637801	29275000
chr3	29280000	29290000	0.6051441808144599	29285000
chr3	29290000	29300000	0.6924795567686962	29295000
chr3	29300000	29310000	0.6571490867693411	29305000
chr3	29310000	29320000	0.4376688007548735	29315000
chr3	29320000	29330000	0.9723010965487539	29325000
chr3	29330000	29340000	1.1124951466003197	29335000
chr3	29340000	29350000	1.9068277789820627	29345000
chr3	29350000	29360000	7.138797622769031	29355000
chr3	29360000	29370000	1.589257110092722	29365000
chr3	29370000	29380000	6.073590806466936	29375000
chr3	29380000	29390000	4.469125501012753	29385000
chr3	29390000	29400000	1.3432603335307296	29395000
chr3	29400000	29410000	1.4712564174319858	29405000
chr3	29410000	29420000	1.338948329708878	29415000
chr3	29420000	29430000	1.939764520176495	29425000
chr3	29430000	29440000	3.0172403579641425	29435000
chr3	29440000	29450000	1.7283668640182743	29445000
chr3	29450000	29460000	2.135274301538201	29455000
chr3	29460000	29470000	2.062117016122066	29465000
chr3	29470000	29480000	3.5035672718894655	29475000
chr3	29480000	29490000	1.1293067936966612	29485000
chr3	29490000	29500000	2.199478803760754	29495000
chr3	29500000	29510000	1.1026313392272182	29505000
chr3	29510000	29520000	2.6154108557074403	29515000
chr3	29520000	29530000	1.1875778109342823	29525000
chr3	29530000	29540000	1.5168002181969331	29535000
chr3	29540000	29550000	1.9757203945553365	29545000
chr3	29550000	29560000	0.8856306620736492	29555000
chr3	29560000	29570000	5.021021739938759	29565000
chr3	29570000	29580000	3.201950773420281	29575000
chr3	29580000	29590000	2.572452058920875	29585000
chr3	29590000	29600000	1.4475153859594587	29595000
chr3	29600000	29610000	8.558843163061862	29605000
chr3	29610000	29620000	3.0901478270601226	29615000
chr3	29620000	29630000	1.922388950571798	29625000
chr3	29630000	29640000	2.6780006818141877	29635000
chr3	29640000	29650000	3.2389240228440985	29645000
chr3	29650000	29660000	1.093774827458944	29655000
chr3	29660000	29670000	1.1119807637845573	29665000
chr3	29670000	29680000	5.542671115632317	29675000
chr3	29680000	29690000	0.5758860195841514	29685000
chr3	29690000	29700000	1.0288714821115459	29695000
chr3	29700000	29710000	2.148315584448915	29705000
chr3	29710000	29720000	1.565115079021714	29715000
chr3	29720000	29730000	1.3766033322082776	29725000
chr3	29730000	29740000	1.7962983283764116	29735000
chr3	29740000	29750000	2.962017467026588	29745000
chr3	29750000	29760000	2.0008210680521428	29755000
chr3	29760000	29770000	2.7295446562297814	29765000
chr3	29770000	29780000	1.6237139471535442	29775000
chr3	29780000	29790000	1.4831451358818162	29785000
chr3	29790000	29800000	1.0365865952847209	29795000
chr3	29800000	29810000	1.056311324579554	29805000
chr3	29810000	29820000	2.2324411800635526	29815000
chr3	29820000	29830000	1.7662251047693076	29825000
chr3	29830000	29840000	1.454029717415287	29835000
chr3	29840000	29850000	0.800850884756136	29845000
chr3	29850000	29860000	0.6698321836595398	29855000
chr3	29860000	29870000	0.8193135029103006	29865000
chr3	29870000	29880000	0.82600688482271	29875000
chr3	29880000	29890000	0.4655166464871314	29885000
chr3	29890000	29900000	1.1302094173809656	29895000
chr3	29900000	29910000	1.0810355258785955	29905000
chr3	29910000	29920000	1.3601594785208628	29915000
chr3	29920000	29930000	1.514043799002157	29925000
chr3	29930000	29940000	3.3681301086383826	29935000
chr3	29940000	29950000	1.6516917018401553	29945000
chr3	29950000	29960000	1.5960164449639909	29955000
chr3	29960000	29970000	2.2028674411308167	29965000
chr3	29970000	29980000	5.80296302838244	29975000
chr3	29980000	29990000	3.508885624124692	29985000
chr3	29990000	30000000	1.8432612794799599	29995000
chr3	30000000	30010000	1.0153497111971461	30005000
chr3	30010000	30020000	2.563479622117972	30015000
chr3	30020000	30030000	4.947467823730858	30025000
chr3	30030000	30040000	3.5198027783666137	30035000
chr3	30040000	30050000	2.04171112590046	30045000
chr3	30050000	30060000	2.4116030941418023	30055000
chr3	30060000	30070000	1.8681843956145927	30065000
chr3	30070000	30080000	8.434128442752119	30075000
chr3	30080000	30090000	6.4640307798976435	30085000
chr3	30090000	30100000	3.489081152212703	30095000
chr3	30100000	30110000	3.1302049856483327	30105000
chr3	30110000	30120000	2.4764260162887353	30115000
chr3	30120000	30130000	3.4473898409613017	30125000
chr3	30130000	30140000	3.8891428277170754	30135000
chr3	30140000	30150000	3.507160245281855	30145000
chr3	30150000	30160000	2.123361064510305	30155000
chr3	30160000	30170000	1.3010676015274083	30165000
chr3	30170000	30180000	3.864706086678635	30175000
chr3	30180000	30190000	3.90665812801684	30185000
chr3	30190000	30200000	2.7685885086327278	30195000
chr3	30200000	30210000	2.140515980076179	30205000
chr3	30210000	30220000	4.384494285665701	30215000
chr3	30220000	30230000	3.721972004991203	30225000
chr3	30230000	30240000	3.843240207423497	30235000
chr3	30240000	30250000	2.7031660344441475	30245000
chr3	30250000	30260000	2.0173372474621414	30255000
chr3	30260000	30270000	3.0766839686471057	30265000
chr3	30270000	30280000	2.59054033430249	30275000
chr3	30280000	30290000	2.651162800930862	30285000
chr3	30290000	30300000	4.105073637628218	30295000
chr3	30300000	30310000	3.1202291426312785	30305000
chr3	30310000	30320000	3.2547306515074186	30315000
chr3	30320000	30330000	2.8205604379065017	30325000
chr3	30330000	30340000	1.7609735937673145	30335000
chr3	30340000	30350000	1.91715011285613	30345000
chr3	30350000	30360000	5.582908739593544	30355000
chr3	30360000	30370000	7.349084436749248	30365000
chr3	30370000	30380000	1.9030161841674522	30375000
chr3	30380000	30390000	1.1447918069587175	30385000
chr3	30390000	30400000	5.800706147493318	30395000
chr3	30400000	30410000	6.900950821289447	30405000
chr3	30410000	30420000	4.130312371254847	30415000
chr3	30420000	30430000	1.788450967201505	30425000
chr3	30430000	30440000	0.974761915979673	30435000
chr3	30440000	30450000	0.8701562242702777	30445000
chr3	30450000	30460000	3.4774238861179194	30455000
chr3	30460000	30470000	4.424411619845255	30465000
chr3	30470000	30480000	5.351739924614384	30475000
chr3	30480000	30490000	2.9748882014311198	30485000
chr3	30490000	30500000	1.5222066675400707	30495000
chr3	30500000	30510000	2.7147513937897227	30505000
chr3	30510000	30520000	1.8392827202189137	30515000
chr3	30520000	30530000	3.552825777744213	30525000
chr3	30530000	30540000	1.1605744814552001	30535000
chr3	30540000	30550000	1.1697294691124263	30545000
chr3	30550000	30560000	2.1249194608123663	30555000
chr3	30560000	30570000	5.5337091044157525	30565000
chr3	30570000	30580000	5.882598153516629	30575000
chr3	30580000	30590000	4.224890814668388	30585000
chr3	30590000	30600000	2.6719149638022124	30595000
chr3	30600000	30610000	2.7487031433143865	30605000
chr3	30610000	30620000	2.0534725270272047	30615000
chr3	30620000	30630000	1.5890126377253821	30625000
chr3	30630000	30640000	2.3937123157967406	30635000
chr3	30640000	30650000	2.0127574155966044	30645000
chr3	30650000	30660000	0.9162231599038465	30655000
chr3	30660000	30670000	1.7015452011098586	30665000
chr3	30670000	30680000	0.9223902531057907	30675000
chr3	30680000	30690000	1.113660202342165	30685000
chr3	30690000	30700000	1.1178780991466988	30695000
chr3	30700000	30710000	4.513182647081204	30705000
chr3	30710000	30720000	2.296854329173601	30715000
chr3	30720000	30730000	2.946048217005697	30725000
chr3	30730000	30740000	1.8332368577820546	30735000
chr3	30740000	30750000	4.054879678182484	30745000
chr3	30750000	30760000	2.2246596813705657	30755000
chr3	30760000	30770000	1.1200904595967605	30765000
chr3	30770000	30780000	1.26733668472124	30775000
chr3	30780000	30790000	2.425387238430078	30785000
chr3	30790000	30800000	1.3333545656122425	30795000
chr3	30800000	30810000	1.5889447845119342	30805000
chr3	30810000	30820000	1.718253202804914	30815000
chr3	30820000	30830000	1.0122201258545558	30825000
chr3	30830000	30840000	1.9085148408450616	30835000
chr3	30840000	30850000	2.9893196823718564	30845000
chr3	30850000	30860000	1.0057715943196965	30855000
chr3	30860000	30870000	1.365371999386362	30865000
chr3	30870000	30880000	1.416472378706715	30875000
chr3	30880000	30890000	2.273868032554791	30885000
chr3	30890000	30900000	1.0726588899640626	30895000
chr3	30900000	30910000	1.2164014605950944	30905000
chr3	30910000	30920000	2.50819669674557	30915000
chr3	30920000	30930000	2.5802594283180795	30925000
chr3	30930000	30940000	2.338515099200466	30935000
chr3	30940000	30950000	3.4906601223977867	30945000
chr3	30950000	30960000	5.977673186350398	30955000
chr3	30960000	30970000	3.682753181290755	30965000
chr3	30970000	30980000	5.8821625192058775	30975000
chr3	30980000	30990000	4.046373159736953	30985000
chr3	30990000	31000000	2.6893642383438903	30995000
chr3	31000000	31010000	3.233819573227336	31005000
chr3	31010000	31020000	1.6875555864974596	31015000
chr3	31020000	31030000	0.8998008270734873	31025000
chr3	31030000	31040000	1.5465422911480804	31035000
chr3	31040000	31050000	1.0722187655913018	31045000
chr3	31050000	31060000	1.0480953615736903	31055000
chr3	31060000	31070000	1.2155755329853324	31065000
chr3	31070000	31080000	0.6223280971699542	31075000
chr3	31080000	31090000	0.6450158690737035	31085000
chr3	31090000	31100000	1.1474364408336886	31095000
chr3	31100000	31110000	1.8811224831539084	31105000
chr3	31110000	31120000	6.681999600476184	31115000
chr3	31120000	31130000	2.110666918814781	31125000
chr3	31130000	31140000	7.997618562250382	31135000
chr3	31140000	31150000	5.0988148474307655	31145000
chr3	31150000	31160000	5.526578127774824	31155000
chr3	31160000	31170000	1.289716097906443	31165000
chr3	31170000	31180000	3.828750036524368	31175000
chr3	31180000	31190000	4.488416734242665	31185000
chr3	31190000	31200000	4.451048183301591	31195000
chr3	31200000	31210000	2.1970122484192895	31205000
chr3	31210000	31220000	2.0976451330824637	31215000
chr3	31220000	31230000	2.224982110349395	31225000
chr3	31230000	31240000	1.2462893439458107	31235000
chr3	31240000	31250000	1.1910516404177152	31245000
chr3	31250000	31260000	0.755542470005923	31255000
chr3	31260000	31270000	0.6532926897297588	31265000
chr3	31270000	31280000	0.7801620646192531	31275000
chr3	31280000	31290000	4.995003490090297	31285000
chr3	31290000	31300000	1.188443732993153	31295000
chr3	31300000	31310000	0.9019908993200059	31305000
chr3	31310000	31320000	1.098993173942191	31315000
chr3	31320000	31330000	0.4336290792186072	31325000
chr3	31330000	31340000	0.35834920323568853	31335000
chr3	31340000	31350000	1.9911659561382844	31345000
chr3	31350000	31360000	2.1070436182664283	31355000
chr3	31360000	31370000	1.584706407812573	31365000
chr3	31370000	31380000	7.816200164778472	31375000
chr3	31380000	31390000	3.1913822637574847	31385000
chr3	31390000	31400000	1.7369705315727386	31395000
chr3	31400000	31410000	2.579560426518797	31405000
chr3	31410000	31420000	1.7742585237676647	31415000
chr3	31420000	31430000	1.6396777531595172	31425000
chr3	31430000	31440000	4.286821229538444	31435000
chr3	31440000	31450000	0.3943106618471405	31445000
chr3	31450000	31460000	1.4530720620254425	31455000
chr3	31460000	31470000	1.7069341391795392	31465000
chr3	31470000	31480000	2.086632358265643	31475000
chr3	31480000	31490000	10.798622730368512	31485000
chr3	31490000	31500000	4.474763773236395	31495000
chr3	31500000	31510000	3.6346663081129855	31505000
chr3	31510000	31520000	8.935173299227197	31515000
chr3	31520000	31530000	4.326605112573513	31525000
chr3	31530000	31540000	1.3452064772912409	31535000
chr3	31540000	31550000	2.6678879562235815	31545000
chr3	31550000	31560000	3.579251876274804	31555000
chr3	31560000	31570000	3.1036034043791827	31565000
chr3	31570000	31580000	2.68649014016912	31575000
chr3	31580000	31590000	2.165947160217905	31585000
chr3	31590000	31600000	2.5052185359919528	31595000
chr3	31600000	31610000	2.86914169618241	31605000
chr3	31610000	31620000	1.804038330380912	31615000
chr3	31620000	31630000	2.0643185737808745	31625000
chr3	31630000	31640000	1.2977267864569006	31635000
chr3	31640000	31650000	1.672666654147925	31645000
chr3	31650000	31660000	2.235126576848558	31655000
chr3	31660000	31670000	2.481262361532633	31665000
chr3	31670000	31680000	2.0669303210674372	31675000
chr3	31680000	31690000	3.462924873849201	31685000
chr3	31690000	31700000	2.594593168622509	31695000
chr3	31700000	31710000	2.207861495722457	31705000
chr3	31710000	31720000	1.8688970810082863	31715000
chr3	31720000	31730000	1.650716040563678	31725000
chr3	31730000	31740000	1.832048885478759	31735000
chr3	31740000	31750000	1.3626918399941217	31745000
chr3	31750000	31760000	1.5211807827946073	31755000
chr3	31760000	31770000	1.91046220797457	31765000
chr3	31770000	31780000	2.217174831856004	31775000
chr3	31780000	31790000	2.1120759997795115	31785000
chr3	31790000	31800000	4.191246745278242	31795000
chr3	31800000	31810000	2.3838294446139807	31805000
chr3	31810000	31820000	2.094218031522393	31815000
chr3	31820000	31830000	2.3892009219712325	31825000
chr3	31830000	31840000	4.2317036969158455	31835000
chr3	31840000	31850000	2.4040544669055595	31845000
chr3	31850000	31860000	4.744052450210987	31855000
chr3	31860000	31870000	2.6181891103775436	31865000
chr3	31870000	31880000	2.3333246433144805	31875000
chr3	31880000	31890000	3.551817873199425	31885000
chr3	31890000	31900000	2.9835226834415214	31895000
chr3	31900000	31910000	1.9797552003401522	31905000
chr3	31910000	31920000	2.4930105772675644	31915000
chr3	31920000	31930000	2.3520403957060285	31925000
chr3	31930000	31940000	9.652192651179895	31935000
chr3	31940000	31950000	1.248197689350611	31945000
chr3	31950000	31960000	0.6154947842399618	31955000
chr3	31960000	31970000	4.902847499973936	31965000
chr3	31970000	31980000	0.19920604878543222	31975000
chr3	31980000	31990000	0.3462621373791135	31985000
chr3	31990000	32000000	1.48516404947739	31995000
chr3	32000000	32010000	1.590489284762767	32005000
chr3	32010000	32020000	0.8672117166843881	32015000
chr3	32020000	32030000	0.771166005411008	32025000
chr3	32030000	32040000	1.535861976638333	32035000
chr3	32040000	32050000	3.4604808164251057	32045000
chr3	32050000	32060000	2.184559313450367	32055000
chr3	32060000	32070000	3.322707414951747	32065000
chr3	32070000	32080000	3.0333276620667355	32075000
chr3	32080000	32090000	2.136072694398408	32085000
chr3	32090000	32100000	2.296439415666686	32095000
chr3	32100000	32110000	2.540079692672158	32105000
chr3	32110000	32120000	2.652457950756612	32115000
chr3	32120000	32130000	4.282030293183316	32125000
chr3	32130000	32140000	4.520792178213579	32135000
chr3	32140000	32150000	3.397978116906465	32145000
chr3	32150000	32160000	3.4274020083161414	32155000
chr3	32160000	32170000	3.610111534996949	32165000
chr3	32170000	32180000	3.7563709636890437	32175000
chr3	32180000	32190000	4.090437221846856	32185000
chr3	32190000	32200000	3.2644949421922655	32195000
chr3	32200000	32210000	2.072031249396875	32205000
chr3	32210000	32220000	2.137591194395687	32215000
chr3	32220000	32230000	2.6202641924571433	32225000
chr3	32230000	32240000	1.2303547037657374	32235000
chr3	32240000	32250000	1.9018862106740613	32245000
chr3	32250000	32260000	5.4019880548525885	32255000
chr3	32260000	32270000	3.7910988344985412	32265000
chr3	32270000	32280000	4.619086986046254	32275000
chr3	32280000	32290000	2.0790905296083992	32285000
chr3	32290000	32300000	2.8606868214500873	32295000
chr3	32300000	32310000	2.817090975781148	32305000
chr3	32310000	32320000	9.513871741233515	32315000
chr3	32320000	32330000	3.0997002199720316	32325000
chr3	32330000	32340000	6.90678873003622	32335000
chr3	32340000	32350000	1.4810155812921997	32345000
chr3	32350000	32360000	1.8729560611602694	32355000
chr3	32360000	32370000	1.0353784316937196	32365000
chr3	32370000	32380000	1.5594214128776838	32375000
chr3	32380000	32390000	0.9599661184138529	32385000
chr3	32390000	32400000	0.6010715847624156	32395000
chr3	32400000	32410000	0.8015502017803308	32405000
chr3	32410000	32420000	0.49335265901621045	32415000
chr3	32420000	32430000	0.5227236496124342	32425000
chr3	32430000	32440000	0.6847695002744296	32435000
chr3	32440000	32450000	7.131734443279973	32445000
chr3	32450000	32460000	2.3892579741649573	32455000
chr3	32460000	32470000	2.07473865332604	32465000
chr3	32470000	32480000	3.9987121573480495	32475000
chr3	32480000	32490000	9.15657577247153	32485000
chr3	32490000	32500000	3.711186344281053	32495000
chr3	32500000	32510000	1.8993015311344543	32505000
chr3	32510000	32520000	2.8458863829539927	32515000
chr3	32520000	32530000	4.203687835810223	32525000
chr3	32530000	32540000	1.5984075677989666	32535000
chr3	32540000	32550000	0.9238279690444707	32545000
chr3	32550000	32560000	4.886850214712718	32555000
chr3	32570000	32580000	8.602617785227576	32575000
chr3	32580000	32590000	3.7934745507569843	32585000
chr3	32590000	32600000	2.4036368690309597	32595000
chr3	32600000	32610000	1.3938990950898276	32605000
chr3	32610000	32620000	5.633492085165774	32615000
chr3	32620000	32630000	5.172760558413396	32625000
chr3	32630000	32640000	3.562945358723164	32635000
chr3	32640000	32650000	1.6606406687075226	32645000
chr3	32650000	32660000	3.1729061746097234	32655000
chr3	32660000	32670000	6.504925766957998	32665000
chr3	32670000	32680000	7.849279828070384	32675000
chr3	32680000	32690000	10.164922992334924	32685000
chr3	32690000	32700000	7.752719365898368	32695000
chr3	32700000	32710000	2.1485140777481067	32705000
chr3	32710000	32720000	2.1559631336927065	32715000
chr3	32720000	32730000	3.5763594024164203	32725000
chr3	32730000	32740000	4.916282804264958	32735000
chr3	32740000	32750000	2.4001547489105715	32745000
chr3	32750000	32760000	2.040736050887835	32755000
chr3	32760000	32770000	1.3520309465309832	32765000
chr3	32770000	32780000	3.625412480097737	32775000
chr3	32780000	32790000	0.7686403816940052	32785000
chr3	32790000	32800000	1.2911511030009608	32795000
chr3	32800000	32810000	0.8454773405040644	32805000
chr3	32810000	32820000	0.809297613895266	32815000
chr3	32820000	32830000	1.013717939254506	32825000
chr3	32830000	32840000	1.5949448572858578	32835000
chr3	32840000	32850000	0.9398110732746927	32845000
chr3	32850000	32860000	7.523794208678673	32855000
chr3	32860000	32870000	2.511779777847128	32865000
chr3	32870000	32880000	2.295538349670494	32875000
chr3	32880000	32890000	1.0182110358677903	32885000
chr3	32890000	32900000	0.5878954752660284	32895000
chr3	32900000	32910000	0.43790159887789754	32905000
chr3	32910000	32920000	0.47292453370793924	32915000
chr3	32920000	32930000	1.1470987823012118	32925000
chr3	32930000	32940000	1.0904471652995396	32935000
chr3	32940000	32950000	3.9420559110899607	32945000
chr3	32950000	32960000	5.144933777704902	32955000
chr3	32960000	32970000	4.154979580808728	32965000
chr3	32970000	32980000	3.6065384443314796	32975000
chr3	32980000	32990000	4.088286506100035	32985000
chr3	32990000	33000000	4.757089817397276	32995000
chr3	33000000	33010000	2.352307428441408	33005000
chr3	33010000	33020000	1.6975842717986707	33015000
chr3	33020000	33030000	4.218079723275106	33025000
chr3	33030000	33040000	3.8335618180795468	33035000
chr3	33040000	33050000	2.8320444135878353	33045000
chr3	33050000	33060000	3.127312075451903	33055000
chr3	33060000	33070000	4.227441427845097	33065000
chr3	33070000	33080000	3.0036954100356934	33075000
chr3	33080000	33090000	1.944466059250222	33085000
chr3	33090000	33100000	2.615185033822038	33095000
chr3	33100000	33110000	0.7247086276459441	33105000
chr3	33110000	33120000	2.212541649440713	33115000
chr3	33120000	33130000	5.743891766568125	33125000
chr3	33130000	33140000	3.5680335473051166	33135000
chr3	33140000	33150000	3.762375956279937	33145000
chr3	33150000	33160000	2.731483427217057	33155000
chr3	33160000	33170000	2.889946851772707	33165000
chr3	33170000	33180000	2.590357537691705	33175000
chr3	33180000	33190000	2.3007027945943013	33185000
chr3	33190000	33200000	1.6061147970541712	33195000
chr3	33200000	33210000	1.351548130467267	33205000
chr3	33210000	33220000	1.850992094276904	33215000
chr3	33220000	33230000	2.044120639915547	33225000
chr3	33230000	33240000	2.6154678286059574	33235000
chr3	33240000	33250000	2.0246311360855564	33245000
chr3	33250000	33260000	2.188850231615517	33255000
chr3	33260000	33270000	2.481570236989661	33265000
chr3	33270000	33280000	3.009190303888887	33275000
chr3	33280000	33290000	1.5258012868742545	33285000
chr3	33290000	33300000	3.1748904254486883	33295000
chr3	33300000	33310000	3.3532006269016885	33305000
chr3	33310000	33320000	2.428314012326732	33315000
chr3	33320000	33330000	2.052605911820441	33325000
chr3	33330000	33340000	1.3188236535280309	33335000
chr3	33340000	33350000	2.1981140643358708	33345000
chr3	33350000	33360000	4.215139033966805	33355000
chr3	33360000	33370000	6.758852721160447	33365000
chr3	33370000	33380000	8.333651377704102	33375000
chr3	33380000	33390000	4.4531069659556355	33385000
chr3	33390000	33400000	4.431149807515518	33395000
chr3	33400000	33410000	2.6691555350302782	33405000
chr3	33410000	33420000	4.638352795694885	33415000
chr3	33420000	33430000	3.103387745586079	33425000
chr3	33430000	33440000	2.6204856883015255	33435000
chr3	33440000	33450000	1.4774976162734492	33445000
chr3	33450000	33460000	2.245299401265845	33455000
chr3	33460000	33470000	2.308637035459669	33465000
chr3	33470000	33480000	4.747692259992982	33475000
chr3	33480000	33490000	4.634539156526364	33485000
chr3	33490000	33500000	4.526936044229393	33495000
chr3	33500000	33510000	3.274650743051053	33505000
chr3	33510000	33520000	6.7405725735588	33515000
chr3	33520000	33530000	13.842541318088742	33525000
chr3	33530000	33540000	2.7073985099163336	33535000
chr3	33540000	33550000	4.306831058482188	33545000
chr3	33550000	33560000	9.760360944522615	33555000
chr3	33560000	33570000	3.159533766924607	33565000
chr3	33570000	33580000	4.220547341613509	33575000
chr3	33580000	33590000	3.0706223475570225	33585000
chr3	33590000	33600000	3.772019002029208	33595000
chr3	33600000	33610000	2.969265675101549	33605000
chr3	33610000	33620000	3.288931585702545	33615000
chr3	33620000	33630000	9.19115766324305	33625000
chr3	33630000	33640000	4.011796252000226	33635000
chr3	33640000	33650000	4.665910738606856	33645000
chr3	33650000	33660000	6.544522588282098	33655000
chr3	33660000	33670000	3.5443494693572672	33665000
chr3	33670000	33680000	0.8075431964565806	33675000
chr3	33680000	33690000	0.34903575245472723	33685000
chr3	33690000	33700000	0.7673839255643855	33695000
chr3	33700000	33710000	1.1302811860883852	33705000
chr3	33710000	33720000	1.339428828563835	33715000
chr3	33720000	33730000	4.233864647198868	33725000
chr3	33730000	33740000	2.2136747932746803	33735000
chr3	33740000	33750000	1.0197282994990244	33745000
chr3	33750000	33760000	6.0563741240170685	33755000
chr3	33760000	33770000	4.099821593589637	33765000
chr3	33770000	33780000	4.159828198738686	33775000
chr3	33780000	33790000	3.929097252528088	33785000
chr3	33790000	33800000	3.8038515208179153	33795000
chr3	33800000	33810000	4.460623219796476	33805000
chr3	33810000	33820000	9.892773532741826	33815000
chr3	33820000	33830000	10.051005511402554	33825000
chr3	33830000	33840000	4.713206722035103	33835000
chr3	33840000	33850000	5.928769112616375	33845000
chr3	33850000	33860000	6.554821456868406	33855000
chr3	33860000	33870000	6.0991327601156575	33865000
chr3	33870000	33880000	11.707730847303955	33875000
chr3	33880000	33890000	10.927312567977985	33885000
chr3	33890000	33900000	5.912338410270448	33895000
chr3	33900000	33910000	3.603177759341112	33905000
chr3	33910000	33920000	1.3964253395385016	33915000
chr3	33920000	33930000	1.6985863829899936	33925000
chr3	33930000	33940000	1.9108280738906078	33935000
chr3	33940000	33950000	2.2301482523314484	33945000
chr3	33950000	33960000	2.0546065227681365	33955000
chr3	33960000	33970000	1.3443767538120517	33965000
chr3	33970000	33980000	1.6256327783757543	33975000
chr3	33980000	33990000	1.3832691245918833	33985000
chr3	33990000	34000000	15.323168498449736	33995000
chr3	34000000	34010000	4.830246878446449	34005000
chr3	34010000	34020000	3.3399132349848166	34015000
chr3	34020000	34030000	1.3519736052997988	34025000
chr3	34030000	34040000	1.4702300687715493	34035000
chr3	34040000	34050000	1.2921204883440194	34045000
chr3	34050000	34060000	2.769465385111068	34055000
chr3	34060000	34070000	26.16221976421851	34065000
chr3	34070000	34080000	5.686765470194946	34075000
chr3	34080000	34090000	4.687704222045455	34085000
chr3	34090000	34100000	3.096280147411995	34095000
chr3	34100000	34110000	3.7354802107231198	34105000
chr3	34110000	34120000	2.0396900823978577	34115000
chr3	34120000	34130000	1.3289808009399107	34125000
chr3	34130000	34140000	1.7373401750497295	34135000
chr3	34140000	34150000	3.022357553056562	34145000
chr3	34150000	34160000	1.4455021393664045	34155000
chr3	34160000	34170000	1.3748319039428474	34165000
chr3	34170000	34180000	2.445462518994452	34175000
chr3	34180000	34190000	3.062138563938034	34185000
chr3	34190000	34200000	6.742389667435859	34195000
chr3	34200000	34210000	5.741026283433143	34205000
chr3	34210000	34220000	3.203121663486641	34215000
chr3	34220000	34230000	11.424347308682202	34225000
chr3	34230000	34240000	7.089249705164539	34235000
chr3	34240000	34250000	3.428058559234817	34245000
chr3	34250000	34260000	4.870069108002553	34255000
chr3	34260000	34270000	17.806806494263995	34265000
chr3	34270000	34280000	10.013393988433409	34275000
chr3	34280000	34290000	7.347308631811568	34285000
chr3	34290000	34300000	5.817270555158279	34295000
chr3	34300000	34310000	5.5806702619261195	34305000
chr3	34310000	34320000	6.595565096440833	34315000
chr3	34320000	34330000	3.354268181791443	34325000
chr3	34330000	34340000	6.221397152532988	34335000
chr3	34340000	34350000	10.232050695665777	34345000
chr3	34350000	34360000	7.1410419569506836	34355000
chr3	34360000	34370000	3.8195530423056927	34365000
chr3	34370000	34380000	7.837441403541478	34375000
chr3	34380000	34390000	3.9532575872319526	34385000
chr3	34390000	34400000	7.810245681972895	34395000
chr3	34400000	34410000	14.767661240937189	34405000
chr3	34410000	34420000	2.320563094814077	34415000
chr3	34420000	34430000	1.8837352722970406	34425000
chr3	34430000	34440000	4.611894642155063	34435000
chr3	34440000	34450000	3.7680068172687946	34445000
chr3	34450000	34460000	14.924278034774241	34455000
chr3	34460000	34470000	4.151990769942699	34465000
chr3	34470000	34480000	3.7344417486025616	34475000
chr3	34480000	34490000	2.300230192971794	34485000
chr3	34490000	34500000	0.8920265031596456	34495000
chr3	34500000	34510000	1.1573783382992615	34505000
chr3	34510000	34520000	1.0442657539761981	34515000
chr3	34520000	34530000	12.093301159146295	34525000
chr3	34530000	34540000	6.513987596157053	34535000
chr3	34540000	34550000	6.433641452638715	34545000
chr3	34550000	34560000	4.626336837805068	34555000
chr3	34560000	34570000	2.5160113098792594	34565000
chr3	34570000	34580000	3.6331533173571047	34575000
chr3	34580000	34590000	5.07393999642534	34585000
chr3	34590000	34600000	11.223236044846931	34595000
chr3	34600000	34610000	7.115580337738996	34605000
chr3	34610000	34620000	5.232391466054427	34615000
chr3	34620000	34630000	3.447458005406246	34625000
chr3	34630000	34640000	5.578082291587205	34635000
chr3	34640000	34650000	6.4077028229233015	34645000
chr3	34650000	34660000	7.020854570230533	34655000
chr3	34660000	34670000	7.910324086690039	34665000
chr3	34670000	34680000	4.925705844392049	34675000
chr3	34680000	34690000	2.907732133771478	34685000
chr3	34690000	34700000	4.729278039367578	34695000
chr3	34700000	34710000	5.8028062273083165	34705000
chr3	34710000	34720000	2.6534021743592366	34715000
chr3	34720000	34730000	1.7628520778159658	34725000
chr3	34730000	34740000	3.563516524414909	34735000
chr3	34740000	34750000	6.693657518538047	34745000
chr3	34750000	34760000	27.095857104586155	34755000
chr3	34760000	34770000	11.700891200844127	34765000
chr3	34770000	34780000	2.370157259356308	34775000
chr3	34780000	34790000	2.920106624719686	34785000
chr3	34790000	34800000	2.5450403257901244	34795000
chr3	34800000	34810000	3.0627653049472903	34805000
chr3	34810000	34820000	16.992092540277177	34815000
chr3	34820000	34830000	3.011205522583934	34825000
chr3	34830000	34840000	2.0032337910254214	34835000
chr3	34840000	34850000	3.8039867304186044	34845000
chr3	34850000	34860000	3.5425096336108846	34855000
chr3	34860000	34870000	5.9600830460153045	34865000
chr3	34870000	34880000	8.792277623390278	34875000
chr3	34880000	34890000	7.3718256285867225	34885000
chr3	34890000	34900000	6.277235509228264	34895000
chr3	34900000	34910000	6.360627540576254	34905000
chr3	34910000	34920000	3.9149915189890283	34915000
chr3	34920000	34930000	5.086417795983525	34925000
chr3	34930000	34940000	2.3008886752768793	34935000
chr3	34940000	34950000	1.9998910305344748	34945000
chr3	34950000	34960000	3.089930213784424	34955000
chr3	34960000	34970000	3.9240575214703868	34965000
chr3	34970000	34980000	2.235337319318614	34975000
chr3	34980000	34990000	3.696973996029061	34985000
chr3	34990000	35000000	9.255078641216386	34995000
chr3	35000000	35010000	7.027437171544094	35005000
chr3	35010000	35020000	3.7562797460013946	35015000
chr3	35020000	35030000	3.605664294594574	35025000
chr3	35030000	35040000	2.801985450755363	35035000
chr3	35040000	35050000	2.3270037979610936	35045000
chr3	35050000	35060000	2.6407163507296434	35055000
chr3	35060000	35070000	2.4475001281418645	35065000
chr3	35070000	35080000	18.420519884936596	35075000
chr3	35080000	35090000	1.201757219822371	35085000
chr3	35090000	35100000	0.8677017411680431	35095000
chr3	35100000	35110000	1.6941928147016476	35105000
chr3	35110000	35120000	5.649410364821529	35115000
chr3	35120000	35130000	1.8250989010980152	35125000
chr3	35130000	35140000	6.709445481243159	35135000
chr3	35140000	35150000	8.412093450064859	35145000
chr3	35150000	35160000	4.398515643073777	35155000
chr3	35160000	35170000	1.3222057381358836	35165000
chr3	35170000	35180000	2.362025417315262	35175000
chr3	35180000	35190000	2.9395442135405077	35185000
chr3	35190000	35200000	3.6444111323289534	35195000
chr3	35200000	35210000	3.605686059266028	35205000
chr3	35210000	35220000	7.012085243336012	35215000
chr3	35220000	35230000	4.870576252404191	35225000
chr3	35230000	35240000	7.443621376020685	35235000
chr3	35240000	35250000	2.683810109303269	35245000
chr3	35250000	35260000	3.925889088208257	35255000
chr3	35260000	35270000	4.487019776515177	35265000
chr3	35270000	35280000	2.8791257381745368	35275000
chr3	35280000	35290000	6.396808205636932	35285000
chr3	35290000	35300000	4.016852050866356	35295000
chr3	35300000	35310000	3.5718315038037574	35305000
chr3	35310000	35320000	4.89113980139783	35315000
chr3	35320000	35330000	3.7809698751271634	35325000
chr3	35330000	35340000	7.289755776914929	35335000
chr3	35340000	35350000	8.781256228096215	35345000
chr3	35350000	35360000	4.269620803427753	35355000
chr3	35360000	35370000	3.830765710986376	35365000
chr3	35370000	35380000	3.2675008526753597	35375000
chr3	35380000	35390000	3.260667501827785	35385000
chr3	35390000	35400000	5.361600344572226	35395000
chr3	35400000	35410000	2.4546052867534165	35405000
chr3	35410000	35420000	2.9701161168024406	35415000
chr3	35420000	35430000	7.184237655490197	35425000
chr3	35430000	35440000	2.6805997236326045	35435000
chr3	35440000	35450000	0.9291364820305488	35445000
chr3	35450000	35460000	0.7893466230214432	35455000
chr3	35460000	35470000	0.6553409727617405	35465000
chr3	35470000	35480000	0.6616245004034873	35475000
chr3	35480000	35490000	1.701813503798738	35485000
chr3	35490000	35500000	3.068114274638872	35495000
chr3	35500000	35510000	12.20019769347507	35505000
chr3	35510000	35520000	1.1853830959639096	35515000
chr3	35520000	35530000	6.68024681568972	35525000
chr3	35530000	35540000	3.1403336109819597	35535000
chr3	35540000	35550000	4.256536099373559	35545000
chr3	35550000	35560000	1.9906295134934981	35555000
chr3	35560000	35570000	3.564689632120396	35565000
chr3	35570000	35580000	4.0414848868763515	35575000
chr3	35580000	35590000	3.9765896477552776	35585000
chr3	35590000	35600000	13.534740231547577	35595000
chr3	35600000	35610000	2.1865452446204063	35605000
chr3	35610000	35620000	2.070749329215699	35615000
chr3	35620000	35630000	2.942644720264632	35625000
chr3	35630000	35640000	1.5244578431108677	35635000
chr3	35640000	35650000	5.886921795149807	35645000
chr3	35650000	35660000	5.403834969501152	35655000
chr3	35660000	35670000	2.177438063182819	35665000
chr3	35670000	35680000	1.5408222222641643	35675000
chr3	35680000	35690000	4.888850137417943	35685000
chr3	35690000	35700000	2.4836867661637942	35695000
chr3	35700000	35710000	1.5662786647853062	35705000
chr3	35710000	35720000	1.8703033104894422	35715000
chr3	35720000	35730000	5.307978205418437	35725000
chr3	35730000	35740000	5.481604401721437	35735000
chr3	35740000	35750000	4.551468396221005	35745000
chr3	35750000	35760000	4.688765556321532	35755000
chr3	35760000	35770000	6.4194193172931495	35765000
chr3	35770000	35780000	4.041171354152353	35775000
chr3	35780000	35790000	4.082622990456233	35785000
chr3	35790000	35800000	6.256199705880083	35795000
chr3	35800000	35810000	4.92890069729432	35805000
chr3	35810000	35820000	2.963188719163123	35815000
chr3	35820000	35830000	2.740222041121235	35825000
chr3	35830000	35840000	6.660320854388054	35835000
chr3	35840000	35850000	2.2116423199202995	35845000
chr3	35850000	35860000	10.684165154609344	35855000
chr3	35860000	35870000	6.175688040379316	35865000
chr3	35870000	35880000	6.612710679040665	35875000
chr3	35880000	35890000	3.739912384823654	35885000
chr3	35890000	35900000	1.9572181422814818	35895000
chr3	35900000	35910000	3.459571891405303	35905000
chr3	35910000	35920000	2.5133898072794354	35915000
chr3	35920000	35930000	1.067852357888346	35925000
chr3	35930000	35940000	2.5687979588468504	35935000
chr3	35940000	35950000	10.30247882967329	35945000
chr3	35950000	35960000	5.096044166623051	35955000
chr3	35960000	35970000	4.773158899976728	35965000
chr3	35970000	35980000	3.3155869300269583	35975000
chr3	35980000	35990000	2.0209465441518586	35985000
chr3	35990000	36000000	1.5245013481727958	35995000
chr3	36000000	36010000	0.8373960781489354	36005000
chr3	36010000	36020000	0.7504037939270303	36015000
chr3	36020000	36030000	0.6787580023739044	36025000
chr3	36030000	36040000	0.6837277338594189	36035000
chr3	36040000	36050000	0.7526826007468918	36045000
chr3	36050000	36060000	0.8175561604720172	36055000
chr3	36060000	36070000	0.7467090020349804	36065000
chr3	36070000	36080000	0.4193351296061816	36075000
chr3	36080000	36090000	0.6045000520255793	36085000
chr3	36090000	36100000	1.046187694811545	36095000
chr3	36100000	36110000	0.8410635619335092	36105000
chr3	36110000	36120000	1.423260058424428	36115000
chr3	36120000	36130000	1.942001925636297	36125000
chr3	36130000	36140000	0.8200093563306592	36135000
chr3	36140000	36150000	4.632267826844049	36145000
chr3	36150000	36160000	2.16618826826322	36155000
chr3	36160000	36170000	3.142563048456907	36165000
chr3	36170000	36180000	4.447802760560655	36175000
chr3	36180000	36190000	2.9004570214219902	36185000
chr3	36190000	36200000	7.683183657283178	36195000
chr3	36200000	36210000	0.9253472995050953	36205000
chr3	36210000	36220000	2.4138115212409477	36215000
chr3	36220000	36230000	9.749624349219541	36225000
chr3	36230000	36240000	1.4685124882645362	36235000
chr3	36240000	36250000	3.8233229075848243	36245000
chr3	36250000	36260000	5.210380999229913	36255000
chr3	36260000	36270000	3.982170164208419	36265000
chr3	36270000	36280000	6.743847594628124	36275000
chr3	36280000	36290000	8.239909408617265	36285000
chr3	36290000	36300000	11.933037475184191	36295000
chr3	36300000	36310000	1.6281032364314862	36305000
chr3	36310000	36320000	0.8760029020285919	36315000
chr3	36320000	36330000	5.4757969831005475	36325000
chr3	36330000	36340000	0.7815657656136877	36335000
chr3	36340000	36350000	1.2999810602659838	36345000
chr3	36350000	36360000	5.897730599117911	36355000
chr3	36360000	36370000	5.257052773756355	36365000
chr3	36370000	36380000	2.413351472606966	36375000
chr3	36380000	36390000	2.8189045853991326	36385000
chr3	36390000	36400000	4.232732536587173	36395000
chr3	36400000	36410000	2.1685681847556046	36405000
chr3	36410000	36420000	6.452506754632063	36415000
chr3	36420000	36430000	6.930192379956737	36425000
chr3	36430000	36440000	2.980148925811235	36435000
chr3	36440000	36450000	6.705735565889959	36445000
chr3	36450000	36460000	9.408598228919669	36455000
chr3	36460000	36470000	1.2817831188579878	36465000
chr3	36470000	36480000	1.710350032629593	36475000
chr3	36480000	36490000	1.5878625198858252	36485000
chr3	36490000	36500000	2.700023100525761	36495000
chr3	36500000	36510000	2.3643710381605034	36505000
chr3	36510000	36520000	2.010895881010645	36515000
chr3	36520000	36530000	1.3895344592449823	36525000
chr3	36530000	36540000	2.770296669449489	36535000
chr3	36540000	36550000	7.836697933616356	36545000
chr3	36550000	36560000	0.5219658554907936	36555000
chr3	36560000	36570000	1.1369979388785625	36565000
chr3	36570000	36580000	6.336320618222441	36575000
chr3	36580000	36590000	4.013421301201199	36585000
chr3	36590000	36600000	2.9878292699010913	36595000
chr3	36600000	36610000	3.8490765319169276	36605000
chr3	36610000	36620000	4.2633091288985705	36615000
chr3	36620000	36630000	2.608446925151022	36625000
chr3	36630000	36640000	3.4229597291532525	36635000
chr3	36640000	36650000	3.230300715935311	36645000
chr3	36650000	36660000	5.4248551198978445	36655000
chr3	36660000	36670000	3.1325396898271274	36665000
chr3	36670000	36680000	3.829008295173918	36675000
chr3	36680000	36690000	2.414249149723397	36685000
chr3	36690000	36700000	3.339796536638576	36695000
chr3	36700000	36710000	2.4773089405447895	36705000
chr3	36710000	36720000	3.053956932873147	36715000
chr3	36720000	36730000	2.675953850034452	36725000
chr3	36730000	36740000	4.1475618904923035	36735000
chr3	36740000	36750000	1.9543663328511849	36745000
chr3	36750000	36760000	1.3854008337848351	36755000
chr3	36760000	36770000	2.377016526091459	36765000
chr3	36770000	36780000	10.971322645314638	36775000
chr3	36780000	36790000	2.368800635869994	36785000
chr3	36790000	36800000	2.3133160728896978	36795000
chr3	36800000	36810000	7.247040689569593	36805000
chr3	36810000	36820000	4.342675659569681	36815000
chr3	36820000	36830000	5.307305139542778	36825000
chr3	36830000	36840000	3.3956610409797303	36835000
chr3	36840000	36850000	7.881634175654632	36845000
chr3	36850000	36860000	6.465088226242911	36855000
chr3	36860000	36870000	1.956556550294068	36865000
chr3	36870000	36880000	0.9879166976473208	36875000
chr3	36880000	36890000	1.3239133671209582	36885000
chr3	36890000	36900000	0.9921631638085221	36895000
chr3	36900000	36910000	0.9977306949433088	36905000
chr3	36910000	36920000	9.74850782247873	36915000
chr3	36920000	36930000	2.008062384055445	36925000
chr3	36930000	36940000	2.580872337355121	36935000
chr3	36940000	36950000	1.2358679338799015	36945000
chr3	36950000	36960000	1.9231193223968017	36955000
chr3	36960000	36970000	1.7508803101386838	36965000
chr3	36970000	36980000	5.058220494251423	36975000
chr3	36980000	36990000	3.5641765442863136	36985000
chr3	36990000	37000000	3.941260194046979	36995000
chr3	37000000	37010000	5.897073661824941	37005000
chr3	37010000	37020000	4.507901810704807	37015000
chr3	37020000	37030000	3.8564287753210578	37025000
chr3	37030000	37040000	3.7525592038669613	37035000
chr3	37040000	37050000	3.573686152698323	37045000
chr3	37050000	37060000	5.644437198470456	37055000
chr3	37060000	37070000	3.4420783130456605	37065000
chr3	37070000	37080000	3.1867795275909634	37075000
chr3	37080000	37090000	1.5824774649872586	37085000
chr3	37090000	37100000	0.8023509781373156	37095000
chr3	37100000	37110000	1.4289218386088272	37105000
chr3	37110000	37120000	1.6996042660086266	37115000
chr3	37120000	37130000	1.961942056287321	37125000
chr3	37130000	37140000	1.812731057453928	37135000
chr3	37140000	37150000	4.054048818015871	37145000
chr3	37150000	37160000	0.9553562187671736	37155000
chr3	37160000	37170000	0.9150999428889341	37165000
chr3	37170000	37180000	2.4604665752483816	37175000
chr3	37180000	37190000	1.8203887872032023	37185000
chr3	37190000	37200000	1.2814859728294958	37195000
chr3	37200000	37210000	3.2778225515096335	37205000
chr3	37210000	37220000	0.9401774899905141	37215000
chr3	37220000	37230000	1.4952671720573274	37225000
chr3	37230000	37240000	3.6682111817649954	37235000
chr3	37240000	37250000	2.6691686791100246	37245000
chr3	37250000	37260000	2.191393194781328	37255000
chr3	37260000	37270000	1.0331715081419972	37265000
chr3	37270000	37280000	2.0552042174864087	37275000
chr3	37280000	37290000	1.439431632421792	37285000
chr3	37290000	37300000	1.7851341992700356	37295000
chr3	37300000	37310000	1.3479187997965543	37305000
chr3	37310000	37320000	1.1592577066518015	37315000
chr3	37320000	37330000	0.8024426932535685	37325000
chr3	37330000	37340000	1.5022006911337156	37335000
chr3	37340000	37350000	1.327706368044575	37345000
chr3	37350000	37360000	1.1781121815947702	37355000
chr3	37360000	37370000	1.0819873214289444	37365000
chr3	37370000	37380000	1.4204042544378808	37375000
chr3	37380000	37390000	1.127947780735753	37385000
chr3	37390000	37400000	2.2712234016917336	37395000
chr3	37400000	37410000	1.4947507487127099	37405000
chr3	37410000	37420000	2.0509763324688466	37415000
chr3	37420000	37430000	1.5002065781368705	37425000
chr3	37430000	37440000	2.1382991974108503	37435000
chr3	37440000	37450000	1.61412009035519	37445000
chr3	37450000	37460000	1.7986723086947538	37455000
chr3	37460000	37470000	2.979198149374002	37465000
chr3	37470000	37480000	2.8024954382523886	37475000
chr3	37480000	37490000	2.3201802970491157	37485000
chr3	37490000	37500000	1.336779850020095	37495000
chr3	37500000	37510000	2.268222679881303	37505000
chr3	37510000	37520000	1.112233560961604	37515000
chr3	37520000	37530000	2.118391972525306	37525000
chr3	37530000	37540000	0.842643969316266	37535000
chr3	37540000	37550000	4.4564650195145346	37545000
chr3	37550000	37560000	2.252639688698157	37555000
chr3	37560000	37570000	1.5529823446455229	37565000
chr3	37570000	37580000	1.3828501679652767	37575000
chr3	37580000	37590000	1.492827151061479	37585000
chr3	37590000	37600000	1.3201117412622692	37595000
chr3	37600000	37610000	0.798210682795621	37605000
chr3	37610000	37620000	2.185710564377839	37615000
chr3	37620000	37630000	2.6029906857155827	37625000
chr3	37630000	37640000	0.9695221805142707	37635000
chr3	37640000	37650000	0.6924135043449414	37645000
chr3	37650000	37660000	0.6711762588049426	37655000
chr3	37660000	37670000	0.9817828546849773	37665000
chr3	37670000	37680000	1.3632337942994415	37675000
chr3	37680000	37690000	2.4342410420510188	37685000
chr3	37690000	37700000	0.8675355020563555	37695000
chr3	37700000	37710000	0.8977033194253912	37705000
chr3	37710000	37720000	0.635506971111149	37715000
chr3	37720000	37730000	3.4549160559039804	37725000
chr3	37730000	37740000	2.26222413552642	37735000
chr3	37740000	37750000	2.0605576883289314	37745000
chr3	37750000	37760000	2.0428152328748395	37755000
chr3	37760000	37770000	1.6571307628667307	37765000
chr3	37770000	37780000	1.5051299721431106	37775000
chr3	37780000	37790000	1.6329246104599628	37785000
chr3	37790000	37800000	1.0254489746129007	37795000
chr3	37800000	37810000	1.1187203463887812	37805000
chr3	37810000	37820000	1.059832952009832	37815000
chr3	37820000	37830000	1.8693751308368045	37825000
chr3	37830000	37840000	1.571432018961654	37835000
chr3	37840000	37850000	0.610237090808121	37845000
chr3	37850000	37860000	1.2623173955349976	37855000
chr3	37860000	37870000	2.228984885422218	37865000
chr3	37870000	37880000	2.115368679520239	37875000
chr3	37880000	37890000	1.4524010379338252	37885000
chr3	37890000	37900000	1.1361802810027912	37895000
chr3	37900000	37910000	0.9143879867722909	37905000
chr3	37910000	37920000	0.9458373415312682	37915000
chr3	37920000	37930000	0.9106144276439574	37925000
chr3	37930000	37940000	0.7475449951006662	37935000
chr3	37940000	37950000	1.063746177649181	37945000
chr3	37950000	37960000	1.1453084365191555	37955000
chr3	37960000	37970000	0.6938226682736326	37965000
chr3	37970000	37980000	2.3614228767949577	37975000
chr3	37980000	37990000	3.2054519731169324	37985000
chr3	37990000	38000000	1.6897993710166253	37995000
chr3	38000000	38010000	2.6559535457467565	38005000
chr3	38010000	38020000	2.2241294847388846	38015000
chr3	38020000	38030000	3.309024453859878	38025000
chr3	38030000	38040000	1.72251601819868	38035000
chr3	38040000	38050000	2.6599656546416925	38045000
chr3	38050000	38060000	2.527579899297096	38055000
chr3	38060000	38070000	0.8190697041433814	38065000
chr3	38070000	38080000	1.8573131204692	38075000
chr3	38080000	38090000	0.7880908103263171	38085000
chr3	38090000	38100000	2.967905329003191	38095000
chr3	38100000	38110000	2.1902012754736817	38105000
chr3	38110000	38120000	2.476386221785414	38115000
chr3	38120000	38130000	20.94157461217582	38125000
chr3	38130000	38140000	2.317352377025245	38135000
chr3	38140000	38150000	1.7433191151066625	38145000
chr3	38150000	38160000	1.6469025814604854	38155000
chr3	38160000	38170000	1.361768304607957	38165000
chr3	38170000	38180000	1.507724412161513	38175000
chr3	38180000	38190000	1.8564002477924022	38185000
chr3	38190000	38200000	1.026553240936958	38195000
chr3	38200000	38210000	1.2601437217489102	38205000
chr3	38210000	38220000	1.079532115301142	38215000
chr3	38220000	38230000	1.8714149577684076	38225000
chr3	38230000	38240000	2.0631227086957473	38235000
chr3	38240000	38250000	1.9350214368436114	38245000
chr3	38250000	38260000	2.412349437259374	38255000
chr3	38260000	38270000	1.5351212430634062	38265000
chr3	38270000	38280000	0.8752918403567813	38275000
chr3	38280000	38290000	0.7318233208097579	38285000
chr3	38290000	38300000	1.3716069661677455	38295000
chr3	38300000	38310000	1.4807755918483578	38305000
chr3	38310000	38320000	0.4781935721517685	38315000
chr3	38320000	38330000	5.579860216000406	38325000
chr3	38330000	38340000	2.3558689272633813	38335000
chr3	38340000	38350000	2.085210565517335	38345000
chr3	38350000	38360000	1.2905111603135826	38355000
chr3	38360000	38370000	1.2558214818366615	38365000
chr3	38370000	38380000	1.7798014480020632	38375000
chr3	38380000	38390000	1.2129991066465802	38385000
chr3	38390000	38400000	1.534311256529708	38395000
chr3	38400000	38410000	1.2383768839794516	38405000
chr3	38410000	38420000	2.193348359606461	38415000
chr3	38420000	38430000	3.1149898878410287	38425000
chr3	38430000	38440000	3.667737131417167	38435000
chr3	38440000	38450000	2.4846075929347964	38445000
chr3	38450000	38460000	2.2337210632295514	38455000
chr3	38460000	38470000	1.9882574599346996	38465000
chr3	38470000	38480000	2.3851234107291015	38475000
chr3	38480000	38490000	0.6355556328231554	38485000
chr3	38490000	38500000	1.5611387478951735	38495000
chr3	38500000	38510000	1.449190750621499	38505000
chr3	38520000	38530000	1.4491907506214974	38525000
chr3	38550000	38560000	2.0791638798036085	38555000
chr3	38560000	38570000	1.7908626705558237	38565000
chr3	38570000	38580000	3.1226787219167207	38575000
chr3	38580000	38590000	2.2672431449479316	38585000
chr3	38590000	38600000	1.1081399042096998	38595000
chr3	38600000	38610000	0.9601684761102233	38605000
chr3	38610000	38620000	2.6004336945395665	38615000
chr3	38620000	38630000	2.5285690468992073	38625000
chr3	38630000	38640000	3.04340884274286	38635000
chr3	38640000	38650000	3.659001747934629	38645000
chr3	38650000	38660000	1.1126268628780447	38655000
chr3	38660000	38670000	3.2088160584550978	38665000
chr3	38670000	38680000	2.404088029821021	38675000
chr3	38680000	38690000	6.100317350477652	38685000
chr3	38690000	38700000	3.334682025716493	38695000
chr3	38700000	38710000	3.6093351334807773	38705000
chr3	38710000	38720000	1.6619335856629134	38715000
chr3	38720000	38730000	2.3670407430647225	38725000
chr3	38730000	38740000	3.2283272003591494	38735000
chr3	38740000	38750000	2.54060451626377	38745000
chr3	38750000	38760000	2.2709743549660018	38755000
chr3	38760000	38770000	1.58662013304014	38765000
chr3	38770000	38780000	1.73364895230961	38775000
chr3	38780000	38790000	2.3904200274997884	38785000
chr3	38790000	38800000	5.084163999290611	38795000
chr3	38800000	38810000	1.1926795944748116	38805000
chr3	38810000	38820000	1.962476518236453	38815000
chr3	38820000	38830000	1.6095186923459899	38825000
chr3	38830000	38840000	20.64922745547609	38835000
chr3	38840000	38850000	2.6633942928058194	38845000
chr3	38850000	38860000	1.4308301093348472	38855000
chr3	38860000	38870000	1.2223120173050213	38865000
chr3	38870000	38880000	1.1492208288324188	38875000
chr3	38880000	38890000	1.890361532281163	38885000
chr3	38890000	38900000	1.7726746873850463	38895000
chr3	38900000	38910000	4.23649061635348	38905000
chr3	38910000	38920000	3.4536526028036345	38915000
chr3	38920000	38930000	1.8644522921501518	38925000
chr3	38930000	38940000	0.9796093479396827	38935000
chr3	38940000	38950000	4.424233786145984	38945000
chr3	38950000	38960000	3.1292111196649937	38955000
chr3	38960000	38970000	3.266302892956223	38965000
chr3	38970000	38980000	5.0593087097063325	38975000
chr3	38980000	38990000	6.5837781956793515	38985000
chr3	38990000	39000000	3.7307482368024334	38995000
chr3	39000000	39010000	3.5271866211786795	39005000
chr3	39010000	39020000	2.1468825579508035	39015000
chr3	39020000	39030000	2.313891533083938	39025000
chr3	39030000	39040000	1.1198176389483125	39035000
chr3	39040000	39050000	9.595839767579946	39045000
chr3	39050000	39060000	3.2537940861953185	39055000
chr3	39060000	39070000	4.494200182952329	39065000
chr3	39070000	39080000	5.714516640189676	39075000
chr3	39080000	39090000	2.6854016107802443	39085000
chr3	39090000	39100000	2.2070648601232272	39095000
chr3	39100000	39110000	3.3216033818462365	39105000
chr3	39110000	39120000	1.6183075372076237	39115000
chr3	39120000	39130000	1.9390464437511796	39125000
chr3	39130000	39140000	2.1272315310016334	39135000
chr3	39140000	39150000	4.249821278987927	39145000
chr3	39150000	39160000	11.944989997667419	39155000
chr3	39160000	39170000	2.4478871776917823	39165000
chr3	39170000	39180000	2.3702485023705444	39175000
chr3	39180000	39190000	2.201017779043339	39185000
chr3	39190000	39200000	2.70137976678351	39195000
chr3	39200000	39210000	4.274838856223779	39205000
chr3	39210000	39220000	4.53541594927198	39215000
chr3	39220000	39230000	2.432441145872804	39225000
chr3	39230000	39240000	1.9302497395741374	39235000
chr3	39240000	39250000	3.440703448360592	39245000
chr3	39250000	39260000	2.9102842056827862	39255000
chr3	39260000	39270000	2.6832813108028537	39265000
chr3	39270000	39280000	9.475758540932954	39275000
chr3	39280000	39290000	2.988565751195634	39285000
chr3	39290000	39300000	2.424746918364165	39295000
chr3	39300000	39310000	9.059983783542918	39305000
chr3	39310000	39320000	0.5056342433135366	39315000
chr3	39320000	39330000	4.517398519806753	39325000
chr3	39330000	39340000	2.3577081151834585	39335000
chr3	39340000	39350000	2.004654937156001	39345000
chr3	39350000	39360000	3.2243895332972925	39355000
chr3	39360000	39370000	2.370266062807853	39365000
chr3	39370000	39380000	2.1017688815181472	39375000
chr3	39380000	39390000	2.042002089455307	39385000
chr3	39390000	39400000	2.939224981362292	39395000
chr3	39400000	39410000	1.7340955281253245	39405000
chr3	39410000	39420000	1.8856415037347722	39415000
chr3	39420000	39430000	1.6954370482179606	39425000
chr3	39430000	39440000	3.272145041749522	39435000
chr3	39440000	39450000	3.9602506554722736	39445000
chr3	39450000	39460000	2.634650245238016	39455000
chr3	39460000	39470000	2.684303935391883	39465000
chr3	39470000	39480000	2.4611679041169645	39475000
chr3	39480000	39490000	1.280280580404964	39485000
chr3	39490000	39500000	2.4142540448827368	39495000
chr3	39500000	39510000	2.7535367468153624	39505000
chr3	39510000	39520000	1.3836306872484825	39515000
chr3	39520000	39530000	1.1218055222248036	39525000
chr3	39530000	39540000	9.57356701766812	39535000
chr3	39540000	39550000	2.8056660456988993	39545000
chr3	39550000	39560000	1.389871300957214	39555000
chr3	39560000	39570000	1.0425892622159785	39565000
chr3	39570000	39580000	0.4752589149254013	39575000
chr3	39580000	39590000	1.2879455542890237	39585000
chr3	39590000	39600000	1.2618913885575553	39595000
chr3	39600000	39610000	1.1099568401612045	39605000
chr3	39610000	39620000	1.754673017142685	39615000
chr3	39620000	39630000	0.6924275733577632	39625000
chr3	39630000	39640000	1.0862766843494551	39635000
chr3	39640000	39650000	1.5459547605613004	39645000
chr3	39650000	39660000	1.8157892106254137	39655000
chr3	39660000	39670000	1.957718938226526	39665000
chr3	39670000	39680000	4.86214900475124	39675000
chr3	39680000	39690000	9.157532479295263	39685000
chr3	39690000	39700000	3.6656963858438596	39695000
chr3	39700000	39710000	1.645866063633218	39705000
chr3	39710000	39720000	1.9810001900003336	39715000
chr3	39720000	39730000	1.885585777138415	39725000
chr3	39730000	39740000	2.074872911330503	39735000
chr3	39740000	39750000	2.8637194956439864	39745000
chr3	39750000	39760000	2.9532402556346664	39755000
chr3	39760000	39770000	1.1429127636712129	39765000
chr3	39770000	39780000	1.5677388240156187	39775000
chr3	39780000	39790000	2.2859394091709797	39785000
chr3	39790000	39800000	2.9400860510723956	39795000
chr3	39800000	39810000	2.6036746832419166	39805000
chr3	39810000	39820000	1.1528050464045454	39815000
chr3	39820000	39830000	2.083056020746376	39825000
chr3	39830000	39840000	1.5046746526023347	39835000
chr3	39840000	39850000	1.4960969887593174	39845000
chr3	39850000	39860000	1.6307184008554483	39855000
chr3	39860000	39870000	2.3119775660453263	39865000
chr3	39870000	39880000	1.996841442302132	39875000
chr3	39880000	39890000	1.1625636415354021	39885000
chr3	39890000	39900000	2.4880881131181694	39895000
chr3	39900000	39910000	2.683281408308639	39905000
chr3	39910000	39920000	2.0579024325279156	39915000
chr3	39920000	39930000	1.9353081217260681	39925000
chr3	39930000	39940000	4.085357822230813	39935000
chr3	39940000	39950000	1.8076515643361064	39945000
chr3	39950000	39960000	3.2824600942654327	39955000
chr3	39960000	39970000	1.6612302474411145	39965000
chr3	39970000	39980000	1.1434136777350292	39975000
chr3	39980000	39990000	2.0692034335890157	39985000
chr3	39990000	40000000	8.038072878303137	39995000
chr3	40000000	40010000	1.509368341173467	40005000
chr3	40010000	40020000	2.5162674950694375	40015000
chr3	40020000	40030000	1.9994019247237562	40025000
chr3	40030000	40040000	2.354768733163904	40035000
chr3	40040000	40050000	2.617735791893902	40045000
chr3	40050000	40060000	0.8507874766552772	40055000
chr3	40060000	40070000	0.7273299856210144	40065000
chr3	40070000	40080000	7.3957311103219086	40075000
chr3	40080000	40090000	1.006080663388971	40085000
chr3	40090000	40100000	0.9914689538103328	40095000
chr3	40100000	40110000	4.8720168719163865	40105000
chr3	40110000	40120000	1.8189159779249116	40115000
chr3	40120000	40130000	4.593881555740813	40125000
chr3	40130000	40140000	3.2628690692827442	40135000
chr3	40140000	40150000	2.2879463518427383	40145000
chr3	40150000	40160000	2.306721297636856	40155000
chr3	40160000	40170000	11.085213729875285	40165000
chr3	40170000	40180000	3.250743423941526	40175000
chr3	40180000	40190000	5.776280037075023	40185000
chr3	40190000	40200000	6.2722725786372795	40195000
chr3	40200000	40210000	6.3285880442285665	40205000
chr3	40210000	40220000	4.7048145135147035	40215000
chr3	40220000	40230000	14.39302796012312	40225000
chr3	40230000	40240000	10.822386046744633	40235000
chr3	40240000	40250000	3.6264771163462117	40245000
chr3	40250000	40260000	1.9391276768343988	40255000
chr3	40260000	40270000	1.5355842884763515	40265000
chr3	40270000	40280000	2.6121397475396897	40275000
chr3	40280000	40290000	4.400612597361173	40285000
chr3	40290000	40300000	4.735490480682772	40295000
chr3	40300000	40310000	16.84840815434569	40305000
chr3	40310000	40320000	2.2760263663140194	40315000
chr3	40320000	40330000	2.9055732457406283	40325000
chr3	40330000	40340000	2.4213782663593193	40335000
chr3	40340000	40350000	4.63577114105547	40345000
chr3	40350000	40360000	2.7524028401090592	40355000
chr3	40360000	40370000	4.409495853206342	40365000
chr3	40370000	40380000	8.87638897164449	40375000
chr3	40380000	40390000	4.998415530670828	40385000
chr3	40390000	40400000	3.6869410063919346	40395000
chr3	40400000	40410000	9.038995891675516	40405000
chr3	40410000	40420000	2.8858981879940364	40415000
chr3	40420000	40430000	3.2671812374917653	40425000
chr3	40430000	40440000	4.146158640649942	40435000
chr3	40440000	40450000	4.833043819030515	40445000
chr3	40450000	40460000	3.1760197360201166	40455000
chr3	40460000	40470000	3.999376117513999	40465000
chr3	40470000	40480000	7.146372009146415	40475000
chr3	40480000	40490000	3.4370753478417977	40485000
chr3	40490000	40500000	8.144031802110286	40495000
chr3	40500000	40510000	1.089199574945113	40505000
chr3	40510000	40520000	3.606734633396509	40515000
chr3	40520000	40530000	4.018984311036571	40525000
chr3	40530000	40540000	1.1627615886811462	40535000
chr3	40540000	40550000	0.5664992438639403	40545000
chr3	40550000	40560000	1.4530201806442469	40555000
chr3	40560000	40570000	1.4246178022205127	40565000
chr3	40570000	40580000	11.704070032161974	40575000
chr3	40580000	40590000	2.760129376131295	40585000
chr3	40590000	40600000	3.8949096019020977	40595000
chr3	40600000	40610000	10.875649322934956	40605000
chr3	40610000	40620000	9.030106991566994	40615000
chr3	40620000	40630000	27.737509971200605	40625000
chr3	40630000	40640000	2.497212024966705	40635000
chr3	40640000	40650000	1.5184865414560773	40645000
chr3	40650000	40660000	3.952624728939845	40655000
chr3	40660000	40670000	2.3806426896394215	40665000
chr3	40670000	40680000	2.117408047372749	40675000
chr3	40680000	40690000	1.713072047101792	40685000
chr3	40690000	40700000	3.831734455652863	40695000
chr3	40700000	40710000	3.8219777297753876	40705000
chr3	40710000	40720000	4.884626332395961	40715000
chr3	40720000	40730000	8.674748905109789	40725000
chr3	40730000	40740000	8.459076845321318	40735000
chr3	40740000	40750000	2.8190779554854566	40745000
chr3	40750000	40760000	2.5680030282398874	40755000
chr3	40760000	40770000	3.1235744127481575	40765000
chr3	40770000	40780000	4.706667674323878	40775000
chr3	40780000	40790000	7.635421100438042	40785000
chr3	40790000	40800000	1.7835500034542602	40795000
chr3	40800000	40810000	2.191569298633257	40805000
chr3	40810000	40820000	4.750659792530645	40815000
chr3	40820000	40830000	9.476028828597467	40825000
chr3	40830000	40840000	2.378824350846841	40835000
chr3	40840000	40850000	2.392173394776271	40845000
chr3	40850000	40860000	2.3474111002554188	40855000
chr3	40860000	40870000	1.2844772801758442	40865000
chr3	40870000	40880000	8.560594169435028	40875000
chr3	40880000	40890000	3.7864886163993816	40885000
chr3	40890000	40900000	0.8915011862314958	40895000
chr3	40900000	40910000	1.9472024969618897	40905000
chr3	40910000	40920000	2.9354009309329103	40915000
chr3	40920000	40930000	2.755452335923664	40925000
chr3	40930000	40940000	2.096611597093787	40935000
chr3	40940000	40950000	3.892364037313852	40945000
chr3	40950000	40960000	1.5619569049717041	40955000
chr3	40960000	40970000	4.665019623981891	40965000
chr3	40970000	40980000	2.8457348189453437	40975000
chr3	40980000	40990000	1.8240611040919232	40985000
chr3	40990000	41000000	1.457589238070928	40995000
chr3	41000000	41010000	2.1630101429352226	41005000
chr3	41010000	41020000	14.194833215024461	41015000
chr3	41020000	41030000	9.628287973041893	41025000
chr3	41030000	41040000	10.646622776708718	41035000
chr3	41040000	41050000	0.8468775166640735	41045000
chr3	41050000	41060000	1.1298795223153582	41055000
chr3	41060000	41070000	1.2127402504396365	41065000
chr3	41070000	41080000	1.35465224133621	41075000
chr3	41080000	41090000	1.614324707156595	41085000
chr3	41090000	41100000	1.3242476326539412	41095000
chr3	41100000	41110000	2.1184922587897534	41105000
chr3	41110000	41120000	1.9631840772996305	41115000
chr3	41120000	41130000	1.604957723590147	41125000
chr3	41130000	41140000	1.5403107904016822	41135000
chr3	41140000	41150000	2.527477286256836	41145000
chr3	41150000	41160000	2.4355561021329986	41155000
chr3	41160000	41170000	1.7556898891115147	41165000
chr3	41170000	41180000	1.564686961449651	41175000
chr3	41180000	41190000	1.881424840983507	41185000
chr3	41190000	41200000	2.3204954066721735	41195000
chr3	41200000	41210000	1.0748296375129474	41205000
chr3	41210000	41220000	0.9922529877832267	41215000
chr3	41220000	41230000	1.0581093865704938	41225000
chr3	41230000	41240000	1.9876317286994012	41235000
chr3	41240000	41250000	0.6734542968303886	41245000
chr3	41250000	41260000	0.632586831419543	41255000
chr3	41260000	41270000	1.3658589068975147	41265000
chr3	41270000	41280000	0.7888229174865602	41275000
chr3	41280000	41290000	0.7363613417085794	41285000
chr3	41290000	41300000	8.064066259500834	41295000
chr3	41300000	41310000	1.205097394105647	41305000
chr3	41310000	41320000	1.1693740920721596	41315000
chr3	41320000	41330000	2.9754337231656964	41325000
chr3	41330000	41340000	1.278528853171892	41335000
chr3	41340000	41350000	1.1569857839192996	41345000
chr3	41350000	41360000	0.6532391033673243	41355000
chr3	41360000	41370000	0.6752036941669786	41365000
chr3	41370000	41380000	1.748499432980194	41375000
chr3	41380000	41390000	1.048748648482464	41385000
chr3	41390000	41400000	2.461150862189151	41395000
chr3	41400000	41410000	1.7220978036034498	41405000
chr3	41410000	41420000	1.352870246575892	41415000
chr3	41420000	41430000	1.9583060796969685	41425000
chr3	41430000	41440000	1.3159583130980936	41435000
chr3	41440000	41450000	1.301532703802744	41445000
chr3	41450000	41460000	5.426110653650677	41455000
chr3	41460000	41470000	2.0512747985086337	41465000
chr3	41470000	41480000	2.1514588860250488	41475000
chr3	41480000	41490000	1.8843674040086356	41485000
chr3	41490000	41500000	1.633086171809598	41495000
chr3	41500000	41510000	3.141811560261197	41505000
chr3	41510000	41520000	2.378162594345005	41515000
chr3	41520000	41530000	2.109348286740957	41525000
chr3	41530000	41540000	2.2837533981886557	41535000
chr3	41540000	41550000	2.2360094193659728	41545000
chr3	41550000	41560000	2.142348040385286	41555000
chr3	41560000	41570000	1.36692228331892	41565000
chr3	41570000	41580000	1.4918690525522702	41575000
chr3	41580000	41590000	2.421682372459219	41585000
chr3	41590000	41600000	0.46887227052295555	41595000
chr3	41600000	41610000	0.39314271764778647	41605000
chr3	41610000	41620000	0.5921279988708097	41615000
chr3	41620000	41630000	0.6624181517259974	41625000
chr3	41630000	41640000	1.1059624534793657	41635000
chr3	41640000	41650000	0.5593752446328899	41645000
chr3	41650000	41660000	0.4024533984487565	41655000
chr3	41660000	41670000	0.8129044683201517	41665000
chr3	41670000	41680000	0.6191402190905032	41675000
chr3	41680000	41690000	0.654752977091779	41685000
chr3	41690000	41700000	0.706341022076974	41695000
chr3	41700000	41710000	0.8460425951591636	41705000
chr3	41710000	41720000	0.6900004808678531	41715000
chr3	41720000	41730000	1.0736582390926825	41725000
chr3	41730000	41740000	1.6362972177721677	41735000
chr3	41740000	41750000	0.8942725385095609	41745000
chr3	41750000	41760000	3.9858455333134133	41755000
chr3	41760000	41770000	0.1296637371142142	41765000
chr3	41770000	41780000	0.212822699655521	41775000
chr3	41780000	41790000	1.0132949758722487	41785000
chr3	41790000	41800000	0.7419019751216079	41795000
chr3	41800000	41810000	0.7280995316465693	41805000
chr3	41810000	41820000	0.47685729548714795	41815000
chr3	41820000	41830000	0.3607889394221287	41825000
chr3	41830000	41840000	0.9451314656637514	41835000
chr3	41840000	41850000	1.068621696204805	41845000
chr3	41850000	41860000	0.5939363054042112	41855000
chr3	41860000	41870000	0.7658725385471394	41865000
chr3	41870000	41880000	0.5059505268695035	41875000
chr3	41880000	41890000	1.5140838653031865	41885000
chr3	41890000	41900000	0.6912624924882933	41895000
chr3	41900000	41910000	0.8459954557925009	41905000
chr3	41910000	41920000	0.6893325782316584	41915000
chr3	41920000	41930000	0.8717123791341373	41925000
chr3	41930000	41940000	0.9611936529180872	41935000
chr3	41940000	41950000	0.7752548822006347	41945000
chr3	41950000	41960000	0.8044142526581408	41955000
chr3	41960000	41970000	0.8031186681484639	41965000
chr3	41970000	41980000	0.49482288297510213	41975000
chr3	41980000	41990000	1.1455510028878606	41985000
chr3	41990000	42000000	8.478681202477764	41995000
chr3	42000000	42010000	6.662385335279248	42005000
chr3	42010000	42020000	1.2084691189586543	42015000
chr3	42020000	42030000	0.7569843513879099	42025000
chr3	42030000	42040000	0.9008354208873045	42035000
chr3	42040000	42050000	1.180842606852465	42045000
chr3	42050000	42060000	0.8203171326506459	42055000
chr3	42060000	42070000	6.034771194020892	42065000
chr3	42070000	42080000	1.0522646386209544	42075000
chr3	42080000	42090000	0.9030608335904886	42085000
chr3	42090000	42100000	0.45648516737554573	42095000
chr3	42100000	42110000	0.53870929594082	42105000
chr3	42110000	42120000	0.6482022130385635	42115000
chr3	42120000	42130000	1.3006878009760394	42125000
chr3	42130000	42140000	1.9418546466684263	42135000
chr3	42140000	42150000	0.9737430624990708	42145000
chr3	42150000	42160000	0.8560515676033814	42155000
chr3	42160000	42170000	1.3837452901490757	42165000
chr3	42170000	42180000	0.40555298332174233	42175000
chr3	42180000	42190000	0.7504866289483388	42185000
chr3	42190000	42200000	0.815808858135895	42195000
chr3	42200000	42210000	1.2538789873028566	42205000
chr3	42210000	42220000	1.1429668228150767	42215000
chr3	42220000	42230000	0.907388935305979	42225000
chr3	42230000	42240000	1.9448039466600306	42235000
chr3	42240000	42250000	2.0644990895402318	42245000
chr3	42250000	42260000	0.8284568211018549	42255000
chr3	42260000	42270000	1.004576950868987	42265000
chr3	42270000	42280000	1.1289479686060866	42275000
chr3	42280000	42290000	1.7538213531412854	42285000
chr3	42290000	42300000	13.13883657902135	42295000
chr3	42300000	42310000	0.9463285845877767	42305000
chr3	42310000	42320000	1.3072697625293122	42315000
chr3	42320000	42330000	0.8501389453053843	42325000
chr3	42330000	42340000	1.37562568902025	42335000
chr3	42340000	42350000	1.1308355794936324	42345000
chr3	42350000	42360000	1.1248777973446886	42355000
chr3	42360000	42370000	0.9553721549184435	42365000
chr3	42370000	42380000	1.084607887812643	42375000
chr3	42380000	42390000	1.4257758852900755	42385000
chr3	42390000	42400000	1.8925699345753235	42395000
chr3	42400000	42410000	1.2575223281710413	42405000
chr3	42410000	42420000	1.0158566839210423	42415000
chr3	42420000	42430000	0.7057235342582747	42425000
chr3	42430000	42440000	0.7532999894224456	42435000
chr3	42440000	42450000	0.8807463225603789	42445000
chr3	42450000	42460000	0.7436307317374953	42455000
chr3	42460000	42470000	0.7885796544985518	42465000
chr3	42470000	42480000	0.654876884901846	42475000
chr3	42480000	42490000	0.7878071125052986	42485000
chr3	42490000	42500000	1.1141879939314883	42495000
chr3	42500000	42510000	0.6703923983798469	42505000
chr3	42510000	42520000	0.8383675458440799	42515000
chr3	42520000	42530000	0.9797392692708299	42525000
chr3	42530000	42540000	1.0929610022402148	42535000
chr3	42540000	42550000	1.1126658320476748	42545000
chr3	42550000	42560000	1.038259487358633	42555000
chr3	42560000	42570000	0.6712986546543567	42565000
chr3	42570000	42580000	1.2392765911804562	42575000
chr3	42580000	42590000	0.8788817072359206	42585000
chr3	42590000	42600000	0.48735257419406086	42595000
chr3	42600000	42610000	1.7770107674465174	42605000
chr3	42610000	42620000	1.5864045448239301	42615000
chr3	42620000	42630000	1.837386496474044	42625000
chr3	42630000	42640000	1.4629634725125402	42635000
chr3	42640000	42650000	2.2899704463688386	42645000
chr3	42650000	42660000	1.8004662481015956	42655000
chr3	42660000	42670000	1.176967065547312	42665000
chr3	42670000	42680000	0.7163881408888259	42675000
chr3	42680000	42690000	1.5150675702634284	42685000
chr3	42690000	42700000	0.6408156474374191	42695000
chr3	42700000	42710000	0.9002145890844493	42705000
chr3	42710000	42720000	1.4441031461933524	42715000
chr3	42720000	42730000	0.9631268120640138	42725000
chr3	42730000	42740000	1.3015081877333534	42735000
chr3	42740000	42750000	1.2455548149351567	42745000
chr3	42750000	42760000	1.4922454772098868	42755000
chr3	42760000	42770000	2.2253547794665085	42765000
chr3	42770000	42780000	1.9256836412821876	42775000
chr3	42780000	42790000	0.8717495830179216	42785000
chr3	42790000	42800000	1.7178789332909947	42795000
chr3	42800000	42810000	2.0183653736124674	42805000
chr3	42810000	42820000	1.088879243100128	42815000
chr3	42820000	42830000	1.644504286779754	42825000
chr3	42830000	42840000	2.056618381458137	42835000
chr3	42840000	42850000	2.2445638015111338	42845000
chr3	42850000	42860000	3.1916068615409836	42855000
chr3	42860000	42870000	3.1264437541710697	42865000
chr3	42870000	42880000	2.002377222483406	42875000
chr3	42880000	42890000	3.0076417058264653	42885000
chr3	42890000	42900000	4.860581446909176	42895000
chr3	42900000	42910000	2.992672111159648	42905000
chr3	42910000	42920000	4.548762980697573	42915000
chr3	42920000	42930000	3.797634984000014	42925000
chr3	42930000	42940000	5.748131315448789	42935000
chr3	42940000	42950000	6.306547400449731	42945000
chr3	42950000	42960000	3.81579233653797	42955000
chr3	42960000	42970000	2.205706083823616	42965000
chr3	42970000	42980000	1.6628827676637503	42975000
chr3	42980000	42990000	1.6701383850472713	42985000
chr3	42990000	43000000	1.1868892185445337	42995000
chr3	43000000	43010000	1.5475578893230597	43005000
chr3	43010000	43020000	14.85953872540714	43015000
chr3	43020000	43030000	0.913740253983898	43025000
chr3	43030000	43040000	0.4343585509793927	43035000
chr3	43040000	43050000	5.746401217134625	43045000
chr3	43050000	43060000	9.005888082451968	43055000
chr3	43060000	43070000	8.655786315628463	43065000
chr3	43070000	43080000	11.245855177670565	43075000
chr3	43080000	43090000	4.30806820245165	43085000
chr3	43090000	43100000	6.741127647941225	43095000
chr3	43100000	43110000	3.248116986583589	43105000
chr3	43110000	43120000	2.7488735573860055	43115000
chr3	43120000	43130000	7.466132094376106	43125000
chr3	43130000	43140000	3.7367736523312356	43135000
chr3	43140000	43150000	7.881436634973854	43145000
chr3	43150000	43160000	12.969869688750537	43155000
chr3	43160000	43170000	5.2969902543590415	43165000
chr3	43170000	43180000	6.403951661744689	43175000
chr3	43180000	43190000	27.306646677473847	43185000
chr3	43190000	43200000	6.188599282626476	43195000
chr3	43200000	43210000	7.152807421745796	43205000
chr3	43210000	43220000	9.220526917160715	43215000
chr3	43220000	43230000	4.168777383292763	43225000
chr3	43230000	43240000	1.7431731745946675	43235000
chr3	43240000	43250000	0.48358576163938166	43245000
chr3	43250000	43260000	0.38035774577257725	43255000
chr3	43260000	43270000	0.42521117955222637	43265000
chr3	43270000	43280000	0.5831438670120697	43275000
chr3	43280000	43290000	0.500032174226722	43285000
chr3	43290000	43300000	1.0825450446036744	43295000
chr3	43300000	43310000	1.035548697203983	43305000
chr3	43310000	43320000	0.9834700179859353	43315000
chr3	43320000	43330000	6.343675785640547	43325000
chr3	43330000	43340000	1.1617402408281847	43335000
chr3	43340000	43350000	2.8401198860903376	43345000
chr3	43350000	43360000	3.1529305628116164	43355000
chr3	43360000	43370000	9.315105976626075	43365000
chr3	43370000	43380000	4.903126492812078	43375000
chr3	43380000	43390000	3.9785788593476723	43385000
chr3	43390000	43400000	2.231202942277289	43395000
chr3	43400000	43410000	4.672742344258714	43405000
chr3	43410000	43420000	3.7206766145922185	43415000
chr3	43420000	43430000	4.370203262165552	43425000
chr3	43430000	43440000	2.6586793365519803	43435000
chr3	43440000	43450000	2.0164190943683122	43445000
chr3	43450000	43460000	2.2603810452524593	43455000
chr3	43460000	43470000	2.426235985548293	43465000
chr3	43470000	43480000	8.202654995387814	43475000
chr3	43480000	43490000	1.996514029309892	43485000
chr3	43490000	43500000	1.605527543200544	43495000
chr3	43500000	43510000	1.2259221762741954	43505000
chr3	43510000	43520000	1.9045096708497073	43515000
chr3	43520000	43530000	1.6610579941456087	43525000
chr3	43530000	43540000	1.4916134626181154	43535000
chr3	43540000	43550000	2.8031672344405885	43545000
chr3	43550000	43560000	4.661759542817587	43555000
chr3	43560000	43570000	3.9906515347506146	43565000
chr3	43570000	43580000	3.424271561358135	43575000
chr3	43580000	43590000	11.833366813384842	43585000
chr3	43590000	43600000	11.370696398018255	43595000
chr3	43600000	43610000	9.64369873376939	43605000
chr3	43610000	43620000	2.983662717726674	43615000
chr3	43620000	43630000	4.0982146430513735	43625000
chr3	43630000	43640000	10.905264791596426	43635000
chr3	43640000	43650000	2.631325244472248	43645000
chr3	43650000	43660000	2.369497166691699	43655000
chr3	43660000	43670000	4.215119392297004	43665000
chr3	43670000	43680000	8.66159075361773	43675000
chr3	43680000	43690000	6.107959957543624	43685000
chr3	43690000	43700000	2.6482318012905486	43695000
chr3	43700000	43710000	2.349791393035231	43705000
chr3	43710000	43720000	2.654694163870813	43715000
chr3	43720000	43730000	0.6857442313722002	43725000
chr3	43730000	43740000	0.3188343360866195	43735000
chr3	43740000	43750000	0.9289181078652737	43745000
chr3	43750000	43760000	0.19286589815025795	43755000
chr3	43760000	43770000	1.054158015836864	43765000
chr3	43770000	43780000	1.3993949693535985	43775000
chr3	43780000	43790000	0.9894220909374013	43785000
chr3	43790000	43800000	7.185039090628025	43795000
chr3	43800000	43810000	0.7747426029526746	43805000
chr3	43810000	43820000	6.354692193907202	43815000
chr3	43820000	43830000	3.703037967846357	43825000
chr3	43830000	43840000	3.1681975976961216	43835000
chr3	43840000	43850000	2.54331407977204	43845000
chr3	43850000	43860000	1.9297701046131033	43855000
chr3	43860000	43870000	6.616009622112609	43865000
chr3	43870000	43880000	1.9324299050048512	43875000
chr3	43880000	43890000	1.2156346389512316	43885000
chr3	43890000	43900000	2.0107903007258354	43895000
chr3	43900000	43910000	1.6314590115510417	43905000
chr3	43910000	43920000	1.575828409195136	43915000
chr3	43920000	43930000	1.5278289886730978	43925000
chr3	43930000	43940000	7.374234920270698	43935000
chr3	43940000	43950000	1.4700964893956237	43945000
chr3	43950000	43960000	2.267288571268594	43955000
chr3	43960000	43970000	6.523428297564752	43965000
chr3	43970000	43980000	7.5311608381831565	43975000
chr3	43980000	43990000	6.376465341162008	43985000
chr3	43990000	44000000	5.145373042949959	43995000
chr3	44000000	44010000	10.80233749407302	44005000
chr3	44010000	44020000	11.253310866434791	44015000
chr3	44020000	44030000	10.836940538841333	44025000
chr3	44030000	44040000	10.614854230603417	44035000
chr3	44040000	44050000	6.021418474939458	44045000
chr3	44050000	44060000	14.761801161333903	44055000
chr3	44060000	44070000	1.5876473201833	44065000
chr3	44070000	44080000	2.5072000890401553	44075000
chr3	44080000	44090000	13.226305938164893	44085000
chr3	44090000	44100000	5.775571376828135	44095000
chr3	44100000	44110000	1.1245684621242256	44105000
chr3	44110000	44120000	0.935291904743608	44115000
chr3	44120000	44130000	0.6255820253106316	44125000
chr3	44130000	44140000	3.30333539905427	44135000
chr3	44140000	44150000	0.7422499523762096	44145000
chr3	44150000	44160000	0.8943523086632753	44155000
chr3	44160000	44170000	5.078114145472545	44165000
chr3	44170000	44180000	1.8958811723739157	44175000
chr3	44180000	44190000	8.861661757903605	44185000
chr3	44190000	44200000	3.8213072201363967	44195000
chr3	44200000	44210000	8.572466499993746	44205000
chr3	44210000	44220000	4.23865482692442	44215000
chr3	44220000	44230000	6.202659724348023	44225000
chr3	44230000	44240000	3.3205025620599398	44235000
chr3	44240000	44250000	2.8830853789297635	44245000
chr3	44250000	44260000	4.410524769830027	44255000
chr3	44260000	44270000	4.4539012610816995	44265000
chr3	44270000	44280000	5.527429245062605	44275000
chr3	44280000	44290000	7.527932240084854	44285000
chr3	44290000	44300000	4.842155607663034	44295000
chr3	44300000	44310000	4.401118737127659	44305000
chr3	44310000	44320000	5.203144456181368	44315000
chr3	44320000	44330000	2.566706486147193	44325000
chr3	44330000	44340000	6.472162436054032	44335000
chr3	44340000	44350000	12.03678939556828	44345000
chr3	44350000	44360000	2.759469735929477	44355000
chr3	44360000	44370000	3.8613059398312286	44365000
chr3	44370000	44380000	11.74620214502295	44375000
chr3	44380000	44390000	5.354353076990696	44385000
chr3	44390000	44400000	9.237257678537686	44395000
chr3	44400000	44410000	6.1906032492254335	44405000
chr3	44410000	44420000	7.450690272979206	44415000
chr3	44420000	44430000	11.930465683669553	44425000
chr3	44430000	44440000	25.05322457880577	44435000
chr3	44440000	44450000	22.251367939284524	44445000
chr3	44450000	44460000	6.1972673666546	44455000
chr3	44460000	44470000	1.788984544679481	44465000
chr3	44470000	44480000	0.681203530560535	44475000
chr3	44480000	44490000	1.9241537604144139	44485000
chr3	44490000	44500000	1.7285408788582866	44495000
chr3	44500000	44510000	7.796639106683255	44505000
chr3	44510000	44520000	6.605803490888506	44515000
chr3	44520000	44530000	2.205574776721021	44525000
chr3	44530000	44540000	4.57062329098822	44535000
chr3	44540000	44550000	12.142225056286504	44545000
chr3	44550000	44560000	16.252654364472527	44555000
chr3	44560000	44570000	5.8890060883944315	44565000
chr3	44570000	44580000	4.781779368988051	44575000
chr3	44580000	44590000	3.720817252949444	44585000
chr3	44590000	44600000	20.93540416040488	44595000
chr3	44600000	44610000	3.4717683363300043	44605000
chr3	44610000	44620000	1.1235900594717305	44615000
chr3	44620000	44630000	2.169583716659214	44625000
chr3	44630000	44640000	12.784048475880251	44635000
chr3	44640000	44650000	2.3808241778901733	44645000
chr3	44650000	44660000	3.3442395058771295	44655000
chr3	44660000	44670000	1.3465977532114217	44665000
chr3	44670000	44680000	1.5001374487550252	44675000
chr3	44680000	44690000	1.319481247885331	44685000
chr3	44690000	44700000	3.0572292282909905	44695000
chr3	44700000	44710000	4.884149054169074	44705000
chr3	44710000	44720000	9.945258028914116	44715000
chr3	44720000	44730000	6.334339924674921	44725000
chr3	44730000	44740000	8.115695601654236	44735000
chr3	44740000	44750000	4.258926807738441	44745000
chr3	44750000	44760000	5.308155405964833	44755000
chr3	44760000	44770000	2.858543130098574	44765000
chr3	44770000	44780000	2.56279612167637	44775000
chr3	44780000	44790000	3.4339553466524326	44785000
chr3	44790000	44800000	4.020245099135286	44795000
chr3	44800000	44810000	2.7854206450920933	44805000
chr3	44810000	44820000	3.5183320389600623	44815000
chr3	44820000	44830000	18.259314628759856	44825000
chr3	44830000	44840000	9.291838182536292	44835000
chr3	44840000	44850000	3.894398592039955	44845000
chr3	44850000	44860000	2.9637032287358545	44855000
chr3	44860000	44870000	8.629265913200738	44865000
chr3	44870000	44880000	3.4085970020390457	44875000
chr3	44880000	44890000	1.5041986775813416	44885000
chr3	44890000	44900000	5.475149658157906	44895000
chr3	44900000	44910000	7.095845774082131	44905000
chr3	44910000	44920000	0.26060790883405394	44915000
chr3	44920000	44930000	0.5564527865751798	44925000
chr3	44930000	44940000	0.6910384762364175	44935000
chr3	44940000	44950000	0.5908932389437862	44945000
chr3	44950000	44960000	1.3391017154981393	44955000
chr3	44960000	44970000	3.8886941950933336	44965000
chr3	44970000	44980000	4.821546935754763	44975000
chr3	44980000	44990000	10.070659730227383	44985000
chr3	44990000	45000000	2.6351090770353998	44995000
chr3	45000000	45010000	2.8559624657717433	45005000
chr3	45010000	45020000	2.6038791565060664	45015000
chr3	45020000	45030000	3.790934875463316	45025000
chr3	45030000	45040000	3.3871244540198564	45035000
chr3	45040000	45050000	10.615849313645436	45045000
chr3	45050000	45060000	4.104623838992277	45055000
chr3	45060000	45070000	3.162796205070427	45065000
chr3	45070000	45080000	2.3080099977592345	45075000
chr3	45080000	45090000	2.6600361403905644	45085000
chr3	45090000	45100000	6.428978601340061	45095000
chr3	45100000	45110000	4.929790239900978	45105000
chr3	45110000	45120000	3.467529435502494	45115000
chr3	45120000	45130000	2.2767098752987813	45125000
chr3	45130000	45140000	3.0167196291515013	45135000
chr3	45140000	45150000	2.718404361800883	45145000
chr3	45150000	45160000	3.538324302893372	45155000
chr3	45160000	45170000	11.50830646030849	45165000
chr3	45170000	45180000	3.1102327075312655	45175000
chr3	45180000	45190000	2.586216093324854	45185000
chr3	45190000	45200000	6.067448840104296	45195000
chr3	45200000	45210000	0.9975964587731236	45205000
chr3	45210000	45220000	0.21740117155427333	45215000
chr3	45220000	45230000	0.320126425036095	45225000
chr3	45230000	45240000	0.12667433379051588	45235000
chr3	45240000	45250000	0.20125182485305	45245000
chr3	45250000	45260000	5.987742956613183	45255000
chr3	45260000	45270000	2.395381543398744	45265000
chr3	45270000	45280000	0.9829523655876015	45275000
chr3	45280000	45290000	1.728266926308124	45285000
chr3	45290000	45300000	2.2204292131211667	45295000
chr3	45300000	45310000	0.8275767945312402	45305000
chr3	45310000	45320000	9.077239787819668	45315000
chr3	45320000	45330000	6.482874639624848	45325000
chr3	45330000	45340000	11.544730876269007	45335000
chr3	45340000	45350000	10.693239886821093	45345000
chr3	45350000	45360000	6.387960734049485	45355000
chr3	45360000	45370000	2.9632540673445877	45365000
chr3	45370000	45380000	2.0583124569425655	45375000
chr3	45380000	45390000	7.3150196071281846	45385000
chr3	45390000	45400000	6.903684637659684	45395000
chr3	45400000	45410000	1.7351721017629107	45405000
chr3	45410000	45420000	2.2374901746131304	45415000
chr3	45420000	45430000	3.292601866505175	45425000
chr3	45430000	45440000	4.470130468542685	45435000
chr3	45440000	45450000	8.468004370217793	45445000
chr3	45450000	45460000	1.1258713147137733	45455000
chr3	45460000	45470000	1.9375523794504987	45465000
chr3	45470000	45480000	1.4474526716232599	45475000
chr3	45480000	45490000	4.2720700426476315	45485000
chr3	45490000	45500000	7.797972986403151	45495000
chr3	45500000	45510000	5.995897029850276	45505000
chr3	45510000	45520000	5.1891370886571595	45515000
chr3	45520000	45530000	3.312118793559333	45525000
chr3	45530000	45540000	6.925253656879464	45535000
chr3	45540000	45550000	8.890279649898359	45545000
chr3	45550000	45560000	2.5305859570870974	45555000
chr3	45560000	45570000	23.679002755955935	45565000
chr3	45570000	45580000	2.547476964210029	45575000
chr3	45580000	45590000	3.96430078148625	45585000
chr3	45590000	45600000	5.7134093356583575	45595000
chr3	45600000	45610000	10.243173370143372	45605000
chr3	45610000	45620000	10.383120635595036	45615000
chr3	45620000	45630000	11.859870267176152	45625000
chr3	45630000	45640000	6.126181432937289	45635000
chr3	45640000	45650000	8.330304863782441	45645000
chr3	45650000	45660000	1.3717440088297583	45655000
chr3	45660000	45670000	1.0117531157448247	45665000
chr3	45670000	45680000	2.301038508090609	45675000
chr3	45680000	45690000	2.7504297861625724	45685000
chr3	45690000	45700000	1.5568698257437967	45695000
chr3	45700000	45710000	1.44955247301665	45705000
chr3	45710000	45720000	1.2074381224153323	45715000
chr3	45720000	45730000	1.5004155237603076	45725000
chr3	45730000	45740000	1.7478306590139956	45735000
chr3	45740000	45750000	8.117352735309167	45745000
chr3	45750000	45760000	11.924931448010629	45755000
chr3	45760000	45770000	3.5952526062314836	45765000
chr3	45770000	45780000	4.387150998849185	45775000
chr3	45780000	45790000	11.894570535769077	45785000
chr3	45790000	45800000	3.9926957733320503	45795000
chr3	45800000	45810000	7.453000491488966	45805000
chr3	45810000	45820000	13.429485458813048	45815000
chr3	45820000	45830000	8.118031529405124	45825000
chr3	45830000	45840000	1.705674582514112	45835000
chr3	45840000	45850000	3.9918260388609577	45845000
chr3	45850000	45860000	4.297863373876009	45855000
chr3	45860000	45870000	11.005559422712235	45865000
chr3	45870000	45880000	4.091741327161602	45875000
chr3	45880000	45890000	6.445700667293994	45885000
chr3	45890000	45900000	4.304466121811627	45895000
chr3	45900000	45910000	2.3956820546460342	45905000
chr3	45910000	45920000	3.784432936164039	45915000
chr3	45920000	45930000	7.136922648746736	45925000
chr3	45930000	45940000	13.536809374856356	45935000
chr3	45940000	45950000	3.6701200430856735	45945000
chr3	45950000	45960000	1.961024619023341	45955000
chr3	45960000	45970000	0.8967928948080088	45965000
chr3	45970000	45980000	0.7562782986269874	45975000
chr3	45980000	45990000	0.613913566890529	45985000
chr3	45990000	46000000	0.4771544601397731	45995000
chr3	46000000	46010000	1.4239063264429863	46005000
chr3	46010000	46020000	1.144872141586946	46015000
chr3	46020000	46030000	1.8967120536480775	46025000
chr3	46030000	46040000	0.7819798448672954	46035000
chr3	46040000	46050000	1.6316690003943284	46045000
chr3	46050000	46060000	9.031324167880786	46055000
chr3	46060000	46070000	2.2284707764671317	46065000
chr3	46070000	46080000	3.7528128454871084	46075000
chr3	46080000	46090000	7.201780509790853	46085000
chr3	46090000	46100000	3.3159500512021967	46095000
chr3	46100000	46110000	3.9993171689115306	46105000
chr3	46110000	46120000	17.994636943517545	46115000
chr3	46120000	46130000	4.2176956359863595	46125000
chr3	46130000	46140000	9.98893665835291	46135000
chr3	46140000	46150000	5.411190215456092	46145000
chr3	46150000	46160000	4.242755130090383	46155000
chr3	46160000	46170000	7.625914943770034	46165000
chr3	46170000	46180000	7.9623905469930465	46175000
chr3	46180000	46190000	3.834052535557289	46185000
chr3	46190000	46200000	4.900662841552765	46195000
chr3	46200000	46210000	5.321099661855337	46205000
chr3	46210000	46220000	4.821136880979475	46215000
chr3	46220000	46230000	9.911268243867978	46225000
chr3	46230000	46240000	8.716446099078933	46235000
chr3	46240000	46250000	5.414188318736839	46245000
chr3	46250000	46260000	10.146168061342845	46255000
chr3	46260000	46270000	6.328182507177647	46265000
chr3	46270000	46280000	7.5810778739437925	46275000
chr3	46280000	46290000	8.567595390368332	46285000
chr3	46290000	46300000	7.148813644281477	46295000
chr3	46300000	46310000	6.025372895490031	46305000
chr3	46310000	46320000	6.504373952162613	46315000
chr3	46320000	46330000	3.0770073580301984	46325000
chr3	46330000	46340000	2.257398674771735	46335000
chr3	46340000	46350000	11.121616787531295	46345000
chr3	46350000	46360000	1.7261710162351862	46355000
chr3	46360000	46370000	1.0152736943024445	46365000
chr3	46370000	46380000	3.3233923156321543	46375000
chr3	46380000	46390000	3.65773683076459	46385000
chr3	46390000	46400000	1.0485298641812322	46395000
chr3	46400000	46410000	1.310237712778247	46405000
chr3	46410000	46420000	2.235367446700975	46415000
chr3	46420000	46430000	1.9827941817090744	46425000
chr3	46430000	46440000	1.9344663470986618	46435000
chr3	46440000	46450000	2.4385959157355566	46445000
chr3	46450000	46460000	2.4443142033396397	46455000
chr3	46460000	46470000	2.3246404985288933	46465000
chr3	46470000	46480000	2.9803025916341315	46475000
chr3	46480000	46490000	5.929489262079733	46485000
chr3	46490000	46500000	4.645736935419088	46495000
chr3	46500000	46510000	3.206188364165021	46505000
chr3	46510000	46520000	4.70253387474237	46515000
chr3	46520000	46530000	8.960551677852798	46525000
chr3	46530000	46540000	3.449055869732313	46535000
chr3	46540000	46550000	5.348728798901586	46545000
chr3	46550000	46560000	2.1915370581379454	46555000
chr3	46560000	46570000	4.164200501538422	46565000
chr3	46570000	46580000	2.5055321291881785	46575000
chr3	46580000	46590000	3.9292814595486014	46585000
chr3	46590000	46600000	4.188995389193965	46595000
chr3	46600000	46610000	4.830369113596814	46605000
chr3	46610000	46620000	2.0304826898540536	46615000
chr3	46620000	46630000	2.5306949612683605	46625000
chr3	46630000	46640000	3.003046797728966	46635000
chr3	46640000	46650000	3.1114167540845346	46645000
chr3	46650000	46660000	2.3298139235877784	46655000
chr3	46660000	46670000	4.303928456757353	46665000
chr3	46670000	46680000	2.7763361284382277	46675000
chr3	46680000	46690000	3.0975541644703117	46685000
chr3	46690000	46700000	4.378397945197233	46695000
chr3	46700000	46710000	3.9699140120403267	46705000
chr3	46710000	46720000	2.9080269511455556	46715000
chr3	46720000	46730000	1.273377617199318	46725000
chr3	46730000	46740000	1.6803356997128434	46735000
chr3	46740000	46750000	2.4424426039039493	46745000
chr3	46750000	46760000	2.122319799266018	46755000
chr3	46760000	46770000	2.3996546739135325	46765000
chr3	46770000	46780000	2.652752661084339	46775000
chr3	46780000	46790000	2.1200191260449732	46785000
chr3	46790000	46800000	1.6435236860619482	46795000
chr3	46800000	46810000	2.8860161456711477	46805000
chr3	46810000	46820000	1.230695322143028	46815000
chr3	46820000	46830000	2.580253642832234	46825000
chr3	46830000	46840000	2.6298917526278385	46835000
chr3	46840000	46850000	3.151208409001032	46845000
chr3	46850000	46860000	2.267073331839389	46855000
chr3	46860000	46870000	2.1167608546295167	46865000
chr3	46870000	46880000	3.9150521546204327	46875000
chr3	46880000	46890000	3.0696866026590457	46885000
chr3	46890000	46900000	3.645095883599507	46895000
chr3	46900000	46910000	2.7189005574167897	46905000
chr3	46910000	46920000	3.4183258670908057	46915000
chr3	46920000	46930000	3.0854455892765875	46925000
chr3	46930000	46940000	2.1036175364299656	46935000
chr3	46940000	46950000	1.8667300990491422	46945000
chr3	46950000	46960000	2.6623740322387683	46955000
chr3	46960000	46970000	3.814494127548069	46965000
chr3	46970000	46980000	2.3842461039515297	46975000
chr3	46980000	46990000	3.163912893304472	46985000
chr3	46990000	47000000	4.188433390263343	46995000
chr3	47000000	47010000	2.665132019847838	47005000
chr3	47010000	47020000	2.052439301054007	47015000
chr3	47020000	47030000	5.4390059869294065	47025000
chr3	47030000	47040000	2.2381370955984528	47035000
chr3	47040000	47050000	4.947254184574446	47045000
chr3	47050000	47060000	4.738908969065936	47055000
chr3	47060000	47070000	2.7104751234103457	47065000
chr3	47070000	47080000	2.00034750119581	47075000
chr3	47080000	47090000	5.203946475104173	47085000
chr3	47090000	47100000	4.5199684765253725	47095000
chr3	47100000	47110000	2.441233608416994	47105000
chr3	47110000	47120000	2.5557353378422607	47115000
chr3	47120000	47130000	2.451993629001689	47125000
chr3	47130000	47140000	1.9770248078305612	47135000
chr3	47140000	47150000	2.511389296299695	47145000
chr3	47150000	47160000	4.085794196530338	47155000
chr3	47160000	47170000	2.800053764856484	47165000
chr3	47170000	47180000	3.560172198676088	47175000
chr3	47180000	47190000	4.009022298466662	47185000
chr3	47190000	47200000	3.568020652267365	47195000
chr3	47200000	47210000	3.341925322761996	47205000
chr3	47210000	47220000	3.122940980528818	47215000
chr3	47220000	47230000	1.6620517090260363	47225000
chr3	47230000	47240000	2.298213972604511	47235000
chr3	47240000	47250000	8.457401314948715	47245000
chr3	47250000	47260000	4.821105714242417	47255000
chr3	47260000	47270000	3.3915631041468512	47265000
chr3	47270000	47280000	3.0898910705252565	47275000
chr3	47280000	47290000	3.438229052668218	47285000
chr3	47290000	47300000	8.22982147274087	47295000
chr3	47300000	47310000	0.9919349450859672	47305000
chr3	47310000	47320000	2.784008819692303	47315000
chr3	47320000	47330000	5.943773838014658	47325000
chr3	47330000	47340000	1.3651735718112625	47335000
chr3	47340000	47350000	1.688317230887013	47345000
chr3	47350000	47360000	2.239416080558769	47355000
chr3	47360000	47370000	3.3646143285791323	47365000
chr3	47370000	47380000	4.054564881521602	47375000
chr3	47380000	47390000	4.222201738939696	47385000
chr3	47390000	47400000	6.887548284912806	47395000
chr3	47400000	47410000	4.136648500998355	47405000
chr3	47410000	47420000	2.022717067276347	47415000
chr3	47420000	47430000	1.5019611227571774	47425000
chr3	47430000	47440000	3.8412376084929543	47435000
chr3	47440000	47450000	4.506212928835007	47445000
chr3	47450000	47460000	5.040701880070219	47455000
chr3	47460000	47470000	3.2519435531658667	47465000
chr3	47470000	47480000	2.366507738158822	47475000
chr3	47480000	47490000	2.7621263258370186	47485000
chr3	47490000	47500000	4.0364238843406195	47495000
chr3	47500000	47510000	4.185430231798827	47505000
chr3	47510000	47520000	1.37077721162377	47515000
chr3	47520000	47530000	1.1673140104522173	47525000
chr3	47530000	47540000	2.8074238798679225	47535000
chr3	47540000	47550000	5.197135049978281	47545000
chr3	47550000	47560000	8.76286982555513	47555000
chr3	47560000	47570000	2.3878332706931706	47565000
chr3	47570000	47580000	2.0042811443311153	47575000
chr3	47580000	47590000	2.725268115804508	47585000
chr3	47590000	47600000	2.8430726726493205	47595000
chr3	47600000	47610000	1.2662046412705488	47605000
chr3	47610000	47620000	0.8724049091118401	47615000
chr3	47620000	47630000	1.4292167073337585	47625000
chr3	47630000	47640000	2.4798540313379314	47635000
chr3	47640000	47650000	1.4421278464470515	47645000
chr3	47650000	47660000	0.796045857680306	47655000
chr3	47660000	47670000	2.2645634357246442	47665000
chr3	47670000	47680000	2.316463595082182	47675000
chr3	47680000	47690000	1.959216768114881	47685000
chr3	47690000	47700000	1.0147680014898355	47695000
chr3	47700000	47710000	1.188352262303282	47705000
chr3	47710000	47720000	1.0729733551811318	47715000
chr3	47720000	47730000	1.7559267436048291	47725000
chr3	47730000	47740000	1.895786065932839	47735000
chr3	47740000	47750000	2.09048918339202	47745000
chr3	47750000	47760000	1.1430826534811933	47755000
chr3	47760000	47770000	1.8048730614182864	47765000
chr3	47770000	47780000	4.6058142931270485	47775000
chr3	47780000	47790000	1.4506285548251001	47785000
chr3	47790000	47800000	1.4383577106895786	47795000
chr3	47800000	47810000	1.7271095039774391	47805000
chr3	47810000	47820000	0.8068932161044859	47815000
chr3	47820000	47830000	2.499294828849474	47825000
chr3	47830000	47840000	1.746521078424775	47835000
chr3	47840000	47850000	1.0225788942005742	47845000
chr3	47850000	47860000	1.0526865719301404	47855000
chr3	47860000	47870000	5.4814737538970375	47865000
chr3	47870000	47880000	1.6789409682056096	47875000
chr3	47880000	47890000	0.7642447652241262	47885000
chr3	47890000	47900000	0.8604158575474867	47895000
chr3	47900000	47910000	1.1919004209676947	47905000
chr3	47910000	47920000	0.6981976623014646	47915000
chr3	47920000	47930000	1.2079529777933853	47925000
chr3	47930000	47940000	3.029074204679279	47935000
chr3	47940000	47950000	2.5028397885778424	47945000
chr3	47950000	47960000	1.1093757685432741	47955000
chr3	47960000	47970000	1.3790516939036066	47965000
chr3	47970000	47980000	1.2382853662635152	47975000
chr3	47980000	47990000	1.3802058144134275	47985000
chr3	47990000	48000000	1.2118713758675737	47995000
chr3	48000000	48010000	2.0232737595249737	48005000
chr3	48010000	48020000	1.678628153442367	48015000
chr3	48020000	48030000	2.644977221960591	48025000
chr3	48030000	48040000	3.2826782874572347	48035000
chr3	48040000	48050000	2.363055684826559	48045000
chr3	48050000	48060000	2.0543798170643033	48055000
chr3	48060000	48070000	5.716863353305096	48065000
chr3	48070000	48080000	2.8882669793420663	48075000
chr3	48080000	48090000	3.3068565886029	48085000
chr3	48090000	48100000	1.6547707751150695	48095000
chr3	48100000	48110000	1.5669213084155087	48105000
chr3	48110000	48120000	2.4110793352538393	48115000
chr3	48120000	48130000	3.409021333290722	48125000
chr3	48130000	48140000	1.9032238365820948	48135000
chr3	48140000	48150000	5.67186104138515	48145000
chr3	48150000	48160000	1.2212659932931198	48155000
chr3	48160000	48170000	2.3777369933813683	48165000
chr3	48170000	48180000	1.8524524063399557	48175000
chr3	48180000	48190000	1.1558153227081056	48185000
chr3	48190000	48200000	1.9973999330339134	48195000
chr3	48200000	48210000	3.2768033760281976	48205000
chr3	48210000	48220000	7.341422289755396	48215000
chr3	48220000	48230000	2.9273238756445377	48225000
chr3	48230000	48240000	2.131855385511296	48235000
chr3	48240000	48250000	2.511378807910133	48245000
chr3	48250000	48260000	2.8656015161631627	48255000
chr3	48260000	48270000	1.8178628024981696	48265000
chr3	48270000	48280000	9.210496199760046	48275000
chr3	48280000	48290000	5.60657893597123	48285000
chr3	48290000	48300000	7.009169827322225	48295000
chr3	48300000	48310000	6.378178064765904	48305000
chr3	48310000	48320000	3.5926327221938723	48315000
chr3	48320000	48330000	1.4029057414092807	48325000
chr3	48330000	48340000	10.146828953742665	48335000
chr3	48340000	48350000	15.958334870660195	48345000
chr3	48350000	48360000	35.8229454964765	48355000
chr3	48360000	48370000	6.201936617040246	48365000
chr3	48370000	48380000	2.161508437449085	48375000
chr3	48380000	48390000	2.29200843243105	48385000
chr3	48390000	48400000	1.9752286398954748	48395000
chr3	48400000	48410000	1.8442048210065334	48405000
chr3	48410000	48420000	17.986666135066862	48415000
chr3	48420000	48430000	7.819904862328737	48425000
chr3	48430000	48440000	8.693287737414643	48435000
chr3	48440000	48450000	18.911236443304205	48445000
chr3	48450000	48460000	3.8212363170151002	48455000
chr3	48460000	48470000	3.1633278833474985	48465000
chr3	48470000	48480000	4.665347102307108	48475000
chr3	48480000	48490000	1.9095825469579712	48485000
chr3	48490000	48500000	10.54311405238248	48495000
chr3	48500000	48510000	1.1215524446322178	48505000
chr3	48510000	48520000	3.7392617997207918	48515000
chr3	48520000	48530000	10.766432061609784	48525000
chr3	48530000	48540000	3.0667327095379786	48535000
chr3	48540000	48550000	3.31540667213674	48545000
chr3	48550000	48560000	10.702395865955621	48555000
chr3	48560000	48570000	1.8620185372276623	48565000
chr3	48570000	48580000	1.4273480224945219	48575000
chr3	48580000	48590000	1.141874948372933	48585000
chr3	48590000	48600000	5.5007607833539485	48595000
chr3	48600000	48610000	11.564559730353741	48605000
chr3	48610000	48620000	5.510634385788439	48615000
chr3	48620000	48630000	8.804437395581392	48625000
chr3	48630000	48640000	5.9036015756632265	48635000
chr3	48640000	48650000	6.097437061718997	48645000
chr3	48650000	48660000	4.323715709137547	48655000
chr3	48660000	48670000	0.6147390514029374	48665000
chr3	48670000	48680000	1.669557396745858	48675000
chr3	48680000	48690000	13.568006173419786	48685000
chr3	48690000	48700000	4.083539627852613	48695000
chr3	48700000	48710000	1.5523305143391066	48705000
chr3	48710000	48720000	2.533796877873087	48715000
chr3	48720000	48730000	3.6105620688076434	48725000
chr3	48730000	48740000	2.9466532698891297	48735000
chr3	48740000	48750000	3.8622965206506352	48745000
chr3	48750000	48760000	3.161331182856548	48755000
chr3	48760000	48770000	4.39703145148968	48765000
chr3	48770000	48780000	10.45206676794675	48775000
chr3	48780000	48790000	5.070809672192612	48785000
chr3	48790000	48800000	7.570181201978445	48795000
chr3	48800000	48810000	6.53845383239514	48805000
chr3	48810000	48820000	7.34399394844037	48815000
chr3	48820000	48830000	4.6893798881286965	48825000
chr3	48830000	48840000	8.409998712405077	48835000
chr3	48840000	48850000	3.703806102114078	48845000
chr3	48850000	48860000	1.6754056601521436	48855000
chr3	48860000	48870000	3.2066884871103705	48865000
chr3	48870000	48880000	10.149934428908951	48875000
chr3	48880000	48890000	1.7988501462758335	48885000
chr3	48890000	48900000	5.90145108344212	48895000
chr3	48900000	48910000	0.8786073447262902	48905000
chr3	48910000	48920000	3.4337124831892623	48915000
chr3	48920000	48930000	3.6420535380140406	48925000
chr3	48930000	48940000	22.451163208490886	48935000
chr3	48940000	48950000	3.707249985217865	48945000
chr3	48950000	48960000	3.3326652956996035	48955000
chr3	48960000	48970000	9.256436132032144	48965000
chr3	48970000	48980000	5.433690749866746	48975000
chr3	48980000	48990000	3.9421971936617553	48985000
chr3	48990000	49000000	9.601247216477233	48995000
chr3	49000000	49010000	11.276091368802573	49005000
chr3	49010000	49020000	1.7620825315045232	49015000
chr3	49020000	49030000	1.9620123208072184	49025000
chr3	49030000	49040000	4.27130400291512	49035000
chr3	49040000	49050000	2.007515019403681	49045000
chr3	49050000	49060000	1.9130645898680805	49055000
chr3	49060000	49070000	2.234094043511011	49065000
chr3	49070000	49080000	2.795381492092574	49075000
chr3	49080000	49090000	2.171292563282404	49085000
chr3	49090000	49100000	3.833105764644149	49095000
chr3	49100000	49110000	6.183168929147137	49105000
chr3	49110000	49120000	4.1808046340667415	49115000
chr3	49120000	49130000	5.98663043786228	49125000
chr3	49130000	49140000	3.028749260116141	49135000
chr3	49140000	49150000	4.886613982194652	49145000
chr3	49150000	49160000	10.1489199685701	49155000
chr3	49160000	49170000	2.7763112459647923	49165000
chr3	49170000	49180000	3.1473810174264636	49175000
chr3	49180000	49190000	3.7369322601555295	49185000
chr3	49190000	49200000	9.174304687594475	49195000
chr3	49200000	49210000	7.455211694651534	49205000
chr3	49210000	49220000	5.735597919129038	49215000
chr3	49220000	49230000	5.421187635813701	49225000
chr3	49230000	49240000	15.930950213685376	49235000
chr3	49240000	49250000	2.0771474704362167	49245000
chr3	49250000	49260000	2.3317114004005286	49255000
chr3	49260000	49270000	2.6046552149919373	49265000
chr3	49270000	49280000	2.537036873039957	49275000
chr3	49280000	49290000	2.8665391315057445	49285000
chr3	49290000	49300000	4.053049773153496	49295000
chr3	49300000	49310000	2.7791890787391167	49305000
chr3	49310000	49320000	4.264323476890966	49315000
chr3	49320000	49330000	4.7836173767816135	49325000
chr3	49330000	49340000	11.519026921936332	49335000
chr3	49340000	49350000	19.03747550025222	49345000
chr3	49350000	49360000	5.59781203883901	49355000
chr3	49360000	49370000	6.336729380563889	49365000
chr3	49370000	49380000	14.196377422384213	49375000
chr3	49380000	49390000	4.661228307539985	49385000
chr3	49390000	49400000	3.3407612121950847	49395000
chr3	49400000	49410000	1.9847365231449225	49405000
chr3	49410000	49420000	1.6202905375859207	49415000
chr3	49420000	49430000	7.75568407847058	49425000
chr3	49430000	49440000	5.126815729647944	49435000
chr3	49440000	49450000	2.017657006597876	49445000
chr3	49450000	49460000	8.794955601716104	49455000
chr3	49460000	49470000	11.874488523344615	49465000
chr3	49470000	49480000	1.538486439305706	49475000
chr3	49480000	49490000	1.7788798465790325	49485000
chr3	49490000	49500000	2.436806280884199	49495000
chr3	49500000	49510000	2.049350067891725	49505000
chr3	49510000	49520000	2.413240820338278	49515000
chr3	49520000	49530000	1.4258756784208826	49525000
chr3	49530000	49540000	7.578045543613117	49535000
chr3	49540000	49550000	10.423011622726001	49545000
chr3	49550000	49560000	2.1690538418574206	49555000
chr3	49560000	49570000	1.3182814178922366	49565000
chr3	49570000	49580000	2.289346334926864	49575000
chr3	49580000	49590000	1.919470498229572	49585000
chr3	49590000	49600000	3.1444814389690916	49595000
chr3	49600000	49610000	3.164272957054196	49605000
chr3	49610000	49620000	3.2014006948891365	49615000
chr3	49620000	49630000	3.748260842246945	49625000
chr3	49630000	49640000	4.473909547375972	49635000
chr3	49640000	49650000	2.2783921314229922	49645000
chr3	49650000	49660000	3.797375462593042	49655000
chr3	49660000	49670000	2.6460327741407315	49665000
chr3	49670000	49680000	3.803309187154876	49675000
chr3	49680000	49690000	1.6718916774533918	49685000
chr3	49690000	49700000	1.176992836938362	49695000
chr3	49700000	49710000	2.306946391979291	49705000
chr3	49710000	49720000	3.4289678861475026	49715000
chr3	49720000	49730000	1.7716007868491006	49725000
chr3	49730000	49740000	7.523618138375402	49735000
chr3	49740000	49750000	1.7899310257078562	49745000
chr3	49750000	49760000	2.174426533547933	49755000
chr3	49760000	49770000	1.8858198099035284	49765000
chr3	49770000	49780000	2.3487265397691037	49775000
chr3	49780000	49790000	2.476973139048931	49785000
chr3	49790000	49800000	2.3126430333112515	49795000
chr3	49800000	49810000	2.8408794543305587	49805000
chr3	49810000	49820000	2.8128582312399386	49815000
chr3	49820000	49830000	3.1734320048567737	49825000
chr3	49830000	49840000	16.828561478549258	49835000
chr3	49840000	49850000	5.6248083126634825	49845000
chr3	49850000	49860000	3.8362263303100006	49855000
chr3	49860000	49870000	5.477040452517285	49865000
chr3	49870000	49880000	3.81724294179132	49875000
chr3	49880000	49890000	3.0893757043940924	49885000
chr3	49890000	49900000	1.0021987039357687	49895000
chr3	49900000	49910000	1.7268183217835567	49905000
chr3	49910000	49920000	12.983207422165876	49915000
chr3	49920000	49930000	2.4449658389237996	49925000
chr3	49930000	49940000	2.3579835978150907	49935000
chr3	49940000	49950000	2.8361005012773743	49945000
chr3	49950000	49960000	2.054799365371949	49955000
chr3	49960000	49970000	1.8814450421932194	49965000
chr3	49970000	49980000	3.2360375813388877	49975000
chr3	49980000	49990000	2.320525627059383	49985000
chr3	49990000	50000000	2.233258525422201	49995000
chr3	50000000	50010000	1.0612281517957702	50005000
chr3	50010000	50020000	1.432740834830568	50015000
chr3	50020000	50030000	2.9491498330416057	50025000
chr3	50030000	50040000	1.2773708836489575	50035000
chr3	50040000	50050000	0.5046267706183915	50045000
chr3	50050000	50060000	1.4462328059212846	50055000
chr3	50060000	50070000	2.5210101170428705	50065000
chr3	50070000	50080000	2.176029690291605	50075000
chr3	50080000	50090000	1.5092461723111472	50085000
chr3	50090000	50100000	2.110706527929141	50095000
chr3	50100000	50110000	1.9401083053946067	50105000
chr3	50110000	50120000	3.6514371252363564	50115000
chr3	50120000	50130000	2.970056797412602	50125000
chr3	50130000	50140000	2.22585970733872	50135000
chr3	50140000	50150000	0.578081609363416	50145000
chr3	50150000	50160000	3.828512612503247	50155000
chr3	50160000	50170000	2.5792016767341512	50165000
chr3	50170000	50180000	0.8452765605096436	50175000
chr3	50180000	50190000	2.4962935263450916	50185000
chr3	50190000	50200000	1.5968976577661653	50195000
chr3	50200000	50210000	3.1516788818994788	50205000
chr3	50210000	50220000	2.4636803844154587	50215000
chr3	50220000	50230000	3.1833583119603936	50225000
chr3	50230000	50240000	1.6527822272327364	50235000
chr3	50240000	50250000	2.54187723297648	50245000
chr3	50250000	50260000	3.2417435814645974	50255000
chr3	50260000	50270000	3.989573372325537	50265000
chr3	50270000	50280000	1.9400654488799975	50275000
chr3	50280000	50290000	1.3053969756404884	50285000
chr3	50290000	50300000	2.2883143082671316	50295000
chr3	50300000	50310000	2.408662734835464	50305000
chr3	50310000	50320000	1.3227415594555763	50315000
chr3	50320000	50330000	0.40441777753978925	50325000
chr3	50330000	50340000	0.24711186552266962	50335000
chr3	50340000	50350000	0.535426718117695	50345000
chr3	50350000	50360000	0.6478067381694461	50355000
chr3	50360000	50370000	0.4493972896392047	50365000
chr3	50370000	50380000	0.32632929607518874	50375000
chr3	50380000	50390000	9.63777870828721	50385000
chr3	50390000	50400000	0.5607818788174718	50395000
chr3	50400000	50410000	1.6814685189600218	50405000
chr3	50410000	50420000	7.177899394214024	50415000
chr3	50420000	50430000	7.641267782099432	50425000
chr3	50430000	50440000	3.3713734692297055	50435000
chr3	50440000	50450000	3.8884685107968084	50445000
chr3	50450000	50460000	1.8588350958292588	50455000
chr3	50460000	50470000	2.0512577700146384	50465000
chr3	50470000	50480000	2.553001683241654	50475000
chr3	50480000	50490000	2.3658616395284944	50485000
chr3	50490000	50500000	2.3579273691076192	50495000
chr3	50500000	50510000	3.2392489910359696	50505000
chr3	50510000	50520000	2.7306808771951174	50515000
chr3	50520000	50530000	1.938731838802916	50525000
chr3	50530000	50540000	1.6766632796952012	50535000
chr3	50540000	50550000	0.9726810942065452	50545000
chr3	50550000	50560000	0.8560796105614117	50555000
chr3	50560000	50570000	1.099546158402592	50565000
chr3	50570000	50580000	2.2660679406845214	50575000
chr3	50580000	50590000	2.234869049346205	50585000
chr3	50590000	50600000	2.2962556391916324	50595000
chr3	50600000	50610000	2.790165869643533	50605000
chr3	50610000	50620000	1.383477665623894	50615000
chr3	50620000	50630000	2.5380518040734836	50625000
chr3	50630000	50640000	2.757213448644065	50635000
chr3	50640000	50650000	3.9203178742174787	50645000
chr3	50650000	50660000	2.8266964182942966	50655000
chr3	50660000	50670000	3.2970882288491827	50665000
chr3	50670000	50680000	4.256006419395243	50675000
chr3	50680000	50690000	2.4724134816908196	50685000
chr3	50690000	50700000	2.2056204041739202	50695000
chr3	50700000	50710000	1.4999861790931988	50705000
chr3	50710000	50720000	1.4943799915379117	50715000
chr3	50720000	50730000	2.4165831831966837	50725000
chr3	50730000	50740000	3.152313663907511	50735000
chr3	50740000	50750000	1.8499446980366365	50745000
chr3	50750000	50760000	2.7283987923428343	50755000
chr3	50760000	50770000	4.2362289211568065	50765000
chr3	50770000	50780000	8.324431598108767	50775000
chr3	50780000	50790000	2.951587105777969	50785000
chr3	50790000	50800000	6.265417903166972	50795000
chr3	50800000	50810000	5.505247688349926	50805000
chr3	50810000	50820000	4.043382629607491	50815000
chr3	50820000	50830000	4.308275262696435	50825000
chr3	50830000	50840000	2.342797274933446	50835000
chr3	50840000	50850000	11.206311806702283	50845000
chr3	50850000	50860000	1.803610398357938	50855000
chr3	50860000	50870000	1.5478281414410515	50865000
chr3	50870000	50880000	2.521174373118515	50875000
chr3	50880000	50890000	6.138543117023975	50885000
chr3	50890000	50900000	2.145587369370567	50895000
chr3	50900000	50910000	7.280982714747707	50905000
chr3	50910000	50920000	4.211003465326283	50915000
chr3	50920000	50930000	2.356884891783215	50925000
chr3	50930000	50940000	2.06256184024004	50935000
chr3	50940000	50950000	1.75515564264314	50945000
chr3	50950000	50960000	1.7507079923913444	50955000
chr3	50960000	50970000	12.11169794370259	50965000
chr3	50970000	50980000	6.084847733956742	50975000
chr3	50980000	50990000	2.090517273141674	50985000
chr3	50990000	51000000	3.4729221625905007	50995000
chr3	51000000	51010000	3.9424099762037277	51005000
chr3	51010000	51020000	3.9790104261171977	51015000
chr3	51020000	51030000	3.598871643303913	51025000
chr3	51030000	51040000	2.828615170044436	51035000
chr3	51040000	51050000	10.78360315169967	51045000
chr3	51050000	51060000	4.2865406547943525	51055000
chr3	51060000	51070000	4.912402319423626	51065000
chr3	51070000	51080000	5.66588547407239	51075000
chr3	51080000	51090000	4.168165198528566	51085000
chr3	51090000	51100000	2.728987380153679	51095000
chr3	51100000	51110000	3.9381848034814015	51105000
chr3	51110000	51120000	2.6725353607883893	51115000
chr3	51120000	51130000	8.403447752704897	51125000
chr3	51130000	51140000	1.0970153208724795	51135000
chr3	51140000	51150000	1.0006030556665733	51145000
chr3	51150000	51160000	1.2921060197709586	51155000
chr3	51160000	51170000	2.1521121736753512	51165000
chr3	51170000	51180000	4.723717786397206	51175000
chr3	51180000	51190000	3.1348411940843275	51185000
chr3	51190000	51200000	3.708107252693087	51195000
chr3	51200000	51210000	2.8175497851203355	51205000
chr3	51210000	51220000	1.2249706774675104	51215000
chr3	51220000	51230000	2.8811412070566953	51225000
chr3	51230000	51240000	1.8098197300370513	51235000
chr3	51240000	51250000	4.426315406339398	51245000
chr3	51250000	51260000	2.7835396739469767	51255000
chr3	51260000	51270000	2.9370029168664167	51265000
chr3	51270000	51280000	2.962224729591084	51275000
chr3	51280000	51290000	1.148440474545111	51285000
chr3	51290000	51300000	2.263601291377774	51295000
chr3	51300000	51310000	3.1815148293823436	51305000
chr3	51310000	51320000	5.121978658978125	51315000
chr3	51320000	51330000	3.788837351198134	51325000
chr3	51330000	51340000	2.5147090964563437	51335000
chr3	51340000	51350000	2.6667883328181676	51345000
chr3	51350000	51360000	2.512510688122545	51355000
chr3	51360000	51370000	1.7148151770625253	51365000
chr3	51370000	51380000	2.907338218060758	51375000
chr3	51380000	51390000	5.4550914911019195	51385000
chr3	51390000	51400000	1.447719067608636	51395000
chr3	51400000	51410000	2.3067968251351774	51405000
chr3	51410000	51420000	1.3963648749782809	51415000
chr3	51420000	51430000	2.633233589681526	51425000
chr3	51430000	51440000	13.072034066470657	51435000
chr3	51440000	51450000	3.326118699507765	51445000
chr3	51450000	51460000	2.295114835182796	51455000
chr3	51460000	51470000	2.397738433720594	51465000
chr3	51470000	51480000	7.780810901618167	51475000
chr3	51480000	51490000	2.365282787266636	51485000
chr3	51490000	51500000	1.8428479290407604	51495000
chr3	51500000	51510000	1.3759272357176608	51505000
chr3	51510000	51520000	1.517863457856938	51515000
chr3	51520000	51530000	2.2552504087638754	51525000
chr3	51530000	51540000	1.4196151744185144	51535000
chr3	51540000	51550000	2.2074485965642907	51545000
chr3	51550000	51560000	2.9074018240878052	51555000
chr3	51560000	51570000	2.3614078093295308	51565000
chr3	51570000	51580000	2.0556084575821187	51575000
chr3	51580000	51590000	5.36015930081689	51585000
chr3	51590000	51600000	2.8456452137715145	51595000
chr3	51600000	51610000	2.3512818290830584	51605000
chr3	51610000	51620000	1.0186430207214618	51615000
chr3	51620000	51630000	1.3766697640708707	51625000
chr3	51630000	51640000	1.2064123549698602	51635000
chr3	51640000	51650000	2.4598111547733454	51645000
chr3	51650000	51660000	2.0091575845686425	51655000
chr3	51660000	51670000	1.4282446860881837	51665000
chr3	51670000	51680000	1.803768801386333	51675000
chr3	51680000	51690000	1.6180750472366328	51685000
chr3	51690000	51700000	3.401175478857722	51695000
chr3	51700000	51710000	2.0821845472393457	51705000
chr3	51710000	51720000	2.9091209870343873	51715000
chr3	51720000	51730000	1.978507222783934	51725000
chr3	51730000	51740000	1.79113557455711	51735000
chr3	51740000	51750000	2.785926316026328	51745000
chr3	51750000	51760000	2.5115853078553534	51755000
chr3	51760000	51770000	3.0352031941641093	51765000
chr3	51770000	51780000	4.330521279568791	51775000
chr3	51780000	51790000	2.9031240910246523	51785000
chr3	51790000	51800000	2.3714009924553228	51795000
chr3	51800000	51810000	1.2582407260087602	51805000
chr3	51810000	51820000	1.8983421675524408	51815000
chr3	51820000	51830000	1.8503242691531012	51825000
chr3	51830000	51840000	1.2707718526654768	51835000
chr3	51840000	51850000	2.581773426511834	51845000
chr3	51850000	51860000	1.2065483221781557	51855000
chr3	51860000	51870000	0.709442880445773	51865000
chr3	51870000	51880000	1.9521648979554473	51875000
chr3	51880000	51890000	1.902006686569303	51885000
chr3	51890000	51900000	5.829614730603027	51895000
chr3	51900000	51910000	3.9290363467096623	51905000
chr3	51910000	51920000	3.4271306039666087	51915000
chr3	51920000	51930000	2.4047597053125047	51925000
chr3	51930000	51940000	3.5289023804809716	51935000
chr3	51940000	51950000	3.342154404253253	51945000
chr3	51950000	51960000	3.462583426213908	51955000
chr3	51960000	51970000	1.5441123018556773	51965000
chr3	51970000	51980000	2.5433291320886378	51975000
chr3	51980000	51990000	1.1621545611536743	51985000
chr3	51990000	52000000	0.9773403930984966	51995000
chr3	52000000	52010000	1.426698812360271	52005000
chr3	52010000	52020000	8.69813175582645	52015000
chr3	52020000	52030000	3.017101301697608	52025000
chr3	52030000	52040000	2.2016321615830057	52035000
chr3	52040000	52050000	1.9652230477228478	52045000
chr3	52050000	52060000	2.155455125869754	52055000
chr3	52060000	52070000	2.113187869785006	52065000
chr3	52070000	52080000	1.191064540288592	52075000
chr3	52080000	52090000	1.4232310641926214	52085000
chr3	52090000	52100000	2.173733944282541	52095000
chr3	52100000	52110000	7.3651666962482345	52105000
chr3	52110000	52120000	2.381901219881189	52115000
chr3	52120000	52130000	1.3744247455347252	52125000
chr3	52130000	52140000	0.8152597559271013	52135000
chr3	52140000	52150000	1.9036581280850327	52145000
chr3	52150000	52160000	1.536685082352264	52155000
chr3	52160000	52170000	13.636555418971088	52165000
chr3	52170000	52180000	5.247695743973921	52175000
chr3	52180000	52190000	4.717234034656392	52185000
chr3	52190000	52200000	3.643262586958739	52195000
chr3	52200000	52210000	2.3575683874636026	52205000
chr3	52210000	52220000	6.7179988346781085	52215000
chr3	52220000	52230000	1.75140824036036	52225000
chr3	52230000	52240000	1.3685989422286347	52235000
chr3	52240000	52250000	1.3818010677612247	52245000
chr3	52250000	52260000	1.5203140983866883	52255000
chr3	52260000	52270000	2.7197551714128783	52265000
chr3	52270000	52280000	3.1769323282558943	52275000
chr3	52280000	52290000	14.610974376973788	52285000
chr3	52290000	52300000	3.4039253892358436	52295000
chr3	52300000	52310000	3.551084306779829	52305000
chr3	52310000	52320000	2.6995145306553905	52315000
chr3	52320000	52330000	3.5088515745790567	52325000
chr3	52330000	52340000	4.185596558166861	52335000
chr3	52340000	52350000	11.851549791399233	52345000
chr3	52350000	52360000	8.886562761136018	52355000
chr3	52360000	52370000	6.59405282633435	52365000
chr3	52370000	52380000	9.862580113501345	52375000
chr3	52380000	52390000	5.160025820734494	52385000
chr3	52390000	52400000	2.4972317338358074	52395000
chr3	52400000	52410000	3.1148696745611324	52405000
chr3	52410000	52420000	2.5910504912816097	52415000
chr3	52420000	52430000	2.3653209242626025	52425000
chr3	52430000	52440000	1.8369704865024432	52435000
chr3	52440000	52450000	1.9883589742906058	52445000
chr3	52450000	52460000	3.8857685036239262	52455000
chr3	52460000	52470000	11.2337188566374	52465000
chr3	52470000	52480000	16.00675670649905	52475000
chr3	52480000	52490000	1.9609703372185077	52485000
chr3	52490000	52500000	1.4940128514976883	52495000
chr3	52500000	52510000	1.362223062854439	52505000
chr3	52510000	52520000	1.2773340191506375	52515000
chr3	52520000	52530000	2.354967285909416	52525000
chr3	52530000	52540000	1.2134314854716506	52535000
chr3	52540000	52550000	3.08615073361175	52545000
chr3	52550000	52560000	3.115140240924176	52555000
chr3	52560000	52570000	3.511779225183197	52565000
chr3	52570000	52580000	2.530886259750343	52575000
chr3	52580000	52590000	4.963822708032508	52585000
chr3	52590000	52600000	3.334072850294312	52595000
chr3	52600000	52610000	2.907424619466825	52605000
chr3	52610000	52620000	12.421626162346511	52615000
chr3	52620000	52630000	0.9142121047330578	52625000
chr3	52630000	52640000	2.970126318576987	52635000
chr3	52640000	52650000	2.5188667340220974	52645000
chr3	52650000	52660000	0.715989842764899	52655000
chr3	52660000	52670000	2.0501577459379976	52665000
chr3	52670000	52680000	1.499648590879859	52675000
chr3	52680000	52690000	2.0824662083050067	52685000
chr3	52690000	52700000	1.6417717190669623	52695000
chr3	52700000	52710000	3.0106828121243008	52705000
chr3	52710000	52720000	2.2882742835340655	52715000
chr3	52720000	52730000	1.5948551871738095	52725000
chr3	52730000	52740000	2.6206494571426067	52735000
chr3	52740000	52750000	2.465398800617405	52745000
chr3	52750000	52760000	5.095201807458894	52755000
chr3	52760000	52770000	1.9695050297536372	52765000
chr3	52770000	52780000	2.5357395100822346	52775000
chr3	52780000	52790000	1.0052675825890307	52785000
chr3	52790000	52800000	2.7483674032677956	52795000
chr3	52800000	52810000	2.1532991973067954	52805000
chr3	52810000	52820000	1.9607559938581458	52815000
chr3	52820000	52830000	1.215976029722236	52825000
chr3	52830000	52840000	1.0633971183383593	52835000
chr3	52840000	52850000	3.31911584622059	52845000
chr3	52850000	52860000	2.0784732200213027	52855000
chr3	52860000	52870000	1.6746288765805892	52865000
chr3	52870000	52880000	2.208728154949411	52875000
chr3	52880000	52890000	2.945405121859354	52885000
chr3	52890000	52900000	9.042003726883541	52895000
chr3	52900000	52910000	7.2452026721096425	52905000
chr3	52910000	52920000	3.1357055203934046	52915000
chr3	52920000	52930000	1.4341919631025195	52925000
chr3	52930000	52940000	0.7636827505294838	52935000
chr3	52940000	52950000	0.8075960429022	52945000
chr3	52950000	52960000	2.0489751193745556	52955000
chr3	52960000	52970000	1.6376760661323124	52965000
chr3	52970000	52980000	7.07095548330541	52975000
chr3	52980000	52990000	6.2505676393387	52985000
chr3	52990000	53000000	2.0009924176663905	52995000
chr3	53000000	53010000	1.0621115288385743	53005000
chr3	53010000	53020000	0.5348530923570033	53015000
chr3	53020000	53030000	1.0890275600402275	53025000
chr3	53030000	53040000	17.64963839253765	53035000
chr3	53040000	53050000	3.7395013080774406	53045000
chr3	53050000	53060000	3.2333197663002196	53055000
chr3	53060000	53070000	4.420694390147155	53065000
chr3	53070000	53080000	3.5248874309278033	53075000
chr3	53080000	53090000	3.968778606601277	53085000
chr3	53090000	53100000	2.0368838789813166	53095000
chr3	53100000	53110000	3.146157232344481	53105000
chr3	53110000	53120000	5.535538190082855	53115000
chr3	53120000	53130000	4.420962891743559	53125000
chr3	53130000	53140000	5.3529672863780675	53135000
chr3	53140000	53150000	4.451595401442258	53145000
chr3	53150000	53160000	7.285827281097352	53155000
chr3	53160000	53170000	2.526864846279958	53165000
chr3	53170000	53180000	3.196827340662422	53175000
chr3	53180000	53190000	2.8143861158323906	53185000
chr3	53190000	53200000	4.851105848815833	53195000
chr3	53200000	53210000	2.850997445443906	53205000
chr3	53210000	53220000	2.472526176803413	53215000
chr3	53220000	53230000	1.8354551338462943	53225000
chr3	53230000	53240000	1.6274911663523846	53235000
chr3	53240000	53250000	2.422750465621444	53245000
chr3	53250000	53260000	2.971329564353916	53255000
chr3	53260000	53270000	4.408571110658778	53265000
chr3	53270000	53280000	1.9245060160168401	53275000
chr3	53280000	53290000	1.2174368476428779	53285000
chr3	53290000	53300000	1.6150872500092128	53295000
chr3	53300000	53310000	1.5633366928571413	53305000
chr3	53310000	53320000	2.8660286283892824	53315000
chr3	53320000	53330000	1.9454444459909788	53325000
chr3	53330000	53340000	2.706607111197981	53335000
chr3	53340000	53350000	2.0661988274958274	53345000
chr3	53350000	53360000	2.1372852483026286	53355000
chr3	53360000	53370000	1.628391187367311	53365000
chr3	53370000	53380000	2.285857271639856	53375000
chr3	53380000	53390000	1.4814178042837247	53385000
chr3	53390000	53400000	1.9462436901377664	53395000
chr3	53400000	53410000	1.9649736640970263	53405000
chr3	53410000	53420000	1.8098255915578425	53415000
chr3	53420000	53430000	3.260365677101557	53425000
chr3	53430000	53440000	5.1540934648409955	53435000
chr3	53440000	53450000	5.091160154145766	53445000
chr3	53450000	53460000	3.3502116167031373	53455000
chr3	53460000	53470000	2.702468924123876	53465000
chr3	53470000	53480000	2.593749360488489	53475000
chr3	53480000	53490000	1.657738587675879	53485000
chr3	53490000	53500000	2.9276875677918532	53495000
chr3	53500000	53510000	3.98440635537659	53505000
chr3	53510000	53520000	3.5914457735425533	53515000
chr3	53520000	53530000	3.804435974107336	53525000
chr3	53530000	53540000	2.2265569522266415	53535000
chr3	53540000	53550000	1.3167784103299784	53545000
chr3	53550000	53560000	1.72814337530268	53555000
chr3	53560000	53570000	1.383739745980812	53565000
chr3	53570000	53580000	1.175174737876523	53575000
chr3	53580000	53590000	1.3652456497897774	53585000
chr3	53590000	53600000	1.9753425566993348	53595000
chr3	53600000	53610000	2.130198290979561	53605000
chr3	53610000	53620000	3.3231812995808423	53615000
chr3	53620000	53630000	6.850327502656694	53625000
chr3	53630000	53640000	1.4986204186334657	53635000
chr3	53640000	53650000	5.400921035031356	53645000
chr3	53650000	53660000	4.023792351237738	53655000
chr3	53660000	53670000	2.4086443400483613	53665000
chr3	53670000	53680000	1.8475963879976423	53675000
chr3	53680000	53690000	2.9576150971421713	53685000
chr3	53690000	53700000	2.7478111205498115	53695000
chr3	53700000	53710000	1.212806202283464	53705000
chr3	53710000	53720000	5.098136302567263	53715000
chr3	53720000	53730000	1.3557225175083423	53725000
chr3	53730000	53740000	2.0847425321500164	53735000
chr3	53740000	53750000	2.1828292010108927	53745000
chr3	53750000	53760000	7.851745907967282	53755000
chr3	53760000	53770000	1.6905946932653235	53765000
chr3	53770000	53780000	0.986889122528716	53775000
chr3	53780000	53790000	1.2370513107751848	53785000
chr3	53790000	53800000	1.6095770473455902	53795000
chr3	53800000	53810000	2.447440331836442	53805000
chr3	53810000	53820000	0.5339886986314114	53815000
chr3	53820000	53830000	1.0335852536989583	53825000
chr3	53830000	53840000	1.177146325507568	53835000
chr3	53840000	53850000	0.9871705840622523	53845000
chr3	53850000	53860000	1.184759449186791	53855000
chr3	53860000	53870000	1.3400933458178776	53865000
chr3	53870000	53880000	1.1324544082680978	53875000
chr3	53880000	53890000	1.3521975253963265	53885000
chr3	53890000	53900000	1.5166722090566007	53895000
chr3	53900000	53910000	1.2619037051148476	53905000
chr3	53910000	53920000	1.1983177819293185	53915000
chr3	53920000	53930000	1.214876555473249	53925000
chr3	53930000	53940000	1.1237596721122118	53935000
chr3	53940000	53950000	0.9286621625852587	53945000
chr3	53950000	53960000	1.097177428103273	53955000
chr3	53960000	53970000	2.4811920544525465	53965000
chr3	53970000	53980000	2.0361402712678953	53975000
chr3	53980000	53990000	2.4140290602875574	53985000
chr3	53990000	54000000	2.613024454190258	53995000
chr3	54000000	54010000	1.3132490154935375	54005000
chr3	54010000	54020000	1.960513103156522	54015000
chr3	54020000	54030000	2.273396685621229	54025000
chr3	54030000	54040000	2.9364385445333214	54035000
chr3	54040000	54050000	1.1403997799763843	54045000
chr3	54050000	54060000	1.053240247730351	54055000
chr3	54060000	54070000	4.028219802076792	54065000
chr3	54070000	54080000	7.187404271981507	54075000
chr3	54080000	54090000	3.258516350192379	54085000
chr3	54090000	54100000	3.4690201543670924	54095000
chr3	54100000	54110000	1.7171444018924755	54105000
chr3	54110000	54120000	1.9621273538327941	54115000
chr3	54120000	54130000	0.35733528750403937	54125000
chr3	54130000	54140000	0.5282835272492233	54135000
chr3	54140000	54150000	0.7946513138700964	54145000
chr3	54150000	54160000	1.1118714930110523	54155000
chr3	54160000	54170000	1.4787713311974509	54165000
chr3	54170000	54180000	1.3439771667900964	54175000
chr3	54180000	54190000	7.187973113406892	54185000
chr3	54190000	54200000	0.9546481807311017	54195000
chr3	54200000	54210000	1.856147824268707	54205000
chr3	54210000	54220000	27.23969563856027	54215000
chr3	54220000	54230000	2.391994369883181	54225000
chr3	54230000	54240000	1.9916274170249437	54235000
chr3	54240000	54250000	3.768761423553102	54245000
chr3	54250000	54260000	3.3480842569492055	54255000
chr3	54260000	54270000	5.499219044192427	54265000
chr3	54270000	54280000	3.753821049933597	54275000
chr3	54280000	54290000	2.5471268032282928	54285000
chr3	54290000	54300000	1.74670993738663	54295000
chr3	54300000	54310000	1.7253802526497604	54305000
chr3	54310000	54320000	1.9873320470315163	54315000
chr3	54320000	54330000	1.6392106346797413	54325000
chr3	54330000	54340000	2.281693716673806	54335000
chr3	54340000	54350000	2.234690056144232	54345000
chr3	54350000	54360000	5.529634747651877	54355000
chr3	54360000	54370000	4.3506321679527815	54365000
chr3	54370000	54380000	3.55585364879648	54375000
chr3	54380000	54390000	3.050203248073729	54385000
chr3	54390000	54400000	1.6316293960058876	54395000
chr3	54400000	54410000	10.100174613338304	54405000
chr3	54410000	54420000	1.6241781681039207	54415000
chr3	54420000	54430000	1.988012570897835	54425000
chr3	54430000	54440000	1.3529964703658075	54435000
chr3	54440000	54450000	1.9594775436973522	54445000
chr3	54450000	54460000	1.1617938836959922	54455000
chr3	54460000	54470000	3.4399268585306095	54465000
chr3	54470000	54480000	3.0925976972529834	54475000
chr3	54480000	54490000	1.9836760625741037	54485000
chr3	54490000	54500000	2.8151519963481015	54495000
chr3	54500000	54510000	3.255420690024348	54505000
chr3	54510000	54520000	3.4391178538458216	54515000
chr3	54520000	54530000	4.278812681280184	54525000
chr3	54530000	54540000	3.6798990801654705	54535000
chr3	54540000	54550000	3.4573324426305887	54545000
chr3	54550000	54560000	4.053440245180862	54555000
chr3	54560000	54570000	25.57776156809976	54565000
chr3	54570000	54580000	9.01182371023336	54575000
chr3	54580000	54590000	4.3087890221925305	54585000
chr3	54590000	54600000	3.549352467805159	54595000
chr3	54600000	54610000	3.8799925535692683	54605000
chr3	54610000	54620000	0.915639268885495	54615000
chr3	54620000	54630000	2.5015696691653604	54625000
chr3	54630000	54640000	0.5845115050962374	54635000
chr3	54640000	54650000	0.8893986098924789	54645000
chr3	54650000	54660000	0.7000984099473005	54655000
chr3	54660000	54670000	2.315816612221771	54665000
chr3	54670000	54680000	0.9545212444527	54675000
chr3	54680000	54690000	1.823975785471171	54685000
chr3	54690000	54700000	0.9098492643645956	54695000
chr3	54700000	54710000	1.753292269186925	54705000
chr3	54710000	54720000	8.213323087369217	54715000
chr3	54720000	54730000	2.05942637794288	54725000
chr3	54730000	54740000	0.9283414156780635	54735000
chr3	54740000	54750000	10.742138672502124	54745000
chr3	54750000	54760000	1.0142738104591023	54755000
chr3	54760000	54770000	0.42264268601241833	54765000
chr3	54770000	54780000	2.2591972762285417	54775000
chr3	54780000	54790000	1.274395613207186	54785000
chr3	54790000	54800000	0.9510222376740226	54795000
chr3	54800000	54810000	2.2628161525434067	54805000
chr3	54810000	54820000	2.3402412612282317	54815000
chr3	54820000	54830000	0.9817441095405719	54825000
chr3	54830000	54840000	2.527712040104336	54835000
chr3	54840000	54850000	5.3658504409066365	54845000
chr3	54850000	54860000	5.011860565905931	54855000
chr3	54860000	54870000	4.884454230176975	54865000
chr3	54870000	54880000	7.67851828625364	54875000
chr3	54880000	54890000	4.3063277964048154	54885000
chr3	54890000	54900000	3.3691900808940867	54895000
chr3	54900000	54910000	9.989933934596886	54905000
chr3	54910000	54920000	8.163231008295888	54915000
chr3	54920000	54930000	0.7241831917440893	54925000
chr3	54930000	54940000	1.763005554940007	54935000
chr3	54940000	54950000	1.1878714823706529	54945000
chr3	54950000	54960000	7.451855948973194	54955000
chr3	54960000	54970000	1.9348166862446856	54965000
chr3	54970000	54980000	2.820883410301394	54975000
chr3	54980000	54990000	1.7980735772073446	54985000
chr3	54990000	55000000	0.7872271309992945	54995000
chr3	55000000	55010000	4.267385200919103	55005000
chr3	55010000	55020000	2.542689734181026	55015000
chr3	55020000	55030000	13.007715720153168	55025000
chr3	55030000	55040000	3.7005772808872064	55035000
chr3	55040000	55050000	2.792274395432054	55045000
chr3	55050000	55060000	2.941846939493362	55055000
chr3	55060000	55070000	2.145817003191957	55065000
chr3	55070000	55080000	1.4821595801775393	55075000
chr3	55080000	55090000	2.6631955595540973	55085000
chr3	55090000	55100000	3.9527355067393115	55095000
chr3	55100000	55110000	1.4723807404441331	55105000
chr3	55110000	55120000	1.6007086690261807	55115000
chr3	55120000	55130000	1.5266427052507154	55125000
chr3	55130000	55140000	1.3565021686081515	55135000
chr3	55140000	55150000	2.9921449791633834	55145000
chr3	55150000	55160000	3.2340744150763854	55155000
chr3	55160000	55170000	2.967917180909641	55165000
chr3	55170000	55180000	3.3103381108463603	55175000
chr3	55180000	55190000	1.4220859338663756	55185000
chr3	55190000	55200000	2.7992108800216258	55195000
chr3	55200000	55210000	2.4987491616340645	55205000
chr3	55210000	55220000	5.476165690154316	55215000
chr3	55220000	55230000	2.4162085954064514	55225000
chr3	55230000	55240000	6.073417416341594	55235000
chr3	55240000	55250000	1.736937951855267	55245000
chr3	55250000	55260000	4.625403854018912	55255000
chr3	55260000	55270000	5.674401684633077	55265000
chr3	55270000	55280000	5.338420293836593	55275000
chr3	55280000	55290000	6.4603996026430845	55285000
chr3	55290000	55300000	3.4673005139113084	55295000
chr3	55300000	55310000	1.4410610540482085	55305000
chr3	55310000	55320000	2.1866117982853246	55315000
chr3	55320000	55330000	2.696711854651851	55325000
chr3	55330000	55340000	8.882238352355067	55335000
chr3	55340000	55350000	13.559744481235336	55345000
chr3	55350000	55360000	1.643314486390885	55355000
chr3	55360000	55370000	1.790722144061215	55365000
chr3	55370000	55380000	1.744716528120034	55375000
chr3	55380000	55390000	1.2170597296980419	55385000
chr3	55390000	55400000	11.255758554911907	55395000
chr3	55400000	55410000	1.9784852053600925	55405000
chr3	55410000	55420000	0.8679495555508253	55415000
chr3	55420000	55430000	1.0178692285161888	55425000
chr3	55430000	55440000	3.125318108703492	55435000
chr3	55440000	55450000	4.1757301109705605	55445000
chr3	55450000	55460000	4.960471632352529	55455000
chr3	55460000	55470000	0.6920783240490728	55465000
chr3	55470000	55480000	7.498605369113123	55475000
chr3	55480000	55490000	7.078139950244554	55485000
chr3	55490000	55500000	3.99475761496813	55495000
chr3	55500000	55510000	2.784048413199715	55505000
chr3	55510000	55520000	6.284046133568909	55515000
chr3	55520000	55530000	3.9994320679565556	55525000
chr3	55530000	55540000	3.7029056241889586	55535000
chr3	55540000	55550000	2.9603642988787278	55545000
chr3	55550000	55560000	2.0236335427194416	55555000
chr3	55560000	55570000	2.628898700917185	55565000
chr3	55570000	55580000	3.665185836278754	55575000
chr3	55580000	55590000	3.9991451191291025	55585000
chr3	55590000	55600000	2.648141982257935	55595000
chr3	55600000	55610000	2.4788900537127287	55605000
chr3	55610000	55620000	4.27175621623847	55615000
chr3	55620000	55630000	3.953507942998372	55625000
chr3	55630000	55640000	3.248695554308401	55635000
chr3	55640000	55650000	4.193406245126325	55645000
chr3	55650000	55660000	2.624875025324482	55655000
chr3	55660000	55670000	3.2202175804562447	55665000
chr3	55670000	55680000	1.7285416000586555	55675000
chr3	55680000	55690000	2.8573074821252984	55685000
chr3	55690000	55700000	11.306726895528065	55695000
chr3	55700000	55710000	1.113057686991985	55705000
chr3	55710000	55720000	1.932366514388622	55715000
chr3	55720000	55730000	1.7504199932369657	55725000
chr3	55730000	55740000	2.152058249470526	55735000
chr3	55740000	55750000	2.3483203324448665	55745000
chr3	55750000	55760000	2.5785556654072033	55755000
chr3	55760000	55770000	2.3428775059078095	55765000
chr3	55770000	55780000	2.555378064108242	55775000
chr3	55780000	55790000	1.3521951002231356	55785000
chr3	55790000	55800000	4.167825733819854	55795000
chr3	55800000	55810000	2.783271744595916	55805000
chr3	55810000	55820000	1.3387859323514657	55815000
chr3	55820000	55830000	2.691971911804164	55825000
chr3	55830000	55840000	1.7284887550639685	55835000
chr3	55840000	55850000	2.7491181803263744	55845000
chr3	55850000	55860000	14.241380041874857	55855000
chr3	55860000	55870000	2.454625449812044	55865000
chr3	55870000	55880000	2.530114889405001	55875000
chr3	55880000	55890000	1.9803324261825273	55885000
chr3	55890000	55900000	2.077952095761444	55895000
chr3	55900000	55910000	1.896958152743145	55905000
chr3	55910000	55920000	1.819733324321195	55915000
chr3	55920000	55930000	1.6438763503070926	55925000
chr3	55930000	55940000	4.346856331264884	55935000
chr3	55940000	55950000	2.079901299849613	55945000
chr3	55950000	55960000	3.588826352508275	55955000
chr3	55960000	55970000	3.2855887023323542	55965000
chr3	55970000	55980000	9.945841516936422	55975000
chr3	55980000	55990000	1.541823968658834	55985000
chr3	55990000	56000000	5.107798016786863	55995000
chr3	56000000	56010000	2.6162399352633234	56005000
chr3	56010000	56020000	3.4659967155440623	56015000
chr3	56020000	56030000	5.677887281831532	56025000
chr3	56030000	56040000	1.6495475319799207	56035000
chr3	56040000	56050000	7.173016412274686	56045000
chr3	56050000	56060000	7.145695859135896	56055000
chr3	56060000	56070000	1.653117297326189	56065000
chr3	56070000	56080000	2.0400912029128078	56075000
chr3	56080000	56090000	2.0208258406863404	56085000
chr3	56090000	56100000	6.154484063760754	56095000
chr3	56100000	56110000	2.9705007705388913	56105000
chr3	56110000	56120000	3.0716413014856765	56115000
chr3	56120000	56130000	5.52223562758504	56125000
chr3	56130000	56140000	6.442854311232064	56135000
chr3	56140000	56150000	5.360784322913858	56145000
chr3	56150000	56160000	3.5719843497875656	56155000
chr3	56160000	56170000	2.724041727141552	56165000
chr3	56170000	56180000	1.2141283880389262	56175000
chr3	56180000	56190000	2.1221848143720545	56185000
chr3	56190000	56200000	2.3803000907986473	56195000
chr3	56200000	56210000	4.1971978652123205	56205000
chr3	56210000	56220000	2.435684004574745	56215000
chr3	56220000	56230000	2.6560178267660786	56225000
chr3	56230000	56240000	5.012495967248957	56235000
chr3	56240000	56250000	1.2899354372779106	56245000
chr3	56250000	56260000	2.301183889979242	56255000
chr3	56260000	56270000	2.105346450807304	56265000
chr3	56270000	56280000	10.664351258438684	56275000
chr3	56280000	56290000	5.346202762162948	56285000
chr3	56290000	56300000	2.1391966227790093	56295000
chr3	56300000	56310000	3.2769624693366097	56305000
chr3	56310000	56320000	2.8767182555876314	56315000
chr3	56320000	56330000	1.758046711422692	56325000
chr3	56330000	56340000	3.595911065191677	56335000
chr3	56340000	56350000	3.0149018298578922	56345000
chr3	56350000	56360000	5.378635613979788	56355000
chr3	56360000	56370000	3.5056690093032414	56365000
chr3	56370000	56380000	2.574982833826057	56375000
chr3	56380000	56390000	3.615373591573971	56385000
chr3	56390000	56400000	1.7010422782977044	56395000
chr3	56400000	56410000	1.7115020131408352	56405000
chr3	56410000	56420000	0.5961604235467813	56415000
chr3	56420000	56430000	0.35910709061435636	56425000
chr3	56430000	56440000	0.431972021268564	56435000
chr3	56440000	56450000	0.4306065574772107	56445000
chr3	56450000	56460000	0.5213710481752608	56455000
chr3	56460000	56470000	0.4550333025561882	56465000
chr3	56470000	56480000	1.3734326331251052	56475000
chr3	56480000	56490000	4.797606068267987	56485000
chr3	56490000	56500000	2.884088231217836	56495000
chr3	56500000	56510000	2.9263907654926937	56505000
chr3	56510000	56520000	2.271215578402891	56515000
chr3	56520000	56530000	14.003420315285908	56525000
chr3	56530000	56540000	2.0517179471993283	56535000
chr3	56540000	56550000	3.2130212503114555	56545000
chr3	56550000	56560000	9.557314514502545	56555000
chr3	56560000	56570000	3.6904936616575164	56565000
chr3	56570000	56580000	2.0578592972387186	56575000
chr3	56580000	56590000	1.8464190354546643	56585000
chr3	56590000	56600000	1.6394599630264433	56595000
chr3	56600000	56610000	3.0977204153343476	56605000
chr3	56610000	56620000	1.8152852379613278	56615000
chr3	56620000	56630000	0.47232914711183366	56625000
chr3	56630000	56640000	0.3991624811031224	56635000
chr3	56640000	56650000	0.7095127536513349	56645000
chr3	56650000	56660000	1.915482735626155	56655000
chr3	56660000	56670000	6.105098182577943	56665000
chr3	56670000	56680000	4.136722924958044	56675000
chr3	56680000	56690000	3.368071836768202	56685000
chr3	56690000	56700000	2.535298699624664	56695000
chr3	56700000	56710000	3.788856711672217	56705000
chr3	56710000	56720000	10.337504307430928	56715000
chr3	56720000	56730000	3.455518362885221	56725000
chr3	56730000	56740000	13.000505587243072	56735000
chr3	56740000	56750000	6.827446667749173	56745000
chr3	56750000	56760000	4.4434541367884055	56755000
chr3	56760000	56770000	9.344537726612291	56765000
chr3	56770000	56780000	6.7274209618574	56775000
chr3	56780000	56790000	0.9745414941445808	56785000
chr3	56790000	56800000	1.1902365687095051	56795000
chr3	56800000	56810000	0.7725397283512798	56805000
chr3	56810000	56820000	1.6312886931822426	56815000
chr3	56820000	56830000	2.8691130988629125	56825000
chr3	56830000	56840000	13.0048599493545	56835000
chr3	56840000	56850000	1.1782239235953345	56845000
chr3	56850000	56860000	1.0096778414126757	56855000
chr3	56860000	56870000	1.7457241153074246	56865000
chr3	56870000	56880000	5.380028930680849	56875000
chr3	56880000	56890000	7.986820495129348	56885000
chr3	56890000	56900000	1.168812057286625	56895000
chr3	56900000	56910000	8.90224926457743	56905000
chr3	56910000	56920000	1.8065458818999	56915000
chr3	56920000	56930000	0.909243080442136	56925000
chr3	56930000	56940000	9.106350091779571	56935000
chr3	56940000	56950000	5.615056999474659	56945000
chr3	56950000	56960000	3.9557159539005338	56955000
chr3	56960000	56970000	6.7208155571634265	56965000
chr3	56970000	56980000	2.314498882412752	56975000
chr3	56980000	56990000	2.6751612988424704	56985000
chr3	56990000	57000000	16.6486850169575	56995000
chr3	57000000	57010000	4.499218706788176	57005000
chr3	57010000	57020000	2.7566340228090267	57015000
chr3	57020000	57030000	3.434374506734546	57025000
chr3	57030000	57040000	4.577521684734443	57035000
chr3	57040000	57050000	3.221844830292317	57045000
chr3	57050000	57060000	1.4976568494650466	57055000
chr3	57060000	57070000	3.447092569453222	57065000
chr3	57070000	57080000	3.284846202796646	57075000
chr3	57080000	57090000	3.7863796098806977	57085000
chr3	57090000	57100000	6.11008745252795	57095000
chr3	57100000	57110000	2.2492568255598275	57105000
chr3	57110000	57120000	4.13695593120849	57115000
chr3	57120000	57130000	1.8657757470539924	57125000
chr3	57130000	57140000	3.109085503032132	57135000
chr3	57140000	57150000	2.7795234908609743	57145000
chr3	57150000	57160000	12.665116716695232	57155000
chr3	57160000	57170000	1.8957675453187863	57165000
chr3	57170000	57180000	7.0248412374280145	57175000
chr3	57180000	57190000	5.223675032125262	57185000
chr3	57190000	57200000	1.1632329210680605	57195000
chr3	57200000	57210000	1.3139852640149663	57205000
chr3	57210000	57220000	10.769714537685386	57215000
chr3	57220000	57230000	1.3327768120855703	57225000
chr3	57230000	57240000	1.662294289510417	57235000
chr3	57240000	57250000	4.198105680189753	57245000
chr3	57250000	57260000	6.980129765715911	57255000
chr3	57260000	57270000	1.571070528829252	57265000
chr3	57270000	57280000	0.7465706232763754	57275000
chr3	57280000	57290000	0.7194576732059377	57285000
chr3	57290000	57300000	3.4802709157531617	57295000
chr3	57300000	57310000	1.7954040471152581	57305000
chr3	57310000	57320000	8.634039202206932	57315000
chr3	57320000	57330000	2.5835085780902283	57325000
chr3	57330000	57340000	1.9540628828440183	57335000
chr3	57340000	57350000	3.886482176984645	57345000
chr3	57350000	57360000	3.932586280585071	57355000
chr3	57360000	57370000	8.717712981208688	57365000
chr3	57370000	57380000	3.203223591347225	57375000
chr3	57380000	57390000	6.380555940717457	57385000
chr3	57390000	57400000	1.70571631509377	57395000
chr3	57400000	57410000	1.5995163285261094	57405000
chr3	57410000	57420000	3.1630776613457443	57415000
chr3	57420000	57430000	4.404009630479842	57425000
chr3	57430000	57440000	3.8646138885624346	57435000
chr3	57440000	57450000	6.162406015419457	57445000
chr3	57450000	57460000	4.1478566560114265	57455000
chr3	57460000	57470000	5.8894250008393385	57465000
chr3	57470000	57480000	2.676553538821828	57475000
chr3	57480000	57490000	10.522803741963388	57485000
chr3	57490000	57500000	3.9277329506257437	57495000
chr3	57500000	57510000	3.4781695020189782	57505000
chr3	57510000	57520000	4.274273404311118	57515000
chr3	57520000	57530000	2.2778741206304844	57525000
chr3	57530000	57540000	1.7375400970114578	57535000
chr3	57540000	57550000	8.753433016595096	57545000
chr3	57550000	57560000	3.435783341121075	57555000
chr3	57560000	57570000	2.6318387456432037	57565000
chr3	57570000	57580000	8.967380666835874	57575000
chr3	57580000	57590000	2.672798778731738	57585000
chr3	57590000	57600000	2.0275885726801293	57595000
chr3	57600000	57610000	1.1287965638098325	57605000
chr3	57610000	57620000	4.165559000465917	57615000
chr3	57620000	57630000	1.6927182878264189	57625000
chr3	57630000	57640000	5.5810179563318965	57635000
chr3	57640000	57650000	3.2680565735468967	57645000
chr3	57650000	57660000	1.2639256544216302	57655000
chr3	57660000	57670000	1.8214846907795066	57665000
chr3	57670000	57680000	8.64830903291924	57675000
chr3	57680000	57690000	2.7290437966038374	57685000
chr3	57690000	57700000	4.286562857646437	57695000
chr3	57700000	57710000	1.3877742324090663	57705000
chr3	57710000	57720000	1.4321815263453594	57715000
chr3	57720000	57730000	1.1362248542478968	57725000
chr3	57730000	57740000	2.8978227921989634	57735000
chr3	57740000	57750000	6.5050402577184245	57745000
chr3	57750000	57760000	3.282770537906386	57755000
chr3	57760000	57770000	1.3167815753071943	57765000
chr3	57770000	57780000	1.2752528669972196	57775000
chr3	57780000	57790000	1.4217727030706713	57785000
chr3	57790000	57800000	1.9734643511674739	57795000
chr3	57800000	57810000	3.321142534991136	57805000
chr3	57810000	57820000	3.524076323374308	57815000
chr3	57820000	57830000	10.0682621557491	57825000
chr3	57830000	57840000	7.847566898520329	57835000
chr3	57840000	57850000	4.762538712449523	57845000
chr3	57850000	57860000	11.898931769528065	57855000
chr3	57860000	57870000	5.64368706128062	57865000
chr3	57870000	57880000	1.9329288287910578	57875000
chr3	57880000	57890000	3.932425777517957	57885000
chr3	57890000	57900000	7.4215204330838755	57895000
chr3	57900000	57910000	4.862008392212562	57905000
chr3	57910000	57920000	1.1283734011944104	57915000
chr3	57920000	57930000	1.097226951955752	57925000
chr3	57930000	57940000	5.085393914184012	57935000
chr3	57940000	57950000	17.782680122639686	57945000
chr3	57950000	57960000	6.721853638196659	57955000
chr3	57960000	57970000	0.7292337922853175	57965000
chr3	57970000	57980000	0.6324460600535851	57975000
chr3	57980000	57990000	20.583732920261525	57985000
chr3	57990000	58000000	3.2605920926380647	57995000
chr3	58000000	58010000	1.8724779621635488	58005000
chr3	58010000	58020000	2.7683110050362423	58015000
chr3	58020000	58030000	0.7917423943286078	58025000
chr3	58030000	58040000	1.487909475442914	58035000
chr3	58040000	58050000	1.3403045377948886	58045000
chr3	58050000	58060000	1.9595282408116999	58055000
chr3	58060000	58070000	1.5323886138627711	58065000
chr3	58070000	58080000	1.247993363593633	58075000
chr3	58080000	58090000	2.2292941450446713	58085000
chr3	58090000	58100000	1.4954694259016126	58095000
chr3	58100000	58110000	2.6238601411766562	58105000
chr3	58110000	58120000	1.990324560995677	58115000
chr3	58120000	58130000	1.124310687147257	58125000
chr3	58130000	58140000	3.1768637193779266	58135000
chr3	58140000	58150000	2.3782347112036075	58145000
chr3	58150000	58160000	1.5014938487086005	58155000
chr3	58160000	58170000	2.129823882470038	58165000
chr3	58170000	58180000	4.566192589415197	58175000
chr3	58180000	58190000	2.1162346923617537	58185000
chr3	58190000	58200000	2.5825103860985044	58195000
chr3	58200000	58210000	1.0240882147526211	58205000
chr3	58210000	58220000	1.4386024337893268	58215000
chr3	58220000	58230000	1.1604335724704207	58225000
chr3	58230000	58240000	1.28348392338718	58235000
chr3	58240000	58250000	0.6368837583952417	58245000
chr3	58250000	58260000	0.6154205544849481	58255000
chr3	58260000	58270000	0.6942810451459653	58265000
chr3	58270000	58280000	2.2464040340108475	58275000
chr3	58280000	58290000	5.4246152189225985	58285000
chr3	58290000	58300000	1.1481977406899089	58295000
chr3	58300000	58310000	0.6582299034363273	58305000
chr3	58310000	58320000	0.6772633486346881	58315000
chr3	58320000	58330000	0.5479746552418541	58325000
chr3	58330000	58340000	1.9111101343532342	58335000
chr3	58340000	58350000	9.503580893978663	58345000
chr3	58350000	58360000	0.8327267035664648	58355000
chr3	58360000	58370000	1.6377639510539064	58365000
chr3	58370000	58380000	1.3328003995545863	58375000
chr3	58380000	58390000	1.0397303855184097	58385000
chr3	58390000	58400000	1.6263568094200758	58395000
chr3	58400000	58410000	1.6581884154318192	58405000
chr3	58410000	58420000	2.787377088293331	58415000
chr3	58420000	58430000	4.142203855258091	58425000
chr3	58430000	58440000	2.669700843962237	58435000
chr3	58440000	58450000	2.0830958165236955	58445000
chr3	58450000	58460000	2.505644322708095	58455000
chr3	58460000	58470000	1.8290216303836446	58465000
chr3	58470000	58480000	3.1878068781708406	58475000
chr3	58480000	58490000	5.303854795950443	58485000
chr3	58490000	58500000	2.028377969476667	58495000
chr3	58500000	58510000	1.3111348791650852	58505000
chr3	58510000	58520000	2.8766342745356126	58515000
chr3	58520000	58530000	2.173235194098858	58525000
chr3	58530000	58540000	8.789795136058164	58535000
chr3	58540000	58550000	2.7740607021694985	58545000
chr3	58550000	58560000	0.9590560873610611	58555000
chr3	58560000	58570000	1.7382179363230876	58565000
chr3	58570000	58580000	2.364592210155692	58575000
chr3	58580000	58590000	3.743712206407908	58585000
chr3	58590000	58600000	2.6009282752693386	58595000
chr3	58600000	58610000	3.9105884583382835	58605000
chr3	58610000	58620000	2.120272057573045	58615000
chr3	58620000	58630000	1.104646239400458	58625000
chr3	58630000	58640000	4.408576572766055	58635000
chr3	58640000	58650000	2.5267431729595335	58645000
chr3	58650000	58660000	5.2479721243346775	58655000
chr3	58660000	58670000	4.157652950963865	58665000
chr3	58670000	58680000	4.773757769539037	58675000
chr3	58680000	58690000	2.1736822243888647	58685000
chr3	58690000	58700000	0.8009658948673473	58695000
chr3	58700000	58710000	1.9611928588674812	58705000
chr3	58710000	58720000	2.5230988393020692	58715000
chr3	58720000	58730000	3.441755929781767	58725000
chr3	58730000	58740000	6.163020120611983	58735000
chr3	58740000	58750000	5.559152625169793	58745000
chr3	58750000	58760000	10.17888213154393	58755000
chr3	58760000	58770000	2.189013113763569	58765000
chr3	58770000	58780000	2.112664419404284	58775000
chr3	58780000	58790000	2.909768885213927	58785000
chr3	58790000	58800000	6.930578798740814	58795000
chr3	58800000	58810000	2.790594988517506	58805000
chr3	58810000	58820000	1.6055856462086593	58815000
chr3	58820000	58830000	3.696357960970274	58825000
chr3	58830000	58840000	2.4234777412155464	58835000
chr3	58840000	58850000	1.592156409172015	58845000
chr3	58850000	58860000	3.6090771797973757	58855000
chr3	58860000	58870000	2.6966514885179795	58865000
chr3	58870000	58880000	2.2952671201112285	58875000
chr3	58880000	58890000	2.9727314694191573	58885000
chr3	58890000	58900000	1.3729735944536634	58895000
chr3	58900000	58910000	1.690337331634779	58905000
chr3	58910000	58920000	6.3909671963696315	58915000
chr3	58920000	58930000	4.421333270970271	58925000
chr3	58930000	58940000	5.085268233142949	58935000
chr3	58940000	58950000	3.9535465947462343	58945000
chr3	58950000	58960000	1.833713844967686	58955000
chr3	58960000	58970000	1.5005951720628148	58965000
chr3	58970000	58980000	0.8958932914360839	58975000
chr3	58980000	58990000	1.357434101663793	58985000
chr3	58990000	59000000	1.2705633670108014	58995000
chr3	59000000	59010000	0.6747142237542871	59005000
chr3	59010000	59020000	1.4576264843307116	59015000
chr3	59020000	59030000	2.68371552937048	59025000
chr3	59030000	59040000	1.4710851950764303	59035000
chr3	59040000	59050000	3.0839422018864133	59045000
chr3	59050000	59060000	3.2147967292752355	59055000
chr3	59060000	59070000	3.624049974394328	59065000
chr3	59070000	59080000	2.1344409622962974	59075000
chr3	59080000	59090000	2.9036491142659133	59085000
chr3	59090000	59100000	6.274027349172305	59095000
chr3	59100000	59110000	2.376893619668357	59105000
chr3	59110000	59120000	8.886177994200505	59115000
chr3	59120000	59130000	4.672369576121224	59125000
chr3	59130000	59140000	2.3296068657221425	59135000
chr3	59140000	59150000	8.498032032447576	59145000
chr3	59150000	59160000	2.6166493031651368	59155000
chr3	59160000	59170000	2.0134625018431236	59165000
chr3	59170000	59180000	4.691140059140258	59175000
chr3	59180000	59190000	4.9025609584626455	59185000
chr3	59190000	59200000	3.5281188415220255	59195000
chr3	59200000	59210000	3.782470633789642	59205000
chr3	59210000	59220000	12.316480550659975	59215000
chr3	59220000	59230000	7.096420636944354	59225000
chr3	59230000	59240000	7.447384147532758	59235000
chr3	59240000	59250000	6.4149056417278505	59245000
chr3	59250000	59260000	3.7011216181646396	59255000
chr3	59260000	59270000	6.066850662757578	59265000
chr3	59270000	59280000	10.265871935363728	59275000
chr3	59280000	59290000	6.613949225503944	59285000
chr3	59290000	59300000	12.711850698099527	59295000
chr3	59300000	59310000	2.6683481698886027	59305000
chr3	59310000	59320000	2.7496046759717494	59315000
chr3	59320000	59330000	2.0499512939717004	59325000
chr3	59330000	59340000	2.2680562409652505	59335000
chr3	59340000	59350000	3.389498593247834	59345000
chr3	59350000	59360000	1.1152157946895493	59355000
chr3	59360000	59370000	5.875214883161339	59365000
chr3	59370000	59380000	6.314640900791768	59375000
chr3	59380000	59390000	1.0013105030048597	59385000
chr3	59390000	59400000	0.8182775243186614	59395000
chr3	59400000	59410000	0.3950756083829346	59405000
chr3	59410000	59420000	0.326794398909088	59415000
chr3	59420000	59430000	0.27916669350839163	59425000
chr3	59430000	59440000	0.52988627816324	59435000
chr3	59440000	59450000	1.2636697544302429	59445000
chr3	59450000	59460000	0.8376878989930765	59455000
chr3	59460000	59470000	3.0010283276103618	59465000
chr3	59470000	59480000	23.522121000293563	59475000
chr3	59480000	59490000	2.7987593568447764	59485000
chr3	59490000	59500000	8.367060378300387	59495000
chr3	59500000	59510000	4.273410313849914	59505000
chr3	59510000	59520000	3.441640844245527	59515000
chr3	59520000	59530000	3.336443336943147	59525000
chr3	59530000	59540000	4.223839351367371	59535000
chr3	59540000	59550000	7.752332039829281	59545000
chr3	59550000	59560000	5.87939563585189	59555000
chr3	59560000	59570000	7.869542277815685	59565000
chr3	59570000	59580000	3.3003535013507386	59575000
chr3	59580000	59590000	1.7275109363207697	59585000
chr3	59590000	59600000	3.6429638969498974	59595000
chr3	59600000	59610000	6.634498512530035	59605000
chr3	59610000	59620000	6.884192503370005	59615000
chr3	59620000	59630000	4.613593771655901	59625000
chr3	59630000	59640000	2.157113587415689	59635000
chr3	59640000	59650000	3.795464429588959	59645000
chr3	59650000	59660000	1.0919142586742288	59655000
chr3	59660000	59670000	1.0238626690997679	59665000
chr3	59670000	59680000	0.9722216282749427	59675000
chr3	59680000	59690000	1.7332321154990877	59685000
chr3	59690000	59700000	8.066377689110908	59695000
chr3	59700000	59710000	2.2627652632708166	59705000
chr3	59710000	59720000	3.4832749892531676	59715000
chr3	59720000	59730000	4.231668688383642	59725000
chr3	59730000	59740000	3.2240661752727138	59735000
chr3	59740000	59750000	3.100545656595671	59745000
chr3	59750000	59760000	3.4256312678533556	59755000
chr3	59760000	59770000	3.687542925843154	59765000
chr3	59770000	59780000	3.060057576419348	59775000
chr3	59780000	59790000	1.1207677125159718	59785000
chr3	59790000	59800000	2.736269080969058	59795000
chr3	59800000	59810000	1.5415176512507398	59805000
chr3	59810000	59820000	2.726774125146702	59815000
chr3	59820000	59830000	4.516953882215788	59825000
chr3	59830000	59840000	3.254640069795215	59835000
chr3	59840000	59850000	4.74056234500244	59845000
chr3	59850000	59860000	2.903215185296139	59855000
chr3	59860000	59870000	2.873443987555448	59865000
chr3	59870000	59880000	2.4565531372358156	59875000
chr3	59880000	59890000	1.064449314097436	59885000
chr3	59890000	59900000	1.634109975268571	59895000
chr3	59900000	59910000	1.994914504283442	59905000
chr3	59910000	59920000	1.3492447903921736	59915000
chr3	59920000	59930000	1.4016961381504254	59925000
chr3	59930000	59940000	15.26454433209456	59935000
chr3	59940000	59950000	4.189138423089131	59945000
chr3	59950000	59960000	1.9194540147098502	59955000
chr3	59960000	59970000	1.749724246278448	59965000
chr3	59970000	59980000	2.0860207712045966	59975000
chr3	59980000	59990000	4.130522218353988	59985000
chr3	59990000	60000000	3.4457144209210364	59995000
chr3	60000000	60010000	5.903323968635963	60005000
chr3	60010000	60020000	6.019279770848991	60015000
chr3	60020000	60030000	6.402307820631617	60025000
chr3	60030000	60040000	6.231561091336496	60035000
chr3	60040000	60050000	3.798311996974409	60045000
chr3	60050000	60060000	5.266870875697471	60055000
chr3	60060000	60070000	6.275619855717732	60065000
chr3	60070000	60080000	3.6269543052620103	60075000
chr3	60080000	60090000	7.408356375523998	60085000
chr3	60090000	60100000	9.772532796792197	60095000
chr3	60100000	60110000	6.220305846211212	60105000
chr3	60110000	60120000	4.894184166052749	60115000
chr3	60120000	60130000	4.917755213925805	60125000
chr3	60130000	60140000	5.131647226426112	60135000
chr3	60140000	60150000	4.59900182815678	60145000
chr3	60150000	60160000	3.0742847003783207	60155000
chr3	60160000	60170000	3.7864462578428317	60165000
chr3	60170000	60180000	2.7295389260807696	60175000
chr3	60180000	60190000	6.820232034341992	60185000
chr3	60190000	60200000	4.4874842665477335	60195000
chr3	60200000	60210000	1.0071370997549818	60205000
chr3	60210000	60220000	1.5470689699384728	60215000
chr3	60220000	60230000	26.649727916270955	60225000
chr3	60230000	60240000	18.30686841924263	60235000
chr3	60240000	60250000	8.474514430467284	60245000
chr3	60250000	60260000	4.402756575901059	60255000
chr3	60260000	60270000	2.2213924005134476	60265000
chr3	60270000	60280000	1.685350208098755	60275000
chr3	60280000	60290000	2.399270029398303	60285000
chr3	60290000	60300000	2.3199429517235646	60295000
chr3	60300000	60310000	2.1390251489905023	60305000
chr3	60310000	60320000	2.674156423922791	60315000
chr3	60320000	60330000	4.0949819591610295	60325000
chr3	60330000	60340000	3.0857165045901493	60335000
chr3	60340000	60350000	17.963700873870234	60345000
chr3	60350000	60360000	3.4264218384682437	60355000
chr3	60360000	60370000	3.7634751247618135	60365000
chr3	60370000	60380000	4.3290171192320095	60375000
chr3	60380000	60390000	7.263829633763287	60385000
chr3	60390000	60400000	8.283942119207307	60395000
chr3	60400000	60410000	7.452453956395032	60405000
chr3	60410000	60420000	2.5401935100815733	60415000
chr3	60420000	60430000	3.087130755046539	60425000
chr3	60430000	60440000	3.220193879173318	60435000
chr3	60440000	60450000	3.0116830970461397	60445000
chr3	60450000	60460000	3.598187926859567	60455000
chr3	60460000	60470000	3.3090412143062733	60465000
chr3	60470000	60480000	3.4879498671568157	60475000
chr3	60480000	60490000	3.23315080341174	60485000
chr3	60490000	60500000	3.6761585350344466	60495000
chr3	60500000	60510000	3.8307462458157033	60505000
chr3	60510000	60520000	3.8917128903465366	60515000
chr3	60520000	60530000	3.5843090045027295	60525000
chr3	60530000	60540000	3.6888465626829956	60535000
chr3	60540000	60550000	2.2584798936293944	60545000
chr3	60550000	60560000	3.3645965575920918	60555000
chr3	60560000	60570000	16.333934701635137	60565000
chr3	60570000	60580000	6.548287868109722	60575000
chr3	60580000	60590000	8.484122268476737	60585000
chr3	60590000	60600000	8.025472294544361	60595000
chr3	60600000	60610000	9.839250035304135	60605000
chr3	60610000	60620000	7.991699613039046	60615000
chr3	60620000	60630000	11.504684663011862	60625000
chr3	60630000	60640000	11.74143820356319	60635000
chr3	60640000	60650000	8.286909276221737	60645000
chr3	60650000	60660000	9.611447979285472	60655000
chr3	60660000	60670000	2.6136006426802845	60665000
chr3	60670000	60680000	4.258195714938023	60675000
chr3	60680000	60690000	4.146214874249494	60685000
chr3	60690000	60700000	5.260319143566932	60695000
chr3	60700000	60710000	3.8889039617222765	60705000
chr3	60710000	60720000	2.053874064326789	60715000
chr3	60720000	60730000	4.565837460229781	60725000
chr3	60730000	60740000	4.10506312390686	60735000
chr3	60740000	60750000	3.87084532524529	60745000
chr3	60750000	60760000	9.535867503635968	60755000
chr3	60760000	60770000	9.261455000646936	60765000
chr3	60770000	60780000	12.963923298281854	60775000
chr3	60780000	60790000	10.584439335808353	60785000
chr3	60790000	60800000	15.60704454740446	60795000
chr3	60800000	60810000	2.797951170187748	60805000
chr3	60810000	60820000	2.4114731173958734	60815000
chr3	60820000	60830000	2.299913851875705	60825000
chr3	60830000	60840000	1.7906760170759093	60835000
chr3	60840000	60850000	1.5004407797269992	60845000
chr3	60850000	60860000	1.430321612871572	60855000
chr3	60860000	60870000	6.534256730660055	60865000
chr3	60870000	60880000	1.3555196685059165	60875000
chr3	60880000	60890000	0.869414427959978	60885000
chr3	60890000	60900000	1.0068826335057957	60895000
chr3	60900000	60910000	1.4564185868310855	60905000
chr3	60910000	60920000	1.3533493903017784	60915000
chr3	60920000	60930000	0.8867378439231713	60925000
chr3	60930000	60940000	2.086239825722371	60935000
chr3	60940000	60950000	1.814128032426438	60945000
chr3	60950000	60960000	7.947156843670542	60955000
chr3	60960000	60970000	4.933721211118251	60965000
chr3	60970000	60980000	9.429795222269265	60975000
chr3	60980000	60990000	5.876143330812267	60985000
chr3	60990000	61000000	7.549570543883538	60995000
chr3	61000000	61010000	7.407935047305326	61005000
chr3	61010000	61020000	7.268563288969711	61015000
chr3	61020000	61030000	6.416275897649206	61025000
chr3	61030000	61040000	4.014789751532528	61035000
chr3	61040000	61050000	3.9595438849667417	61045000
chr3	61050000	61060000	3.3157471607622564	61055000
chr3	61060000	61070000	3.7991836836331254	61065000
chr3	61070000	61080000	2.899220903228111	61075000
chr3	61080000	61090000	1.9256529253355887	61085000
chr3	61090000	61100000	2.9349931171988963	61095000
chr3	61100000	61110000	4.892176192061836	61105000
chr3	61110000	61120000	3.03042190587495	61115000
chr3	61120000	61130000	9.765759005068988	61125000
chr3	61130000	61140000	5.831790021954724	61135000
chr3	61140000	61150000	5.907502153151056	61145000
chr3	61150000	61160000	9.000969169420763	61155000
chr3	61160000	61170000	2.1091532454194994	61165000
chr3	61170000	61180000	1.2156037531257435	61175000
chr3	61180000	61190000	1.3364986441927305	61185000
chr3	61190000	61200000	14.316250471277735	61195000
chr3	61200000	61210000	1.1689105306283476	61205000
chr3	61210000	61220000	0.8989199137614218	61215000
chr3	61220000	61230000	2.6463707042641995	61225000
chr3	61230000	61240000	4.544400965817158	61235000
chr3	61240000	61250000	3.4456924362642956	61245000
chr3	61250000	61260000	4.9251553271122885	61255000
chr3	61260000	61270000	12.277978700796446	61265000
chr3	61270000	61280000	7.011650064040002	61275000
chr3	61280000	61290000	13.124619682654373	61285000
chr3	61290000	61300000	4.27255317752955	61295000
chr3	61300000	61310000	1.0413727367001233	61305000
chr3	61310000	61320000	0.5385482463625202	61315000
chr3	61320000	61330000	1.3349028756075214	61325000
chr3	61330000	61340000	1.1090924371820288	61335000
chr3	61340000	61350000	0.5515694383214792	61345000
chr3	61350000	61360000	2.1845794622989225	61355000
chr3	61360000	61370000	9.560515272724851	61365000
chr3	61370000	61380000	2.7757500900441348	61375000
chr3	61380000	61390000	1.1709140604530461	61385000
chr3	61390000	61400000	1.795846308987705	61395000
chr3	61400000	61410000	1.8291974503747621	61405000
chr3	61410000	61420000	1.6408776579900113	61415000
chr3	61420000	61430000	3.221137752986415	61425000
chr3	61430000	61440000	7.778007876838402	61435000
chr3	61440000	61450000	3.8531747664072635	61445000
chr3	61450000	61460000	1.9287308274558324	61455000
chr3	61460000	61470000	3.4351150425675865	61465000
chr3	61470000	61480000	2.011904446373014	61475000
chr3	61480000	61490000	3.080148661371318	61485000
chr3	61490000	61500000	2.804807374774614	61495000
chr3	61500000	61510000	5.361511491543025	61505000
chr3	61510000	61520000	10.695050130573733	61515000
chr3	61520000	61530000	12.735952174744728	61525000
chr3	61530000	61540000	3.443450244680248	61535000
chr3	61540000	61550000	4.119860179395866	61545000
chr3	61550000	61560000	8.438371509800143	61555000
chr3	61560000	61570000	7.783529260238693	61565000
chr3	61570000	61580000	17.675300873634608	61575000
chr3	61580000	61590000	4.504076303729534	61585000
chr3	61590000	61600000	2.5454716474964223	61595000
chr3	61600000	61610000	6.676476794508984	61605000
chr3	61610000	61620000	6.571353668131869	61615000
chr3	61620000	61630000	3.312107049189227	61625000
chr3	61630000	61640000	7.505125853724088	61635000
chr3	61640000	61650000	12.17029767149402	61645000
chr3	61650000	61660000	1.3339129303900068	61655000
chr3	61660000	61670000	0.9432286780665255	61665000
chr3	61670000	61680000	0.6004131692555447	61675000
chr3	61680000	61690000	1.1116827419743955	61685000
chr3	61690000	61700000	2.4294382331468714	61695000
chr3	61700000	61710000	1.5113893531106986	61705000
chr3	61710000	61720000	1.3936136147315359	61715000
chr3	61720000	61730000	0.9438213876593219	61725000
chr3	61730000	61740000	0.864153850845847	61735000
chr3	61740000	61750000	0.734817932038176	61745000
chr3	61750000	61760000	1.0336135182910693	61755000
chr3	61760000	61770000	1.8130130087395595	61765000
chr3	61770000	61780000	10.355155914560642	61775000
chr3	61780000	61790000	1.8547722755246077	61785000
chr3	61790000	61800000	1.4155258904422154	61795000
chr3	61800000	61810000	16.978274536081617	61805000
chr3	61810000	61820000	2.109221081339647	61815000
chr3	61820000	61830000	3.970715494763055	61825000
chr3	61830000	61840000	3.0726138129734952	61835000
chr3	61840000	61850000	2.150818051016796	61845000
chr3	61850000	61860000	3.428647799826838	61855000
chr3	61860000	61870000	1.296866762944988	61865000
chr3	61870000	61880000	2.0753082732235666	61875000
chr3	61880000	61890000	2.5749611604420446	61885000
chr3	61890000	61900000	4.472160554897082	61895000
chr3	61900000	61910000	2.6864030028983277	61905000
chr3	61910000	61920000	1.0917488861136362	61915000
chr3	61920000	61930000	1.2756760150643573	61925000
chr3	61930000	61940000	2.9301799922348097	61935000
chr3	61940000	61950000	8.575348880242624	61945000
chr3	61950000	61960000	8.889421335976689	61955000
chr3	61960000	61970000	7.181834967738331	61965000
chr3	61970000	61980000	3.0962152530483706	61975000
chr3	61980000	61990000	2.368136354428753	61985000
chr3	61990000	62000000	3.1024719025627276	61995000
chr3	62000000	62010000	7.568240153278035	62005000
chr3	62010000	62020000	8.116236332710404	62015000
chr3	62020000	62030000	2.2260039773078186	62025000
chr3	62030000	62040000	1.094594181250299	62035000
chr3	62040000	62050000	0.6096907965086841	62045000
chr3	62050000	62060000	0.8418942253758053	62055000
chr3	62060000	62070000	0.6917462706893597	62065000
chr3	62070000	62080000	0.5215125336534908	62075000
chr3	62080000	62090000	0.7081982067857591	62085000
chr3	62090000	62100000	2.1912540823722755	62095000
chr3	62100000	62110000	0.08222985773649243	62105000
chr3	62110000	62120000	1.912564406761402	62115000
chr3	62120000	62130000	7.639127898436167	62125000
chr3	62130000	62140000	5.945884972744545	62135000
chr3	62140000	62150000	2.8078331001581844	62145000
chr3	62150000	62160000	0.7193767408550453	62155000
chr3	62160000	62170000	0.9124310690342387	62165000
chr3	62170000	62180000	2.951285988862524	62175000
chr3	62180000	62190000	1.879828796733096	62185000
chr3	62190000	62200000	4.051408527325856	62195000
chr3	62200000	62210000	11.915520963160532	62205000
chr3	62210000	62220000	3.4331699150451125	62215000
chr3	62220000	62230000	3.9760261055997854	62225000
chr3	62230000	62240000	1.1302916824361258	62235000
chr3	62240000	62250000	1.1282180661537562	62245000
chr3	62250000	62260000	1.1282180661537562	62255000
chr3	62260000	62270000	1.8930450189824166	62265000
chr3	62270000	62280000	12.274916112740044	62275000
chr3	62280000	62290000	5.770173365640207	62285000
chr3	62290000	62300000	2.2976036856193955	62295000
chr3	62300000	62310000	1.2834338451150786	62305000
chr3	62310000	62320000	1.0473728994440226	62315000
chr3	62320000	62330000	2.8740534210654265	62325000
chr3	62330000	62340000	3.8472345554976246	62335000
chr3	62340000	62350000	1.4139450474698478	62345000
chr3	62350000	62360000	1.5031731966249942	62355000
chr3	62360000	62370000	1.6463153873170817	62365000
chr3	62370000	62380000	2.9120481580537683	62375000
chr3	62380000	62390000	1.629251647084127	62385000
chr3	62390000	62400000	2.2165637876634747	62395000
chr3	62400000	62410000	2.5062282644647906	62405000
chr3	62410000	62420000	1.8806587270163302	62415000
chr3	62420000	62430000	3.4385380717247642	62425000
chr3	62430000	62440000	0.6040120922500117	62435000
chr3	62440000	62450000	1.2928982771544795	62445000
chr3	62450000	62460000	6.640583353121721	62455000
chr3	62460000	62470000	2.476650929879769	62465000
chr3	62470000	62480000	1.9514913707428294	62475000
chr3	62480000	62490000	1.5138389458240302	62485000
chr3	62490000	62500000	3.699991859864951	62495000
chr3	62500000	62510000	1.9372125298753657	62505000
chr3	62510000	62520000	1.8235685354456777	62515000
chr3	62520000	62530000	2.068340597224754	62525000
chr3	62530000	62540000	1.529631592741375	62535000
chr3	62540000	62550000	1.3270420818472701	62545000
chr3	62550000	62560000	1.3486735294686558	62555000
chr3	62560000	62570000	1.2387061049765506	62565000
chr3	62570000	62580000	0.7397696683034831	62575000
chr3	62580000	62590000	1.7092858278252925	62585000
chr3	62590000	62600000	2.291503352682563	62595000
chr3	62600000	62610000	1.5438967049115886	62605000
chr3	62610000	62620000	1.5933385915782465	62615000
chr3	62620000	62630000	1.9401619060053974	62625000
chr3	62630000	62640000	1.1884561715003836	62635000
chr3	62640000	62650000	1.913340954970539	62645000
chr3	62650000	62660000	1.2799852496858504	62655000
chr3	62660000	62670000	1.446967974286376	62665000
chr3	62670000	62680000	1.1328348648340205	62675000
chr3	62680000	62690000	3.872010686061512	62685000
chr3	62690000	62700000	1.296760956985835	62695000
chr3	62700000	62710000	3.1707842579129446	62705000
chr3	62710000	62720000	1.7821055330592834	62715000
chr3	62720000	62730000	2.3198496064579697	62725000
chr3	62730000	62740000	1.096532321147714	62735000
chr3	62740000	62750000	1.0242264736369884	62745000
chr3	62750000	62760000	0.4823259878191962	62755000
chr3	62760000	62770000	1.0509125684986254	62765000
chr3	62770000	62780000	1.4345183818843914	62775000
chr3	62780000	62790000	1.2535940567751962	62785000
chr3	62790000	62800000	0.9207098554001529	62795000
chr3	62800000	62810000	1.2819418153734823	62805000
chr3	62810000	62820000	1.6272389523747632	62815000
chr3	62820000	62830000	1.8885200251984033	62825000
chr3	62830000	62840000	1.4061890166806092	62835000
chr3	62840000	62850000	1.715487597440071	62845000
chr3	62850000	62860000	2.231364280043034	62855000
chr3	62860000	62870000	2.188248904906885	62865000
chr3	62870000	62880000	1.5088750300150395	62875000
chr3	62880000	62890000	1.1280110656772886	62885000
chr3	62890000	62900000	0.9593549055356305	62895000
chr3	62900000	62910000	1.608528974254623	62905000
chr3	62910000	62920000	3.0268892827495457	62915000
chr3	62920000	62930000	1.5719479603152722	62925000
chr3	62930000	62940000	0.7996773394965917	62935000
chr3	62940000	62950000	0.4254601663220824	62945000
chr3	62950000	62960000	0.5659547966686324	62955000
chr3	62960000	62970000	1.4010352933752022	62965000
chr3	62970000	62980000	2.7997636906916976	62975000
chr3	62980000	62990000	0.8563535562457363	62985000
chr3	62990000	63000000	1.0727088512859637	62995000
chr3	63000000	63010000	2.4491349777656826	63005000
chr3	63010000	63020000	2.7754810766766465	63015000
chr3	63020000	63030000	1.172106633219604	63025000
chr3	63030000	63040000	0.8152701436286506	63035000
chr3	63040000	63050000	1.2661674437687074	63045000
chr3	63050000	63060000	2.309072415633484	63055000
chr3	63060000	63070000	1.8779841463912164	63065000
chr3	63070000	63080000	1.065789038962057	63075000
chr3	63080000	63090000	2.394000567948307	63085000
chr3	63090000	63100000	3.3880174814577892	63095000
chr3	63100000	63110000	1.6739927362313467	63105000
chr3	63110000	63120000	2.038360890425824	63115000
chr3	63120000	63130000	1.732808590502521	63125000
chr3	63130000	63140000	1.955354790027112	63135000
chr3	63140000	63150000	9.601524506977906	63145000
chr3	63150000	63160000	2.8886166763626115	63155000
chr3	63160000	63170000	7.915736584899394	63165000
chr3	63170000	63180000	2.816748662824987	63175000
chr3	63180000	63190000	1.645943741852087	63185000
chr3	63190000	63200000	2.27651093140369	63195000
chr3	63200000	63210000	3.207924945779318	63205000
chr3	63210000	63220000	5.66180935324919	63215000
chr3	63220000	63230000	1.6935512279580252	63225000
chr3	63230000	63240000	1.8594500674937333	63235000
chr3	63240000	63250000	1.434691800835517	63245000
chr3	63250000	63260000	1.4570588481301638	63255000
chr3	63260000	63270000	2.083484445003498	63265000
chr3	63270000	63280000	2.4715921102642384	63275000
chr3	63280000	63290000	0.6924445051908368	63285000
chr3	63290000	63300000	4.7014374209753855	63295000
chr3	63300000	63310000	6.580274906828865	63305000
chr3	63310000	63320000	1.6054922287693272	63315000
chr3	63320000	63330000	12.117206100184939	63325000
chr3	63330000	63340000	2.115724504595975	63335000
chr3	63340000	63350000	8.680111012540348	63345000
chr3	63350000	63360000	2.982595072240076	63355000
chr3	63360000	63370000	1.8848358707726691	63365000
chr3	63370000	63380000	1.5109122752437927	63375000
chr3	63380000	63390000	1.2180752267781314	63385000
chr3	63390000	63400000	0.7019823838194977	63395000
chr3	63400000	63410000	2.0533238078557194	63405000
chr3	63410000	63420000	11.791349797546117	63415000
chr3	63420000	63430000	5.212590214167893	63425000
chr3	63430000	63440000	5.2573226285041255	63435000
chr3	63440000	63450000	5.038348504381003	63445000
chr3	63450000	63460000	5.08774224483168	63455000
chr3	63460000	63470000	3.938272914101286	63465000
chr3	63470000	63480000	5.535137977714915	63475000
chr3	63480000	63490000	9.743417150814812	63485000
chr3	63490000	63500000	10.696786137427686	63495000
chr3	63500000	63510000	12.814228129015198	63505000
chr3	63510000	63520000	7.073703991133428	63515000
chr3	63520000	63530000	13.561175817396704	63525000
chr3	63530000	63540000	3.7278993478117073	63535000
chr3	63540000	63550000	4.598192764228491	63545000
chr3	63550000	63560000	9.115555874598316	63555000
chr3	63560000	63570000	4.943868432477601	63565000
chr3	63570000	63580000	2.1470085566733177	63575000
chr3	63580000	63590000	1.6511631721385134	63585000
chr3	63590000	63600000	2.1708090913226004	63595000
chr3	63600000	63610000	4.57913195675312	63605000
chr3	63610000	63620000	8.490332307807261	63615000
chr3	63620000	63630000	6.968179456372384	63625000
chr3	63630000	63640000	6.075504354023231	63635000
chr3	63640000	63650000	1.8201601284363256	63645000
chr3	63650000	63660000	0.9873635921618406	63655000
chr3	63660000	63670000	0.5168567667496361	63665000
chr3	63670000	63680000	0.8777092992614537	63675000
chr3	63680000	63690000	0.580922381685675	63685000
chr3	63690000	63700000	0.6633580388714173	63695000
chr3	63700000	63710000	0.5374466098719816	63705000
chr3	63710000	63720000	0.46020047365067746	63715000
chr3	63720000	63730000	0.7674998655724284	63725000
chr3	63730000	63740000	4.853137950329404	63735000
chr3	63740000	63750000	1.99040402173516	63745000
chr3	63750000	63760000	6.407805758545162	63755000
chr3	63760000	63770000	2.034659582097652	63765000
chr3	63770000	63780000	3.924663393788506	63775000
chr3	63780000	63790000	2.259967687038394	63785000
chr3	63790000	63800000	2.030298783064521	63795000
chr3	63800000	63810000	4.305817035446745	63805000
chr3	63810000	63820000	8.520427195988	63815000
chr3	63820000	63830000	4.609846855026526	63825000
chr3	63830000	63840000	4.703907426446897	63835000
chr3	63840000	63850000	14.594926779048322	63845000
chr3	63850000	63860000	8.892053104874337	63855000
chr3	63860000	63870000	2.4054015438144596	63865000
chr3	63870000	63880000	2.606038593996678	63875000
chr3	63880000	63890000	4.582498513868409	63885000
chr3	63890000	63900000	4.203386718566675	63895000
chr3	63900000	63910000	4.593293321408661	63905000
chr3	63910000	63920000	2.9557796038081836	63915000
chr3	63920000	63930000	13.979668340969605	63925000
chr3	63930000	63940000	1.734083864606647	63935000
chr3	63940000	63950000	2.1410257250804667	63945000
chr3	63950000	63960000	3.3450299034177187	63955000
chr3	63960000	63970000	20.149346495833306	63965000
chr3	63970000	63980000	5.921344564610963	63975000
chr3	63980000	63990000	2.91107117173464	63985000
chr3	63990000	64000000	4.388820211144725	63995000
chr3	64000000	64010000	5.045650040614025	64005000
chr3	64010000	64020000	2.803465967106735	64015000
chr3	64020000	64030000	7.773228658829186	64025000
chr3	64030000	64040000	3.5045926477769966	64035000
chr3	64040000	64050000	3.480441349396487	64045000
chr3	64050000	64060000	6.436753567347394	64055000
chr3	64060000	64070000	1.1127099240372247	64065000
chr3	64070000	64080000	6.60026245300894	64075000
chr3	64080000	64090000	0.537586185756317	64085000
chr3	64090000	64100000	1.4633474427400828	64095000
chr3	64100000	64110000	5.646451480373235	64105000
chr3	64110000	64120000	2.4505867434368804	64115000
chr3	64120000	64130000	2.4884017041614848	64125000
chr3	64130000	64140000	7.679269219062542	64135000
chr3	64140000	64150000	4.790179505003851	64145000
chr3	64150000	64160000	4.7091331342346345	64155000
chr3	64160000	64170000	5.7449629944294225	64165000
chr3	64170000	64180000	5.71793353060179	64175000
chr3	64180000	64190000	4.334667364957113	64185000
chr3	64190000	64200000	4.31525773341756	64195000
chr3	64200000	64210000	0.3855179636670036	64205000
chr3	64210000	64220000	0.7280657709180992	64215000
chr3	64220000	64230000	1.10043076262514	64225000
chr3	64230000	64240000	5.79386242049758	64235000
chr3	64240000	64250000	5.770100900311399	64245000
chr3	64250000	64260000	1.1788047108986277	64255000
chr3	64260000	64270000	4.102015447792291	64265000
chr3	64270000	64280000	1.0741916470924286	64275000
chr3	64280000	64290000	1.2846213348800495	64285000
chr3	64290000	64300000	1.618321207887263	64295000
chr3	64300000	64310000	0.6516393071947837	64305000
chr3	64310000	64320000	2.9245486117269093	64315000
chr3	64320000	64330000	1.5371911832744847	64325000
chr3	64330000	64340000	0.9278856148164621	64335000
chr3	64340000	64350000	9.004179113294217	64345000
chr3	64350000	64360000	5.7397596357598495	64355000
chr3	64360000	64370000	1.729890149929299	64365000
chr3	64370000	64380000	1.9507128012751522	64375000
chr3	64380000	64390000	3.5017613989197325	64385000
chr3	64390000	64400000	2.376120116538848	64395000
chr3	64400000	64410000	1.87903198263339	64405000
chr3	64410000	64420000	1.4571499712330291	64415000
chr3	64420000	64430000	2.227741052300356	64425000
chr3	64430000	64440000	1.6859579927216344	64435000
chr3	64440000	64450000	2.809230640960385	64445000
chr3	64450000	64460000	2.44184378206122	64455000
chr3	64460000	64470000	0.3758917714080767	64465000
chr3	64470000	64480000	0.7235508526721005	64475000
chr3	64480000	64490000	1.2460125279873784	64485000
chr3	64490000	64500000	3.438751553286732	64495000
chr3	64500000	64510000	1.3963296086824364	64505000
chr3	64510000	64520000	2.3879924128605636	64515000
chr3	64520000	64530000	4.676133366461077	64525000
chr3	64530000	64540000	1.5092368564046177	64535000
chr3	64540000	64550000	0.4652455574191167	64545000
chr3	64550000	64560000	1.5299528207588955	64555000
chr3	64560000	64570000	1.2780449552523592	64565000
chr3	64570000	64580000	1.4241970779217632	64575000
chr3	64580000	64590000	2.888264569697309	64585000
chr3	64590000	64600000	3.5373904294001965	64595000
chr3	64600000	64610000	5.903560224279737	64605000
chr3	64610000	64620000	1.573412675841624	64615000
chr3	64620000	64630000	8.656230783402469	64625000
chr3	64630000	64640000	0.8419685217014055	64635000
chr3	64640000	64650000	2.8059692419079942	64645000
chr3	64650000	64660000	2.7520775520745846	64655000
chr3	64660000	64670000	3.8266075077077217	64665000
chr3	64670000	64680000	2.1953396940056797	64675000
chr3	64680000	64690000	2.5658474616737923	64685000
chr3	64690000	64700000	2.379124151664217	64695000
chr3	64700000	64710000	3.0829653861301702	64705000
chr3	64710000	64720000	6.948041835003556	64715000
chr3	64720000	64730000	2.7337918608532257	64725000
chr3	64730000	64740000	2.0761869497253076	64735000
chr3	64740000	64750000	1.6031858635997993	64745000
chr3	64750000	64760000	2.6123257113497518	64755000
chr3	64760000	64770000	3.368702862415143	64765000
chr3	64770000	64780000	2.6293909436907756	64775000
chr3	64780000	64790000	2.422217381982399	64785000
chr3	64790000	64800000	1.2406553169722858	64795000
chr3	64800000	64810000	4.2218906673209196	64805000
chr3	64810000	64820000	2.612887787882979	64815000
chr3	64820000	64830000	4.425740218777255	64825000
chr3	64830000	64840000	3.705658525869863	64835000
chr3	64840000	64850000	2.186797178774158	64845000
chr3	64850000	64860000	6.4696975833277754	64855000
chr3	64860000	64870000	9.119084090249897	64865000
chr3	64870000	64880000	2.523790368765845	64875000
chr3	64880000	64890000	8.010133432284052	64885000
chr3	64890000	64900000	4.700894110423332	64895000
chr3	64900000	64910000	6.2062516178929625	64905000
chr3	64910000	64920000	2.485834911406709	64915000
chr3	64920000	64930000	12.33571096994395	64925000
chr3	64930000	64940000	4.044726774292193	64935000
chr3	64940000	64950000	2.537386910244645	64945000
chr3	64950000	64960000	2.228382032247836	64955000
chr3	64960000	64970000	5.6481963930188455	64965000
chr3	64970000	64980000	2.4268701802716985	64975000
chr3	64980000	64990000	2.929059426650327	64985000
chr3	64990000	65000000	1.7042647876329358	64995000
chr3	65000000	65010000	2.722629527024068	65005000
chr3	65010000	65020000	1.8475052296213328	65015000
chr3	65020000	65030000	0.9800073197400463	65025000
chr3	65030000	65040000	1.7501226194999557	65035000
chr3	65040000	65050000	1.067463956399701	65045000
chr3	65050000	65060000	1.0982698312405414	65055000
chr3	65060000	65070000	1.0846832457389148	65065000
chr3	65070000	65080000	1.3054331148436493	65075000
chr3	65080000	65090000	1.3804503221266509	65085000
chr3	65090000	65100000	0.7666915235026673	65095000
chr3	65100000	65110000	1.4084498357946804	65105000
chr3	65110000	65120000	2.049539981173185	65115000
chr3	65120000	65130000	1.738024824162758	65125000
chr3	65130000	65140000	2.0860060187266334	65135000
chr3	65140000	65150000	1.5016444655174055	65145000
chr3	65150000	65160000	1.9472990087151527	65155000
chr3	65160000	65170000	1.8555400128356019	65165000
chr3	65170000	65180000	1.7593061944146777	65175000
chr3	65180000	65190000	2.6445947933772245	65185000
chr3	65190000	65200000	2.9686289802116304	65195000
chr3	65200000	65210000	1.881974554795784	65205000
chr3	65210000	65220000	1.6762646714512888	65215000
chr3	65220000	65230000	2.238633931345594	65225000
chr3	65230000	65240000	1.5155434433225017	65235000
chr3	65240000	65250000	1.9782365503371908	65245000
chr3	65250000	65260000	2.1798530299102423	65255000
chr3	65260000	65270000	2.699264390239999	65265000
chr3	65270000	65280000	3.390804452699638	65275000
chr3	65280000	65290000	9.162520705272758	65285000
chr3	65290000	65300000	5.046909795098996	65295000
chr3	65300000	65310000	4.10238308125183	65305000
chr3	65310000	65320000	2.2488295021814433	65315000
chr3	65320000	65330000	2.875128497383899	65325000
chr3	65330000	65340000	5.568272466038093	65335000
chr3	65340000	65350000	4.386950798219014	65345000
chr3	65350000	65360000	3.288433309817763	65355000
chr3	65360000	65370000	2.962481634687614	65365000
chr3	65370000	65380000	3.042158594195989	65375000
chr3	65380000	65390000	4.576756049443731	65385000
chr3	65390000	65400000	1.385810441442828	65395000
chr3	65400000	65410000	2.23056003668211	65405000
chr3	65410000	65420000	3.4857349891828093	65415000
chr3	65420000	65430000	4.154551533136326	65425000
chr3	65430000	65440000	4.876117609783839	65435000
chr3	65440000	65450000	3.0362875185684794	65445000
chr3	65450000	65460000	3.8862552257993968	65455000
chr3	65460000	65470000	3.1166612048209097	65465000
chr3	65470000	65480000	1.5841505240380673	65475000
chr3	65480000	65490000	1.2260636595558778	65485000
chr3	65490000	65500000	2.076890459182018	65495000
chr3	65500000	65510000	2.356145202247174	65505000
chr3	65510000	65520000	6.479278840231483	65515000
chr3	65520000	65530000	0.819392848044341	65525000
chr3	65530000	65540000	0.9071214654856474	65535000
chr3	65540000	65550000	5.2571343958552825	65545000
chr3	65550000	65560000	2.7194838915304755	65555000
chr3	65560000	65570000	1.6801461360943213	65565000
chr3	65570000	65580000	0.5941485147330348	65575000
chr3	65580000	65590000	0.9454336793667846	65585000
chr3	65590000	65600000	0.5849868914488555	65595000
chr3	65600000	65610000	0.2918744732448702	65605000
chr3	65610000	65620000	0.8709867790736767	65615000
chr3	65620000	65630000	0.2189827902237607	65625000
chr3	65630000	65640000	5.192872040428823	65635000
chr3	65640000	65650000	2.4227432338911457	65645000
chr3	65650000	65660000	4.536555087368452	65655000
chr3	65660000	65670000	0.699417977395764	65665000
chr3	65670000	65680000	1.8924376073762523	65675000
chr3	65680000	65690000	3.1531013863965587	65685000
chr3	65690000	65700000	1.0524958715867354	65695000
chr3	65700000	65710000	1.050041637740588	65705000
chr3	65710000	65720000	1.765072619362634	65715000
chr3	65720000	65730000	1.3938536406645334	65725000
chr3	65730000	65740000	1.356434552043138	65735000
chr3	65740000	65750000	1.4380468998828622	65745000
chr3	65750000	65760000	1.1633400079564653	65755000
chr3	65760000	65770000	1.2143590761110006	65765000
chr3	65770000	65780000	0.899349378685177	65775000
chr3	65780000	65790000	1.5424273719867436	65785000
chr3	65790000	65800000	0.6427746343011144	65795000
chr3	65800000	65810000	1.3063258885009876	65805000
chr3	65810000	65820000	2.4508423706872486	65815000
chr3	65820000	65830000	1.6848149690214302	65825000
chr3	65830000	65840000	2.137108041318486	65835000
chr3	65840000	65850000	4.203421554933942	65845000
chr3	65850000	65860000	2.825117678182499	65855000
chr3	65860000	65870000	3.7381000759102676	65865000
chr3	65870000	65880000	7.284256819385454	65875000
chr3	65880000	65890000	0.6248358024924492	65885000
chr3	65890000	65900000	4.46198891871189	65895000
chr3	65900000	65910000	6.2386766531246876	65905000
chr3	65910000	65920000	1.5785516060621794	65915000
chr3	65920000	65930000	1.0062003959851902	65925000
chr3	65930000	65940000	1.9218435373551455	65935000
chr3	65940000	65950000	1.3755329589066065	65945000
chr3	65950000	65960000	2.4362104908162934	65955000
chr3	65960000	65970000	2.7797101095757	65965000
chr3	65970000	65980000	1.5459077503659373	65975000
chr3	65980000	65990000	1.0639371053560311	65985000
chr3	65990000	66000000	1.2264657244569264	65995000
chr3	66000000	66010000	4.231355532510241	66005000
chr3	66010000	66020000	6.147100491427794	66015000
chr3	66020000	66030000	0.9101846274269534	66025000
chr3	66030000	66040000	1.2914414230244704	66035000
chr3	66040000	66050000	1.4234588278641507	66045000
chr3	66050000	66060000	1.4222295843500519	66055000
chr3	66060000	66070000	1.2111725497002075	66065000
chr3	66070000	66080000	1.6649095954844382	66075000
chr3	66080000	66090000	1.5790693368751954	66085000
chr3	66090000	66100000	1.3058121629004924	66095000
chr3	66100000	66110000	1.511915544557888	66105000
chr3	66110000	66120000	5.095437970219116	66115000
chr3	66120000	66130000	3.0841437677651062	66125000
chr3	66130000	66140000	4.032428742689717	66135000
chr3	66140000	66150000	6.611019732265103	66145000
chr3	66150000	66160000	4.558593564624686	66155000
chr3	66160000	66170000	5.399298597443086	66165000
chr3	66170000	66180000	4.425047689930923	66175000
chr3	66180000	66190000	4.2874675226226895	66185000
chr3	66190000	66200000	4.981775683265476	66195000
chr3	66200000	66210000	4.964062202701086	66205000
chr3	66210000	66220000	5.7109240123290155	66215000
chr3	66220000	66230000	4.312169514799147	66225000
chr3	66230000	66240000	3.8943043475758428	66235000
chr3	66240000	66250000	2.939053351040394	66245000
chr3	66250000	66260000	1.87660837748932	66255000
chr3	66260000	66270000	1.764849395171642	66265000
chr3	66270000	66280000	10.455742942493647	66275000
chr3	66280000	66290000	5.975771813827619	66285000
chr3	66290000	66300000	5.16133331533636	66295000
chr3	66300000	66310000	3.0785035795792632	66305000
chr3	66310000	66320000	2.316878237420953	66315000
chr3	66320000	66330000	1.5938454533780584	66325000
chr3	66330000	66340000	4.177094632150321	66335000
chr3	66340000	66350000	3.625061580734118	66345000
chr3	66350000	66360000	4.943129613547167	66355000
chr3	66360000	66370000	4.8463827832553745	66365000
chr3	66370000	66380000	4.976596456131566	66375000
chr3	66380000	66390000	3.0001516650089903	66385000
chr3	66390000	66400000	4.290489487399853	66395000
chr3	66400000	66410000	5.408212885311969	66405000
chr3	66410000	66420000	3.9830565154381143	66415000
chr3	66420000	66430000	7.93000995144634	66425000
chr3	66430000	66440000	5.000774475186285	66435000
chr3	66440000	66450000	4.146664223545308	66445000
chr3	66450000	66460000	3.809081337593105	66455000
chr3	66460000	66470000	6.7881917548493	66465000
chr3	66470000	66480000	5.971732223762179	66475000
chr3	66480000	66490000	4.7244059521157755	66485000
chr3	66490000	66500000	4.009075750265143	66495000
chr3	66500000	66510000	3.505878798822553	66505000
chr3	66510000	66520000	5.919831686702527	66515000
chr3	66520000	66530000	4.304907169477502	66525000
chr3	66530000	66540000	5.270534777785083	66535000
chr3	66540000	66550000	5.342117636803933	66545000
chr3	66550000	66560000	2.2592802629040127	66555000
chr3	66560000	66570000	3.394920652101521	66565000
chr3	66570000	66580000	6.00786238936206	66575000
chr3	66580000	66590000	6.3303009986000625	66585000
chr3	66590000	66600000	4.8420270768352704	66595000
chr3	66600000	66610000	5.69887086840869	66605000
chr3	66610000	66620000	12.328646930692015	66615000
chr3	66620000	66630000	5.228299449587809	66625000
chr3	66630000	66640000	6.024843256203132	66635000
chr3	66640000	66650000	5.206711436184538	66645000
chr3	66650000	66660000	4.0311837803068595	66655000
chr3	66660000	66670000	11.579869827429539	66665000
chr3	66670000	66680000	4.870156947622809	66675000
chr3	66680000	66690000	7.1156192119722235	66685000
chr3	66690000	66700000	7.3117576680805065	66695000
chr3	66700000	66710000	5.720690272560848	66705000
chr3	66710000	66720000	5.2063390755609245	66715000
chr3	66720000	66730000	4.295461789126716	66725000
chr3	66730000	66740000	2.9740045215456585	66735000
chr3	66740000	66750000	7.280995414529915	66745000
chr3	66750000	66760000	5.908691216526233	66755000
chr3	66760000	66770000	5.100995020776519	66765000
chr3	66770000	66780000	4.5099605251660835	66775000
chr3	66780000	66790000	4.229161812821925	66785000
chr3	66790000	66800000	3.915652842183781	66795000
chr3	66800000	66810000	2.6519551166121644	66805000
chr3	66810000	66820000	8.613992504689802	66815000
chr3	66820000	66830000	6.100188480459206	66825000
chr3	66830000	66840000	7.975340236549038	66835000
chr3	66840000	66850000	2.9661647040118213	66845000
chr3	66850000	66860000	12.171727641011085	66855000
chr3	66860000	66870000	5.019594379205413	66865000
chr3	66870000	66880000	6.103777055280081	66875000
chr3	66880000	66890000	4.475215910772653	66885000
chr3	66890000	66900000	4.812237047321418	66895000
chr3	66900000	66910000	5.533263548744574	66905000
chr3	66910000	66920000	2.596200764667199	66915000
chr3	66920000	66930000	2.4013919943485096	66925000
chr3	66930000	66940000	3.8453603649701775	66935000
chr3	66940000	66950000	3.824806987535658	66945000
chr3	66950000	66960000	6.122387514515238	66955000
chr3	66960000	66970000	3.700795658186496	66965000
chr3	66970000	66980000	4.490924941965378	66975000
chr3	66980000	66990000	4.882050815050112	66985000
chr3	66990000	67000000	4.04027886722923	66995000
chr3	67000000	67010000	5.319314208711499	67005000
chr3	67010000	67020000	15.009925803832687	67015000
chr3	67020000	67030000	4.225291274212884	67025000
chr3	67030000	67040000	7.130409492767333	67035000
chr3	67040000	67050000	5.908466490276864	67045000
chr3	67050000	67060000	3.7849805935852596	67055000
chr3	67060000	67070000	2.403772246820688	67065000
chr3	67070000	67080000	11.986066705353611	67075000
chr3	67080000	67090000	2.2651997135668056	67085000
chr3	67090000	67100000	1.6568395982013195	67095000
chr3	67100000	67110000	2.2779585758665983	67105000
chr3	67110000	67120000	2.460485189470323	67115000
chr3	67120000	67130000	0.4194905725247061	67125000
chr3	67130000	67140000	0.3483407119384617	67135000
chr3	67140000	67150000	10.477515413863612	67145000
chr3	67150000	67160000	8.968267454616484	67155000
chr3	67160000	67170000	5.829261282268469	67165000
chr3	67170000	67180000	3.413258882858993	67175000
chr3	67180000	67190000	9.864716460831715	67185000
chr3	67190000	67200000	8.047245348406298	67195000
chr3	67200000	67210000	2.368302732358898	67205000
chr3	67210000	67220000	4.354214566048813	67215000
chr3	67220000	67230000	0.6442096494624144	67225000
chr3	67230000	67240000	1.043990779193656	67235000
chr3	67240000	67250000	6.065459386879407	67245000
chr3	67250000	67260000	2.1845437183757648	67255000
chr3	67260000	67270000	0.6221407217333279	67265000
chr3	67270000	67280000	0.23210814613821004	67275000
chr3	67280000	67290000	0.4341902727590344	67285000
chr3	67290000	67300000	0.17526134928565576	67295000
chr3	67300000	67310000	0.5210537642440998	67305000
chr3	67310000	67320000	0.6476676735133698	67315000
chr3	67320000	67330000	5.10092465537342	67325000
chr3	67330000	67340000	1.3288466258681018	67335000
chr3	67340000	67350000	1.8831044376649797	67345000
chr3	67350000	67360000	1.1643388268693933	67355000
chr3	67360000	67370000	0.7870599250514854	67365000
chr3	67370000	67380000	2.6984195575515453	67375000
chr3	67380000	67390000	6.028930136944113	67385000
chr3	67390000	67400000	0.8783331275724022	67395000
chr3	67400000	67410000	2.380256044855041	67405000
chr3	67410000	67420000	0.5399790696813077	67415000
chr3	67420000	67430000	0.7144295222347978	67425000
chr3	67430000	67440000	0.6268947535838731	67435000
chr3	67440000	67450000	0.5513930621400497	67445000
chr3	67450000	67460000	0.925110301581981	67455000
chr3	67460000	67470000	0.38055682939351787	67465000
chr3	67470000	67480000	0.7691998230362146	67475000
chr3	67480000	67490000	1.6979949083121095	67485000
chr3	67490000	67500000	0.8309793064629966	67495000
chr3	67500000	67510000	1.473103998416889	67505000
chr3	67510000	67520000	1.927916758769826	67515000
chr3	67520000	67530000	1.0656793991807418	67525000
chr3	67530000	67540000	2.0829517102425807	67535000
chr3	67540000	67550000	1.7654654772330902	67545000
chr3	67550000	67560000	2.0730226973555332	67555000
chr3	67560000	67570000	2.6811330395713706	67565000
chr3	67570000	67580000	2.380641812533254	67575000
chr3	67580000	67590000	3.229901323260241	67585000
chr3	67590000	67600000	2.758292491164724	67595000
chr3	67600000	67610000	3.538469336552429	67605000
chr3	67610000	67620000	3.925027808681102	67615000
chr3	67620000	67630000	5.699485854784355	67625000
chr3	67630000	67640000	3.562932483822294	67635000
chr3	67640000	67650000	5.710282616886624	67645000
chr3	67650000	67660000	7.3169884313111995	67655000
chr3	67660000	67670000	2.9414980368750525	67665000
chr3	67670000	67680000	1.628132433735613	67675000
chr3	67680000	67690000	1.82392672087568	67685000
chr3	67690000	67700000	1.8498024974877418	67695000
chr3	67700000	67710000	1.7397695865845335	67705000
chr3	67710000	67720000	1.098316907935818	67715000
chr3	67720000	67730000	0.6483718983219267	67725000
chr3	67730000	67740000	1.1783216481166954	67735000
chr3	67740000	67750000	0.8429913127591386	67745000
chr3	67750000	67760000	0.6087687195985154	67755000
chr3	67760000	67770000	1.2161696914498163	67765000
chr3	67770000	67780000	1.8315642510996455	67775000
chr3	67780000	67790000	6.901930517794532	67785000
chr3	67790000	67800000	0.8679138533178498	67795000
chr3	67800000	67810000	1.490924409722848	67805000
chr3	67810000	67820000	2.551051610783835	67815000
chr3	67820000	67830000	2.7932692555823118	67825000
chr3	67830000	67840000	1.5246185360387503	67835000
chr3	67840000	67850000	2.669355439284166	67845000
chr3	67850000	67860000	10.923438195708453	67855000
chr3	67860000	67870000	3.0283924345601023	67865000
chr3	67870000	67880000	4.700249992311906	67875000
chr3	67880000	67890000	1.8017905181831937	67885000
chr3	67890000	67900000	2.6290818104646547	67895000
chr3	67900000	67910000	2.0984104422377126	67905000
chr3	67910000	67920000	2.950088399376224	67915000
chr3	67920000	67930000	3.8288790435058067	67925000
chr3	67930000	67940000	4.486962508130489	67935000
chr3	67940000	67950000	3.092477679257293	67945000
chr3	67950000	67960000	2.3478312340162364	67955000
chr3	67960000	67970000	2.7127470109319622	67965000
chr3	67970000	67980000	2.9419134473273134	67975000
chr3	67980000	67990000	2.628844887756809	67985000
chr3	67990000	68000000	3.1271160383365153	67995000
chr3	68000000	68010000	3.93756735535399	68005000
chr3	68010000	68020000	2.5475905419049734	68015000
chr3	68020000	68030000	2.490813020854399	68025000
chr3	68030000	68040000	2.514900881110379	68035000
chr3	68040000	68050000	2.2391505485910184	68045000
chr3	68050000	68060000	2.4020170144086834	68055000
chr3	68060000	68070000	2.580096226752849	68065000
chr3	68070000	68080000	2.2162622310639	68075000
chr3	68080000	68090000	3.9517758622844488	68085000
chr3	68090000	68100000	4.100815348685024	68095000
chr3	68100000	68110000	1.928141282920689	68105000
chr3	68110000	68120000	3.3002609943409063	68115000
chr3	68120000	68130000	14.029618100019343	68125000
chr3	68130000	68140000	2.204684685003212	68135000
chr3	68140000	68150000	3.3113935643465093	68145000
chr3	68150000	68160000	3.728838099030027	68155000
chr3	68160000	68170000	7.085241455742972	68165000
chr3	68170000	68180000	3.9583655654413894	68175000
chr3	68180000	68190000	2.6170762453048058	68185000
chr3	68190000	68200000	2.0476146459944893	68195000
chr3	68200000	68210000	1.4797349728071298	68205000
chr3	68210000	68220000	2.920733543162499	68215000
chr3	68220000	68230000	5.1418398148415445	68225000
chr3	68230000	68240000	1.7457531863652234	68235000
chr3	68240000	68250000	2.9573385648527593	68245000
chr3	68250000	68260000	1.2905128615710808	68255000
chr3	68260000	68270000	0.4584738725474806	68265000
chr3	68270000	68280000	1.4013680119889804	68275000
chr3	68280000	68290000	1.217403384016617	68285000
chr3	68290000	68300000	2.4327565521599923	68295000
chr3	68300000	68310000	1.422040980841685	68305000
chr3	68310000	68320000	2.0815382838098255	68315000
chr3	68320000	68330000	0.8953338659764358	68325000
chr3	68330000	68340000	2.627900380875649	68335000
chr3	68340000	68350000	1.6287677542019716	68345000
chr3	68350000	68360000	2.8369314332921967	68355000
chr3	68360000	68370000	2.552753099071004	68365000
chr3	68370000	68380000	2.646590330319536	68375000
chr3	68380000	68390000	3.402921274857636	68385000
chr3	68390000	68400000	1.6791833738058326	68395000
chr3	68400000	68410000	5.741536875760367	68405000
chr3	68410000	68420000	4.704338172198129	68415000
chr3	68420000	68430000	1.2048755192010012	68425000
chr3	68430000	68440000	1.27909670984027	68435000
chr3	68440000	68450000	1.9062537561752344	68445000
chr3	68450000	68460000	1.4643407989453332	68455000
chr3	68460000	68470000	0.7804423765154798	68465000
chr3	68470000	68480000	1.3415514410633256	68475000
chr3	68480000	68490000	2.2812687814465127	68485000
chr3	68490000	68500000	1.5317107067514157	68495000
chr3	68500000	68510000	2.3565598926617692	68505000
chr3	68510000	68520000	1.6191110755517997	68515000
chr3	68520000	68530000	2.296338795285235	68525000
chr3	68530000	68540000	3.616649866586775	68535000
chr3	68540000	68550000	2.9944286903767288	68545000
chr3	68550000	68560000	1.5428807830000164	68555000
chr3	68560000	68570000	3.7491811214837667	68565000
chr3	68570000	68580000	2.6901434256414114	68575000
chr3	68580000	68590000	1.904661026034347	68585000
chr3	68590000	68600000	1.45675590155812	68595000
chr3	68600000	68610000	1.5752694181276192	68605000
chr3	68610000	68620000	3.6204476692406615	68615000
chr3	68620000	68630000	2.4408539239972926	68625000
chr3	68630000	68640000	11.743210815389785	68635000
chr3	68640000	68650000	18.388241027451595	68645000
chr3	68650000	68660000	2.5686946518576717	68655000
chr3	68660000	68670000	1.777898123186472	68665000
chr3	68670000	68680000	1.344551097092424	68675000
chr3	68680000	68690000	1.3855737533803656	68685000
chr3	68690000	68700000	0.9318191248418904	68695000
chr3	68700000	68710000	1.155186362772256	68705000
chr3	68710000	68720000	1.4250201855140514	68715000
chr3	68720000	68730000	0.9357801481075182	68725000
chr3	68730000	68740000	1.0408956956102984	68735000
chr3	68740000	68750000	0.8888910271582722	68745000
chr3	68750000	68760000	0.9135842985742694	68755000
chr3	68760000	68770000	1.7291837108079033	68765000
chr3	68770000	68780000	1.3205289158048548	68775000
chr3	68780000	68790000	2.5862798246585275	68785000
chr3	68790000	68800000	0.8441465869429365	68795000
chr3	68800000	68810000	1.4344564166756641	68805000
chr3	68810000	68820000	0.9773281493184804	68815000
chr3	68820000	68830000	1.6528610002819046	68825000
chr3	68830000	68840000	1.1662727538817086	68835000
chr3	68840000	68850000	0.855804902062353	68845000
chr3	68850000	68860000	1.5120044914387372	68855000
chr3	68860000	68870000	1.0621314205675347	68865000
chr3	68870000	68880000	1.0739873171413974	68875000
chr3	68880000	68890000	0.9888775167918362	68885000
chr3	68890000	68900000	2.5675296584911416	68895000
chr3	68900000	68910000	1.9936352398689887	68905000
chr3	68910000	68920000	3.0125221694661932	68915000
chr3	68920000	68930000	2.2628228776306942	68925000
chr3	68930000	68940000	3.1550228450399143	68935000
chr3	68940000	68950000	4.419207675928116	68945000
chr3	68950000	68960000	1.6076011694385022	68955000
chr3	68960000	68970000	2.9727115955767585	68965000
chr3	68970000	68980000	4.265076528712983	68975000
chr3	68980000	68990000	2.780193856530596	68985000
chr3	68990000	69000000	5.18929003664485	68995000
chr3	69000000	69010000	3.4987575280354632	69005000
chr3	69010000	69020000	2.116871864158294	69015000
chr3	69020000	69030000	2.490420618503427	69025000
chr3	69030000	69040000	1.8214444916701995	69035000
chr3	69040000	69050000	1.1032670345732642	69045000
chr3	69050000	69060000	7.600713310028576	69055000
chr3	69060000	69070000	0.6815319145872786	69065000
chr3	69070000	69080000	0.6331273746947607	69075000
chr3	69080000	69090000	0.7002428876831768	69085000
chr3	69090000	69100000	0.39560883731382207	69095000
chr3	69100000	69110000	0.7137880373179444	69105000
chr3	69110000	69120000	0.6810606908135834	69115000
chr3	69120000	69130000	0.5509692160041171	69125000
chr3	69130000	69140000	7.507978508848575	69135000
chr3	69140000	69150000	0.8341504053497438	69145000
chr3	69150000	69160000	1.2521399085304843	69155000
chr3	69160000	69170000	2.2083145971937967	69165000
chr3	69170000	69180000	1.5942927081666716	69175000
chr3	69180000	69190000	2.1438470311399405	69185000
chr3	69190000	69200000	2.8483068634291726	69195000
chr3	69200000	69210000	2.734516955359227	69205000
chr3	69210000	69220000	6.137630792613277	69215000
chr3	69220000	69230000	2.1449753070988384	69225000
chr3	69230000	69240000	5.999845438431627	69235000
chr3	69240000	69250000	1.3817290083441869	69245000
chr3	69250000	69260000	1.3293985634524832	69255000
chr3	69260000	69270000	1.2711235893482227	69265000
chr3	69270000	69280000	2.14781589556161	69275000
chr3	69280000	69290000	8.869591152962624	69285000
chr3	69290000	69300000	2.221068546075005	69295000
chr3	69300000	69310000	11.88786937088571	69305000
chr3	69310000	69320000	7.34388747491644	69315000
chr3	69320000	69330000	0.6715873584719152	69325000
chr3	69330000	69340000	0.9874708367254966	69335000
chr3	69340000	69350000	1.695780080752307	69345000
chr3	69350000	69360000	1.3650561222192534	69355000
chr3	69360000	69370000	3.5922655435090998	69365000
chr3	69370000	69380000	6.735101913711704	69375000
chr3	69380000	69390000	1.6838711614087365	69385000
chr3	69390000	69400000	3.932283371470983	69395000
chr3	69400000	69410000	1.4288436171440337	69405000
chr3	69410000	69420000	1.3545825909622098	69415000
chr3	69420000	69430000	0.7762244413093061	69425000
chr3	69430000	69440000	0.7933570035862791	69435000
chr3	69440000	69450000	3.1736654335284364	69445000
chr3	69450000	69460000	1.6153103440792038	69455000
chr3	69460000	69470000	0.8769085946132321	69465000
chr3	69470000	69480000	0.6115866072424256	69475000
chr3	69480000	69490000	7.783489340160191	69485000
chr3	69490000	69500000	1.6746236484495598	69495000
chr3	69500000	69510000	1.0834593993347728	69505000
chr3	69510000	69520000	1.7456251333542598	69515000
chr3	69520000	69530000	0.8894739339192428	69525000
chr3	69530000	69540000	2.255981779324536	69535000
chr3	69540000	69550000	1.330844801184269	69545000
chr3	69550000	69560000	1.6412771647707545	69555000
chr3	69560000	69570000	11.465504834975702	69565000
chr3	69570000	69580000	3.301763934828914	69575000
chr3	69580000	69590000	2.2393985949288884	69585000
chr3	69590000	69600000	8.661974928254551	69595000
chr3	69600000	69610000	2.557768143614283	69605000
chr3	69610000	69620000	1.0928373047794113	69615000
chr3	69620000	69630000	0.9997180606898483	69625000
chr3	69630000	69640000	0.9423481549232388	69635000
chr3	69640000	69650000	1.8291632732609882	69645000
chr3	69650000	69660000	0.6737674877138438	69655000
chr3	69660000	69670000	3.354390421746771	69665000
chr3	69670000	69680000	4.746518999735457	69675000
chr3	69680000	69690000	1.6924421066034931	69685000
chr3	69690000	69700000	2.578228920494451	69695000
chr3	69700000	69710000	1.3518573680899884	69705000
chr3	69710000	69720000	1.3096858377286538	69715000
chr3	69720000	69730000	1.4050933146315252	69725000
chr3	69730000	69740000	0.7191472306766463	69735000
chr3	69740000	69750000	1.338054371710538	69745000
chr3	69750000	69760000	2.644490113761198	69755000
chr3	69760000	69770000	5.6646437045038285	69765000
chr3	69770000	69780000	3.538088124697878	69775000
chr3	69780000	69790000	3.173725529944498	69785000
chr3	69790000	69800000	1.4995733415803476	69795000
chr3	69800000	69810000	2.862779633253533	69805000
chr3	69810000	69820000	1.538893736595993	69815000
chr3	69820000	69830000	5.327589764621142	69825000
chr3	69830000	69840000	9.593672158861827	69835000
chr3	69840000	69850000	5.29740143827404	69845000
chr3	69850000	69860000	4.626726213260295	69855000
chr3	69860000	69870000	6.480357477214718	69865000
chr3	69870000	69880000	5.298690592081096	69875000
chr3	69880000	69890000	9.402938233186143	69885000
chr3	69890000	69900000	6.02356992374219	69895000
chr3	69900000	69910000	3.560654764957779	69905000
chr3	69910000	69920000	8.96021890124687	69915000
chr3	69920000	69930000	3.7208647875976713	69925000
chr3	69930000	69940000	3.7096639408437784	69935000
chr3	69940000	69950000	2.152600213762017	69945000
chr3	69950000	69960000	10.059381625694206	69955000
chr3	69960000	69970000	2.516532811267004	69965000
chr3	69970000	69980000	4.290020968669174	69975000
chr3	69980000	69990000	5.872728698633321	69985000
chr3	69990000	70000000	3.038426214865638	69995000
chr3	70000000	70010000	2.615356464547004	70005000
chr3	70010000	70020000	2.2490121559471357	70015000
chr3	70020000	70030000	8.832036697255354	70025000
chr3	70030000	70040000	2.5150013216726173	70035000
chr3	70040000	70050000	1.8679986984001584	70045000
chr3	70050000	70060000	10.57051175332816	70055000
chr3	70060000	70070000	4.655625112390702	70065000
chr3	70070000	70080000	4.9686079601192965	70075000
chr3	70080000	70090000	8.69372269229795	70085000
chr3	70090000	70100000	4.267254429365181	70095000
chr3	70100000	70110000	2.9408803650476134	70105000
chr3	70110000	70120000	3.2579961743672365	70115000
chr3	70120000	70130000	3.0420724967008743	70125000
chr3	70130000	70140000	3.509273685887786	70135000
chr3	70140000	70150000	2.1905545597885077	70145000
chr3	70150000	70160000	2.3122527175656415	70155000
chr3	70160000	70170000	2.267725864604605	70165000
chr3	70170000	70180000	2.319815168344367	70175000
chr3	70180000	70190000	1.6287852798082754	70185000
chr3	70190000	70200000	0.7616918723293234	70195000
chr3	70200000	70210000	0.5231441514701746	70205000
chr3	70210000	70220000	2.1861805208794878	70215000
chr3	70220000	70230000	1.035591496796243	70225000
chr3	70230000	70240000	3.5603661569188936	70235000
chr3	70240000	70250000	0.47008539247497266	70245000
chr3	70250000	70260000	0.3926281324602486	70255000
chr3	70260000	70270000	0.6870813685195745	70265000
chr3	70270000	70280000	1.8047410359452463	70275000
chr3	70280000	70290000	1.1870423489675654	70285000
chr3	70290000	70300000	2.4705216395518006	70295000
chr3	70300000	70310000	4.701025443457375	70305000
chr3	70310000	70320000	5.425834206088078	70315000
chr3	70320000	70330000	9.37327536502992	70325000
chr3	70330000	70340000	2.643055332914871	70335000
chr3	70340000	70350000	3.066182299027083	70345000
chr3	70350000	70360000	1.5584621546181163	70355000
chr3	70360000	70370000	2.140791905514823	70365000
chr3	70370000	70380000	4.0563766738322995	70375000
chr3	70380000	70390000	3.6804285087033466	70385000
chr3	70390000	70400000	6.2334759715748405	70395000
chr3	70400000	70410000	4.622816199604929	70405000
chr3	70410000	70420000	0.8624111652948597	70415000
chr3	70420000	70430000	1.2943501589271953	70425000
chr3	70430000	70440000	0.50515866971699	70435000
chr3	70440000	70450000	1.7017341652535585	70445000
chr3	70450000	70460000	7.4726483464751565	70455000
chr3	70460000	70470000	1.0540150519428673	70465000
chr3	70470000	70480000	1.5811330619499775	70475000
chr3	70480000	70490000	1.6081844866372184	70485000
chr3	70490000	70500000	1.2600241985995893	70495000
chr3	70500000	70510000	1.65774340337156	70505000
chr3	70510000	70520000	1.559705572619184	70515000
chr3	70520000	70530000	1.3868706899862442	70525000
chr3	70530000	70540000	1.178215775706913	70535000
chr3	70540000	70550000	3.164501324353713	70545000
chr3	70550000	70560000	1.8874564949719184	70555000
chr3	70560000	70570000	2.864391242752658	70565000
chr3	70570000	70580000	3.472234390320156	70575000
chr3	70580000	70590000	2.5410181978424595	70585000
chr3	70590000	70600000	3.3601647673323285	70595000
chr3	70600000	70610000	1.672592286274502	70605000
chr3	70610000	70620000	2.0763333409448794	70615000
chr3	70620000	70630000	5.078161520410819	70625000
chr3	70630000	70640000	1.2869921814966796	70635000
chr3	70640000	70650000	0.9693581605336761	70645000
chr3	70650000	70660000	0.6282680817406925	70655000
chr3	70660000	70670000	0.681814898653057	70665000
chr3	70670000	70680000	0.8858093231038467	70675000
chr3	70680000	70690000	2.327960736425121	70685000
chr3	70690000	70700000	1.0169056439908228	70695000
chr3	70700000	70710000	0.7325804672329076	70705000
chr3	70710000	70720000	0.8612628344632801	70715000
chr3	70720000	70730000	0.9992860810385849	70725000
chr3	70730000	70740000	0.7881063720182764	70735000
chr3	70740000	70750000	1.2031924024429683	70745000
chr3	70750000	70760000	7.505414048033924	70755000
chr3	70760000	70770000	3.87669328470543	70765000
chr3	70770000	70780000	3.892061988499562	70775000
chr3	70780000	70790000	3.332634268672999	70785000
chr3	70790000	70800000	2.1946507947849483	70795000
chr3	70800000	70810000	1.6540954813053614	70805000
chr3	70810000	70820000	1.4971256186278306	70815000
chr3	70820000	70830000	2.877186152661898	70825000
chr3	70830000	70840000	1.590137266736951	70835000
chr3	70840000	70850000	2.9127655076026673	70845000
chr3	70850000	70860000	2.8446718665026602	70855000
chr3	70860000	70870000	1.3422524138527574	70865000
chr3	70870000	70880000	1.511333675167952	70875000
chr3	70880000	70890000	4.346192936463184	70885000
chr3	70890000	70900000	4.271016060499892	70895000
chr3	70900000	70910000	4.914249197271734	70905000
chr3	70910000	70920000	14.345503329006227	70915000
chr3	70920000	70930000	4.30446204738249	70925000
chr3	70930000	70940000	3.20953385642856	70935000
chr3	70940000	70950000	4.6839963777141636	70945000
chr3	70950000	70960000	5.054106239514682	70955000
chr3	70960000	70970000	4.902991099150272	70965000
chr3	70970000	70980000	2.9833935704753403	70975000
chr3	70980000	70990000	7.297031765974253	70985000
chr3	70990000	71000000	3.9842738146266927	70995000
chr3	71000000	71010000	3.6661062013049244	71005000
chr3	71010000	71020000	4.264200621743032	71015000
chr3	71020000	71030000	4.563972139843689	71025000
chr3	71030000	71040000	7.575249016656746	71035000
chr3	71040000	71050000	4.50902602293854	71045000
chr3	71050000	71060000	4.169695489456145	71055000
chr3	71060000	71070000	3.7477207906706598	71065000
chr3	71070000	71080000	3.7633052134154346	71075000
chr3	71080000	71090000	3.748193182067529	71085000
chr3	71090000	71100000	3.4136807961846043	71095000
chr3	71100000	71110000	4.180943166868763	71105000
chr3	71110000	71120000	3.1091599548251594	71115000
chr3	71120000	71130000	3.9951953793823605	71125000
chr3	71130000	71140000	4.480527373775307	71135000
chr3	71140000	71150000	3.153543301223038	71145000
chr3	71150000	71160000	8.498411542098175	71155000
chr3	71160000	71170000	3.1779735256132025	71165000
chr3	71170000	71180000	2.183004912033702	71175000
chr3	71180000	71190000	4.473976069935715	71185000
chr3	71190000	71200000	3.6958899945893537	71195000
chr3	71200000	71210000	3.6462753601129823	71205000
chr3	71210000	71220000	5.908982790825693	71215000
chr3	71220000	71230000	6.787285752240364	71225000
chr3	71230000	71240000	5.855065437456362	71235000
chr3	71240000	71250000	9.739147508296597	71245000
chr3	71250000	71260000	7.191104731138702	71255000
chr3	71260000	71270000	10.454050002169657	71265000
chr3	71270000	71280000	11.299241148131587	71275000
chr3	71280000	71290000	4.079292652089878	71285000
chr3	71290000	71300000	1.781821671356092	71295000
chr3	71300000	71310000	8.045785321116384	71305000
chr3	71310000	71320000	2.4827737483515624	71315000
chr3	71320000	71330000	2.515033174762128	71325000
chr3	71330000	71340000	3.8267739927679414	71335000
chr3	71340000	71350000	2.402072175875375	71345000
chr3	71350000	71360000	3.5329493882040306	71355000
chr3	71360000	71370000	1.1694425337075425	71365000
chr3	71370000	71380000	1.8921688036100053	71375000
chr3	71380000	71390000	5.981238098440147	71385000
chr3	71390000	71400000	10.383964996993495	71395000
chr3	71400000	71410000	3.6834415516216765	71405000
chr3	71410000	71420000	2.301030571900367	71415000
chr3	71420000	71430000	11.562246644552642	71425000
chr3	71430000	71440000	4.978269625042379	71435000
chr3	71440000	71450000	3.2809462610871747	71445000
chr3	71450000	71460000	6.205388160895839	71455000
chr3	71460000	71470000	4.116964683898157	71465000
chr3	71470000	71480000	7.3425095621541105	71475000
chr3	71480000	71490000	3.5888340816779434	71485000
chr3	71490000	71500000	5.562668569557801	71495000
chr3	71500000	71510000	5.128357482609015	71505000
chr3	71510000	71520000	4.460179143348994	71515000
chr3	71520000	71530000	4.256196192350544	71525000
chr3	71530000	71540000	2.933360122438821	71535000
chr3	71540000	71550000	3.9367676418847157	71545000
chr3	71550000	71560000	4.579019387037274	71555000
chr3	71560000	71570000	8.208288286713167	71565000
chr3	71570000	71580000	7.34877194905143	71575000
chr3	71580000	71590000	6.8030847117398	71585000
chr3	71590000	71600000	3.963711103452928	71595000
chr3	71600000	71610000	6.301569018347531	71605000
chr3	71610000	71620000	2.5295686289576302	71615000
chr3	71620000	71630000	8.605378117428284	71625000
chr3	71630000	71640000	2.283630310601733	71635000
chr3	71640000	71650000	0.8806004595434553	71645000
chr3	71650000	71660000	2.243161227279152	71655000
chr3	71660000	71670000	9.293531303422052	71665000
chr3	71670000	71680000	7.057746919551509	71675000
chr3	71680000	71690000	13.518688244433477	71685000
chr3	71690000	71700000	0.9094818665051548	71695000
chr3	71700000	71710000	1.9014874285508494	71705000
chr3	71710000	71720000	4.399096100169007	71715000
chr3	71720000	71730000	2.998313798561701	71725000
chr3	71730000	71740000	1.343458054019422	71735000
chr3	71740000	71750000	14.011267182040056	71745000
chr3	71750000	71760000	1.897019295384185	71755000
chr3	71760000	71770000	1.4725314799477354	71765000
chr3	71770000	71780000	6.051112455416675	71775000
chr3	71780000	71790000	1.9997064232340536	71785000
chr3	71790000	71800000	5.575424351998205	71795000
chr3	71800000	71810000	3.8765655633939455	71805000
chr3	71810000	71820000	4.216623023855789	71815000
chr3	71820000	71830000	2.6111453745564326	71825000
chr3	71830000	71840000	1.4394805191400215	71835000
chr3	71840000	71850000	4.736353858465126	71845000
chr3	71850000	71860000	1.2574462680571612	71855000
chr3	71860000	71870000	0.8507571424191682	71865000
chr3	71870000	71880000	0.6698589682171573	71875000
chr3	71880000	71890000	3.1022287138364235	71885000
chr3	71890000	71900000	1.709145000453272	71895000
chr3	71900000	71910000	0.42316864985268215	71905000
chr3	71910000	71920000	1.314650764309554	71915000
chr3	71920000	71930000	0.4602652665330201	71925000
chr3	71930000	71940000	1.123380291102683	71935000
chr3	71940000	71950000	0.8552352430544133	71945000
chr3	71950000	71960000	0.9004762450626042	71955000
chr3	71960000	71970000	1.6072758020208686	71965000
chr3	71970000	71980000	3.89158794350597	71975000
chr3	71980000	71990000	5.898410186590273	71985000
chr3	71990000	72000000	1.9840056926644927	71995000
chr3	72000000	72010000	1.2449304866120987	72005000
chr3	72010000	72020000	2.585019456940726	72015000
chr3	72020000	72030000	1.3440169421133756	72025000
chr3	72030000	72040000	0.8495654179804915	72035000
chr3	72040000	72050000	1.1514320849469952	72045000
chr3	72050000	72060000	3.077601490882742	72055000
chr3	72060000	72070000	2.596553558087238	72065000
chr3	72070000	72080000	2.6359167683278453	72075000
chr3	72080000	72090000	4.657537233203672	72085000
chr3	72090000	72100000	1.269530101797443	72095000
chr3	72100000	72110000	4.397913361192912	72105000
chr3	72110000	72120000	2.3005116458470485	72115000
chr3	72120000	72130000	1.3534229563609246	72125000
chr3	72130000	72140000	1.716028522593876	72135000
chr3	72140000	72150000	3.503957005906951	72145000
chr3	72150000	72160000	3.2276341522546	72155000
chr3	72160000	72170000	6.773348827363558	72165000
chr3	72170000	72180000	1.697483874362722	72175000
chr3	72180000	72190000	3.236656111025209	72185000
chr3	72190000	72200000	2.2453532362223276	72195000
chr3	72200000	72210000	2.589261732354298	72205000
chr3	72210000	72220000	5.057786749454564	72215000
chr3	72220000	72230000	9.421162656050875	72225000
chr3	72230000	72240000	1.2861760415640517	72235000
chr3	72240000	72250000	0.8677437736005972	72245000
chr3	72250000	72260000	1.2054579456170487	72255000
chr3	72260000	72270000	8.36052871604393	72265000
chr3	72270000	72280000	2.038472626944451	72275000
chr3	72280000	72290000	1.357781762711675	72285000
chr3	72290000	72300000	3.6561481114911145	72295000
chr3	72300000	72310000	3.3456915207240985	72305000
chr3	72310000	72320000	2.510260751625169	72315000
chr3	72320000	72330000	7.963198983099229	72325000
chr3	72330000	72340000	4.67458413277145	72335000
chr3	72340000	72350000	2.0931756673081123	72345000
chr3	72350000	72360000	2.054907904519362	72355000
chr3	72360000	72370000	2.4197937249924153	72365000
chr3	72370000	72380000	6.96929653637646	72375000
chr3	72380000	72390000	1.2255908197444345	72385000
chr3	72390000	72400000	3.8050597694632615	72395000
chr3	72400000	72410000	3.595245846875711	72405000
chr3	72410000	72420000	10.388865070851676	72415000
chr3	72420000	72430000	3.1379393988113833	72425000
chr3	72430000	72440000	7.905196009889129	72435000
chr3	72440000	72450000	3.8832133309593346	72445000
chr3	72450000	72460000	7.052141360603379	72455000
chr3	72460000	72470000	8.829658292660138	72465000
chr3	72470000	72480000	1.9699985386048267	72475000
chr3	72480000	72490000	0.5296662361621044	72485000
chr3	72490000	72500000	0.8138272222567299	72495000
chr3	72500000	72510000	1.943922478197242	72505000
chr3	72510000	72520000	1.5999920784224007	72515000
chr3	72520000	72530000	6.382726591473276	72525000
chr3	72530000	72540000	5.1954173941097554	72535000
chr3	72540000	72550000	1.6469572160921457	72545000
chr3	72550000	72560000	2.2065865925571697	72555000
chr3	72560000	72570000	9.678839627006393	72565000
chr3	72570000	72580000	2.3508846690304495	72575000
chr3	72580000	72590000	1.5752403918273006	72585000
chr3	72590000	72600000	1.0625039512607346	72595000
chr3	72600000	72610000	4.1373980343276	72605000
chr3	72610000	72620000	1.7060235993975703	72615000
chr3	72620000	72630000	3.262665952261805	72625000
chr3	72630000	72640000	2.129969231873731	72635000
chr3	72640000	72650000	6.506021085421961	72645000
chr3	72650000	72660000	1.538689711110619	72655000
chr3	72660000	72670000	2.048644748488875	72665000
chr3	72670000	72680000	1.9295235566382671	72675000
chr3	72680000	72690000	3.6982753556908308	72685000
chr3	72690000	72700000	3.4584775511283703	72695000
chr3	72700000	72710000	2.813622629000743	72705000
chr3	72710000	72720000	3.0390028146001886	72715000
chr3	72720000	72730000	6.77385782834787	72725000
chr3	72730000	72740000	4.302368448710157	72735000
chr3	72740000	72750000	1.7924443389603424	72745000
chr3	72750000	72760000	2.3942200756791427	72755000
chr3	72760000	72770000	4.052191881454274	72765000
chr3	72770000	72780000	1.896745424568661	72775000
chr3	72780000	72790000	6.670090833194781	72785000
chr3	72790000	72800000	1.0502769215004633	72795000
chr3	72800000	72810000	0.3494296312240252	72805000
chr3	72810000	72820000	0.48459627868582983	72815000
chr3	72820000	72830000	3.5142945760693554	72825000
chr3	72830000	72840000	2.667284107764807	72835000
chr3	72840000	72850000	0.8580381495106393	72845000
chr3	72850000	72860000	5.42869130923304	72855000
chr3	72860000	72870000	1.1213417680202	72865000
chr3	72870000	72880000	0.4661994422659969	72875000
chr3	72880000	72890000	0.47230743389092644	72885000
chr3	72890000	72900000	0.3020126632308838	72895000
chr3	72900000	72910000	0.31216690662734126	72905000
chr3	72910000	72920000	0.422507075301011	72915000
chr3	72920000	72930000	0.4467583863266333	72925000
chr3	72930000	72940000	1.2317454998100983	72935000
chr3	72940000	72950000	2.593941423593167	72945000
chr3	72950000	72960000	2.4274146016458213	72955000
chr3	72960000	72970000	2.255301469616625	72965000
chr3	72970000	72980000	2.7131735227517257	72975000
chr3	72980000	72990000	3.1700187383429475	72985000
chr3	72990000	73000000	2.6170864588162033	72995000
chr3	73000000	73010000	2.8342712292313244	73005000
chr3	73010000	73020000	1.6867563585147396	73015000
chr3	73020000	73030000	1.1228282661748885	73025000
chr3	73030000	73040000	5.673685259855259	73035000
chr3	73040000	73050000	1.0857096540851305	73045000
chr3	73050000	73060000	2.118472727113009	73055000
chr3	73060000	73070000	1.6282214090018943	73065000
chr3	73070000	73080000	1.6571134468387936	73075000
chr3	73080000	73090000	1.3445822924562556	73085000
chr3	73090000	73100000	3.6973199667197747	73095000
chr3	73100000	73110000	3.1691832759079666	73105000
chr3	73110000	73120000	2.614415752773105	73115000
chr3	73120000	73130000	1.5514484690947106	73125000
chr3	73130000	73140000	1.0877458218896656	73135000
chr3	73140000	73150000	2.0852997040269474	73145000
chr3	73150000	73160000	0.9721375562790392	73155000
chr3	73160000	73170000	1.4033059031425341	73165000
chr3	73170000	73180000	1.8524617036812883	73175000
chr3	73180000	73190000	1.6202084757387518	73185000
chr3	73190000	73200000	1.2972200559618299	73195000
chr3	73200000	73210000	6.026755946395158	73205000
chr3	73210000	73220000	0.9438074154779369	73215000
chr3	73220000	73230000	2.22991176478742	73225000
chr3	73230000	73240000	1.6022281913847518	73235000
chr3	73240000	73250000	3.59300067816258	73245000
chr3	73250000	73260000	1.9640592919775621	73255000
chr3	73260000	73270000	1.0973324930530481	73265000
chr3	73270000	73280000	0.8955610229698422	73275000
chr3	73280000	73290000	1.711554776001706	73285000
chr3	73290000	73300000	0.7428112539107309	73295000
chr3	73300000	73310000	0.9233866914734058	73305000
chr3	73310000	73320000	1.6036389581411663	73315000
chr3	73320000	73330000	2.8640253393133057	73325000
chr3	73330000	73340000	2.481248209807815	73335000
chr3	73340000	73350000	1.2655601251956934	73345000
chr3	73350000	73360000	1.101579472178686	73355000
chr3	73360000	73370000	1.501421140787132	73365000
chr3	73370000	73380000	1.2396437508742049	73375000
chr3	73380000	73390000	1.360932649584728	73385000
chr3	73390000	73400000	1.0029820160170735	73395000
chr3	73400000	73410000	1.0904089788854554	73405000
chr3	73410000	73420000	1.1911986866287154	73415000
chr3	73420000	73430000	0.8908438024308707	73425000
chr3	73430000	73440000	1.086381379914747	73435000
chr3	73440000	73450000	2.208912121627976	73445000
chr3	73450000	73460000	1.8574639954647794	73455000
chr3	73460000	73470000	4.279948614930298	73465000
chr3	73470000	73480000	3.0513857856786597	73475000
chr3	73480000	73490000	2.5180708850625653	73485000
chr3	73490000	73500000	1.206972055784854	73495000
chr3	73500000	73510000	2.1484763207265654	73505000
chr3	73510000	73520000	4.527716990533473	73515000
chr3	73520000	73530000	2.7580582139177148	73525000
chr3	73530000	73540000	4.601522235850983	73535000
chr3	73540000	73550000	2.6478510810812974	73545000
chr3	73550000	73560000	2.437330033861667	73555000
chr3	73560000	73570000	3.2912980257674254	73565000
chr3	73570000	73580000	4.345052864771043	73575000
chr3	73580000	73590000	2.709036004581348	73585000
chr3	73590000	73600000	0.9085487865194076	73595000
chr3	73600000	73610000	1.572698153182707	73605000
chr3	73610000	73620000	4.634762327862255	73615000
chr3	73620000	73630000	2.2323630019958456	73625000
chr3	73630000	73640000	5.481440844927139	73635000
chr3	73640000	73650000	3.7261317114149692	73645000
chr3	73650000	73660000	4.222431743917435	73655000
chr3	73660000	73670000	8.46837505824922	73665000
chr3	73670000	73680000	2.1891768199850534	73675000
chr3	73680000	73690000	2.7180742130436086	73685000
chr3	73690000	73700000	3.4246864213191563	73695000
chr3	73700000	73710000	3.478829668342858	73705000
chr3	73710000	73720000	2.8386296885421727	73715000
chr3	73720000	73730000	5.574735783467419	73725000
chr3	73730000	73740000	9.005774660903052	73735000
chr3	73740000	73750000	3.371081667086627	73745000
chr3	73750000	73760000	3.5654127844015115	73755000
chr3	73760000	73770000	2.49181235771	73765000
chr3	73770000	73780000	16.30064090051829	73775000
chr3	73780000	73790000	5.348292139922663	73785000
chr3	73790000	73800000	2.049122204290771	73795000
chr3	73800000	73810000	2.040822422308974	73805000
chr3	73810000	73820000	2.4457198305028194	73815000
chr3	73820000	73830000	1.376984668218875	73825000
chr3	73830000	73840000	0.9389951159849973	73835000
chr3	73840000	73850000	0.7150747355834491	73845000
chr3	73850000	73860000	0.7610586799527876	73855000
chr3	73860000	73870000	1.1817098642037422	73865000
chr3	73870000	73880000	8.936014983408995	73875000
chr3	73880000	73890000	0.5817946741979511	73885000
chr3	73890000	73900000	0.5916482245997498	73895000
chr3	73900000	73910000	0.7543573030690013	73905000
chr3	73910000	73920000	1.1706173585299062	73915000
chr3	73920000	73930000	1.9756153828809881	73925000
chr3	73930000	73940000	0.6397245781765848	73935000
chr3	73940000	73950000	0.8805393575685542	73945000
chr3	73950000	73960000	0.998144996249675	73955000
chr3	73960000	73970000	2.442439690927817	73965000
chr3	73970000	73980000	2.2155315338057715	73975000
chr3	73980000	73990000	4.168901684117181	73985000
chr3	73990000	74000000	9.683544879486382	73995000
chr3	74000000	74010000	1.6464027810507602	74005000
chr3	74010000	74020000	0.5344815775557619	74015000
chr3	74020000	74030000	1.8204835968400164	74025000
chr3	74030000	74040000	1.5451752793390732	74035000
chr3	74040000	74050000	3.0873755068109854	74045000
chr3	74050000	74060000	2.9095730021939143	74055000
chr3	74060000	74070000	4.038521564239987	74065000
chr3	74070000	74080000	7.354216432998924	74075000
chr3	74080000	74090000	5.0620931209811415	74085000
chr3	74090000	74100000	6.162721407835272	74095000
chr3	74100000	74110000	3.672568941881428	74105000
chr3	74110000	74120000	3.239641962742211	74115000
chr3	74120000	74130000	9.058640000551849	74125000
chr3	74130000	74140000	3.7402812767653058	74135000
chr3	74140000	74150000	9.094111171384547	74145000
chr3	74150000	74160000	3.3690814698582483	74155000
chr3	74160000	74170000	4.678416562283618	74165000
chr3	74170000	74180000	2.6277011785366935	74175000
chr3	74180000	74190000	2.3092012973071134	74185000
chr3	74190000	74200000	6.017277951597671	74195000
chr3	74200000	74210000	1.8674091592751734	74205000
chr3	74210000	74220000	1.4194135973038693	74215000
chr3	74220000	74230000	2.7207226723960853	74225000
chr3	74230000	74240000	4.411257993497221	74235000
chr3	74240000	74250000	4.732833842639405	74245000
chr3	74250000	74260000	2.9060822007945912	74255000
chr3	74260000	74270000	2.9077231262764953	74265000
chr3	74270000	74280000	4.319951290691468	74275000
chr3	74280000	74290000	0.47541596720874	74285000
chr3	74290000	74300000	7.750005148818714	74295000
chr3	74300000	74310000	5.894166459905618	74305000
chr3	74310000	74320000	1.667400492692257	74315000
chr3	74320000	74330000	1.2269559555966636	74325000
chr3	74330000	74340000	1.191427151539708	74335000
chr3	74340000	74350000	7.264673411507585	74345000
chr3	74350000	74360000	3.3234432830349836	74355000
chr3	74360000	74370000	1.782224716345009	74365000
chr3	74370000	74380000	4.58755454399561	74375000
chr3	74380000	74390000	2.6974613777322154	74385000
chr3	74390000	74400000	1.557602593692972	74395000
chr3	74400000	74410000	2.051770611169635	74405000
chr3	74410000	74420000	1.432889234747206	74415000
chr3	74420000	74430000	1.6614427586468936	74425000
chr3	74430000	74440000	2.2530981466617344	74435000
chr3	74440000	74450000	3.097849505281283	74445000
chr3	74450000	74460000	2.1635587258399442	74455000
chr3	74460000	74470000	2.9318916677975775	74465000
chr3	74470000	74480000	3.2363315202260425	74475000
chr3	74480000	74490000	1.5625695508545794	74485000
chr3	74490000	74500000	2.2713708922755838	74495000
chr3	74500000	74510000	3.353358296377797	74505000
chr3	74510000	74520000	3.2359033694170463	74515000
chr3	74520000	74530000	3.6862504400138727	74525000
chr3	74530000	74540000	2.241085077377996	74535000
chr3	74540000	74550000	3.6398230113476577	74545000
chr3	74550000	74560000	3.5442410592133795	74555000
chr3	74560000	74570000	5.977175084244656	74565000
chr3	74570000	74580000	2.092698217289525	74575000
chr3	74580000	74590000	1.429764471880027	74585000
chr3	74590000	74600000	0.7851332160456921	74595000
chr3	74600000	74610000	0.6863353009028034	74605000
chr3	74610000	74620000	1.896048016362583	74615000
chr3	74620000	74630000	0.7233395781127301	74625000
chr3	74630000	74640000	3.3441547853483913	74635000
chr3	74640000	74650000	0.5459340188938034	74645000
chr3	74650000	74660000	8.596220568248832	74655000
chr3	74660000	74670000	2.4483172619963423	74665000
chr3	74670000	74680000	2.7204108738083455	74675000
chr3	74680000	74690000	15.702881065472168	74685000
chr3	74690000	74700000	6.909674858815397	74695000
chr3	74700000	74710000	2.2865991229592004	74705000
chr3	74710000	74720000	3.6406270217401895	74715000
chr3	74720000	74730000	1.9949057381509103	74725000
chr3	74730000	74740000	9.363588849109545	74735000
chr3	74740000	74750000	2.970731754979609	74745000
chr3	74750000	74760000	12.51320675503301	74755000
chr3	74760000	74770000	5.165081913650143	74765000
chr3	74770000	74780000	5.568517115340514	74775000
chr3	74780000	74790000	3.528766374563364	74785000
chr3	74790000	74800000	6.507587458809089	74795000
chr3	74800000	74810000	8.54375699113105	74805000
chr3	74810000	74820000	6.9007972131402155	74815000
chr3	74820000	74830000	2.0349203853116737	74825000
chr3	74830000	74840000	1.731944347731046	74835000
chr3	74840000	74850000	3.9321206973222282	74845000
chr3	74850000	74860000	1.7564858284292237	74855000
chr3	74860000	74870000	1.9910839822330557	74865000
chr3	74870000	74880000	1.0294263085186193	74875000
chr3	74880000	74890000	5.936394026295336	74885000
chr3	74890000	74900000	1.3840663984280048	74895000
chr3	74900000	74910000	2.4905435514747953	74905000
chr3	74910000	74920000	1.5094849876903589	74915000
chr3	74920000	74930000	1.101142974613419	74925000
chr3	74930000	74940000	1.0374459102665778	74935000
chr3	74940000	74950000	1.459114775122088	74945000
chr3	74950000	74960000	2.8982573263876565	74955000
chr3	74960000	74970000	1.687888405892767	74965000
chr3	74970000	74980000	2.0962454721626123	74975000
chr3	74980000	74990000	6.860694984375289	74985000
chr3	74990000	75000000	2.1901195579151262	74995000
chr3	75000000	75010000	2.55665701999183	75005000
chr3	75010000	75020000	4.123749786113372	75015000
chr3	75020000	75030000	2.496076323719077	75025000
chr3	75030000	75040000	1.9995055602843264	75035000
chr3	75040000	75050000	8.358857351941877	75045000
chr3	75050000	75060000	1.0273971009616447	75055000
chr3	75060000	75070000	1.1992820123667567	75065000
chr3	75070000	75080000	0.5618502791662634	75075000
chr3	75080000	75090000	0.7411444224856674	75085000
chr3	75090000	75100000	1.0274144333866513	75095000
chr3	75100000	75110000	1.8485143178994254	75105000
chr3	75110000	75120000	1.1061683802845677	75115000
chr3	75120000	75130000	1.6151806716683388	75125000
chr3	75130000	75140000	1.3170973819472527	75135000
chr3	75140000	75150000	1.9041945609465392	75145000
chr3	75150000	75160000	1.4460459920699975	75155000
chr3	75160000	75170000	2.325632569960458	75165000
chr3	75170000	75180000	5.385962998217471	75175000
chr3	75180000	75190000	7.407467022808286	75185000
chr3	75190000	75200000	3.2121369998537084	75195000
chr3	75200000	75210000	2.7886353484419497	75205000
chr3	75210000	75220000	1.2780234802993167	75215000
chr3	75220000	75230000	1.3081875840541717	75225000
chr3	75230000	75240000	0.7074492758813603	75235000
chr3	75240000	75250000	1.423472771834178	75245000
chr3	75250000	75260000	1.9919287699030537	75255000
chr3	75260000	75270000	1.178384151643016	75265000
chr3	75270000	75280000	1.0201618582740228	75275000
chr3	75280000	75290000	3.1855141175965844	75285000
chr3	75290000	75300000	3.1985782953102606	75295000
chr3	75300000	75310000	2.887302740782825	75305000
chr3	75310000	75320000	1.2291838623826286	75315000
chr3	75320000	75330000	1.331199477573529	75325000
chr3	75330000	75340000	0.9741041182808963	75335000
chr3	75340000	75350000	1.7352716194251823	75345000
chr3	75350000	75360000	1.7303927890234212	75355000
chr3	75360000	75370000	1.6346859767963173	75365000
chr3	75370000	75380000	2.180195059126849	75375000
chr3	75380000	75390000	2.379898151479854	75385000
chr3	75390000	75400000	2.1282417868267878	75395000
chr3	75400000	75410000	2.367038610886184	75405000
chr3	75410000	75420000	0.839314429870295	75415000
chr3	75420000	75430000	0.7555040544405808	75425000
chr3	75430000	75440000	0.7795364295145929	75435000
chr3	75440000	75450000	1.9017852012451395	75445000
chr3	75450000	75460000	2.4886405145436683	75455000
chr3	75460000	75470000	1.5112928461109372	75465000
chr3	75470000	75480000	0.6632893530971659	75475000
chr3	75480000	75490000	0.7106400418887924	75485000
chr3	75490000	75500000	1.7800597662489643	75495000
chr3	75500000	75510000	2.63707760133246	75505000
chr3	75510000	75520000	1.1212086662915284	75515000
chr3	75520000	75530000	1.121902077527297	75525000
chr3	75530000	75540000	1.4413332187898047	75535000
chr3	75540000	75550000	2.1578144194183575	75545000
chr3	75550000	75560000	2.205654662408923	75555000
chr3	75560000	75570000	1.5238907522664467	75565000
chr3	75570000	75580000	1.413880493747117	75575000
chr3	75580000	75590000	2.7205797123253745	75585000
chr3	75590000	75600000	0.8027263625029583	75595000
chr3	75600000	75610000	1.162980310231934	75605000
chr3	75610000	75620000	1.0795632791629601	75615000
chr3	75620000	75630000	0.7481538825921169	75625000
chr3	75630000	75640000	0.8534430526499153	75635000
chr3	75640000	75650000	2.754866162820441	75645000
chr3	75650000	75660000	7.082648152641307	75655000
chr3	75660000	75670000	1.5765025477970005	75665000
chr3	75670000	75680000	1.2606455555890523	75675000
chr3	75680000	75690000	2.9275778571680418	75685000
chr3	75690000	75700000	3.276744500315147	75695000
chr3	75700000	75710000	4.270724083697881	75705000
chr3	75710000	75720000	2.7654072025311778	75715000
chr3	75720000	75730000	5.226710272219115	75725000
chr3	75730000	75740000	4.768296844081324	75735000
chr3	75740000	75750000	2.918618429578725	75745000
chr3	75750000	75760000	3.0178839695863564	75755000
chr3	75760000	75770000	1.158446492214397	75765000
chr3	75770000	75780000	3.203248702138346	75775000
chr3	75780000	75790000	5.200059316769097	75785000
chr3	75790000	75800000	7.811457962395774	75795000
chr3	75800000	75810000	2.8648357219008216	75805000
chr3	75810000	75820000	3.4902118753677485	75815000
chr3	75820000	75830000	3.1568884224461886	75825000
chr3	75830000	75840000	5.2140324710132075	75835000
chr3	75840000	75850000	4.215822476151924	75845000
chr3	75850000	75860000	7.8313971591749425	75855000
chr3	75860000	75870000	4.049171634963662	75865000
chr3	75870000	75880000	2.013243917678961	75875000
chr3	75880000	75890000	2.949722550729954	75885000
chr3	75890000	75900000	5.9586541391563905	75895000
chr3	75900000	75910000	6.2413110998572465	75905000
chr3	75910000	75920000	8.41679394890318	75915000
chr3	75920000	75930000	2.6332315881454966	75925000
chr3	75930000	75940000	5.062441037560986	75935000
chr3	75940000	75950000	10.081134664046822	75945000
chr3	75950000	75960000	5.451401311106069	75955000
chr3	75960000	75970000	4.966662065435075	75965000
chr3	75970000	75980000	15.29579464680102	75975000
chr3	75980000	75990000	8.115319097934892	75985000
chr3	75990000	76000000	6.289961133047024	75995000
chr3	76000000	76010000	8.15974082259517	76005000
chr3	76010000	76020000	5.326215465056888	76015000
chr3	76020000	76030000	3.796821735464411	76025000
chr3	76030000	76040000	6.245513722538915	76035000
chr3	76040000	76050000	4.150506587527658	76045000
chr3	76050000	76060000	8.66655393116302	76055000
chr3	76060000	76070000	12.95888390184942	76065000
chr3	76070000	76080000	3.555329615178854	76075000
chr3	76080000	76090000	6.506027161389424	76085000
chr3	76090000	76100000	10.313472656513554	76095000
chr3	76100000	76110000	10.599459398453677	76105000
chr3	76110000	76120000	4.313583790542875	76115000
chr3	76120000	76130000	2.9260805370140015	76125000
chr3	76130000	76140000	0.8870813422979824	76135000
chr3	76140000	76150000	1.2453786224625423	76145000
chr3	76150000	76160000	3.086129731413782	76155000
chr3	76160000	76170000	1.2538556976216895	76165000
chr3	76170000	76180000	1.1760195049958768	76175000
chr3	76180000	76190000	1.0700844095229343	76185000
chr3	76190000	76200000	0.7706995313395523	76195000
chr3	76200000	76210000	1.4868164360613825	76205000
chr3	76210000	76220000	0.44669469664001654	76215000
chr3	76220000	76230000	0.6303270598960606	76225000
chr3	76230000	76240000	0.9289712817278307	76235000
chr3	76240000	76250000	0.7158607694157114	76245000
chr3	76250000	76260000	0.6696556947345571	76255000
chr3	76260000	76270000	0.38129635202244805	76265000
chr3	76270000	76280000	0.5973552518783147	76275000
chr3	76280000	76290000	0.3241456291294927	76285000
chr3	76290000	76300000	0.8647905499343064	76295000
chr3	76300000	76310000	0.5977884367163235	76305000
chr3	76310000	76320000	1.530707859573151	76315000
chr3	76320000	76330000	6.883344329616266	76325000
chr3	76330000	76340000	0.5937882128633971	76335000
chr3	76340000	76350000	5.379554637226364	76345000
chr3	76350000	76360000	1.3179164945029227	76355000
chr3	76360000	76370000	0.626998385973983	76365000
chr3	76370000	76380000	1.1349523694784167	76375000
chr3	76380000	76390000	0.7448652815699884	76385000
chr3	76390000	76400000	2.4087163047199955	76395000
chr3	76400000	76410000	1.0289107555329808	76405000
chr3	76410000	76420000	3.5039048602910206	76415000
chr3	76420000	76430000	1.3984249319472803	76425000
chr3	76430000	76440000	1.2622842006922546	76435000
chr3	76440000	76450000	4.8501489441928465	76445000
chr3	76450000	76460000	4.02573510775714	76455000
chr3	76460000	76470000	5.200570087813722	76465000
chr3	76470000	76480000	7.2459046946827055	76475000
chr3	76480000	76490000	5.738751418190015	76485000
chr3	76490000	76500000	4.740735953689623	76495000
chr3	76500000	76510000	2.963648662984582	76505000
chr3	76510000	76520000	6.252466272093686	76515000
chr3	76520000	76530000	5.578114187685248	76525000
chr3	76530000	76540000	6.895530674287097	76535000
chr3	76540000	76550000	5.2143677513999425	76545000
chr3	76550000	76560000	4.234425324237457	76555000
chr3	76560000	76570000	5.636138996654999	76565000
chr3	76570000	76580000	8.230138910590487	76575000
chr3	76580000	76590000	7.3796597426676955	76585000
chr3	76590000	76600000	10.260494328230402	76595000
chr3	76600000	76610000	7.220389962886531	76605000
chr3	76610000	76620000	8.78219172047812	76615000
chr3	76620000	76630000	9.01160536716862	76625000
chr3	76630000	76640000	5.000679866307061	76635000
chr3	76640000	76650000	10.475669409817586	76645000
chr3	76650000	76660000	3.5836129096233003	76655000
chr3	76660000	76670000	4.919436646765279	76665000
chr3	76670000	76680000	7.023805912300559	76675000
chr3	76680000	76690000	8.770470816454267	76685000
chr3	76690000	76700000	5.8329701889272645	76695000
chr3	76700000	76710000	6.375340042171553	76705000
chr3	76710000	76720000	15.93404773088574	76715000
chr3	76720000	76730000	7.878582873922251	76725000
chr3	76730000	76740000	11.109807800380882	76735000
chr3	76740000	76750000	5.522134074056778	76745000
chr3	76750000	76760000	12.27855807989336	76755000
chr3	76760000	76770000	3.5934668375897423	76765000
chr3	76770000	76780000	3.200379997100455	76775000
chr3	76780000	76790000	7.482379475320378	76785000
chr3	76790000	76800000	6.544083117608818	76795000
chr3	76800000	76810000	9.147382284391783	76805000
chr3	76810000	76820000	10.604121396741558	76815000
chr3	76820000	76830000	10.714249858249287	76825000
chr3	76830000	76840000	10.457839053226651	76835000
chr3	76840000	76850000	9.084408958324033	76845000
chr3	76850000	76860000	5.439873609694088	76855000
chr3	76860000	76870000	8.255605667998221	76865000
chr3	76870000	76880000	9.557562930791494	76875000
chr3	76880000	76890000	7.495627345370154	76885000
chr3	76890000	76900000	5.902054433165667	76895000
chr3	76900000	76910000	4.710892592170953	76905000
chr3	76910000	76920000	6.1174074017960045	76915000
chr3	76920000	76930000	4.073324056103471	76925000
chr3	76930000	76940000	2.9056909849040293	76935000
chr3	76940000	76950000	3.3985787305315958	76945000
chr3	76950000	76960000	12.868828382348175	76955000
chr3	76960000	76970000	10.105845610053676	76965000
chr3	76970000	76980000	11.03937674055799	76975000
chr3	76980000	76990000	16.954203184095338	76985000
chr3	76990000	77000000	11.403515954669746	76995000
chr3	77000000	77010000	10.030789975666613	77005000
chr3	77010000	77020000	7.497943099315865	77015000
chr3	77020000	77030000	28.454390957022387	77025000
chr3	77030000	77040000	6.495109134700515	77035000
chr3	77040000	77050000	6.89174602270461	77045000
chr3	77050000	77060000	7.376028927246332	77055000
chr3	77060000	77070000	7.427604913964129	77065000
chr3	77070000	77080000	4.708799860973741	77075000
chr3	77080000	77090000	3.294082656563002	77085000
chr3	77090000	77100000	2.7112398367137005	77095000
chr3	77100000	77110000	0.8984578594116089	77105000
chr3	77110000	77120000	1.2967353885322517	77115000
chr3	77120000	77130000	0.9931944845621657	77125000
chr3	77130000	77140000	1.5851634638670478	77135000
chr3	77140000	77150000	1.2516878219535355	77145000
chr3	77150000	77160000	3.367075810961809	77155000
chr3	77160000	77170000	13.187496406722161	77165000
chr3	77170000	77180000	8.370663366511687	77175000
chr3	77180000	77190000	4.790257534828062	77185000
chr3	77190000	77200000	3.7255119309458875	77195000
chr3	77200000	77210000	8.683274866913662	77205000
chr3	77210000	77220000	4.861529652491084	77215000
chr3	77220000	77230000	11.215923981852146	77225000
chr3	77230000	77240000	2.0301477019279957	77235000
chr3	77240000	77250000	2.330029461647841	77245000
chr3	77250000	77260000	0.5883538232155923	77255000
chr3	77260000	77270000	3.2851557583600592	77265000
chr3	77270000	77280000	0.5688469293993844	77275000
chr3	77280000	77290000	1.4570011126853237	77285000
chr3	77290000	77300000	4.115931315209817	77295000
chr3	77300000	77310000	3.6061619364532134	77305000
chr3	77310000	77320000	4.3434738227769785	77315000
chr3	77320000	77330000	0.7924000461494873	77325000
chr3	77330000	77340000	0.9465416622786993	77335000
chr3	77340000	77350000	1.4829134228199998	77345000
chr3	77350000	77360000	4.67334392830583	77355000
chr3	77360000	77370000	3.6466091354815977	77365000
chr3	77370000	77380000	0.8272191239710666	77375000
chr3	77380000	77390000	0.3388980203610675	77385000
chr3	77390000	77400000	7.679968026743749	77395000
chr3	77400000	77410000	3.6595629004577197	77405000
chr3	77410000	77420000	0.450938535053704	77415000
chr3	77420000	77430000	0.9488488710583547	77425000
chr3	77430000	77440000	3.0050157981456977	77435000
chr3	77440000	77450000	0.5872738838689218	77445000
chr3	77450000	77460000	2.4876982059602306	77455000
chr3	77460000	77470000	4.082467436015909	77465000
chr3	77470000	77480000	4.382165645542506	77475000
chr3	77480000	77490000	4.9305856065936675	77485000
chr3	77490000	77500000	5.203139298024663	77495000
chr3	77500000	77510000	5.2026776555088645	77505000
chr3	77510000	77520000	2.5711373404460147	77515000
chr3	77520000	77530000	3.891161513425295	77525000
chr3	77530000	77540000	3.332180523874083	77535000
chr3	77540000	77550000	3.94969513891284	77545000
chr3	77550000	77560000	2.111215314651371	77555000
chr3	77560000	77570000	2.4227997405331108	77565000
chr3	77570000	77580000	1.6519440958941956	77575000
chr3	77580000	77590000	2.870819713581066	77585000
chr3	77590000	77600000	1.9041270969703155	77595000
chr3	77600000	77610000	2.7079848992351456	77605000
chr3	77610000	77620000	1.6186883653009934	77615000
chr3	77620000	77630000	2.24382594303633	77625000
chr3	77630000	77640000	1.8252714234313192	77635000
chr3	77640000	77650000	2.1669052415296868	77645000
chr3	77650000	77660000	3.5639158680770158	77655000
chr3	77660000	77670000	2.164013241327735	77665000
chr3	77670000	77680000	0.9697226620993761	77675000
chr3	77680000	77690000	1.911306293074778	77685000
chr3	77690000	77700000	2.3969477698515513	77695000
chr3	77700000	77710000	3.314665154600537	77705000
chr3	77710000	77720000	8.709813434850895	77715000
chr3	77720000	77730000	4.265763430701407	77725000
chr3	77730000	77740000	2.851806390556095	77735000
chr3	77740000	77750000	2.4528586520450943	77745000
chr3	77750000	77760000	4.216245660176119	77755000
chr3	77760000	77770000	4.290787048447335	77765000
chr3	77770000	77780000	2.6484301134182067	77775000
chr3	77780000	77790000	10.928347238095663	77785000
chr3	77790000	77800000	3.2295844174685673	77795000
chr3	77800000	77810000	2.9329022471730197	77805000
chr3	77810000	77820000	1.8897178001090662	77815000
chr3	77820000	77830000	3.732180069503219	77825000
chr3	77830000	77840000	2.3534244185947837	77835000
chr3	77840000	77850000	4.08361587801914	77845000
chr3	77850000	77860000	3.1389047153292706	77855000
chr3	77860000	77870000	2.9701150636728526	77865000
chr3	77870000	77880000	3.5525988470665655	77875000
chr3	77880000	77890000	10.129529833435724	77885000
chr3	77890000	77900000	4.320384789415019	77895000
chr3	77900000	77910000	5.847221109794698	77905000
chr3	77910000	77920000	3.8901444382190045	77915000
chr3	77920000	77930000	2.446762037320655	77925000
chr3	77930000	77940000	2.5902723553112326	77935000
chr3	77940000	77950000	1.9330492579116003	77945000
chr3	77950000	77960000	1.3732133459530866	77955000
chr3	77960000	77970000	2.3986347527893686	77965000
chr3	77970000	77980000	1.0671085580369506	77975000
chr3	77980000	77990000	1.4333714430972433	77985000
chr3	77990000	78000000	1.4855411857671208	77995000
chr3	78000000	78010000	1.621598181202946	78005000
chr3	78010000	78020000	0.8860183225478802	78015000
chr3	78020000	78030000	0.6751496943309986	78025000
chr3	78030000	78040000	2.2744184651634085	78035000
chr3	78040000	78050000	2.818841434665872	78045000
chr3	78050000	78060000	3.8558350706904836	78055000
chr3	78060000	78070000	3.7967234974618345	78065000
chr3	78070000	78080000	4.543728880249502	78075000
chr3	78080000	78090000	10.871654067638291	78085000
chr3	78090000	78100000	7.22963022858869	78095000
chr3	78100000	78110000	5.696955256236141	78105000
chr3	78110000	78120000	3.619294450850938	78115000
chr3	78120000	78130000	2.5885158238025965	78125000
chr3	78130000	78140000	4.033447034160836	78135000
chr3	78140000	78150000	5.7678462559050585	78145000
chr3	78150000	78160000	4.843015699128555	78155000
chr3	78160000	78170000	7.5959013029948785	78165000
chr3	78170000	78180000	5.953134779803886	78175000
chr3	78180000	78190000	11.137399668415577	78185000
chr3	78190000	78200000	6.2234121972185354	78195000
chr3	78200000	78210000	3.9400556115398637	78205000
chr3	78210000	78220000	4.1705126314361065	78215000
chr3	78220000	78230000	1.0235081182580186	78225000
chr3	78230000	78240000	1.3289365036636285	78235000
chr3	78240000	78250000	2.0948347286783178	78245000
chr3	78250000	78260000	3.9769387563567697	78255000
chr3	78260000	78270000	10.668932785780244	78265000
chr3	78270000	78280000	1.9905981797333474	78275000
chr3	78280000	78290000	2.0246499745464406	78285000
chr3	78290000	78300000	3.7590695905099785	78295000
chr3	78300000	78310000	4.325832032265639	78305000
chr3	78310000	78320000	2.0056001854612675	78315000
chr3	78320000	78330000	3.144865802026253	78325000
chr3	78330000	78340000	2.050867974906482	78335000
chr3	78340000	78350000	1.722231936290927	78345000
chr3	78350000	78360000	1.7418796562171142	78355000
chr3	78360000	78370000	6.654886228553696	78365000
chr3	78370000	78380000	5.227182725731633	78375000
chr3	78380000	78390000	1.4975694156764814	78385000
chr3	78390000	78400000	2.496374959254713	78395000
chr3	78400000	78410000	1.1038943407350252	78405000
chr3	78410000	78420000	0.9667922437536236	78415000
chr3	78420000	78430000	8.822571430985695	78425000
chr3	78430000	78440000	2.8525388746596474	78435000
chr3	78440000	78450000	4.559163287779703	78445000
chr3	78450000	78460000	1.4244033940683245	78455000
chr3	78460000	78470000	2.1849738710655586	78465000
chr3	78470000	78480000	2.4839597565613785	78475000
chr3	78480000	78490000	2.678220021115647	78485000
chr3	78490000	78500000	2.2009579856411388	78495000
chr3	78500000	78510000	1.605406537921954	78505000
chr3	78510000	78520000	5.134201262719477	78515000
chr3	78520000	78530000	4.918717540702629	78525000
chr3	78530000	78540000	1.4905612905644121	78535000
chr3	78540000	78550000	1.8623787709642519	78545000
chr3	78550000	78560000	8.450501199141515	78555000
chr3	78560000	78570000	1.2781839881033787	78565000
chr3	78570000	78580000	2.061121837878816	78575000
chr3	78580000	78590000	1.620395140435625	78585000
chr3	78590000	78600000	1.3185722854820263	78595000
chr3	78600000	78610000	1.984061844549983	78605000
chr3	78610000	78620000	5.639599577298423	78615000
chr3	78620000	78630000	1.331502204898117	78625000
chr3	78630000	78640000	1.898421892334961	78635000
chr3	78640000	78650000	1.518198323593822	78645000
chr3	78650000	78660000	1.017606016476364	78655000
chr3	78660000	78670000	1.3449560505319291	78665000
chr3	78670000	78680000	2.419540150233718	78675000
chr3	78680000	78690000	4.556048872388142	78685000
chr3	78690000	78700000	4.432098853146409	78695000
chr3	78700000	78710000	4.094027363059017	78705000
chr3	78710000	78720000	6.034022675601112	78715000
chr3	78720000	78730000	2.896154739156747	78725000
chr3	78730000	78740000	5.681720095428638	78735000
chr3	78740000	78750000	2.1717771341915126	78745000
chr3	78750000	78760000	2.6045911266086144	78755000
chr3	78760000	78770000	1.517288981324555	78765000
chr3	78770000	78780000	2.5657964337807493	78775000
chr3	78780000	78790000	4.088589220623299	78785000
chr3	78790000	78800000	4.044883906264649	78795000
chr3	78800000	78810000	1.0182678632356852	78805000
chr3	78810000	78820000	1.470708052554624	78815000
chr3	78820000	78830000	4.3441556855606205	78825000
chr3	78830000	78840000	3.7350137606822624	78835000
chr3	78840000	78850000	3.5502522655230466	78845000
chr3	78850000	78860000	1.640414415208962	78855000
chr3	78860000	78870000	1.8242618186737098	78865000
chr3	78870000	78880000	2.1898806049051798	78875000
chr3	78880000	78890000	4.736751933806151	78885000
chr3	78890000	78900000	1.9375462840004576	78895000
chr3	78900000	78910000	1.2367005771707011	78905000
chr3	78910000	78920000	1.9358390819044655	78915000
chr3	78920000	78930000	2.813767702270273	78925000
chr3	78930000	78940000	2.5068359390854327	78935000
chr3	78940000	78950000	2.0930789931867175	78945000
chr3	78950000	78960000	2.371288548120203	78955000
chr3	78960000	78970000	1.5766994527491915	78965000
chr3	78970000	78980000	1.2882788187458911	78975000
chr3	78980000	78990000	2.8255275185787956	78985000
chr3	78990000	79000000	2.5261703046232444	78995000
chr3	79000000	79010000	7.803359949601549	79005000
chr3	79010000	79020000	1.51494889920166	79015000
chr3	79020000	79030000	0.9836517585478585	79025000
chr3	79030000	79040000	4.0696965665053675	79035000
chr3	79040000	79050000	5.702970439163943	79045000
chr3	79050000	79060000	2.074962403678023	79055000
chr3	79060000	79070000	3.393259879809788	79065000
chr3	79070000	79080000	9.222838859807688	79075000
chr3	79080000	79090000	3.4434238888341895	79085000
chr3	79090000	79100000	3.1192245310234195	79095000
chr3	79100000	79110000	1.0627214517380466	79105000
chr3	79110000	79120000	1.4178863267865474	79115000
chr3	79120000	79130000	1.2364781403289091	79125000
chr3	79130000	79140000	2.202678837409787	79135000
chr3	79140000	79150000	4.848655245971399	79145000
chr3	79150000	79160000	3.2826664607645712	79155000
chr3	79160000	79170000	2.43575893690606	79165000
chr3	79170000	79180000	1.9512878622773508	79175000
chr3	79180000	79190000	2.255838346607048	79185000
chr3	79190000	79200000	2.3472038484863136	79195000
chr3	79200000	79210000	1.3803386102040403	79205000
chr3	79210000	79220000	2.0751170644944628	79215000
chr3	79220000	79230000	3.633109165169162	79225000
chr3	79230000	79240000	5.9710360915965754	79235000
chr3	79240000	79250000	1.8318058477297594	79245000
chr3	79250000	79260000	2.407217883620097	79255000
chr3	79260000	79270000	1.3407637942531487	79265000
chr3	79270000	79280000	2.862878024532156	79275000
chr3	79280000	79290000	2.4063152852606025	79285000
chr3	79290000	79300000	2.6923180008440366	79295000
chr3	79300000	79310000	1.9258480478007687	79305000
chr3	79310000	79320000	1.6057423382340281	79315000
chr3	79320000	79330000	1.547093646837016	79325000
chr3	79330000	79340000	1.6525526506081436	79335000
chr3	79340000	79350000	1.5658061919077988	79345000
chr3	79350000	79360000	1.7077039267477125	79355000
chr3	79360000	79370000	2.205051697941793	79365000
chr3	79370000	79380000	1.5596158907872064	79375000
chr3	79380000	79390000	2.238458029607118	79385000
chr3	79390000	79400000	2.009429141202573	79395000
chr3	79400000	79410000	1.6801177782484498	79405000
chr3	79410000	79420000	5.1143803944169735	79415000
chr3	79420000	79430000	2.129182095169347	79425000
chr3	79430000	79440000	2.0642785707149582	79435000
chr3	79440000	79450000	0.953484186871295	79445000
chr3	79450000	79460000	2.7449853167367313	79455000
chr3	79460000	79470000	2.2407937755836502	79465000
chr3	79470000	79480000	3.7643160415352326	79475000
chr3	79480000	79490000	3.156337576873191	79485000
chr3	79490000	79500000	4.287406167329563	79495000
chr3	79500000	79510000	1.312616851011366	79505000
chr3	79510000	79520000	0.9691138551041939	79515000
chr3	79520000	79530000	1.587859495415517	79525000
chr3	79530000	79540000	2.5384391702871074	79535000
chr3	79540000	79550000	2.6747038231338705	79545000
chr3	79550000	79560000	2.139569479286331	79555000
chr3	79560000	79570000	2.0713624050772914	79565000
chr3	79570000	79580000	1.241050962958546	79575000
chr3	79580000	79590000	1.407960471993424	79585000
chr3	79590000	79600000	1.1942186956695342	79595000
chr3	79600000	79610000	1.0544646732117948	79605000
chr3	79610000	79620000	2.6184735183209207	79615000
chr3	79620000	79630000	3.0364008193543914	79625000
chr3	79630000	79640000	1.551307325963888	79635000
chr3	79640000	79650000	3.4602802799275474	79645000
chr3	79650000	79660000	2.3457779781801267	79655000
chr3	79660000	79670000	4.1399907502115845	79665000
chr3	79670000	79680000	2.055827574512661	79675000
chr3	79680000	79690000	4.193530847842979	79685000
chr3	79690000	79700000	4.342028336809739	79695000
chr3	79700000	79710000	3.1468910944390878	79705000
chr3	79710000	79720000	2.1368447219516282	79715000
chr3	79720000	79730000	2.1611882861934744	79725000
chr3	79730000	79740000	4.261397103333248	79735000
chr3	79740000	79750000	1.9091354278004058	79745000
chr3	79750000	79760000	1.6192555177904064	79755000
chr3	79760000	79770000	4.084156623138368	79765000
chr3	79770000	79780000	3.738619278071674	79775000
chr3	79780000	79790000	3.257975896172892	79785000
chr3	79790000	79800000	2.4073886025255633	79795000
chr3	79800000	79810000	1.962479546138248	79805000
chr3	79810000	79820000	3.4289260551672482	79815000
chr3	79820000	79830000	1.0684432870912237	79825000
chr3	79830000	79840000	3.1909454074508714	79835000
chr3	79840000	79850000	3.8412162260858764	79845000
chr3	79850000	79860000	2.915856137137004	79855000
chr3	79860000	79870000	3.617382317949496	79865000
chr3	79870000	79880000	6.2159354640362885	79875000
chr3	79880000	79890000	5.498109087381996	79885000
chr3	79890000	79900000	3.957709614910074	79895000
chr3	79900000	79910000	5.021940068111052	79905000
chr3	79910000	79920000	2.1449626742709427	79915000
chr3	79920000	79930000	3.4436395121510137	79925000
chr3	79930000	79940000	2.3470639981811408	79935000
chr3	79940000	79950000	1.5090628852485437	79945000
chr3	79950000	79960000	2.2753450496764964	79955000
chr3	79960000	79970000	3.8409455588296546	79965000
chr3	79970000	79980000	3.993109561305727	79975000
chr3	79980000	79990000	3.2349767086353394	79985000
chr3	79990000	80000000	2.537126277047879	79995000
chr3	80000000	80010000	2.5109946962438094	80005000
chr3	80010000	80020000	4.706502762339984	80015000
chr3	80020000	80030000	3.4361772008148415	80025000
chr3	80030000	80040000	2.5747239138845504	80035000
chr3	80040000	80050000	6.127116366313358	80045000
chr3	80050000	80060000	3.2398847098839125	80055000
chr3	80060000	80070000	2.901296111327214	80065000
chr3	80070000	80080000	10.21355784952917	80075000
chr3	80080000	80090000	6.624902769483199	80085000
chr3	80090000	80100000	8.844092325193529	80095000
chr3	80100000	80110000	2.0073658092324864	80105000
chr3	80110000	80120000	1.1072733218557758	80115000
chr3	80120000	80130000	1.0631052835820884	80125000
chr3	80130000	80140000	4.0088269403968	80135000
chr3	80140000	80150000	5.672701959666062	80145000
chr3	80150000	80160000	1.7921833902029591	80155000
chr3	80160000	80170000	1.6536496065063555	80165000
chr3	80170000	80180000	8.072458928982586	80175000
chr3	80180000	80190000	3.9031486315660557	80185000
chr3	80190000	80200000	1.0926668333684373	80195000
chr3	80200000	80210000	0.9055454963195471	80205000
chr3	80210000	80220000	3.9079754037571606	80215000
chr3	80220000	80230000	9.068905976005558	80225000
chr3	80230000	80240000	2.122020630361342	80235000
chr3	80240000	80250000	1.2029557678972382	80245000
chr3	80250000	80260000	0.800698047135991	80255000
chr3	80260000	80270000	0.8140808286916815	80265000
chr3	80270000	80280000	5.953422851032919	80275000
chr3	80280000	80290000	2.623443154598605	80285000
chr3	80290000	80300000	4.3604981454022465	80295000
chr3	80300000	80310000	6.87098335814578	80305000
chr3	80310000	80320000	9.614405654451451	80315000
chr3	80320000	80330000	3.7287326004456256	80325000
chr3	80330000	80340000	2.071188836361765	80335000
chr3	80340000	80350000	1.3468606635367544	80345000
chr3	80350000	80360000	4.3197805309017205	80355000
chr3	80360000	80370000	4.7170233529719505	80365000
chr3	80370000	80380000	0.6048299432222074	80375000
chr3	80380000	80390000	0.8700618615221491	80385000
chr3	80390000	80400000	7.547944697962184	80395000
chr3	80400000	80410000	3.9598736387157416	80405000
chr3	80410000	80420000	2.8252934464545176	80415000
chr3	80420000	80430000	1.3174892578208903	80425000
chr3	80430000	80440000	4.922381589771867	80435000
chr3	80440000	80450000	9.993765735256558	80445000
chr3	80450000	80460000	2.8639629480804865	80455000
chr3	80460000	80470000	2.0949530452387193	80465000
chr3	80470000	80480000	1.3826916617768712	80475000
chr3	80480000	80490000	1.3911354981779531	80485000
chr3	80490000	80500000	1.6037509551500146	80495000
chr3	80500000	80510000	8.081201020431338	80505000
chr3	80510000	80520000	0.7879807154860946	80515000
chr3	80520000	80530000	4.947160988910519	80525000
chr3	80530000	80540000	1.6011521866099767	80535000
chr3	80540000	80550000	3.2747039294331532	80545000
chr3	80550000	80560000	4.057281937329084	80555000
chr3	80560000	80570000	2.385275798728283	80565000
chr3	80570000	80580000	2.757649557190295	80575000
chr3	80580000	80590000	2.7536691463415077	80585000
chr3	80590000	80600000	2.277665497007965	80595000
chr3	80600000	80610000	6.799985387793631	80605000
chr3	80610000	80620000	3.7981169148313576	80615000
chr3	80620000	80630000	2.091024329491562	80625000
chr3	80630000	80640000	3.3212139290004568	80635000
chr3	80640000	80650000	2.6255849865331196	80645000
chr3	80650000	80660000	2.4574869833877218	80655000
chr3	80660000	80670000	5.346844958286875	80665000
chr3	80670000	80680000	5.130494349515974	80675000
chr3	80680000	80690000	7.180345697801772	80685000
chr3	80690000	80700000	5.128397141022789	80695000
chr3	80700000	80710000	5.141999495298672	80705000
chr3	80710000	80720000	5.006456526830468	80715000
chr3	80720000	80730000	7.171002198497906	80725000
chr3	80730000	80740000	5.5017480853077485	80735000
chr3	80740000	80750000	6.238246124440777	80745000
chr3	80750000	80760000	4.341450996975914	80755000
chr3	80760000	80770000	2.105554027315959	80765000
chr3	80770000	80780000	3.6061552796560656	80775000
chr3	80780000	80790000	3.963819456559258	80785000
chr3	80790000	80800000	3.3002686712092406	80795000
chr3	80800000	80810000	3.668972139841238	80805000
chr3	80810000	80820000	3.026442492046289	80815000
chr3	80820000	80830000	2.3682966053384638	80825000
chr3	80830000	80840000	2.8940850146502832	80835000
chr3	80840000	80850000	2.4579564818434037	80845000
chr3	80850000	80860000	2.776517188961454	80855000
chr3	80860000	80870000	3.681726436839696	80865000
chr3	80870000	80880000	3.357628989460604	80875000
chr3	80880000	80890000	3.5214738640081378	80885000
chr3	80890000	80900000	7.465433276862735	80895000
chr3	80900000	80910000	9.244804747641881	80905000
chr3	80910000	80920000	5.8119259465610735	80915000
chr3	80920000	80930000	4.469622872532653	80925000
chr3	80930000	80940000	2.756258213102022	80935000
chr3	80940000	80950000	4.3686104426226615	80945000
chr3	80950000	80960000	7.103809978854921	80955000
chr3	80960000	80970000	3.763811631829029	80965000
chr3	80970000	80980000	3.860047114022989	80975000
chr3	80980000	80990000	2.473560044291592	80985000
chr3	80990000	81000000	3.3286300642819	80995000
chr3	81000000	81010000	2.4366326318168694	81005000
chr3	81010000	81020000	3.389270569950663	81015000
chr3	81020000	81030000	3.726025369345378	81025000
chr3	81030000	81040000	4.451486687708086	81035000
chr3	81040000	81050000	4.8814789924957	81045000
chr3	81050000	81060000	3.350512854091417	81055000
chr3	81060000	81070000	4.634940243056555	81065000
chr3	81070000	81080000	3.0138859648756386	81075000
chr3	81080000	81090000	2.316890457142265	81085000
chr3	81090000	81100000	2.4590450102924506	81095000
chr3	81100000	81110000	1.441134024272986	81105000
chr3	81110000	81120000	1.5885756684482784	81115000
chr3	81120000	81130000	2.5340436419475982	81125000
chr3	81130000	81140000	2.770697291472405	81135000
chr3	81140000	81150000	2.4467526966289093	81145000
chr3	81150000	81160000	2.8109766289271194	81155000
chr3	81160000	81170000	2.137428119571446	81165000
chr3	81170000	81180000	2.7968537745977695	81175000
chr3	81180000	81190000	3.2131076734831483	81185000
chr3	81190000	81200000	9.096234323265117	81195000
chr3	81200000	81210000	2.603906138537817	81205000
chr3	81210000	81220000	1.3935722990942059	81215000
chr3	81220000	81230000	0.8418440498186467	81225000
chr3	81230000	81240000	1.7304025603704716	81235000
chr3	81240000	81250000	2.406171530261145	81245000
chr3	81250000	81260000	11.39886086588264	81255000
chr3	81260000	81270000	1.3678550049322427	81265000
chr3	81270000	81280000	2.033252203296906	81275000
chr3	81280000	81290000	1.9226396196052236	81285000
chr3	81290000	81300000	6.835053680690693	81295000
chr3	81300000	81310000	6.326240677856824	81305000
chr3	81310000	81320000	4.166975556853211	81315000
chr3	81320000	81330000	3.1397811742666946	81325000
chr3	81330000	81340000	13.777907177438745	81335000
chr3	81340000	81350000	1.7912243713440361	81345000
chr3	81350000	81360000	11.473701019050056	81355000
chr3	81360000	81370000	1.4084738172180087	81365000
chr3	81370000	81380000	1.7445195133123732	81375000
chr3	81380000	81390000	0.9359891716640979	81385000
chr3	81390000	81400000	1.6901641231110704	81395000
chr3	81400000	81410000	14.56027775466807	81405000
chr3	81410000	81420000	11.619000983784813	81415000
chr3	81420000	81430000	1.7556402934278306	81425000
chr3	81430000	81440000	4.637604337767523	81435000
chr3	81440000	81450000	0.9610957897767528	81445000
chr3	81450000	81460000	5.065137901095582	81455000
chr3	81460000	81470000	0.2440896265201445	81465000
chr3	81470000	81480000	0.8040283512793152	81475000
chr3	81480000	81490000	1.304285942506811	81485000
chr3	81490000	81500000	1.7131078069060837	81495000
chr3	81500000	81510000	3.0869565625529547	81505000
chr3	81510000	81520000	6.9795922579536205	81515000
chr3	81520000	81530000	2.5814256544143293	81525000
chr3	81530000	81540000	3.875027594984542	81535000
chr3	81540000	81550000	3.0855327424739207	81545000
chr3	81550000	81560000	10.788237668371854	81555000
chr3	81560000	81570000	3.140359934249056	81565000
chr3	81570000	81580000	0.9968314507060224	81575000
chr3	81580000	81590000	8.663049395945848	81585000
chr3	81590000	81600000	2.158493073180879	81595000
chr3	81600000	81610000	2.22115138390442	81605000
chr3	81610000	81620000	1.2047649558654232	81615000
chr3	81620000	81630000	1.7500362239898741	81625000
chr3	81630000	81640000	1.3274721318042402	81635000
chr3	81640000	81650000	2.703376565714568	81645000
chr3	81650000	81660000	1.924799347406097	81655000
chr3	81660000	81670000	1.0978027386104714	81665000
chr3	81670000	81680000	1.0429091348316497	81675000
chr3	81680000	81690000	3.3727982756899824	81685000
chr3	81690000	81700000	1.8750372340622148	81695000
chr3	81700000	81710000	2.4581868898154213	81705000
chr3	81710000	81720000	1.3484531273155884	81715000
chr3	81720000	81730000	3.134330457180946	81725000
chr3	81730000	81740000	4.840487133301875	81735000
chr3	81740000	81750000	2.8097817272415755	81745000
chr3	81750000	81760000	1.2407761233730703	81755000
chr3	81760000	81770000	1.287960063689826	81765000
chr3	81770000	81780000	0.8261798836323385	81775000
chr3	81780000	81790000	1.8309855820684988	81785000
chr3	81790000	81800000	4.7830366987088455	81795000
chr3	81800000	81810000	1.5740556966692887	81805000
chr3	81810000	81820000	1.4767703433857207	81815000
chr3	81820000	81830000	1.3998163799957997	81825000
chr3	81830000	81840000	5.037495509832614	81835000
chr3	81840000	81850000	3.626909809696384	81845000
chr3	81850000	81860000	1.346699223631395	81855000
chr3	81860000	81870000	0.8173362102869051	81865000
chr3	81870000	81880000	1.0987452609140962	81875000
chr3	81880000	81890000	0.8636073105835751	81885000
chr3	81890000	81900000	0.8739867773763074	81895000
chr3	81900000	81910000	0.7062248897832267	81905000
chr3	81910000	81920000	1.1078982282695642	81915000
chr3	81920000	81930000	1.6178334224468405	81925000
chr3	81930000	81940000	0.8754594121864712	81935000
chr3	81940000	81950000	7.358052981550703	81945000
chr3	81950000	81960000	1.681178136849582	81955000
chr3	81960000	81970000	1.6329349025076096	81965000
chr3	81970000	81980000	0.34442119736526705	81975000
chr3	81980000	81990000	0.9454808592087555	81985000
chr3	81990000	82000000	1.2368843999176766	81995000
chr3	82000000	82010000	1.718203520933359	82005000
chr3	82010000	82020000	1.8045517833974887	82015000
chr3	82020000	82030000	1.9396035151678914	82025000
chr3	82030000	82040000	1.759916459393279	82035000
chr3	82040000	82050000	0.8159076186498019	82045000
chr3	82050000	82060000	1.8114985116299	82055000
chr3	82060000	82070000	1.8347008798505133	82065000
chr3	82070000	82080000	1.7390861453762176	82075000
chr3	82080000	82090000	0.9052713838657772	82085000
chr3	82090000	82100000	2.9400917802801683	82095000
chr3	82100000	82110000	7.285681562275172	82105000
chr3	82110000	82120000	1.571141863278121	82115000
chr3	82120000	82130000	9.920313648033533	82125000
chr3	82130000	82140000	3.12730135137239	82135000
chr3	82140000	82150000	1.5874226935122329	82145000
chr3	82150000	82160000	1.0260490470118595	82155000
chr3	82160000	82170000	1.9981486336832266	82165000
chr3	82170000	82180000	2.8581446194937836	82175000
chr3	82180000	82190000	3.20354495796701	82185000
chr3	82190000	82200000	2.3185607877800773	82195000
chr3	82200000	82210000	1.3785433149136266	82205000
chr3	82210000	82220000	3.3293906398204243	82215000
chr3	82220000	82230000	1.1580479114668332	82225000
chr3	82230000	82240000	2.9519034114216978	82235000
chr3	82240000	82250000	3.225840078374868	82245000
chr3	82250000	82260000	6.778234273034371	82255000
chr3	82260000	82270000	3.2734994172006417	82265000
chr3	82270000	82280000	3.0786666372751164	82275000
chr3	82280000	82290000	9.354804313596098	82285000
chr3	82290000	82300000	4.755228555494435	82295000
chr3	82300000	82310000	2.3224923311802534	82305000
chr3	82310000	82320000	1.7570719173838076	82315000
chr3	82320000	82330000	5.4041595146044425	82325000
chr3	82330000	82340000	0.624644867355291	82335000
chr3	82340000	82350000	1.0854400801101134	82345000
chr3	82350000	82360000	1.3704262663935023	82355000
chr3	82360000	82370000	6.931874562249025	82365000
chr3	82370000	82380000	0.7437225947982756	82375000
chr3	82380000	82390000	1.0621922272939122	82385000
chr3	82390000	82400000	1.3589184612389125	82395000
chr3	82400000	82410000	3.8739754522438354	82405000
chr3	82410000	82420000	0.24659119500407015	82415000
chr3	82420000	82430000	0.7990633467284614	82425000
chr3	82430000	82440000	0.5075422184418483	82435000
chr3	82440000	82450000	0.8541692252193385	82445000
chr3	82450000	82460000	1.179661412125035	82455000
chr3	82460000	82470000	1.3375679283400859	82465000
chr3	82470000	82480000	0.8938936154893564	82475000
chr3	82480000	82490000	1.611719021885291	82485000
chr3	82490000	82500000	1.112819956974105	82495000
chr3	82500000	82510000	0.7612788003251302	82505000
chr3	82510000	82520000	3.504097556055816	82515000
chr3	82520000	82530000	0.8521614518704894	82525000
chr3	82530000	82540000	0.7211842444027666	82535000
chr3	82540000	82550000	0.5281148264045035	82545000
chr3	82550000	82560000	0.8189263298991881	82555000
chr3	82560000	82570000	0.8113583738088045	82565000
chr3	82570000	82580000	0.7457833023760074	82575000
chr3	82580000	82590000	1.3135059217871652	82585000
chr3	82590000	82600000	2.1494886885439524	82595000
chr3	82600000	82610000	2.2464218802667477	82605000
chr3	82610000	82620000	1.7162937463355004	82615000
chr3	82620000	82630000	1.6488179189859669	82625000
chr3	82630000	82640000	0.734450433185967	82635000
chr3	82640000	82650000	1.582343767222404	82645000
chr3	82650000	82660000	1.5079948762848585	82655000
chr3	82660000	82670000	1.6027370155672	82665000
chr3	82670000	82680000	2.273721624173059	82675000
chr3	82680000	82690000	2.873553639693844	82685000
chr3	82690000	82700000	1.8952461343040512	82695000
chr3	82700000	82710000	2.234438897523165	82705000
chr3	82710000	82720000	1.4327759062071053	82715000
chr3	82720000	82730000	1.1991892701479903	82725000
chr3	82730000	82740000	5.4329624273223995	82735000
chr3	82740000	82750000	0.7369013569705383	82745000
chr3	82750000	82760000	1.811106896593893	82755000
chr3	82760000	82770000	1.8060263982345388	82765000
chr3	82770000	82780000	2.566237387384383	82775000
chr3	82780000	82790000	2.582840935853092	82785000
chr3	82790000	82800000	1.243922995499695	82795000
chr3	82800000	82810000	4.583721420934874	82805000
chr3	82810000	82820000	2.9290127873325034	82815000
chr3	82820000	82830000	3.4017028114622003	82825000
chr3	82830000	82840000	0.9886014938994802	82835000
chr3	82840000	82850000	0.9575290359263244	82845000
chr3	82850000	82860000	1.1473806465427672	82855000
chr3	82860000	82870000	0.2593930143104327	82865000
chr3	82870000	82880000	2.2077335197546715	82875000
chr3	82880000	82890000	4.257055311599471	82885000
chr3	82890000	82900000	3.0450179781713813	82895000
chr3	82900000	82910000	4.339914975461327	82905000
chr3	82910000	82920000	2.6813945059415047	82915000
chr3	82920000	82930000	7.8312148338018135	82925000
chr3	82930000	82940000	3.5279480941057066	82935000
chr3	82940000	82950000	1.3707487691230318	82945000
chr3	82950000	82960000	2.4666942409862056	82955000
chr3	82960000	82970000	0.6243058997582971	82965000
chr3	82970000	82980000	3.0968886310709722	82975000
chr3	82980000	82990000	5.9312985138358245	82985000
chr3	82990000	83000000	2.573674738352704	82995000
chr3	83000000	83010000	2.955804608640754	83005000
chr3	83010000	83020000	2.22197677704894	83015000
chr3	83020000	83030000	9.572996586948468	83025000
chr3	83030000	83040000	1.896579739616144	83035000
chr3	83040000	83050000	1.0342549879903116	83045000
chr3	83050000	83060000	6.03443943334143	83055000
chr3	83060000	83070000	4.435802013977277	83065000
chr3	83070000	83080000	6.2747047378018665	83075000
chr3	83080000	83090000	1.399183906907545	83085000
chr3	83090000	83100000	0.6069082572137525	83095000
chr3	83100000	83110000	1.2885084735575416	83105000
chr3	83110000	83120000	6.153165186400901	83115000
chr3	83120000	83130000	1.7483089034611807	83125000
chr3	83130000	83140000	1.7434976324126972	83135000
chr3	83140000	83150000	1.7253570454694174	83145000
chr3	83150000	83160000	1.768751040959372	83155000
chr3	83160000	83170000	1.1729840998230192	83165000
chr3	83170000	83180000	1.563951550088464	83175000
chr3	83180000	83190000	1.422669356877524	83185000
chr3	83190000	83200000	5.330467171033235	83195000
chr3	83200000	83210000	2.224240402558854	83205000
chr3	83210000	83220000	1.3943055718396478	83215000
chr3	83220000	83230000	1.4186792508322672	83225000
chr3	83230000	83240000	2.434454308039649	83235000
chr3	83240000	83250000	2.1091050566446694	83245000
chr3	83250000	83260000	2.536208647965844	83255000
chr3	83260000	83270000	3.5495859780403265	83265000
chr3	83270000	83280000	2.525563696556726	83275000
chr3	83280000	83290000	3.3295075038445687	83285000
chr3	83290000	83300000	2.5130221885004906	83295000
chr3	83300000	83310000	4.846858458612982	83305000
chr3	83310000	83320000	2.585990847923075	83315000
chr3	83320000	83330000	3.8225814128588773	83325000
chr3	83330000	83340000	5.784973145444319	83335000
chr3	83340000	83350000	6.299965614855808	83345000
chr3	83350000	83360000	2.6649662695280445	83355000
chr3	83360000	83370000	6.144758651507522	83365000
chr3	83370000	83380000	8.161844598290186	83375000
chr3	83380000	83390000	3.7196631682894465	83385000
chr3	83390000	83400000	2.085123566715068	83395000
chr3	83400000	83410000	3.412420231986938	83405000
chr3	83410000	83420000	3.539868156397908	83415000
chr3	83420000	83430000	2.732005008718715	83425000
chr3	83430000	83440000	2.6741740674279164	83435000
chr3	83440000	83450000	2.556313769842418	83445000
chr3	83450000	83460000	8.486998128447139	83455000
chr3	83460000	83470000	4.40532453735467	83465000
chr3	83470000	83480000	2.05410247125367	83475000
chr3	83480000	83490000	1.9356130801003892	83485000
chr3	83490000	83500000	1.0173317338287355	83495000
chr3	83500000	83510000	1.6521864292667983	83505000
chr3	83510000	83520000	7.472852068120299	83515000
chr3	83520000	83530000	2.445027700674315	83525000
chr3	83530000	83540000	1.7017057748218227	83535000
chr3	83540000	83550000	0.6870323913825322	83545000
chr3	83550000	83560000	0.7299306161012901	83555000
chr3	83560000	83570000	0.7907280672379099	83565000
chr3	83570000	83580000	1.0774275686886268	83575000
chr3	83580000	83590000	1.4646064767020448	83585000
chr3	83590000	83600000	1.8486077677548538	83595000
chr3	83600000	83610000	2.0111927796073132	83605000
chr3	83610000	83620000	1.267625305987313	83615000
chr3	83620000	83630000	2.99744707915552	83625000
chr3	83630000	83640000	1.1128710657813083	83635000
chr3	83640000	83650000	1.3895007456301642	83645000
chr3	83650000	83660000	1.289871902771022	83655000
chr3	83660000	83670000	2.9356704717790074	83665000
chr3	83670000	83680000	12.651659895128546	83675000
chr3	83680000	83690000	1.8857685497836751	83685000
chr3	83690000	83700000	2.5254808584223376	83695000
chr3	83700000	83710000	2.134839348542709	83705000
chr3	83710000	83720000	2.0519133217402166	83715000
chr3	83720000	83730000	1.5693887127917108	83725000
chr3	83730000	83740000	2.0263970745218924	83735000
chr3	83740000	83750000	1.4102263556359675	83745000
chr3	83750000	83760000	1.1456854487959072	83755000
chr3	83760000	83770000	0.6490797502457822	83765000
chr3	83770000	83780000	0.7818999543864198	83775000
chr3	83780000	83790000	0.6277678140359172	83785000
chr3	83790000	83800000	0.6348985563718899	83795000
chr3	83800000	83810000	6.57368651157519	83805000
chr3	83810000	83820000	5.094212832873227	83815000
chr3	83820000	83830000	4.8671664389045795	83825000
chr3	83830000	83840000	1.0744197843578032	83835000
chr3	83840000	83850000	1.3363773069941232	83845000
chr3	83850000	83860000	1.4558910865410997	83855000
chr3	83860000	83870000	1.9680849092866886	83865000
chr3	83870000	83880000	1.6347956793133727	83875000
chr3	83880000	83890000	4.253182335816965	83885000
chr3	83890000	83900000	1.355848298959591	83895000
chr3	83900000	83910000	1.747648036974236	83905000
chr3	83910000	83920000	2.7813500815237253	83915000
chr3	83920000	83930000	1.4210847400736841	83925000
chr3	83930000	83940000	1.1730287815482237	83935000
chr3	83940000	83950000	0.8916471055665327	83945000
chr3	83950000	83960000	4.69835952284394	83955000
chr3	83960000	83970000	3.033529359613854	83965000
chr3	83970000	83980000	2.0222464659469335	83975000
chr3	83980000	83990000	1.9867257956447149	83985000
chr3	83990000	84000000	2.2020968267477463	83995000
chr3	84000000	84010000	4.74113904167932	84005000
chr3	84010000	84020000	2.164968754380809	84015000
chr3	84020000	84030000	2.4859061568959824	84025000
chr3	84030000	84040000	1.9339769090051064	84035000
chr3	84040000	84050000	2.8720589106205776	84045000
chr3	84050000	84060000	0.9414481844307168	84055000
chr3	84060000	84070000	1.272014029582472	84065000
chr3	84070000	84080000	1.939719075520016	84075000
chr3	84080000	84090000	3.1689946007261725	84085000
chr3	84090000	84100000	2.497239022997718	84095000
chr3	84100000	84110000	5.061326129601316	84105000
chr3	84110000	84120000	3.270612529282179	84115000
chr3	84120000	84130000	10.551308574876526	84125000
chr3	84130000	84140000	21.261221474475178	84135000
chr3	84140000	84150000	3.8539721428157265	84145000
chr3	84150000	84160000	3.1014684984599463	84155000
chr3	84160000	84170000	4.014473183429066	84165000
chr3	84170000	84180000	4.962044134996346	84175000
chr3	84180000	84190000	2.9793442593925907	84185000
chr3	84190000	84200000	5.203321211486681	84195000
chr3	84200000	84210000	3.464519560938365	84205000
chr3	84210000	84220000	2.0294512627133745	84215000
chr3	84220000	84230000	3.110606097363299	84225000
chr3	84230000	84240000	4.336443156140149	84235000
chr3	84240000	84250000	3.459554384036326	84245000
chr3	84250000	84260000	0.5123422617313663	84255000
chr3	84260000	84270000	1.251428960236693	84265000
chr3	84270000	84280000	0.9280692807080099	84275000
chr3	84280000	84290000	0.9856626373320239	84285000
chr3	84290000	84300000	0.2856008823665075	84295000
chr3	84300000	84310000	0.6902551418958998	84305000
chr3	84310000	84320000	0.4486628584269356	84315000
chr3	84320000	84330000	0.6296935899956615	84325000
chr3	84330000	84340000	0.648017892713215	84335000
chr3	84340000	84350000	0.5472501565082797	84345000
chr3	84350000	84360000	0.31678770650673255	84355000
chr3	84360000	84370000	0.27177727466458534	84365000
chr3	84370000	84380000	0.3883248332837068	84375000
chr3	84380000	84390000	0.3121078099251231	84385000
chr3	84390000	84400000	0.40498027123352837	84395000
chr3	84400000	84410000	0.643714463734934	84405000
chr3	84410000	84420000	3.4533951583060882	84415000
chr3	84420000	84430000	1.338678653813753	84425000
chr3	84430000	84440000	1.2679035881473957	84435000
chr3	84440000	84450000	0.9890755618255397	84445000
chr3	84450000	84460000	4.98435294432447	84455000
chr3	84460000	84470000	2.7618393203717817	84465000
chr3	84470000	84480000	1.0436789479449644	84475000
chr3	84480000	84490000	1.470300002678427	84485000
chr3	84490000	84500000	1.4565084521182579	84495000
chr3	84500000	84510000	1.1665213153818799	84505000
chr3	84510000	84520000	1.4063361566705577	84515000
chr3	84520000	84530000	1.5553380532281298	84525000
chr3	84530000	84540000	2.933582727526794	84535000
chr3	84540000	84550000	1.2551566203411426	84545000
chr3	84550000	84560000	1.4851784938930197	84555000
chr3	84560000	84570000	3.4020431896504575	84565000
chr3	84570000	84580000	2.3487699444630934	84575000
chr3	84580000	84590000	2.301639752889601	84585000
chr3	84590000	84600000	2.771434419765865	84595000
chr3	84600000	84610000	2.2247796414886003	84605000
chr3	84610000	84620000	2.181989262391878	84615000
chr3	84620000	84630000	4.773172639658049	84625000
chr3	84630000	84640000	3.7721331394054043	84635000
chr3	84640000	84650000	1.7607228356444613	84645000
chr3	84650000	84660000	1.9903933398385	84655000
chr3	84660000	84670000	7.467800788633027	84665000
chr3	84670000	84680000	1.549052387497171	84675000
chr3	84680000	84690000	1.000502150588477	84685000
chr3	84690000	84700000	1.6741947625175917	84695000
chr3	84700000	84710000	1.4801845774311633	84705000
chr3	84710000	84720000	2.516166596162107	84715000
chr3	84720000	84730000	1.279778876604962	84725000
chr3	84730000	84740000	0.6881258176490286	84735000
chr3	84740000	84750000	0.9236580957349465	84745000
chr3	84750000	84760000	1.4027145055094723	84755000
chr3	84760000	84770000	1.5720429440992862	84765000
chr3	84770000	84780000	0.9364963102631438	84775000
chr3	84780000	84790000	1.8560282806601656	84785000
chr3	84790000	84800000	0.5674841419536143	84795000
chr3	84800000	84810000	0.7683649497474315	84805000
chr3	84810000	84820000	1.2026362626740454	84815000
chr3	84820000	84830000	1.5136669292255198	84825000
chr3	84830000	84840000	1.9386558681950283	84835000
chr3	84840000	84850000	2.534199246839015	84845000
chr3	84850000	84860000	1.994652605348314	84855000
chr3	84860000	84870000	1.595588660359016	84865000
chr3	84870000	84880000	1.364491452460935	84875000
chr3	84880000	84890000	1.2686184577162085	84885000
chr3	84890000	84900000	1.0941417689897928	84895000
chr3	84900000	84910000	1.9406281042745483	84905000
chr3	84910000	84920000	2.3865246170617347	84915000
chr3	84920000	84930000	1.6954246250200933	84925000
chr3	84930000	84940000	2.328490988731164	84935000
chr3	84940000	84950000	3.013859362795236	84945000
chr3	84950000	84960000	3.0485115156200275	84955000
chr3	84960000	84970000	3.7197706082533224	84965000
chr3	84970000	84980000	3.71137646116169	84975000
chr3	84980000	84990000	4.780273878344795	84985000
chr3	84990000	85000000	5.983712553281641	84995000
chr3	85000000	85010000	18.15883135312003	85005000
chr3	85010000	85020000	2.1766515175523806	85015000
chr3	85020000	85030000	3.6292507215464753	85025000
chr3	85030000	85040000	3.6885545532851505	85035000
chr3	85040000	85050000	2.9143503366392407	85045000
chr3	85050000	85060000	3.3452420199345223	85055000
chr3	85060000	85070000	3.4440271855091265	85065000
chr3	85070000	85080000	2.608253713748686	85075000
chr3	85080000	85090000	2.235135038976454	85085000
chr3	85090000	85100000	3.782640655217571	85095000
chr3	85100000	85110000	5.508978295327043	85105000
chr3	85110000	85120000	3.228862128101631	85115000
chr3	85120000	85130000	5.012695991439211	85125000
chr3	85130000	85140000	5.807820519605757	85135000
chr3	85140000	85150000	3.197100478012454	85145000
chr3	85150000	85160000	2.6394052828212313	85155000
chr3	85160000	85170000	3.1297498492773546	85165000
chr3	85170000	85180000	2.735782230070384	85175000
chr3	85180000	85190000	4.170014008842409	85185000
chr3	85190000	85200000	6.938505948549856	85195000
chr3	85200000	85210000	5.16948559764524	85205000
chr3	85210000	85220000	2.9363428462413284	85215000
chr3	85220000	85230000	3.6969237339025933	85225000
chr3	85230000	85240000	3.9393386612509023	85235000
chr3	85240000	85250000	5.568200830124698	85245000
chr3	85250000	85260000	5.019027604757505	85255000
chr3	85260000	85270000	2.921713590332164	85265000
chr3	85270000	85280000	6.079667081645921	85275000
chr3	85280000	85290000	1.4908735857130682	85285000
chr3	85290000	85300000	3.2698166404229725	85295000
chr3	85300000	85310000	4.269444795563414	85305000
chr3	85310000	85320000	2.804337260299925	85315000
chr3	85320000	85330000	2.9259840427431847	85325000
chr3	85330000	85340000	3.8191336287469086	85335000
chr3	85340000	85350000	2.581218035546415	85345000
chr3	85350000	85360000	1.8461940448188718	85355000
chr3	85360000	85370000	2.7546227796213607	85365000
chr3	85370000	85380000	2.589409367847403	85375000
chr3	85380000	85390000	1.5773700217004198	85385000
chr3	85390000	85400000	2.973560095429934	85395000
chr3	85400000	85410000	3.035708701788286	85405000
chr3	85410000	85420000	1.9190990611163745	85415000
chr3	85420000	85430000	3.7575021374105853	85425000
chr3	85430000	85440000	2.2961621970192607	85435000
chr3	85440000	85450000	3.713916654582828	85445000
chr3	85450000	85460000	2.575119992940243	85455000
chr3	85460000	85470000	2.875572367598297	85465000
chr3	85470000	85480000	3.457625736654814	85475000
chr3	85480000	85490000	4.1792862552918795	85485000
chr3	85490000	85500000	1.7744268237031737	85495000
chr3	85500000	85510000	3.157902021502949	85505000
chr3	85510000	85520000	4.525681855488508	85515000
chr3	85520000	85530000	1.4604412060004017	85525000
chr3	85530000	85540000	2.15540785037033	85535000
chr3	85540000	85550000	3.483309454700729	85545000
chr3	85550000	85560000	4.056002951523336	85555000
chr3	85560000	85570000	2.541454272342448	85565000
chr3	85570000	85580000	6.873993170993674	85575000
chr3	85580000	85590000	2.709453225903469	85585000
chr3	85590000	85600000	7.152306790763497	85595000
chr3	85600000	85610000	1.937951357613686	85605000
chr3	85610000	85620000	5.08565728934288	85615000
chr3	85620000	85630000	8.457980885178491	85625000
chr3	85630000	85640000	3.91573409832464	85635000
chr3	85640000	85650000	4.87128968102314	85645000
chr3	85650000	85660000	2.9200573263097547	85655000
chr3	85660000	85670000	4.823301858192424	85665000
chr3	85670000	85680000	3.221565998831877	85675000
chr3	85680000	85690000	3.146751988754696	85685000
chr3	85690000	85700000	4.9738544657999295	85695000
chr3	85700000	85710000	6.8165886747710225	85705000
chr3	85710000	85720000	6.682954574456957	85715000
chr3	85720000	85730000	1.661946994937303	85725000
chr3	85730000	85740000	6.767108012761519	85735000
chr3	85740000	85750000	1.891122954564226	85745000
chr3	85750000	85760000	11.568736514692931	85755000
chr3	85760000	85770000	2.1758083314033585	85765000
chr3	85770000	85780000	0.739724769723199	85775000
chr3	85780000	85790000	0.7581488253237231	85785000
chr3	85790000	85800000	0.4425881516815395	85795000
chr3	85800000	85810000	0.3541645190596032	85805000
chr3	85810000	85820000	0.5019866225054157	85815000
chr3	85820000	85830000	0.24294059809178845	85825000
chr3	85830000	85840000	3.6842955612310115	85835000
chr3	85840000	85850000	0.3372521979697759	85845000
chr3	85850000	85860000	0.6018254843350338	85855000
chr3	85860000	85870000	0.982641411437245	85865000
chr3	85870000	85880000	0.7719543314679521	85875000
chr3	85880000	85890000	0.8868017606815594	85885000
chr3	85890000	85900000	0.6028865569122485	85895000
chr3	85900000	85910000	0.3866871529331623	85905000
chr3	85910000	85920000	0.7775950518421897	85915000
chr3	85920000	85930000	0.9938646684718385	85925000
chr3	85930000	85940000	0.9007853198299851	85935000
chr3	85940000	85950000	0.7389436047150887	85945000
chr3	85950000	85960000	0.8409686346893891	85955000
chr3	85960000	85970000	0.8056258378525302	85965000
chr3	85970000	85980000	0.9962291295694645	85975000
chr3	85980000	85990000	0.736862369395895	85985000
chr3	85990000	86000000	2.114982207441396	85995000
chr3	86000000	86010000	5.610378299154895	86005000
chr3	86010000	86020000	15.03466468387065	86015000
chr3	86020000	86030000	17.66494239931054	86025000
chr3	86030000	86040000	3.9900467980578647	86035000
chr3	86040000	86050000	3.4077880123354842	86045000
chr3	86050000	86060000	6.508470920348733	86055000
chr3	86060000	86070000	2.55627467836626	86065000
chr3	86070000	86080000	1.1116629125830424	86075000
chr3	86080000	86090000	1.6826880172570404	86085000
chr3	86090000	86100000	1.5073112003186155	86095000
chr3	86100000	86110000	1.2704931040327685	86105000
chr3	86110000	86120000	0.9859898477477496	86115000
chr3	86120000	86130000	1.336220023245982	86125000
chr3	86130000	86140000	1.7106517464788578	86135000
chr3	86140000	86150000	2.1205598893619646	86145000
chr3	86150000	86160000	1.2546751783536272	86155000
chr3	86160000	86170000	2.296394583234186	86165000
chr3	86170000	86180000	6.715570731225235	86175000
chr3	86180000	86190000	5.3805505092796695	86185000
chr3	86190000	86200000	1.4645670665558308	86195000
chr3	86200000	86210000	1.617316156277928	86205000
chr3	86210000	86220000	1.7924877958757874	86215000
chr3	86220000	86230000	6.525735922659988	86225000
chr3	86230000	86240000	6.308503671506371	86235000
chr3	86240000	86250000	6.29029716503337	86245000
chr3	86250000	86260000	9.61580254664413	86255000
chr3	86260000	86270000	4.520428195101465	86265000
chr3	86270000	86280000	4.025503432664786	86275000
chr3	86280000	86290000	3.6360035068005434	86285000
chr3	86290000	86300000	0.936336414330507	86295000
chr3	86300000	86310000	2.1671743334670954	86305000
chr3	86310000	86320000	3.2449912453621894	86315000
chr3	86320000	86330000	4.727179479061688	86325000
chr3	86330000	86340000	3.0657895873703818	86335000
chr3	86340000	86350000	2.717475513123936	86345000
chr3	86350000	86360000	2.084069141836693	86355000
chr3	86360000	86370000	1.8380981350917451	86365000
chr3	86370000	86380000	0.9680411282718497	86375000
chr3	86380000	86390000	1.3623213687099445	86385000
chr3	86390000	86400000	1.0764250052884388	86395000
chr3	86400000	86410000	1.2774365548397177	86405000
chr3	86410000	86420000	1.084636706163875	86415000
chr3	86420000	86430000	0.5642028705090307	86425000
chr3	86430000	86440000	1.052338070400904	86435000
chr3	86440000	86450000	1.1573198959329951	86445000
chr3	86450000	86460000	1.8690306790634292	86455000
chr3	86460000	86470000	0.5933603866943379	86465000
chr3	86470000	86480000	1.2709243113624142	86475000
chr3	86480000	86490000	1.066209629816307	86485000
chr3	86490000	86500000	1.0534846437201484	86495000
chr3	86500000	86510000	8.484518675560578	86505000
chr3	86510000	86520000	1.4667577655528194	86515000
chr3	86520000	86530000	1.4263326746325213	86525000
chr3	86530000	86540000	1.6161577431510352	86535000
chr3	86540000	86550000	1.1662720114626066	86545000
chr3	86550000	86560000	1.6059525828949228	86555000
chr3	86560000	86570000	1.1948565805945508	86565000
chr3	86570000	86580000	1.3371120261833145	86575000
chr3	86580000	86590000	1.562690379491472	86585000
chr3	86590000	86600000	2.3874058259958444	86595000
chr3	86600000	86610000	6.665924272729612	86605000
chr3	86610000	86620000	2.1391823129964225	86615000
chr3	86620000	86630000	0.6312553043451554	86625000
chr3	86630000	86640000	0.9444835712864575	86635000
chr3	86640000	86650000	1.0120545932346925	86645000
chr3	86650000	86660000	6.756365829444485	86655000
chr3	86660000	86670000	1.1763874202772722	86665000
chr3	86670000	86680000	1.5838006128713609	86675000
chr3	86680000	86690000	1.96435815239579	86685000
chr3	86690000	86700000	1.3112498255791574	86695000
chr3	86700000	86710000	7.732329641569139	86705000
chr3	86710000	86720000	1.0490001969721037	86715000
chr3	86720000	86730000	1.4772801413772778	86725000
chr3	86730000	86740000	3.8270131710521693	86735000
chr3	86740000	86750000	1.987578325443095	86745000
chr3	86750000	86760000	11.648561434202831	86755000
chr3	86760000	86770000	4.26096490603541	86765000
chr3	86770000	86780000	0.7499778845274777	86775000
chr3	86780000	86790000	1.432917229074228	86785000
chr3	86790000	86800000	1.7326599677099184	86795000
chr3	86800000	86810000	0.994691758472959	86805000
chr3	86810000	86820000	1.4451334820274462	86815000
chr3	86820000	86830000	1.7890235180287184	86825000
chr3	86830000	86840000	2.0200518790024744	86835000
chr3	86840000	86850000	1.6386152875133269	86845000
chr3	86850000	86860000	2.586290155582875	86855000
chr3	86860000	86870000	0.96217984849819	86865000
chr3	86870000	86880000	1.5365747852748302	86875000
chr3	86880000	86890000	2.0738328397039236	86885000
chr3	86890000	86900000	2.2214941835814512	86895000
chr3	86900000	86910000	8.62233073733561	86905000
chr3	86910000	86920000	2.456813641846433	86915000
chr3	86920000	86930000	3.465688011202621	86925000
chr3	86930000	86940000	6.419291501595038	86935000
chr3	86940000	86950000	4.424361138367035	86945000
chr3	86950000	86960000	1.10707000276532	86955000
chr3	86960000	86970000	0.925406842590735	86965000
chr3	86970000	86980000	1.379601969302747	86975000
chr3	86980000	86990000	1.1111169163010353	86985000
chr3	86990000	87000000	1.5598902567009634	86995000
chr3	87000000	87010000	0.749692908603813	87005000
chr3	87010000	87020000	0.7045066931252771	87015000
chr3	87020000	87030000	1.5366620917757725	87025000
chr3	87030000	87040000	0.8439539561439815	87035000
chr3	87040000	87050000	1.3418003240525689	87045000
chr3	87050000	87060000	0.5646984975710783	87055000
chr3	87060000	87070000	2.373789609310043	87065000
chr3	87070000	87080000	2.6565661717377784	87075000
chr3	87080000	87090000	1.2707470345829766	87085000
chr3	87090000	87100000	1.1421190821976348	87095000
chr3	87100000	87110000	1.5947647313990694	87105000
chr3	87110000	87120000	1.4150775739915613	87115000
chr3	87120000	87130000	1.6506175480539051	87125000
chr3	87130000	87140000	0.6735381723467482	87135000
chr3	87140000	87150000	2.2005205437203004	87145000
chr3	87150000	87160000	2.285401822351718	87155000
chr3	87160000	87170000	9.98052555877627	87165000
chr3	87170000	87180000	0.8895759788750144	87175000
chr3	87180000	87190000	2.2849992839826974	87185000
chr3	87190000	87200000	1.296200626432091	87195000
chr3	87200000	87210000	2.5648942423081085	87205000
chr3	87210000	87220000	5.571373607954279	87215000
chr3	87220000	87230000	4.402042447947306	87225000
chr3	87230000	87240000	3.4733614214746664	87235000
chr3	87240000	87250000	2.3983106059911794	87245000
chr3	87250000	87260000	8.292384991060166	87255000
chr3	87260000	87270000	2.6767485769419093	87265000
chr3	87270000	87280000	1.6691421948217573	87275000
chr3	87280000	87290000	0.861513287407616	87285000
chr3	87290000	87300000	0.8012213838468288	87295000
chr3	87300000	87310000	1.0498626687948625	87305000
chr3	87310000	87320000	1.0547301832105405	87315000
chr3	87320000	87330000	0.7980413618058759	87325000
chr3	87330000	87340000	0.7195293438709235	87335000
chr3	87340000	87350000	1.2727466830639946	87345000
chr3	87350000	87360000	0.6565520889674779	87355000
chr3	87360000	87370000	0.7144107177437167	87365000
chr3	87370000	87380000	1.048593667569989	87375000
chr3	87380000	87390000	1.4042747645893192	87385000
chr3	87390000	87400000	0.8607040260594188	87395000
chr3	87400000	87410000	0.9823272366716912	87405000
chr3	87410000	87420000	0.6171351219169463	87415000
chr3	87420000	87430000	3.2823607730320687	87425000
chr3	87430000	87440000	2.2957551706109216	87435000
chr3	87440000	87450000	1.8860154135123322	87445000
chr3	87450000	87460000	2.4081423393391552	87455000
chr3	87460000	87470000	2.5069634874123046	87465000
chr3	87470000	87480000	1.8409909070827706	87475000
chr3	87480000	87490000	2.9974652567068967	87485000
chr3	87490000	87500000	3.0639516122018033	87495000
chr3	87500000	87510000	4.351488734688575	87505000
chr3	87510000	87520000	5.7705889780759625	87515000
chr3	87520000	87530000	2.390866383756382	87525000
chr3	87530000	87540000	5.2672492365888415	87535000
chr3	87540000	87550000	7.7926927390915735	87545000
chr3	87550000	87560000	2.9458934408439954	87555000
chr3	87560000	87570000	6.024978810145039	87565000
chr3	87570000	87580000	10.55435732532463	87575000
chr3	87580000	87590000	10.014080694370717	87585000
chr3	87590000	87600000	10.848133107569081	87595000
chr3	87600000	87610000	7.6755719199841215	87605000
chr3	87610000	87620000	3.4543811981246493	87615000
chr3	87620000	87630000	3.7888150995064014	87625000
chr3	87630000	87640000	7.385171823576656	87635000
chr3	87640000	87650000	17.311665194613887	87645000
chr3	87650000	87660000	22.841939525678338	87655000
chr3	87660000	87670000	12.550964461675868	87665000
chr3	87670000	87680000	4.552673738499257	87675000
chr3	87680000	87690000	3.4503812221080867	87685000
chr3	87690000	87700000	2.9179609573578627	87695000
chr3	87700000	87710000	4.721991302668744	87705000
chr3	87710000	87720000	3.405329505254257	87715000
chr3	87720000	87730000	2.302815178173583	87725000
chr3	87730000	87740000	2.4936633112869426	87735000
chr3	87740000	87750000	1.5303307829633013	87745000
chr3	87750000	87760000	2.1861138453687907	87755000
chr3	87760000	87770000	1.9478575952899242	87765000
chr3	87770000	87780000	1.5349502432084918	87775000
chr3	87780000	87790000	1.123375941040238	87785000
chr3	87790000	87800000	0.7371723574959961	87795000
chr3	87800000	87810000	0.812233309526529	87805000
chr3	87810000	87820000	1.2191061861259955	87815000
chr3	87820000	87830000	2.61136344676733	87825000
chr3	87830000	87840000	0.7417351400193294	87835000
chr3	87840000	87850000	0.4185630212101778	87845000
chr3	87850000	87860000	0.45240268366401437	87855000
chr3	87860000	87870000	1.5371172002824522	87865000
chr3	87870000	87880000	0.5963530066355524	87875000
chr3	87880000	87890000	0.8400599558173305	87885000
chr3	87890000	87900000	1.2081960285001745	87895000
chr3	87900000	87910000	1.2912927298006802	87905000
chr3	87910000	87920000	0.9767381889182194	87915000
chr3	87920000	87930000	0.8645740087927896	87925000
chr3	87930000	87940000	1.0400208650573834	87935000
chr3	87940000	87950000	0.8251503244340107	87945000
chr3	87950000	87960000	0.554440115121392	87955000
chr3	87960000	87970000	1.2170998201050187	87965000
chr3	87970000	87980000	1.5778291012238466	87975000
chr3	87980000	87990000	18.916213605518294	87985000
chr3	87990000	88000000	1.426661141504172	87995000
chr3	88000000	88010000	2.9811295827769215	88005000
chr3	88010000	88020000	6.646519820971865	88015000
chr3	88020000	88030000	5.409063745123549	88025000
chr3	88030000	88040000	3.808613249802402	88035000
chr3	88040000	88050000	1.0876580472340773	88045000
chr3	88050000	88060000	0.7579424712368404	88055000
chr3	88060000	88070000	0.6854899884226048	88065000
chr3	88070000	88080000	1.7475353485438552	88075000
chr3	88080000	88090000	10.992661884101333	88085000
chr3	88090000	88100000	9.689153484712689	88095000
chr3	88100000	88110000	3.613229256813738	88105000
chr3	88110000	88120000	3.7052889237393885	88115000
chr3	88120000	88130000	3.7758157591437067	88125000
chr3	88130000	88140000	2.1862785541831777	88135000
chr3	88140000	88150000	3.8034872041203345	88145000
chr3	88150000	88160000	5.152859088874538	88155000
chr3	88160000	88170000	11.169802055600671	88165000
chr3	88170000	88180000	2.5670968410429507	88175000
chr3	88180000	88190000	1.0479047178952436	88185000
chr3	88190000	88200000	1.8955639733828555	88195000
chr3	88200000	88210000	2.0197728621983893	88205000
chr3	88210000	88220000	0.7919661951985022	88215000
chr3	88220000	88230000	0.7585219002339457	88225000
chr3	88230000	88240000	0.912133027995832	88235000
chr3	88240000	88250000	0.9047890293035933	88245000
chr3	88250000	88260000	1.269533940287106	88255000
chr3	88260000	88270000	4.408729070366338	88265000
chr3	88270000	88280000	7.945261957344838	88275000
chr3	88280000	88290000	2.299441125561723	88285000
chr3	88290000	88300000	0.8528945246394407	88295000
chr3	88300000	88310000	0.7108235873891067	88305000
chr3	88310000	88320000	9.825543472698742	88315000
chr3	88320000	88330000	1.5662699361262804	88325000
chr3	88330000	88340000	1.0672088481068276	88335000
chr3	88340000	88350000	1.2903512849991572	88345000
chr3	88350000	88360000	1.4955886539898324	88355000
chr3	88360000	88370000	3.17811080384896	88365000
chr3	88370000	88380000	12.727975075282695	88375000
chr3	88380000	88390000	8.293820438927598	88385000
chr3	88390000	88400000	2.610951715443439	88395000
chr3	88400000	88410000	1.9258173845911661	88405000
chr3	88410000	88420000	1.1229925215344057	88415000
chr3	88420000	88430000	0.9292828058934384	88425000
chr3	88430000	88440000	1.1326389913138744	88435000
chr3	88440000	88450000	3.092295106984037	88445000
chr3	88450000	88460000	0.7400762438403768	88455000
chr3	88460000	88470000	1.6956361822868329	88465000
chr3	88470000	88480000	0.8825097569183562	88475000
chr3	88480000	88490000	1.762824396699046	88485000
chr3	88490000	88500000	2.0563642945060545	88495000
chr3	88500000	88510000	1.8750538345514287	88505000
chr3	88510000	88520000	0.8678119798763486	88515000
chr3	88520000	88530000	1.9984482862650077	88525000
chr3	88530000	88540000	11.164671699392555	88535000
chr3	88540000	88550000	10.657448105972458	88545000
chr3	88550000	88560000	10.127481157472928	88555000
chr3	88560000	88570000	7.1264319865113945	88565000
chr3	88570000	88580000	7.678373964250662	88575000
chr3	88580000	88590000	15.281144677806374	88585000
chr3	88590000	88600000	8.120996933032018	88595000
chr3	88600000	88610000	2.18254693014285	88605000
chr3	88610000	88620000	2.704696450822673	88615000
chr3	88620000	88630000	2.560113031826995	88625000
chr3	88630000	88640000	1.665230824758149	88635000
chr3	88640000	88650000	2.9630276924904724	88645000
chr3	88650000	88660000	4.946887695255598	88655000
chr3	88660000	88670000	3.8060595262730703	88665000
chr3	88670000	88680000	2.6170271372940586	88675000
chr3	88680000	88690000	2.6175600935833967	88685000
chr3	88690000	88700000	2.227616435558732	88695000
chr3	88700000	88710000	2.450391003973495	88705000
chr3	88710000	88720000	1.8181808548281437	88715000
chr3	88720000	88730000	2.043149271555639	88725000
chr3	88730000	88740000	2.298324485244526	88735000
chr3	88740000	88750000	2.5005489832007686	88745000
chr3	88750000	88760000	5.976079308987382	88755000
chr3	88760000	88770000	3.8741330159806675	88765000
chr3	88770000	88780000	5.224060659918709	88775000
chr3	88780000	88790000	3.7484846313548537	88785000
chr3	88790000	88800000	2.1985618000790974	88795000
chr3	88800000	88810000	2.932908322215162	88805000
chr3	88810000	88820000	5.944569514002747	88815000
chr3	88820000	88830000	6.635928247436597	88825000
chr3	88830000	88840000	2.339475874871301	88835000
chr3	88840000	88850000	1.3118297755399269	88845000
chr3	88850000	88860000	1.9027123238780896	88855000
chr3	88860000	88870000	3.4097243106549233	88865000
chr3	88870000	88880000	3.6663982519274234	88875000
chr3	88880000	88890000	4.820332559389461	88885000
chr3	88890000	88900000	4.180725665902741	88895000
chr3	88900000	88910000	3.54605634040646	88905000
chr3	88910000	88920000	3.889110600536969	88915000
chr3	88920000	88930000	7.7852966156300285	88925000
chr3	88930000	88940000	7.880717341940711	88935000
chr3	88940000	88950000	7.455768279945902	88945000
chr3	88950000	88960000	1.221188141245179	88955000
chr3	88960000	88970000	2.665695948218818	88965000
chr3	88970000	88980000	2.4974160199877593	88975000
chr3	88980000	88990000	2.11478345065086	88985000
chr3	88990000	89000000	1.7615111712665354	88995000
chr3	89000000	89010000	3.0498690190248117	89005000
chr3	89010000	89020000	16.949178143316722	89015000
chr3	89020000	89030000	2.351404757589836	89025000
chr3	89030000	89040000	2.987270848359197	89035000
chr3	89040000	89050000	4.692685885171676	89045000
chr3	89050000	89060000	4.9151234246459365	89055000
chr3	89060000	89070000	4.844389788196173	89065000
chr3	89070000	89080000	4.348190372201046	89075000
chr3	89080000	89090000	4.755737756491567	89085000
chr3	89090000	89100000	3.829768723759682	89095000
chr3	89100000	89110000	5.352149600085989	89105000
chr3	89110000	89120000	3.3438322113482464	89115000
chr3	89120000	89130000	3.308311499050543	89125000
chr3	89130000	89140000	3.3309457087813206	89135000
chr3	89140000	89150000	2.350217711407977	89145000
chr3	89150000	89160000	3.2583540109608307	89155000
chr3	89160000	89170000	4.250066499019911	89165000
chr3	89170000	89180000	1.869386565178086	89175000
chr3	89180000	89190000	4.706034201855897	89185000
chr3	89190000	89200000	1.372782692799348	89195000
chr3	89200000	89210000	2.901204561100538	89205000
chr3	89210000	89220000	1.3610091473478334	89215000
chr3	89220000	89230000	3.110814640260531	89225000
chr3	89230000	89240000	2.9269225261309955	89235000
chr3	89240000	89250000	2.7094282006679093	89245000
chr3	89250000	89260000	2.852661574263057	89255000
chr3	89260000	89270000	2.9741383845512783	89265000
chr3	89270000	89280000	3.445450343368401	89275000
chr3	89280000	89290000	2.62995624186495	89285000
chr3	89290000	89300000	2.753483064958982	89295000
chr3	89300000	89310000	2.062288018481636	89305000
chr3	89310000	89320000	2.521672571027264	89315000
chr3	89320000	89330000	2.2065649287760705	89325000
chr3	89330000	89340000	2.1206915453722055	89335000
chr3	89360000	89370000	2.25435689648021	89365000
chr3	89390000	89400000	0.2702722754177108	89395000
chr3	89400000	89410000	1.4666372558225425	89405000
chr3	89410000	89420000	7.673080569269815	89415000
chr3	89420000	89430000	3.8889988936585356	89425000
chr3	89430000	89440000	2.787624413312609	89435000
chr3	89440000	89450000	3.0053754409681783	89445000
chr3	89450000	89460000	3.4654601363863287	89455000
chr3	89460000	89470000	4.487309663450045	89465000
chr3	89470000	89480000	7.5020074897502145	89475000
chr3	89480000	89490000	6.871824556957266	89485000
chr3	89490000	89500000	4.875356679489283	89495000
chr3	89500000	89510000	3.0514873443998787	89505000
chr3	89510000	89520000	1.9550392309816258	89515000
chr3	89520000	89530000	2.5792960279494737	89525000
chr3	89530000	89540000	2.8316058396252135	89535000
chr3	89540000	89550000	2.5545793062860707	89545000
chr3	89550000	89560000	2.793531309720063	89555000
chr3	89560000	89570000	1.6473999201148468	89565000
chr3	89570000	89580000	1.422413285260553	89575000
chr3	89580000	89590000	1.8248361807106275	89585000
chr3	89590000	89600000	1.7820620553850488	89595000
chr3	89600000	89610000	2.5313732244726603	89605000
chr3	89610000	89620000	1.4274232080826392	89615000
chr3	89620000	89630000	1.3322457956146374	89625000
chr3	89630000	89640000	0.9819437451240336	89635000
chr3	89640000	89650000	3.9017686054766823	89645000
chr3	89650000	89660000	7.343422751440355	89655000
chr3	89660000	89670000	4.2303827996036025	89665000
chr3	89670000	89680000	5.761602761203937	89675000
chr3	89680000	89690000	1.4646887413567402	89685000
chr3	89690000	89700000	2.5177529038024784	89695000
chr3	89700000	89710000	6.4066782047759565	89705000
chr3	89710000	89720000	2.9727929649459717	89715000
chr3	89720000	89730000	3.701288492768627	89725000
chr3	89730000	89740000	2.937627094971287	89735000
chr3	89740000	89750000	5.423094932768396	89745000
chr3	89750000	89760000	14.913015211562136	89755000
chr3	89760000	89770000	3.402495847842656	89765000
chr3	89770000	89780000	5.454030823753123	89775000
chr3	89780000	89790000	3.4041756658254507	89785000
chr3	89790000	89800000	5.200551736011539	89795000
chr3	89800000	89810000	5.524984452815055	89805000
chr3	89810000	89820000	3.6324780977028066	89815000
chr3	89820000	89830000	7.916516388680938	89825000
chr3	89830000	89840000	3.3816661023734214	89835000
chr3	89840000	89850000	5.200140960921447	89845000
chr3	89850000	89860000	4.8697349507662375	89855000
chr3	89860000	89870000	2.858487345676481	89865000
chr3	89870000	89880000	2.3567506709468384	89875000
chr3	89880000	89890000	2.031587908787012	89885000
chr3	89890000	89900000	2.8473353174601796	89895000
chr3	89900000	89910000	2.6888543322815344	89905000
chr3	89910000	89920000	2.5981540699978107	89915000
chr3	89920000	89930000	2.1657744635170166	89925000
chr3	89930000	89940000	3.0639671119340903	89935000
chr3	89940000	89950000	14.459126985440362	89945000
chr3	89950000	89960000	4.778099911339225	89955000
chr3	89960000	89970000	6.5635730860959685	89965000
chr3	89970000	89980000	3.735409076037153	89975000
chr3	89980000	89990000	11.205668766116778	89985000
chr3	89990000	90000000	8.147685562336667	89995000
chr3	90000000	90010000	26.927234710004832	90005000
chr3	90010000	90020000	3.3937410964535304	90015000
chr3	90020000	90030000	2.9164872398095074	90025000
chr3	90030000	90040000	2.9388852290222194	90035000
chr3	90040000	90050000	1.2544779887176145	90045000
chr3	90050000	90060000	0.9965556187942012	90055000
chr3	90060000	90070000	7.10528999629358	90065000
chr3	90070000	90080000	2.641842919209507	90075000
chr3	90080000	90090000	1.2895114586721905	90085000
chr3	90090000	90100000	1.3230975645401413	90095000
chr3	90100000	90110000	3.527805060453279	90105000
chr3	90110000	90120000	1.7138186162877178	90115000
chr3	90120000	90130000	2.437334807552356	90125000
chr3	90130000	90140000	1.7030028857887611	90135000
chr3	90140000	90150000	1.8634948777149416	90145000
chr3	90150000	90160000	3.5363842918186723	90155000
chr3	90160000	90170000	2.2734082325095755	90165000
chr3	90170000	90180000	1.7814003806111158	90175000
chr3	90180000	90190000	3.141905331167875	90185000
chr3	90190000	90200000	3.5634696111533426	90195000
chr3	90200000	90210000	2.051034320669472	90205000
chr3	90210000	90220000	2.9495333037603193	90215000
chr3	90220000	90230000	3.134655723164628	90225000
chr3	90230000	90240000	2.8269807069176496	90235000
chr3	90240000	90250000	1.8682192283238446	90245000
chr3	90250000	90260000	8.900790034624142	90255000
chr3	90260000	90270000	2.876507724288953	90265000
chr3	90270000	90280000	2.916290291650746	90275000
chr3	90280000	90290000	18.931611887011123	90285000
chr3	90290000	90300000	6.662227521871191	90295000
chr3	90300000	90310000	5.789549188702589	90305000
chr3	90310000	90320000	3.3813752339140324	90315000
chr3	90320000	90330000	3.816176436049546	90325000
chr3	90330000	90340000	2.3409476530688793	90335000
chr3	90340000	90350000	3.748587832192226	90345000
chr3	90350000	90360000	14.215613206246116	90355000
chr3	90360000	90370000	7.182748860252101	90365000
chr3	90370000	90380000	4.080684375971675	90375000
chr3	90380000	90390000	1.9938275670901464	90385000
chr3	90390000	90400000	4.792528416684822	90395000
chr3	90400000	90410000	5.100246728042688	90405000
chr3	90410000	90420000	3.2441580205855227	90415000
chr3	90420000	90430000	5.4096248281530706	90425000
chr3	90430000	90440000	2.525082319481879	90435000
chr3	90440000	90450000	4.693575446564566	90445000
chr3	90450000	90460000	5.657497032071459	90455000
chr3	90460000	90470000	5.872061482277184	90465000
chr3	90470000	90480000	6.213760026568646	90475000
chr3	90480000	90490000	7.503180307905975	90485000
chr3	90490000	90500000	8.508912915258572	90495000
chr3	90500000	90510000	2.6369034388675123	90505000
chr3	90510000	90520000	1.2199605553606516	90515000
chr3	90520000	90530000	1.7538316823843643	90525000
chr3	90530000	90540000	3.792701770362682	90535000
chr3	90540000	90550000	4.799149886614037	90545000
chr3	90550000	90560000	7.275439433079776	90555000
chr3	90560000	90570000	10.75525471321795	90565000
chr3	90570000	90580000	3.295014087433284	90575000
chr3	90580000	90590000	3.190688768220642	90585000
chr3	90590000	90600000	1.3527380360671533	90595000
chr3	90600000	90610000	1.372884941320172	90605000
chr3	90610000	90620000	0.6175540361165338	90615000
chr3	90620000	90630000	1.5136401438809572	90625000
chr3	90630000	90640000	6.350440384874247	90635000
chr3	90640000	90650000	2.440905350686143	90645000
chr3	90650000	90660000	6.967345612871147	90655000
chr3	90660000	90670000	6.104444446402001	90665000
chr3	90670000	90680000	3.8208372771432897	90675000
chr3	90680000	90690000	2.176572405961571	90685000
chr3	90690000	90700000	2.7792728388040033	90695000
chr3	90700000	90710000	1.5066382208755593	90705000
chr3	90710000	90720000	2.259636191158813	90715000
chr3	90720000	90730000	2.87053047555653	90725000
chr3	90730000	90740000	3.1094993973378697	90735000
chr3	90740000	90750000	2.5964693870513793	90745000
chr3	90750000	90760000	8.031853404513933	90755000
chr3	90760000	90770000	7.822507035504811	90765000
chr3	90770000	90780000	3.448513054279728	90775000
chr3	90780000	90790000	2.9641280145507665	90785000
chr3	90790000	90800000	1.4610447133731235	90795000
chr3	90800000	90810000	1.3826084559749867	90805000
chr3	90810000	90820000	12.095131471178895	90815000
chr3	90820000	90830000	5.0257974525800515	90825000
chr3	90830000	90840000	2.5303178944870117	90835000
chr3	90840000	90850000	1.518098044832984	90845000
chr3	90850000	90860000	2.112809841532159	90855000
chr3	90860000	90870000	5.1847061983998515	90865000
chr3	90870000	90880000	5.248049512350469	90875000
chr3	90880000	90890000	3.5475436082817358	90885000
chr3	90890000	90900000	4.464659671150896	90895000
chr3	90900000	90910000	6.2636815782122515	90905000
chr3	90910000	90920000	6.53836655624949	90915000
chr3	90920000	90930000	6.512109793658755	90925000
chr3	90930000	90940000	1.4296260439625283	90935000
chr3	90940000	90950000	6.988210100359603	90945000
chr3	90950000	90960000	2.290954235310153	90955000
chr3	90960000	90970000	1.4119752951768458	90965000
chr3	90970000	90980000	7.281186347458266	90975000
chr3	90980000	90990000	0.9240211150361436	90985000
chr3	90990000	91000000	1.4934177950737384	90995000
chr3	91000000	91010000	1.2130677295346655	91005000
chr3	91010000	91020000	4.1732700059653824	91015000
chr3	91020000	91030000	0.9824591614324263	91025000
chr3	91030000	91040000	2.6018999689874636	91035000
chr3	91040000	91050000	2.3021835717691665	91045000
chr3	91050000	91060000	2.6113742590795628	91055000
chr3	91060000	91070000	0.8411995590331862	91065000
chr3	91070000	91080000	0.6408662475388696	91075000
chr3	91080000	91090000	0.5317827056143068	91085000
chr3	91090000	91100000	2.1722186863440514	91095000
chr3	91100000	91110000	1.3023948126262552	91105000
chr3	91110000	91120000	2.8320580453701747	91115000
chr3	91120000	91130000	5.026907057566351	91125000
chr3	91130000	91140000	4.215135267292232	91135000
chr3	91140000	91150000	4.35648827501121	91145000
chr3	91150000	91160000	7.077574031247362	91155000
chr3	91160000	91170000	5.181892016724795	91165000
chr3	91170000	91180000	2.454397068629065	91175000
chr3	91180000	91190000	3.460189869721322	91185000
chr3	91190000	91200000	4.8536186114212185	91195000
chr3	91200000	91210000	2.425385557317082	91205000
chr3	91210000	91220000	2.7963898402534744	91215000
chr3	91220000	91230000	2.966446749667947	91225000
chr3	91230000	91240000	1.7605597591855444	91235000
chr3	91240000	91250000	1.2012316943546908	91245000
chr3	91250000	91260000	3.4766855767243565	91255000
chr3	91260000	91270000	1.4729779837702366	91265000
chr3	91270000	91280000	2.050829498680588	91275000
chr3	91280000	91290000	1.9958384363853179	91285000
chr3	91290000	91300000	1.7370276171569081	91295000
chr3	91300000	91310000	4.766089716085881	91305000
chr3	91310000	91320000	2.1371940546444956	91315000
chr3	91320000	91330000	7.197923848745941	91325000
chr3	91330000	91340000	3.420511532415974	91335000
chr3	91340000	91350000	5.152404962254766	91345000
chr3	91350000	91360000	5.656496048152802	91355000
chr3	91360000	91370000	4.834600632658531	91365000
chr3	91370000	91380000	9.506735346084646	91375000
chr3	91380000	91390000	1.3405934915224011	91385000
chr3	91390000	91400000	1.4505633404058735	91395000
chr3	91400000	91410000	7.283276408062835	91405000
chr3	91410000	91420000	1.6783153548708039	91415000
chr3	91420000	91430000	2.9919564658872497	91425000
chr3	91430000	91440000	1.96983547232652	91435000
chr3	91440000	91450000	7.812227845496377	91445000
chr3	91450000	91460000	2.2597476906684704	91455000
chr3	91460000	91470000	5.411726726841795	91465000
chr3	91470000	91480000	2.443850154441759	91475000
chr3	91480000	91490000	12.09030035102255	91485000
chr3	91490000	91500000	4.987452307187607	91495000
chr3	91500000	91510000	1.3790255009143877	91505000
chr3	91510000	91520000	0.6727977111315939	91515000
chr3	91520000	91530000	1.6066002856204205	91525000
chr3	91530000	91540000	1.435185595865005	91535000
chr3	91540000	91550000	1.8191359806144536	91545000
chr3	91550000	91560000	1.8056568587823978	91555000
chr3	91560000	91570000	2.6820820109888306	91565000
chr3	91570000	91580000	10.424258129449958	91575000
chr3	91580000	91590000	2.312422613268613	91585000
chr3	91590000	91600000	3.1628035813946447	91595000
chr3	91600000	91610000	1.7586444770701761	91605000
chr3	91610000	91620000	2.250563630182861	91615000
chr3	91620000	91630000	7.084065382610495	91625000
chr3	91630000	91640000	4.054909463167923	91635000
chr3	91640000	91650000	3.402160377350222	91645000
chr3	91650000	91660000	4.19312288827864	91655000
chr3	91660000	91670000	6.1648174021452595	91665000
chr3	91670000	91680000	4.588659534958509	91675000
chr3	91680000	91690000	6.011070687325374	91685000
chr3	91690000	91700000	1.783492105082511	91695000
chr3	91700000	91710000	2.1889642881607365	91705000
chr3	91710000	91720000	3.3051638118477427	91715000
chr3	91720000	91730000	2.3721048415366077	91725000
chr3	91730000	91740000	3.329680058405872	91735000
chr3	91740000	91750000	9.873861823808301	91745000
chr3	91750000	91760000	1.2889660071502416	91755000
chr3	91760000	91770000	1.1219497774342926	91765000
chr3	91770000	91780000	1.095491165152506	91775000
chr3	91780000	91790000	1.1445406869758679	91785000
chr3	91790000	91800000	0.7902575461783024	91795000
chr3	91800000	91810000	5.624202618452827	91805000
chr3	91810000	91820000	1.3302393440738158	91815000
chr3	91820000	91830000	8.141470642833653	91825000
chr3	91830000	91840000	3.551620236702817	91835000
chr3	91840000	91850000	7.054150666845367	91845000
chr3	91850000	91860000	5.322101352848726	91855000
chr3	91860000	91870000	6.122626113914891	91865000
chr3	91870000	91880000	3.6989671552883063	91875000
chr3	91880000	91890000	4.24412463798576	91885000
chr3	91890000	91900000	1.970735134181571	91895000
chr3	91900000	91910000	7.521689142977008	91905000
chr3	91910000	91920000	3.8014295890101657	91915000
chr3	91920000	91930000	7.71215511419754	91925000
chr3	91930000	91940000	2.2238964153333223	91935000
chr3	91940000	91950000	1.2823929810111818	91945000
chr3	91950000	91960000	1.1406469454299146	91955000
chr3	91960000	91970000	2.391205572074224	91965000
chr3	91970000	91980000	15.552049791838549	91975000
chr3	91980000	91990000	3.126866514335831	91985000
chr3	91990000	92000000	1.312284127203784	91995000
chr3	92000000	92010000	2.136327537869184	92005000
chr3	92010000	92020000	1.7555596858867706	92015000
chr3	92020000	92030000	2.3094689804012263	92025000
chr3	92030000	92040000	1.3811920244507212	92035000
chr3	92040000	92050000	1.9486419197681022	92045000
chr3	92050000	92060000	3.8512216219953026	92055000
chr3	92060000	92070000	12.479017879116375	92065000
chr3	92070000	92080000	3.9381776359204843	92075000
chr3	92080000	92090000	4.048952395123021	92085000
chr3	92090000	92100000	1.2880908787856689	92095000
chr3	92100000	92110000	1.6348022463126486	92105000
chr3	92110000	92120000	1.7961505529775388	92115000
chr3	92120000	92130000	1.321851600704165	92125000
chr3	92130000	92140000	1.4888290686688472	92135000
chr3	92140000	92150000	2.0944911643866386	92145000
chr3	92150000	92160000	3.4333929577538087	92155000
chr3	92160000	92170000	7.282766000635618	92165000
chr3	92170000	92180000	2.7793235142058816	92175000
chr3	92180000	92190000	2.6288538964632298	92185000
chr3	92190000	92200000	3.418084012581455	92195000
chr3	92200000	92210000	2.191147976637807	92205000
chr3	92210000	92220000	2.2079100762678308	92215000
chr3	92220000	92230000	3.7225063198299435	92225000
chr3	92230000	92240000	3.8697616726071895	92235000
chr3	92240000	92250000	1.6399279875381214	92245000
chr3	92250000	92260000	1.337197998269945	92255000
chr3	92260000	92270000	3.8295469026687745	92265000
chr3	92270000	92280000	7.330160554459047	92275000
chr3	92280000	92290000	2.476991789271505	92285000
chr3	92290000	92300000	2.586715117045841	92295000
chr3	92300000	92310000	3.504396761313759	92305000
chr3	92310000	92320000	4.219052347318902	92315000
chr3	92320000	92330000	6.27397668594552	92325000
chr3	92330000	92340000	6.33681147333389	92335000
chr3	92340000	92350000	2.8296440107299063	92345000
chr3	92350000	92360000	5.036283805337365	92355000
chr3	92360000	92370000	6.1431642471684915	92365000
chr3	92370000	92380000	14.183129116875634	92375000
chr3	92380000	92390000	3.1405458934350463	92385000
chr3	92390000	92400000	4.206651120779514	92395000
chr3	92400000	92410000	4.919287773337384	92405000
chr3	92410000	92420000	4.88400147380793	92415000
chr3	92420000	92430000	5.966779178369536	92425000
chr3	92430000	92440000	13.124099708715327	92435000
chr3	92440000	92450000	3.599484630412346	92445000
chr3	92450000	92460000	5.838678861668211	92455000
chr3	92460000	92470000	3.4475039009681927	92465000
chr3	92470000	92480000	2.066988710222866	92475000
chr3	92480000	92490000	3.589769156755627	92485000
chr3	92490000	92500000	2.7208735829686157	92495000
chr3	92500000	92510000	2.6486681145591877	92505000
chr3	92510000	92520000	12.806142726909258	92515000
chr3	92520000	92530000	2.3367514373757317	92525000
chr3	92530000	92540000	2.594554001714252	92535000
chr3	92540000	92550000	2.9476750182265374	92545000
chr3	92550000	92560000	1.6842919291012095	92555000
chr3	92560000	92570000	1.058728930807179	92565000
chr3	92570000	92580000	0.9269515618627585	92575000
chr3	92580000	92590000	1.6122119756054882	92585000
chr3	92590000	92600000	1.7339031194698398	92595000
chr3	92600000	92610000	1.5559705983801524	92605000
chr3	92610000	92620000	2.0695247560902943	92615000
chr3	92620000	92630000	1.5475481517710308	92625000
chr3	92630000	92640000	1.2689346609543712	92635000
chr3	92640000	92650000	0.9703788934444922	92645000
chr3	92650000	92660000	2.066147543180793	92655000
chr3	92660000	92670000	9.442914419594118	92665000
chr3	92670000	92680000	0.3104684552481606	92675000
chr3	92680000	92690000	0.4423891369688325	92685000
chr3	92690000	92700000	0.844851154215947	92695000
chr3	92700000	92710000	1.2161977334542393	92705000
chr3	92710000	92720000	1.3976909289528112	92715000
chr3	92720000	92730000	1.9991828508505185	92725000
chr3	92730000	92740000	1.564619833086564	92735000
chr3	92740000	92750000	1.4493066377995507	92745000
chr3	92750000	92760000	5.051421320000612	92755000
chr3	92760000	92770000	3.1508244974104915	92765000
chr3	92770000	92780000	2.329220668149584	92775000
chr3	92780000	92790000	1.9623685740449925	92785000
chr3	92790000	92800000	2.330440073845179	92795000
chr3	92800000	92810000	4.174838178120117	92805000
chr3	92810000	92820000	2.205374027506649	92815000
chr3	92820000	92830000	2.3081088516063297	92825000
chr3	92830000	92840000	3.2090951946571833	92835000
chr3	92840000	92850000	5.220369129425251	92845000
chr3	92850000	92860000	3.882388439804669	92855000
chr3	92860000	92870000	1.6909899404828315	92865000
chr3	92870000	92880000	3.687308776600921	92875000
chr3	92880000	92890000	3.541488882012935	92885000
chr3	92890000	92900000	7.178977775394577	92895000
chr3	92900000	92910000	4.192050443687755	92905000
chr3	92910000	92920000	3.172881257263083	92915000
chr3	92920000	92930000	4.644730263513714	92925000
chr3	92930000	92940000	5.8695038911438315	92935000
chr3	92940000	92950000	3.534589858188069	92945000
chr3	92950000	92960000	3.5458536813309856	92955000
chr3	92960000	92970000	10.24118394710478	92965000
chr3	92970000	92980000	1.4396413759101563	92975000
chr3	92980000	92990000	0.49070699353010666	92985000
chr3	92990000	93000000	1.5271698805591618	92995000
chr3	93000000	93010000	1.7074835389048828	93005000
chr3	93010000	93020000	1.7139921482613358	93015000
chr3	93020000	93030000	2.0681193208467983	93025000
chr3	93030000	93040000	1.7238583061360622	93035000
chr3	93040000	93050000	1.587850282897558	93045000
chr3	93050000	93060000	1.3553333852773441	93055000
chr3	93060000	93070000	2.0143289830291478	93065000
chr3	93070000	93080000	1.5450580473228726	93075000
chr3	93080000	93090000	1.3008985179791357	93085000
chr3	93090000	93100000	1.739800692467295	93095000
chr3	93100000	93110000	3.179088236888641	93105000
chr3	93110000	93120000	1.934978108481353	93115000
chr3	93120000	93130000	0.9895621648083477	93125000
chr3	93130000	93140000	1.0132324481917678	93135000
chr3	93140000	93150000	1.6101324593028343	93145000
chr3	93150000	93160000	0.9960200538213635	93155000
chr3	93160000	93170000	1.108313353421437	93165000
chr3	93170000	93180000	1.3450426830719375	93175000
chr3	93180000	93190000	0.6243332129114458	93185000
chr3	93190000	93200000	0.9964069839280582	93195000
chr3	93200000	93210000	1.420685769177315	93205000
chr3	93210000	93220000	1.498092166621501	93215000
chr3	93220000	93230000	1.4022634042953446	93225000
chr3	93230000	93240000	2.804020582344902	93235000
chr3	93240000	93250000	1.4811897503167937	93245000
chr3	93250000	93260000	0.8457466385965677	93255000
chr3	93260000	93270000	0.9860361676677103	93265000
chr3	93270000	93280000	0.9156117835094664	93275000
chr3	93280000	93290000	1.1923438926015228	93285000
chr3	93290000	93300000	1.5750007977432712	93295000
chr3	93300000	93310000	1.1125072772611937	93305000
chr3	93310000	93320000	0.740221478043284	93315000
chr3	93320000	93330000	0.46245500900016484	93325000
chr3	93330000	93340000	1.189682316184257	93335000
chr3	93340000	93350000	1.3642655889118072	93345000
chr3	93350000	93360000	1.0587844875806351	93355000
chr3	93360000	93370000	8.693377947159568	93365000
chr3	93370000	93380000	1.7517345037010028	93375000
chr3	93380000	93390000	7.372897500644921	93385000
chr3	93390000	93400000	3.3988709958132137	93395000
chr3	93400000	93410000	4.2654164302719035	93405000
chr3	93410000	93420000	3.732031318295473	93415000
chr3	93420000	93430000	3.2508024687553356	93425000
chr3	93430000	93440000	2.6826584734336736	93435000
chr3	93440000	93450000	1.4191901320241385	93445000
chr3	93450000	93460000	2.135795439377929	93455000
chr3	93460000	93470000	2.003659831944669	93465000
chr3	93470000	93480000	3.231790430523765	93475000
chr3	93480000	93490000	2.6383956121457817	93485000
chr3	93490000	93500000	2.4232836637647086	93495000
chr3	93500000	93510000	2.5587319137452855	93505000
chr3	93510000	93520000	3.0819692064036475	93515000
chr3	93520000	93530000	2.811253231427269	93525000
chr3	93530000	93540000	2.729461679409064	93535000
chr3	93540000	93550000	5.172329375684286	93545000
chr3	93550000	93560000	2.8582071219594667	93555000
chr3	93560000	93570000	2.9069180486667037	93565000
chr3	93570000	93580000	2.2089879165856927	93575000
chr3	93580000	93590000	2.95536412450266	93585000
chr3	93590000	93600000	3.1365159935371523	93595000
chr3	93600000	93610000	4.277551536985515	93605000
chr3	93610000	93620000	3.7074377182268794	93615000
chr3	93620000	93630000	4.307203797773682	93625000
chr3	93630000	93640000	3.9678252508253475	93635000
chr3	93640000	93650000	3.263331493959553	93645000
chr3	93650000	93660000	4.743283156398791	93655000
chr3	93660000	93670000	5.304148361641188	93665000
chr3	93670000	93680000	5.048066960087203	93675000
chr3	93680000	93690000	3.6956575624582233	93685000
chr3	93690000	93700000	3.9170580898453	93695000
chr3	93700000	93710000	4.14590490692019	93705000
chr3	93710000	93720000	2.8605513882500015	93715000
chr3	93720000	93730000	1.7900711051515221	93725000
chr3	93730000	93740000	4.0714687606009266	93735000
chr3	93740000	93750000	2.5507361052311612	93745000
chr3	93750000	93760000	5.460850161845033	93755000
chr3	93760000	93770000	5.23402322346085	93765000
chr3	93770000	93780000	6.529835261429165	93775000
chr3	93780000	93790000	11.319428140149066	93785000
chr3	93790000	93800000	3.47382890936513	93795000
chr3	93800000	93810000	2.7385808336705817	93805000
chr3	93810000	93820000	1.8337780577789033	93815000
chr3	93820000	93830000	1.3849244244181724	93825000
chr3	93830000	93840000	3.7226930290861553	93835000
chr3	93840000	93850000	10.307282978134927	93845000
chr3	93850000	93860000	2.30004790969396	93855000
chr3	93860000	93870000	2.4651236704663413	93865000
chr3	93870000	93880000	5.940952739170778	93875000
chr3	93880000	93890000	3.0348277805312733	93885000
chr3	93890000	93900000	2.0976420237918068	93895000
chr3	93900000	93910000	1.6243303725757874	93905000
chr3	93910000	93920000	3.394119721795096	93915000
chr3	93920000	93930000	1.8750873975561388	93925000
chr3	93930000	93940000	1.8903163761869544	93935000
chr3	93940000	93950000	1.370822953590533	93945000
chr3	93950000	93960000	1.0983291318296609	93955000
chr3	93960000	93970000	0.35253213740105505	93965000
chr3	93970000	93980000	1.0459302352325703	93975000
chr3	93980000	93990000	1.1546494069528388	93985000
chr3	93990000	94000000	1.1019944956094836	93995000
chr3	94000000	94010000	1.6165680531047517	94005000
chr3	94010000	94020000	4.931616227085319	94015000
chr3	94020000	94030000	0.5330539507305194	94025000
chr3	94030000	94040000	0.3737478190575847	94035000
chr3	94040000	94050000	0.5803181861705766	94045000
chr3	94050000	94060000	0.5549592718360032	94055000
chr3	94060000	94070000	0.6975354169863653	94065000
chr3	94070000	94080000	0.597771992094519	94075000
chr3	94080000	94090000	1.0464317175037243	94085000
chr3	94090000	94100000	1.2077471973053	94095000
chr3	94100000	94110000	1.4068913831908854	94105000
chr3	94110000	94120000	3.157812783055029	94115000
chr3	94120000	94130000	6.9932938200814805	94125000
chr3	94130000	94140000	1.3309340700403987	94135000
chr3	94140000	94150000	0.6652086242491182	94145000
chr3	94150000	94160000	1.3130146530249032	94155000
chr3	94160000	94170000	2.6520834888260767	94165000
chr3	94170000	94180000	2.3050749632673098	94175000
chr3	94180000	94190000	3.0362657317208996	94185000
chr3	94190000	94200000	3.416285673239623	94195000
chr3	94200000	94210000	7.313178121903142	94205000
chr3	94210000	94220000	6.97610103460428	94215000
chr3	94220000	94230000	4.773599272411307	94225000
chr3	94230000	94240000	12.101945683247315	94235000
chr3	94240000	94250000	3.9489747760390608	94245000
chr3	94250000	94260000	2.190300017472049	94255000
chr3	94260000	94270000	2.739134191461213	94265000
chr3	94270000	94280000	3.625193877491121	94275000
chr3	94280000	94290000	3.11841625921324	94285000
chr3	94290000	94300000	3.5131773659211216	94295000
chr3	94300000	94310000	10.152990144474485	94305000
chr3	94310000	94320000	6.122089892470903	94315000
chr3	94320000	94330000	3.5059018285449697	94325000
chr3	94330000	94340000	2.7503501557288073	94335000
chr3	94340000	94350000	11.104022687738151	94345000
chr3	94350000	94360000	5.55015456435724	94355000
chr3	94360000	94370000	6.1346024529328735	94365000
chr3	94370000	94380000	4.2009993417028575	94375000
chr3	94380000	94390000	3.9451281542638137	94385000
chr3	94390000	94400000	7.0717091797466045	94395000
chr3	94400000	94410000	5.655728313736092	94405000
chr3	94410000	94420000	5.148951773082737	94415000
chr3	94420000	94430000	13.2850262917449	94425000
chr3	94430000	94440000	11.080345170361536	94435000
chr3	94440000	94450000	6.633161949172792	94445000
chr3	94450000	94460000	4.3590757360646935	94455000
chr3	94460000	94470000	4.203406591102264	94465000
chr3	94470000	94480000	4.3292377500955235	94475000
chr3	94480000	94490000	4.3029304061816624	94485000
chr3	94490000	94500000	2.7435509847415163	94495000
chr3	94500000	94510000	3.7030379685882826	94505000
chr3	94510000	94520000	3.4187708663788148	94515000
chr3	94520000	94530000	3.003676945399415	94525000
chr3	94530000	94540000	3.4870226402100024	94535000
chr3	94540000	94550000	4.414080448501946	94545000
chr3	94550000	94560000	4.3908949973292355	94555000
chr3	94560000	94570000	4.0582935523764485	94565000
chr3	94570000	94580000	3.315007828291405	94575000
chr3	94580000	94590000	3.5324793855540455	94585000
chr3	94590000	94600000	1.120435472211545	94595000
chr3	94600000	94610000	1.698243050430627	94605000
chr3	94610000	94620000	10.515929756838597	94615000
chr3	94620000	94630000	3.6101704326853534	94625000
chr3	94630000	94640000	1.882796300491909	94635000
chr3	94640000	94650000	2.5661632425841137	94645000
chr3	94650000	94660000	2.739686742426922	94655000
chr3	94660000	94670000	5.8590940309314075	94665000
chr3	94670000	94680000	13.378192547231945	94675000
chr3	94680000	94690000	7.3295355080238345	94685000
chr3	94690000	94700000	4.3779519405436345	94695000
chr3	94700000	94710000	3.4230391727531724	94705000
chr3	94710000	94720000	2.1041087803670773	94715000
chr3	94720000	94730000	4.024457132575368	94725000
chr3	94730000	94740000	3.138461788298425	94735000
chr3	94740000	94750000	4.092184979047797	94745000
chr3	94750000	94760000	4.663666467752875	94755000
chr3	94760000	94770000	4.043589139781089	94765000
chr3	94770000	94780000	3.0871473136049494	94775000
chr3	94780000	94790000	2.8295386182852207	94785000
chr3	94790000	94800000	3.749743813766626	94795000
chr3	94800000	94810000	2.4042410659708846	94805000
chr3	94810000	94820000	2.7994680247316404	94815000
chr3	94820000	94830000	2.7389432073855957	94825000
chr3	94830000	94840000	1.8131605375275792	94835000
chr3	94840000	94850000	2.9152589562027402	94845000
chr3	94850000	94860000	8.967363054726444	94855000
chr3	94860000	94870000	8.591240129097976	94865000
chr3	94870000	94880000	10.05437799618562	94875000
chr3	94880000	94890000	5.700959693969452	94885000
chr3	94890000	94900000	2.644410491055272	94895000
chr3	94900000	94910000	3.2745276524017832	94905000
chr3	94910000	94920000	11.22999342977358	94915000
chr3	94920000	94930000	3.8655596035625144	94925000
chr3	94930000	94940000	5.034621612417857	94935000
chr3	94940000	94950000	2.453131445631765	94945000
chr3	94950000	94960000	2.128709861996739	94955000
chr3	94960000	94970000	2.5175861809315463	94965000
chr3	94970000	94980000	7.5719436200309485	94975000
chr3	94980000	94990000	9.229289016649204	94985000
chr3	94990000	95000000	2.332478157360972	94995000
chr3	95000000	95010000	2.3766157900376217	95005000
chr3	95010000	95020000	2.034591324422126	95015000
chr3	95020000	95030000	2.0846700324927276	95025000
chr3	95030000	95040000	1.5501018222894638	95035000
chr3	95040000	95050000	2.5881681471165705	95045000
chr3	95050000	95060000	16.065723354303053	95055000
chr3	95060000	95070000	8.31044282162492	95065000
chr3	95070000	95080000	13.999758919976982	95075000
chr3	95080000	95090000	14.415288144388068	95085000
chr3	95090000	95100000	9.47818562343583	95095000
chr3	95100000	95110000	3.5195148852213247	95105000
chr3	95110000	95120000	1.555742814662817	95115000
chr3	95120000	95130000	2.114364513782119	95125000
chr3	95130000	95140000	1.0687551969311975	95135000
chr3	95140000	95150000	3.387676349268478	95145000
chr3	95150000	95160000	6.6851219775874196	95155000
chr3	95160000	95170000	2.170915304731317	95165000
chr3	95170000	95180000	2.9648280390269894	95175000
chr3	95180000	95190000	1.7367370660173376	95185000
chr3	95190000	95200000	2.297823759308426	95195000
chr3	95200000	95210000	3.2435445739253357	95205000
chr3	95210000	95220000	7.721848088262997	95215000
chr3	95220000	95230000	10.509139591889928	95225000
chr3	95230000	95240000	1.5834346508029662	95235000
chr3	95240000	95250000	1.6370266099275668	95245000
chr3	95250000	95260000	3.017432946921808	95255000
chr3	95260000	95270000	9.715984587862255	95265000
chr3	95270000	95280000	26.40796330186474	95275000
chr3	95280000	95290000	11.706000612540553	95285000
chr3	95290000	95300000	10.637522594062087	95295000
chr3	95300000	95310000	10.050799190788846	95305000
chr3	95310000	95320000	12.09230490843625	95315000
chr3	95320000	95330000	5.196866889243857	95325000
chr3	95330000	95340000	5.249088457266056	95335000
chr3	95340000	95350000	5.566094861532948	95345000
chr3	95350000	95360000	4.6736147731546405	95355000
chr3	95360000	95370000	5.478786794574277	95365000
chr3	95370000	95380000	6.031739902366374	95375000
chr3	95380000	95390000	2.9292466211134855	95385000
chr3	95390000	95400000	9.774752753499882	95395000
chr3	95400000	95410000	5.200389208124102	95405000
chr3	95410000	95420000	7.907780153607623	95415000
chr3	95420000	95430000	9.357285320320267	95425000
chr3	95430000	95440000	8.835130078091565	95435000
chr3	95440000	95450000	6.401925464043324	95445000
chr3	95450000	95460000	8.598003962408189	95455000
chr3	95460000	95470000	7.079438614119819	95465000
chr3	95470000	95480000	9.187209076668958	95475000
chr3	95480000	95490000	6.054624278667014	95485000
chr3	95490000	95500000	11.699154411728484	95495000
chr3	95500000	95510000	8.406954798156162	95505000
chr3	95510000	95520000	6.572353935930304	95515000
chr3	95520000	95530000	21.502173092124366	95525000
chr3	95530000	95540000	7.5311407494052265	95535000
chr3	95540000	95550000	7.913952837697552	95545000
chr3	95550000	95560000	7.9120945942146585	95555000
chr3	95560000	95570000	15.400395210333004	95565000
chr3	95570000	95580000	8.626583663597629	95575000
chr3	95580000	95590000	4.036301891550907	95585000
chr3	95590000	95600000	5.503602578586187	95595000
chr3	95600000	95610000	4.037966698299059	95605000
chr3	95610000	95620000	4.930031909783843	95615000
chr3	95620000	95630000	5.367955277826523	95625000
chr3	95630000	95640000	7.418062644274615	95635000
chr3	95640000	95650000	3.882985355038624	95645000
chr3	95650000	95660000	2.8444115776631267	95655000
chr3	95660000	95670000	3.858336361131924	95665000
chr3	95670000	95680000	3.45829992133607	95675000
chr3	95680000	95690000	1.5907641061302387	95685000
chr3	95690000	95700000	2.581048196976897	95695000
chr3	95700000	95710000	2.6773819043225107	95705000
chr3	95710000	95720000	2.784478747745401	95715000
chr3	95720000	95730000	1.8287197963993063	95725000
chr3	95730000	95740000	2.9566783411509143	95735000
chr3	95740000	95750000	3.2988175256529306	95745000
chr3	95750000	95760000	4.154622545552799	95755000
chr3	95760000	95770000	7.232847023848258	95765000
chr3	95770000	95780000	3.7486856476923527	95775000
chr3	95780000	95790000	4.467566876504508	95785000
chr3	95790000	95800000	5.456355589862461	95795000
chr3	95800000	95810000	23.207507896167346	95805000
chr3	95810000	95820000	5.374467614904144	95815000
chr3	95820000	95830000	3.047660620290244	95825000
chr3	95830000	95840000	10.501298106469626	95835000
chr3	95840000	95850000	8.31092874786149	95845000
chr3	95850000	95860000	4.122491273957848	95855000
chr3	95860000	95870000	2.460978252210261	95865000
chr3	95870000	95880000	1.5781364690579223	95875000
chr3	95880000	95890000	3.0966235995212372	95885000
chr3	95890000	95900000	20.668619724169254	95895000
chr3	95900000	95910000	2.9306113214597547	95905000
chr3	95910000	95920000	4.172263638332478	95915000
chr3	95920000	95930000	18.974507436347846	95925000
chr3	95930000	95940000	4.5974208278917885	95935000
chr3	95940000	95950000	4.2280835931785665	95945000
chr3	95950000	95960000	4.758635757086684	95955000
chr3	95960000	95970000	12.91687840670252	95965000
chr3	95970000	95980000	2.9136070225053716	95975000
chr3	95980000	95990000	4.955441183850294	95985000
chr3	95990000	96000000	4.047561311345726	95995000
chr3	96000000	96010000	6.88377015148964	96005000
chr3	96010000	96020000	13.162287185829303	96015000
chr3	96020000	96030000	8.763578193278676	96025000
chr3	96030000	96040000	7.1575265172523705	96035000
chr3	96040000	96050000	11.86399500879653	96045000
chr3	96050000	96060000	4.263262933588261	96055000
chr3	96060000	96070000	3.6084892231017656	96065000
chr3	96070000	96080000	4.166732140588132	96075000
chr3	96080000	96090000	6.714968966684291	96085000
chr3	96090000	96100000	4.514894212720938	96095000
chr3	96100000	96110000	6.482228481432703	96105000
chr3	96110000	96120000	4.743905694137341	96115000
chr3	96120000	96130000	4.469456467753085	96125000
chr3	96130000	96140000	7.5959001175619365	96135000
chr3	96140000	96150000	11.936997613547634	96145000
chr3	96150000	96160000	7.227865657880849	96155000
chr3	96160000	96170000	7.52457544919974	96165000
chr3	96170000	96180000	5.176215023821743	96175000
chr3	96180000	96190000	4.565946704365928	96185000
chr3	96190000	96200000	4.421985830028481	96195000
chr3	96200000	96210000	7.129005504149033	96205000
chr3	96210000	96220000	13.135604679399028	96215000
chr3	96220000	96230000	8.91935478316391	96225000
chr3	96230000	96240000	3.1147358017111	96235000
chr3	96240000	96250000	1.8556322054602437	96245000
chr3	96250000	96260000	2.491061088114138	96255000
chr3	96260000	96270000	2.825350922200548	96265000
chr3	96270000	96280000	4.199471758120322	96275000
chr3	96280000	96290000	2.936683816745291	96285000
chr3	96290000	96300000	2.620015044399715	96295000
chr3	96300000	96310000	2.5836680697687475	96305000
chr3	96310000	96320000	10.016747274066343	96315000
chr3	96320000	96330000	3.461381432893883	96325000
chr3	96330000	96340000	2.0180335985744104	96335000
chr3	96340000	96350000	2.0613919473303333	96345000
chr3	96350000	96360000	3.567374489460103	96355000
chr3	96360000	96370000	12.390586429275338	96365000
chr3	96370000	96380000	1.498897029322566	96375000
chr3	96380000	96390000	0.7549301731270238	96385000
chr3	96390000	96400000	1.1032744880095997	96395000
chr3	96400000	96410000	4.7357853815219055	96405000
chr3	96410000	96420000	4.164298247260664	96415000
chr3	96420000	96430000	2.6384861081068567	96425000
chr3	96430000	96440000	5.028882139661157	96435000
chr3	96440000	96450000	6.853098477688586	96445000
chr3	96450000	96460000	2.4221533588648523	96455000
chr3	96460000	96470000	3.3674480024814195	96465000
chr3	96470000	96480000	2.0039604221805347	96475000
chr3	96480000	96490000	3.2747709501122992	96485000
chr3	96490000	96500000	2.141810431908417	96495000
chr3	96500000	96510000	2.4789191043484045	96505000
chr3	96510000	96520000	3.0467664467531956	96515000
chr3	96520000	96530000	4.78704701991994	96525000
chr3	96530000	96540000	3.7952631193454742	96535000
chr3	96540000	96550000	2.9933780186632593	96545000
chr3	96550000	96560000	3.9509385469575626	96555000
chr3	96560000	96570000	5.884400108279687	96565000
chr3	96570000	96580000	1.4549485434226879	96575000
chr3	96580000	96590000	2.7903276083450272	96585000
chr3	96590000	96600000	2.636138172514083	96595000
chr3	96600000	96610000	5.252573169857021	96605000
chr3	96610000	96620000	3.9657135524950373	96615000
chr3	96620000	96630000	5.071477944626979	96625000
chr3	96630000	96640000	2.6170351972553334	96635000
chr3	96640000	96650000	4.618754447820914	96645000
chr3	96650000	96660000	8.93927278506277	96655000
chr3	96660000	96670000	6.66093375776543	96665000
chr3	96670000	96680000	6.819724311468982	96675000
chr3	96680000	96690000	1.2523158627794932	96685000
chr3	96690000	96700000	1.660051024943299	96695000
chr3	96700000	96710000	3.4348332500822853	96705000
chr3	96710000	96720000	6.729046741608893	96715000
chr3	96720000	96730000	5.431217668834545	96725000
chr3	96730000	96740000	1.9488974190838457	96735000
chr3	96740000	96750000	1.2222879072014001	96745000
chr3	96750000	96760000	2.037201175414193	96755000
chr3	96760000	96770000	2.702914320774224	96765000
chr3	96770000	96780000	3.3303098751102267	96775000
chr3	96780000	96790000	5.751253954543189	96785000
chr3	96790000	96800000	4.1951909595864185	96795000
chr3	96800000	96810000	7.220230841160061	96805000
chr3	96810000	96820000	10.535591604648005	96815000
chr3	96820000	96830000	5.982756807803953	96825000
chr3	96830000	96840000	15.287759729496115	96835000
chr3	96840000	96850000	8.994517849194741	96845000
chr3	96850000	96860000	20.738219219975587	96855000
chr3	96860000	96870000	9.927366825639062	96865000
chr3	96870000	96880000	8.029973898318136	96875000
chr3	96880000	96890000	9.908669830304431	96885000
chr3	96890000	96900000	3.762462021082265	96895000
chr3	96900000	96910000	5.468094674301417	96905000
chr3	96910000	96920000	3.4569149692911965	96915000
chr3	96920000	96930000	3.8406075728568485	96925000
chr3	96930000	96940000	6.025328834767886	96935000
chr3	96940000	96950000	6.037073371539841	96945000
chr3	96950000	96960000	1.4230382058041184	96955000
chr3	96960000	96970000	2.2845319929590278	96965000
chr3	96970000	96980000	4.003082769559522	96975000
chr3	96980000	96990000	7.666291761612241	96985000
chr3	96990000	97000000	3.1945844164872947	96995000
chr3	97000000	97010000	4.680378445053428	97005000
chr3	97010000	97020000	3.587833433250231	97015000
chr3	97020000	97030000	2.8907571969855477	97025000
chr3	97030000	97040000	9.499966663435764	97035000
chr3	97040000	97050000	6.0524773916323324	97045000
chr3	97050000	97060000	5.909890268481606	97055000
chr3	97060000	97070000	6.964010797244686	97065000
chr3	97070000	97080000	12.881157732606129	97075000
chr3	97080000	97090000	21.803264587465048	97085000
chr3	97090000	97100000	5.553039193239469	97095000
chr3	97100000	97110000	7.909551752277443	97105000
chr3	97110000	97120000	6.286905452913807	97115000
chr3	97120000	97130000	3.0151375350023204	97125000
chr3	97130000	97140000	2.994805498518899	97135000
chr3	97140000	97150000	2.0641662804654684	97145000
chr3	97150000	97160000	3.906830700783428	97155000
chr3	97160000	97170000	4.7189701968710205	97165000
chr3	97170000	97180000	5.3454034884958395	97175000
chr3	97180000	97190000	8.008551264761968	97185000
chr3	97190000	97200000	3.6875540243852565	97195000
chr3	97200000	97210000	6.87119510884682	97205000
chr3	97210000	97220000	9.856209486977729	97215000
chr3	97220000	97230000	1.6252373479523723	97225000
chr3	97230000	97240000	2.279950509188988	97235000
chr3	97240000	97250000	1.876832157737763	97245000
chr3	97250000	97260000	2.500764605023121	97255000
chr3	97260000	97270000	2.5995707544973463	97265000
chr3	97270000	97280000	2.0187825795382937	97275000
chr3	97280000	97290000	3.120952810905181	97285000
chr3	97290000	97300000	2.3946901807206507	97295000
chr3	97300000	97310000	2.971714993778674	97305000
chr3	97310000	97320000	2.916051435130068	97315000
chr3	97320000	97330000	5.509374847376152	97325000
chr3	97330000	97340000	1.923074679150521	97335000
chr3	97340000	97350000	3.9803104179321758	97345000
chr3	97350000	97360000	4.913772107433553	97355000
chr3	97360000	97370000	4.8181893909173015	97365000
chr3	97370000	97380000	4.510938163187925	97375000
chr3	97380000	97390000	7.135931296272241	97385000
chr3	97390000	97400000	4.8023478349346	97395000
chr3	97400000	97410000	3.818674116865455	97405000
chr3	97410000	97420000	5.242154964068331	97415000
chr3	97420000	97430000	7.398599469505303	97425000
chr3	97430000	97440000	8.28003263155899	97435000
chr3	97440000	97450000	8.055401592064003	97445000
chr3	97450000	97460000	2.6960228612926547	97455000
chr3	97460000	97470000	5.413397524613374	97465000
chr3	97470000	97480000	3.8130637246230723	97475000
chr3	97480000	97490000	3.7151061199614377	97485000
chr3	97490000	97500000	5.4261072406160205	97495000
chr3	97500000	97510000	3.883973005362181	97505000
chr3	97510000	97520000	3.0964677781281456	97515000
chr3	97520000	97530000	5.805972288204863	97525000
chr3	97530000	97540000	5.491165537643519	97535000
chr3	97540000	97550000	4.103782293604224	97545000
chr3	97550000	97560000	13.500262973032987	97555000
chr3	97560000	97570000	6.504012695592091	97565000
chr3	97570000	97580000	7.324285068987159	97575000
chr3	97580000	97590000	2.637555420185526	97585000
chr3	97590000	97600000	3.166706686998898	97595000
chr3	97600000	97610000	12.381199584572423	97605000
chr3	97610000	97620000	3.7691200406643723	97615000
chr3	97620000	97630000	2.430841292057455	97625000
chr3	97630000	97640000	2.579616238987924	97635000
chr3	97640000	97650000	2.7717688233211506	97645000
chr3	97650000	97660000	10.302850924502435	97655000
chr3	97660000	97670000	7.083586338042207	97665000
chr3	97670000	97680000	6.448210143221399	97675000
chr3	97680000	97690000	6.880009613745287	97685000
chr3	97690000	97700000	4.9984256486144005	97695000
chr3	97700000	97710000	5.706367257555168	97705000
chr3	97710000	97720000	7.07161467802687	97715000
chr3	97720000	97730000	4.568653573547328	97725000
chr3	97730000	97740000	3.615088999455966	97735000
chr3	97740000	97750000	6.604517085875656	97745000
chr3	97750000	97760000	9.874406081530037	97755000
chr3	97760000	97770000	13.501701967828039	97765000
chr3	97770000	97780000	9.113729517947599	97775000
chr3	97780000	97790000	12.998761438424113	97785000
chr3	97790000	97800000	10.38496968579575	97795000
chr3	97800000	97810000	20.568221978919077	97805000
chr3	97810000	97820000	11.31536708282248	97815000
chr3	97820000	97830000	17.90803117295609	97825000
chr3	97830000	97840000	17.472341988306127	97835000
chr3	97840000	97850000	9.325273619657391	97845000
chr3	97850000	97860000	4.603529529500861	97855000
chr3	97860000	97870000	3.7403873384007094	97865000
chr3	97870000	97880000	4.073725452540257	97875000
chr3	97880000	97890000	3.089528599029725	97885000
chr3	97890000	97900000	1.724979469815665	97895000
chr3	97900000	97910000	1.7428327798643444	97905000
chr3	97910000	97920000	2.0349858461147554	97915000
chr3	97920000	97930000	3.5790564924428603	97925000
chr3	97930000	97940000	2.773003811453196	97935000
chr3	97940000	97950000	4.351798513728435	97945000
chr3	97950000	97960000	1.6409008200755777	97955000
chr3	97960000	97970000	9.754317925641798	97965000
chr3	97970000	97980000	2.2470595997812737	97975000
chr3	97980000	97990000	3.392628220295918	97985000
chr3	97990000	98000000	6.1577861943107095	97995000
chr3	98000000	98010000	10.47187968686834	98005000
chr3	98010000	98020000	16.336761038971936	98015000
chr3	98020000	98030000	8.722295706109472	98025000
chr3	98030000	98040000	17.669040518307654	98035000
chr3	98040000	98050000	16.63177425584635	98045000
chr3	98050000	98060000	8.308935386582498	98055000
chr3	98060000	98070000	8.540579183822484	98065000
chr3	98070000	98080000	9.77337540229649	98075000
chr3	98080000	98090000	15.335436525467339	98085000
chr3	98090000	98100000	7.31654874144564	98095000
chr3	98100000	98110000	5.390420072486068	98105000
chr3	98110000	98120000	20.050057014541252	98115000
chr3	98120000	98130000	6.009379209662864	98125000
chr3	98130000	98140000	4.885699359434705	98135000
chr3	98140000	98150000	2.1204790628441037	98145000
chr3	98150000	98160000	14.31914270311551	98155000
chr3	98160000	98170000	6.816643349952599	98165000
chr3	98170000	98180000	7.136095475783984	98175000
chr3	98180000	98190000	4.101408562413368	98185000
chr3	98190000	98200000	5.976294083907162	98195000
chr3	98200000	98210000	10.551243469136196	98205000
chr3	98210000	98220000	7.3092735951133925	98215000
chr3	98220000	98230000	7.837102542187835	98225000
chr3	98230000	98240000	8.494593368244646	98235000
chr3	98240000	98250000	6.119169416266421	98245000
chr3	98250000	98260000	9.397499155825123	98255000
chr3	98260000	98270000	9.74560161774056	98265000
chr3	98270000	98280000	9.00407894164943	98275000
chr3	98280000	98290000	9.129806410167024	98285000
chr3	98290000	98300000	14.439193246040634	98295000
chr3	98300000	98310000	7.816315996972817	98305000
chr3	98310000	98320000	7.96427930804333	98315000
chr3	98320000	98330000	6.03621885921257	98325000
chr3	98330000	98340000	4.7763939957549955	98335000
chr3	98340000	98350000	6.326767319853438	98345000
chr3	98350000	98360000	4.421600501762448	98355000
chr3	98360000	98370000	8.711484260107227	98365000
chr3	98370000	98380000	9.993311406765088	98375000
chr3	98380000	98390000	8.13873618751409	98385000
chr3	98390000	98400000	6.75751476756881	98395000
chr3	98400000	98410000	9.630631237824641	98405000
chr3	98410000	98420000	5.655639594802921	98415000
chr3	98420000	98430000	10.717420045388847	98425000
chr3	98430000	98440000	9.094770304623161	98435000
chr3	98440000	98450000	8.235259349642108	98445000
chr3	98450000	98460000	11.377398745342628	98455000
chr3	98460000	98470000	9.439891349017318	98465000
chr3	98470000	98480000	8.383335960395389	98475000
chr3	98480000	98490000	9.161648995891861	98485000
chr3	98490000	98500000	6.694166172519768	98495000
chr3	98500000	98510000	9.450002746603309	98505000
chr3	98510000	98520000	8.45302094620105	98515000
chr3	98520000	98530000	7.329621749272095	98525000
chr3	98530000	98540000	8.781004798316685	98535000
chr3	98540000	98550000	18.86088039616612	98545000
chr3	98550000	98560000	6.1436951952748435	98555000
chr3	98560000	98570000	7.505545574525868	98565000
chr3	98570000	98580000	1.9086948798035466	98575000
chr3	98580000	98590000	2.466642437538024	98585000
chr3	98590000	98600000	6.857347590898244	98595000
chr3	98600000	98610000	5.464005561527671	98605000
chr3	98610000	98620000	6.409185938678497	98615000
chr3	98620000	98630000	14.714114860992144	98625000
chr3	98630000	98640000	10.67169103077895	98635000
chr3	98640000	98650000	8.0686488316213	98645000
chr3	98650000	98660000	5.915585425902662	98655000
chr3	98660000	98670000	5.695305876805898	98665000
chr3	98670000	98680000	5.988536742680964	98675000
chr3	98680000	98690000	7.075593176191271	98685000
chr3	98690000	98700000	8.70417714869159	98695000
chr3	98700000	98710000	4.589138455909189	98705000
chr3	98710000	98720000	7.8032900784658255	98715000
chr3	98720000	98730000	12.182723032842906	98725000
chr3	98730000	98740000	5.890452809858897	98735000
chr3	98740000	98750000	6.961957536102752	98745000
chr3	98750000	98760000	27.21047337218487	98755000
chr3	98760000	98770000	4.106908316447493	98765000
chr3	98770000	98780000	5.877050991055899	98775000
chr3	98780000	98790000	4.440722699747287	98785000
chr3	98790000	98800000	4.382651788816001	98795000
chr3	98800000	98810000	4.529966349838831	98805000
chr3	98810000	98820000	6.207022277353378	98815000
chr3	98820000	98830000	8.372766969064442	98825000
chr3	98830000	98840000	6.448830420107583	98835000
chr3	98840000	98850000	2.867076268854361	98845000
chr3	98850000	98860000	1.7990199983039306	98855000
chr3	98860000	98870000	1.1356297920952727	98865000
chr3	98870000	98880000	1.317770140274215	98875000
chr3	98880000	98890000	2.261266393244791	98885000
chr3	98890000	98900000	2.2299221315437294	98895000
chr3	98900000	98910000	6.506523789617402	98905000
chr3	98910000	98920000	3.2426039495334775	98915000
chr3	98920000	98930000	4.867838129118727	98925000
chr3	98930000	98940000	3.091756264109488	98935000
chr3	98940000	98950000	5.6040549052325925	98945000
chr3	98950000	98960000	4.819973040735983	98955000
chr3	98960000	98970000	2.655688764187914	98965000
chr3	98970000	98980000	2.8670445062806023	98975000
chr3	98980000	98990000	21.23442963543941	98985000
chr3	98990000	99000000	5.5745505204639025	98995000
chr3	99000000	99010000	7.196559822889838	99005000
chr3	99010000	99020000	6.357446750987973	99015000
chr3	99020000	99030000	6.233299838603758	99025000
chr3	99030000	99040000	3.1475567477911404	99035000
chr3	99040000	99050000	2.8773774306080395	99045000
chr3	99050000	99060000	6.932140074778442	99055000
chr3	99060000	99070000	16.75423563418762	99065000
chr3	99070000	99080000	4.913915298499256	99075000
chr3	99080000	99090000	4.325108306722711	99085000
chr3	99090000	99100000	12.670021283736737	99095000
chr3	99100000	99110000	3.351897540927661	99105000
chr3	99110000	99120000	6.386038637088781	99115000
chr3	99120000	99130000	6.829412594031743	99125000
chr3	99130000	99140000	15.351335082597746	99135000
chr3	99140000	99150000	7.815197869311089	99145000
chr3	99150000	99160000	8.688076818107174	99155000
chr3	99160000	99170000	9.836112308802903	99165000
chr3	99170000	99180000	5.465201831219015	99175000
chr3	99180000	99190000	3.254367331250523	99185000
chr3	99190000	99200000	9.903205248308879	99195000
chr3	99200000	99210000	6.185818116846911	99205000
chr3	99210000	99220000	6.260493017363587	99215000
chr3	99220000	99230000	5.483883455150811	99225000
chr3	99230000	99240000	7.011071142838212	99235000
chr3	99240000	99250000	6.9429461671702875	99245000
chr3	99250000	99260000	6.176072057836919	99255000
chr3	99260000	99270000	9.009650078784286	99265000
chr3	99270000	99280000	9.514196070719995	99275000
chr3	99280000	99290000	9.714533648638366	99285000
chr3	99290000	99300000	6.544224107059746	99295000
chr3	99300000	99310000	7.680776841408965	99305000
chr3	99310000	99320000	7.656492433628331	99315000
chr3	99320000	99330000	12.277723996500596	99325000
chr3	99330000	99340000	4.8722796364379946	99335000
chr3	99340000	99350000	8.890600233567685	99345000
chr3	99350000	99360000	6.798640657196865	99355000
chr3	99360000	99370000	4.15547182875856	99365000
chr3	99370000	99380000	4.721156911980012	99375000
chr3	99380000	99390000	4.733646697555575	99385000
chr3	99390000	99400000	4.128226249175507	99395000
chr3	99400000	99410000	3.2548394322066536	99405000
chr3	99410000	99420000	4.970591959128537	99415000
chr3	99420000	99430000	5.639322631294664	99425000
chr3	99430000	99440000	5.4996197525269	99435000
chr3	99440000	99450000	5.293617314516324	99445000
chr3	99450000	99460000	5.192184636796763	99455000
chr3	99460000	99470000	3.4709042877845873	99465000
chr3	99470000	99480000	5.689188464666814	99475000
chr3	99480000	99490000	2.8890439195315847	99485000
chr3	99490000	99500000	3.4799680060172946	99495000
chr3	99500000	99510000	8.414885666492639	99505000
chr3	99510000	99520000	11.107686429930313	99515000
chr3	99520000	99530000	5.829790168341756	99525000
chr3	99530000	99540000	5.230283752535353	99535000
chr3	99540000	99550000	4.24992929927301	99545000
chr3	99550000	99560000	5.289451677859336	99555000
chr3	99560000	99570000	3.2598003616745976	99565000
chr3	99570000	99580000	4.3608474605696035	99575000
chr3	99580000	99590000	4.926592580308354	99585000
chr3	99590000	99600000	10.859171798607013	99595000
chr3	99600000	99610000	5.622974193077278	99605000
chr3	99610000	99620000	2.440161329981496	99615000
chr3	99620000	99630000	6.44556032015943	99625000
chr3	99630000	99640000	5.7555782184125	99635000
chr3	99640000	99650000	4.9059797496994575	99645000
chr3	99650000	99660000	5.580516058286942	99655000
chr3	99660000	99670000	4.346769014110281	99665000
chr3	99670000	99680000	4.359178781665687	99675000
chr3	99680000	99690000	4.698662923858501	99685000
chr3	99690000	99700000	5.037584080205187	99695000
chr3	99700000	99710000	5.10624721818994	99705000
chr3	99710000	99720000	5.77115411563173	99715000
chr3	99720000	99730000	3.064163585846191	99725000
chr3	99730000	99740000	4.266860786134266	99735000
chr3	99740000	99750000	5.466876038962237	99745000
chr3	99750000	99760000	3.7802909478690054	99755000
chr3	99760000	99770000	2.2132156085321553	99765000
chr3	99770000	99780000	5.288941122022492	99775000
chr3	99780000	99790000	4.712737532568085	99785000
chr3	99790000	99800000	2.925418930172125	99795000
chr3	99800000	99810000	3.6471406776649666	99805000
chr3	99810000	99820000	12.205845834415356	99815000
chr3	99820000	99830000	5.030988777861318	99825000
chr3	99830000	99840000	5.253628372648365	99835000
chr3	99840000	99850000	4.813825711265822	99845000
chr3	99850000	99860000	4.439926917357338	99855000
chr3	99860000	99870000	6.000759348346144	99865000
chr3	99870000	99880000	5.649568309401825	99875000
chr3	99880000	99890000	3.7936915739431494	99885000
chr3	99890000	99900000	10.06683220932666	99895000
chr3	99900000	99910000	4.809261337076267	99905000
chr3	99910000	99920000	5.755572548379768	99915000
chr3	99920000	99930000	7.713354398173912	99925000
chr3	99930000	99940000	11.081877011411033	99935000
chr3	99940000	99950000	4.099616584330394	99945000
chr3	99950000	99960000	3.8865930244222167	99955000
chr3	99960000	99970000	3.730300480855888	99965000
chr3	99970000	99980000	8.650908270882416	99975000
chr3	99980000	99990000	5.652009004842363	99985000
chr3	99990000	100000000	4.639756425728688	99995000
chr3	100000000	100010000	4.627738077139254	100005000
chr3	100010000	100020000	2.7584362337603494	100015000
chr3	100020000	100030000	5.847240875375029	100025000
chr3	100030000	100040000	6.741475297268705	100035000
chr3	100040000	100050000	9.682783166652444	100045000
chr3	100050000	100060000	6.497190068862868	100055000
chr3	100060000	100070000	4.90896971830833	100065000
chr3	100070000	100080000	5.993615789839138	100075000
chr3	100080000	100090000	5.186610024000208	100085000
chr3	100090000	100100000	7.5156214611768615	100095000
chr3	100100000	100110000	4.667716193019172	100105000
chr3	100110000	100120000	5.867957790073734	100115000
chr3	100120000	100130000	4.006981685390841	100125000
chr3	100130000	100140000	3.564245685130121	100135000
chr3	100140000	100150000	4.3348073711628015	100145000
chr3	100150000	100160000	3.6288434242566243	100155000
chr3	100160000	100170000	10.347366198669128	100165000
chr3	100170000	100180000	14.559052232016196	100175000
chr3	100180000	100190000	4.46434837763451	100185000
chr3	100190000	100200000	4.841102578235389	100195000
chr3	100200000	100210000	8.32071918471885	100205000
chr3	100210000	100220000	20.002536296015588	100215000
chr3	100220000	100230000	6.760090517041934	100225000
chr3	100230000	100240000	8.623586558367123	100235000
chr3	100240000	100250000	5.811399062702105	100245000
chr3	100250000	100260000	6.233365584457204	100255000
chr3	100260000	100270000	3.763263166317538	100265000
chr3	100270000	100280000	3.76708705120416	100275000
chr3	100280000	100290000	3.39518849958965	100285000
chr3	100290000	100300000	3.4944181025727357	100295000
chr3	100300000	100310000	5.378095619706734	100305000
chr3	100310000	100320000	6.635674467803415	100315000
chr3	100320000	100330000	6.129937094726515	100325000
chr3	100330000	100340000	7.398037530502927	100335000
chr3	100340000	100350000	8.939408431388193	100345000
chr3	100350000	100360000	7.766248612977188	100355000
chr3	100360000	100370000	5.105048186874781	100365000
chr3	100370000	100380000	3.2125625176931	100375000
chr3	100380000	100390000	3.541036742070371	100385000
chr3	100390000	100400000	3.096812512353142	100395000
chr3	100400000	100410000	2.6346162012085257	100405000
chr3	100410000	100420000	3.2427443242977962	100415000
chr3	100420000	100430000	5.677976700224039	100425000
chr3	100430000	100440000	5.875583181728543	100435000
chr3	100440000	100450000	3.1648167276717594	100445000
chr3	100450000	100460000	4.234673075786781	100455000
chr3	100460000	100470000	4.625256351566297	100465000
chr3	100470000	100480000	5.243996832467835	100475000
chr3	100480000	100490000	7.758294490632458	100485000
chr3	100490000	100500000	6.516387002056445	100495000
chr3	100500000	100510000	4.819151836471598	100505000
chr3	100510000	100520000	6.06210356199982	100515000
chr3	100520000	100530000	5.529516313831711	100525000
chr3	100530000	100540000	7.0837122776083	100535000
chr3	100540000	100550000	5.397249800523376	100545000
chr3	100550000	100560000	9.45030803487093	100555000
chr3	100560000	100570000	8.259451841735478	100565000
chr3	100570000	100580000	6.332978065330703	100575000
chr3	100580000	100590000	7.986024580142767	100585000
chr3	100590000	100600000	10.547542142019305	100595000
chr3	100600000	100610000	11.13807646160155	100605000
chr3	100610000	100620000	9.624120702485554	100615000
chr3	100620000	100630000	7.423547781802796	100625000
chr3	100630000	100640000	3.9098411906456922	100635000
chr3	100640000	100650000	6.437781924361717	100645000
chr3	100650000	100660000	6.4135362228901	100655000
chr3	100660000	100670000	5.2114991168274996	100665000
chr3	100670000	100680000	5.646545878203899	100675000
chr3	100680000	100690000	7.0050337023136935	100685000
chr3	100690000	100700000	9.615646623720673	100695000
chr3	100700000	100710000	7.093842421828703	100705000
chr3	100710000	100720000	7.437564472278998	100715000
chr3	100720000	100730000	6.31598468092838	100725000
chr3	100730000	100740000	5.22455362131537	100735000
chr3	100740000	100750000	5.482916201451529	100745000
chr3	100750000	100760000	6.548577544002967	100755000
chr3	100760000	100770000	7.069620595138845	100765000
chr3	100770000	100780000	7.46519794486653	100775000
chr3	100780000	100790000	4.787883557497232	100785000
chr3	100790000	100800000	7.208507767254393	100795000
chr3	100800000	100810000	11.042812141515682	100805000
chr3	100810000	100820000	10.313163661647962	100815000
chr3	100820000	100830000	8.006935603646802	100825000
chr3	100830000	100840000	5.2813892751522395	100835000
chr3	100840000	100850000	3.897344485267958	100845000
chr3	100850000	100860000	2.994327999807705	100855000
chr3	100860000	100870000	3.696900728523905	100865000
chr3	100870000	100880000	3.888115683582951	100875000
chr3	100880000	100890000	2.0307963449228628	100885000
chr3	100890000	100900000	2.963643319592037	100895000
chr3	100900000	100910000	2.3342838740696474	100905000
chr3	100910000	100920000	6.594072748172378	100915000
chr3	100920000	100930000	3.2756066257051604	100925000
chr3	100930000	100940000	4.477485372355652	100935000
chr3	100940000	100950000	14.015459785726081	100945000
chr3	100950000	100960000	3.130779446056948	100955000
chr3	100960000	100970000	4.21263834880296	100965000
chr3	100970000	100980000	3.5843992829054927	100975000
chr3	100980000	100990000	3.444746142057606	100985000
chr3	100990000	101000000	3.8515057657255767	100995000
chr3	101000000	101010000	4.381820718430233	101005000
chr3	101010000	101020000	3.2312024472698084	101015000
chr3	101020000	101030000	5.2187902153933585	101025000
chr3	101030000	101040000	19.750578534613428	101035000
chr3	101040000	101050000	12.290248925537739	101045000
chr3	101050000	101060000	9.844224315887901	101055000
chr3	101060000	101070000	9.48551991126542	101065000
chr3	101070000	101080000	8.222738447101024	101075000
chr3	101080000	101090000	13.28122416780775	101085000
chr3	101090000	101100000	8.3546861098372	101095000
chr3	101100000	101110000	6.196907455501257	101105000
chr3	101110000	101120000	4.490024790853434	101115000
chr3	101120000	101130000	2.5336188016131715	101125000
chr3	101130000	101140000	5.401682128528086	101135000
chr3	101140000	101150000	4.871058953655579	101145000
chr3	101150000	101160000	11.827912719188816	101155000
chr3	101160000	101170000	14.261015739497957	101165000
chr3	101170000	101180000	7.362252991603905	101175000
chr3	101180000	101190000	16.634576052500638	101185000
chr3	101190000	101200000	3.228264924180933	101195000
chr3	101200000	101210000	3.254521593014619	101205000
chr3	101210000	101220000	4.06921949941167	101215000
chr3	101220000	101230000	4.684923150709752	101225000
chr3	101230000	101240000	6.453287175966112	101235000
chr3	101240000	101250000	6.238806178738564	101245000
chr3	101250000	101260000	5.456126111742049	101255000
chr3	101260000	101270000	9.230804325220374	101265000
chr3	101270000	101280000	15.57078424323848	101275000
chr3	101280000	101290000	10.048540245170697	101285000
chr3	101290000	101300000	5.228419006964402	101295000
chr3	101300000	101310000	8.207276215958617	101305000
chr3	101310000	101320000	5.053783511132024	101315000
chr3	101320000	101330000	6.897642214710666	101325000
chr3	101330000	101340000	7.880160999293201	101335000
chr3	101340000	101350000	8.226544599752721	101345000
chr3	101350000	101360000	12.790531168166032	101355000
chr3	101360000	101370000	9.101639883795288	101365000
chr3	101370000	101380000	13.598673466555907	101375000
chr3	101380000	101390000	3.1616266262147548	101385000
chr3	101390000	101400000	9.326009988125747	101395000
chr3	101400000	101410000	7.5047996882450905	101405000
chr3	101410000	101420000	5.915434638231571	101415000
chr3	101420000	101430000	6.874495031299475	101425000
chr3	101430000	101440000	5.985099203173966	101435000
chr3	101440000	101450000	7.990317604518317	101445000
chr3	101450000	101460000	7.295729487779736	101455000
chr3	101460000	101470000	11.261408193144655	101465000
chr3	101470000	101480000	6.359832959027376	101475000
chr3	101480000	101490000	7.320297695996641	101485000
chr3	101490000	101500000	5.592915849260787	101495000
chr3	101500000	101510000	5.606451199814942	101505000
chr3	101510000	101520000	5.567652026337672	101515000
chr3	101520000	101530000	4.950325506168245	101525000
chr3	101530000	101540000	6.032820558125359	101535000
chr3	101540000	101550000	2.0323843158371315	101545000
chr3	101550000	101560000	10.609691343227414	101555000
chr3	101560000	101570000	2.0968606660637397	101565000
chr3	101570000	101580000	2.01422753707386	101575000
chr3	101580000	101590000	3.0716367796891126	101585000
chr3	101590000	101600000	8.678267016282753	101595000
chr3	101600000	101610000	6.319474198333927	101605000
chr3	101610000	101620000	13.478667199443425	101615000
chr3	101620000	101630000	25.422713650913124	101625000
chr3	101630000	101640000	15.097506363735663	101635000
chr3	101640000	101650000	19.14677432297665	101645000
chr3	101650000	101660000	24.11274840840555	101655000
chr3	101660000	101670000	20.77927272885391	101665000
chr3	101670000	101680000	21.309081034666853	101675000
chr3	101680000	101690000	26.60367690849736	101685000
chr3	101690000	101700000	38.757403271628455	101695000
chr3	101700000	101710000	20.48766779522602	101705000
chr3	101710000	101720000	19.414947630900244	101715000
chr3	101720000	101730000	18.548259808103722	101725000
chr3	101730000	101740000	25.864999067141664	101735000
chr3	101740000	101750000	13.703943914387397	101745000
chr3	101750000	101760000	10.618526166568428	101755000
chr3	101760000	101770000	15.948699736894513	101765000
chr3	101770000	101780000	14.611663330515457	101775000
chr3	101780000	101790000	12.466960645051698	101785000
chr3	101790000	101800000	18.458937640892326	101795000
chr3	101800000	101810000	13.392867400386562	101805000
chr3	101810000	101820000	14.797770967915282	101815000
chr3	101820000	101830000	26.734801701856735	101825000
chr3	101830000	101840000	21.85948160154838	101835000
chr3	101840000	101850000	26.567066201314415	101845000
chr3	101850000	101860000	20.62712608591514	101855000
chr3	101860000	101870000	21.22323952183686	101865000
chr3	101870000	101880000	11.10889468586151	101875000
chr3	101880000	101890000	14.459307242879197	101885000
chr3	101890000	101900000	17.90849758139744	101895000
chr3	101900000	101910000	26.82342964949967	101905000
chr3	101910000	101920000	25.003167019085748	101915000
chr3	101920000	101930000	12.124649400948382	101925000
chr3	101930000	101940000	6.157029522416552	101935000
chr3	101940000	101950000	5.116807550656315	101945000
chr3	101950000	101960000	5.474440871552275	101955000
chr3	101960000	101970000	6.092744987400764	101965000
chr3	101970000	101980000	6.00308814206799	101975000
chr3	101980000	101990000	17.400623140437823	101985000
chr3	101990000	102000000	5.762110448849521	101995000
chr3	102000000	102010000	6.2696063058262474	102005000
chr3	102010000	102020000	7.789468900338751	102015000
chr3	102020000	102030000	6.723971520572918	102025000
chr3	102030000	102040000	5.6088549567769	102035000
chr3	102040000	102050000	5.814800552014517	102045000
chr3	102050000	102060000	4.827164511259516	102055000
chr3	102060000	102070000	6.818078496387417	102065000
chr3	102070000	102080000	18.627225649827146	102075000
chr3	102080000	102090000	7.799829687139512	102085000
chr3	102090000	102100000	12.536941302688618	102095000
chr3	102100000	102110000	12.533511032153058	102105000
chr3	102110000	102120000	9.868367743833605	102115000
chr3	102120000	102130000	8.348711080419193	102125000
chr3	102130000	102140000	8.83560904500511	102135000
chr3	102140000	102150000	10.598619792996493	102145000
chr3	102150000	102160000	15.734179795398072	102155000
chr3	102160000	102170000	13.18465377295063	102165000
chr3	102170000	102180000	22.23069800358452	102175000
chr3	102180000	102190000	15.273106777225374	102185000
chr3	102190000	102200000	17.485101989909648	102195000
chr3	102200000	102210000	12.066310365469604	102205000
chr3	102210000	102220000	15.633876075954081	102215000
chr3	102220000	102230000	24.660583436416175	102225000
chr3	102230000	102240000	11.240956894131282	102235000
chr3	102240000	102250000	6.200723783037974	102245000
chr3	102250000	102260000	7.1369686520033	102255000
chr3	102260000	102270000	9.025638847562904	102265000
chr3	102270000	102280000	19.040997823832967	102275000
chr3	102280000	102290000	13.426889706898857	102285000
chr3	102290000	102300000	17.859218576696264	102295000
chr3	102300000	102310000	10.092459353696063	102305000
chr3	102310000	102320000	7.034066810895985	102315000
chr3	102320000	102330000	8.071097925252399	102325000
chr3	102330000	102340000	12.104582898303443	102335000
chr3	102340000	102350000	9.047744949487946	102345000
chr3	102350000	102360000	14.074860805813248	102355000
chr3	102360000	102370000	8.083678232940041	102365000
chr3	102370000	102380000	11.564562391638969	102375000
chr3	102380000	102390000	7.15106766089482	102385000
chr3	102390000	102400000	5.584457485098619	102395000
chr3	102400000	102410000	7.204255216379197	102405000
chr3	102410000	102420000	6.776572961492811	102415000
chr3	102420000	102430000	5.908926035472659	102425000
chr3	102430000	102440000	6.650969709337562	102435000
chr3	102440000	102450000	6.986893981849176	102445000
chr3	102450000	102460000	6.071583121897286	102455000
chr3	102460000	102470000	11.223783082251876	102465000
chr3	102470000	102480000	23.010118077729988	102475000
chr3	102480000	102490000	24.262512995717163	102485000
chr3	102490000	102500000	11.329373145204343	102495000
chr3	102500000	102510000	8.406884563699375	102505000
chr3	102510000	102520000	10.496580076668705	102515000
chr3	102520000	102530000	10.138760674803844	102525000
chr3	102530000	102540000	7.269012935120596	102535000
chr3	102540000	102550000	5.9794466317023485	102545000
chr3	102550000	102560000	6.594826786572505	102555000
chr3	102560000	102570000	3.942490554981003	102565000
chr3	102570000	102580000	4.097434647908946	102575000
chr3	102580000	102590000	2.927629675734018	102585000
chr3	102590000	102600000	4.1360425992729555	102595000
chr3	102600000	102610000	6.8503095550286615	102605000
chr3	102610000	102620000	4.628718424839972	102615000
chr3	102620000	102630000	5.206596090812048	102625000
chr3	102630000	102640000	5.688828966481125	102635000
chr3	102640000	102650000	9.419919509848574	102645000
chr3	102650000	102660000	2.5793481196927206	102655000
chr3	102660000	102670000	4.1212645842831765	102665000
chr3	102670000	102680000	7.684439721487695	102675000
chr3	102680000	102690000	22.181334377912343	102685000
chr3	102690000	102700000	4.447784975260088	102695000
chr3	102700000	102710000	3.9268612052824374	102705000
chr3	102710000	102720000	5.286357334320371	102715000
chr3	102720000	102730000	6.581358377671847	102725000
chr3	102730000	102740000	5.282203224889143	102735000
chr3	102740000	102750000	14.803947751426422	102745000
chr3	102750000	102760000	8.661005624478431	102755000
chr3	102760000	102770000	8.447278502029674	102765000
chr3	102770000	102780000	11.16857853821157	102775000
chr3	102780000	102790000	9.474563045550052	102785000
chr3	102790000	102800000	18.883558200085766	102795000
chr3	102800000	102810000	27.74143429282875	102805000
chr3	102810000	102820000	15.217566283307217	102815000
chr3	102820000	102830000	14.552822985829591	102825000
chr3	102830000	102840000	12.447070012972024	102835000
chr3	102840000	102850000	7.937184459489445	102845000
chr3	102850000	102860000	6.975183000672846	102855000
chr3	102860000	102870000	6.67142261815391	102865000
chr3	102870000	102880000	5.200459892259658	102875000
chr3	102880000	102890000	5.987149135028355	102885000
chr3	102890000	102900000	5.2225747279863866	102895000
chr3	102900000	102910000	15.30968675375451	102905000
chr3	102910000	102920000	5.782286079689184	102915000
chr3	102920000	102930000	4.979436644168314	102925000
chr3	102930000	102940000	3.541714441852576	102935000
chr3	102940000	102950000	4.250751303155932	102945000
chr3	102950000	102960000	7.634315698926689	102955000
chr3	102960000	102970000	12.321193119515684	102965000
chr3	102970000	102980000	9.231006002204918	102975000
chr3	102980000	102990000	7.864808385655243	102985000
chr3	102990000	103000000	7.780736052433453	102995000
chr3	103000000	103010000	6.118111849388807	103005000
chr3	103010000	103020000	8.223570077979824	103015000
chr3	103020000	103030000	4.469452275139184	103025000
chr3	103030000	103040000	6.1444285734070005	103035000
chr3	103040000	103050000	19.61839040927212	103045000
chr3	103050000	103060000	10.04296878031749	103055000
chr3	103060000	103070000	5.894059803286715	103065000
chr3	103070000	103080000	6.3972237855004765	103075000
chr3	103080000	103090000	10.570379717367606	103085000
chr3	103090000	103100000	11.483725305867367	103095000
chr3	103100000	103110000	6.181098588986882	103105000
chr3	103110000	103120000	7.431423916068418	103115000
chr3	103120000	103130000	10.12792520475572	103125000
chr3	103130000	103140000	13.171395936404116	103135000
chr3	103140000	103150000	6.49897408349319	103145000
chr3	103150000	103160000	9.664447286937765	103155000
chr3	103160000	103170000	8.782158487599297	103165000
chr3	103170000	103180000	31.385135624757435	103175000
chr3	103180000	103190000	11.970925300587744	103185000
chr3	103190000	103200000	13.53220474703225	103195000
chr3	103200000	103210000	46.76121560916355	103205000
chr3	103210000	103220000	37.528333822007596	103215000
chr3	103220000	103230000	30.835407046413298	103225000
chr3	103230000	103240000	20.286630464842787	103235000
chr3	103240000	103250000	14.189636930780194	103245000
chr3	103250000	103260000	15.767717815340337	103255000
chr3	103260000	103270000	15.72941588023278	103265000
chr3	103270000	103280000	32.083036987750326	103275000
chr3	103280000	103290000	6.774691623463938	103285000
chr3	103290000	103300000	6.196055496083066	103295000
chr3	103300000	103310000	5.975665086588892	103305000
chr3	103310000	103320000	5.5913908127866385	103315000
chr3	103320000	103330000	3.392377104046216	103325000
chr3	103330000	103340000	5.745953337873275	103335000
chr3	103340000	103350000	5.573039472154842	103345000
chr3	103350000	103360000	3.8256626283573167	103355000
chr3	103360000	103370000	8.104504574816007	103365000
chr3	103370000	103380000	7.13337059653925	103375000
chr3	103380000	103390000	6.906775033940924	103385000
chr3	103390000	103400000	16.89199720069037	103395000
chr3	103400000	103410000	7.785257000326223	103405000
chr3	103410000	103420000	7.436773854517739	103415000
chr3	103420000	103430000	7.865456611269891	103425000
chr3	103430000	103440000	10.380561434791648	103435000
chr3	103440000	103450000	13.66693098059553	103445000
chr3	103450000	103460000	8.156244752275425	103455000
chr3	103460000	103470000	8.727173269056484	103465000
chr3	103470000	103480000	8.787431374116576	103475000
chr3	103480000	103490000	9.870471125969118	103485000
chr3	103490000	103500000	11.117419735245536	103495000
chr3	103500000	103510000	10.325173620262381	103505000
chr3	103510000	103520000	8.284340234604832	103515000
chr3	103520000	103530000	10.929781700080621	103525000
chr3	103530000	103540000	9.715073737430405	103535000
chr3	103540000	103550000	9.08111226941091	103545000
chr3	103550000	103560000	12.53483913936476	103555000
chr3	103560000	103570000	8.960044419027055	103565000
chr3	103570000	103580000	11.108860302153257	103575000
chr3	103580000	103590000	14.022591366745514	103585000
chr3	103590000	103600000	14.480811183025157	103595000
chr3	103600000	103610000	13.06714729271922	103605000
chr3	103610000	103620000	13.77304920412248	103615000
chr3	103620000	103630000	9.125430856141405	103625000
chr3	103630000	103640000	11.440977980852592	103635000
chr3	103640000	103650000	16.471799521133896	103645000
chr3	103650000	103660000	11.914378547209365	103655000
chr3	103660000	103670000	13.333021169795988	103665000
chr3	103670000	103680000	16.86511518748594	103675000
chr3	103680000	103690000	51.70807557946314	103685000
chr3	103690000	103700000	40.31017292038058	103695000
chr3	103700000	103710000	19.07432982589271	103705000
chr3	103710000	103720000	18.536521218015036	103715000
chr3	103720000	103730000	17.888360837015995	103725000
chr3	103730000	103740000	16.134919209908702	103735000
chr3	103740000	103750000	12.907878269840497	103745000
chr3	103750000	103760000	10.657634378235231	103755000
chr3	103760000	103770000	20.94348643851753	103765000
chr3	103770000	103780000	30.257986424874833	103775000
chr3	103780000	103790000	23.19618196988917	103785000
chr3	103790000	103800000	36.31431880989335	103795000
chr3	103800000	103810000	64.80127321951424	103805000
chr3	103810000	103820000	20.851105203967958	103815000
chr3	103820000	103830000	20.464033982753374	103825000
chr3	103830000	103840000	15.915966410894262	103835000
chr3	103840000	103850000	17.59998027297524	103845000
chr3	103850000	103860000	14.600825197721463	103855000
chr3	103860000	103870000	20.31920235257926	103865000
chr3	103870000	103880000	12.414034925513864	103875000
chr3	103880000	103890000	15.929761521923648	103885000
chr3	103890000	103900000	7.6618232957399455	103895000
chr3	103900000	103910000	13.03467350719607	103905000
chr3	103910000	103920000	19.166921608003463	103915000
chr3	103920000	103930000	11.488351192266306	103925000
chr3	103930000	103940000	17.194309566617644	103935000
chr3	103940000	103950000	11.07118949640929	103945000
chr3	103950000	103960000	12.81963677210582	103955000
chr3	103960000	103970000	8.746439302962637	103965000
chr3	103970000	103980000	8.649960439731322	103975000
chr3	103980000	103990000	7.521846180955916	103985000
chr3	103990000	104000000	9.245829954076957	103995000
chr3	104000000	104010000	7.695453307039874	104005000
chr3	104010000	104020000	8.97426186610005	104015000
chr3	104020000	104030000	7.114158268032106	104025000
chr3	104030000	104040000	7.79005462130704	104035000
chr3	104040000	104050000	6.416235227301749	104045000
chr3	104050000	104060000	7.716497928161897	104055000
chr3	104060000	104070000	6.52315041513507	104065000
chr3	104070000	104080000	4.149008955153796	104075000
chr3	104080000	104090000	10.415894070560407	104085000
chr3	104090000	104100000	11.073735522935895	104095000
chr3	104100000	104110000	12.100906679871699	104105000
chr3	104110000	104120000	7.542484709047905	104115000
chr3	104120000	104130000	5.469099343318045	104125000
chr3	104130000	104140000	6.671824853410058	104135000
chr3	104140000	104150000	3.6641901591231782	104145000
chr3	104150000	104160000	7.774970569000193	104155000
chr3	104160000	104170000	10.403715600272578	104165000
chr3	104170000	104180000	9.328727528760039	104175000
chr3	104180000	104190000	17.897294273520195	104185000
chr3	104190000	104200000	12.916138218414833	104195000
chr3	104200000	104210000	14.0729421893771	104205000
chr3	104210000	104220000	16.498074298569694	104215000
chr3	104220000	104230000	19.30045462973678	104225000
chr3	104230000	104240000	22.329117135635297	104235000
chr3	104240000	104250000	16.381758318872997	104245000
chr3	104250000	104260000	15.197991167060428	104255000
chr3	104260000	104270000	16.987317598166115	104265000
chr3	104270000	104280000	18.79579182404687	104275000
chr3	104280000	104290000	17.758993935298705	104285000
chr3	104290000	104300000	17.12655388959062	104295000
chr3	104300000	104310000	14.986482617649422	104305000
chr3	104310000	104320000	15.18372046088801	104315000
chr3	104320000	104330000	15.550647467939697	104325000
chr3	104330000	104340000	11.489537716521978	104335000
chr3	104340000	104350000	14.835982622421078	104345000
chr3	104350000	104360000	19.536899680490457	104355000
chr3	104360000	104370000	13.889235941311902	104365000
chr3	104370000	104380000	13.365546154738368	104375000
chr3	104380000	104390000	12.183464349537335	104385000
chr3	104390000	104400000	14.513730310075427	104395000
chr3	104400000	104410000	12.284451092177186	104405000
chr3	104410000	104420000	12.908615888426743	104415000
chr3	104420000	104430000	11.823098271156656	104425000
chr3	104430000	104440000	12.11506237185882	104435000
chr3	104440000	104450000	12.79388392435853	104445000
chr3	104450000	104460000	10.471756413006325	104455000
chr3	104460000	104470000	8.095427644425348	104465000
chr3	104470000	104480000	9.050372194128753	104475000
chr3	104480000	104490000	8.865266221185026	104485000
chr3	104490000	104500000	34.808792110657485	104495000
chr3	104500000	104510000	16.369992708234758	104505000
chr3	104510000	104520000	7.933754887694054	104515000
chr3	104520000	104530000	13.06707324491741	104525000
chr3	104530000	104540000	9.224832560167656	104535000
chr3	104540000	104550000	8.140727104447402	104545000
chr3	104550000	104560000	6.348184598357729	104555000
chr3	104560000	104570000	10.615149853648173	104565000
chr3	104570000	104580000	13.961924133401286	104575000
chr3	104580000	104590000	6.43975781341612	104585000
chr3	104590000	104600000	4.1600192907321345	104595000
chr3	104600000	104610000	8.631857619786194	104605000
chr3	104610000	104620000	6.892817455156089	104615000
chr3	104620000	104630000	9.774097626565863	104625000
chr3	104630000	104640000	15.345025161499487	104635000
chr3	104640000	104650000	7.107051151068243	104645000
chr3	104650000	104660000	5.295710830273008	104655000
chr3	104660000	104670000	4.162250637899316	104665000
chr3	104670000	104680000	3.856600805609885	104675000
chr3	104680000	104690000	7.144079647007015	104685000
chr3	104690000	104700000	23.146323817365722	104695000
chr3	104700000	104710000	27.421351337244655	104705000
chr3	104710000	104720000	33.903411397127115	104715000
chr3	104720000	104730000	22.23809847662565	104725000
chr3	104730000	104740000	20.78070896722914	104735000
chr3	104740000	104750000	16.608532982452125	104745000
chr3	104750000	104760000	15.534827672724873	104755000
chr3	104760000	104770000	18.353199587466612	104765000
chr3	104770000	104780000	13.604217607721662	104775000
chr3	104780000	104790000	11.734904340630532	104785000
chr3	104790000	104800000	15.058257334833613	104795000
chr3	104800000	104810000	11.866014523515021	104805000
chr3	104810000	104820000	13.690243869376744	104815000
chr3	104820000	104830000	9.818071742255396	104825000
chr3	104830000	104840000	9.148417793352237	104835000
chr3	104840000	104850000	7.575983221660327	104845000
chr3	104850000	104860000	18.27644190397935	104855000
chr3	104860000	104870000	21.383438058444533	104865000
chr3	104870000	104880000	20.460579048647357	104875000
chr3	104880000	104890000	18.44040613477081	104885000
chr3	104890000	104900000	18.91554942812816	104895000
chr3	104900000	104910000	20.377722290251985	104905000
chr3	104910000	104920000	15.13955500903794	104915000
chr3	104920000	104930000	18.875083853633434	104925000
chr3	104930000	104940000	30.56288792032442	104935000
chr3	104940000	104950000	16.496345526769677	104945000
chr3	104950000	104960000	20.34490241077249	104955000
chr3	104960000	104970000	19.087909473467608	104965000
chr3	104970000	104980000	16.71718698518191	104975000
chr3	104980000	104990000	10.969855369167686	104985000
chr3	104990000	105000000	4.823918234472317	104995000
chr3	105000000	105010000	5.050284079217239	105005000
chr3	105010000	105020000	4.521335161736514	105015000
chr3	105020000	105030000	2.796508129181358	105025000
chr3	105030000	105040000	4.718136280445983	105035000
chr3	105040000	105050000	6.208840840270634	105045000
chr3	105050000	105060000	5.0189301789833864	105055000
chr3	105060000	105070000	4.424352030159063	105065000
chr3	105070000	105080000	3.4535853812904227	105075000
chr3	105080000	105090000	4.959533093523175	105085000
chr3	105090000	105100000	3.802772294806725	105095000
chr3	105100000	105110000	3.678736014709809	105105000
chr3	105110000	105120000	7.2801776913356715	105115000
chr3	105120000	105130000	12.420897538988578	105125000
chr3	105130000	105140000	18.43191782705235	105135000
chr3	105140000	105150000	17.968005292508746	105145000
chr3	105150000	105160000	20.097008448416275	105155000
chr3	105160000	105170000	15.388072911659759	105165000
chr3	105170000	105180000	15.544731563594237	105175000
chr3	105180000	105190000	14.310269399929881	105185000
chr3	105190000	105200000	9.930678605772535	105195000
chr3	105200000	105210000	11.353214779852788	105205000
chr3	105210000	105220000	15.391733357070652	105215000
chr3	105220000	105230000	17.66497755537254	105225000
chr3	105230000	105240000	15.070229558638164	105235000
chr3	105240000	105250000	14.649826205722178	105245000
chr3	105250000	105260000	19.30733618291246	105255000
chr3	105260000	105270000	17.44498604069874	105265000
chr3	105270000	105280000	22.972999284938922	105275000
chr3	105280000	105290000	30.36725661515561	105285000
chr3	105290000	105300000	22.45431720299217	105295000
chr3	105300000	105310000	16.194871973283888	105305000
chr3	105310000	105320000	20.399136733288803	105315000
chr3	105320000	105330000	27.295532500694357	105325000
chr3	105330000	105340000	18.33479222579002	105335000
chr3	105340000	105350000	20.929078590580417	105345000
chr3	105350000	105360000	19.64348290998534	105355000
chr3	105360000	105370000	19.330576223616784	105365000
chr3	105370000	105380000	20.23684133661271	105375000
chr3	105380000	105390000	21.065414636297696	105385000
chr3	105390000	105400000	21.29139374851257	105395000
chr3	105400000	105410000	20.794989977367635	105405000
chr3	105410000	105420000	25.056815024635082	105415000
chr3	105420000	105430000	18.775922781288266	105425000
chr3	105430000	105440000	16.625455256868506	105435000
chr3	105440000	105450000	19.91593904745341	105445000
chr3	105450000	105460000	22.709143140005914	105455000
chr3	105460000	105470000	26.341988474656446	105465000
chr3	105470000	105480000	25.645784688812842	105475000
chr3	105480000	105490000	14.460796309313245	105485000
chr3	105490000	105500000	18.977202635763188	105495000
chr3	105500000	105510000	23.987561356696762	105505000
chr3	105510000	105520000	21.118594198084885	105515000
chr3	105520000	105530000	16.182745640186383	105525000
chr3	105530000	105540000	18.67587887517296	105535000
chr3	105540000	105550000	17.3808346841172	105545000
chr3	105550000	105560000	24.871678766394293	105555000
chr3	105560000	105570000	29.028509934301155	105565000
chr3	105570000	105580000	21.784837131223632	105575000
chr3	105580000	105590000	26.239999526562194	105585000
chr3	105590000	105600000	22.845448588456126	105595000
chr3	105600000	105610000	28.383967656176413	105605000
chr3	105610000	105620000	25.45851542192266	105615000
chr3	105620000	105630000	24.216148759118298	105625000
chr3	105630000	105640000	24.259076512125183	105635000
chr3	105640000	105650000	25.892876254314448	105645000
chr3	105650000	105660000	26.480502964591498	105655000
chr3	105660000	105670000	25.298548315332237	105665000
chr3	105670000	105680000	24.696240933489754	105675000
chr3	105680000	105690000	24.597074814539035	105685000
chr3	105690000	105700000	24.109647800834257	105695000
chr3	105700000	105710000	21.42518523983451	105705000
chr3	105710000	105720000	21.348181789456415	105715000
chr3	105720000	105730000	17.340280873314875	105725000
chr3	105730000	105740000	21.673231307213577	105735000
chr3	105740000	105750000	20.220547394499658	105745000
chr3	105750000	105760000	18.81133046187712	105755000
chr3	105760000	105770000	24.294837647841803	105765000
chr3	105770000	105780000	27.91786938815466	105775000
chr3	105780000	105790000	25.54567386296799	105785000
chr3	105790000	105800000	28.65122487730554	105795000
chr3	105800000	105810000	28.035395406725804	105805000
chr3	105810000	105820000	25.99644417373701	105815000
chr3	105820000	105830000	25.657655596305187	105825000
chr3	105830000	105840000	26.91368133139707	105835000
chr3	105840000	105850000	24.840199921603425	105845000
chr3	105850000	105860000	25.885860916969694	105855000
chr3	105860000	105870000	19.321867957867358	105865000
chr3	105870000	105880000	11.120348333477066	105875000
chr3	105880000	105890000	18.782643646700635	105885000
chr3	105890000	105900000	12.961682266576434	105895000
chr3	105900000	105910000	22.04219639558707	105905000
chr3	105910000	105920000	13.528942460521513	105915000
chr3	105920000	105930000	15.881432013131638	105925000
chr3	105930000	105940000	13.233018416258057	105935000
chr3	105940000	105950000	12.640386672890058	105945000
chr3	105950000	105960000	14.365440302903627	105955000
chr3	105960000	105970000	11.72315164057865	105965000
chr3	105970000	105980000	9.196635742642313	105975000
chr3	105980000	105990000	11.23028404609766	105985000
chr3	105990000	106000000	14.401845683021703	105995000
chr3	106000000	106010000	22.944078715338804	106005000
chr3	106010000	106020000	26.888959154529708	106015000
chr3	106020000	106030000	9.741539020800479	106025000
chr3	106030000	106040000	11.57978125951887	106035000
chr3	106040000	106050000	9.035143912454306	106045000
chr3	106050000	106060000	8.773429532834529	106055000
chr3	106060000	106070000	23.728989029134592	106065000
chr3	106070000	106080000	11.346979060473183	106075000
chr3	106080000	106090000	5.478304547349198	106085000
chr3	106090000	106100000	10.187117920589676	106095000
chr3	106100000	106110000	16.377925793980356	106105000
chr3	106110000	106120000	18.778165079487557	106115000
chr3	106120000	106130000	10.021884704271525	106125000
chr3	106130000	106140000	9.721424256666847	106135000
chr3	106140000	106150000	8.71381524326079	106145000
chr3	106150000	106160000	7.529293337792652	106155000
chr3	106160000	106170000	9.93825520186674	106165000
chr3	106170000	106180000	11.128312537593104	106175000
chr3	106180000	106190000	11.882616299507646	106185000
chr3	106190000	106200000	13.542963737304238	106195000
chr3	106200000	106210000	14.819892506172868	106205000
chr3	106210000	106220000	14.70538292514381	106215000
chr3	106220000	106230000	14.29525798728475	106225000
chr3	106230000	106240000	16.329254670260216	106235000
chr3	106240000	106250000	20.638188250325342	106245000
chr3	106250000	106260000	27.476568027595018	106255000
chr3	106260000	106270000	35.82124358642596	106265000
chr3	106270000	106280000	25.38710532733734	106275000
chr3	106280000	106290000	21.444922643945212	106285000
chr3	106290000	106300000	16.301054950342564	106295000
chr3	106300000	106310000	24.041185538905307	106305000
chr3	106310000	106320000	19.5628887577558	106315000
chr3	106320000	106330000	24.33801399362122	106325000
chr3	106330000	106340000	19.89890014917843	106335000
chr3	106340000	106350000	22.38253710331338	106345000
chr3	106350000	106360000	25.13146252618151	106355000
chr3	106360000	106370000	23.158201043515625	106365000
chr3	106370000	106380000	28.207650644936948	106375000
chr3	106380000	106390000	52.275939304557895	106385000
chr3	106390000	106400000	22.479054847169895	106395000
chr3	106400000	106410000	17.62309741841592	106405000
chr3	106410000	106420000	24.36105947421966	106415000
chr3	106420000	106430000	23.521448470433224	106425000
chr3	106430000	106440000	32.8146155708536	106435000
chr3	106440000	106450000	21.693415235044746	106445000
chr3	106450000	106460000	15.151838084084476	106455000
chr3	106460000	106470000	20.727065910531017	106465000
chr3	106470000	106480000	21.04423374501539	106475000
chr3	106480000	106490000	19.352104814889138	106485000
chr3	106490000	106500000	15.45404952534743	106495000
chr3	106500000	106510000	16.95028192350923	106505000
chr3	106510000	106520000	21.10645530783113	106515000
chr3	106520000	106530000	20.019525726200072	106525000
chr3	106530000	106540000	14.773762803410762	106535000
chr3	106540000	106550000	14.075217492118478	106545000
chr3	106550000	106560000	10.527320760551392	106555000
chr3	106560000	106570000	11.29968287289984	106565000
chr3	106570000	106580000	8.433932548385442	106575000
chr3	106580000	106590000	6.255825953314047	106585000
chr3	106590000	106600000	22.340017041750087	106595000
chr3	106600000	106610000	31.901298732480274	106605000
chr3	106610000	106620000	24.938748461178935	106615000
chr3	106620000	106630000	31.522550913434575	106625000
chr3	106630000	106640000	29.26041316115836	106635000
chr3	106640000	106650000	33.3694767630495	106645000
chr3	106650000	106660000	34.42325895885165	106655000
chr3	106660000	106670000	43.614947841780854	106665000
chr3	106670000	106680000	49.482501793638484	106675000
chr3	106680000	106690000	41.07434480808002	106685000
chr3	106690000	106700000	32.393708573545496	106695000
chr3	106700000	106710000	33.793756946196225	106705000
chr3	106710000	106720000	22.844150422192076	106715000
chr3	106720000	106730000	21.401954750092187	106725000
chr3	106730000	106740000	25.847965657341042	106735000
chr3	106740000	106750000	28.45923490726842	106745000
chr3	106750000	106760000	32.74619566360278	106755000
chr3	106760000	106770000	26.26817464046232	106765000
chr3	106770000	106780000	25.609049493897764	106775000
chr3	106780000	106790000	21.380153710142984	106785000
chr3	106790000	106800000	27.78101528903252	106795000
chr3	106800000	106810000	25.451041010449984	106805000
chr3	106810000	106820000	27.969946953689814	106815000
chr3	106820000	106830000	23.249958033235842	106825000
chr3	106830000	106840000	18.85062287137011	106835000
chr3	106840000	106850000	19.036006543484717	106845000
chr3	106850000	106860000	18.38771433842416	106855000
chr3	106860000	106870000	21.351493100284166	106865000
chr3	106870000	106880000	25.845819296406216	106875000
chr3	106880000	106890000	18.511616028179226	106885000
chr3	106890000	106900000	19.355159146380423	106895000
chr3	106900000	106910000	17.651772003173832	106905000
chr3	106910000	106920000	17.92472773326294	106915000
chr3	106920000	106930000	17.570153013431206	106925000
chr3	106930000	106940000	16.13871149668892	106935000
chr3	106940000	106950000	15.766226755788447	106945000
chr3	106950000	106960000	17.79373176193347	106955000
chr3	106960000	106970000	17.855391946834022	106965000
chr3	106970000	106980000	16.38688283547629	106975000
chr3	106980000	106990000	20.579715802306506	106985000
chr3	106990000	107000000	39.324592233495444	106995000
chr3	107000000	107010000	21.809472730268723	107005000
chr3	107010000	107020000	16.154203966666067	107015000
chr3	107020000	107030000	8.002271169387475	107025000
chr3	107030000	107040000	14.736688884284687	107035000
chr3	107040000	107050000	14.348260485209503	107045000
chr3	107050000	107060000	12.754030398242552	107055000
chr3	107060000	107070000	8.36806967627886	107065000
chr3	107070000	107080000	15.487360454279958	107075000
chr3	107080000	107090000	12.508884356439106	107085000
chr3	107090000	107100000	13.716344646916477	107095000
chr3	107100000	107110000	34.01606747070622	107105000
chr3	107110000	107120000	52.292054851920334	107115000
chr3	107120000	107130000	31.886983953748462	107125000
chr3	107130000	107140000	26.315261577808233	107135000
chr3	107140000	107150000	19.826315924962223	107145000
chr3	107150000	107160000	20.107433047398377	107155000
chr3	107160000	107170000	28.373983572578886	107165000
chr3	107170000	107180000	27.731598615610398	107175000
chr3	107180000	107190000	29.175997142695277	107185000
chr3	107190000	107200000	30.561132648988433	107195000
chr3	107200000	107210000	30.519639442085705	107205000
chr3	107210000	107220000	28.521774594564047	107215000
chr3	107220000	107230000	29.988221281284446	107225000
chr3	107230000	107240000	30.671755345186416	107235000
chr3	107240000	107250000	24.87907680092988	107245000
chr3	107250000	107260000	12.914730637338161	107255000
chr3	107260000	107270000	15.377648145726981	107265000
chr3	107270000	107280000	13.929387569462547	107275000
chr3	107280000	107290000	9.566987587194655	107285000
chr3	107290000	107300000	11.098393410189063	107295000
chr3	107300000	107310000	13.6354682717272	107305000
chr3	107310000	107320000	9.61468455463275	107315000
chr3	107320000	107330000	13.263002957250835	107325000
chr3	107330000	107340000	11.524987665221943	107335000
chr3	107340000	107350000	21.18921502999487	107345000
chr3	107350000	107360000	17.480527944935698	107355000
chr3	107360000	107370000	19.556266423795805	107365000
chr3	107370000	107380000	16.390028210290318	107375000
chr3	107380000	107390000	20.849765634351115	107385000
chr3	107390000	107400000	21.178343599523878	107395000
chr3	107400000	107410000	18.288988553163986	107405000
chr3	107410000	107420000	22.590371832543088	107415000
chr3	107420000	107430000	21.196830023046385	107425000
chr3	107430000	107440000	19.595054012950524	107435000
chr3	107440000	107450000	15.150615830806364	107445000
chr3	107450000	107460000	12.655562427002794	107455000
chr3	107460000	107470000	12.211396425112873	107465000
chr3	107470000	107480000	17.900614886016694	107475000
chr3	107480000	107490000	10.005051015528466	107485000
chr3	107490000	107500000	9.259884413122952	107495000
chr3	107500000	107510000	9.163438632600288	107505000
chr3	107510000	107520000	14.231938042396251	107515000
chr3	107520000	107530000	13.508440364636082	107525000
chr3	107530000	107540000	15.41376337435451	107535000
chr3	107540000	107550000	12.803239415807278	107545000
chr3	107550000	107560000	19.02862042327943	107555000
chr3	107560000	107570000	12.83041001336635	107565000
chr3	107570000	107580000	14.297874773796966	107575000
chr3	107580000	107590000	15.563939223982253	107585000
chr3	107590000	107600000	7.528615760811248	107595000
chr3	107600000	107610000	9.556525296034202	107605000
chr3	107610000	107620000	6.637938551715287	107615000
chr3	107620000	107630000	13.126532074903528	107625000
chr3	107630000	107640000	11.617943580364111	107635000
chr3	107640000	107650000	22.704511805855507	107645000
chr3	107650000	107660000	15.023428124610927	107655000
chr3	107660000	107670000	14.020844277945884	107665000
chr3	107670000	107680000	10.808304619711517	107675000
chr3	107680000	107690000	12.779014622101046	107685000
chr3	107690000	107700000	21.272730449347577	107695000
chr3	107700000	107710000	18.05105644292621	107705000
chr3	107710000	107720000	21.518381014951967	107715000
chr3	107720000	107730000	25.749037943989784	107725000
chr3	107730000	107740000	31.077855052435474	107735000
chr3	107740000	107750000	35.00100517224243	107745000
chr3	107750000	107760000	30.063748432589232	107755000
chr3	107760000	107770000	31.978236489113684	107765000
chr3	107770000	107780000	24.028725483564415	107775000
chr3	107780000	107790000	29.3280764546127	107785000
chr3	107790000	107800000	28.815487903442406	107795000
chr3	107800000	107810000	25.130082704060747	107805000
chr3	107810000	107820000	31.414284000465905	107815000
chr3	107820000	107830000	27.30027339138369	107825000
chr3	107830000	107840000	28.07075787871284	107835000
chr3	107840000	107850000	26.998872315562163	107845000
chr3	107850000	107860000	17.786874351789404	107855000
chr3	107860000	107870000	25.071203630737998	107865000
chr3	107870000	107880000	24.90782515250433	107875000
chr3	107880000	107890000	23.04444856489112	107885000
chr3	107890000	107900000	43.74832710975278	107895000
chr3	107900000	107910000	26.6473201855972	107905000
chr3	107910000	107920000	26.223471176513467	107915000
chr3	107920000	107930000	33.48242088668128	107925000
chr3	107930000	107940000	28.58056310903102	107935000
chr3	107940000	107950000	29.987883138461687	107945000
chr3	107950000	107960000	30.26857916211806	107955000
chr3	107960000	107970000	30.947957128452526	107965000
chr3	107970000	107980000	29.391710566967387	107975000
chr3	107980000	107990000	27.453353881541176	107985000
chr3	107990000	108000000	22.33598179332836	107995000
chr3	108000000	108010000	32.644526063706984	108005000
chr3	108010000	108020000	21.250078233450118	108015000
chr3	108020000	108030000	24.76240583324556	108025000
chr3	108030000	108040000	16.590086638989717	108035000
chr3	108040000	108050000	11.67748968941275	108045000
chr3	108050000	108060000	15.590970100522517	108055000
chr3	108060000	108070000	32.543621669166505	108065000
chr3	108070000	108080000	20.385645303552685	108075000
chr3	108080000	108090000	9.82200097490038	108085000
chr3	108090000	108100000	25.238195585946222	108095000
chr3	108100000	108110000	32.054767250680456	108105000
chr3	108110000	108120000	18.418996287461184	108115000
chr3	108120000	108130000	40.02543246855079	108125000
chr3	108130000	108140000	13.858275064380033	108135000
chr3	108140000	108150000	9.14539296306944	108145000
chr3	108150000	108160000	8.327350414655452	108155000
chr3	108160000	108170000	8.376058500724707	108165000
chr3	108170000	108180000	8.433426025655605	108175000
chr3	108180000	108190000	8.70235731568779	108185000
chr3	108190000	108200000	9.04983202964733	108195000
chr3	108200000	108210000	10.189088160095526	108205000
chr3	108210000	108220000	9.96009509347818	108215000
chr3	108220000	108230000	11.226823296830235	108225000
chr3	108230000	108240000	11.297287097143506	108235000
chr3	108240000	108250000	11.858493814187918	108245000
chr3	108250000	108260000	15.346056652689336	108255000
chr3	108260000	108270000	23.149417420565054	108265000
chr3	108270000	108280000	11.659376280669518	108275000
chr3	108280000	108290000	14.338960219936803	108285000
chr3	108290000	108300000	11.264490699453747	108295000
chr3	108300000	108310000	14.112221664826604	108305000
chr3	108310000	108320000	12.431283267830791	108315000
chr3	108320000	108330000	14.249117392417517	108325000
chr3	108330000	108340000	13.526666124904901	108335000
chr3	108340000	108350000	13.28356680948571	108345000
chr3	108350000	108360000	19.718483438248736	108355000
chr3	108360000	108370000	27.712581158117462	108365000
chr3	108370000	108380000	29.476041084303787	108375000
chr3	108380000	108390000	28.80963165733727	108385000
chr3	108390000	108400000	38.98623986603872	108395000
chr3	108400000	108410000	41.55223519306761	108405000
chr3	108410000	108420000	29.706890472552708	108415000
chr3	108420000	108430000	31.741190831615445	108425000
chr3	108430000	108440000	28.806531595105362	108435000
chr3	108440000	108450000	28.56658486865143	108445000
chr3	108450000	108460000	30.086413844946485	108455000
chr3	108460000	108470000	32.38844066886562	108465000
chr3	108470000	108480000	34.904388528216295	108475000
chr3	108480000	108490000	35.88805053833044	108485000
chr3	108490000	108500000	31.289952772698374	108495000
chr3	108500000	108510000	28.39778120923551	108505000
chr3	108510000	108520000	27.985430723569568	108515000
chr3	108520000	108530000	24.89377489964243	108525000
chr3	108530000	108540000	28.255817507407833	108535000
chr3	108540000	108550000	30.516850298322908	108545000
chr3	108550000	108560000	26.8542472493298	108555000
chr3	108560000	108570000	27.72847867211961	108565000
chr3	108570000	108580000	27.704971877893346	108575000
chr3	108580000	108590000	27.704971877893346	108585000
chr3	108590000	108600000	26.41908736601117	108595000
chr3	108600000	108610000	28.144643316569315	108605000
chr3	108610000	108620000	28.094759925247036	108615000
chr3	108620000	108630000	26.04056144900018	108625000
chr3	108630000	108640000	18.093265632840975	108635000
chr3	108640000	108650000	14.318113699922398	108645000
chr3	108650000	108660000	15.974128482751798	108655000
chr3	108660000	108670000	16.95058561403239	108665000
chr3	108670000	108680000	14.28365593071024	108675000
chr3	108680000	108690000	16.381119512029013	108685000
chr3	108690000	108700000	17.504215654992457	108695000
chr3	108700000	108710000	17.635108164453435	108705000
chr3	108710000	108720000	15.603796461204237	108715000
chr3	108720000	108730000	8.843706515139624	108725000
chr3	108730000	108740000	9.605321922287361	108735000
chr3	108740000	108750000	12.722734238963088	108745000
chr3	108750000	108760000	21.464195060387325	108755000
chr3	108760000	108770000	31.17930757974335	108765000
chr3	108770000	108780000	29.650340446501644	108775000
chr3	108780000	108790000	36.7329640585006	108785000
chr3	108790000	108800000	65.05544106503508	108795000
chr3	108800000	108810000	40.30943754668678	108805000
chr3	108810000	108820000	40.303865618967045	108815000
chr3	108820000	108830000	28.5871713189959	108825000
chr3	108830000	108840000	48.19565463122527	108835000
chr3	108840000	108850000	18.796943571293326	108845000
chr3	108850000	108860000	21.330168360829795	108855000
chr3	108860000	108870000	21.043029622455663	108865000
chr3	108870000	108880000	24.442267880996795	108875000
chr3	108880000	108890000	21.650574322598672	108885000
chr3	108890000	108900000	23.270374178061957	108895000
chr3	108900000	108910000	25.396660118324228	108905000
chr3	108910000	108920000	23.858169941666798	108915000
chr3	108920000	108930000	20.15004607732688	108925000
chr3	108930000	108940000	21.76690181836562	108935000
chr3	108940000	108950000	23.632406796445327	108945000
chr3	108950000	108960000	22.172057025261704	108955000
chr3	108960000	108970000	34.67588244722143	108965000
chr3	108970000	108980000	31.395085822800112	108975000
chr3	108980000	108990000	25.040909529578645	108985000
chr3	108990000	109000000	26.162180170182467	108995000
chr3	109000000	109010000	27.484666674452125	109005000
chr3	109010000	109020000	19.0849722274917	109015000
chr3	109020000	109030000	4.726592659816228	109025000
chr3	109030000	109040000	2.5765854952334717	109035000
chr3	109040000	109050000	2.4704690210852425	109045000
chr3	109050000	109060000	14.081393830821838	109055000
chr3	109060000	109070000	32.085926336286946	109065000
chr3	109070000	109080000	15.171167685363962	109075000
chr3	109080000	109090000	19.02115552915709	109085000
chr3	109090000	109100000	15.557803977974263	109095000
chr3	109100000	109110000	23.339088482520843	109105000
chr3	109110000	109120000	17.622679840242622	109115000
chr3	109120000	109130000	11.308060945652517	109125000
chr3	109130000	109140000	10.682906829002455	109135000
chr3	109140000	109150000	12.685645464763857	109145000
chr3	109150000	109160000	23.744133415518167	109155000
chr3	109160000	109170000	25.389914652483917	109165000
chr3	109170000	109180000	22.433324096378804	109175000
chr3	109180000	109190000	19.66550192482961	109185000
chr3	109190000	109200000	24.308203294881633	109195000
chr3	109200000	109210000	15.269829219434213	109205000
chr3	109210000	109220000	12.495285047141367	109215000
chr3	109220000	109230000	12.099646200456197	109225000
chr3	109230000	109240000	13.31553751959772	109235000
chr3	109240000	109250000	11.999317350113055	109245000
chr3	109250000	109260000	39.732803504513825	109255000
chr3	109260000	109270000	26.703563764560755	109265000
chr3	109270000	109280000	19.53121501614517	109275000
chr3	109280000	109290000	16.674982604669008	109285000
chr3	109290000	109300000	23.73490427174529	109295000
chr3	109300000	109310000	23.80800719797109	109305000
chr3	109310000	109320000	31.550554587397315	109315000
chr3	109320000	109330000	41.04637726958323	109325000
chr3	109330000	109340000	38.928460845810434	109335000
chr3	109340000	109350000	46.9215163851607	109345000
chr3	109350000	109360000	32.70319558795982	109355000
chr3	109360000	109370000	30.902245871829077	109365000
chr3	109370000	109380000	29.953294809331457	109375000
chr3	109380000	109390000	32.21883196007923	109385000
chr3	109390000	109400000	36.933408251154134	109395000
chr3	109400000	109410000	38.595546540797976	109405000
chr3	109410000	109420000	30.73708511089987	109415000
chr3	109420000	109430000	34.65645776333905	109425000
chr3	109430000	109440000	38.529187905823456	109435000
chr3	109440000	109450000	56.834417544572545	109445000
chr3	109450000	109460000	39.22636877732503	109455000
chr3	109460000	109470000	41.343929611053156	109465000
chr3	109470000	109480000	23.478564596590267	109475000
chr3	109480000	109490000	24.22517643423899	109485000
chr3	109490000	109500000	20.305869014746662	109495000
chr3	109500000	109510000	17.23614228489885	109505000
chr3	109510000	109520000	18.744081471732837	109515000
chr3	109520000	109530000	13.769100938414958	109525000
chr3	109530000	109540000	12.895386494704537	109535000
chr3	109540000	109550000	17.358204473714217	109545000
chr3	109550000	109560000	16.974205246731167	109555000
chr3	109560000	109570000	18.007556926485442	109565000
chr3	109570000	109580000	16.018173993369842	109575000
chr3	109580000	109590000	17.438079405302112	109585000
chr3	109590000	109600000	19.196269640901303	109595000
chr3	109600000	109610000	17.13094285447439	109605000
chr3	109610000	109620000	17.922338714901787	109615000
chr3	109620000	109630000	18.99203984888043	109625000
chr3	109630000	109640000	19.810784726166407	109635000
chr3	109640000	109650000	19.51967882089166	109645000
chr3	109650000	109660000	27.31038568070246	109655000
chr3	109660000	109670000	42.747188800763794	109665000
chr3	109670000	109680000	26.085887382329485	109675000
chr3	109680000	109690000	47.07699847675591	109685000
chr3	109690000	109700000	37.485239335612555	109695000
chr3	109700000	109710000	22.0388307321999	109705000
chr3	109710000	109720000	17.38159025644461	109715000
chr3	109720000	109730000	21.91646245362494	109725000
chr3	109730000	109740000	21.354252223394266	109735000
chr3	109740000	109750000	23.686883000177183	109745000
chr3	109750000	109760000	27.482027845501218	109755000
chr3	109760000	109770000	41.07327439533366	109765000
chr3	109770000	109780000	37.06723099702965	109775000
chr3	109780000	109790000	66.97925693938397	109785000
chr3	109790000	109800000	69.87685296445763	109795000
chr3	109800000	109810000	45.13058587972765	109805000
chr3	109810000	109820000	52.4147441165946	109815000
chr3	109820000	109830000	90.5761961676999	109825000
chr3	109830000	109840000	69.43729346555932	109835000
chr3	109840000	109850000	67.54166910660645	109845000
chr3	109850000	109860000	72.48536562653197	109855000
chr3	109860000	109870000	60.34753870755058	109865000
chr3	109870000	109880000	40.17132808244197	109875000
chr3	109880000	109890000	54.821058737805295	109885000
chr3	109890000	109900000	77.5294583167869	109895000
chr3	109900000	109910000	93.67796141539554	109905000
chr3	109910000	109920000	52.82456441696147	109915000
chr3	109920000	109930000	68.28122335236094	109925000
chr3	109930000	109940000	79.16503130556522	109935000
chr3	109940000	109950000	56.34110505664561	109945000
chr3	109950000	109960000	77.19327672144325	109955000
chr3	109960000	109970000	56.19453474073484	109965000
chr3	109970000	109980000	50.54750341076197	109975000
chr3	109980000	109990000	58.11383753530016	109985000
chr3	109990000	110000000	39.02867197428263	109995000
chr3	110000000	110010000	31.12041371456172	110005000
chr3	110010000	110020000	33.22746105509559	110015000
chr3	110020000	110030000	33.69733227242712	110025000
chr3	110030000	110040000	36.51566493990531	110035000
chr3	110040000	110050000	26.242641707035045	110045000
chr3	110050000	110060000	24.502472508038394	110055000
chr3	110060000	110070000	29.730025133133164	110065000
chr3	110070000	110080000	32.54588137184689	110075000
chr3	110080000	110090000	27.201806726710625	110085000
chr3	110090000	110100000	28.862352419302546	110095000
chr3	110100000	110110000	22.325901085695925	110105000
chr3	110110000	110120000	24.020924360138626	110115000
chr3	110120000	110130000	20.226045816197665	110125000
chr3	110130000	110140000	24.03376003599931	110135000
chr3	110140000	110150000	16.478352040868643	110145000
chr3	110150000	110160000	16.50934053491318	110155000
chr3	110160000	110170000	15.828099503648398	110165000
chr3	110170000	110180000	19.957839726707395	110175000
chr3	110180000	110190000	15.864720755289456	110185000
chr3	110190000	110200000	17.42163889965161	110195000
chr3	110200000	110210000	18.4747111147472	110205000
chr3	110210000	110220000	17.902252308796893	110215000
chr3	110220000	110230000	14.80152008412617	110225000
chr3	110230000	110240000	18.637989980016112	110235000
chr3	110240000	110250000	50.19333409219787	110245000
chr3	110250000	110260000	32.599790693968025	110255000
chr3	110260000	110270000	34.66694948977365	110265000
chr3	110270000	110280000	47.95028593487111	110275000
chr3	110280000	110290000	26.22270331241215	110285000
chr3	110290000	110300000	26.552111987166356	110295000
chr3	110300000	110310000	37.15381730869159	110305000
chr3	110310000	110320000	18.21031355085555	110315000
chr3	110320000	110330000	17.029775011606073	110325000
chr3	110330000	110340000	17.4397525595143	110335000
chr3	110340000	110350000	15.176971219459059	110345000
chr3	110350000	110360000	17.130542525490128	110355000
chr3	110360000	110370000	29.296724442873664	110365000
chr3	110370000	110380000	22.951343444034595	110375000
chr3	110380000	110390000	20.346450460973255	110385000
chr3	110390000	110400000	24.551317518914665	110395000
chr3	110400000	110410000	26.008219392983673	110405000
chr3	110410000	110420000	25.83087906111322	110415000
chr3	110420000	110430000	27.325148611240408	110425000
chr3	110430000	110440000	26.78359742604444	110435000
chr3	110440000	110450000	27.60860113463349	110445000
chr3	110450000	110460000	26.123040957906763	110455000
chr3	110460000	110470000	25.85788666754519	110465000
chr3	110470000	110480000	34.81497526668118	110475000
chr3	110480000	110490000	44.670137281321736	110485000
chr3	110490000	110500000	43.889693810683596	110495000
chr3	110500000	110510000	41.396437890639824	110505000
chr3	110510000	110520000	49.05106299565585	110515000
chr3	110520000	110530000	42.95449384561893	110525000
chr3	110530000	110540000	41.595246476674006	110535000
chr3	110540000	110550000	45.70740717110851	110545000
chr3	110550000	110560000	32.458800754438414	110555000
chr3	110560000	110570000	27.86850992556466	110565000
chr3	110570000	110580000	17.011508553989994	110575000
chr3	110580000	110590000	33.71586012680925	110585000
chr3	110590000	110600000	32.58631087249834	110595000
chr3	110600000	110610000	36.74665537980506	110605000
chr3	110610000	110620000	38.12093492521671	110615000
chr3	110620000	110630000	46.556917627978585	110625000
chr3	110630000	110640000	74.17224090395217	110635000
chr3	110640000	110650000	97.33135695266832	110645000
chr3	110650000	110660000	62.167247603505494	110655000
chr3	110660000	110670000	46.333898541382844	110665000
chr3	110670000	110680000	76.94691089876798	110675000
chr3	110680000	110690000	64.66032577943812	110685000
chr3	110690000	110700000	41.897239305193615	110695000
chr3	110700000	110710000	70.96330753056243	110705000
chr3	110710000	110720000	38.86263225073948	110715000
chr3	110720000	110730000	30.599382545823453	110725000
chr3	110730000	110740000	27.859285963078456	110735000
chr3	110740000	110750000	29.6531613355074	110745000
chr3	110750000	110760000	30.094098554717412	110755000
chr3	110760000	110770000	28.251901559638934	110765000
chr3	110770000	110780000	18.316740830998736	110775000
chr3	110780000	110790000	13.926586283169538	110785000
chr3	110790000	110800000	19.029242042901487	110795000
chr3	110800000	110810000	9.749973554885003	110805000
chr3	110810000	110820000	11.535105921323648	110815000
chr3	110820000	110830000	6.821011168025209	110825000
chr3	110830000	110840000	11.07086314929489	110835000
chr3	110840000	110850000	23.43229568408837	110845000
chr3	110850000	110860000	21.577783277405928	110855000
chr3	110860000	110870000	14.213993915422877	110865000
chr3	110870000	110880000	25.90726659929843	110875000
chr3	110880000	110890000	22.858089263644136	110885000
chr3	110890000	110900000	28.11500677172923	110895000
chr3	110900000	110910000	20.957542857901732	110905000
chr3	110910000	110920000	31.014669094948776	110915000
chr3	110920000	110930000	28.051635318354563	110925000
chr3	110930000	110940000	34.11815283447786	110935000
chr3	110940000	110950000	24.808722873776983	110945000
chr3	110950000	110960000	26.645544003836697	110955000
chr3	110960000	110970000	32.33401643499099	110965000
chr3	110970000	110980000	33.715025711968885	110975000
chr3	110980000	110990000	33.49292981163736	110985000
chr3	110990000	111000000	30.666946089330793	110995000
chr3	111000000	111010000	20.123682135920692	111005000
chr3	111010000	111020000	16.622844059642542	111015000
chr3	111020000	111030000	18.166270304518335	111025000
chr3	111030000	111040000	15.505698921252119	111035000
chr3	111040000	111050000	15.31451184429323	111045000
chr3	111050000	111060000	22.401944289709714	111055000
chr3	111060000	111070000	29.781942494152396	111065000
chr3	111070000	111080000	34.66447946975253	111075000
chr3	111080000	111090000	27.4531606754629	111085000
chr3	111090000	111100000	22.77523632085528	111095000
chr3	111100000	111110000	18.22404854566718	111105000
chr3	111110000	111120000	12.356637053643492	111115000
chr3	111120000	111130000	30.79344309994784	111125000
chr3	111130000	111140000	28.629610991339444	111135000
chr3	111140000	111150000	37.37726662931646	111145000
chr3	111150000	111160000	29.239858185064804	111155000
chr3	111160000	111170000	26.15584046105422	111165000
chr3	111170000	111180000	38.773408897405005	111175000
chr3	111180000	111190000	34.38880875170477	111185000
chr3	111190000	111200000	29.419788970140182	111195000
chr3	111200000	111210000	33.25288045237657	111205000
chr3	111210000	111220000	33.61876647117039	111215000
chr3	111220000	111230000	36.40303078647412	111225000
chr3	111230000	111240000	46.25665184498248	111235000
chr3	111240000	111250000	61.37342204064585	111245000
chr3	111250000	111260000	56.05471536558818	111255000
chr3	111260000	111270000	13.217316475896334	111265000
chr3	111270000	111280000	11.846567996757454	111275000
chr3	111280000	111290000	13.221390218435921	111285000
chr3	111290000	111300000	10.479619623746398	111295000
chr3	111300000	111310000	13.743124802993236	111305000
chr3	111310000	111320000	17.805126087660724	111315000
chr3	111320000	111330000	17.27538915100773	111325000
chr3	111330000	111340000	15.539199800995947	111335000
chr3	111340000	111350000	39.83154273765263	111345000
chr3	111350000	111360000	22.569486222934678	111355000
chr3	111360000	111370000	24.901275288628216	111365000
chr3	111370000	111380000	39.73111291284765	111375000
chr3	111380000	111390000	37.14579289960569	111385000
chr3	111390000	111400000	33.50557126604889	111395000
chr3	111400000	111410000	37.42781680524981	111405000
chr3	111410000	111420000	26.48938576257311	111415000
chr3	111420000	111430000	30.24809827240141	111425000
chr3	111430000	111440000	28.47151594474851	111435000
chr3	111440000	111450000	20.85304780924466	111445000
chr3	111450000	111460000	33.70405544477667	111455000
chr3	111460000	111470000	38.25376784432669	111465000
chr3	111470000	111480000	22.399445883083402	111475000
chr3	111480000	111490000	17.422549704539065	111485000
chr3	111490000	111500000	20.08722846123677	111495000
chr3	111500000	111510000	16.582940065050092	111505000
chr3	111510000	111520000	20.55952647639609	111515000
chr3	111520000	111530000	26.37360013305044	111525000
chr3	111530000	111540000	23.236437092753228	111535000
chr3	111540000	111550000	35.27871475040613	111545000
chr3	111550000	111560000	24.66296984077448	111555000
chr3	111560000	111570000	20.183122482804194	111565000
chr3	111570000	111580000	33.10141242268787	111575000
chr3	111580000	111590000	41.166769300255545	111585000
chr3	111590000	111600000	24.722831913927454	111595000
chr3	111600000	111610000	44.955387900805604	111605000
chr3	111610000	111620000	30.13699825144448	111615000
chr3	111620000	111630000	27.46373296247574	111625000
chr3	111630000	111640000	19.47849998015089	111635000
chr3	111640000	111650000	11.256089063655692	111645000
chr3	111650000	111660000	37.391715669297035	111655000
chr3	111660000	111670000	24.980841810099722	111665000
chr3	111670000	111680000	28.03171210155705	111675000
chr3	111680000	111690000	32.789088155460874	111685000
chr3	111690000	111700000	9.685731565018877	111695000
chr3	111700000	111710000	25.98613209018968	111705000
chr3	111710000	111720000	28.07760972290993	111715000
chr3	111720000	111730000	30.746697581086732	111725000
chr3	111730000	111740000	22.62717605629131	111735000
chr3	111740000	111750000	14.968419219200525	111745000
chr3	111750000	111760000	39.26367837063186	111755000
chr3	111760000	111770000	27.24713950244633	111765000
chr3	111770000	111780000	0.3267422781043135	111775000
chr3	111790000	111800000	3.87368271768183	111795000
chr3	111810000	111820000	19.67166321684899	111815000
chr3	111820000	111830000	26.29373611422179	111825000
chr3	111830000	111840000	72.77978125439178	111835000
chr3	111840000	111850000	19.785794390018975	111845000
chr3	111850000	111860000	13.65423149419535	111855000
chr3	111860000	111870000	24.494407193618994	111865000
chr3	111870000	111880000	95.52539042000438	111875000
chr3	111880000	111890000	65.16701639140001	111885000
chr3	111890000	111900000	59.565411242997506	111895000
chr3	111900000	111910000	61.102043849063215	111905000
chr3	111910000	111920000	43.07196078908669	111915000
chr3	111920000	111930000	43.274875206424134	111925000
chr3	111930000	111940000	28.386754238773996	111935000
chr3	111940000	111950000	20.00912198448892	111945000
chr3	111950000	111960000	21.800506816154964	111955000
chr3	111960000	111970000	40.697302777149105	111965000
chr3	111970000	111980000	14.230786584255558	111975000
chr3	111980000	111990000	12.754087989725996	111985000
chr3	111990000	112000000	23.51070069472798	111995000
chr3	112000000	112010000	33.03066666213546	112005000
chr3	112010000	112020000	27.75526140210104	112015000
chr3	112020000	112030000	38.123607564804495	112025000
chr3	112030000	112040000	64.42237034290575	112035000
chr3	112040000	112050000	40.6684681291871	112045000
chr3	112050000	112060000	45.331394651626674	112055000
chr3	112060000	112070000	27.630225556701188	112065000
chr3	112070000	112080000	23.949219900615926	112075000
chr3	112080000	112090000	14.27114392038345	112085000
chr3	112090000	112100000	14.786098348849825	112095000
chr3	112100000	112110000	16.171288632817138	112105000
chr3	112110000	112120000	9.268645086729707	112115000
chr3	112120000	112130000	11.086501364457478	112125000
chr3	112130000	112140000	14.186204739000901	112135000
chr3	112140000	112150000	13.686293015255561	112145000
chr3	112150000	112160000	25.72589304899056	112155000
chr3	112160000	112170000	12.666951445315838	112165000
chr3	112170000	112180000	17.576200818261356	112175000
chr3	112180000	112190000	7.226990148121655	112185000
chr3	112190000	112200000	10.23606172714707	112195000
chr3	112200000	112210000	9.13912256593228	112205000
chr3	112210000	112220000	10.320055095087897	112215000
chr3	112220000	112230000	7.470352567044286	112225000
chr3	112230000	112240000	9.471040593345386	112235000
chr3	112240000	112250000	4.159516863330186	112245000
chr3	112250000	112260000	15.563599013348993	112255000
chr3	112260000	112270000	26.070768599830664	112265000
chr3	112270000	112280000	21.30915319585227	112275000
chr3	112280000	112290000	32.657833632495326	112285000
chr3	112290000	112300000	27.780915614780447	112295000
chr3	112300000	112310000	30.512297284321765	112305000
chr3	112310000	112320000	26.307103999102623	112315000
chr3	112320000	112330000	22.412307299510843	112325000
chr3	112330000	112340000	33.55613811267266	112335000
chr3	112340000	112350000	31.547662154661595	112345000
chr3	112350000	112360000	18.679206939797787	112355000
chr3	112360000	112370000	27.942033997646362	112365000
chr3	112370000	112380000	20.76220789278663	112375000
chr3	112380000	112390000	28.12692301609413	112385000
chr3	112390000	112400000	26.65109708094877	112395000
chr3	112400000	112410000	17.52682765460523	112405000
chr3	112410000	112420000	13.304009766204379	112415000
chr3	112420000	112430000	36.07992845883689	112425000
chr3	112430000	112440000	20.947754097166154	112435000
chr3	112440000	112450000	6.5162831594626835	112445000
chr3	112450000	112460000	10.143157816626756	112455000
chr3	112460000	112470000	8.595300030084617	112465000
chr3	112470000	112480000	6.847032620485176	112475000
chr3	112480000	112490000	8.733375646430765	112485000
chr3	112490000	112500000	23.966624180485997	112495000
chr3	112500000	112510000	4.83203053942185	112505000
chr3	112510000	112520000	5.047700477329937	112515000
chr3	112520000	112530000	9.295178494513143	112525000
chr3	112530000	112540000	13.636823475838327	112535000
chr3	112540000	112550000	6.179581165495501	112545000
chr3	112550000	112560000	4.442868331237939	112555000
chr3	112560000	112570000	15.732199507075324	112565000
chr3	112570000	112580000	16.267604601357434	112575000
chr3	112580000	112590000	10.673577725769839	112585000
chr3	112590000	112600000	19.85553156463335	112595000
chr3	112600000	112610000	4.877132573471291	112605000
chr3	112610000	112620000	4.877762917045963	112615000
chr3	112620000	112630000	5.383438098817234	112625000
chr3	112630000	112640000	5.123738972963207	112635000
chr3	112640000	112650000	1.9357626946771704	112645000
chr3	112650000	112660000	4.4218395533227675	112655000
chr3	112660000	112670000	6.004502298357256	112665000
chr3	112670000	112680000	6.429636295461528	112675000
chr3	112680000	112690000	2.8454082292169796	112685000
chr3	112690000	112700000	3.134799088440953	112695000
chr3	112700000	112710000	3.9612914155829757	112705000
chr3	112710000	112720000	3.8167703871344325	112715000
chr3	112720000	112730000	8.35974786474385	112725000
chr3	112730000	112740000	16.0366581499789	112735000
chr3	112740000	112750000	10.501466010819282	112745000
chr3	112750000	112760000	14.391438384108817	112755000
chr3	112760000	112770000	8.264664634693814	112765000
chr3	112770000	112780000	12.342397593195665	112775000
chr3	112780000	112790000	9.07989852911597	112785000
chr3	112790000	112800000	13.308237975548163	112795000
chr3	112800000	112810000	8.256365810183741	112805000
chr3	112810000	112820000	8.309451556157784	112815000
chr3	112820000	112830000	7.159961608903917	112825000
chr3	112830000	112840000	5.769127511554853	112835000
chr3	112840000	112850000	2.9198307478755696	112845000
chr3	112850000	112860000	11.766866804568215	112855000
chr3	112860000	112870000	17.291465564492707	112865000
chr3	112870000	112880000	6.156336856105384	112875000
chr3	112880000	112890000	2.8220758643820107	112885000
chr3	112890000	112900000	2.7692845947693523	112895000
chr3	112900000	112910000	3.099431599087213	112905000
chr3	112910000	112920000	3.374291380040647	112915000
chr3	112920000	112930000	7.201787160196271	112925000
chr3	112930000	112940000	7.226307467512466	112935000
chr3	112940000	112950000	3.1488739526240384	112945000
chr3	112950000	112960000	3.174846673439408	112955000
chr3	112960000	112970000	4.864199640566439	112965000
chr3	112970000	112980000	0.3408131419631279	112975000
chr3	112980000	112990000	0.32123548298252236	112985000
chr3	112990000	113000000	4.075573171882553	112995000
chr3	113000000	113010000	4.144844340212496	113005000
chr3	113010000	113020000	1.608643953292316	113015000
chr3	113020000	113030000	0.41945092611315643	113025000
chr3	113030000	113040000	0.44665479613231507	113035000
chr3	113040000	113050000	0.3253591807531667	113045000
chr3	113050000	113060000	0.3776716599483833	113055000
chr3	113060000	113070000	0.8214619149932242	113065000
chr3	113070000	113080000	0.4163976371218081	113075000
chr3	113080000	113090000	0.6328990801434417	113085000
chr3	113090000	113100000	0.5388184497363029	113095000
chr3	113100000	113110000	0.18860814053424055	113105000
chr3	113110000	113120000	0.21646427080827152	113115000
chr3	113120000	113130000	0.22201764156339507	113125000
chr3	113130000	113140000	0.21569715148009316	113135000
chr3	113140000	113150000	0.24968229649434984	113145000
chr3	113150000	113160000	0.1998862140382957	113155000
chr3	113160000	113170000	0.11570159937500742	113165000
chr3	113170000	113180000	0.10686381928010617	113175000
chr3	113180000	113190000	0.1070111456677609	113185000
chr3	113190000	113200000	0.10748995642763881	113195000
chr3	113200000	113210000	0.10748995642763881	113205000
chr3	113210000	113220000	0.10748995642763881	113215000
chr3	113220000	113230000	0.11904660328033698	113225000
chr3	113230000	113240000	0.13674201765329314	113235000
chr3	113240000	113250000	0.13674201765329314	113245000
chr3	113250000	113260000	0.13881827155752174	113255000
chr3	113260000	113270000	0.13310212973315655	113265000
chr3	113270000	113280000	0.09335364769072504	113275000
chr3	113280000	113290000	0.10812466930201164	113285000
chr3	113290000	113300000	11.195541981491548	113295000
chr3	113300000	113310000	0.16580753198567702	113305000
chr3	113310000	113320000	1.0479218310072231	113315000
chr3	113320000	113330000	0.21526684597200577	113325000
chr3	113330000	113340000	15.965648461674192	113335000
chr3	113340000	113350000	12.248800026726252	113345000
chr3	113350000	113360000	2.8893954116851615	113355000
