chr12	0	10000	3.4861700885342133	5000
chr12	10000	20000	5.561023140690967	15000
chr12	20000	30000	0.10419397431792836	25000
chr12	30000	40000	0.12000763812011185	35000
chr12	40000	50000	0.06563783525334438	45000
chr12	50000	60000	0.05241331607706166	55000
chr12	60000	70000	0.056908230404948176	65000
chr12	70000	80000	0.060832830684115415	75000
chr12	80000	90000	0.10421334629137724	85000
chr12	90000	100000	0.0310454526605189	95000
chr12	100000	110000	0.08184723986317818	105000
chr12	110000	120000	0.06363658345284165	115000
chr12	120000	130000	0.0561041378990904	125000
chr12	130000	140000	0.07393884477188332	135000
chr12	140000	150000	0.08577573418106899	145000
chr12	150000	160000	0.03799180048567087	155000
chr12	160000	170000	0.041963695825623815	165000
chr12	170000	180000	0.05309826887912194	175000
chr12	180000	190000	0.07425934850689368	185000
chr12	190000	200000	0.09434883448716823	195000
chr12	200000	210000	0.23203620962384316	205000
chr12	210000	220000	0.2025266583799367	215000
chr12	220000	230000	0.1701942124566172	225000
chr12	230000	240000	0.8196885633853905	235000
chr12	240000	250000	0.38507670498880625	245000
chr12	250000	260000	0.6667624389183772	255000
chr12	260000	270000	0.9328055085571245	265000
chr12	270000	280000	0.9952285490170683	275000
chr12	280000	290000	0.953202839617803	285000
chr12	290000	300000	1.0572294361696157	295000
chr12	300000	310000	1.3416637643681266	305000
chr12	310000	320000	2.7978852265924754	315000
chr12	320000	330000	2.219574392324642	325000
chr12	330000	340000	4.392063369014214	335000
chr12	340000	350000	8.80697892583694	345000
chr12	350000	360000	9.607110812473909	355000
chr12	360000	370000	13.963695986034477	365000
chr12	370000	380000	10.777918420687602	375000
chr12	380000	390000	10.012371015182092	385000
chr12	390000	400000	14.97178117158671	395000
chr12	400000	410000	12.020366969499536	405000
chr12	410000	420000	13.033749302905015	415000
chr12	420000	430000	14.598374748265396	425000
chr12	430000	440000	19.31460390770887	435000
chr12	440000	450000	17.688263055807127	445000
chr12	450000	460000	24.002117003964116	455000
chr12	460000	470000	29.202406452396307	465000
chr12	470000	480000	28.032187353457584	475000
chr12	480000	490000	71.0249998369862	485000
chr12	490000	500000	62.486277071568416	495000
chr12	500000	510000	58.31506329231409	505000
chr12	510000	520000	58.455926745953406	515000
chr12	520000	530000	59.49012678445215	525000
chr12	530000	540000	58.839400964190034	535000
chr12	540000	550000	58.10053358775758	545000
chr12	550000	560000	58.61224690041699	555000
chr12	560000	570000	58.58417002080577	565000
chr12	570000	580000	58.933025662295826	575000
chr12	580000	590000	55.1673382964485	585000
chr12	590000	600000	53.41708901452091	595000
chr12	600000	610000	53.1763674645191	605000
chr12	610000	620000	53.12748257319419	615000
chr12	620000	630000	52.57930727315871	625000
chr12	630000	640000	52.376335941521674	635000
chr12	640000	650000	51.1848960102562	645000
chr12	650000	660000	52.15415063361704	655000
chr12	660000	670000	51.188641398226004	665000
chr12	670000	680000	49.99473391563017	675000
chr12	680000	690000	34.118351791781485	685000
chr12	690000	700000	32.727130927729924	695000
chr12	700000	710000	32.49825477225234	705000
chr12	710000	720000	21.05753415251334	715000
chr12	720000	730000	14.777994943458761	725000
chr12	730000	740000	11.663761439915392	735000
chr12	740000	750000	12.35659587943535	745000
chr12	750000	760000	10.407042442699233	755000
chr12	760000	770000	10.209354539638145	765000
chr12	770000	780000	25.34821954342352	775000
chr12	780000	790000	36.95752364332353	785000
chr12	790000	800000	48.64071508886333	795000
chr12	800000	810000	30.826158495866217	805000
chr12	810000	820000	51.486117922643764	815000
chr12	820000	830000	90.73650033475704	825000
chr12	830000	840000	112.7827711198831	835000
chr12	840000	850000	105.34665199983466	845000
chr12	850000	860000	113.09533957283419	855000
chr12	860000	870000	76.55560794793274	865000
chr12	870000	880000	41.80938365853509	875000
chr12	880000	890000	42.82484311744836	885000
chr12	890000	900000	40.018309737516105	895000
chr12	900000	910000	44.40622019782862	905000
chr12	910000	920000	42.39033276448759	915000
chr12	920000	930000	43.44793422146409	925000
chr12	930000	940000	48.37776067976416	935000
chr12	940000	950000	43.28942338345859	945000
chr12	950000	960000	43.50532122064975	955000
chr12	960000	970000	39.670864267617745	965000
chr12	970000	980000	39.11121866533172	975000
chr12	980000	990000	38.57056025532545	985000
chr12	990000	1000000	37.895859146567474	995000
chr12	1000000	1010000	35.08561011802074	1005000
chr12	1010000	1020000	36.38734478559713	1015000
chr12	1020000	1030000	32.81760043494582	1025000
chr12	1030000	1040000	30.64913482105884	1035000
chr12	1040000	1050000	33.31780414807082	1045000
chr12	1050000	1060000	33.71184530819197	1055000
chr12	1060000	1070000	30.410583602230776	1065000
chr12	1070000	1080000	38.80079792864779	1075000
chr12	1080000	1090000	31.212639086099475	1085000
chr12	1090000	1100000	34.72496527587381	1095000
chr12	1100000	1110000	44.52554564361867	1105000
chr12	1110000	1120000	35.81639271307084	1115000
chr12	1120000	1130000	46.1458925617471	1125000
chr12	1130000	1140000	46.67860481965615	1135000
chr12	1140000	1150000	43.53499991592961	1145000
chr12	1150000	1160000	29.011364496571915	1155000
chr12	1160000	1170000	48.67448348964631	1165000
chr12	1170000	1180000	45.11477630392823	1175000
chr12	1180000	1190000	38.12206189572238	1185000
chr12	1190000	1200000	33.26787878736344	1195000
chr12	1200000	1210000	33.045567764031105	1205000
chr12	1210000	1220000	44.36541340297841	1215000
chr12	1220000	1230000	46.11430241325041	1225000
chr12	1230000	1240000	49.24631003499576	1235000
chr12	1240000	1250000	73.70957692326651	1245000
chr12	1250000	1260000	72.63798645575714	1255000
chr12	1260000	1270000	52.16973515356228	1265000
chr12	1270000	1280000	30.57533684821333	1275000
chr12	1280000	1290000	19.817213666715485	1285000
chr12	1290000	1300000	21.88446783443885	1295000
chr12	1300000	1310000	22.00945541655448	1305000
chr12	1310000	1320000	51.00358887365768	1315000
chr12	1320000	1330000	46.025946732681774	1325000
chr12	1330000	1340000	39.29087536996156	1335000
chr12	1340000	1350000	41.93006328382019	1345000
chr12	1350000	1360000	102.76480513752617	1355000
chr12	1360000	1370000	105.25347568410825	1365000
chr12	1370000	1380000	78.12420695757059	1375000
chr12	1380000	1390000	88.3903128675899	1385000
chr12	1390000	1400000	112.09338237926741	1395000
chr12	1400000	1410000	110.85326865852075	1405000
chr12	1410000	1420000	75.01853680132507	1415000
chr12	1420000	1430000	113.85910686166123	1425000
chr12	1430000	1440000	127.41869491306797	1435000
chr12	1440000	1450000	86.58208952775063	1445000
chr12	1450000	1460000	141.8675619270712	1455000
chr12	1460000	1470000	91.11393292661188	1465000
chr12	1470000	1480000	80.8172275909116	1475000
chr12	1480000	1490000	78.55038262476911	1485000
chr12	1490000	1500000	50.22630392920267	1495000
chr12	1500000	1510000	59.02828903861915	1505000
chr12	1510000	1520000	53.902784172725724	1515000
chr12	1520000	1530000	69.53869027777294	1525000
chr12	1530000	1540000	84.5067930211415	1535000
chr12	1540000	1550000	84.42460291585641	1545000
chr12	1550000	1560000	88.35760246620137	1555000
chr12	1560000	1570000	81.92128235712526	1565000
chr12	1570000	1580000	66.3615160382732	1575000
chr12	1580000	1590000	88.62351671164235	1585000
chr12	1590000	1600000	90.03749402449769	1595000
chr12	1600000	1610000	112.51808298312493	1605000
chr12	1610000	1620000	112.51808298312493	1615000
chr12	1620000	1630000	112.51808298312503	1625000
chr12	1630000	1640000	112.51808298312568	1635000
chr12	1640000	1650000	112.51808298312521	1645000
chr12	1650000	1660000	112.5180829831255	1655000
chr12	1660000	1670000	112.51808298312507	1665000
chr12	1670000	1680000	112.51808298312497	1675000
chr12	1680000	1690000	107.43667424604637	1685000
chr12	1690000	1700000	53.84924302054452	1695000
chr12	1700000	1710000	100.44102361096375	1705000
chr12	1710000	1720000	129.862873354346	1715000
chr12	1720000	1730000	75.61989871434558	1725000
chr12	1730000	1740000	74.3217878111151	1735000
chr12	1740000	1750000	75.49350669260174	1745000
chr12	1750000	1760000	61.480404730136534	1755000
chr12	1760000	1770000	58.88050872543657	1765000
chr12	1770000	1780000	85.94726659781129	1775000
chr12	1780000	1790000	83.89640613475011	1785000
chr12	1790000	1800000	83.52407273696255	1795000
chr12	1800000	1810000	79.31412490506207	1805000
chr12	1810000	1820000	81.04472628015517	1815000
chr12	1820000	1830000	81.59197442480999	1825000
chr12	1830000	1840000	79.13517161152576	1835000
chr12	1840000	1850000	76.49357556150659	1845000
chr12	1850000	1860000	73.00713359906052	1855000
chr12	1860000	1870000	54.17469526502318	1865000
chr12	1870000	1880000	48.76324457030562	1875000
chr12	1880000	1890000	55.74373169192696	1885000
chr12	1890000	1900000	51.31950233927765	1895000
chr12	1900000	1910000	46.39615066906239	1905000
chr12	1910000	1920000	55.76390751222242	1915000
chr12	1920000	1930000	56.266446172231	1925000
chr12	1930000	1940000	51.27134062318515	1935000
chr12	1940000	1950000	47.81960164752859	1945000
chr12	1950000	1960000	56.1099869171905	1955000
chr12	1960000	1970000	56.18852657524704	1965000
chr12	1970000	1980000	52.70017103087222	1975000
chr12	1980000	1990000	54.99306073404839	1985000
chr12	1990000	2000000	48.80109326891346	1995000
chr12	2000000	2010000	32.12438029949378	2005000
chr12	2010000	2020000	28.98056371525594	2015000
chr12	2020000	2030000	32.400061813729415	2025000
chr12	2030000	2040000	35.755266095670706	2035000
chr12	2040000	2050000	14.903944012243109	2045000
chr12	2050000	2060000	42.32956970642967	2055000
chr12	2060000	2070000	52.389015652196626	2065000
chr12	2070000	2080000	70.95703575022691	2075000
chr12	2080000	2090000	66.61891260316906	2085000
chr12	2090000	2100000	103.09836036231974	2095000
chr12	2100000	2110000	105.48722813204463	2105000
chr12	2110000	2120000	50.485387207412074	2115000
chr12	2120000	2130000	78.57360381232274	2125000
chr12	2130000	2140000	30.85670110627372	2135000
chr12	2140000	2150000	62.32277459319729	2145000
chr12	2150000	2160000	42.92528576922683	2155000
chr12	2160000	2170000	38.333376382948394	2165000
chr12	2170000	2180000	38.33337638294837	2175000
chr12	2180000	2190000	38.33337638294843	2185000
chr12	2190000	2200000	38.33337638294837	2195000
chr12	2200000	2210000	38.333376382948394	2205000
chr12	2210000	2220000	38.333376382948586	2215000
chr12	2220000	2230000	38.333376382948494	2225000
chr12	2230000	2240000	38.3333763829484	2235000
chr12	2240000	2250000	38.33337638294838	2245000
chr12	2250000	2260000	38.33337638294846	2255000
chr12	2260000	2270000	38.33337638294852	2265000
chr12	2270000	2280000	38.33337638294835	2275000
chr12	2280000	2290000	38.333376382948586	2285000
chr12	2290000	2300000	38.33337638294845	2295000
chr12	2300000	2310000	58.74971752197394	2305000
chr12	2310000	2320000	61.883388487498806	2315000
chr12	2320000	2330000	61.88338848749909	2325000
chr12	2330000	2340000	61.88338848749906	2335000
chr12	2340000	2350000	61.88338848749867	2345000
chr12	2350000	2360000	61.88338848749875	2355000
chr12	2360000	2370000	61.88338848749866	2365000
chr12	2370000	2380000	61.88338848749844	2375000
chr12	2380000	2390000	61.88338848749833	2385000
chr12	2390000	2400000	60.98003797836936	2395000
chr12	2400000	2410000	70.61419407446932	2405000
chr12	2410000	2420000	80.36021770523612	2415000
chr12	2420000	2430000	75.7172726185989	2425000
chr12	2430000	2440000	75.085182949792	2435000
chr12	2440000	2450000	78.27153018476045	2445000
chr12	2450000	2460000	46.497208353155884	2455000
chr12	2460000	2470000	72.33171988343284	2465000
chr12	2470000	2480000	72.62350231224924	2475000
chr12	2480000	2490000	94.9219212685044	2485000
chr12	2490000	2500000	102.66669858694296	2495000
chr12	2500000	2510000	111.6843879098864	2505000
chr12	2510000	2520000	119.9281619607474	2515000
chr12	2520000	2530000	98.5867068898249	2525000
chr12	2530000	2540000	109.03453593825536	2535000
chr12	2540000	2550000	130.15056188810556	2545000
chr12	2550000	2560000	133.20951551548495	2555000
chr12	2560000	2570000	102.72364972132841	2565000
chr12	2570000	2580000	49.559153513112996	2575000
chr12	2580000	2590000	58.166309342290084	2585000
chr12	2590000	2600000	88.4782634783124	2595000
chr12	2600000	2610000	109.10871927723726	2605000
chr12	2610000	2620000	55.46583788407672	2615000
chr12	2620000	2630000	54.57793606548231	2625000
chr12	2630000	2640000	69.27069369398632	2635000
chr12	2640000	2650000	69.27069369398623	2645000
chr12	2650000	2660000	69.2706936939862	2655000
chr12	2660000	2670000	69.27069369398635	2665000
chr12	2670000	2680000	69.27069369398635	2675000
chr12	2680000	2690000	69.27069369398625	2685000
chr12	2690000	2700000	69.2706936939864	2695000
chr12	2700000	2710000	69.27069369398632	2705000
chr12	2710000	2720000	67.78019861119064	2715000
chr12	2720000	2730000	92.71795430929082	2725000
chr12	2730000	2740000	84.06932559626688	2735000
chr12	2740000	2750000	52.17228991311376	2745000
chr12	2750000	2760000	63.926827920421616	2755000
chr12	2760000	2770000	54.218643548346236	2765000
chr12	2770000	2780000	56.62283376237794	2775000
chr12	2780000	2790000	53.36396563944062	2785000
chr12	2790000	2800000	36.701530595926684	2795000
chr12	2800000	2810000	36.1832151005936	2805000
chr12	2810000	2820000	5.669653946319875	2815000
chr12	2820000	2830000	89.52097481826232	2825000
chr12	2830000	2840000	36.75920706690974	2835000
chr12	2840000	2850000	54.305209482167484	2845000
chr12	2850000	2860000	34.34118947887875	2855000
chr12	2860000	2870000	32.933257034853604	2865000
chr12	2870000	2880000	19.082323586728524	2875000
chr12	2880000	2890000	17.006094513212297	2885000
chr12	2890000	2900000	20.734504690361053	2895000
chr12	2900000	2910000	37.19980150123363	2905000
chr12	2910000	2920000	71.72594210319616	2915000
chr12	2920000	2930000	43.94339457231053	2925000
chr12	2930000	2940000	31.74400155206868	2935000
chr12	2940000	2950000	31.22656066116138	2945000
chr12	2950000	2960000	24.4361571700438	2955000
chr12	2960000	2970000	39.44632871764277	2965000
chr12	2970000	2980000	49.46018344444128	2975000
chr12	2980000	2990000	61.48999985757104	2985000
chr12	2990000	3000000	59.06469917255031	2995000
chr12	3000000	3010000	69.97892693530295	3005000
chr12	3010000	3020000	68.88028060910933	3015000
chr12	3020000	3030000	62.67908093853462	3025000
chr12	3030000	3040000	53.847939654283515	3035000
chr12	3040000	3050000	64.35052030306359	3045000
chr12	3050000	3060000	75.49533511020448	3055000
chr12	3060000	3070000	67.58531341100716	3065000
chr12	3070000	3080000	81.33885424448783	3075000
chr12	3080000	3090000	47.21813392156073	3085000
chr12	3090000	3100000	32.603619404792674	3095000
chr12	3100000	3110000	41.79308840812101	3105000
chr12	3110000	3120000	42.069750221520266	3115000
chr12	3120000	3130000	37.092468221444626	3125000
chr12	3130000	3140000	22.6184526755328	3135000
chr12	3140000	3150000	22.970884372280143	3145000
chr12	3150000	3160000	17.44298538048606	3155000
chr12	3160000	3170000	25.414765192443184	3165000
chr12	3170000	3180000	26.53723243000831	3175000
chr12	3180000	3190000	29.315602487102684	3185000
chr12	3190000	3200000	26.993228913565552	3195000
chr12	3200000	3210000	24.09380785158328	3205000
chr12	3210000	3220000	22.945243289700073	3215000
chr12	3220000	3230000	19.22831210122913	3225000
chr12	3230000	3240000	22.44807955768906	3235000
chr12	3240000	3250000	19.794067947596602	3245000
chr12	3250000	3260000	22.736013768494047	3255000
chr12	3260000	3270000	21.33884217516565	3265000
chr12	3270000	3280000	29.59490993511969	3275000
chr12	3280000	3290000	69.71508769553341	3285000
chr12	3290000	3300000	35.05958637357268	3295000
chr12	3300000	3310000	35.466093391876484	3305000
chr12	3310000	3320000	30.671321746312383	3315000
chr12	3320000	3330000	22.145958420201392	3325000
chr12	3330000	3340000	33.56788662050419	3335000
chr12	3340000	3350000	25.779741122464365	3345000
chr12	3350000	3360000	20.29403447192535	3355000
chr12	3360000	3370000	22.882564237790476	3365000
chr12	3370000	3380000	55.031319890835654	3375000
chr12	3380000	3390000	43.344561035679554	3385000
chr12	3390000	3400000	41.57674335559309	3395000
chr12	3400000	3410000	45.11021437187734	3405000
chr12	3410000	3420000	32.953656855495986	3415000
chr12	3420000	3430000	42.124685716524766	3425000
chr12	3430000	3440000	29.109721842675707	3435000
chr12	3440000	3450000	12.700673045841315	3445000
chr12	3450000	3460000	23.7537202142305	3455000
chr12	3460000	3470000	26.845456420258994	3465000
chr12	3470000	3480000	44.34410609512193	3475000
chr12	3480000	3490000	34.00554848633767	3485000
chr12	3490000	3500000	33.92561132480851	3495000
chr12	3500000	3510000	31.929110119052424	3505000
chr12	3510000	3520000	26.376035237177064	3515000
chr12	3520000	3530000	29.486118510649682	3525000
chr12	3530000	3540000	39.65658831082352	3535000
chr12	3540000	3550000	25.171567490974034	3545000
chr12	3550000	3560000	18.201670151334376	3555000
chr12	3560000	3570000	23.25408192109185	3565000
chr12	3570000	3580000	34.64308815413743	3575000
chr12	3580000	3590000	28.817153320047318	3585000
chr12	3590000	3600000	21.393977476464457	3595000
chr12	3600000	3610000	28.11727275469699	3605000
chr12	3610000	3620000	40.82899344364359	3615000
chr12	3620000	3630000	27.057093881262997	3625000
chr12	3630000	3640000	26.002154637649454	3635000
chr12	3640000	3650000	21.168877453688275	3645000
chr12	3650000	3660000	23.10226137713493	3655000
chr12	3660000	3670000	16.97143995115381	3665000
chr12	3670000	3680000	22.494289289889778	3675000
chr12	3680000	3690000	47.360041380155145	3685000
chr12	3690000	3700000	19.369940882671887	3695000
chr12	3700000	3710000	29.999668089912088	3705000
chr12	3710000	3720000	32.17596514707843	3715000
chr12	3720000	3730000	44.63491006611158	3725000
chr12	3730000	3740000	39.876280466690915	3735000
chr12	3740000	3750000	43.308977918617245	3745000
chr12	3750000	3760000	40.67684455779824	3755000
chr12	3760000	3770000	39.03646552071253	3765000
chr12	3770000	3780000	31.371507884755868	3775000
chr12	3780000	3790000	34.45126749321049	3785000
chr12	3790000	3800000	28.650951057629175	3795000
chr12	3800000	3810000	37.98220106086671	3805000
chr12	3810000	3820000	38.215458923684224	3815000
chr12	3820000	3830000	39.321654956681876	3825000
chr12	3830000	3840000	28.881707980626267	3835000
chr12	3840000	3850000	42.24980381762487	3845000
chr12	3850000	3860000	30.638063915186464	3855000
chr12	3860000	3870000	37.54964755791312	3865000
chr12	3870000	3880000	24.493418690453474	3875000
chr12	3880000	3890000	19.665716428600437	3885000
chr12	3890000	3900000	25.03265061794742	3895000
chr12	3900000	3910000	33.44893520299671	3905000
chr12	3910000	3920000	39.255218941272936	3915000
chr12	3920000	3930000	45.91673723236013	3925000
chr12	3930000	3940000	40.87955838710647	3935000
chr12	3940000	3950000	49.95052901186202	3945000
chr12	3950000	3960000	38.20590174275616	3955000
chr12	3960000	3970000	47.49195759247213	3965000
chr12	3970000	3980000	49.441636767000524	3975000
chr12	3980000	3990000	43.69566774581287	3985000
chr12	3990000	4000000	38.296871221320316	3995000
chr12	4000000	4010000	32.5260136947924	4005000
chr12	4010000	4020000	27.515820321007713	4015000
chr12	4020000	4030000	24.09321132853382	4025000
chr12	4030000	4040000	30.4569794627323	4035000
chr12	4040000	4050000	48.023191246765634	4045000
chr12	4050000	4060000	28.60317782727434	4055000
chr12	4060000	4070000	40.670824479712806	4065000
chr12	4070000	4080000	45.64266606949406	4075000
chr12	4080000	4090000	19.95672170181205	4085000
chr12	4090000	4100000	21.684268314727742	4095000
chr12	4100000	4110000	28.82621329308265	4105000
chr12	4110000	4120000	34.65223969669838	4115000
chr12	4120000	4130000	33.27002833127269	4125000
chr12	4130000	4140000	23.74649378580257	4135000
chr12	4140000	4150000	30.52960701958563	4145000
chr12	4150000	4160000	32.90008340038676	4155000
chr12	4160000	4170000	29.53104104977016	4165000
chr12	4170000	4180000	22.288125264964016	4175000
chr12	4180000	4190000	28.41534179834429	4185000
chr12	4190000	4200000	31.144382021122002	4195000
chr12	4200000	4210000	30.090547324629018	4205000
chr12	4210000	4220000	15.271768438908351	4215000
chr12	4220000	4230000	19.272928063742498	4225000
chr12	4230000	4240000	19.63390506900533	4235000
chr12	4240000	4250000	17.556587604302145	4245000
chr12	4250000	4260000	17.431524402707332	4255000
chr12	4260000	4270000	17.334430263303183	4265000
chr12	4270000	4280000	16.611326398919047	4275000
chr12	4280000	4290000	15.284395034256551	4285000
chr12	4290000	4300000	16.3634462548297	4295000
chr12	4300000	4310000	15.536755829096544	4305000
chr12	4310000	4320000	17.099942587768716	4315000
chr12	4320000	4330000	14.490615257041382	4325000
chr12	4330000	4340000	20.064019322572182	4335000
chr12	4340000	4350000	22.405354257386865	4345000
chr12	4350000	4360000	20.072957398408324	4355000
chr12	4360000	4370000	21.737385797441924	4365000
chr12	4370000	4380000	17.607555871562838	4375000
chr12	4380000	4390000	24.447991523648835	4385000
chr12	4390000	4400000	19.188632168344938	4395000
chr12	4400000	4410000	17.10025533936945	4405000
chr12	4410000	4420000	20.431927585009856	4415000
chr12	4420000	4430000	32.5782292975534	4425000
chr12	4430000	4440000	18.381401434740756	4435000
chr12	4440000	4450000	15.297277148518805	4445000
chr12	4450000	4460000	18.5319960544344	4455000
chr12	4460000	4470000	23.885894108018515	4465000
chr12	4470000	4480000	26.99053838012605	4475000
chr12	4480000	4490000	18.13883675855061	4485000
chr12	4490000	4500000	25.67264389069162	4495000
chr12	4500000	4510000	38.481726688831884	4505000
chr12	4510000	4520000	19.82382899309205	4515000
chr12	4520000	4530000	31.5722277714893	4525000
chr12	4530000	4540000	16.80582338844356	4535000
chr12	4540000	4550000	21.711306674800422	4545000
chr12	4550000	4560000	25.54368300202906	4555000
chr12	4560000	4570000	25.685401471134657	4565000
chr12	4570000	4580000	25.250133141272276	4575000
chr12	4580000	4590000	25.663209467623428	4585000
chr12	4590000	4600000	25.27958501026457	4595000
chr12	4600000	4610000	26.22491407021588	4605000
chr12	4610000	4620000	26.254267303309394	4615000
chr12	4620000	4630000	24.90464617501623	4625000
chr12	4630000	4640000	16.031396904323614	4635000
chr12	4640000	4650000	22.945288331263843	4645000
chr12	4650000	4660000	29.06675780106724	4655000
chr12	4660000	4670000	30.185356415403053	4665000
chr12	4670000	4680000	25.30510125620309	4675000
chr12	4680000	4690000	30.374927068881743	4685000
chr12	4690000	4700000	14.554083459891691	4695000
chr12	4700000	4710000	14.670813482085222	4705000
chr12	4710000	4720000	20.83255162905463	4715000
chr12	4720000	4730000	42.83520389395846	4725000
chr12	4730000	4740000	40.96719148376177	4735000
chr12	4740000	4750000	37.291983733369705	4745000
chr12	4750000	4760000	45.53771009604291	4755000
chr12	4760000	4770000	27.41922966577114	4765000
chr12	4770000	4780000	37.79201451630201	4775000
chr12	4780000	4790000	16.526922527380826	4785000
chr12	4790000	4800000	10.11211151043005	4795000
chr12	4800000	4810000	10.73007101644037	4805000
chr12	4810000	4820000	9.951732676970584	4815000
chr12	4820000	4830000	13.632944922324405	4825000
chr12	4830000	4840000	20.009118088627037	4835000
chr12	4840000	4850000	16.252897359233742	4845000
chr12	4850000	4860000	22.491653594439377	4855000
chr12	4860000	4870000	33.4037281142216	4865000
chr12	4870000	4880000	23.452927639484514	4875000
chr12	4880000	4890000	22.220241594415903	4885000
chr12	4890000	4900000	15.186536568180198	4895000
chr12	4900000	4910000	15.675655981703153	4905000
chr12	4910000	4920000	16.617807540339168	4915000
chr12	4920000	4930000	17.20335390915347	4925000
chr12	4930000	4940000	17.750305508302787	4935000
chr12	4940000	4950000	18.28174915084647	4945000
chr12	4950000	4960000	15.899495284313733	4955000
chr12	4960000	4970000	17.59662665346127	4965000
chr12	4970000	4980000	15.377961555064957	4975000
chr12	4980000	4990000	16.164070375545094	4985000
chr12	4990000	5000000	15.955978668650815	4995000
chr12	5000000	5010000	8.056494323506598	5005000
chr12	5010000	5020000	14.769427957922037	5015000
chr12	5020000	5030000	10.959958751510316	5025000
chr12	5030000	5040000	11.296233199671871	5035000
chr12	5040000	5050000	15.880032536152271	5045000
chr12	5050000	5060000	19.586882733418047	5055000
chr12	5060000	5070000	27.934058788472118	5065000
chr12	5070000	5080000	12.499662467914025	5075000
chr12	5080000	5090000	17.494511956049234	5085000
chr12	5090000	5100000	13.964605161963233	5095000
chr12	5100000	5110000	14.501143879393226	5105000
chr12	5110000	5120000	8.856124702523969	5115000
chr12	5120000	5130000	21.699525839741863	5125000
chr12	5130000	5140000	21.88331422352583	5135000
chr12	5140000	5150000	23.605203272819512	5145000
chr12	5150000	5160000	10.048462406074712	5155000
chr12	5160000	5170000	20.266201315473584	5165000
chr12	5170000	5180000	29.084468209147694	5175000
chr12	5180000	5190000	17.0533994146518	5185000
chr12	5190000	5200000	21.808448338723586	5195000
chr12	5200000	5210000	16.169734684148118	5205000
chr12	5210000	5220000	9.028684799449884	5215000
chr12	5220000	5230000	10.456323796977896	5225000
chr12	5230000	5240000	7.889609653471268	5235000
chr12	5240000	5250000	7.9175037807149025	5245000
chr12	5250000	5260000	12.425322940562024	5255000
chr12	5260000	5270000	16.50280011924156	5265000
chr12	5270000	5280000	7.555512043016491	5275000
chr12	5280000	5290000	15.657649087190595	5285000
chr12	5290000	5300000	17.603774232122905	5295000
chr12	5300000	5310000	20.118824272535367	5305000
chr12	5310000	5320000	16.77474628817493	5315000
chr12	5320000	5330000	20.992992149361182	5325000
chr12	5330000	5340000	16.382879026452194	5335000
chr12	5340000	5350000	21.04772241254021	5345000
chr12	5350000	5360000	11.859937189713493	5355000
chr12	5360000	5370000	9.68158746750392	5365000
chr12	5370000	5380000	21.408453258820145	5375000
chr12	5380000	5390000	17.128361937061086	5385000
chr12	5390000	5400000	17.738982728007013	5395000
chr12	5400000	5410000	20.77309411451476	5405000
chr12	5410000	5420000	20.5508510113187	5415000
chr12	5420000	5430000	23.759214083432415	5425000
chr12	5430000	5440000	21.820677650095767	5435000
chr12	5440000	5450000	13.49482015721712	5445000
chr12	5450000	5460000	36.607273782929255	5455000
chr12	5460000	5470000	19.58458184645379	5465000
chr12	5470000	5480000	19.263831183116228	5475000
chr12	5480000	5490000	22.739834925821604	5485000
chr12	5490000	5500000	22.757861012219696	5495000
chr12	5500000	5510000	20.65237756151449	5505000
chr12	5510000	5520000	24.2977139015682	5515000
chr12	5520000	5530000	24.057272634263946	5525000
chr12	5530000	5540000	23.585186125192287	5535000
chr12	5540000	5550000	23.394170895263738	5545000
chr12	5550000	5560000	20.364624874541224	5555000
chr12	5560000	5570000	19.394899141788844	5565000
chr12	5570000	5580000	15.830371433835063	5575000
chr12	5580000	5590000	17.483613247529266	5585000
chr12	5590000	5600000	15.454374907562428	5595000
chr12	5600000	5610000	16.58463988225517	5605000
chr12	5610000	5620000	18.785448629875276	5615000
chr12	5620000	5630000	19.019397815272782	5625000
chr12	5630000	5640000	25.95475459075699	5635000
chr12	5640000	5650000	17.21310720788545	5645000
chr12	5650000	5660000	21.76807787971236	5655000
chr12	5660000	5670000	15.388165597803003	5665000
chr12	5670000	5680000	13.743414993406788	5675000
chr12	5680000	5690000	23.596959808140152	5685000
chr12	5690000	5700000	16.90440408751889	5695000
chr12	5700000	5710000	17.76062277401758	5705000
chr12	5710000	5720000	23.20893589061255	5715000
chr12	5720000	5730000	26.794643095541257	5725000
chr12	5730000	5740000	24.41719747634495	5735000
chr12	5740000	5750000	20.086367539801543	5745000
chr12	5750000	5760000	23.97784933416279	5755000
chr12	5760000	5770000	32.75954455973003	5765000
chr12	5770000	5780000	21.93630097618681	5775000
chr12	5780000	5790000	18.125044967049835	5785000
chr12	5790000	5800000	14.790699778382894	5795000
chr12	5800000	5810000	13.461032351181052	5805000
chr12	5810000	5820000	15.212147168176033	5815000
chr12	5820000	5830000	20.618363693435597	5825000
chr12	5830000	5840000	20.20581410225049	5835000
chr12	5840000	5850000	23.140600115008912	5845000
chr12	5850000	5860000	25.261758207212345	5855000
chr12	5860000	5870000	26.181854699706474	5865000
chr12	5870000	5880000	22.731035562259542	5875000
chr12	5880000	5890000	20.946686561438806	5885000
chr12	5890000	5900000	19.602484903964715	5895000
chr12	5900000	5910000	25.23360170653454	5905000
chr12	5910000	5920000	25.066679009936337	5915000
chr12	5920000	5930000	35.141736752668436	5925000
chr12	5930000	5940000	26.17940048690937	5935000
chr12	5940000	5950000	26.913655940360744	5945000
chr12	5950000	5960000	24.522549650875472	5955000
chr12	5960000	5970000	17.703581178578023	5965000
chr12	5970000	5980000	18.485018873015186	5975000
chr12	5980000	5990000	23.632825380440284	5985000
chr12	5990000	6000000	24.828015728508305	5995000
chr12	6000000	6010000	24.375465416523916	6005000
chr12	6010000	6020000	33.922178249777645	6015000
chr12	6020000	6030000	31.160569412393972	6025000
chr12	6030000	6040000	40.04014703120943	6035000
chr12	6040000	6050000	35.578096243490236	6045000
chr12	6050000	6060000	30.843697405342585	6055000
chr12	6060000	6070000	25.272342572976953	6065000
chr12	6070000	6080000	23.926841905152727	6075000
chr12	6080000	6090000	28.545943710069484	6085000
chr12	6090000	6100000	24.96234412928774	6095000
chr12	6100000	6110000	15.285268207032992	6105000
chr12	6110000	6120000	12.752997253315772	6115000
chr12	6120000	6130000	15.58206222215136	6125000
chr12	6130000	6140000	19.5900090004389	6135000
chr12	6140000	6150000	14.769878152681889	6145000
chr12	6150000	6160000	23.671737472093856	6155000
chr12	6160000	6170000	24.153842111930697	6165000
chr12	6170000	6180000	18.564328981945824	6175000
chr12	6180000	6190000	29.831849563474844	6185000
chr12	6190000	6200000	30.99860018266027	6195000
chr12	6200000	6210000	16.046021817999105	6205000
chr12	6210000	6220000	15.195068352148393	6215000
chr12	6220000	6230000	21.807926937797582	6225000
chr12	6230000	6240000	18.571850549627435	6235000
chr12	6240000	6250000	26.978307182895737	6245000
chr12	6250000	6260000	18.90748061272237	6255000
chr12	6260000	6270000	17.579388095632204	6265000
chr12	6270000	6280000	22.77374890712125	6275000
chr12	6280000	6290000	17.62932870944676	6285000
chr12	6290000	6300000	22.88956023496443	6295000
chr12	6300000	6310000	22.596770837172492	6305000
chr12	6310000	6320000	22.390440596519984	6315000
chr12	6320000	6330000	18.207036661241045	6325000
chr12	6330000	6340000	19.244328771348297	6335000
chr12	6340000	6350000	17.71335467887757	6345000
chr12	6350000	6360000	13.34947971224559	6355000
chr12	6360000	6370000	11.839651083252246	6365000
chr12	6370000	6380000	18.409101907372474	6375000
chr12	6380000	6390000	16.590359078034357	6385000
chr12	6390000	6400000	12.239015739475677	6395000
chr12	6400000	6410000	14.48645627906108	6405000
chr12	6410000	6420000	13.307872847203086	6415000
chr12	6420000	6430000	14.816853865973634	6425000
chr12	6430000	6440000	12.827291756155205	6435000
chr12	6440000	6450000	12.465964646928079	6445000
chr12	6450000	6460000	13.26060703239621	6455000
chr12	6460000	6470000	14.970834976074757	6465000
chr12	6470000	6480000	14.541161283347263	6475000
chr12	6480000	6490000	14.195809421336959	6485000
chr12	6490000	6500000	15.987405764702231	6495000
chr12	6500000	6510000	16.39604020079829	6505000
chr12	6510000	6520000	21.435354574279895	6515000
chr12	6520000	6530000	15.455721118379538	6525000
chr12	6530000	6540000	12.070605640536076	6535000
chr12	6540000	6550000	11.230134486980715	6545000
chr12	6550000	6560000	7.213091132215544	6555000
chr12	6560000	6570000	16.564751179587507	6565000
chr12	6570000	6580000	17.738205192329083	6575000
chr12	6580000	6590000	12.194452600573488	6585000
chr12	6590000	6600000	17.266977047872945	6595000
chr12	6600000	6610000	14.753292442989073	6605000
chr12	6610000	6620000	34.05991846820789	6615000
chr12	6620000	6630000	17.564803748674322	6625000
chr12	6630000	6640000	10.320324359019839	6635000
chr12	6640000	6650000	13.399176592135122	6645000
chr12	6650000	6660000	8.394902508011047	6655000
chr12	6660000	6670000	4.418799733906056	6665000
chr12	6670000	6680000	17.166185168450582	6675000
chr12	6680000	6690000	5.279317260903844	6685000
chr12	6690000	6700000	5.2773309704913265	6695000
chr12	6700000	6710000	6.782556536533377	6705000
chr12	6710000	6720000	21.055817673201275	6715000
chr12	6720000	6730000	31.961738510102904	6725000
chr12	6730000	6740000	21.53231551549504	6735000
chr12	6740000	6750000	15.82612254787399	6745000
chr12	6750000	6760000	14.848295454404601	6755000
chr12	6760000	6770000	9.505460905682995	6765000
chr12	6770000	6780000	7.140456969946206	6775000
chr12	6780000	6790000	12.25340820315994	6785000
chr12	6790000	6800000	6.217212512278031	6795000
chr12	6800000	6810000	16.003341460285007	6805000
chr12	6810000	6820000	19.59267729633057	6815000
chr12	6820000	6830000	28.264649807280243	6825000
chr12	6830000	6840000	25.627513352436633	6835000
chr12	6840000	6850000	16.154421264960856	6845000
chr12	6850000	6860000	9.943331922317954	6855000
chr12	6860000	6870000	16.575868212588496	6865000
chr12	6870000	6880000	21.62268664768146	6875000
chr12	6880000	6890000	14.928964939186246	6885000
chr12	6890000	6900000	19.891021223695226	6895000
chr12	6900000	6910000	8.56811972335224	6905000
chr12	6910000	6920000	12.871343819462357	6915000
chr12	6920000	6930000	17.174856749677616	6925000
chr12	6930000	6940000	23.365848040812615	6935000
chr12	6940000	6950000	22.794086525502603	6945000
chr12	6950000	6960000	26.86563438512987	6955000
chr12	6960000	6970000	17.687541002308386	6965000
chr12	6970000	6980000	39.692790682304874	6975000
chr12	6980000	6990000	18.521572609380932	6985000
chr12	6990000	7000000	11.15735719672136	6995000
chr12	7000000	7010000	10.487118824260495	7005000
chr12	7010000	7020000	6.076726544020168	7015000
chr12	7020000	7030000	18.82103499617855	7025000
chr12	7030000	7040000	7.153707618690204	7035000
chr12	7040000	7050000	20.997579605986285	7045000
chr12	7050000	7060000	8.052014013667861	7055000
chr12	7060000	7070000	4.337897006573758	7065000
chr12	7070000	7080000	15.637482778703042	7075000
chr12	7080000	7090000	15.554104577315297	7085000
chr12	7090000	7100000	14.211072514342215	7095000
chr12	7100000	7110000	3.719961386538618	7105000
chr12	7110000	7120000	5.421508360262419	7115000
chr12	7120000	7130000	3.819139801211257	7125000
chr12	7130000	7140000	6.214281688240955	7135000
chr12	7140000	7150000	5.107699295683972	7145000
chr12	7150000	7160000	3.211956888099261	7155000
chr12	7160000	7170000	4.563242321794862	7165000
chr12	7170000	7180000	7.839985429075783	7175000
chr12	7180000	7190000	7.912358039319428	7185000
chr12	7190000	7200000	9.6471698028061	7195000
chr12	7200000	7210000	10.062269212066829	7205000
chr12	7210000	7220000	8.522032994893745	7215000
chr12	7220000	7230000	12.48220260853498	7225000
chr12	7230000	7240000	11.571601222532882	7235000
chr12	7240000	7250000	8.11380801118076	7245000
chr12	7250000	7260000	7.0536391607284745	7255000
chr12	7260000	7270000	8.6687223894429	7265000
chr12	7270000	7280000	12.038554293103843	7275000
chr12	7280000	7290000	9.462972698149992	7285000
chr12	7290000	7300000	10.445436833268346	7295000
chr12	7300000	7310000	6.38195623398474	7305000
chr12	7310000	7320000	10.351729099678359	7315000
chr12	7320000	7330000	5.698899891066813	7325000
chr12	7330000	7340000	5.262074347014364	7335000
chr12	7340000	7350000	4.7848754152621265	7345000
chr12	7350000	7360000	11.31550663499311	7355000
chr12	7360000	7370000	6.12652059597271	7365000
chr12	7370000	7380000	10.240680570190506	7375000
chr12	7390000	7400000	8.836403040362745	7395000
chr12	7400000	7410000	8.836403040362738	7405000
chr12	7410000	7420000	6.416283219130146	7415000
chr12	7420000	7430000	3.028070925004692	7425000
chr12	7430000	7440000	6.014500188787355	7435000
chr12	7440000	7450000	4.435819909740633	7445000
chr12	7450000	7460000	2.1054185627731967	7455000
chr12	7460000	7470000	11.584467052877942	7465000
chr12	7470000	7480000	5.353699237426814	7475000
chr12	7480000	7490000	3.971995609920418	7485000
chr12	7490000	7500000	7.74629016182176	7495000
chr12	7500000	7510000	17.620669388010533	7505000
chr12	7510000	7520000	13.912788458447988	7515000
chr12	7520000	7530000	11.017910342328289	7525000
chr12	7530000	7540000	7.620603975592104	7535000
chr12	7540000	7550000	11.568350535611756	7545000
chr12	7550000	7560000	4.6842213173261005	7555000
chr12	7560000	7570000	7.155627439389345	7565000
chr12	7570000	7580000	8.868131593854418	7575000
chr12	7580000	7590000	11.724383619989991	7585000
chr12	7590000	7600000	3.14429295292238	7595000
chr12	7600000	7610000	10.881668207080134	7605000
chr12	7610000	7620000	11.58337423742785	7615000
chr12	7620000	7630000	4.071711068183441	7625000
chr12	7630000	7640000	3.946640471786147	7635000
chr12	7640000	7650000	3.1602520117091646	7645000
chr12	7650000	7660000	3.7958426000177834	7655000
chr12	7660000	7670000	3.8372738502420534	7665000
chr12	7670000	7680000	3.1463624823095753	7675000
chr12	7680000	7690000	9.218113968896123	7685000
chr12	7690000	7700000	10.02026048228867	7695000
chr12	7700000	7710000	5.603839204629466	7705000
chr12	7710000	7720000	11.981582334570412	7715000
chr12	7720000	7730000	6.575804618209941	7725000
chr12	7730000	7740000	16.594401829847435	7735000
chr12	7740000	7750000	7.4175355991625604	7745000
chr12	7750000	7760000	7.836440179430636	7755000
chr12	7760000	7770000	6.697467854664379	7765000
chr12	7770000	7780000	5.525227963295264	7775000
chr12	7780000	7790000	5.101474601503321	7785000
chr12	7790000	7800000	9.332187606159842	7795000
chr12	7800000	7810000	7.277063208618042	7805000
chr12	7810000	7820000	16.200815445869342	7815000
chr12	7820000	7830000	7.122478087954362	7825000
chr12	7830000	7840000	4.1932076612341564	7835000
chr12	7840000	7850000	2.268946415250933	7845000
chr12	7850000	7860000	4.051743739927338	7855000
chr12	7860000	7870000	5.070592099891198	7865000
chr12	7870000	7880000	2.103932022770153	7875000
chr12	7880000	7890000	8.24507305693629	7885000
chr12	7890000	7900000	6.734767499966929	7895000
chr12	7900000	7910000	12.395048145088685	7905000
chr12	7910000	7920000	7.638154251581155	7915000
chr12	7920000	7930000	5.250718348379129	7925000
chr12	7930000	7940000	7.656184020318392	7935000
chr12	7940000	7950000	16.82038106684544	7945000
chr12	7950000	7960000	7.275146651700617	7955000
chr12	7960000	7970000	7.806157115954103	7965000
chr12	7970000	7980000	12.320018061512124	7975000
chr12	7980000	7990000	15.211066396218882	7985000
chr12	7990000	8000000	9.331728131954202	7995000
chr12	8000000	8010000	8.642328188011318	8005000
chr12	8010000	8020000	7.931424074970307	8015000
chr12	8020000	8030000	10.959059332825866	8025000
chr12	8030000	8040000	15.810303050586514	8035000
chr12	8040000	8050000	9.35130456905484	8045000
chr12	8050000	8060000	7.99751346105466	8055000
chr12	8060000	8070000	9.745245872072097	8065000
chr12	8070000	8080000	7.550625749171626	8075000
chr12	8080000	8090000	7.803700966634712	8085000
chr12	8090000	8100000	13.619563122877869	8095000
chr12	8100000	8110000	14.592939994708207	8105000
chr12	8110000	8120000	13.094953519040455	8115000
chr12	8120000	8130000	3.7908024788151464	8125000
chr12	8130000	8140000	4.555647506593363	8135000
chr12	8140000	8150000	9.150088526877889	8145000
chr12	8150000	8160000	3.3973584228412173	8155000
chr12	8160000	8170000	6.982389018201048	8165000
chr12	8170000	8180000	16.6925929394401	8175000
chr12	8180000	8190000	10.658836236654855	8185000
chr12	8190000	8200000	2.4033694703711745	8195000
chr12	8200000	8210000	3.973204274345455	8205000
chr12	8210000	8220000	4.892876114952976	8215000
chr12	8220000	8230000	2.335134555106075	8225000
chr12	8230000	8240000	2.4318017457743286	8235000
chr12	8240000	8250000	3.5152758752402966	8245000
chr12	8250000	8260000	5.455611504376109	8255000
chr12	8260000	8270000	4.31352810581421	8265000
chr12	8270000	8280000	4.225200526609995	8275000
chr12	8280000	8290000	3.411752352275615	8285000
chr12	8290000	8300000	6.303712589075309	8295000
chr12	8300000	8310000	1.918011813723529	8305000
chr12	8310000	8320000	3.0866341035456855	8315000
chr12	8320000	8330000	16.302785489818955	8325000
chr12	8330000	8340000	10.316746901417835	8335000
chr12	8340000	8350000	11.76851251361937	8345000
chr12	8350000	8360000	6.599849231600837	8355000
chr12	8360000	8370000	7.6681408845397305	8365000
chr12	8370000	8380000	4.1065083665645075	8375000
chr12	8380000	8390000	3.461673841094471	8385000
chr12	8390000	8400000	9.026494166147087	8395000
chr12	8400000	8410000	9.204865444887103	8405000
chr12	8410000	8420000	5.135678969719683	8415000
chr12	8420000	8430000	9.548141452566687	8425000
chr12	8430000	8440000	7.715716969931537	8435000
chr12	8440000	8450000	6.492172627837445	8445000
chr12	8450000	8460000	5.713856932709692	8455000
chr12	8460000	8470000	5.739216475850278	8465000
chr12	8470000	8480000	5.466260443351477	8475000
chr12	8480000	8490000	5.4610410816362895	8485000
chr12	8490000	8500000	5.243299627506868	8495000
chr12	8500000	8510000	8.913858224752646	8505000
chr12	8510000	8520000	4.005064824557015	8515000
chr12	8520000	8530000	3.960754040188733	8525000
chr12	8530000	8540000	4.831826322884422	8535000
chr12	8540000	8550000	4.260316879885302	8545000
chr12	8550000	8560000	3.542882867708387	8555000
chr12	8560000	8570000	3.7010811343295194	8565000
chr12	8570000	8580000	3.5914392073461943	8575000
chr12	8580000	8590000	4.166790780197175	8585000
chr12	8590000	8600000	3.7296051219646706	8595000
chr12	8600000	8610000	14.258320675620524	8605000
chr12	8610000	8620000	7.231772183752432	8615000
chr12	8620000	8630000	11.367059989937415	8625000
chr12	8630000	8640000	3.508183819727533	8635000
chr12	8640000	8650000	1.9010089803013042	8645000
chr12	8650000	8660000	5.96532105133529	8655000
chr12	8660000	8670000	6.318288100286637	8665000
chr12	8670000	8680000	4.144755837872824	8675000
chr12	8680000	8690000	6.967164758266624	8685000
chr12	8690000	8700000	11.713004785765976	8695000
chr12	8700000	8710000	7.227803610962179	8705000
chr12	8710000	8720000	4.787976944922973	8715000
chr12	8720000	8730000	6.236872957779721	8725000
chr12	8730000	8740000	6.969270737374354	8735000
chr12	8740000	8750000	9.109968501693327	8745000
chr12	8750000	8760000	8.251132293156896	8755000
chr12	8760000	8770000	8.654865546480167	8765000
chr12	8770000	8780000	7.272955645009586	8775000
chr12	8780000	8790000	10.078780313403763	8785000
chr12	8790000	8800000	15.832500535828832	8795000
chr12	8800000	8810000	24.20600043475883	8805000
chr12	8810000	8820000	13.967410196027753	8815000
chr12	8820000	8830000	13.143323511339817	8825000
chr12	8830000	8840000	24.290142715045114	8835000
chr12	8840000	8850000	13.131389067968241	8845000
chr12	8850000	8860000	16.884939883737943	8855000
chr12	8860000	8870000	13.465188189214002	8865000
chr12	8870000	8880000	21.39693143389584	8875000
chr12	8880000	8890000	22.83639081332045	8885000
chr12	8890000	8900000	9.689648293112521	8895000
chr12	8900000	8910000	10.54166521715364	8905000
chr12	8910000	8920000	9.33584503738366	8915000
chr12	8920000	8930000	8.793624449838772	8925000
chr12	8930000	8940000	7.587364467701906	8935000
chr12	8940000	8950000	6.113237639920334	8945000
chr12	8950000	8960000	4.9403224838991475	8955000
chr12	8960000	8970000	20.756264191009798	8965000
chr12	8970000	8980000	9.027900290179813	8975000
chr12	8980000	8990000	5.591104093504927	8985000
chr12	8990000	9000000	5.152568707741173	8995000
chr12	9000000	9010000	8.109108805593824	9005000
chr12	9010000	9020000	11.89073062227351	9015000
chr12	9020000	9030000	10.30457578338015	9025000
chr12	9030000	9040000	13.409524537987492	9035000
chr12	9040000	9050000	7.458248372055315	9045000
chr12	9050000	9060000	10.6718230769844	9055000
chr12	9060000	9070000	5.95372330108259	9065000
chr12	9070000	9080000	10.037719834137738	9075000
chr12	9080000	9090000	5.359348827320393	9085000
chr12	9090000	9100000	5.770092827309929	9095000
chr12	9100000	9110000	11.631468770516992	9105000
chr12	9110000	9120000	20.11065514173888	9115000
chr12	9120000	9130000	17.794552644831246	9125000
chr12	9130000	9140000	23.048210228904548	9135000
chr12	9140000	9150000	24.474731405418616	9145000
chr12	9150000	9160000	18.51212789711043	9155000
chr12	9160000	9170000	26.427884152613014	9165000
chr12	9170000	9180000	19.294355081202642	9175000
chr12	9180000	9190000	27.093312353409775	9185000
chr12	9190000	9200000	18.10648916444264	9195000
chr12	9200000	9210000	7.002865073546383	9205000
chr12	9210000	9220000	9.70170076567379	9215000
chr12	9220000	9230000	9.80452580952726	9225000
chr12	9230000	9240000	7.530209525202974	9235000
chr12	9240000	9250000	9.026133132081775	9245000
chr12	9250000	9260000	4.836016109144325	9255000
chr12	9260000	9270000	6.012214842772848	9265000
chr12	9270000	9280000	11.484485642140278	9275000
chr12	9280000	9290000	5.014811434497316	9285000
chr12	9290000	9300000	3.8986746951514806	9295000
chr12	9300000	9310000	3.8451665099868513	9305000
chr12	9310000	9320000	14.998038394797334	9315000
chr12	9320000	9330000	5.006584761469647	9325000
chr12	9330000	9340000	6.235746720657868	9335000
chr12	9340000	9350000	6.061970202674205	9345000
chr12	9350000	9360000	2.8225693631718123	9355000
chr12	9360000	9370000	2.4727373645493187	9365000
chr12	9370000	9380000	1.6761883987149604	9375000
chr12	9380000	9390000	0.760561821367849	9385000
chr12	9390000	9400000	1.164263347573932	9395000
chr12	9400000	9410000	1.955618714418203	9405000
chr12	9410000	9420000	2.066131322050365	9415000
chr12	9420000	9430000	1.2033733305390724	9425000
chr12	9430000	9440000	5.808125609366012	9435000
chr12	9440000	9450000	4.187552867390197	9445000
chr12	9450000	9460000	2.121553884491611	9455000
chr12	9460000	9470000	2.5557781702948184	9465000
chr12	9470000	9480000	3.169937308421872	9475000
chr12	9480000	9490000	5.5968385598285435	9485000
chr12	9490000	9500000	4.003862758774195	9495000
chr12	9500000	9510000	6.895436143121037	9505000
chr12	9510000	9520000	10.41908179727436	9515000
chr12	9520000	9530000	3.957355528824762	9525000
chr12	9530000	9540000	7.1225477778986575	9535000
chr12	9540000	9550000	7.486815976660876	9545000
chr12	9550000	9560000	4.7070710826951245	9555000
chr12	9560000	9570000	9.365871336253532	9565000
chr12	9570000	9580000	4.355760708053376	9575000
chr12	9580000	9590000	3.3468159806618982	9585000
chr12	9590000	9600000	4.044809824888307	9595000
chr12	9600000	9610000	8.108822632306826	9605000
chr12	9610000	9620000	7.160964874373018	9615000
chr12	9620000	9630000	2.8281860585452883	9625000
chr12	9630000	9640000	3.6673865685987184	9635000
chr12	9640000	9650000	5.950987238134975	9645000
chr12	9650000	9660000	4.877225200586423	9655000
chr12	9660000	9670000	3.8593045078721984	9665000
chr12	9670000	9680000	4.743177732131342	9675000
chr12	9680000	9690000	11.712157432356738	9685000
chr12	9690000	9700000	4.630514136874356	9695000
chr12	9700000	9710000	2.7966206260258977	9705000
chr12	9710000	9720000	1.9304538115025927	9715000
chr12	9720000	9730000	3.3678072071475205	9725000
chr12	9730000	9740000	15.609665630505985	9735000
chr12	9740000	9750000	13.491169962945182	9745000
chr12	9750000	9760000	11.25464624634319	9755000
chr12	9760000	9770000	5.799592901254254	9765000
chr12	9770000	9780000	11.08481306245853	9775000
chr12	9780000	9790000	13.212854437112824	9785000
chr12	9790000	9800000	8.244298220211416	9795000
chr12	9800000	9810000	9.50012323173345	9805000
chr12	9810000	9820000	6.70673598219602	9815000
chr12	9820000	9830000	6.526980774964974	9825000
chr12	9830000	9840000	1.3207665622396823	9835000
chr12	9840000	9850000	1.325685843323028	9845000
chr12	9850000	9860000	1.0029149390014198	9855000
chr12	9860000	9870000	1.906239320614999	9865000
chr12	9870000	9880000	1.2665780243569031	9875000
chr12	9880000	9890000	2.130044031305674	9885000
chr12	9890000	9900000	2.396508807836227	9895000
chr12	9900000	9910000	2.311696003974312	9905000
chr12	9910000	9920000	2.3804555923297026	9915000
chr12	9920000	9930000	7.315306912724401	9925000
chr12	9930000	9940000	2.8207179389738877	9935000
chr12	9940000	9950000	1.8141082567814506	9945000
chr12	9950000	9960000	1.0781156843201745	9955000
chr12	9960000	9970000	6.7596065003547166	9965000
chr12	9970000	9980000	2.8860407121893044	9975000
chr12	9980000	9990000	2.5323505497070964	9985000
chr12	9990000	10000000	4.130833364593751	9995000
chr12	10000000	10010000	3.0399508278194225	10005000
chr12	10010000	10020000	2.8203985105579323	10015000
chr12	10020000	10030000	3.937052543503369	10025000
chr12	10030000	10040000	6.36516797250058	10035000
chr12	10040000	10050000	4.867664679908454	10045000
chr12	10050000	10060000	4.192798248859769	10055000
chr12	10060000	10070000	7.181604048479216	10065000
chr12	10070000	10080000	4.889416959993218	10075000
chr12	10080000	10090000	7.174506784410915	10085000
chr12	10090000	10100000	8.6087287736116	10095000
chr12	10100000	10110000	6.919773309118689	10105000
chr12	10110000	10120000	11.989317731315655	10115000
chr12	10120000	10130000	9.364347255581137	10125000
chr12	10130000	10140000	6.744503829948588	10135000
chr12	10140000	10150000	5.243625256852862	10145000
chr12	10150000	10160000	10.18802187318552	10155000
chr12	10160000	10170000	11.296548367635484	10165000
chr12	10170000	10180000	18.5097871965257	10175000
chr12	10180000	10190000	10.18194961865829	10185000
chr12	10190000	10200000	13.198170482246061	10195000
chr12	10200000	10210000	10.470187767648127	10205000
chr12	10210000	10220000	8.6139842535438	10215000
chr12	10220000	10230000	8.061246105224583	10225000
chr12	10230000	10240000	11.34300204899557	10235000
chr12	10240000	10250000	14.722071701588607	10245000
chr12	10250000	10260000	13.677030836798954	10255000
chr12	10260000	10270000	9.866044570397346	10265000
chr12	10270000	10280000	9.40019467933732	10275000
chr12	10280000	10290000	17.92898170797825	10285000
chr12	10290000	10300000	10.919551928573224	10295000
chr12	10300000	10310000	9.237917335393893	10305000
chr12	10310000	10320000	8.968363340810837	10315000
chr12	10320000	10330000	17.87555110021375	10325000
chr12	10330000	10340000	14.61214196912691	10335000
chr12	10340000	10350000	6.891553963687368	10345000
chr12	10350000	10360000	6.130156203804119	10355000
chr12	10360000	10370000	10.127547712645402	10365000
chr12	10370000	10380000	8.992946494211672	10375000
chr12	10380000	10390000	6.211894041281653	10385000
chr12	10390000	10400000	11.598608928929035	10395000
chr12	10400000	10410000	10.1745712647671	10405000
chr12	10410000	10420000	11.2466244293774	10415000
chr12	10420000	10430000	12.469468026307604	10425000
chr12	10430000	10440000	11.27787640541521	10435000
chr12	10440000	10450000	14.359143079897239	10445000
chr12	10450000	10460000	10.011283828810186	10455000
chr12	10460000	10470000	7.455605628400495	10465000
chr12	10470000	10480000	11.454595744983129	10475000
chr12	10480000	10490000	13.24034263703477	10485000
chr12	10490000	10500000	14.168447061353406	10495000
chr12	10500000	10510000	12.889323936805605	10505000
chr12	10510000	10520000	7.414844231352341	10515000
chr12	10520000	10530000	10.841140040106835	10525000
chr12	10530000	10540000	14.272885451645871	10535000
chr12	10540000	10550000	8.39155623536374	10545000
chr12	10550000	10560000	8.615534914243062	10555000
chr12	10560000	10570000	12.180799894962618	10565000
chr12	10570000	10580000	9.655658195338232	10575000
chr12	10580000	10590000	8.656815389368468	10585000
chr12	10590000	10600000	7.778633781459908	10595000
chr12	10600000	10610000	9.511878976539041	10605000
chr12	10610000	10620000	6.735000189079377	10615000
chr12	10620000	10630000	5.616033555756059	10625000
chr12	10630000	10640000	6.548263966029825	10635000
chr12	10640000	10650000	6.52055953489628	10645000
chr12	10650000	10660000	7.471173925576006	10655000
chr12	10660000	10670000	6.338299862903495	10665000
chr12	10670000	10680000	7.829888439116256	10675000
chr12	10680000	10690000	7.09390250863741	10685000
chr12	10690000	10700000	4.869052432291259	10695000
chr12	10700000	10710000	4.454460375074635	10705000
chr12	10710000	10720000	4.242384644676436	10715000
chr12	10720000	10730000	3.5328504475319433	10725000
chr12	10730000	10740000	7.556857275782904	10735000
chr12	10740000	10750000	8.243124510951906	10745000
chr12	10750000	10760000	6.835810565292119	10755000
chr12	10760000	10770000	7.008026584158201	10765000
chr12	10770000	10780000	6.212274437323342	10775000
chr12	10780000	10790000	5.520728270339482	10785000
chr12	10790000	10800000	6.647232562232629	10795000
chr12	10800000	10810000	6.157433167801858	10805000
chr12	10810000	10820000	6.8771735108276335	10815000
chr12	10820000	10830000	7.068561289368388	10825000
chr12	10830000	10840000	8.384385854087832	10835000
chr12	10840000	10850000	7.881899630264077	10845000
chr12	10850000	10860000	7.4775458116599385	10855000
chr12	10860000	10870000	6.888264186592041	10865000
chr12	10870000	10880000	8.339707333865608	10875000
chr12	10880000	10890000	9.131297035626185	10885000
chr12	10890000	10900000	11.829838675627263	10895000
chr12	10900000	10910000	10.282788316874242	10905000
chr12	10910000	10920000	5.939731749323462	10915000
chr12	10920000	10930000	8.269408687590106	10925000
chr12	10930000	10940000	8.459760002945684	10935000
chr12	10940000	10950000	7.150909340567513	10945000
chr12	10950000	10960000	7.592250500537108	10955000
chr12	10960000	10970000	6.78830421257924	10965000
chr12	10970000	10980000	6.402561970471025	10975000
chr12	10980000	10990000	7.369687408668688	10985000
chr12	10990000	11000000	5.4286743903617385	10995000
chr12	11000000	11010000	4.584969058847825	11005000
chr12	11010000	11020000	4.591159344809381	11015000
chr12	11020000	11030000	6.478583733074712	11025000
chr12	11030000	11040000	6.530431605820034	11035000
chr12	11040000	11050000	7.658207749232341	11045000
chr12	11050000	11060000	7.4696228021623865	11055000
chr12	11060000	11070000	5.3839258151785545	11065000
chr12	11070000	11080000	4.436489037572814	11075000
chr12	11080000	11090000	5.829609982782631	11085000
chr12	11090000	11100000	8.611847898240768	11095000
chr12	11100000	11110000	8.298282491997806	11105000
chr12	11110000	11120000	9.364119460861238	11115000
chr12	11120000	11130000	6.774547473214934	11125000
chr12	11130000	11140000	6.7575970637504	11135000
chr12	11140000	11150000	5.850842546564485	11145000
chr12	11150000	11160000	7.51820946832438	11155000
chr12	11160000	11170000	14.973456963417522	11165000
chr12	11170000	11180000	21.85288213363296	11175000
chr12	11180000	11190000	6.929289804421519	11185000
chr12	11190000	11200000	7.294409236663928	11195000
chr12	11200000	11210000	5.6285151949368855	11205000
chr12	11210000	11220000	10.671536650768358	11215000
chr12	11220000	11230000	7.326506235397769	11225000
chr12	11230000	11240000	12.516757637264755	11235000
chr12	11240000	11250000	9.782917098165969	11245000
chr12	11250000	11260000	3.159285427856204	11255000
chr12	11260000	11270000	3.0518874744463815	11265000
chr12	11270000	11280000	4.601459386467631	11275000
chr12	11280000	11290000	6.77344573276407	11285000
chr12	11290000	11300000	9.83663949982192	11295000
chr12	11300000	11310000	5.841378135241552	11305000
chr12	11310000	11320000	5.5222930589811625	11315000
chr12	11320000	11330000	14.297147016905882	11325000
chr12	11330000	11340000	15.942308924511925	11335000
chr12	11340000	11350000	6.531925019127066	11345000
chr12	11350000	11360000	6.364403644224995	11355000
chr12	11360000	11370000	12.496535431252457	11365000
chr12	11370000	11380000	2.659350610990236	11375000
chr12	11380000	11390000	2.7053336018125242	11385000
chr12	11390000	11400000	3.421450091686187	11395000
chr12	11400000	11410000	3.4850943860947585	11405000
chr12	11410000	11420000	5.987028581405005	11415000
chr12	11420000	11430000	5.537411837904179	11425000
chr12	11430000	11440000	4.8000752889392615	11435000
chr12	11440000	11450000	2.747957397753104	11445000
chr12	11450000	11460000	6.443429620068808	11455000
chr12	11460000	11470000	1.862748965179187	11465000
chr12	11470000	11480000	3.035039944438613	11475000
chr12	11480000	11490000	2.8333772724565183	11485000
chr12	11490000	11500000	3.5071713606478148	11495000
chr12	11500000	11510000	2.8594078125347737	11505000
chr12	11510000	11520000	1.9972945013175316	11515000
chr12	11520000	11530000	2.064360047496625	11525000
chr12	11530000	11540000	2.3345222442139395	11535000
chr12	11540000	11550000	2.327933941671496	11545000
chr12	11550000	11560000	2.4477225968739	11555000
chr12	11560000	11570000	3.214807082877219	11565000
chr12	11570000	11580000	5.825617153010333	11575000
chr12	11580000	11590000	8.053633312302344	11585000
chr12	11590000	11600000	10.098997957403094	11595000
chr12	11600000	11610000	7.521005639945091	11605000
chr12	11610000	11620000	7.1435450607929205	11615000
chr12	11620000	11630000	9.86397688278818	11625000
chr12	11630000	11640000	7.727593078373971	11635000
chr12	11640000	11650000	7.186377991407816	11645000
chr12	11650000	11660000	6.2680816375844515	11655000
chr12	11660000	11670000	6.770699190664533	11665000
chr12	11670000	11680000	6.034026087691911	11675000
chr12	11680000	11690000	6.06241404419446	11685000
chr12	11690000	11700000	5.643574457575905	11695000
chr12	11700000	11710000	5.729966734020465	11705000
chr12	11710000	11720000	8.35109701898311	11715000
chr12	11720000	11730000	8.210365956383452	11725000
chr12	11730000	11740000	10.56140953003403	11735000
chr12	11740000	11750000	8.32329989606522	11745000
chr12	11750000	11760000	9.340590316020231	11755000
chr12	11760000	11770000	5.950337424910804	11765000
chr12	11770000	11780000	5.681413064257032	11775000
chr12	11780000	11790000	9.733096692460022	11785000
chr12	11790000	11800000	3.83272063438922	11795000
chr12	11800000	11810000	4.772376011585977	11805000
chr12	11810000	11820000	4.991642844125833	11815000
chr12	11820000	11830000	5.581746357850797	11825000
chr12	11830000	11840000	7.627315519842937	11835000
chr12	11840000	11850000	6.562572379097462	11845000
chr12	11850000	11860000	6.537306953659347	11855000
chr12	11860000	11870000	9.156582087037153	11865000
chr12	11870000	11880000	13.137087058550673	11875000
chr12	11880000	11890000	8.25927117674424	11885000
chr12	11890000	11900000	22.802808678943254	11895000
chr12	11900000	11910000	9.462296650510034	11905000
chr12	11910000	11920000	5.369132345026816	11915000
chr12	11920000	11930000	4.189609597050687	11925000
chr12	11930000	11940000	3.924216101303973	11935000
chr12	11940000	11950000	6.8274591643813185	11945000
chr12	11950000	11960000	6.492446666987831	11955000
chr12	11960000	11970000	5.306905574332715	11965000
chr12	11970000	11980000	3.2118803088641323	11975000
chr12	11980000	11990000	2.8210527892004027	11985000
chr12	11990000	12000000	6.252595796362878	11995000
chr12	12000000	12010000	13.941178157228649	12005000
chr12	12010000	12020000	6.7034845620258805	12015000
chr12	12020000	12030000	6.3731682181541345	12025000
chr12	12030000	12040000	7.021243263640799	12035000
chr12	12040000	12050000	5.689501795032314	12045000
chr12	12050000	12060000	5.601841272943535	12055000
chr12	12060000	12070000	8.170616649752189	12065000
chr12	12070000	12080000	5.840084642064436	12075000
chr12	12080000	12090000	6.17831441225616	12085000
chr12	12090000	12100000	5.595242414288367	12095000
chr12	12100000	12110000	7.171446317931499	12105000
chr12	12110000	12120000	8.34481088365909	12115000
chr12	12120000	12130000	7.233667539452679	12125000
chr12	12130000	12140000	8.097618732207767	12135000
chr12	12140000	12150000	9.030812169320221	12145000
chr12	12150000	12160000	6.550648485227256	12155000
chr12	12160000	12170000	7.225745537549321	12165000
chr12	12170000	12180000	8.192419463278405	12175000
chr12	12180000	12190000	5.593318788549358	12185000
chr12	12190000	12200000	6.28417753310449	12195000
chr12	12200000	12210000	8.475494891583113	12205000
chr12	12210000	12220000	10.829813445725796	12215000
chr12	12220000	12230000	11.199125285433	12225000
chr12	12230000	12240000	6.712076559849368	12235000
chr12	12240000	12250000	6.62245526491322	12245000
chr12	12250000	12260000	6.928273418667273	12255000
chr12	12260000	12270000	10.960694038597111	12265000
chr12	12270000	12280000	11.195208814248929	12275000
chr12	12280000	12290000	14.866688818363347	12285000
chr12	12290000	12300000	11.582751828807826	12295000
chr12	12300000	12310000	8.163436277514698	12305000
chr12	12310000	12320000	6.385944545471255	12315000
chr12	12320000	12330000	4.932173282673424	12325000
chr12	12330000	12340000	5.230288117830706	12335000
chr12	12340000	12350000	5.806424226662283	12345000
chr12	12350000	12360000	7.944164476624421	12355000
chr12	12360000	12370000	5.000657573448309	12365000
chr12	12370000	12380000	3.870686793630715	12375000
chr12	12380000	12390000	4.974108698373236	12385000
chr12	12390000	12400000	5.574773176636887	12395000
chr12	12400000	12410000	3.5496826486919373	12405000
chr12	12410000	12420000	5.040885898552464	12415000
chr12	12420000	12430000	7.317981141063455	12425000
chr12	12430000	12440000	9.242152312781354	12435000
chr12	12440000	12450000	7.64502752037311	12445000
chr12	12450000	12460000	6.985153165718934	12455000
chr12	12460000	12470000	8.911236060058028	12465000
chr12	12470000	12480000	12.918534883807853	12475000
chr12	12480000	12490000	9.308391674403769	12485000
chr12	12490000	12500000	3.2853735332950174	12495000
chr12	12500000	12510000	3.355988879676313	12505000
chr12	12510000	12520000	14.261627155509101	12515000
chr12	12520000	12530000	5.298048537601196	12525000
chr12	12530000	12540000	8.687610420490232	12535000
chr12	12540000	12550000	10.490320576290864	12545000
chr12	12550000	12560000	13.836229744495837	12555000
chr12	12560000	12570000	12.194599523572176	12565000
chr12	12570000	12580000	16.755914595236245	12575000
chr12	12580000	12590000	9.088471423393305	12585000
chr12	12590000	12600000	8.918192517549153	12595000
chr12	12600000	12610000	8.548451956095647	12605000
chr12	12610000	12620000	5.207876840498514	12615000
chr12	12620000	12630000	7.148146035858908	12625000
chr12	12630000	12640000	6.3432974703372595	12635000
chr12	12640000	12650000	8.509690228682478	12645000
chr12	12650000	12660000	6.210990674416114	12655000
chr12	12660000	12670000	5.235111492495906	12665000
chr12	12670000	12680000	8.1915865131627	12675000
chr12	12680000	12690000	6.235822369497644	12685000
chr12	12690000	12700000	7.192051267475642	12695000
chr12	12700000	12710000	4.008347495662009	12705000
chr12	12710000	12720000	2.5505522415901023	12715000
chr12	12720000	12730000	3.4683940618571696	12725000
chr12	12730000	12740000	2.2548564008499157	12735000
chr12	12740000	12750000	4.105207000492629	12745000
chr12	12750000	12760000	1.9012191607311422	12755000
chr12	12760000	12770000	0.7160259147640728	12765000
chr12	12770000	12780000	0.8085222755157325	12775000
chr12	12780000	12790000	1.3539253796447985	12785000
chr12	12790000	12800000	0.7609541612487895	12795000
chr12	12800000	12810000	1.1505114042863949	12805000
chr12	12810000	12820000	1.307387208335879	12815000
chr12	12820000	12830000	0.9253348457567233	12825000
chr12	12830000	12840000	2.317015879571982	12835000
chr12	12840000	12850000	3.016491557886476	12845000
chr12	12850000	12860000	11.124917049164518	12855000
chr12	12860000	12870000	1.9436210709860708	12865000
chr12	12870000	12880000	3.988237666344885	12875000
chr12	12880000	12890000	7.784638177612521	12885000
chr12	12890000	12900000	4.152034882081027	12895000
chr12	12900000	12910000	4.975955491726902	12905000
chr12	12910000	12920000	6.220141330949654	12915000
chr12	12920000	12930000	18.31867607845476	12925000
chr12	12930000	12940000	4.837010515395783	12935000
chr12	12940000	12950000	4.982487850156435	12945000
chr12	12950000	12960000	2.4012414592947526	12955000
chr12	12960000	12970000	2.8466112897279756	12965000
chr12	12970000	12980000	6.988192242538385	12975000
chr12	12980000	12990000	2.0096558850331308	12985000
chr12	12990000	13000000	2.209976013390205	12995000
chr12	13000000	13010000	13.905414319697792	13005000
chr12	13010000	13020000	2.094303984708743	13015000
chr12	13020000	13030000	6.131396871760258	13025000
chr12	13030000	13040000	5.106291220613799	13035000
chr12	13040000	13050000	5.0631947886108195	13045000
chr12	13050000	13060000	8.68880992577786	13055000
chr12	13060000	13070000	5.7222633656868735	13065000
chr12	13070000	13080000	4.9472318440719665	13075000
chr12	13080000	13090000	11.135253565502163	13085000
chr12	13090000	13100000	8.527325176204679	13095000
chr12	13100000	13110000	4.651010584035502	13105000
chr12	13110000	13120000	6.717960948763097	13115000
chr12	13120000	13130000	8.357884148473554	13125000
chr12	13130000	13140000	10.789549015503399	13135000
chr12	13140000	13150000	3.841512743765226	13145000
chr12	13150000	13160000	7.347119118020281	13155000
chr12	13160000	13170000	3.6823443401549634	13165000
chr12	13170000	13180000	2.766712288688403	13175000
chr12	13180000	13190000	1.5989862346540793	13185000
chr12	13190000	13200000	1.3910098508864681	13195000
chr12	13200000	13210000	7.199308207302333	13205000
chr12	13210000	13220000	1.0592386120600943	13215000
chr12	13220000	13230000	1.013134059074289	13225000
chr12	13230000	13240000	3.724849343557408	13235000
chr12	13240000	13250000	3.1288387424179045	13245000
chr12	13250000	13260000	4.935513399641607	13255000
chr12	13260000	13270000	4.750244289775615	13265000
chr12	13270000	13280000	3.124031535396025	13275000
chr12	13280000	13290000	3.2662032576229683	13285000
chr12	13290000	13300000	10.077159959695667	13295000
chr12	13300000	13310000	1.4579000282115193	13305000
chr12	13310000	13320000	1.0978926503238269	13315000
chr12	13320000	13330000	3.2780530456278836	13325000
chr12	13330000	13340000	1.4630496217523898	13335000
chr12	13340000	13350000	1.1454062261868427	13345000
chr12	13350000	13360000	1.6576260047851654	13355000
chr12	13360000	13370000	1.8621558348383362	13365000
chr12	13370000	13380000	0.6867651246463333	13375000
chr12	13380000	13390000	0.5089100828704316	13385000
chr12	13390000	13400000	1.1780670079810753	13395000
chr12	13400000	13410000	1.3286570963961293	13405000
chr12	13410000	13420000	1.650381006391557	13415000
chr12	13420000	13430000	2.639540296055698	13425000
chr12	13430000	13440000	3.714807216529432	13435000
chr12	13440000	13450000	5.424806505914946	13445000
chr12	13450000	13460000	7.3228420082133105	13455000
chr12	13460000	13470000	9.096698085845725	13465000
chr12	13470000	13480000	5.003613442613382	13475000
chr12	13480000	13490000	2.57514307323363	13485000
chr12	13490000	13500000	3.918404244118113	13495000
chr12	13500000	13510000	4.139987668189336	13505000
chr12	13510000	13520000	3.8221740155132458	13515000
chr12	13520000	13530000	3.6781315608800726	13525000
chr12	13530000	13540000	4.523329927034689	13535000
chr12	13540000	13550000	3.079832192757369	13545000
chr12	13550000	13560000	3.2801994566379338	13555000
chr12	13560000	13570000	2.4375301504857685	13565000
chr12	13570000	13580000	4.43697151575803	13575000
chr12	13580000	13590000	1.9111049647988096	13585000
chr12	13590000	13600000	1.646845286831973	13595000
chr12	13600000	13610000	2.6908819194120426	13605000
chr12	13610000	13620000	1.1470677707246897	13615000
chr12	13620000	13630000	1.631619519516313	13625000
chr12	13630000	13640000	2.225519714545707	13635000
chr12	13640000	13650000	1.489682887635309	13645000
chr12	13650000	13660000	1.5749620799169808	13655000
chr12	13660000	13670000	2.6794540929293507	13665000
chr12	13670000	13680000	1.4684292723935726	13675000
chr12	13680000	13690000	1.2833905086608786	13685000
chr12	13690000	13700000	6.461393288127219	13695000
chr12	13700000	13710000	6.910252407846447	13705000
chr12	13710000	13720000	4.831062367076663	13715000
chr12	13720000	13730000	2.1657780474823407	13725000
chr12	13730000	13740000	2.673356669187087	13735000
chr12	13740000	13750000	0.9276532521662236	13745000
chr12	13750000	13760000	1.2601427534108165	13755000
chr12	13760000	13770000	6.035241595036429	13765000
chr12	13770000	13780000	2.6399411228171554	13775000
chr12	13780000	13790000	3.3993010090454345	13785000
chr12	13790000	13800000	1.069829724245055	13795000
chr12	13800000	13810000	0.9908676173471928	13805000
chr12	13810000	13820000	1.9122225493287255	13815000
chr12	13820000	13830000	1.8769191494219433	13825000
chr12	13830000	13840000	1.8969827872329086	13835000
chr12	13840000	13850000	1.112492311305438	13845000
chr12	13850000	13860000	0.8896332517588316	13855000
chr12	13860000	13870000	0.7586655948016282	13865000
chr12	13870000	13880000	1.2590436001490497	13875000
chr12	13880000	13890000	1.1519242862693964	13885000
chr12	13890000	13900000	5.6521434401208595	13895000
chr12	13900000	13910000	1.1379895367668122	13905000
chr12	13910000	13920000	0.6454043051394988	13915000
chr12	13920000	13930000	1.3420099980110045	13925000
chr12	13930000	13940000	1.170627265281651	13935000
chr12	13940000	13950000	1.274187799434551	13945000
chr12	13950000	13960000	0.9041111315914413	13955000
chr12	13960000	13970000	0.812864161524741	13965000
chr12	13970000	13980000	0.572160084380234	13975000
chr12	13980000	13990000	7.4281538832531115	13985000
chr12	13990000	14000000	0.738724093009735	13995000
chr12	14000000	14010000	1.035351059060306	14005000
chr12	14010000	14020000	0.960380217195559	14015000
chr12	14020000	14030000	1.4094467808366529	14025000
chr12	14030000	14040000	1.0719740318647517	14035000
chr12	14040000	14050000	0.5850431155752693	14045000
chr12	14050000	14060000	1.1479576394613222	14055000
chr12	14060000	14070000	2.5453684766823583	14065000
chr12	14070000	14080000	0.4509907660685123	14075000
chr12	14080000	14090000	0.7295897197121333	14085000
chr12	14090000	14100000	0.2185312104432812	14095000
chr12	14100000	14110000	0.3988376089786367	14105000
chr12	14110000	14120000	0.6865200258582431	14115000
chr12	14120000	14130000	1.499784522135471	14125000
chr12	14130000	14140000	0.8862449662634557	14135000
chr12	14140000	14150000	3.0581957755402702	14145000
chr12	14150000	14160000	0.262684414562156	14155000
chr12	14160000	14170000	0.4852227724573365	14165000
chr12	14170000	14180000	1.9556314480529202	14175000
chr12	14180000	14190000	2.6527490704852896	14185000
chr12	14190000	14200000	2.9828655175714833	14195000
chr12	14200000	14210000	0.9994867555301262	14205000
chr12	14210000	14220000	1.9912023343505927	14215000
chr12	14220000	14230000	2.035484424657442	14225000
chr12	14230000	14240000	1.3933277809176992	14235000
chr12	14240000	14250000	3.3752534141926525	14245000
chr12	14250000	14260000	0.24350491504802482	14255000
chr12	14260000	14270000	0.28435794210448945	14265000
chr12	14270000	14280000	0.9152041129907743	14275000
chr12	14280000	14290000	0.4525822010548935	14285000
chr12	14290000	14300000	0.45884412060582047	14295000
chr12	14300000	14310000	0.21265982426710991	14305000
chr12	14310000	14320000	1.1635445145317398	14315000
chr12	14320000	14330000	0.940364521464413	14325000
chr12	14330000	14340000	0.3537410588340306	14335000
chr12	14340000	14350000	0.41223918169769225	14345000
chr12	14350000	14360000	0.7056502101402005	14355000
chr12	14360000	14370000	1.189874151753063	14365000
chr12	14370000	14380000	1.317696987914851	14375000
chr12	14380000	14390000	1.201375216994501	14385000
chr12	14390000	14400000	1.2926799981960675	14395000
chr12	14400000	14410000	1.73217435378576	14405000
chr12	14410000	14420000	1.2765208132627253	14415000
chr12	14420000	14430000	2.251540876471668	14425000
chr12	14430000	14440000	2.0525118823175017	14435000
chr12	14440000	14450000	1.912111236643974	14445000
chr12	14450000	14460000	0.8060888932658651	14455000
chr12	14460000	14470000	0.7532631083068012	14465000
chr12	14470000	14480000	0.4828525050578053	14475000
chr12	14480000	14490000	1.2870880491563244	14485000
chr12	14490000	14500000	0.44186002529196294	14495000
chr12	14500000	14510000	0.8803722722004103	14505000
chr12	14510000	14520000	4.7338511470159315	14515000
chr12	14520000	14530000	0.6601261490029976	14525000
chr12	14530000	14540000	0.2377028757470019	14535000
chr12	14540000	14550000	0.3108347087102372	14545000
chr12	14550000	14560000	0.3591477014384149	14555000
chr12	14560000	14570000	0.6991453688032889	14565000
chr12	14570000	14580000	0.8080523273901674	14575000
chr12	14580000	14590000	0.5231518516406122	14585000
chr12	14590000	14600000	0.4928035798871649	14595000
chr12	14600000	14610000	0.31744655689289414	14605000
chr12	14610000	14620000	0.8908841886263068	14615000
chr12	14620000	14630000	1.3664524010192747	14625000
chr12	14630000	14640000	1.150886247651181	14635000
chr12	14640000	14650000	2.774255255258915	14645000
chr12	14650000	14660000	1.4382053129870722	14655000
chr12	14660000	14670000	1.807770647644375	14665000
chr12	14670000	14680000	1.3769449633239175	14675000
chr12	14680000	14690000	1.6210833516620604	14685000
chr12	14690000	14700000	2.103721326688862	14695000
chr12	14700000	14710000	2.481335808039898	14705000
chr12	14710000	14720000	2.5900272876902934	14715000
chr12	14720000	14730000	2.5021175167146414	14725000
chr12	14730000	14740000	0.5890269195803481	14735000
chr12	14740000	14750000	1.0055758939112531	14745000
chr12	14750000	14760000	1.263405601253259	14755000
chr12	14760000	14770000	0.5267015311023057	14765000
chr12	14770000	14780000	1.4169659856297652	14775000
chr12	14780000	14790000	0.3253821332996142	14785000
chr12	14790000	14800000	0.4329317988381891	14795000
chr12	14800000	14810000	0.16929733902351848	14805000
chr12	14810000	14820000	0.08474994042925191	14815000
chr12	14820000	14830000	0.07822155838442914	14825000
chr12	14830000	14840000	0.07822155838442915	14835000
chr12	14840000	14850000	0.0782215583844283	14845000
chr12	14850000	14860000	0.16653793548414872	14855000
chr12	14860000	14870000	0.3405474964105043	14865000
chr12	15050000	15060000	0.34250349931256074	15055000
chr12	15250000	15260000	0.9306319979113622	15255000
chr12	15260000	15270000	0.7460905100226053	15265000
chr12	15270000	15280000	0.21350843750059997	15275000
chr12	15280000	15290000	0.2312745175698948	15285000
chr12	15290000	15300000	0.25007475621211706	15295000
chr12	15300000	15310000	0.3907372578821692	15305000
chr12	15310000	15320000	0.8881127816284416	15315000
chr12	15320000	15330000	1.145425269051091	15325000
chr12	15330000	15340000	1.1201094213450065	15335000
chr12	15340000	15350000	1.4793708417149876	15345000
chr12	15350000	15360000	3.3036267671423625	15355000
chr12	15360000	15370000	0.7847625125374176	15365000
chr12	15370000	15380000	0.5740157484280289	15375000
chr12	15380000	15390000	1.0316623311177535	15385000
chr12	15390000	15400000	0.5944938458645701	15395000
chr12	15400000	15410000	0.19389701652971778	15405000
chr12	15410000	15420000	0.2213380806143016	15415000
chr12	15420000	15430000	2.2905709418140963	15425000
chr12	15430000	15440000	2.7556759555578614	15435000
chr12	15440000	15450000	1.1600241914443021	15445000
chr12	15450000	15460000	1.449179662664905	15455000
chr12	15460000	15470000	2.2916699219604437	15465000
chr12	15470000	15480000	1.5384779595318097	15475000
chr12	15480000	15490000	0.9845885914770891	15485000
chr12	15490000	15500000	1.2682049543622926	15495000
chr12	15500000	15510000	1.5995390104593066	15505000
chr12	15510000	15520000	2.171162527838741	15515000
chr12	15520000	15530000	4.0031391992460685	15525000
chr12	15530000	15540000	1.4698792233935167	15535000
chr12	15540000	15550000	1.3404922816264013	15545000
chr12	15550000	15560000	1.2136759389005747	15555000
chr12	15560000	15570000	0.7808791575667154	15565000
chr12	15570000	15580000	1.0799697300216409	15575000
chr12	15580000	15590000	1.37914197289399	15585000
chr12	15590000	15600000	1.5449275662485138	15595000
chr12	15600000	15610000	1.0451235998522208	15605000
chr12	15610000	15620000	1.3386939807215088	15615000
chr12	15620000	15630000	1.7823793820556948	15625000
chr12	15630000	15640000	2.119319316376823	15635000
chr12	15640000	15650000	0.7453866199349279	15645000
chr12	15650000	15660000	0.34352051198536154	15655000
chr12	15660000	15670000	0.3513206017717756	15665000
chr12	15670000	15680000	1.08892490829045	15675000
chr12	15680000	15690000	0.6667546138958681	15685000
chr12	15690000	15700000	0.46164920292776596	15695000
chr12	15700000	15710000	0.8997324390136039	15705000
chr12	15710000	15720000	1.2670621820789323	15715000
chr12	15720000	15730000	1.6093656884541137	15725000
chr12	15730000	15740000	2.231677771921875	15735000
chr12	15740000	15750000	1.4782288073459748	15745000
chr12	15750000	15760000	0.7677612510916776	15755000
chr12	15760000	15770000	5.523097843030198	15765000
chr12	15770000	15780000	3.816945421857853	15775000
chr12	15780000	15790000	2.667112722479642	15785000
chr12	15790000	15800000	4.303640011128529	15795000
chr12	15800000	15810000	3.679044928512629	15805000
chr12	15810000	15820000	2.4063150187162377	15815000
chr12	15820000	15830000	2.026523597679072	15825000
chr12	15830000	15840000	5.028137255501909	15835000
chr12	15840000	15850000	5.69776149671327	15845000
chr12	15850000	15860000	2.643420352326373	15855000
chr12	15860000	15870000	2.5055366973051783	15865000
chr12	15870000	15880000	2.3517789285470307	15875000
chr12	15880000	15890000	2.7359159279751912	15885000
chr12	15890000	15900000	3.3771424982065206	15895000
chr12	15900000	15910000	7.899121700557833	15905000
chr12	15910000	15920000	2.867755157350095	15915000
chr12	15920000	15930000	0.3999062550153005	15925000
chr12	15930000	15940000	1.8250316914263587	15935000
chr12	15940000	15950000	1.3999290753676847	15945000
chr12	15950000	15960000	3.104901119690188	15955000
chr12	15960000	15970000	5.153465586618474	15965000
chr12	15970000	15980000	4.091064547722388	15975000
chr12	15980000	15990000	6.468602473806747	15985000
chr12	15990000	16000000	4.63193229989864	15995000
chr12	16000000	16010000	2.1830798875334425	16005000
chr12	16010000	16020000	3.0028300994384534	16015000
chr12	16020000	16030000	3.7678848180048448	16025000
chr12	16030000	16040000	1.955884626505841	16035000
chr12	16040000	16050000	1.5898543007469903	16045000
chr12	16050000	16060000	2.4048090221734335	16055000
chr12	16060000	16070000	2.6776369742074375	16065000
chr12	16070000	16080000	4.60696486836977	16075000
chr12	16080000	16090000	5.750782536242731	16085000
chr12	16090000	16100000	3.580851597704284	16095000
chr12	16100000	16110000	4.493362450909479	16105000
chr12	16110000	16120000	3.9097417437524773	16115000
chr12	16120000	16130000	3.8530578133442694	16125000
chr12	16130000	16140000	4.853124050828847	16135000
chr12	16140000	16150000	3.431737347542257	16145000
chr12	16150000	16160000	2.068306925322397	16155000
chr12	16160000	16170000	3.328543860722437	16165000
chr12	16170000	16180000	2.8044351821765305	16175000
chr12	16180000	16190000	3.6364153451670473	16185000
chr12	16190000	16200000	4.795900186397305	16195000
chr12	16200000	16210000	5.159450431144547	16205000
chr12	16210000	16220000	3.378157883744453	16215000
chr12	16220000	16230000	4.376901647292233	16225000
chr12	16230000	16240000	1.773571261046369	16235000
chr12	16240000	16250000	2.4389279298643882	16245000
chr12	16250000	16260000	2.250418339142914	16255000
chr12	16260000	16270000	4.626291976597996	16265000
chr12	16270000	16280000	1.6777595279787476	16275000
chr12	16280000	16290000	3.2061466723747856	16285000
chr12	16290000	16300000	4.933775914941976	16295000
chr12	16300000	16310000	7.419339360249444	16305000
chr12	16310000	16320000	3.026820562499891	16315000
chr12	16320000	16330000	3.0385289167366394	16325000
chr12	16330000	16340000	5.3776363696780844	16335000
chr12	16340000	16350000	2.003410247840468	16345000
chr12	16350000	16360000	3.254644425856825	16355000
chr12	16360000	16370000	2.3945460570128345	16365000
chr12	16370000	16380000	1.9279025270044416	16375000
chr12	16380000	16390000	1.9214219297880517	16385000
chr12	16390000	16400000	2.4512336939484545	16395000
chr12	16400000	16410000	2.3629102303964293	16405000
chr12	16410000	16420000	2.3377502810341255	16415000
chr12	16420000	16430000	2.186796511152778	16425000
chr12	16430000	16440000	1.8065312663299418	16435000
chr12	16440000	16450000	3.7168836740568993	16445000
chr12	16450000	16460000	5.5362079048115	16455000
chr12	16460000	16470000	4.656298706621399	16465000
chr12	16470000	16480000	2.011313510671217	16475000
chr12	16480000	16490000	0.2644620906141951	16485000
chr12	16490000	16500000	1.231130103051457	16495000
chr12	16500000	16510000	1.2494358292676209	16505000
chr12	16510000	16520000	1.2470472497488583	16515000
chr12	16520000	16530000	1.1859565519943467	16525000
chr12	16530000	16540000	1.9794992203972974	16535000
chr12	16540000	16550000	2.825015227779779	16545000
chr12	16550000	16560000	2.4511832012980497	16555000
chr12	16560000	16570000	2.0460519681422333	16565000
chr12	16570000	16580000	2.448714277164548	16575000
chr12	16580000	16590000	2.0693505185469885	16585000
chr12	16590000	16600000	1.5662061004242387	16595000
chr12	16600000	16610000	3.234899115484298	16605000
chr12	16610000	16620000	2.2306474292968326	16615000
chr12	16620000	16630000	1.9940151067330916	16625000
chr12	16630000	16640000	1.36369126156153	16635000
chr12	16640000	16650000	2.647393531729812	16645000
chr12	16650000	16660000	2.7824111919200747	16655000
chr12	16660000	16670000	2.5265634476451555	16665000
chr12	16670000	16680000	2.489608194969603	16675000
chr12	16680000	16690000	3.743301574977954	16685000
chr12	16690000	16700000	3.125311189305203	16695000
chr12	16700000	16710000	4.053807478976606	16705000
chr12	16710000	16720000	4.09174570043276	16715000
chr12	16720000	16730000	2.7905415225595336	16725000
chr12	16730000	16740000	2.3318680829261655	16735000
chr12	16740000	16750000	3.8763350700004344	16745000
chr12	16750000	16760000	2.0400870817383083	16755000
chr12	16760000	16770000	1.0358607429888766	16765000
chr12	16770000	16780000	1.2343710248247766	16775000
chr12	16780000	16790000	2.0277780866683566	16785000
chr12	16790000	16800000	0.8076729380853465	16795000
chr12	16800000	16810000	3.711806118762707	16805000
chr12	16810000	16820000	1.2395137960167797	16815000
chr12	16820000	16830000	1.921779132073681	16825000
chr12	16830000	16840000	3.3852687268049775	16835000
chr12	16840000	16850000	3.634970504096434	16845000
chr12	16850000	16860000	2.243978617049106	16855000
chr12	16860000	16870000	0.9039208413888604	16865000
chr12	16870000	16880000	1.325449945966315	16875000
chr12	16880000	16890000	0.8258530319115336	16885000
chr12	16890000	16900000	0.8666380692005123	16895000
chr12	16900000	16910000	2.308936270709897	16905000
chr12	16910000	16920000	2.905865680462598	16915000
chr12	16920000	16930000	1.6853496704261004	16925000
chr12	16930000	16940000	2.633030550734987	16935000
chr12	16940000	16950000	1.2026125152974974	16945000
chr12	16950000	16960000	1.4787558649434411	16955000
chr12	16960000	16970000	3.245090568353621	16965000
chr12	16970000	16980000	0.6490739135535399	16975000
chr12	16980000	16990000	0.650752384018586	16985000
chr12	16990000	17000000	0.18288855632670134	16995000
chr12	17000000	17010000	0.17064393093554822	17005000
chr12	17010000	17020000	1.2586621605955266	17015000
chr12	17020000	17030000	0.37212482396530383	17025000
chr12	17030000	17040000	0.1517720357217399	17035000
chr12	17040000	17050000	0.44941624824311954	17045000
chr12	17050000	17060000	1.2282261567535835	17055000
chr12	17060000	17070000	2.201406756386405	17065000
chr12	17070000	17080000	1.782530950446376	17075000
chr12	17080000	17090000	1.362666626495995	17085000
chr12	17090000	17100000	0.8723282131767549	17095000
chr12	17100000	17110000	1.1953451034483056	17105000
chr12	17110000	17120000	8.567763119867212	17115000
chr12	17240000	17250000	3.5840259462551813	17245000
chr12	17360000	17370000	3.5840259462551813	17365000
chr12	17370000	17380000	2.058700275242447	17375000
chr12	17390000	17400000	2.2694909179503204	17395000
chr12	17400000	17410000	1.3545277697470197	17405000
chr12	17410000	17420000	0.27027747059771234	17415000
chr12	17420000	17430000	0.6303963179330898	17425000
chr12	17430000	17440000	0.5393131837227616	17435000
chr12	17440000	17450000	1.0156365521225466	17445000
chr12	17450000	17460000	0.7801932151709761	17455000
chr12	17460000	17470000	1.867306984636135	17465000
chr12	17470000	17480000	2.454825510142899	17475000
chr12	17480000	17490000	3.713916752809416	17485000
chr12	17490000	17500000	3.351787838244343	17495000
chr12	17500000	17510000	1.7978307770717514	17505000
chr12	17510000	17520000	2.5389540639134056	17515000
chr12	17520000	17530000	3.8442446418376206	17525000
chr12	17530000	17540000	2.701812225531687	17535000
chr12	17540000	17550000	2.0354667975882794	17545000
chr12	17550000	17560000	2.4040231857640606	17555000
chr12	17560000	17570000	2.39217747254701	17565000
chr12	17570000	17580000	3.812303676905425	17575000
chr12	17580000	17590000	5.31307136839927	17585000
chr12	17590000	17600000	4.562633054474352	17595000
chr12	17600000	17610000	5.158190218863539	17605000
chr12	17610000	17620000	6.7546757092093515	17615000
chr12	17620000	17630000	4.428820912623698	17625000
chr12	17630000	17640000	3.4387802767006566	17635000
chr12	17640000	17650000	4.090186116486787	17645000
chr12	17650000	17660000	5.368006135474032	17655000
chr12	17660000	17670000	1.7656149161931514	17665000
chr12	17670000	17680000	5.276384320427955	17675000
chr12	17680000	17690000	3.4504807434078946	17685000
chr12	17690000	17700000	2.2453772607334357	17695000
chr12	17700000	17710000	4.184329941133915	17705000
chr12	17710000	17720000	3.093271271760577	17715000
chr12	17720000	17730000	4.80308466328052	17725000
chr12	17730000	17740000	4.954991219900358	17735000
chr12	17740000	17750000	4.6088117201831755	17745000
chr12	17750000	17760000	5.018433688529721	17755000
chr12	17760000	17770000	4.2910406329864	17765000
chr12	17770000	17780000	2.059725853967034	17775000
chr12	17780000	17790000	2.438741802336987	17785000
chr12	17790000	17800000	4.092359622459919	17795000
chr12	17800000	17810000	4.096596879465398	17805000
chr12	17810000	17820000	6.475311058490791	17815000
chr12	17820000	17830000	5.017174537960571	17825000
chr12	17830000	17840000	5.353224836342391	17835000
chr12	17840000	17850000	2.348599341021327	17845000
chr12	17850000	17860000	2.8749921471665343	17855000
chr12	17860000	17870000	5.462309170712455	17865000
chr12	17870000	17880000	5.148906078647347	17875000
chr12	17880000	17890000	4.454085460171318	17885000
chr12	17890000	17900000	2.8404776868923847	17895000
chr12	17900000	17910000	5.2150392758646555	17905000
chr12	17910000	17920000	3.0276868490532256	17915000
chr12	17920000	17930000	4.6915698312561585	17925000
chr12	17930000	17940000	4.43202837822411	17935000
chr12	17940000	17950000	3.1625076304605897	17945000
chr12	17950000	17960000	2.9536020902549707	17955000
chr12	17960000	17970000	9.818137690951046	17965000
chr12	17970000	17980000	4.761459286131988	17975000
chr12	17980000	17990000	5.94300720834654	17985000
chr12	17990000	18000000	3.054044731737364	17995000
chr12	18000000	18010000	4.14681535991946	18005000
chr12	18010000	18020000	4.943771676561301	18015000
chr12	18020000	18030000	5.917184287585186	18025000
chr12	18030000	18040000	5.2919561293064925	18035000
chr12	18040000	18050000	7.1373539444369785	18045000
chr12	18050000	18060000	9.69947875654552	18055000
chr12	18060000	18070000	5.29518980787976	18065000
chr12	18070000	18080000	7.159141403323632	18075000
chr12	18080000	18090000	5.548918892289385	18085000
chr12	18090000	18100000	3.828167219344749	18095000
chr12	18100000	18110000	3.879873304290219	18105000
chr12	18110000	18120000	9.40813773092452	18115000
chr12	18120000	18130000	7.618392485904467	18125000
chr12	18130000	18140000	6.795730720939514	18135000
chr12	18140000	18150000	4.027345735826225	18145000
chr12	18150000	18160000	5.610844762684206	18155000
chr12	18160000	18170000	5.083100947591474	18165000
chr12	18170000	18180000	6.272240565901159	18175000
chr12	18180000	18190000	6.6667328380221065	18185000
chr12	18190000	18200000	4.56979273233397	18195000
chr12	18200000	18210000	4.353999672506765	18205000
chr12	18210000	18220000	3.9089131067241647	18215000
chr12	18220000	18230000	7.560184653357205	18225000
chr12	18230000	18240000	3.2450867465927207	18235000
chr12	18240000	18250000	3.3696981070545924	18245000
chr12	18250000	18260000	4.596763094481086	18255000
chr12	18260000	18270000	5.368063187967033	18265000
chr12	18270000	18280000	3.3266339699812733	18275000
chr12	18280000	18290000	3.8465599926728005	18285000
chr12	18290000	18300000	4.087032831439889	18295000
chr12	18300000	18310000	3.930088299256483	18305000
chr12	18310000	18320000	5.496994059638531	18315000
chr12	18320000	18330000	3.608123904475484	18325000
chr12	18330000	18340000	4.644068688484893	18335000
chr12	18340000	18350000	3.8508985387468377	18345000
chr12	18350000	18360000	6.626596298880105	18355000
chr12	18360000	18370000	3.3336782296660554	18365000
chr12	18370000	18380000	4.8534237817488615	18375000
chr12	18380000	18390000	2.014881915962465	18385000
chr12	18390000	18400000	1.580948773639739	18395000
chr12	18400000	18410000	2.9886441296741864	18405000
chr12	18410000	18420000	3.0526604655814813	18415000
chr12	18420000	18430000	3.262335522404189	18425000
chr12	18430000	18440000	4.957356622430634	18435000
chr12	18440000	18450000	4.881850870034357	18445000
chr12	18450000	18460000	1.5250451952324482	18455000
chr12	18460000	18470000	4.259078103712127	18465000
chr12	18470000	18480000	4.02340904956983	18475000
chr12	18480000	18490000	3.385808235555135	18485000
chr12	18490000	18500000	2.0479557592665447	18495000
chr12	18500000	18510000	3.333117698906642	18505000
chr12	18510000	18520000	1.48663416141174	18515000
chr12	18520000	18530000	3.8389461298728484	18525000
chr12	18530000	18540000	4.202481328992055	18535000
chr12	18540000	18550000	4.998426949728194	18545000
chr12	18550000	18560000	3.8536225744856623	18555000
chr12	18560000	18570000	5.943165095220584	18565000
chr12	18570000	18580000	5.650070625091528	18575000
chr12	18580000	18590000	5.608883516489601	18585000
chr12	18590000	18600000	7.098524301873567	18595000
chr12	18600000	18610000	7.31052313613603	18605000
chr12	18610000	18620000	7.795066738752659	18615000
chr12	18620000	18630000	5.341323692624894	18625000
chr12	18630000	18640000	3.9505405819632866	18635000
chr12	18640000	18650000	3.691028221165718	18645000
chr12	18650000	18660000	6.0128239003521315	18655000
chr12	18660000	18670000	6.37641574143681	18665000
chr12	18670000	18680000	6.61949311305564	18675000
chr12	18680000	18690000	4.891221635636844	18685000
chr12	18690000	18700000	4.549977930900079	18695000
chr12	18700000	18710000	5.474153033450849	18705000
chr12	18710000	18720000	9.710833903677287	18715000
chr12	18720000	18730000	8.853684841324347	18725000
chr12	18730000	18740000	3.5509116875253	18735000
chr12	18740000	18750000	5.068902917740066	18745000
chr12	18750000	18760000	2.369295596978139	18755000
chr12	18760000	18770000	5.84123740320828	18765000
chr12	18770000	18780000	7.6581639419685335	18775000
chr12	18780000	18790000	3.5437696245372603	18785000
chr12	18790000	18800000	8.555681805874068	18795000
chr12	18800000	18810000	4.061532665159733	18805000
chr12	18810000	18820000	5.499357690528766	18815000
chr12	18820000	18830000	4.42988870945078	18825000
chr12	18830000	18840000	4.078377261630283	18835000
chr12	18840000	18850000	4.200071399772299	18845000
chr12	18850000	18860000	3.1745188466036454	18855000
chr12	18860000	18870000	3.727524898643451	18865000
chr12	18870000	18880000	4.766777046644182	18875000
chr12	18880000	18890000	5.455504698778958	18885000
chr12	18890000	18900000	4.104396229198184	18895000
chr12	18900000	18910000	9.944717913993772	18905000
chr12	18910000	18920000	5.467170107418913	18915000
chr12	18920000	18930000	2.962676202202498	18925000
chr12	18930000	18940000	5.6731226988030565	18935000
chr12	18940000	18950000	0.9529157334461458	18945000
chr12	18950000	18960000	0.5563835279836089	18955000
chr12	18960000	18970000	0.9282430698445013	18965000
chr12	18970000	18980000	2.5315299004408067	18975000
chr12	18980000	18990000	0.5558571820180298	18985000
chr12	18990000	19000000	1.056681896525957	18995000
chr12	19000000	19010000	1.0619889821261173	19005000
chr12	19010000	19020000	3.837701081652755	19015000
chr12	19020000	19030000	0.9829551709205541	19025000
chr12	19030000	19040000	0.6204848167262739	19035000
chr12	19040000	19050000	0.5748178144440691	19045000
chr12	19050000	19060000	2.629450665823296	19055000
chr12	19060000	19070000	0.456209347120902	19065000
chr12	19070000	19080000	0.04861537360181597	19075000
chr12	19080000	19090000	0.1374012510369485	19085000
chr12	19090000	19100000	0.31041270993424164	19095000
chr12	19100000	19110000	0.6359441517493197	19105000
chr12	19110000	19120000	0.23581672586210156	19115000
chr12	19120000	19130000	0.24212443687995971	19125000
chr12	19130000	19140000	1.3253192363182031	19135000
chr12	19140000	19150000	4.178394847210176	19145000
chr12	19150000	19160000	1.7310925252252356	19155000
chr12	19160000	19170000	1.1317479480089359	19165000
chr12	19170000	19180000	1.1898514154695798	19175000
chr12	19180000	19190000	1.8395458254453019	19185000
chr12	19190000	19200000	2.0234164925788445	19195000
chr12	19200000	19210000	4.148695512171914	19205000
chr12	19210000	19220000	1.7051950371955586	19215000
chr12	19220000	19230000	4.142939925817676	19225000
chr12	19230000	19240000	1.162590870476925	19235000
chr12	19240000	19250000	1.4064453878152572	19245000
chr12	19250000	19260000	1.3879777033326857	19255000
chr12	19260000	19270000	1.7117263906798919	19265000
chr12	19270000	19280000	1.9291693607470755	19275000
chr12	19280000	19290000	1.8530571496734867	19285000
chr12	19290000	19300000	1.413397807702496	19295000
chr12	19300000	19310000	1.285411694279466	19305000
chr12	19310000	19320000	4.314283319810637	19315000
chr12	19320000	19330000	1.8308923420187413	19325000
chr12	19330000	19340000	2.0995385388332046	19335000
chr12	19340000	19350000	2.97328132781392	19345000
chr12	19350000	19360000	3.2993710984474496	19355000
chr12	19360000	19370000	3.2898691501365684	19365000
chr12	19370000	19380000	5.14646975452027	19375000
chr12	19380000	19390000	4.656735915655741	19385000
chr12	19390000	19400000	5.105414565378374	19395000
chr12	19400000	19410000	2.200681841698744	19405000
chr12	19410000	19420000	2.6113059891123265	19415000
chr12	19420000	19430000	2.7890632572440053	19425000
chr12	19430000	19440000	1.1861944989281308	19435000
chr12	19440000	19450000	3.490573560757245	19445000
chr12	19450000	19460000	2.903070925389105	19455000
chr12	19460000	19470000	4.492461644466047	19465000
chr12	19470000	19480000	2.6101729572338566	19475000
chr12	19480000	19490000	3.706762189854304	19485000
chr12	19490000	19500000	4.75756638153439	19495000
chr12	19500000	19510000	3.4783297740673067	19505000
chr12	19510000	19520000	3.8751109303162696	19515000
chr12	19520000	19530000	4.044682722605729	19525000
chr12	19530000	19540000	5.317266473214749	19535000
chr12	19540000	19550000	4.939791934369155	19545000
chr12	19550000	19560000	3.213655299489671	19555000
chr12	19560000	19570000	5.221320848389233	19565000
chr12	19570000	19580000	2.3592895232238607	19575000
chr12	19580000	19590000	4.852891442049278	19585000
chr12	19590000	19600000	7.248109899790049	19595000
chr12	19600000	19610000	4.399785311426472	19605000
chr12	19610000	19620000	3.341377306219316	19615000
chr12	19620000	19630000	6.5229969426413446	19625000
chr12	19630000	19640000	7.006328814241057	19635000
chr12	19640000	19650000	6.3318590745580146	19645000
chr12	19650000	19660000	2.440785970388466	19655000
chr12	19660000	19670000	6.747958996332098	19665000
chr12	19670000	19680000	7.863179774924098	19675000
chr12	19680000	19690000	5.128583137563181	19685000
chr12	19690000	19700000	5.664074124999963	19695000
chr12	19700000	19710000	6.190598065496835	19705000
chr12	19710000	19720000	6.746744898412753	19715000
chr12	19720000	19730000	6.664872449538615	19725000
chr12	19730000	19740000	7.401908578819425	19735000
chr12	19740000	19750000	5.071455486921433	19745000
chr12	19750000	19760000	9.989621063696692	19755000
chr12	19760000	19770000	5.512536179653278	19765000
chr12	19770000	19780000	2.9071242332894034	19775000
chr12	19780000	19790000	8.418410388371514	19785000
chr12	19790000	19800000	6.257162552505621	19795000
chr12	19800000	19810000	7.703283361019211	19805000
chr12	19810000	19820000	9.114077716786372	19815000
chr12	19820000	19830000	2.7427568953119996	19825000
chr12	19830000	19840000	4.443501891657905	19835000
chr12	19840000	19850000	3.9003852670404324	19845000
chr12	19850000	19860000	7.309402564214167	19855000
chr12	19860000	19870000	5.2388365650309305	19865000
chr12	19870000	19880000	5.335547815836057	19875000
chr12	19880000	19890000	5.569505408688056	19885000
chr12	19890000	19900000	5.30943838071366	19895000
chr12	19900000	19910000	5.719772263317887	19905000
chr12	19910000	19920000	3.2714913420325176	19915000
chr12	19920000	19930000	2.692662438825926	19925000
chr12	19930000	19940000	3.5516968359314416	19935000
chr12	19940000	19950000	2.693510462557408	19945000
chr12	19950000	19960000	1.8826013329992541	19955000
chr12	19960000	19970000	4.419089451675652	19965000
chr12	19970000	19980000	3.963079578239178	19975000
chr12	19980000	19990000	5.492183014880395	19985000
chr12	19990000	20000000	4.578243738107116	19995000
chr12	20000000	20010000	3.5933078870194963	20005000
chr12	20010000	20020000	3.5413129378151083	20015000
chr12	20020000	20030000	3.5251154284298667	20025000
chr12	20030000	20040000	3.44939480607923	20035000
chr12	20040000	20050000	3.7242609710402026	20045000
chr12	20050000	20060000	2.685991666935515	20055000
chr12	20060000	20070000	5.717786918959361	20065000
chr12	20070000	20080000	1.1102663032995106	20075000
chr12	20080000	20090000	0.8078281248496966	20085000
chr12	20090000	20100000	1.0723734748101064	20095000
chr12	20100000	20110000	2.5587818685944184	20105000
chr12	20110000	20120000	2.468929099989515	20115000
chr12	20120000	20130000	3.4251452217072957	20125000
chr12	20130000	20140000	2.3964230825799686	20135000
chr12	20140000	20150000	4.004445318272206	20145000
chr12	20150000	20160000	3.719591776584556	20155000
chr12	20160000	20170000	5.30683350019695	20165000
chr12	20170000	20180000	4.393031344404568	20175000
chr12	20180000	20190000	1.6104938488074632	20185000
chr12	20190000	20200000	3.7176062768223397	20195000
chr12	20200000	20210000	2.971673953659281	20205000
chr12	20210000	20220000	1.9010267781450325	20215000
chr12	20220000	20230000	1.301663611939176	20225000
chr12	20230000	20240000	2.6444233273424866	20235000
chr12	20240000	20250000	2.7061624500808548	20245000
chr12	20250000	20260000	2.227932726788823	20255000
chr12	20260000	20270000	1.9779037432699862	20265000
chr12	20270000	20280000	5.381682486308345	20275000
chr12	20280000	20290000	3.432460503048016	20285000
chr12	20290000	20300000	5.363076884389645	20295000
chr12	20300000	20310000	8.637811181554977	20305000
chr12	20310000	20320000	4.853661774717008	20315000
chr12	20320000	20330000	5.635963093905268	20325000
chr12	20330000	20340000	3.831946814067856	20335000
chr12	20340000	20350000	1.4395694200952012	20345000
chr12	20350000	20360000	2.669155003260837	20355000
chr12	20360000	20370000	5.899623020052794	20365000
chr12	20370000	20380000	4.5323508845768234	20375000
chr12	20380000	20390000	8.81903700427002	20385000
chr12	20390000	20400000	16.12465596673805	20395000
chr12	20400000	20410000	6.3069659220142995	20405000
chr12	20410000	20420000	8.089314338434779	20415000
chr12	20420000	20430000	9.232251663526677	20425000
chr12	20430000	20440000	8.536381617291246	20435000
chr12	20440000	20450000	2.735116509339709	20445000
chr12	20450000	20460000	5.109379331967324	20455000
chr12	20460000	20470000	3.7286667346752185	20465000
chr12	20470000	20480000	4.490633555364811	20475000
chr12	20480000	20490000	4.624150120667891	20485000
chr12	20490000	20500000	3.536132619304935	20495000
chr12	20500000	20510000	5.417087809351147	20505000
chr12	20510000	20520000	2.7624330070463956	20515000
chr12	20520000	20530000	8.575064553606376	20525000
chr12	20530000	20540000	5.20940655533004	20535000
chr12	20540000	20550000	2.8477192768343476	20545000
chr12	20550000	20560000	4.4723529114838305	20555000
chr12	20560000	20570000	3.754530930018948	20565000
chr12	20570000	20580000	3.6243538024524504	20575000
chr12	20580000	20590000	1.524758443389496	20585000
chr12	20590000	20600000	4.15945198591356	20595000
chr12	20600000	20610000	2.0813529750458275	20605000
chr12	20610000	20620000	5.146845188080875	20615000
chr12	20620000	20630000	5.800715449021933	20625000
chr12	20630000	20640000	16.3746122762325	20635000
chr12	20640000	20650000	3.829399949349609	20645000
chr12	20650000	20660000	3.682851061062564	20655000
chr12	20660000	20670000	2.842847055494798	20665000
chr12	20670000	20680000	1.8703905639195508	20675000
chr12	20680000	20690000	2.6097461616454156	20685000
chr12	20690000	20700000	2.0023087353327793	20695000
chr12	20700000	20710000	3.040698534706588	20705000
chr12	20710000	20720000	1.4435376505253625	20715000
chr12	20720000	20730000	3.0348960670342464	20725000
chr12	20730000	20740000	6.421891716637395	20735000
chr12	20740000	20750000	5.625102389001518	20745000
chr12	20750000	20760000	4.989580666871727	20755000
chr12	20760000	20770000	5.731685046326126	20765000
chr12	20770000	20780000	3.838431768098421	20775000
chr12	20780000	20790000	6.2850406484891925	20785000
chr12	20790000	20800000	4.650332434055026	20795000
chr12	20800000	20810000	5.837686587238425	20805000
chr12	20810000	20820000	2.1002004064427116	20815000
chr12	20820000	20830000	3.7853562907798186	20825000
chr12	20830000	20840000	4.331562758520953	20835000
chr12	20840000	20850000	2.1957400594544914	20845000
chr12	20850000	20860000	3.395068175903521	20855000
chr12	20860000	20870000	3.396268352899368	20865000
chr12	20870000	20880000	2.566889417712763	20875000
chr12	20880000	20890000	4.261524724229625	20885000
chr12	20890000	20900000	1.43754068206229	20895000
chr12	20900000	20910000	2.940623776653585	20905000
chr12	20910000	20920000	3.837634164029398	20915000
chr12	20920000	20930000	5.429710876961088	20925000
chr12	20930000	20940000	3.9163717949489794	20935000
chr12	20940000	20950000	3.9946072959613574	20945000
chr12	20950000	20960000	5.11529922154572	20955000
chr12	20960000	20970000	3.2662663344777205	20965000
chr12	20970000	20980000	4.078272260024646	20975000
chr12	20980000	20990000	3.2234977298995484	20985000
chr12	20990000	21000000	5.08503314902442	20995000
chr12	21000000	21010000	7.452551564250791	21005000
chr12	21010000	21020000	3.0811335849780814	21015000
chr12	21020000	21030000	2.8858474090150263	21025000
chr12	21030000	21040000	2.138825093192044	21035000
chr12	21040000	21050000	2.338397562393626	21045000
chr12	21050000	21060000	9.385387397074135	21055000
chr12	21060000	21070000	2.496996181253686	21065000
chr12	21070000	21080000	2.1281973493338158	21075000
chr12	21080000	21090000	3.0960177648500844	21085000
chr12	21090000	21100000	3.3015266952259736	21095000
chr12	21100000	21110000	5.5908776329381125	21105000
chr12	21110000	21120000	2.423456599608794	21115000
chr12	21120000	21130000	3.4800648921528703	21125000
chr12	21130000	21140000	3.9829043804250586	21135000
chr12	21140000	21150000	4.690155836018292	21145000
chr12	21150000	21160000	2.7260367649452517	21155000
chr12	21160000	21170000	3.0439962549281274	21165000
chr12	21170000	21180000	3.293926970817857	21175000
chr12	21180000	21190000	2.8195420934081263	21185000
chr12	21190000	21200000	3.087152688973258	21195000
chr12	21200000	21210000	4.05805470090272	21205000
chr12	21210000	21220000	4.201627109475889	21215000
chr12	21220000	21230000	4.470035425437199	21225000
chr12	21230000	21240000	3.5812042089264997	21235000
chr12	21240000	21250000	4.462119133913371	21245000
chr12	21250000	21260000	2.6137340343335285	21255000
chr12	21260000	21270000	2.0630028062443952	21265000
chr12	21270000	21280000	1.123831149501145	21275000
chr12	21280000	21290000	3.2400311285668293	21285000
chr12	21290000	21300000	3.7973255004514948	21295000
chr12	21300000	21310000	3.429956383061637	21305000
chr12	21310000	21320000	1.7022610879202522	21315000
chr12	21320000	21330000	2.167851532596371	21325000
chr12	21330000	21340000	3.1119543774492913	21335000
chr12	21340000	21350000	5.222742145201827	21345000
chr12	21350000	21360000	1.9007034658430888	21355000
chr12	21360000	21370000	7.07738430663621	21365000
chr12	21370000	21380000	0.9377948764374608	21375000
chr12	21380000	21390000	2.017398223124551	21385000
chr12	21390000	21400000	2.114849130575748	21395000
chr12	21400000	21410000	2.253570244530245	21405000
chr12	21410000	21420000	2.6482609072784276	21415000
chr12	21420000	21430000	1.707666730576257	21425000
chr12	21430000	21440000	1.8349621287274904	21435000
chr12	21440000	21450000	1.78014660168854	21445000
chr12	21450000	21460000	1.6070147202600955	21455000
chr12	21460000	21470000	1.601811190467275	21465000
chr12	21470000	21480000	1.395339831273895	21475000
chr12	21480000	21490000	1.9939073715944315	21485000
chr12	21490000	21500000	1.253569932452736	21495000
chr12	21500000	21510000	0.8163880264195269	21505000
chr12	21510000	21520000	0.8420613038904478	21515000
chr12	21520000	21530000	1.3326680113330076	21525000
chr12	21530000	21540000	0.9926001691358958	21535000
chr12	21540000	21550000	1.0671185493502389	21545000
chr12	21550000	21560000	0.4200729238272816	21555000
chr12	21560000	21570000	0.9803068384887962	21565000
chr12	21570000	21580000	0.3791685763211289	21575000
chr12	21580000	21590000	0.9886372545522161	21585000
chr12	21590000	21600000	0.3490777492396274	21595000
chr12	21600000	21610000	0.41143881753761485	21605000
chr12	21610000	21620000	0.5287998971939132	21615000
chr12	21620000	21630000	0.591371425648842	21625000
chr12	21630000	21640000	0.5616849193779373	21635000
chr12	21640000	21650000	0.282748585240703	21645000
chr12	21650000	21660000	0.30076803574980787	21655000
chr12	21660000	21670000	0.31755567572751275	21665000
chr12	21670000	21680000	0.1886034626784892	21675000
chr12	21680000	21690000	0.1696577346929358	21685000
chr12	21690000	21700000	0.10183160216923984	21695000
chr12	21700000	21710000	0.1681709554661427	21705000
chr12	21710000	21720000	0.14583851550674612	21715000
chr12	21720000	21730000	0.06092773790021112	21725000
chr12	21730000	21740000	1.3149589123293717	21735000
chr12	21740000	21750000	0.25904825673843024	21745000
chr12	21750000	21760000	3.443859040043882	21755000
chr12	21760000	21770000	1.817513398033303	21765000
chr12	21770000	21780000	0.9831146249190476	21775000
chr12	21780000	21790000	0.07699616030266557	21785000
chr12	21790000	21800000	0.5043155968990763	21795000
chr12	21800000	21810000	0.39290922277680884	21805000
chr12	21810000	21820000	0.998697737915645	21815000
chr12	21820000	21830000	0.15145933531121153	21825000
chr12	21830000	21840000	0.06290938706540719	21835000
chr12	21840000	21850000	0.08995131809340481	21845000
chr12	21850000	21860000	0.16922581615117485	21855000
chr12	21860000	21870000	0.06119614219479333	21865000
chr12	21870000	21880000	1.0737153570276718	21875000
chr12	21880000	21890000	0.5762309230706751	21885000
chr12	21890000	21900000	0.10825022468095555	21895000
chr12	21900000	21910000	0.07537766471212011	21905000
chr12	21910000	21920000	0.07819628983612821	21915000
chr12	21920000	21930000	0.06460112571080891	21925000
chr12	21930000	21940000	0.08859729054618826	21935000
chr12	21940000	21950000	1.3194965396400986	21945000
chr12	21950000	21960000	0.07405566084401002	21955000
chr12	21960000	21970000	0.09562888779330059	21965000
chr12	21970000	21980000	0.14939352500063768	21975000
chr12	21980000	21990000	0.04770564287753208	21985000
chr12	21990000	22000000	0.06045370941894245	21995000
chr12	22000000	22010000	0.10994608088196094	22005000
chr12	22010000	22020000	0.5849938501245934	22015000
chr12	22020000	22030000	1.118811908343968	22025000
chr12	22030000	22040000	11.68199158598967	22035000
chr12	22040000	22050000	0.7042002202404472	22045000
chr12	22050000	22060000	0.1068408166036649	22055000
chr12	22060000	22070000	0.7967885611004591	22065000
chr12	22070000	22080000	0.34216046040567577	22075000
chr12	22080000	22090000	1.693224494380447	22085000
chr12	22090000	22100000	0.051553704678704806	22095000
chr12	22100000	22110000	0.02155732010793706	22105000
chr12	22110000	22120000	0.037580728592746714	22115000
chr12	22120000	22130000	0.20136202711676007	22125000
chr12	22130000	22140000	0.054850240101934726	22135000
chr12	22140000	22150000	0.06239936964736176	22145000
chr12	22150000	22160000	3.825623465558498	22155000
chr12	22160000	22170000	22.731828285235963	22165000
chr12	22170000	22180000	0.7093006386914125	22175000
chr12	22180000	22190000	0.055895435270010126	22185000
chr12	22190000	22200000	9.31521048371981	22195000
chr12	22200000	22210000	0.19935950239349304	22205000
chr12	22210000	22220000	0.14426788399963164	22215000
chr12	22220000	22230000	0.10442784509996517	22225000
chr12	22230000	22240000	0.07256098840044872	22235000
chr12	22240000	22250000	0.28428978874992555	22245000
