chr19	0	5000	141.21379069347788	2500
chr19	5000	10000	58.73637691815673	7500
chr19	10000	15000	31.64327151289032	12500
chr19	15000	20000	0.03345453658640864	17500
chr19	20000	25000	0.03169230295097087	22500
chr19	25000	30000	0.025597914836829966	27500
chr19	30000	35000	0.026417704899548696	32500
chr19	35000	40000	0.04493173259281207	37500
chr19	40000	45000	0.05017794889053554	42500
chr19	45000	50000	0.043829908428761714	47500
chr19	50000	55000	2.236609128050563	52500
chr19	55000	60000	6.096233920041119	57500
chr19	60000	65000	6.096693200514451	62500
chr19	65000	70000	5.786943917336399	67500
chr19	70000	75000	9.267235632861093	72500
chr19	75000	80000	1.2863652437304702	77500
chr19	80000	85000	1.2498552983572746	82500
chr19	85000	90000	1.2336788672566998	87500
chr19	90000	95000	0.48784424541355853	92500
chr19	95000	100000	0.27753076704293206	97500
chr19	100000	105000	0.277530767042932	102500
chr19	105000	110000	0.27753076704293694	107500
chr19	110000	115000	0.15512541581241243	112500
chr19	115000	120000	0.15264687184541292	117500
chr19	120000	125000	0.152646871845413	122500
chr19	125000	130000	0.15264687184541292	127500
chr19	130000	135000	0.15264687184541292	132500
chr19	135000	140000	0.1526468718454129	137500
chr19	140000	145000	0.152646871845413	142500
chr19	145000	150000	0.15264687184541295	147500
chr19	150000	155000	0.15264687184541292	152500
chr19	155000	160000	0.1526468718454129	157500
chr19	160000	165000	0.14413143422880367	162500
chr19	165000	170000	0.07927617511281937	167500
chr19	170000	175000	0.050293907062537294	172500
chr19	175000	180000	0.05029390706253728	177500
chr19	180000	185000	0.05029390706253729	182500
chr19	185000	190000	0.04983268805274024	187500
chr19	190000	195000	0.048119588873493865	192500
chr19	195000	200000	0.07424349201523259	197500
chr19	200000	205000	0.07565560653755245	202500
chr19	205000	210000	0.08314833849839626	207500
chr19	210000	215000	0.04775757670068307	212500
chr19	215000	220000	0.055562530732097354	217500
chr19	220000	225000	0.2876613806066054	222500
chr19	225000	230000	0.2218310461584538	227500
chr19	230000	235000	0.22183104615845384	232500
chr19	235000	240000	0.22183104615845378	237500
chr19	240000	245000	0.22183104615845392	242500
chr19	245000	250000	0.22183104615845398	247500
chr19	250000	255000	0.29621402696964155	252500
chr19	255000	260000	0.5020409115899793	257500
chr19	260000	265000	0.5046488615762891	262500
chr19	265000	270000	0.49196392437106967	267500
chr19	270000	275000	0.4348023725597027	272500
chr19	275000	280000	0.4337217271832433	277500
chr19	280000	285000	0.3826644220077284	282500
chr19	285000	290000	0.32759471652198907	287500
chr19	290000	295000	0.3960638465379303	292500
chr19	295000	300000	0.4645329765538717	297500
chr19	300000	305000	0.4645329765538717	302500
chr19	305000	310000	0.4425626145720717	307500
chr19	310000	315000	0.4025645881587516	312500
chr19	315000	320000	0.892125952833465	317500
chr19	320000	325000	0.8974483303392574	322500
chr19	325000	330000	0.8974483303392577	327500
chr19	330000	335000	0.8870917481849143	332500
chr19	335000	340000	0.8464293802272222	337500
chr19	340000	345000	0.8908942275729195	342500
chr19	345000	350000	0.8019772074578262	347500
chr19	350000	355000	0.44003164253594124	352500
chr19	355000	360000	0.3762370689470232	357500
chr19	360000	365000	0.385049869996221	362500
chr19	365000	370000	1.3518344346949225	367500
chr19	370000	375000	0.8623680047831163	372500
chr19	375000	380000	0.5849485298902077	377500
chr19	380000	385000	0.584948529890209	382500
chr19	385000	390000	0.6135431774606189	387500
chr19	390000	395000	0.6632075653460665	392500
chr19	395000	400000	1.125684720550512	397500
chr19	400000	405000	1.119444051999016	402500
chr19	405000	410000	1.069398265506079	407500
chr19	410000	415000	1.0051152797454577	412500
chr19	415000	420000	0.888808003827775	417500
chr19	420000	425000	0.5307070375154859	422500
chr19	425000	430000	1.8388715301637664	427500
chr19	430000	435000	2.054735902691882	432500
chr19	435000	440000	1.9704771017048317	437500
chr19	440000	445000	1.9657843766866734	442500
chr19	445000	450000	2.314700087835558	447500
chr19	450000	455000	2.387695356696379	452500
chr19	455000	460000	2.8514691175056117	457500
chr19	460000	465000	2.3328508872708045	462500
chr19	465000	470000	1.921557336357969	467500
chr19	470000	475000	1.9997488193553754	472500
chr19	475000	480000	2.8313575293717084	477500
chr19	480000	485000	8.041412763516131	482500
chr19	485000	490000	5.704871298243453	487500
chr19	490000	495000	3.546171329768894	492500
chr19	495000	500000	3.345558094238207	497500
chr19	500000	505000	2.0958938578682442	502500
chr19	505000	510000	1.2530032984925663	507500
chr19	510000	515000	3.706136934334589	512500
chr19	515000	520000	2.9363150902730335	517500
chr19	520000	525000	4.6045049336056705	522500
chr19	525000	530000	3.1597580654064346	527500
chr19	530000	535000	2.5391863099396628	532500
chr19	535000	540000	1.4739538385113495	537500
chr19	540000	545000	2.6647302273304274	542500
chr19	545000	550000	3.0960415860393513	547500
chr19	550000	555000	3.1073594616864444	552500
chr19	555000	560000	3.420981859752491	557500
chr19	560000	565000	5.102062138505117	562500
chr19	565000	570000	3.684499699077762	567500
chr19	570000	575000	2.661908662872524	572500
chr19	575000	580000	2.6404488748536004	577500
chr19	580000	585000	8.951906058930176	582500
chr19	585000	590000	4.110937175443521	587500
chr19	590000	595000	3.4559741677234608	592500
chr19	595000	600000	7.715789838222483	597500
chr19	600000	605000	6.162958556351958	602500
chr19	605000	610000	8.783211783506548	607500
chr19	610000	615000	5.5170608219316755	612500
chr19	615000	620000	3.3384207507511543	617500
chr19	620000	625000	4.2273660621432265	622500
chr19	625000	630000	5.236187852387287	627500
chr19	630000	635000	8.098121498445769	632500
chr19	635000	640000	6.182778358818655	637500
chr19	640000	645000	3.376854858424569	642500
chr19	645000	650000	3.295754926616553	647500
chr19	650000	655000	5.688275620349882	652500
chr19	655000	660000	6.713502659675029	657500
chr19	660000	665000	4.342246771892303	662500
chr19	665000	670000	4.1105870494366785	667500
chr19	670000	675000	4.466654011519809	672500
chr19	675000	680000	3.9397545124811417	677500
chr19	680000	685000	4.289679176525201	682500
chr19	685000	690000	8.120770559962875	687500
chr19	690000	695000	3.971375210238656	692500
chr19	695000	700000	2.7469730575386735	697500
chr19	700000	705000	2.268757622077668	702500
chr19	705000	710000	3.4069229892515365	707500
chr19	710000	715000	3.548034320737901	712500
chr19	715000	720000	3.577976009478949	717500
chr19	720000	725000	3.7053135576982634	722500
chr19	725000	730000	3.6903640332567624	727500
chr19	730000	735000	3.4784182237670787	732500
chr19	735000	740000	3.9619135969980563	737500
chr19	740000	745000	2.3296771031329917	742500
chr19	745000	750000	2.4410963370820458	747500
chr19	750000	755000	5.086767559333911	752500
chr19	755000	760000	5.283073423445922	757500
chr19	760000	765000	4.4779501287674695	762500
chr19	765000	770000	4.781794412191289	767500
chr19	770000	775000	4.7885542469212465	772500
chr19	775000	780000	7.464951934960163	777500
chr19	780000	785000	8.05254480772759	782500
chr19	785000	790000	6.76698851156418	787500
chr19	790000	795000	5.823849493836991	792500
chr19	795000	800000	5.9033426285394635	797500
chr19	800000	805000	6.582699134032242	802500
chr19	805000	810000	8.172999143738073	807500
chr19	810000	815000	6.519876270837317	812500
chr19	815000	820000	7.765598520402845	817500
chr19	820000	825000	8.978887761262127	822500
chr19	825000	830000	11.16650284878443	827500
chr19	830000	835000	9.122382286592469	832500
chr19	835000	840000	6.716607122185639	837500
chr19	840000	845000	6.870260278475135	842500
chr19	845000	850000	9.179605857053346	847500
chr19	850000	855000	12.948809713877852	852500
chr19	855000	860000	9.220903765697836	857500
chr19	860000	865000	8.252051109675564	862500
chr19	865000	870000	8.154147870981129	867500
chr19	870000	875000	8.074979259808666	872500
chr19	875000	880000	10.536730337239105	877500
chr19	880000	885000	6.742873398658611	882500
chr19	885000	890000	4.622161491198205	887500
chr19	890000	895000	5.549718629880254	892500
chr19	895000	900000	7.554622488502948	897500
chr19	900000	905000	4.480663834223667	902500
chr19	905000	910000	8.032419875109298	907500
chr19	910000	915000	8.772228800529254	912500
chr19	915000	920000	6.746269502062177	917500
chr19	920000	925000	4.919500792948792	922500
chr19	925000	930000	5.236825277714966	927500
chr19	930000	935000	9.951189462432914	932500
chr19	935000	940000	3.40550824565961	937500
chr19	940000	945000	8.232861270934288	942500
chr19	945000	950000	8.741105679606328	947500
chr19	950000	955000	11.177882957971123	952500
chr19	955000	960000	10.712220234024004	957500
chr19	960000	965000	14.584270587937931	962500
chr19	965000	970000	16.41441841539513	967500
chr19	970000	975000	8.042187934850396	972500
chr19	975000	980000	6.6762040437505	977500
chr19	980000	985000	41.38004997042357	982500
chr19	985000	990000	11.131020825679949	987500
chr19	990000	995000	7.107270675771022	992500
chr19	995000	1000000	7.201719003567291	997500
chr19	1000000	1005000	7.801659898616969	1002500
chr19	1005000	1010000	8.69139471213852	1007500
chr19	1010000	1015000	7.042515345777649	1012500
chr19	1015000	1020000	6.548421597370872	1017500
chr19	1020000	1025000	7.733641571544059	1022500
chr19	1025000	1030000	7.794695035731715	1027500
chr19	1030000	1035000	9.537554949123047	1032500
chr19	1035000	1040000	8.72768064082554	1037500
chr19	1040000	1045000	7.63484312211101	1042500
chr19	1045000	1050000	6.694024725198106	1047500
chr19	1050000	1055000	9.974749455999428	1052500
chr19	1055000	1060000	11.201219544652895	1057500
chr19	1060000	1065000	10.626309217069176	1062500
chr19	1065000	1070000	8.291039370279563	1067500
chr19	1070000	1075000	9.248574242784418	1072500
chr19	1075000	1080000	7.949036559068395	1077500
chr19	1080000	1085000	10.496738786416506	1082500
chr19	1085000	1090000	19.74929340076885	1087500
chr19	1090000	1095000	11.24061718306304	1092500
chr19	1095000	1100000	8.747879967666398	1097500
chr19	1100000	1105000	7.184017280681842	1102500
chr19	1105000	1110000	6.668474078425108	1107500
chr19	1110000	1115000	8.026233107207812	1112500
chr19	1115000	1120000	9.450952777152034	1117500
chr19	1120000	1125000	7.8976827160942555	1122500
chr19	1125000	1130000	13.498640159535357	1127500
chr19	1130000	1135000	8.487956078225125	1132500
chr19	1135000	1140000	10.816464337764867	1137500
chr19	1140000	1145000	11.74781403783093	1142500
chr19	1145000	1150000	12.740678688767595	1147500
chr19	1150000	1155000	12.386451575667104	1152500
chr19	1155000	1160000	13.823981765121463	1157500
chr19	1160000	1165000	15.699259668359762	1162500
chr19	1165000	1170000	17.660391670365367	1167500
chr19	1170000	1175000	15.344456279362053	1172500
chr19	1175000	1180000	17.87050429327215	1177500
chr19	1180000	1185000	15.56206179167822	1182500
chr19	1185000	1190000	11.106674400854677	1187500
chr19	1190000	1195000	12.77906613748613	1192500
chr19	1195000	1200000	17.12173751525381	1197500
chr19	1200000	1205000	14.631021233188937	1202500
chr19	1205000	1210000	11.103843006256877	1207500
chr19	1210000	1215000	10.922354756616295	1212500
chr19	1215000	1220000	15.122987396670997	1217500
chr19	1220000	1225000	15.552925529709563	1222500
chr19	1225000	1230000	16.10928874740806	1227500
chr19	1230000	1235000	15.236730242947516	1232500
chr19	1235000	1240000	13.053606156611801	1237500
chr19	1240000	1245000	10.46806476771417	1242500
chr19	1245000	1250000	9.512142986825307	1247500
chr19	1250000	1255000	8.415124720409182	1252500
chr19	1255000	1260000	13.064311108023697	1257500
chr19	1260000	1265000	11.672799475727672	1262500
chr19	1265000	1270000	9.666749638296812	1267500
chr19	1270000	1275000	10.476754475087866	1272500
chr19	1275000	1280000	8.189153730052913	1277500
chr19	1280000	1285000	7.1029782130543175	1282500
chr19	1285000	1290000	9.917746585508343	1287500
chr19	1290000	1295000	15.333378875279402	1292500
chr19	1295000	1300000	17.194951113963278	1297500
chr19	1300000	1305000	6.168746515883115	1302500
chr19	1305000	1310000	5.902567287480967	1307500
chr19	1310000	1315000	13.00782092594903	1312500
chr19	1315000	1320000	4.506991703484418	1317500
chr19	1320000	1325000	8.111745048953818	1322500
chr19	1325000	1330000	10.471331477267189	1327500
chr19	1330000	1335000	11.486871410881237	1332500
chr19	1335000	1340000	7.991393907579132	1337500
chr19	1340000	1345000	14.321720573139313	1342500
chr19	1345000	1350000	9.050365569101778	1347500
chr19	1350000	1355000	12.777476493405036	1352500
chr19	1355000	1360000	10.00539783566343	1357500
chr19	1360000	1365000	13.797541900625507	1362500
chr19	1365000	1370000	15.40880224827238	1367500
chr19	1370000	1375000	21.434897968366435	1372500
chr19	1375000	1380000	16.20633705918379	1377500
chr19	1380000	1385000	11.907128366935307	1382500
chr19	1385000	1390000	22.992063943139033	1387500
chr19	1390000	1395000	22.981337931318386	1392500
chr19	1395000	1400000	22.334069833620372	1397500
chr19	1400000	1405000	17.39345619943543	1402500
chr19	1405000	1410000	21.413415454728046	1407500
chr19	1410000	1415000	10.755330789439421	1412500
chr19	1415000	1420000	11.37553649191539	1417500
chr19	1420000	1425000	15.175148269060102	1422500
chr19	1425000	1430000	13.660039045711878	1427500
chr19	1430000	1435000	17.12065852285214	1432500
chr19	1435000	1440000	27.398903341365806	1437500
chr19	1440000	1445000	24.196586076330952	1442500
chr19	1445000	1450000	21.621066074984526	1447500
chr19	1450000	1455000	22.70458282946735	1452500
chr19	1455000	1460000	19.815791019694146	1457500
chr19	1460000	1465000	21.90965471212321	1462500
chr19	1465000	1470000	22.4394583888721	1467500
chr19	1470000	1475000	19.26772705471573	1472500
chr19	1475000	1480000	25.901992045294893	1477500
chr19	1480000	1485000	22.65237039106214	1482500
chr19	1485000	1490000	20.380337167722	1487500
chr19	1490000	1495000	24.90209737908331	1492500
chr19	1495000	1500000	25.00602850864717	1497500
chr19	1500000	1505000	22.560463005003655	1502500
chr19	1505000	1510000	24.846981585709255	1507500
chr19	1510000	1515000	23.516923131135137	1512500
chr19	1515000	1520000	26.129860066783785	1517500
chr19	1520000	1525000	27.355629067395782	1522500
chr19	1525000	1530000	23.969387169598903	1527500
chr19	1530000	1535000	21.552656449488392	1532500
chr19	1535000	1540000	23.20289888043998	1537500
chr19	1540000	1545000	24.12356535720702	1542500
chr19	1545000	1550000	10.823439631743996	1547500
chr19	1550000	1555000	9.700511724431783	1552500
chr19	1555000	1560000	9.848730155867747	1557500
chr19	1560000	1565000	13.945489681121472	1562500
chr19	1565000	1570000	26.88568450617794	1567500
chr19	1570000	1575000	14.754928879885295	1572500
chr19	1575000	1580000	14.768660239219484	1577500
chr19	1580000	1585000	17.125892951895384	1582500
chr19	1585000	1590000	36.736321054754946	1587500
chr19	1590000	1595000	12.478942074573538	1592500
chr19	1595000	1600000	17.63083904837315	1597500
chr19	1600000	1605000	22.057623837791	1602500
chr19	1605000	1610000	31.964456381569715	1607500
chr19	1610000	1615000	25.729676106209485	1612500
chr19	1615000	1620000	28.15139744908406	1617500
chr19	1620000	1625000	41.20247266110566	1622500
chr19	1625000	1630000	31.339334631380304	1627500
chr19	1630000	1635000	24.036218026481908	1632500
chr19	1635000	1640000	24.625313205816216	1637500
chr19	1640000	1645000	24.34425430431593	1642500
chr19	1645000	1650000	25.793737544346822	1647500
chr19	1650000	1655000	24.645209374986354	1652500
chr19	1655000	1660000	22.23797088176952	1657500
chr19	1660000	1665000	17.55698307124664	1662500
chr19	1665000	1670000	16.777175230382756	1667500
chr19	1670000	1675000	19.792353153451486	1672500
chr19	1675000	1680000	19.69726279762864	1677500
chr19	1680000	1685000	23.4611191427073	1682500
chr19	1685000	1690000	25.3393400435103	1687500
chr19	1690000	1695000	24.004197909379826	1692500
chr19	1695000	1700000	19.738330630188145	1697500
chr19	1700000	1705000	25.63443119010823	1702500
chr19	1705000	1710000	20.715029885905764	1707500
chr19	1710000	1715000	25.11642096908133	1712500
chr19	1715000	1720000	23.192022144218168	1717500
chr19	1720000	1725000	26.436193735742016	1722500
chr19	1725000	1730000	28.929967676381747	1727500
chr19	1730000	1735000	28.68129807900323	1732500
chr19	1735000	1740000	25.498595517159213	1737500
chr19	1740000	1745000	25.95616094873527	1742500
chr19	1745000	1750000	29.998656438400936	1747500
chr19	1750000	1755000	29.55178556641573	1752500
chr19	1755000	1760000	26.96428961486995	1757500
chr19	1760000	1765000	26.953403723229123	1762500
chr19	1765000	1770000	27.594075597422453	1767500
chr19	1770000	1775000	28.55305976811821	1772500
chr19	1775000	1780000	28.373151554533457	1777500
chr19	1780000	1785000	28.123074338836922	1782500
chr19	1785000	1790000	25.995215009988065	1787500
chr19	1790000	1795000	30.160893233636322	1792500
chr19	1795000	1800000	26.375493873008903	1797500
chr19	1800000	1805000	28.452644813935404	1802500
chr19	1805000	1810000	27.70221311043834	1807500
chr19	1810000	1815000	23.52447149210796	1812500
chr19	1815000	1820000	23.215022865289942	1817500
chr19	1820000	1825000	22.069221762485054	1822500
chr19	1825000	1830000	20.515281311784978	1827500
chr19	1830000	1835000	12.374595648809194	1832500
chr19	1835000	1840000	19.257311671624134	1837500
chr19	1840000	1845000	20.480359351474583	1842500
chr19	1845000	1850000	16.417432585774822	1847500
chr19	1850000	1855000	16.815471418376635	1852500
chr19	1855000	1860000	13.133917508337648	1857500
chr19	1860000	1865000	18.84537855178663	1862500
chr19	1865000	1870000	15.734025925938946	1867500
chr19	1870000	1875000	29.360629578085113	1872500
chr19	1875000	1880000	21.62306430212907	1877500
chr19	1880000	1885000	33.477980786182115	1882500
chr19	1885000	1890000	34.08378653804754	1887500
chr19	1890000	1895000	21.07922398346362	1892500
chr19	1895000	1900000	24.467261110049712	1897500
chr19	1900000	1905000	22.728476146931815	1902500
chr19	1905000	1910000	14.866566992726232	1907500
chr19	1910000	1915000	14.355131847329265	1912500
chr19	1915000	1920000	13.335523910880777	1917500
chr19	1920000	1925000	13.128893597458488	1922500
chr19	1925000	1930000	20.096341089383408	1927500
chr19	1930000	1935000	18.39843311573492	1932500
chr19	1935000	1940000	17.140366888970995	1937500
chr19	1940000	1945000	13.156438489364804	1942500
chr19	1945000	1950000	17.956446735553325	1947500
chr19	1950000	1955000	10.469567346499728	1952500
chr19	1955000	1960000	17.333965313096087	1957500
chr19	1960000	1965000	8.73282727160696	1962500
chr19	1965000	1970000	12.29946664097327	1967500
chr19	1970000	1975000	11.954920659141314	1972500
chr19	1975000	1980000	10.516810288211424	1977500
chr19	1980000	1985000	10.913486873159902	1982500
chr19	1985000	1990000	8.865781886987202	1987500
chr19	1990000	1995000	6.098553627734705	1992500
chr19	1995000	2000000	13.474845204530128	1997500
chr19	2000000	2005000	16.312568688064314	2002500
chr19	2005000	2010000	12.853749799477455	2007500
chr19	2010000	2015000	13.570345608970708	2012500
chr19	2015000	2020000	20.686431783487663	2017500
chr19	2020000	2025000	18.574769090896385	2022500
chr19	2025000	2030000	17.97915736012001	2027500
chr19	2030000	2035000	14.20496169814714	2032500
chr19	2035000	2040000	21.644029336879157	2037500
chr19	2040000	2045000	20.787953279666272	2042500
chr19	2045000	2050000	20.025510981666834	2047500
chr19	2050000	2055000	13.859830668349419	2052500
chr19	2055000	2060000	6.617719046257795	2057500
chr19	2060000	2065000	9.208687871763155	2062500
chr19	2065000	2070000	11.984631765998635	2067500
chr19	2070000	2075000	14.501805074029043	2072500
chr19	2075000	2080000	25.405426079870676	2077500
chr19	2080000	2085000	42.3814264134559	2082500
chr19	2085000	2090000	27.574201666479482	2087500
chr19	2090000	2095000	24.50283405742717	2092500
chr19	2095000	2100000	26.40368175376833	2097500
chr19	2100000	2105000	21.13822747485817	2102500
chr19	2105000	2110000	17.530759007756423	2107500
chr19	2110000	2115000	18.89891631157463	2112500
chr19	2115000	2120000	19.141013352563593	2117500
chr19	2120000	2125000	15.883563325520006	2122500
chr19	2125000	2130000	17.44131366611384	2127500
chr19	2130000	2135000	20.22997549090558	2132500
chr19	2135000	2140000	18.481210551252964	2137500
chr19	2140000	2145000	17.70339245024352	2142500
chr19	2145000	2150000	16.885441981801158	2147500
chr19	2150000	2155000	23.792919609336263	2152500
chr19	2155000	2160000	21.251383724873442	2157500
chr19	2160000	2165000	16.06884489793993	2162500
chr19	2165000	2170000	17.492154783695714	2167500
chr19	2170000	2175000	21.095283644986694	2172500
chr19	2175000	2180000	22.88276898557065	2177500
chr19	2180000	2185000	19.431962078106793	2182500
chr19	2185000	2190000	20.91831083788227	2187500
chr19	2190000	2195000	18.49251120926045	2192500
chr19	2195000	2200000	20.362885329217697	2197500
chr19	2200000	2205000	20.919957031093418	2202500
chr19	2205000	2210000	22.977231434082142	2207500
chr19	2210000	2215000	40.058111296748066	2212500
chr19	2215000	2220000	23.032959117110913	2217500
chr19	2220000	2225000	12.254377673506939	2222500
chr19	2225000	2230000	36.74174663580767	2227500
chr19	2230000	2235000	29.24023416658531	2232500
chr19	2235000	2240000	25.988364738712	2237500
chr19	2240000	2245000	19.04252310027459	2242500
chr19	2245000	2250000	15.277072688096512	2247500
chr19	2250000	2255000	33.81701845002331	2252500
chr19	2255000	2260000	23.844957034710852	2257500
chr19	2260000	2265000	20.099402841666933	2262500
chr19	2265000	2270000	17.365525708113253	2267500
chr19	2270000	2275000	40.471615364996254	2272500
chr19	2275000	2280000	20.57136553495715	2277500
chr19	2280000	2285000	18.756803107178595	2282500
chr19	2285000	2290000	37.18808718697416	2287500
chr19	2290000	2295000	32.20933457611869	2292500
chr19	2295000	2300000	22.933565965465256	2297500
chr19	2300000	2305000	19.001748833889327	2302500
chr19	2305000	2310000	15.115597193741369	2307500
chr19	2310000	2315000	12.415253960026456	2312500
chr19	2315000	2320000	8.597123986546295	2317500
chr19	2320000	2325000	11.21241627911932	2322500
chr19	2325000	2330000	19.551914917914438	2327500
chr19	2330000	2335000	15.294249467539677	2332500
chr19	2335000	2340000	12.804933898617318	2337500
chr19	2340000	2345000	15.776109395980864	2342500
chr19	2345000	2350000	17.610513596336332	2347500
chr19	2350000	2355000	31.042908939525958	2352500
chr19	2355000	2360000	27.517420015321598	2357500
chr19	2360000	2365000	9.180965940587049	2362500
chr19	2365000	2370000	13.954236689736462	2367500
chr19	2370000	2375000	18.943272150281317	2372500
chr19	2375000	2380000	17.61197265134652	2377500
chr19	2380000	2385000	19.990421101511163	2382500
chr19	2385000	2390000	12.373559738249044	2387500
chr19	2390000	2395000	11.2924897566905	2392500
chr19	2395000	2400000	10.448853317228382	2397500
chr19	2400000	2405000	17.17303573342657	2402500
chr19	2405000	2410000	22.401963023983342	2407500
chr19	2410000	2415000	18.675892102490856	2412500
chr19	2415000	2420000	11.8892483101362	2417500
chr19	2420000	2425000	21.031039846471604	2422500
chr19	2425000	2430000	25.84087263755258	2427500
chr19	2430000	2435000	22.643288005937762	2432500
chr19	2435000	2440000	24.885992344783343	2437500
chr19	2440000	2445000	30.864946299217603	2442500
chr19	2445000	2450000	27.92058822333974	2447500
chr19	2450000	2455000	24.63863014430759	2452500
chr19	2455000	2460000	15.494655827931016	2457500
chr19	2460000	2465000	23.83177439938718	2462500
chr19	2465000	2470000	17.622093831524303	2467500
chr19	2470000	2475000	11.831731176666484	2472500
chr19	2475000	2480000	10.245694374559172	2477500
chr19	2480000	2485000	10.506009171837462	2482500
chr19	2485000	2490000	13.204566719063909	2487500
chr19	2490000	2495000	16.763238746902033	2492500
chr19	2495000	2500000	20.20897419706995	2497500
chr19	2500000	2505000	27.648906867123184	2502500
chr19	2505000	2510000	24.470868827670195	2507500
chr19	2510000	2515000	27.431923186047378	2512500
chr19	2515000	2520000	26.671761252965602	2517500
chr19	2520000	2525000	27.67238598871285	2522500
chr19	2525000	2530000	28.583909614739227	2527500
chr19	2530000	2535000	32.17196259643264	2532500
chr19	2535000	2540000	30.981635019967708	2537500
chr19	2540000	2545000	26.791313635109194	2542500
chr19	2545000	2550000	27.703805152471716	2547500
chr19	2550000	2555000	26.83068994416809	2552500
chr19	2555000	2560000	27.102309645792126	2557500
chr19	2560000	2565000	23.478955005820126	2562500
chr19	2565000	2570000	20.881610015407517	2567500
chr19	2570000	2575000	28.300137594641765	2572500
chr19	2575000	2580000	29.084731940929032	2577500
chr19	2580000	2585000	29.63423126293179	2582500
chr19	2585000	2590000	33.07541159511443	2587500
chr19	2590000	2595000	41.5630229661523	2592500
chr19	2595000	2600000	29.90945766699744	2597500
chr19	2600000	2605000	35.42228402481123	2602500
chr19	2605000	2610000	40.972128230955995	2607500
chr19	2610000	2615000	40.60455376699628	2612500
chr19	2615000	2620000	40.8198376702083	2617500
chr19	2620000	2625000	36.60028914944284	2622500
chr19	2625000	2630000	39.35812864086874	2627500
chr19	2630000	2635000	46.39148561685744	2632500
chr19	2635000	2640000	30.407294083992234	2637500
chr19	2640000	2645000	45.937836481751326	2642500
chr19	2645000	2650000	49.15311860288259	2647500
chr19	2650000	2655000	43.69511341580848	2652500
chr19	2655000	2660000	45.15578104507461	2657500
chr19	2660000	2665000	32.67184533344672	2662500
chr19	2665000	2670000	57.45025409387253	2667500
chr19	2670000	2675000	52.23741196680394	2672500
chr19	2675000	2680000	35.523770873580695	2677500
chr19	2680000	2685000	49.765749492414606	2682500
chr19	2685000	2690000	35.471350672889905	2687500
chr19	2690000	2695000	31.130375973630738	2692500
chr19	2695000	2700000	44.547640994459016	2697500
chr19	2700000	2705000	52.25149488226722	2702500
chr19	2705000	2710000	19.870939464516912	2707500
chr19	2710000	2715000	25.955445234218523	2712500
chr19	2715000	2720000	28.469372356025282	2717500
chr19	2720000	2725000	39.09536379872202	2722500
chr19	2725000	2730000	47.35327267798434	2727500
chr19	2730000	2735000	87.92302724183857	2732500
chr19	2735000	2740000	85.87822400557963	2737500
chr19	2740000	2745000	75.87929627937181	2742500
chr19	2745000	2750000	60.669188708408704	2747500
chr19	2750000	2755000	17.300600601513533	2752500
chr19	2755000	2760000	25.794594215441226	2757500
chr19	2760000	2765000	34.32921425327435	2762500
chr19	2765000	2770000	23.118006682545513	2767500
chr19	2770000	2775000	35.10204832212938	2772500
chr19	2775000	2780000	53.40815993490543	2777500
chr19	2780000	2785000	50.687105340187465	2782500
chr19	2785000	2790000	54.21165505270723	2787500
chr19	2790000	2795000	42.69218539554609	2792500
chr19	2795000	2800000	67.17044148059846	2797500
chr19	2800000	2805000	12.018852747617691	2802500
chr19	2805000	2810000	26.901372542455352	2807500
chr19	2810000	2815000	29.746255391742544	2812500
chr19	2815000	2820000	29.494476036839945	2817500
chr19	2820000	2825000	21.78629143917789	2822500
chr19	2825000	2830000	26.625458215937332	2827500
chr19	2830000	2835000	42.21361975121638	2832500
chr19	2835000	2840000	33.346256120696694	2837500
chr19	2840000	2845000	51.03535171239588	2842500
chr19	2845000	2850000	54.305893019968586	2847500
chr19	2850000	2855000	57.54342867483806	2852500
chr19	2855000	2860000	82.93090292393359	2857500
chr19	2860000	2865000	85.37997350926028	2862500
chr19	2865000	2870000	54.23982440566494	2867500
chr19	2870000	2875000	54.4708329018518	2872500
chr19	2875000	2880000	59.92426404955416	2877500
chr19	2880000	2885000	43.09930770025196	2882500
chr19	2885000	2890000	48.74795306723834	2887500
chr19	2890000	2895000	49.08950883939486	2892500
chr19	2895000	2900000	49.03832372747984	2897500
chr19	2900000	2905000	47.18555632168868	2902500
chr19	2905000	2910000	38.58750861374896	2907500
chr19	2910000	2915000	43.48347988321307	2912500
chr19	2915000	2920000	35.92825053292351	2917500
chr19	2920000	2925000	43.238004763747426	2922500
chr19	2925000	2930000	45.562837119680104	2927500
chr19	2930000	2935000	45.16959084848081	2932500
chr19	2935000	2940000	43.80477167111876	2937500
chr19	2940000	2945000	45.07332494444736	2942500
chr19	2945000	2950000	42.901128357065645	2947500
chr19	2950000	2955000	44.43127555756817	2952500
chr19	2955000	2960000	38.12068770629644	2957500
chr19	2960000	2965000	39.71123905598713	2962500
chr19	2965000	2970000	39.74840742944827	2967500
chr19	2970000	2975000	44.722617225000846	2972500
chr19	2975000	2980000	46.40956407866262	2977500
chr19	2980000	2985000	39.75649385174474	2982500
chr19	2985000	2990000	35.95803625864991	2987500
chr19	2990000	2995000	37.93067684168945	2992500
chr19	2995000	3000000	36.737469992019896	2997500
chr19	3000000	3005000	36.49017831094956	3002500
chr19	3005000	3010000	36.34689216320165	3007500
chr19	3010000	3015000	38.56214512821793	3012500
chr19	3015000	3020000	37.591662758932195	3017500
chr19	3020000	3025000	34.985396288404	3022500
chr19	3025000	3030000	36.93000672531987	3027500
chr19	3030000	3035000	43.03459751913388	3032500
chr19	3035000	3040000	35.623163897035624	3037500
chr19	3040000	3045000	42.681034624458675	3042500
chr19	3045000	3050000	41.169303480471136	3047500
chr19	3050000	3055000	40.45837191990453	3052500
chr19	3055000	3060000	34.26733404189066	3057500
chr19	3060000	3065000	23.031545220007114	3062500
chr19	3065000	3070000	16.20941174500331	3067500
chr19	3070000	3075000	21.08749173386225	3072500
chr19	3075000	3080000	29.9025256666322	3077500
chr19	3080000	3085000	41.32177907765955	3082500
chr19	3085000	3090000	36.32777797541304	3087500
chr19	3090000	3095000	33.19608792793056	3092500
chr19	3095000	3100000	28.660813474386792	3097500
chr19	3100000	3105000	22.484869615966257	3102500
chr19	3105000	3110000	17.022856456996628	3107500
chr19	3110000	3115000	29.78695049281325	3112500
chr19	3115000	3120000	35.981526628776315	3117500
chr19	3120000	3125000	54.37860264028397	3122500
chr19	3125000	3130000	48.713367085356104	3127500
chr19	3130000	3135000	41.65171646784911	3132500
chr19	3135000	3140000	33.75340140443823	3137500
chr19	3140000	3145000	30.79225343065763	3142500
chr19	3145000	3150000	39.4196409207766	3147500
chr19	3150000	3155000	44.64618360399428	3152500
chr19	3155000	3160000	42.941729830033594	3157500
chr19	3160000	3165000	41.43417327685929	3162500
chr19	3165000	3170000	39.2339519024944	3167500
chr19	3170000	3175000	41.17959601686376	3172500
chr19	3175000	3180000	50.96337051086751	3177500
chr19	3180000	3185000	45.29101283843494	3182500
chr19	3185000	3190000	47.42333582172469	3187500
chr19	3190000	3195000	44.79896055280929	3192500
chr19	3195000	3200000	40.51308671148792	3197500
chr19	3200000	3205000	57.96558524300846	3202500
chr19	3205000	3210000	51.77005831718364	3207500
chr19	3210000	3215000	45.42922296764027	3212500
chr19	3215000	3220000	63.879468658814396	3217500
chr19	3220000	3225000	78.17569794687361	3222500
chr19	3225000	3230000	63.86624635164933	3227500
chr19	3230000	3235000	55.83679442196668	3232500
chr19	3235000	3240000	35.822461507334715	3237500
chr19	3240000	3245000	60.15114352300882	3242500
chr19	3245000	3250000	51.37126482832364	3247500
chr19	3250000	3255000	24.818077108569813	3252500
chr19	3255000	3260000	94.41546099807398	3257500
chr19	3260000	3265000	77.38418775643613	3262500
chr19	3265000	3270000	67.32960058962527	3267500
chr19	3270000	3275000	59.82455038508854	3272500
chr19	3275000	3280000	48.60600930574276	3277500
chr19	3280000	3285000	43.0114336902787	3282500
chr19	3285000	3290000	41.66641610809236	3287500
chr19	3290000	3295000	31.685518685490464	3292500
chr19	3295000	3300000	31.152142783874094	3297500
chr19	3300000	3305000	36.55200834063079	3302500
chr19	3305000	3310000	27.881720323294317	3307500
chr19	3310000	3315000	25.48829305491893	3312500
chr19	3315000	3320000	25.720069174808522	3317500
chr19	3320000	3325000	21.5527838591931	3322500
chr19	3325000	3330000	25.34546713042285	3327500
chr19	3330000	3335000	21.21617047420531	3332500
chr19	3335000	3340000	20.537609569374375	3337500
chr19	3340000	3345000	23.50722140407435	3342500
chr19	3345000	3350000	18.14257067041227	3347500
chr19	3350000	3355000	20.360894553207714	3352500
chr19	3355000	3360000	29.211037800249407	3357500
chr19	3360000	3365000	42.79267648719987	3362500
chr19	3365000	3370000	42.90080958918732	3367500
chr19	3370000	3375000	36.908483056785165	3372500
chr19	3375000	3380000	49.206300438923456	3377500
chr19	3380000	3385000	51.80209623952945	3382500
chr19	3385000	3390000	30.05443432717853	3387500
chr19	3390000	3395000	31.65984121430554	3392500
chr19	3395000	3400000	25.35095028762864	3397500
chr19	3400000	3405000	24.504349178759856	3402500
chr19	3405000	3410000	25.17026800316529	3407500
chr19	3410000	3415000	27.491791802370734	3412500
chr19	3415000	3420000	27.126880158732714	3417500
chr19	3420000	3425000	23.60122654512907	3422500
chr19	3425000	3430000	36.75048458285453	3427500
chr19	3430000	3435000	32.911843269879185	3432500
chr19	3435000	3440000	34.107291861802686	3437500
chr19	3440000	3445000	23.9361365199054	3442500
chr19	3445000	3450000	24.016710875294237	3447500
chr19	3450000	3455000	27.12182063361349	3452500
chr19	3455000	3460000	23.37274159127543	3457500
chr19	3460000	3465000	30.07412959161684	3462500
chr19	3465000	3470000	46.964548451382505	3467500
chr19	3470000	3475000	28.037630206462048	3472500
chr19	3475000	3480000	37.082487360851204	3477500
chr19	3480000	3485000	39.84741472914578	3482500
chr19	3485000	3490000	59.669929678390595	3487500
chr19	3490000	3495000	62.618418541301054	3492500
chr19	3495000	3500000	83.43702365514885	3497500
chr19	3500000	3505000	47.902499001165516	3502500
chr19	3505000	3510000	44.784473938724865	3507500
chr19	3510000	3515000	37.69510789472851	3512500
chr19	3515000	3520000	34.068762825580826	3517500
chr19	3520000	3525000	26.488860737216058	3522500
chr19	3525000	3530000	23.58389272077297	3527500
chr19	3530000	3535000	36.50214088559681	3532500
chr19	3535000	3540000	43.799519328688305	3537500
chr19	3540000	3545000	23.96611768518603	3542500
chr19	3545000	3550000	16.353845506637814	3547500
chr19	3550000	3555000	26.98387912226685	3552500
chr19	3555000	3560000	48.70662275685651	3557500
chr19	3560000	3565000	82.36700484137017	3562500
chr19	3565000	3570000	63.234433336544214	3567500
chr19	3570000	3575000	77.66708257892897	3572500
chr19	3575000	3580000	47.095504582669456	3577500
chr19	3580000	3585000	64.7845338286361	3582500
chr19	3585000	3590000	23.246774578732712	3587500
chr19	3590000	3595000	20.552301551210757	3592500
chr19	3595000	3600000	13.415159026782542	3597500
chr19	3600000	3605000	17.954184562582338	3602500
chr19	3605000	3610000	16.23000308334513	3607500
chr19	3610000	3615000	11.605795450056334	3612500
chr19	3615000	3620000	7.68679072971871	3617500
chr19	3620000	3625000	12.782469265376186	3622500
chr19	3625000	3630000	21.922830896439063	3627500
chr19	3630000	3635000	21.496703811663966	3632500
chr19	3635000	3640000	23.81228259298804	3637500
chr19	3640000	3645000	22.23950703986961	3642500
chr19	3645000	3650000	20.192539008598523	3647500
chr19	3650000	3655000	13.90703983727131	3652500
chr19	3655000	3660000	10.229279771679305	3657500
chr19	3660000	3665000	11.923021706901354	3662500
chr19	3665000	3670000	12.399585252651352	3667500
chr19	3670000	3675000	22.525525098081758	3672500
chr19	3675000	3680000	15.919163314170493	3677500
chr19	3680000	3685000	17.937638548343937	3682500
chr19	3685000	3690000	24.81167367893795	3687500
chr19	3690000	3695000	27.59024114740839	3692500
chr19	3695000	3700000	26.42778647573793	3697500
chr19	3700000	3705000	38.64215095052322	3702500
chr19	3705000	3710000	44.91751320689782	3707500
chr19	3710000	3715000	45.012019072996516	3712500
chr19	3715000	3720000	34.30168529041363	3717500
chr19	3720000	3725000	18.7396327552962	3722500
chr19	3725000	3730000	22.890518483525994	3727500
chr19	3730000	3735000	20.25985727825829	3732500
chr19	3735000	3740000	13.83866712580427	3737500
chr19	3740000	3745000	16.10941027977518	3742500
chr19	3745000	3750000	12.114082736139979	3747500
chr19	3750000	3755000	12.294975290864851	3752500
chr19	3755000	3760000	12.311454004071145	3757500
chr19	3760000	3765000	19.194503142801583	3762500
chr19	3765000	3770000	46.08137807751271	3767500
chr19	3770000	3775000	24.536715914614625	3772500
chr19	3775000	3780000	26.655934344821883	3777500
chr19	3780000	3785000	24.062309118415907	3782500
chr19	3785000	3790000	18.850420772263668	3787500
chr19	3790000	3795000	16.51574573492729	3792500
chr19	3795000	3800000	20.501041590146915	3797500
chr19	3800000	3805000	23.922233334829954	3802500
chr19	3805000	3810000	13.800906814069378	3807500
chr19	3810000	3815000	11.84004998793999	3812500
chr19	3815000	3820000	20.89328231693387	3817500
chr19	3820000	3825000	19.28851253306987	3822500
chr19	3825000	3830000	17.52309324254452	3827500
chr19	3830000	3835000	23.516767198782965	3832500
chr19	3835000	3840000	21.074889681615552	3837500
chr19	3840000	3845000	23.248865230663643	3842500
chr19	3845000	3850000	19.78183835966244	3847500
chr19	3850000	3855000	23.76220192889467	3852500
chr19	3855000	3860000	23.90116799191016	3857500
chr19	3860000	3865000	20.098626658165198	3862500
chr19	3865000	3870000	20.207287494370767	3867500
chr19	3870000	3875000	17.10234257272655	3872500
chr19	3875000	3880000	22.92114627770281	3877500
chr19	3880000	3885000	23.099134438496378	3882500
chr19	3885000	3890000	17.50294626936298	3887500
chr19	3890000	3895000	20.95990433195303	3892500
chr19	3895000	3900000	16.05023062162109	3897500
chr19	3900000	3905000	21.601936744676753	3902500
chr19	3905000	3910000	18.315370013841076	3907500
chr19	3910000	3915000	10.439324623131998	3912500
chr19	3915000	3920000	16.993945514109452	3917500
chr19	3920000	3925000	20.961731697396313	3922500
chr19	3925000	3930000	23.288483694613483	3927500
chr19	3930000	3935000	12.431278961729246	3932500
chr19	3935000	3940000	16.98119721632934	3937500
chr19	3940000	3945000	16.257705909577748	3942500
chr19	3945000	3950000	17.958636101209816	3947500
chr19	3950000	3955000	19.055624916388506	3952500
chr19	3955000	3960000	26.468602526604794	3957500
chr19	3960000	3965000	15.644736358687318	3962500
chr19	3965000	3970000	10.12925595933247	3967500
chr19	3970000	3975000	13.65016967378077	3972500
chr19	3975000	3980000	12.096479877484997	3977500
chr19	3980000	3985000	23.160807439608586	3982500
chr19	3985000	3990000	14.715294871765003	3987500
chr19	3990000	3995000	31.034112548557445	3992500
chr19	3995000	4000000	10.852598512215728	3997500
chr19	4000000	4005000	12.071341786468546	4002500
chr19	4005000	4010000	10.965387210554168	4007500
chr19	4010000	4015000	13.326683049609793	4012500
chr19	4015000	4020000	24.166860808515988	4017500
chr19	4020000	4025000	22.92323915363961	4022500
chr19	4025000	4030000	20.531486819591674	4027500
chr19	4030000	4035000	13.98252961935868	4032500
chr19	4035000	4040000	9.118841237662558	4037500
chr19	4040000	4045000	15.252694508172812	4042500
chr19	4045000	4050000	21.164673201325485	4047500
chr19	4050000	4055000	11.456099747016268	4052500
chr19	4055000	4060000	15.17342628503639	4057500
chr19	4060000	4065000	17.63787543317517	4062500
chr19	4065000	4070000	10.613002565618768	4067500
chr19	4070000	4075000	13.373100490234522	4072500
chr19	4075000	4080000	16.13722244022416	4077500
chr19	4080000	4085000	15.89116562842526	4082500
chr19	4085000	4090000	13.324620659048412	4087500
chr19	4090000	4095000	18.434901257771838	4092500
chr19	4095000	4100000	6.400773662732917	4097500
chr19	4100000	4105000	9.939355012019917	4102500
chr19	4105000	4110000	15.892033726158202	4107500
chr19	4110000	4115000	26.08861964860967	4112500
chr19	4115000	4120000	41.75375735366145	4117500
chr19	4120000	4125000	22.86385188324706	4122500
chr19	4125000	4130000	23.319604035070157	4127500
chr19	4130000	4135000	39.80294574420513	4132500
chr19	4135000	4140000	40.651874939035274	4137500
chr19	4140000	4145000	36.589535012585365	4142500
chr19	4145000	4150000	34.69595961978012	4147500
chr19	4150000	4155000	36.17312017127584	4152500
chr19	4155000	4160000	43.64810742742263	4157500
chr19	4160000	4165000	30.13946427506251	4162500
chr19	4165000	4170000	37.054675084201776	4167500
chr19	4170000	4175000	34.887628741366015	4172500
chr19	4175000	4180000	39.5978480585923	4177500
chr19	4180000	4185000	34.9524799463641	4182500
chr19	4185000	4190000	40.141628777548945	4187500
chr19	4190000	4195000	36.09010794841573	4192500
chr19	4195000	4200000	39.16381975439132	4197500
chr19	4200000	4205000	38.76237534445024	4202500
chr19	4205000	4210000	44.52967934862615	4207500
chr19	4210000	4215000	51.20446630720774	4212500
chr19	4215000	4220000	50.85373588703936	4217500
chr19	4220000	4225000	48.61007486589202	4222500
chr19	4225000	4230000	42.49589567619379	4227500
chr19	4230000	4235000	46.25249692016401	4232500
chr19	4235000	4240000	47.3465390596416	4237500
chr19	4240000	4245000	58.31793126805322	4242500
chr19	4245000	4250000	56.74758879162098	4247500
chr19	4250000	4255000	51.09304465379585	4252500
chr19	4255000	4260000	52.741355493841844	4257500
chr19	4260000	4265000	48.71523543479885	4262500
chr19	4265000	4270000	45.062708102454884	4267500
chr19	4270000	4275000	43.58526925065209	4272500
chr19	4275000	4280000	42.648570827668216	4277500
chr19	4280000	4285000	43.75266215036853	4282500
chr19	4285000	4290000	40.650411438800425	4287500
chr19	4290000	4295000	46.56177318483702	4292500
chr19	4295000	4300000	50.98176663769841	4297500
chr19	4300000	4305000	50.15768388937671	4302500
chr19	4305000	4310000	49.89147047922584	4307500
chr19	4310000	4315000	39.78029207736935	4312500
chr19	4315000	4320000	45.87757237783894	4317500
chr19	4320000	4325000	38.75881513374628	4322500
chr19	4325000	4330000	44.76123470037398	4327500
chr19	4330000	4335000	40.8816001995558	4332500
chr19	4335000	4340000	38.9894332179336	4337500
chr19	4340000	4345000	36.528593111424264	4342500
chr19	4345000	4350000	27.70456146317899	4347500
chr19	4350000	4355000	32.750195418005205	4352500
chr19	4355000	4360000	27.37656598332414	4357500
chr19	4360000	4365000	31.10719267252853	4362500
chr19	4365000	4370000	28.53884129793239	4367500
chr19	4370000	4375000	32.137928723907514	4372500
chr19	4375000	4380000	28.009494120575805	4377500
chr19	4380000	4385000	28.13847261053349	4382500
chr19	4385000	4390000	33.18612815847337	4387500
chr19	4390000	4395000	30.91128280464313	4392500
chr19	4395000	4400000	30.081614098074237	4397500
chr19	4400000	4405000	32.39044584414897	4402500
chr19	4405000	4410000	33.597368082184374	4407500
chr19	4410000	4415000	33.80159918087627	4412500
chr19	4415000	4420000	36.66168030976136	4417500
chr19	4420000	4425000	28.67056179661947	4422500
chr19	4425000	4430000	26.36856671352045	4427500
chr19	4430000	4435000	29.638735581442994	4432500
chr19	4435000	4440000	20.146106162945667	4437500
chr19	4440000	4445000	13.173303141514587	4442500
chr19	4445000	4450000	19.49500552346804	4447500
chr19	4450000	4455000	48.54322675497088	4452500
chr19	4455000	4460000	17.212076432370463	4457500
chr19	4460000	4465000	13.369403581263205	4462500
chr19	4465000	4470000	11.139253596515339	4467500
chr19	4470000	4475000	10.978169921986508	4472500
chr19	4475000	4480000	13.68358101014225	4477500
chr19	4480000	4485000	14.631484533541258	4482500
chr19	4485000	4490000	16.54172992333352	4487500
chr19	4490000	4495000	11.955927047456534	4492500
chr19	4495000	4500000	10.182006135904679	4497500
chr19	4500000	4505000	16.516916665445486	4502500
chr19	4505000	4510000	42.17333658797741	4507500
chr19	4510000	4515000	47.14016491656027	4512500
chr19	4515000	4520000	29.89380502225558	4517500
chr19	4520000	4525000	28.112503386545125	4522500
chr19	4525000	4530000	39.35667403104413	4527500
chr19	4530000	4535000	32.904624739771094	4532500
chr19	4535000	4540000	24.07527539565141	4537500
chr19	4540000	4545000	24.230581520001667	4542500
chr19	4545000	4550000	25.607715474271924	4547500
chr19	4550000	4555000	19.063767396766856	4552500
chr19	4555000	4560000	16.871586357285544	4557500
chr19	4560000	4565000	23.144423005727123	4562500
chr19	4565000	4570000	23.007750809696848	4567500
chr19	4570000	4575000	42.04896874252992	4572500
chr19	4575000	4580000	58.505893886909185	4577500
chr19	4580000	4585000	30.928469618044545	4582500
chr19	4585000	4590000	26.239352020648337	4587500
chr19	4590000	4595000	42.42723579921906	4592500
chr19	4595000	4600000	26.803097616951433	4597500
chr19	4600000	4605000	31.793269413473517	4602500
chr19	4605000	4610000	16.59911366253995	4607500
chr19	4610000	4615000	16.875278654381326	4612500
chr19	4615000	4620000	17.694372745087158	4617500
chr19	4620000	4625000	16.76084798103563	4622500
chr19	4625000	4630000	18.419068175685005	4627500
chr19	4630000	4635000	13.6557445194456	4632500
chr19	4635000	4640000	14.411692888435965	4637500
chr19	4640000	4645000	11.06863651304347	4642500
chr19	4645000	4650000	30.716296450634253	4647500
chr19	4650000	4655000	17.165476911066524	4652500
chr19	4655000	4660000	26.59341212577396	4657500
chr19	4660000	4665000	22.644617829705428	4662500
chr19	4665000	4670000	33.49870620455543	4667500
chr19	4670000	4675000	20.64510981718953	4672500
chr19	4675000	4680000	20.161882082125164	4677500
chr19	4680000	4685000	14.745815904880807	4682500
chr19	4685000	4690000	19.32936573872466	4687500
chr19	4690000	4695000	14.818926304313097	4692500
chr19	4695000	4700000	28.848678784211952	4697500
chr19	4700000	4705000	20.796198312098127	4702500
chr19	4705000	4710000	23.241844918494483	4707500
chr19	4710000	4715000	23.6177223295812	4712500
chr19	4715000	4720000	18.986245361941243	4717500
chr19	4720000	4725000	20.526416641158544	4722500
chr19	4725000	4730000	19.33615372475926	4727500
chr19	4730000	4735000	22.78162386114591	4732500
chr19	4735000	4740000	25.58853586789752	4737500
chr19	4740000	4745000	16.93840481514219	4742500
chr19	4745000	4750000	19.612111027383843	4747500
chr19	4750000	4755000	22.770553056373885	4752500
chr19	4755000	4760000	24.77696407170535	4757500
chr19	4760000	4765000	25.44672895961221	4762500
chr19	4765000	4770000	27.059510393709967	4767500
chr19	4770000	4775000	20.87335906729468	4772500
chr19	4775000	4780000	20.941371938633626	4777500
chr19	4780000	4785000	29.552960165510676	4782500
chr19	4785000	4790000	22.07101469821017	4787500
chr19	4790000	4795000	23.587485358283168	4792500
chr19	4795000	4800000	24.89248104357319	4797500
chr19	4800000	4805000	24.64928367604821	4802500
chr19	4805000	4810000	20.91169846958998	4807500
chr19	4810000	4815000	26.974075048704474	4812500
chr19	4815000	4820000	18.473273420952147	4817500
chr19	4820000	4825000	21.0307912468936	4822500
chr19	4825000	4830000	30.016338059299013	4827500
chr19	4830000	4835000	29.659975329446656	4832500
chr19	4835000	4840000	23.021451046290522	4837500
chr19	4840000	4845000	25.522687976294876	4842500
chr19	4845000	4850000	29.414889250902608	4847500
chr19	4850000	4855000	30.79770585100711	4852500
chr19	4855000	4860000	35.26134384829782	4857500
chr19	4860000	4865000	32.89886021631312	4862500
chr19	4865000	4870000	32.288209272688704	4867500
chr19	4870000	4875000	33.46872513471891	4872500
chr19	4875000	4880000	35.99184878077496	4877500
chr19	4880000	4885000	24.143953234094194	4882500
chr19	4885000	4890000	28.96672040992718	4887500
chr19	4890000	4895000	32.425629324236255	4892500
chr19	4895000	4900000	32.720560591949614	4897500
chr19	4900000	4905000	30.34629913736275	4902500
chr19	4905000	4910000	36.65417247447598	4907500
chr19	4910000	4915000	35.560241038259754	4912500
chr19	4915000	4920000	34.7035707115066	4917500
chr19	4920000	4925000	37.86747770345008	4922500
chr19	4925000	4930000	23.763340179548916	4927500
chr19	4930000	4935000	24.810456024285873	4932500
chr19	4935000	4940000	12.163577657612668	4937500
chr19	4940000	4945000	29.734049005031764	4942500
chr19	4945000	4950000	15.345678444973316	4947500
chr19	4950000	4955000	19.67657947539804	4952500
chr19	4955000	4960000	12.262781240740635	4957500
chr19	4960000	4965000	16.5441378159503	4962500
chr19	4965000	4970000	17.601980511791425	4967500
chr19	4970000	4975000	13.590843593002388	4972500
chr19	4975000	4980000	8.049733924264181	4977500
chr19	4980000	4985000	8.418767550532847	4982500
chr19	4985000	4990000	13.140702800617879	4987500
chr19	4990000	4995000	12.872389340622554	4992500
chr19	4995000	5000000	31.278633745573213	4997500
chr19	5000000	5005000	19.54274516295644	5002500
chr19	5005000	5010000	11.288863601092224	5007500
chr19	5010000	5015000	20.488911636670853	5012500
chr19	5015000	5020000	9.079184882535914	5017500
chr19	5020000	5025000	10.65308711415931	5022500
chr19	5025000	5030000	17.649333432574426	5027500
chr19	5030000	5035000	26.88842011625589	5032500
chr19	5035000	5040000	24.00072238777775	5037500
chr19	5040000	5045000	20.056725986006086	5042500
chr19	5045000	5050000	21.434660291307043	5047500
chr19	5050000	5055000	18.65054042432177	5052500
chr19	5055000	5060000	18.390528108857144	5057500
chr19	5060000	5065000	15.860891039768953	5062500
chr19	5065000	5070000	21.024810908534892	5067500
chr19	5070000	5075000	26.83219442259323	5072500
chr19	5075000	5080000	17.878299556714158	5077500
chr19	5080000	5085000	24.930498196627497	5082500
chr19	5085000	5090000	26.876733906521345	5087500
chr19	5090000	5095000	31.32387002813225	5092500
chr19	5095000	5100000	47.73692821896406	5097500
chr19	5100000	5105000	29.215794637297908	5102500
chr19	5105000	5110000	30.089736531978026	5107500
chr19	5110000	5115000	28.123868729392047	5112500
chr19	5115000	5120000	30.35732139906243	5117500
chr19	5120000	5125000	31.07246988076895	5122500
chr19	5125000	5130000	26.451299609340676	5127500
chr19	5130000	5135000	10.055481502399813	5132500
chr19	5135000	5140000	29.019258584125776	5137500
chr19	5140000	5145000	12.476944952911184	5142500
chr19	5145000	5150000	7.130910748585269	5147500
chr19	5150000	5155000	3.422834800952449	5152500
chr19	5155000	5160000	8.877978710276084	5157500
chr19	5160000	5165000	8.135155201061629	5162500
chr19	5165000	5170000	10.819803219359097	5167500
chr19	5170000	5175000	13.588326904038471	5172500
chr19	5175000	5180000	27.421758567334827	5177500
chr19	5180000	5185000	15.410006066262557	5182500
chr19	5185000	5190000	15.891372502894805	5187500
chr19	5190000	5195000	25.377657686699752	5192500
chr19	5195000	5200000	15.830312918230376	5197500
chr19	5200000	5205000	10.591382540676268	5202500
chr19	5205000	5210000	9.43032051089287	5207500
chr19	5210000	5215000	16.348300210560026	5212500
chr19	5215000	5220000	10.011376113030334	5217500
chr19	5220000	5225000	7.475927792096978	5222500
chr19	5225000	5230000	8.245173945603774	5227500
chr19	5230000	5235000	10.554409201985449	5232500
chr19	5235000	5240000	32.090559891666345	5237500
chr19	5240000	5245000	11.01401230435892	5242500
chr19	5245000	5250000	10.394010592026516	5247500
chr19	5250000	5255000	5.865977025905544	5252500
chr19	5255000	5260000	6.1320766853307695	5257500
chr19	5260000	5265000	6.997843239061311	5262500
chr19	5265000	5270000	9.32673451903571	5267500
chr19	5270000	5275000	22.385925709380942	5272500
chr19	5275000	5280000	11.717464979283061	5277500
chr19	5280000	5285000	9.335375351212965	5282500
chr19	5285000	5290000	14.171679423606859	5287500
chr19	5290000	5295000	16.059214653344583	5292500
chr19	5295000	5300000	13.076182409500227	5297500
chr19	5300000	5305000	12.77119696612055	5302500
chr19	5305000	5310000	16.870329254932223	5307500
chr19	5310000	5315000	15.006942216912396	5312500
chr19	5315000	5320000	20.466447135964998	5317500
chr19	5320000	5325000	15.873038558088542	5322500
chr19	5325000	5330000	17.97756968912747	5327500
chr19	5330000	5335000	17.263487068144975	5332500
chr19	5335000	5340000	18.170790993748472	5337500
chr19	5340000	5345000	14.747906208649757	5342500
chr19	5345000	5350000	16.208665767123062	5347500
chr19	5350000	5355000	14.876153007908927	5352500
chr19	5355000	5360000	17.948150691856885	5357500
chr19	5360000	5365000	18.101480691718983	5362500
chr19	5365000	5370000	15.018337612826091	5367500
chr19	5370000	5375000	13.805689068159987	5372500
chr19	5375000	5380000	14.991128360686172	5377500
chr19	5380000	5385000	12.523207065257107	5382500
chr19	5385000	5390000	10.379664345777723	5387500
chr19	5390000	5395000	12.686199600396183	5392500
chr19	5395000	5400000	12.686499568136858	5397500
chr19	5400000	5405000	12.047171367344673	5402500
chr19	5405000	5410000	11.16133402934397	5407500
chr19	5410000	5415000	12.628176250389329	5412500
chr19	5415000	5420000	9.3330925294795	5417500
chr19	5420000	5425000	6.396096453447803	5422500
chr19	5425000	5430000	4.8625140210205435	5427500
chr19	5430000	5435000	8.300815536023379	5432500
chr19	5435000	5440000	9.089684400971617	5437500
chr19	5440000	5445000	23.02882814434529	5442500
chr19	5445000	5450000	56.68745759120796	5447500
chr19	5450000	5455000	15.334008549296687	5452500
chr19	5455000	5460000	14.419730673936021	5457500
chr19	5460000	5465000	21.371189077851845	5462500
chr19	5465000	5470000	13.825340137324453	5467500
chr19	5470000	5475000	29.6655555774165	5472500
chr19	5475000	5480000	6.3185589338819055	5477500
chr19	5480000	5485000	5.51250012257363	5482500
chr19	5485000	5490000	11.627283249553429	5487500
chr19	5490000	5495000	12.559263695331746	5492500
chr19	5495000	5500000	11.29705196737144	5497500
chr19	5500000	5505000	22.10142077757034	5502500
chr19	5505000	5510000	7.364290181938821	5507500
chr19	5510000	5515000	4.703752829667778	5512500
chr19	5515000	5520000	7.286128404692486	5517500
chr19	5520000	5525000	7.776826437571653	5522500
chr19	5525000	5530000	5.309526603642622	5527500
chr19	5530000	5535000	4.024424109876108	5532500
chr19	5535000	5540000	7.1875823464110145	5537500
chr19	5540000	5545000	6.317625705817445	5542500
chr19	5545000	5550000	4.455021732833956	5547500
chr19	5550000	5555000	3.743409274695178	5552500
chr19	5555000	5560000	3.067798486388751	5557500
chr19	5560000	5565000	3.57407224118123	5562500
chr19	5565000	5570000	3.588750065731941	5567500
chr19	5570000	5575000	8.233810150918934	5572500
chr19	5575000	5580000	10.772846866716618	5577500
chr19	5580000	5585000	10.513786643972715	5582500
chr19	5585000	5590000	11.99768342034131	5587500
chr19	5590000	5595000	8.066170702614773	5592500
chr19	5595000	5600000	5.730905046118216	5597500
chr19	5600000	5605000	4.17995046936851	5602500
chr19	5605000	5610000	2.4637697194418426	5607500
chr19	5610000	5615000	2.561860576716961	5612500
chr19	5615000	5620000	3.1738476727778453	5617500
chr19	5620000	5625000	15.529737412096273	5622500
chr19	5625000	5630000	15.221469180822828	5627500
chr19	5630000	5635000	3.2446102136870065	5632500
chr19	5635000	5640000	3.4015926820021147	5637500
chr19	5640000	5645000	2.861125180616959	5642500
chr19	5645000	5650000	10.84308924212146	5647500
chr19	5650000	5655000	7.210242170779185	5652500
chr19	5655000	5660000	13.961308076230265	5657500
chr19	5660000	5665000	13.13918162165274	5662500
chr19	5665000	5670000	9.197150535929216	5667500
chr19	5670000	5675000	6.72615004646125	5672500
chr19	5675000	5680000	9.977626677532768	5677500
chr19	5680000	5685000	5.9381564050212905	5682500
chr19	5685000	5690000	2.572330495792099	5687500
chr19	5690000	5695000	6.20216095554048	5692500
chr19	5695000	5700000	3.232858130826432	5697500
chr19	5700000	5705000	3.8667651226057034	5702500
chr19	5705000	5710000	3.896309692182642	5707500
chr19	5710000	5715000	26.180732669119013	5712500
chr19	5715000	5720000	8.511815779986575	5717500
chr19	5720000	5725000	12.117723632370925	5722500
chr19	5725000	5730000	4.658436886581578	5727500
chr19	5730000	5735000	13.002953240781121	5732500
chr19	5735000	5740000	11.684090126181657	5737500
chr19	5740000	5745000	2.9719070840186688	5742500
chr19	5745000	5750000	3.050621701100907	5747500
chr19	5750000	5755000	4.105114233097554	5752500
chr19	5755000	5760000	8.008448501745843	5757500
chr19	5760000	5765000	11.954259374514386	5762500
chr19	5765000	5770000	4.615229962235678	5767500
chr19	5770000	5775000	5.976574724793832	5772500
chr19	5775000	5780000	5.921975510050537	5777500
chr19	5780000	5785000	35.855899854885244	5782500
chr19	5785000	5790000	11.424892277651752	5787500
chr19	5790000	5795000	13.78174855874452	5792500
chr19	5795000	5800000	11.66985233397388	5797500
chr19	5800000	5805000	9.396874080479224	5802500
chr19	5805000	5810000	7.868204481903264	5807500
chr19	5810000	5815000	15.417748138283086	5812500
chr19	5815000	5820000	11.06098376425776	5817500
chr19	5820000	5825000	7.388619440239046	5822500
chr19	5825000	5830000	9.210618511884427	5827500
chr19	5830000	5835000	9.30174965152173	5832500
chr19	5835000	5840000	15.690400344991502	5837500
chr19	5840000	5845000	6.940207959492283	5842500
chr19	5845000	5850000	18.055122133479962	5847500
chr19	5850000	5855000	14.712568189848646	5852500
chr19	5855000	5860000	5.644430460632213	5857500
chr19	5860000	5865000	7.128403909850439	5862500
chr19	5865000	5870000	2.9326308879424476	5867500
chr19	5870000	5875000	8.19587206270423	5872500
chr19	5875000	5880000	6.6441882726338255	5877500
chr19	5880000	5885000	16.676795614690874	5882500
chr19	5885000	5890000	13.121686406900064	5887500
chr19	5890000	5895000	26.04772682144828	5892500
chr19	5895000	5900000	26.214666673061757	5897500
chr19	5900000	5905000	38.016055858930855	5902500
chr19	5905000	5910000	14.980740968343117	5907500
chr19	5910000	5915000	21.917362178859776	5912500
chr19	5915000	5920000	18.20915365039009	5917500
chr19	5920000	5925000	10.737677145705867	5922500
chr19	5925000	5930000	7.715191007762309	5927500
chr19	5930000	5935000	13.614361745327543	5932500
chr19	5935000	5940000	7.148167153696025	5937500
chr19	5940000	5945000	7.982565610667714	5942500
chr19	5945000	5950000	9.913859113701264	5947500
chr19	5950000	5955000	19.400418347860057	5952500
chr19	5955000	5960000	11.695747975315754	5957500
chr19	5960000	5965000	10.964933459930158	5962500
chr19	5965000	5970000	13.698365080992902	5967500
chr19	5970000	5975000	10.38311106196587	5972500
chr19	5975000	5980000	13.19132832216717	5977500
chr19	5980000	5985000	20.014812894626758	5982500
chr19	5985000	5990000	56.85392063790683	5987500
chr19	5990000	5995000	29.505916403244306	5992500
chr19	5995000	6000000	15.226119533302382	5997500
chr19	6000000	6005000	12.36929491541952	6002500
chr19	6005000	6010000	13.430120110859177	6007500
chr19	6010000	6015000	14.676783928398317	6012500
chr19	6015000	6020000	10.731109343107304	6017500
chr19	6020000	6025000	11.233143026286196	6022500
chr19	6025000	6030000	10.59361525176277	6027500
chr19	6030000	6035000	17.631523723746298	6032500
chr19	6035000	6040000	24.526125848165254	6037500
chr19	6040000	6045000	15.664417260997464	6042500
chr19	6045000	6050000	15.111024136758532	6047500
chr19	6050000	6055000	20.58371728309186	6052500
chr19	6055000	6060000	24.82106965702033	6057500
chr19	6060000	6065000	22.962860120702835	6062500
chr19	6065000	6070000	13.583233346313959	6067500
chr19	6070000	6075000	23.114084659628766	6072500
chr19	6075000	6080000	27.56095453829976	6077500
chr19	6080000	6085000	31.18363212705675	6082500
chr19	6085000	6090000	28.356029336271334	6087500
chr19	6090000	6095000	40.11858047902527	6092500
chr19	6095000	6100000	39.295942172375696	6097500
chr19	6100000	6105000	45.47928738324443	6102500
chr19	6105000	6110000	46.8834635981894	6107500
chr19	6110000	6115000	32.33832032895833	6112500
chr19	6115000	6120000	29.76553564781668	6117500
chr19	6120000	6125000	32.76222483811449	6122500
chr19	6125000	6130000	41.18965156407547	6127500
chr19	6130000	6135000	25.46312141055193	6132500
chr19	6135000	6140000	20.483554516266658	6137500
chr19	6140000	6145000	14.315373332725555	6142500
chr19	6145000	6150000	10.996704375280775	6147500
chr19	6150000	6155000	8.228348272831209	6152500
chr19	6155000	6160000	11.268098198131627	6157500
chr19	6160000	6165000	12.791159009967242	6162500
chr19	6165000	6170000	9.897875290538243	6167500
chr19	6170000	6175000	9.153860177913014	6172500
chr19	6175000	6180000	16.283075901266628	6177500
chr19	6180000	6185000	20.532402097368447	6182500
chr19	6185000	6190000	16.006727886749044	6187500
chr19	6190000	6195000	16.495190410323517	6192500
chr19	6195000	6200000	27.566530105780114	6197500
chr19	6200000	6205000	16.64076753842865	6202500
chr19	6205000	6210000	7.075410005981449	6207500
chr19	6210000	6215000	7.359111204272269	6212500
chr19	6215000	6220000	10.709927625362251	6217500
chr19	6220000	6225000	16.09193221459619	6222500
chr19	6225000	6230000	13.26712288665001	6227500
chr19	6230000	6235000	11.960551940189726	6232500
chr19	6235000	6240000	9.448805257644375	6237500
chr19	6240000	6245000	12.79501803164651	6242500
chr19	6245000	6250000	13.144862860551024	6247500
chr19	6250000	6255000	14.759045617473735	6252500
chr19	6255000	6260000	19.13258289656944	6257500
chr19	6260000	6265000	14.203838649758417	6262500
chr19	6265000	6270000	16.587332346728495	6267500
chr19	6270000	6275000	14.161113921131742	6272500
chr19	6275000	6280000	12.521148582357663	6277500
chr19	6280000	6285000	13.14839391523773	6282500
chr19	6285000	6290000	13.001045700922948	6287500
chr19	6290000	6295000	16.461737910771937	6292500
chr19	6295000	6300000	10.464543358443686	6297500
chr19	6300000	6305000	12.258434550347538	6302500
chr19	6305000	6310000	13.542244058030708	6307500
chr19	6310000	6315000	15.89370948623505	6312500
chr19	6315000	6320000	12.35833911754429	6317500
chr19	6320000	6325000	21.277194870504193	6322500
chr19	6325000	6330000	11.294664417636634	6327500
chr19	6330000	6335000	6.510249813976841	6332500
chr19	6335000	6340000	9.505473887757315	6337500
chr19	6340000	6345000	10.567331761418437	6342500
chr19	6345000	6350000	8.357501480479526	6347500
chr19	6350000	6355000	12.111904187088287	6352500
chr19	6355000	6360000	18.757584873872325	6357500
chr19	6360000	6365000	20.6409123071652	6362500
chr19	6365000	6370000	24.491028922964848	6367500
chr19	6370000	6375000	31.413471746658363	6372500
chr19	6375000	6380000	32.913518206220125	6377500
chr19	6380000	6385000	29.359289262617565	6382500
chr19	6385000	6390000	24.25967448361429	6387500
chr19	6390000	6395000	38.37506236207629	6392500
chr19	6395000	6400000	34.8820370676597	6397500
chr19	6400000	6405000	31.648539858029395	6402500
chr19	6405000	6410000	27.8263232575485	6407500
chr19	6410000	6415000	39.21311134679497	6412500
chr19	6415000	6420000	36.51973538256567	6417500
chr19	6420000	6425000	35.31611258350145	6422500
chr19	6425000	6430000	44.1070018157027	6427500
chr19	6430000	6435000	48.37371088946425	6432500
chr19	6435000	6440000	45.58655043211184	6437500
chr19	6440000	6445000	41.545239206965874	6442500
chr19	6445000	6450000	40.89340190301361	6447500
chr19	6450000	6455000	43.779254215770806	6452500
chr19	6455000	6460000	39.86332809587323	6457500
chr19	6460000	6465000	34.8232144695167	6462500
chr19	6465000	6470000	32.07935327408202	6467500
chr19	6470000	6475000	32.170673566203476	6472500
chr19	6475000	6480000	19.915613030582854	6477500
chr19	6480000	6485000	13.74487480715351	6482500
chr19	6485000	6490000	14.605216454695356	6487500
chr19	6490000	6495000	21.83021857759878	6492500
chr19	6495000	6500000	20.01398772121539	6497500
chr19	6500000	6505000	36.87186404293165	6502500
chr19	6505000	6510000	41.60218686984629	6507500
chr19	6510000	6515000	50.68050004996342	6512500
chr19	6515000	6520000	21.22444289543385	6517500
chr19	6520000	6525000	47.95314862273323	6522500
chr19	6525000	6530000	16.288179222490793	6527500
chr19	6530000	6535000	44.925314617346174	6532500
chr19	6535000	6540000	30.112379715094566	6537500
chr19	6540000	6545000	25.142371894513577	6542500
chr19	6545000	6550000	48.669101519386814	6547500
chr19	6550000	6555000	47.5668734924782	6552500
chr19	6555000	6560000	27.428958902166038	6557500
chr19	6560000	6565000	23.723541898085973	6562500
chr19	6565000	6570000	32.73955561326479	6567500
chr19	6570000	6575000	52.15381187387908	6572500
chr19	6575000	6580000	64.62596613801828	6577500
chr19	6580000	6585000	31.50181296679536	6582500
chr19	6585000	6590000	32.880170302648246	6587500
chr19	6590000	6595000	17.400333159427856	6592500
chr19	6595000	6600000	20.928685797968388	6597500
chr19	6600000	6605000	17.165550421238674	6602500
chr19	6605000	6610000	22.373966663693498	6607500
chr19	6610000	6615000	35.43231191056346	6612500
chr19	6615000	6620000	81.20940814463839	6617500
chr19	6620000	6625000	87.24589911060416	6622500
chr19	6625000	6630000	42.452470607200084	6627500
chr19	6630000	6635000	35.0138901998193	6632500
chr19	6635000	6640000	46.02764462350585	6637500
chr19	6640000	6645000	33.01669243628605	6642500
chr19	6645000	6650000	33.584139009001994	6647500
chr19	6650000	6655000	27.809177404676333	6652500
chr19	6655000	6660000	29.962520615388375	6657500
chr19	6660000	6665000	21.531032020072008	6662500
chr19	6665000	6670000	40.09245995649895	6667500
chr19	6670000	6675000	21.843088863403846	6672500
chr19	6675000	6680000	49.46863174625869	6677500
chr19	6680000	6685000	27.985649975102163	6682500
chr19	6685000	6690000	13.465284971406998	6687500
chr19	6690000	6695000	15.361455930142109	6692500
chr19	6695000	6700000	10.858060921548725	6697500
chr19	6700000	6705000	25.3708255124949	6702500
chr19	6705000	6710000	20.332600586029947	6707500
chr19	6710000	6715000	21.67054370774208	6712500
chr19	6715000	6720000	32.143635829352235	6717500
chr19	6720000	6725000	33.87820995436498	6722500
chr19	6725000	6730000	29.643300111321675	6727500
chr19	6730000	6735000	37.19758366621597	6732500
chr19	6735000	6740000	49.493914226091825	6737500
chr19	6740000	6745000	33.45509636967427	6742500
chr19	6745000	6750000	30.673591421028675	6747500
chr19	6750000	6755000	36.934124975877005	6752500
chr19	6755000	6760000	30.358586310211596	6757500
chr19	6760000	6765000	24.5357236271465	6762500
chr19	6765000	6770000	17.471807622066486	6767500
chr19	6770000	6775000	33.350165538983795	6772500
chr19	6775000	6780000	26.170155401701894	6777500
chr19	6780000	6785000	16.53714665774792	6782500
chr19	6785000	6790000	7.222759897733423	6787500
chr19	6790000	6795000	9.597114616986781	6792500
chr19	6795000	6800000	8.788285155235748	6797500
chr19	6800000	6805000	7.4143996492855875	6802500
chr19	6805000	6810000	9.427156428795632	6807500
chr19	6810000	6815000	12.555738840836637	6812500
chr19	6815000	6820000	26.426640197251853	6817500
chr19	6820000	6825000	13.705371862263853	6822500
chr19	6825000	6830000	13.541451728910978	6827500
chr19	6830000	6835000	17.77741785087266	6832500
chr19	6835000	6840000	45.04550064979848	6837500
chr19	6840000	6845000	67.7922763566734	6842500
chr19	6845000	6850000	45.60833770147742	6847500
chr19	6850000	6855000	27.63022449645795	6852500
chr19	6855000	6860000	27.227929426425636	6857500
chr19	6860000	6865000	43.90680956608421	6862500
chr19	6865000	6870000	22.024672681888678	6867500
chr19	6870000	6875000	33.947468908597116	6872500
chr19	6875000	6880000	30.752664008194248	6877500
chr19	6880000	6885000	24.59783806689276	6882500
chr19	6885000	6890000	21.480841835675353	6887500
chr19	6890000	6895000	28.913163122829012	6892500
chr19	6895000	6900000	20.086563907832655	6897500
chr19	6900000	6905000	24.87116034521719	6902500
chr19	6905000	6910000	23.322895208803555	6907500
chr19	6910000	6915000	18.612449834597626	6912500
chr19	6915000	6920000	24.360914881791672	6917500
chr19	6920000	6925000	26.85266247457646	6922500
chr19	6925000	6930000	32.335766496535165	6927500
chr19	6930000	6935000	33.77073482432564	6932500
chr19	6935000	6940000	49.490246963098826	6937500
chr19	6940000	6945000	76.6855186304781	6942500
chr19	6945000	6950000	89.53065237230805	6947500
chr19	6950000	6955000	101.5762191103862	6952500
chr19	6955000	6960000	78.02562609291756	6957500
chr19	6960000	6965000	37.48105044353004	6962500
chr19	6965000	6970000	23.506637359949345	6967500
chr19	6970000	6975000	17.142475895246317	6972500
chr19	6975000	6980000	15.557530827239109	6977500
chr19	6980000	6985000	16.694644550813575	6982500
chr19	6985000	6990000	11.862549275656596	6987500
chr19	6990000	6995000	8.849541989252678	6992500
chr19	6995000	7000000	7.967249318845974	6997500
chr19	7000000	7005000	15.907527127181547	7002500
chr19	7005000	7010000	16.910404008503843	7007500
chr19	7010000	7015000	15.16021228522159	7012500
chr19	7015000	7020000	15.646795349123268	7017500
chr19	7020000	7025000	15.208017197097057	7022500
chr19	7025000	7030000	17.19311900252018	7027500
chr19	7030000	7035000	18.72444978143153	7032500
chr19	7035000	7040000	21.77743348338775	7037500
chr19	7040000	7045000	26.143940353316207	7042500
chr19	7045000	7050000	55.87542557413965	7047500
chr19	7050000	7055000	20.699546041243334	7052500
chr19	7055000	7060000	28.35771447300183	7057500
chr19	7060000	7065000	28.21311007781316	7062500
chr19	7065000	7070000	31.555800824244244	7067500
chr19	7070000	7075000	37.04262439171296	7072500
chr19	7075000	7080000	36.8653039069962	7077500
chr19	7080000	7085000	41.567083521105076	7082500
chr19	7085000	7090000	55.96972491362043	7087500
chr19	7090000	7095000	45.08101372060313	7092500
chr19	7095000	7100000	29.274980833604115	7097500
chr19	7100000	7105000	32.29158961915237	7102500
chr19	7105000	7110000	30.72868515318214	7107500
chr19	7110000	7115000	36.39389747860205	7112500
chr19	7115000	7120000	49.21248946503176	7117500
chr19	7120000	7125000	21.641877369662424	7122500
chr19	7125000	7130000	27.115571226220354	7127500
chr19	7130000	7135000	16.35223565806249	7132500
chr19	7135000	7140000	14.854831913178527	7137500
chr19	7140000	7145000	17.34718659352651	7142500
chr19	7145000	7150000	6.138593183168757	7147500
chr19	7150000	7155000	32.466222308229625	7152500
chr19	7155000	7160000	25.150762167470628	7157500
chr19	7160000	7165000	25.874587461285106	7162500
chr19	7165000	7170000	53.34232360686341	7167500
chr19	7170000	7175000	31.43583312485601	7172500
chr19	7175000	7180000	36.40110926768627	7177500
chr19	7180000	7185000	27.461748123981053	7182500
chr19	7185000	7190000	25.19259872920035	7187500
chr19	7190000	7195000	30.17060139149568	7192500
chr19	7195000	7200000	30.3623066100463	7197500
chr19	7200000	7205000	39.76729229028646	7202500
chr19	7205000	7210000	41.651741935610275	7207500
chr19	7210000	7215000	18.283284342288212	7212500
chr19	7215000	7220000	27.40500786976478	7217500
chr19	7220000	7225000	48.26509476351597	7222500
chr19	7225000	7230000	51.89387598496835	7227500
chr19	7230000	7235000	62.60245807672169	7232500
chr19	7235000	7240000	44.45224552108736	7237500
chr19	7240000	7245000	31.312461648167705	7242500
chr19	7245000	7250000	28.916083350438416	7247500
chr19	7250000	7255000	33.292255234360745	7252500
chr19	7255000	7260000	27.391931795596204	7257500
chr19	7260000	7265000	31.97555337805285	7262500
chr19	7265000	7270000	11.554757081502421	7267500
chr19	7270000	7275000	12.169749711427796	7272500
chr19	7275000	7280000	18.178018216940423	7277500
chr19	7280000	7285000	29.566673541188152	7282500
chr19	7285000	7290000	18.47409750426307	7287500
chr19	7290000	7295000	21.141725635908713	7292500
chr19	7295000	7300000	25.83890105027445	7297500
chr19	7300000	7305000	25.739820101279342	7302500
chr19	7305000	7310000	17.309086305771572	7307500
chr19	7310000	7315000	25.060907456987504	7312500
chr19	7315000	7320000	28.44615260642467	7317500
chr19	7320000	7325000	29.285915169364717	7322500
chr19	7325000	7330000	25.516031660495823	7327500
chr19	7330000	7335000	22.176200648082094	7332500
chr19	7335000	7340000	20.55481009655798	7337500
chr19	7340000	7345000	15.906176428211264	7342500
chr19	7345000	7350000	22.901049965506648	7347500
chr19	7350000	7355000	16.411571146506578	7352500
chr19	7355000	7360000	16.931151209104165	7357500
chr19	7360000	7365000	21.706365807351915	7362500
chr19	7365000	7370000	18.967973685461516	7367500
chr19	7370000	7375000	15.14205480612679	7372500
chr19	7375000	7380000	14.872732664063513	7377500
chr19	7380000	7385000	13.018930847403487	7382500
chr19	7385000	7390000	12.97426394556447	7387500
chr19	7390000	7395000	19.219104789538438	7392500
chr19	7395000	7400000	26.33216751930887	7397500
chr19	7400000	7405000	38.61018980094322	7402500
chr19	7405000	7410000	32.224990713219114	7407500
chr19	7410000	7415000	20.126214470515105	7412500
chr19	7415000	7420000	20.871878103193318	7417500
chr19	7420000	7425000	19.475564842725113	7422500
chr19	7425000	7430000	17.489164663124377	7427500
chr19	7430000	7435000	18.829872571878468	7432500
chr19	7435000	7440000	23.280344551777436	7437500
chr19	7440000	7445000	13.491653977105386	7442500
chr19	7445000	7450000	13.314901163015277	7447500
chr19	7450000	7455000	21.61304958805169	7452500
chr19	7455000	7460000	30.327764930250524	7457500
chr19	7460000	7465000	23.918377638862104	7462500
chr19	7465000	7470000	44.453665070359804	7467500
chr19	7470000	7475000	79.2241984796722	7472500
chr19	7475000	7480000	51.21426652060479	7477500
chr19	7480000	7485000	48.08386301230322	7482500
chr19	7485000	7490000	59.58763592568648	7487500
chr19	7490000	7495000	69.28672378307029	7492500
chr19	7495000	7500000	52.32865022865441	7497500
chr19	7500000	7505000	30.584117989410537	7502500
chr19	7505000	7510000	22.80680748442923	7507500
chr19	7510000	7515000	21.149532733706025	7512500
chr19	7515000	7520000	19.121066304443097	7517500
chr19	7520000	7525000	24.816393970618723	7522500
chr19	7525000	7530000	24.217999254137073	7527500
chr19	7530000	7535000	13.659497015728691	7532500
chr19	7535000	7540000	29.129417155291442	7537500
chr19	7540000	7545000	28.362288213881005	7542500
chr19	7545000	7550000	28.025071238211716	7547500
chr19	7550000	7555000	43.43112016261666	7552500
chr19	7555000	7560000	29.970401865616427	7557500
chr19	7560000	7565000	26.490094056524686	7562500
chr19	7565000	7570000	31.50893017283949	7567500
chr19	7570000	7575000	25.923117090708832	7572500
chr19	7575000	7580000	24.083273195290303	7577500
chr19	7580000	7585000	23.14150001333548	7582500
chr19	7585000	7590000	28.92844929916173	7587500
chr19	7590000	7595000	29.471211496126386	7592500
chr19	7595000	7600000	38.17407504362686	7597500
chr19	7600000	7605000	34.96132847705225	7602500
chr19	7605000	7610000	36.24858370985786	7607500
chr19	7610000	7615000	36.72411113927166	7612500
chr19	7615000	7620000	39.68857270126579	7617500
chr19	7620000	7625000	34.437479718938185	7622500
chr19	7625000	7630000	25.722130413957927	7627500
chr19	7630000	7635000	30.62324909087864	7632500
chr19	7635000	7640000	35.655037030075796	7637500
chr19	7640000	7645000	51.58355474833308	7642500
chr19	7645000	7650000	28.452751792482434	7647500
chr19	7650000	7655000	24.530659029867422	7652500
chr19	7655000	7660000	35.292703018156416	7657500
chr19	7660000	7665000	38.188142721885704	7662500
chr19	7665000	7670000	29.601814445305966	7667500
chr19	7670000	7675000	40.476693794494274	7672500
chr19	7675000	7680000	50.37413988616641	7677500
chr19	7680000	7685000	55.52519670116925	7682500
chr19	7685000	7690000	59.478223939175834	7687500
chr19	7690000	7695000	64.348200786424	7692500
chr19	7695000	7700000	40.12347235259539	7697500
chr19	7700000	7705000	40.06060356180675	7702500
chr19	7705000	7710000	31.597346800283038	7707500
chr19	7710000	7715000	31.976630251586908	7712500
chr19	7715000	7720000	35.42360945781794	7717500
chr19	7720000	7725000	35.35285378442175	7722500
chr19	7725000	7730000	30.373954420192696	7727500
chr19	7730000	7735000	34.81389459167081	7732500
chr19	7735000	7740000	31.253352133318835	7737500
chr19	7740000	7745000	41.15147829922919	7742500
chr19	7745000	7750000	45.197966347665975	7747500
chr19	7750000	7755000	29.093994008403296	7752500
chr19	7755000	7760000	34.02499232082997	7757500
chr19	7760000	7765000	46.95193062211651	7762500
chr19	7765000	7770000	65.49135550422156	7767500
chr19	7770000	7775000	65.49135550422156	7772500
chr19	7775000	7780000	65.49135550422157	7777500
chr19	7780000	7785000	65.49135550422153	7782500
chr19	7785000	7790000	65.49135550422156	7787500
chr19	7790000	7795000	65.49135550422153	7792500
chr19	7795000	7800000	65.49135550422153	7797500
chr19	7800000	7805000	65.49135550422153	7802500
chr19	7805000	7810000	65.4913555042216	7807500
chr19	7810000	7815000	65.49135550422152	7812500
chr19	7815000	7820000	65.49135550422154	7817500
chr19	7820000	7825000	65.49135550422153	7822500
chr19	7825000	7830000	65.49135550422156	7827500
chr19	7830000	7835000	65.57006966947158	7832500
chr19	7835000	7840000	75.79822837737437	7837500
chr19	7840000	7845000	65.16205775991925	7842500
chr19	7845000	7850000	62.00979146120431	7847500
chr19	7850000	7855000	91.78897436624013	7852500
chr19	7855000	7860000	65.91684077991825	7857500
chr19	7860000	7865000	83.97890786211774	7862500
chr19	7865000	7870000	94.20402016506885	7867500
chr19	7870000	7875000	116.27517321363455	7872500
chr19	7875000	7880000	92.27987953549967	7877500
chr19	7880000	7885000	82.01870184955277	7882500
chr19	7885000	7890000	73.25486673314849	7887500
chr19	7890000	7895000	57.2971357917178	7892500
chr19	7895000	7900000	49.97851922446796	7897500
chr19	7900000	7905000	42.58684222128534	7902500
chr19	7905000	7910000	44.49103808964905	7907500
chr19	7910000	7915000	45.90559933926567	7912500
chr19	7915000	7920000	48.89410244369941	7917500
chr19	7920000	7925000	46.969714118488966	7922500
chr19	7925000	7930000	54.120848502313336	7927500
chr19	7930000	7935000	49.324558006551996	7932500
chr19	7935000	7940000	50.261131456258205	7937500
chr19	7940000	7945000	49.47947929075228	7942500
chr19	7945000	7950000	50.59839487803308	7947500
chr19	7950000	7955000	53.05875182087393	7952500
chr19	7955000	7960000	48.39564730680848	7957500
chr19	7960000	7965000	46.738269540198694	7962500
chr19	7965000	7970000	42.69406743166624	7967500
chr19	7970000	7975000	49.37306742782388	7972500
chr19	7975000	7980000	45.71099005696119	7977500
chr19	7980000	7985000	46.85014052035389	7982500
chr19	7985000	7990000	46.362834694236156	7987500
chr19	7990000	7995000	46.05008389027322	7992500
chr19	7995000	8000000	52.780086027747096	7997500
chr19	8000000	8005000	55.68906398567225	8002500
chr19	8005000	8010000	54.6447793531851	8007500
chr19	8010000	8015000	54.45236743884172	8012500
chr19	8015000	8020000	55.19705623372961	8017500
chr19	8020000	8025000	60.46301918335701	8022500
chr19	8025000	8030000	74.72649567040584	8027500
chr19	8030000	8035000	100.54049076913583	8032500
chr19	8035000	8040000	84.39328261854938	8037500
chr19	8040000	8045000	83.41194048704769	8042500
chr19	8045000	8050000	74.70718647342149	8047500
chr19	8050000	8055000	75.44350373081933	8052500
chr19	8055000	8060000	67.26323855123385	8057500
chr19	8060000	8065000	71.27669462073581	8062500
chr19	8065000	8070000	49.953196283317986	8067500
chr19	8070000	8075000	63.10289576912777	8072500
chr19	8075000	8080000	64.05073209810307	8077500
chr19	8080000	8085000	61.40843470709451	8082500
chr19	8085000	8090000	62.641313261798956	8087500
chr19	8090000	8095000	63.70066625708677	8092500
chr19	8095000	8100000	62.290785022897616	8097500
chr19	8100000	8105000	62.13956760288715	8102500
chr19	8105000	8110000	62.24638775271693	8107500
chr19	8110000	8115000	62.21512658336293	8112500
chr19	8115000	8120000	62.02268785247051	8117500
chr19	8120000	8125000	61.88746266541016	8122500
chr19	8125000	8130000	62.42397235823417	8127500
chr19	8130000	8135000	62.93959885782444	8132500
chr19	8135000	8140000	61.82832067189556	8137500
chr19	8140000	8145000	61.075991502974404	8142500
chr19	8145000	8150000	60.12149874166606	8147500
chr19	8150000	8155000	59.8677774685916	8152500
chr19	8155000	8160000	62.82498655222169	8157500
chr19	8160000	8165000	47.4426950688027	8162500
chr19	8165000	8170000	32.64401252606334	8167500
chr19	8170000	8175000	25.772223614176887	8172500
chr19	8175000	8180000	35.51421866612428	8177500
chr19	8180000	8185000	38.59084976223127	8182500
chr19	8185000	8190000	40.65042963244757	8187500
chr19	8190000	8195000	45.571196074121765	8192500
chr19	8195000	8200000	63.62522533864194	8197500
chr19	8200000	8205000	47.99442273716289	8202500
chr19	8205000	8210000	39.985724505771756	8207500
chr19	8210000	8215000	65.11906064652321	8212500
chr19	8215000	8220000	68.29733756356458	8217500
chr19	8220000	8225000	67.03192389377502	8222500
chr19	8225000	8230000	94.59147875153475	8227500
chr19	8230000	8235000	69.50510517947467	8232500
chr19	8235000	8240000	69.80055143632696	8237500
chr19	8240000	8245000	80.89203855744236	8242500
chr19	8245000	8250000	60.276441671244285	8247500
chr19	8250000	8255000	37.151423183872325	8252500
chr19	8255000	8260000	44.65595627950919	8257500
chr19	8260000	8265000	50.86618169294548	8262500
chr19	8265000	8270000	49.81498213538418	8267500
chr19	8270000	8275000	42.648615961813285	8272500
chr19	8275000	8280000	38.099426990992384	8277500
chr19	8280000	8285000	35.66520106522109	8282500
chr19	8285000	8290000	44.27240027946531	8287500
chr19	8290000	8295000	34.643400359274835	8292500
chr19	8295000	8300000	43.035406198468614	8297500
chr19	8300000	8305000	45.14447842681979	8302500
chr19	8305000	8310000	54.45941924275869	8307500
chr19	8310000	8315000	51.85827049037612	8312500
chr19	8315000	8320000	45.36926374014757	8317500
chr19	8320000	8325000	43.579445448566624	8322500
chr19	8325000	8330000	38.83760887810162	8327500
chr19	8330000	8335000	39.46249705983695	8332500
chr19	8335000	8340000	38.28250451955998	8337500
chr19	8340000	8345000	41.272018743251984	8342500
chr19	8345000	8350000	44.72002243185857	8347500
chr19	8350000	8355000	39.02062882080278	8352500
chr19	8355000	8360000	40.70925866480104	8357500
chr19	8360000	8365000	42.0945463632095	8362500
chr19	8365000	8370000	52.14788597736376	8367500
chr19	8385000	8390000	52.14788597736378	8387500
chr19	8405000	8410000	57.90465335867949	8407500
chr19	8410000	8415000	56.26566667448155	8412500
chr19	8415000	8420000	51.31661366251987	8417500
chr19	8420000	8425000	45.09991735550902	8422500
chr19	8425000	8430000	43.92679052969695	8427500
chr19	8430000	8435000	38.51382097309821	8432500
chr19	8435000	8440000	37.469848217769666	8437500
chr19	8440000	8445000	42.173140241050376	8442500
chr19	8445000	8450000	45.790626967665034	8447500
chr19	8450000	8455000	39.482153764528945	8452500
chr19	8455000	8460000	42.9712867611108	8457500
chr19	8460000	8465000	40.65359397095749	8462500
chr19	8465000	8470000	42.51099226794067	8467500
chr19	8470000	8475000	55.661177771918	8472500
chr19	8475000	8480000	51.41697715229787	8477500
chr19	8480000	8485000	39.50350898942189	8482500
chr19	8485000	8490000	50.34105028777658	8487500
chr19	8490000	8495000	66.90541504216492	8492500
chr19	8495000	8500000	64.91065109943597	8497500
chr19	8500000	8505000	66.90028105010103	8502500
chr19	8505000	8510000	56.68898841673579	8507500
chr19	8510000	8515000	52.614012400841084	8512500
chr19	8515000	8520000	47.46180058168586	8517500
chr19	8520000	8525000	55.69042135796657	8522500
chr19	8525000	8530000	46.524126962273854	8527500
chr19	8530000	8535000	52.48398872081675	8532500
chr19	8535000	8540000	29.41851097039775	8537500
chr19	8540000	8545000	21.83634256017996	8542500
chr19	8545000	8550000	32.988305461325076	8547500
chr19	8550000	8555000	35.06616918087226	8552500
chr19	8555000	8560000	43.70175078417447	8557500
chr19	8560000	8565000	40.11934656279523	8562500
chr19	8565000	8570000	27.718965837960262	8567500
chr19	8570000	8575000	32.456496845872145	8572500
chr19	8575000	8580000	31.83877790283499	8577500
chr19	8580000	8585000	48.65305707470849	8582500
chr19	8585000	8590000	53.29343863262528	8587500
chr19	8590000	8595000	60.67370714870809	8592500
chr19	8595000	8600000	47.86931045417334	8597500
chr19	8600000	8605000	48.576532153958006	8602500
chr19	8605000	8610000	112.61623366201569	8607500
chr19	8610000	8615000	87.04659177520597	8612500
chr19	8615000	8620000	57.39950609961772	8617500
chr19	8620000	8625000	53.06355351218564	8622500
chr19	8625000	8630000	36.53116983469777	8627500
chr19	8630000	8635000	32.173046094881826	8632500
chr19	8635000	8640000	30.192684457317807	8637500
chr19	8640000	8645000	51.61760166881471	8642500
chr19	8645000	8650000	42.44281322312776	8647500
chr19	8650000	8655000	34.81738941059645	8652500
chr19	8655000	8660000	39.191268301551034	8657500
chr19	8660000	8665000	42.40172613169237	8662500
chr19	8665000	8670000	38.63995027234513	8667500
chr19	8670000	8675000	42.3883148842447	8672500
chr19	8675000	8680000	34.238024451082715	8677500
chr19	8680000	8685000	23.3044578668526	8682500
chr19	8685000	8690000	24.077388867375117	8687500
chr19	8690000	8695000	23.401866604541134	8692500
chr19	8695000	8700000	28.23120544498283	8697500
chr19	8700000	8705000	45.589764697526306	8702500
chr19	8705000	8710000	71.35002505507148	8707500
chr19	8710000	8715000	38.19131641772367	8712500
chr19	8715000	8720000	26.925715689667467	8717500
chr19	8720000	8725000	22.149241033205083	8722500
chr19	8725000	8730000	24.285238081102793	8727500
chr19	8730000	8735000	34.0771798799386	8732500
chr19	8735000	8740000	26.556944806991904	8737500
chr19	8740000	8745000	16.84503540537162	8742500
chr19	8745000	8750000	27.835205743783668	8747500
chr19	8750000	8755000	24.94679611062022	8752500
chr19	8755000	8760000	16.570297134947932	8757500
chr19	8760000	8765000	16.30676561389128	8762500
chr19	8765000	8770000	13.674447523612875	8767500
chr19	8770000	8775000	14.234909040694768	8772500
chr19	8775000	8780000	16.802281265910832	8777500
chr19	8780000	8785000	24.850583511571312	8782500
chr19	8785000	8790000	30.26884593009429	8787500
chr19	8790000	8795000	35.304730854524045	8792500
chr19	8795000	8800000	35.80209601174847	8797500
chr19	8800000	8805000	35.281295714258185	8802500
chr19	8805000	8810000	36.46073296204174	8807500
chr19	8810000	8815000	34.69839371936554	8812500
chr19	8815000	8820000	34.52975762730355	8817500
chr19	8820000	8825000	35.18136162969831	8822500
chr19	8825000	8830000	29.843668700949053	8827500
chr19	8830000	8835000	32.24451915951418	8832500
chr19	8835000	8840000	31.46667764527869	8837500
chr19	8840000	8845000	33.79238852280367	8842500
chr19	8845000	8850000	34.011448524717686	8847500
chr19	8850000	8855000	33.33611111010922	8852500
chr19	8855000	8860000	32.08334768927982	8857500
chr19	8860000	8865000	32.1934228526918	8862500
chr19	8865000	8870000	33.50065580164326	8867500
chr19	8870000	8875000	35.70381591873331	8872500
chr19	8875000	8880000	19.59162123902426	8877500
chr19	8880000	8885000	34.24498530705822	8882500
chr19	8885000	8890000	9.878087003685957	8887500
chr19	8890000	8895000	28.859069869410124	8892500
chr19	8895000	8900000	25.34115665226486	8897500
chr19	8900000	8905000	27.813345138935937	8902500
chr19	8905000	8910000	31.88084698775499	8907500
chr19	8910000	8915000	52.940898648625435	8912500
chr19	8915000	8920000	92.5903886247009	8917500
chr19	8920000	8925000	110.18778855979615	8922500
chr19	8925000	8930000	48.470046954572574	8927500
chr19	8930000	8935000	29.88746017505978	8932500
chr19	8935000	8940000	23.009902272756683	8937500
chr19	8940000	8945000	25.25237955769988	8942500
chr19	8945000	8950000	49.02071820261309	8947500
chr19	8950000	8955000	31.772846564548292	8952500
chr19	8955000	8960000	28.73944273339099	8957500
chr19	8960000	8965000	27.053920614507565	8962500
chr19	8965000	8970000	29.96991781227627	8967500
chr19	8970000	8975000	29.26849076685646	8972500
chr19	8975000	8980000	39.213415396229955	8977500
chr19	8980000	8985000	42.15113287834839	8982500
chr19	8985000	8990000	40.19316530614193	8987500
chr19	8990000	8995000	43.65113151781668	8992500
chr19	8995000	9000000	36.36758111971216	8997500
chr19	9000000	9005000	29.967636903324397	9002500
chr19	9005000	9010000	28.771382709694162	9007500
chr19	9010000	9015000	30.88393591471574	9012500
chr19	9015000	9020000	32.79828376949656	9017500
chr19	9020000	9025000	31.520188014767225	9022500
chr19	9025000	9030000	34.57704810730896	9027500
chr19	9030000	9035000	30.787287587865436	9032500
chr19	9035000	9040000	30.529845097895485	9037500
chr19	9040000	9045000	44.94817599861847	9042500
chr19	9045000	9050000	60.979035940168295	9047500
chr19	9050000	9055000	62.12445304748148	9052500
chr19	9055000	9060000	62.12445304748157	9057500
chr19	9060000	9065000	72.43657213145066	9062500
chr19	9065000	9070000	73.42730529201548	9067500
chr19	9070000	9075000	31.603638833979474	9072500
chr19	9075000	9080000	28.274046759505435	9077500
chr19	9080000	9085000	27.21908897183123	9082500
chr19	9085000	9090000	27.8076297382017	9087500
chr19	9090000	9095000	23.05126116529546	9092500
chr19	9095000	9100000	23.93874939064637	9097500
chr19	9100000	9105000	21.318956376793874	9102500
chr19	9105000	9110000	27.321299709163316	9107500
chr19	9110000	9115000	22.40277972740543	9112500
chr19	9115000	9120000	17.45763361522859	9117500
chr19	9120000	9125000	34.59937693040877	9122500
chr19	9125000	9130000	71.01860294539145	9127500
chr19	9130000	9135000	79.63309010389956	9132500
chr19	9135000	9140000	67.53254162461465	9137500
chr19	9140000	9145000	70.32318532564712	9142500
chr19	9145000	9150000	121.66867511070862	9147500
chr19	9150000	9155000	166.56176386803932	9152500
chr19	9155000	9160000	105.39350918418987	9157500
chr19	9160000	9165000	89.22768550534245	9162500
chr19	9165000	9170000	60.861443335381786	9167500
chr19	9170000	9175000	91.08228644281832	9172500
chr19	9175000	9180000	111.54215498536101	9177500
chr19	9180000	9185000	111.54215498536101	9182500
chr19	9185000	9190000	96.50001160262751	9187500
chr19	9190000	9195000	81.60064014123525	9192500
chr19	9195000	9200000	112.59841747143587	9197500
chr19	9200000	9205000	125.81107008280472	9202500
chr19	9205000	9210000	102.98935798611127	9207500
chr19	9210000	9215000	93.32754033240111	9212500
chr19	9215000	9220000	88.89036155835127	9217500
chr19	9220000	9225000	98.24579276909503	9222500
chr19	9225000	9230000	102.19638047240421	9227500
chr19	9230000	9235000	104.30511432312859	9232500
chr19	9235000	9240000	102.7550625077177	9237500
chr19	9240000	9245000	94.19625477498661	9242500
chr19	9245000	9250000	101.63098504714497	9247500
chr19	9250000	9255000	105.39687910703213	9252500
chr19	9255000	9260000	102.71434780852815	9257500
chr19	9260000	9265000	101.24995669368558	9262500
chr19	9265000	9270000	94.5298974188093	9267500
chr19	9270000	9275000	90.75207252589023	9272500
chr19	9275000	9280000	84.2611285856936	9277500
chr19	9280000	9285000	70.1043382014238	9282500
chr19	9285000	9290000	46.39471880761822	9287500
chr19	9290000	9295000	53.987339780730714	9292500
chr19	9295000	9300000	30.70175271882991	9297500
chr19	9300000	9305000	26.060752137338003	9302500
chr19	9305000	9310000	34.383635714639546	9307500
chr19	9310000	9315000	48.03869114667245	9312500
chr19	9315000	9320000	66.54167376362193	9317500
chr19	9320000	9325000	71.55279527318945	9322500
chr19	9325000	9330000	87.84731277190981	9327500
chr19	9330000	9335000	126.85815560347302	9332500
chr19	9335000	9340000	128.0997933795787	9337500
chr19	9340000	9345000	108.57318145803706	9342500
chr19	9345000	9350000	89.87081590527684	9347500
chr19	9350000	9355000	72.02957886710725	9352500
chr19	9355000	9360000	48.406020055827085	9357500
chr19	9360000	9365000	71.53076420165729	9362500
chr19	9365000	9370000	65.90484525083944	9367500
chr19	9370000	9375000	70.50234076791163	9372500
chr19	9375000	9380000	31.21285084134908	9377500
chr19	9380000	9385000	37.97934178321955	9382500
chr19	9385000	9390000	28.387308724529536	9387500
chr19	9390000	9395000	34.19197856692082	9392500
chr19	9395000	9400000	34.596480400101996	9397500
chr19	9400000	9405000	56.18656729558079	9402500
chr19	9405000	9410000	54.364734225240944	9407500
chr19	9410000	9415000	57.195321667072015	9412500
chr19	9415000	9420000	42.47771249938067	9417500
chr19	9420000	9425000	71.7263650432472	9422500
chr19	9425000	9430000	78.82813991499782	9427500
chr19	9430000	9435000	81.63675791309537	9432500
chr19	9435000	9440000	99.8081615827953	9437500
chr19	9440000	9445000	114.08491614085179	9442500
chr19	9445000	9450000	55.65075412132386	9447500
chr19	9450000	9455000	55.30647101457238	9452500
chr19	9455000	9460000	83.63643842510342	9457500
chr19	9460000	9465000	83.63643842510342	9462500
chr19	9465000	9470000	83.63643842510342	9467500
chr19	9470000	9475000	83.63643842510342	9472500
chr19	9475000	9480000	83.63643842510342	9477500
chr19	9480000	9485000	83.63643842510342	9482500
chr19	9485000	9490000	83.63643842510342	9487500
chr19	9490000	9495000	83.63643842510342	9492500
chr19	9495000	9500000	83.63643842510342	9497500
chr19	9500000	9505000	83.63643842510342	9502500
chr19	9505000	9510000	83.63643842510342	9507500
chr19	9510000	9515000	83.63643842510342	9512500
chr19	9515000	9520000	83.63643842510342	9517500
chr19	9520000	9525000	83.63643842510342	9522500
chr19	9525000	9530000	83.63643842510342	9527500
chr19	9530000	9535000	83.63643842510342	9532500
chr19	9535000	9540000	83.63643842510342	9537500
chr19	9540000	9545000	61.007441008396974	9542500
chr19	9545000	9550000	37.90048425432594	9547500
chr19	9550000	9555000	38.3952028406397	9552500
chr19	9555000	9560000	51.31858917138629	9557500
chr19	9560000	9565000	61.78887767196334	9562500
chr19	9565000	9570000	46.81773477271877	9567500
chr19	9570000	9575000	53.48154119088099	9572500
chr19	9575000	9580000	45.51736870337377	9577500
chr19	9580000	9585000	42.47985163112356	9582500
chr19	9585000	9590000	38.25226240468509	9587500
chr19	9590000	9595000	34.98033693908612	9592500
chr19	9595000	9600000	40.00460236116069	9597500
chr19	9600000	9605000	39.93688440790669	9602500
chr19	9605000	9610000	34.64394733336245	9607500
chr19	9610000	9615000	44.462242178077716	9612500
chr19	9615000	9620000	44.682168072335735	9617500
chr19	9620000	9625000	47.26245920170391	9622500
chr19	9625000	9630000	43.16610630267843	9627500
chr19	9630000	9635000	54.55482935414381	9632500
chr19	9635000	9640000	40.42774640550454	9637500
chr19	9640000	9645000	54.213957766668564	9642500
chr19	9645000	9650000	41.166223779258004	9647500
chr19	9650000	9655000	63.41719167764462	9652500
chr19	9655000	9660000	64.42123000101574	9657500
chr19	9660000	9665000	64.14187430215595	9662500
chr19	9665000	9670000	64.14187430215595	9667500
chr19	9670000	9675000	65.40741975316115	9672500
chr19	9675000	9680000	80.03156346697608	9677500
chr19	9680000	9685000	96.91436834445155	9682500
chr19	9685000	9690000	81.49724490311206	9687500
chr19	9690000	9695000	69.5851970112038	9692500
chr19	9695000	9700000	73.78847643156013	9697500
chr19	9700000	9705000	82.37356584850272	9702500
chr19	9705000	9710000	103.17039192698978	9707500
chr19	9710000	9715000	103.41525965354757	9712500
chr19	9715000	9720000	62.297023458686944	9717500
chr19	9720000	9725000	46.396350501284964	9722500
chr19	9725000	9730000	44.06632081026146	9727500
chr19	9730000	9735000	42.20004891471761	9732500
chr19	9735000	9740000	38.373785071566424	9737500
chr19	9740000	9745000	34.114088457473805	9742500
chr19	9745000	9750000	27.55274354039844	9747500
chr19	9750000	9755000	31.279018978110177	9752500
chr19	9755000	9760000	33.03936934779198	9757500
chr19	9760000	9765000	40.7022530666722	9762500
chr19	9765000	9770000	35.72366194215878	9767500
chr19	9770000	9775000	38.778830954573515	9772500
chr19	9775000	9780000	35.81946353234606	9777500
chr19	9780000	9785000	30.336162191051923	9782500
chr19	9785000	9790000	34.38848633266203	9787500
chr19	9790000	9795000	36.60933543986493	9792500
chr19	9795000	9800000	37.05246834821766	9797500
chr19	9800000	9805000	34.88409197582376	9802500
chr19	9805000	9810000	47.8861877477232	9807500
chr19	9810000	9815000	41.73746949757714	9812500
chr19	9815000	9820000	47.69135756917948	9817500
chr19	9820000	9825000	51.78051626303694	9822500
chr19	9825000	9830000	49.96514423712326	9827500
chr19	9830000	9835000	50.03266525681616	9832500
chr19	9835000	9840000	44.73982575043901	9837500
chr19	9840000	9845000	45.122381936975884	9842500
chr19	9845000	9850000	41.94847066826896	9847500
chr19	9850000	9855000	39.309279959153464	9852500
chr19	9855000	9860000	40.58440683172483	9857500
chr19	9860000	9865000	40.08148740039868	9862500
chr19	9865000	9870000	32.610961699688424	9867500
chr19	9870000	9875000	35.42034542292225	9872500
chr19	9875000	9880000	41.330943494824005	9877500
chr19	9880000	9885000	46.28537921457727	9882500
chr19	9885000	9890000	46.96867005925817	9887500
chr19	9890000	9895000	48.71329421453021	9892500
chr19	9895000	9900000	40.966726095148225	9897500
chr19	9900000	9905000	43.47443216229956	9902500
chr19	9905000	9910000	37.43762867664843	9907500
chr19	9910000	9915000	39.536845602573244	9912500
chr19	9915000	9920000	38.247850797046866	9917500
chr19	9920000	9925000	42.65639563647458	9922500
chr19	9925000	9930000	41.1428390166655	9927500
chr19	9930000	9935000	32.59261345481357	9932500
chr19	9935000	9940000	36.73075752317844	9937500
chr19	9940000	9945000	34.82852709477655	9942500
chr19	9945000	9950000	35.99375398702499	9947500
chr19	9950000	9955000	37.15278964243831	9952500
chr19	9955000	9960000	39.494676633228906	9957500
chr19	9960000	9965000	38.452141751179674	9962500
chr19	9965000	9970000	38.11814184372375	9967500
chr19	9970000	9975000	35.581375613181756	9972500
chr19	9975000	9980000	33.038797936868086	9977500
chr19	9980000	9985000	38.27669373483022	9982500
chr19	9985000	9990000	37.625947718387614	9987500
chr19	9990000	9995000	31.784198913334762	9992500
chr19	9995000	10000000	28.37737875395824	9997500
chr19	10000000	10005000	42.524194978376286	10002500
chr19	10005000	10010000	36.99893561007086	10007500
chr19	10010000	10015000	44.05809296545902	10012500
chr19	10015000	10020000	55.46877843819893	10017500
chr19	10020000	10025000	56.219373174976084	10022500
chr19	10025000	10030000	74.43415183931342	10027500
chr19	10030000	10035000	79.06341293005228	10032500
chr19	10035000	10040000	56.25389119733087	10037500
chr19	10040000	10045000	58.705751197977456	10042500
chr19	10045000	10050000	59.82609996329188	10047500
chr19	10050000	10055000	69.3213740744109	10052500
chr19	10055000	10060000	55.67336404944694	10057500
chr19	10060000	10065000	56.696937608898814	10062500
chr19	10065000	10070000	54.00956597142028	10067500
chr19	10070000	10075000	64.37057599877454	10072500
chr19	10075000	10080000	55.20874721631371	10077500
chr19	10080000	10085000	60.03013705794788	10082500
chr19	10085000	10090000	58.60936417845246	10087500
chr19	10090000	10095000	50.72480862013761	10092500
chr19	10095000	10100000	39.182000145183295	10097500
chr19	10100000	10105000	45.2975068172164	10102500
chr19	10105000	10110000	41.40574961315142	10107500
chr19	10110000	10115000	50.85457762802699	10112500
chr19	10115000	10120000	32.88085955009816	10117500
chr19	10120000	10125000	29.317928659038017	10122500
chr19	10125000	10130000	31.412129514328377	10127500
chr19	10130000	10135000	35.636413101572195	10132500
chr19	10135000	10140000	36.99651761086919	10137500
chr19	10140000	10145000	42.223214750273385	10142500
chr19	10145000	10150000	37.204914567637765	10147500
chr19	10150000	10155000	29.869516770961308	10152500
chr19	10155000	10160000	33.74503983822064	10157500
chr19	10160000	10165000	39.19038846396566	10162500
chr19	10165000	10170000	39.490095164496616	10167500
chr19	10170000	10175000	47.8971148739422	10172500
chr19	10175000	10180000	43.31903305683234	10177500
chr19	10180000	10185000	35.81664279835149	10182500
chr19	10185000	10190000	37.726531818317724	10187500
chr19	10190000	10195000	31.196364408359564	10192500
chr19	10195000	10200000	36.46792257621345	10197500
chr19	10200000	10205000	29.378273820851398	10202500
chr19	10205000	10210000	23.608887261382197	10207500
chr19	10210000	10215000	55.933001690524435	10212500
chr19	10215000	10220000	48.61193036628008	10217500
chr19	10220000	10225000	49.39813470624461	10222500
chr19	10225000	10230000	87.82680509913719	10227500
chr19	10230000	10235000	65.50164194189762	10232500
chr19	10235000	10240000	72.53765898104298	10237500
chr19	10240000	10245000	39.80377524084508	10242500
chr19	10245000	10250000	83.79860256419069	10247500
chr19	10250000	10255000	94.37981153306791	10252500
chr19	10255000	10260000	84.62685044757035	10257500
chr19	10260000	10265000	24.269435325885112	10262500
chr19	10265000	10270000	29.794083988286612	10267500
chr19	10270000	10275000	35.986781236575176	10272500
chr19	10275000	10280000	34.761426815940126	10277500
chr19	10280000	10285000	45.49766527742114	10282500
chr19	10285000	10290000	52.58906025151211	10287500
chr19	10290000	10295000	37.149103186397014	10292500
chr19	10295000	10300000	33.827740496109094	10297500
chr19	10300000	10305000	32.85196925653427	10302500
chr19	10305000	10310000	21.713209031681803	10307500
chr19	10310000	10315000	20.64216560814836	10312500
chr19	10315000	10320000	31.268949994672173	10317500
chr19	10320000	10325000	57.40419477517616	10322500
chr19	10325000	10330000	82.08117525843646	10327500
chr19	10330000	10335000	73.14835776312025	10332500
chr19	10335000	10340000	105.83227348222525	10337500
chr19	10340000	10345000	101.72737179584854	10342500
chr19	10345000	10350000	79.89630234845862	10347500
chr19	10350000	10355000	54.09431643756	10352500
chr19	10355000	10360000	36.52617952226815	10357500
chr19	10360000	10365000	39.520451719179356	10362500
chr19	10365000	10370000	46.6538435038482	10367500
chr19	10370000	10375000	50.228874914773954	10372500
chr19	10375000	10380000	65.76262728919298	10377500
chr19	10380000	10385000	72.87383252698899	10382500
chr19	10385000	10390000	73.64979695777195	10387500
chr19	10390000	10395000	60.375767497878876	10392500
chr19	10395000	10400000	79.67079692087671	10397500
chr19	10400000	10405000	93.75753082581988	10402500
chr19	10405000	10410000	83.13696307599167	10407500
chr19	10410000	10415000	40.880349519833636	10412500
chr19	10415000	10420000	50.07770281460055	10417500
chr19	10420000	10425000	32.49931529604519	10422500
chr19	10425000	10430000	32.3885252842664	10427500
chr19	10430000	10435000	27.659138048426666	10432500
chr19	10435000	10440000	33.87653751050599	10437500
chr19	10440000	10445000	33.11900729310497	10442500
chr19	10445000	10450000	44.30535358650693	10447500
chr19	10450000	10455000	57.64495708445939	10452500
chr19	10455000	10460000	71.4622325239309	10457500
chr19	10460000	10465000	65.87732859229082	10462500
chr19	10465000	10470000	27.698091145931798	10467500
chr19	10470000	10475000	33.2965680981149	10472500
chr19	10475000	10480000	22.878061737940826	10477500
chr19	10480000	10485000	12.856482384063431	10482500
chr19	10485000	10490000	20.705556628715804	10487500
chr19	10490000	10495000	13.43154022488613	10492500
chr19	10495000	10500000	23.069352844932247	10497500
chr19	10500000	10505000	21.457851457042143	10502500
chr19	10505000	10510000	33.05767503790584	10507500
chr19	10510000	10515000	34.4356679247353	10512500
chr19	10515000	10520000	16.530663807923162	10517500
chr19	10520000	10525000	12.253117978083873	10522500
chr19	10525000	10530000	17.258156510659994	10527500
chr19	10530000	10535000	25.503754810451085	10532500
chr19	10535000	10540000	18.625711913484327	10537500
chr19	10540000	10545000	22.989282418469767	10542500
chr19	10545000	10550000	20.60823854277303	10547500
chr19	10550000	10555000	16.21897536321608	10552500
chr19	10555000	10560000	13.78319698311005	10557500
chr19	10560000	10565000	10.650247100773457	10562500
chr19	10565000	10570000	20.661080777584168	10567500
chr19	10570000	10575000	48.20388174162922	10572500
chr19	10575000	10580000	49.34123051156854	10577500
chr19	10580000	10585000	65.36460561057905	10582500
chr19	10585000	10590000	43.48845248107515	10587500
chr19	10590000	10595000	38.03661616912714	10592500
chr19	10595000	10600000	47.61761283627775	10597500
chr19	10600000	10605000	33.9344139336183	10602500
chr19	10605000	10610000	64.25155180071528	10607500
chr19	10610000	10615000	45.57844919458586	10612500
chr19	10615000	10620000	26.597070007495923	10617500
chr19	10620000	10625000	38.961098477514646	10622500
chr19	10625000	10630000	36.874914185242865	10627500
chr19	10630000	10635000	21.595932615664534	10632500
chr19	10635000	10640000	29.01268001167142	10637500
chr19	10640000	10645000	38.02510277681795	10642500
chr19	10645000	10650000	36.135491749919325	10647500
chr19	10650000	10655000	65.61572058774526	10652500
chr19	10655000	10660000	88.8037272626246	10657500
chr19	10660000	10665000	74.1643749512958	10662500
chr19	10665000	10670000	74.3309334254781	10667500
chr19	10670000	10675000	36.58620555132435	10672500
chr19	10675000	10680000	21.521149533768373	10677500
chr19	10680000	10685000	20.54588576646729	10682500
chr19	10685000	10690000	25.0972715311624	10687500
chr19	10690000	10695000	20.788009689456306	10692500
chr19	10695000	10700000	29.534274379567506	10697500
chr19	10700000	10705000	35.742520846537275	10702500
chr19	10705000	10710000	29.78720272723169	10707500
chr19	10710000	10715000	23.731358888978214	10712500
chr19	10715000	10720000	30.89655021744939	10717500
chr19	10720000	10725000	28.496217039132738	10722500
chr19	10725000	10730000	43.39368112038242	10727500
chr19	10730000	10735000	28.34952479039266	10732500
chr19	10735000	10740000	35.97023291036651	10737500
chr19	10740000	10745000	40.74783894060087	10742500
chr19	10745000	10750000	30.91076922767637	10747500
chr19	10750000	10755000	26.56684224886079	10752500
chr19	10755000	10760000	21.908311067346443	10757500
chr19	10760000	10765000	18.739201659133958	10762500
chr19	10765000	10770000	17.879163901845942	10767500
chr19	10770000	10775000	31.823135902986234	10772500
chr19	10775000	10780000	30.603226854830538	10777500
chr19	10780000	10785000	37.53784830848812	10782500
chr19	10785000	10790000	55.15116665251945	10787500
chr19	10790000	10795000	21.56295362699904	10792500
chr19	10795000	10800000	18.090628918566722	10797500
chr19	10800000	10805000	24.303085340751757	10802500
chr19	10805000	10810000	23.397700061301897	10807500
chr19	10810000	10815000	32.59916800457242	10812500
chr19	10815000	10820000	20.890353253325305	10817500
chr19	10820000	10825000	15.047562397949566	10822500
chr19	10825000	10830000	12.246524846185771	10827500
chr19	10830000	10835000	25.41088633280558	10832500
chr19	10835000	10840000	24.675384396510673	10837500
chr19	10840000	10845000	21.464932080213433	10842500
chr19	10845000	10850000	26.33015062549591	10847500
chr19	10850000	10855000	15.721683006209567	10852500
chr19	10855000	10860000	14.326751041541527	10857500
chr19	10860000	10865000	14.968097628089264	10862500
chr19	10865000	10870000	23.544117239640492	10867500
chr19	10870000	10875000	23.377920175845986	10872500
chr19	10875000	10880000	20.066032650780876	10877500
chr19	10880000	10885000	21.018420171560738	10882500
chr19	10885000	10890000	23.954698982941608	10887500
chr19	10890000	10895000	23.189245024190022	10892500
chr19	10895000	10900000	27.954884933865287	10897500
chr19	10900000	10905000	21.929142830923656	10902500
chr19	10905000	10910000	20.04689228869039	10907500
chr19	10910000	10915000	19.205196268282894	10912500
chr19	10915000	10920000	15.628635899647534	10917500
chr19	10920000	10925000	16.328999217953353	10922500
chr19	10925000	10930000	22.65595157611804	10927500
chr19	10930000	10935000	45.21922016270379	10932500
chr19	10935000	10940000	20.084488651797407	10937500
chr19	10940000	10945000	9.848599142116418	10942500
chr19	10945000	10950000	20.257184312284163	10947500
chr19	10950000	10955000	20.02103630485079	10952500
chr19	10955000	10960000	9.692774386343046	10957500
chr19	10960000	10965000	6.78357174816203	10962500
chr19	10965000	10970000	8.385081543277767	10967500
chr19	10970000	10975000	12.535186438372463	10972500
chr19	10975000	10980000	15.679399200700542	10977500
chr19	10980000	10985000	13.786293617418487	10982500
chr19	10985000	10990000	12.215954145055669	10987500
chr19	10990000	10995000	16.205213297773742	10992500
chr19	10995000	11000000	17.503225531644993	10997500
chr19	11000000	11005000	13.505774813945338	11002500
chr19	11005000	11010000	10.869678565735756	11007500
chr19	11010000	11015000	15.15820032141444	11012500
chr19	11015000	11020000	16.28882110713265	11017500
chr19	11020000	11025000	14.218852068621283	11022500
chr19	11025000	11030000	12.396959880303541	11027500
chr19	11030000	11035000	11.940963782237215	11032500
chr19	11035000	11040000	10.754748164018523	11037500
chr19	11040000	11045000	5.382948513277114	11042500
chr19	11045000	11050000	8.355783343522676	11047500
chr19	11050000	11055000	8.709996470632005	11052500
chr19	11055000	11060000	9.485940654474556	11057500
chr19	11060000	11065000	4.853078702383614	11062500
chr19	11065000	11070000	5.094142214958372	11067500
chr19	11070000	11075000	5.293024168459512	11072500
chr19	11075000	11080000	5.4870052439206205	11077500
chr19	11080000	11085000	7.388001490255212	11082500
chr19	11085000	11090000	6.4101829647351	11087500
chr19	11090000	11095000	7.404575643197738	11092500
chr19	11095000	11100000	9.078613575080173	11097500
chr19	11100000	11105000	7.558224382486647	11102500
chr19	11105000	11110000	8.223155109205772	11107500
chr19	11110000	11115000	8.023999052092442	11112500
chr19	11115000	11120000	6.295435637349433	11117500
chr19	11120000	11125000	6.35536162682536	11122500
chr19	11125000	11130000	3.91790465381166	11127500
chr19	11130000	11135000	5.005255129200701	11132500
chr19	11135000	11140000	3.876903487089526	11137500
chr19	11140000	11145000	6.024307235372649	11142500
chr19	11145000	11150000	2.5928323259741473	11147500
chr19	11150000	11155000	2.00024312276017	11152500
chr19	11155000	11160000	3.4940659575385546	11157500
chr19	11160000	11165000	2.6100240680926623	11162500
chr19	11165000	11170000	3.432920490826637	11167500
chr19	11170000	11175000	3.147571908687938	11172500
chr19	11175000	11180000	2.047700897423877	11177500
chr19	11180000	11185000	2.6645365075737715	11182500
chr19	11185000	11190000	2.663438437945636	11187500
chr19	11190000	11195000	2.3190319942243267	11192500
chr19	11195000	11200000	1.199875656257401	11197500
chr19	11200000	11205000	1.1841557589335103	11202500
chr19	11205000	11210000	2.136625414399742	11207500
chr19	11210000	11215000	1.2107952720195367	11212500
chr19	11215000	11220000	0.7506933416498551	11217500
chr19	11220000	11225000	0.9548994740093614	11222500
chr19	11225000	11230000	0.9607332742847922	11227500
chr19	11230000	11235000	0.9752831027187897	11232500
chr19	11235000	11240000	0.9049038989524657	11237500
chr19	11240000	11245000	0.2185074273392566	11242500
chr19	11245000	11250000	0.22341841899958326	11247500
chr19	11250000	11255000	0.22992397241824206	11252500
chr19	11255000	11260000	0.22992397241824206	11257500
chr19	11260000	11265000	0.22992397241824206	11262500
chr19	11265000	11270000	0.22063955002073254	11267500
chr19	11270000	11275000	0.18615455254426985	11272500
chr19	11275000	11280000	0.18615455254426985	11277500
chr19	11280000	11285000	0.1752066054885674	11282500
chr19	11285000	11290000	0.1394450239338867	11287500
chr19	11290000	11295000	0.13944502393388658	11292500
chr19	11295000	11300000	0.11679167368910656	11297500
chr19	11300000	11305000	0.08910825374627618	11302500
chr19	11305000	11310000	0.09779426213857967	11307500
chr19	11310000	11315000	0.1089793743549496	11312500
chr19	11315000	11320000	0.10897937435494966	11317500
chr19	11320000	11325000	0.10909430857135016	11322500
chr19	11325000	11330000	0.1091302255139754	11327500
chr19	11330000	11335000	0.11135440829552425	11332500
chr19	11335000	11340000	0.11231999287703956	11337500
chr19	11340000	11345000	0.11231999287703945	11342500
chr19	11345000	11350000	0.11234098464227615	11347500
chr19	11350000	11355000	0.11237737036868611	11352500
chr19	11355000	11360000	0.11237737036868609	11357500
chr19	11360000	11365000	0.11252372962752236	11362500
chr19	11365000	11370000	0.115491429349386	11367500
chr19	11370000	11375000	0.1879836522145987	11372500
chr19	11375000	11380000	16.9594495053445	11377500
chr19	11380000	11385000	91.45669253469084	11382500
chr19	11385000	11390000	44.679754594951056	11387500
chr19	11390000	11395000	3.16688616358527	11392500
chr19	11395000	11400000	0.0063864838963474	11397500
chr19	11400000	11405000	0.006386483896347407	11402500
chr19	11405000	11410000	0.0063864838963474365	11407500
