chrom	start	end	cM/Mb	midpoint
chr13	0	10000	23.83174933974963	5000
chr13	10000	20000	6.241711091186845	15000
chr13	20000	30000	7.526551372698732	25000
chr13	30000	40000	0.04608905467989252	35000
chr13	40000	50000	0.0034920684871455874	45000
chr13	50000	60000	0.006978342219100966	55000
chr13	60000	70000	0.030616736581649397	65000
chr13	70000	80000	0.19029262332331154	75000
chr13	80000	90000	0.1967513886598614	85000
chr13	90000	100000	0.17410475305301668	95000
chr13	100000	110000	0.06437049650808553	105000
chr13	110000	120000	0.03404362566472269	115000
chr13	120000	130000	0.03404362566472269	125000
chr13	130000	140000	0.03404362566472268	135000
chr13	140000	150000	0.08694663514150133	145000
chr13	150000	160000	0.20316589567214216	155000
chr13	160000	170000	0.2031658956721422	165000
chr13	170000	180000	0.20316589567214208	175000
chr13	180000	190000	0.2189339331511695	185000
chr13	190000	200000	0.44267759496202685	195000
chr13	200000	210000	0.4556458569113638	205000
chr13	210000	220000	0.2270724252653143	215000
chr13	220000	230000	0.2180098011202827	225000
chr13	230000	240000	0.4413145676191577	235000
chr13	240000	250000	0.44698683375230747	245000
chr13	250000	260000	0.2735389264361647	255000
chr13	260000	270000	0.40570599829985654	265000
chr13	270000	280000	0.8597924530683739	275000
chr13	280000	290000	1.5217014346926236	285000
chr13	290000	300000	0.8281587132290094	295000
chr13	300000	310000	2.118331794747983	305000
chr13	310000	320000	1.4485855723496779	315000
chr13	320000	330000	3.291048513336428	325000
chr13	330000	340000	1.587375523263354	335000
chr13	340000	350000	2.571253413349684	345000
chr13	350000	360000	7.096609107494861	355000
chr13	360000	370000	7.407898386289724	365000
chr13	370000	380000	9.516907767501811	375000
chr13	380000	390000	12.285314702444595	385000
chr13	390000	400000	14.408411193714013	395000
chr13	400000	410000	9.79109823132548	405000
chr13	410000	420000	15.347859138523647	415000
chr13	420000	430000	16.964759776181978	425000
chr13	430000	440000	21.260329651110425	435000
chr13	440000	450000	26.512171720830644	445000
chr13	450000	460000	24.316972742109837	455000
chr13	460000	470000	20.400629033226195	465000
chr13	470000	480000	28.746110216209576	475000
chr13	480000	490000	34.19750472934494	485000
chr13	490000	500000	38.211016790443466	495000
chr13	500000	510000	55.380825690252784	505000
chr13	510000	520000	24.964628169274416	515000
chr13	520000	530000	17.41752657635726	525000
chr13	530000	540000	39.87860476139329	535000
chr13	540000	550000	84.35210181281333	545000
chr13	550000	560000	88.9244874691881	555000
chr13	560000	570000	88.26105822770425	565000
chr13	570000	580000	91.88159193761605	575000
chr13	580000	590000	113.46065110248892	585000
chr13	590000	600000	41.41128577476223	595000
chr13	600000	610000	47.303845280460905	605000
chr13	610000	620000	54.91003244877318	615000
chr13	620000	630000	29.699612343857613	625000
chr13	630000	640000	39.85931221530505	635000
chr13	640000	650000	22.01428234433565	645000
chr13	650000	660000	45.23105562453117	655000
chr13	660000	670000	72.6001021475062	665000
chr13	670000	680000	59.44278923536235	675000
chr13	680000	690000	67.95973809843589	685000
chr13	690000	700000	61.156584309181916	695000
chr13	700000	710000	70.59608453661971	705000
chr13	710000	720000	37.32261929791264	715000
chr13	720000	730000	52.55757461441437	725000
chr13	730000	740000	136.1979502741983	735000
chr13	740000	750000	158.6158026374107	745000
chr13	750000	760000	121.75319969172996	755000
chr13	760000	770000	119.00671599968429	765000
chr13	770000	780000	119.39211137918653	775000
chr13	780000	790000	82.2175830317343	785000
chr13	790000	800000	87.5026517512197	795000
chr13	800000	810000	155.28674016669993	805000
chr13	810000	820000	155.28674016669996	815000
chr13	820000	830000	155.28674016669908	825000
chr13	830000	840000	155.2867401666997	835000
chr13	840000	850000	155.28674016669893	845000
chr13	850000	860000	155.28674016669987	855000
chr13	860000	870000	155.28674016669942	865000
chr13	870000	880000	155.28674016669927	875000
chr13	880000	890000	155.28674016669942	885000
chr13	890000	900000	119.41455094361184	895000
chr13	900000	910000	96.38082944247267	905000
chr13	910000	920000	96.38082944247229	915000
chr13	920000	930000	96.38082944247222	925000
chr13	930000	940000	96.3808294424721	935000
chr13	940000	950000	96.38082944247289	945000
chr13	950000	960000	96.3808294424721	955000
chr13	960000	970000	96.3808294424718	965000
chr13	970000	980000	96.38082944247243	975000
chr13	980000	990000	96.38082944247218	985000
chr13	990000	1000000	105.14310323483889	995000
chr13	1000000	1010000	105.98149379216358	1005000
chr13	1010000	1020000	106.42293435398913	1015000
chr13	1020000	1030000	106.53085918503518	1025000
chr13	1030000	1040000	106.53085918503518	1035000
chr13	1040000	1050000	106.5308591850355	1045000
chr13	1050000	1060000	106.03191987205638	1055000
chr13	1060000	1070000	106.4522825654246	1065000
chr13	1070000	1080000	105.50759752657427	1075000
chr13	1080000	1090000	106.65122910816429	1085000
chr13	1090000	1100000	106.92443358079996	1095000
chr13	1100000	1110000	111.78389941079233	1105000
chr13	1110000	1120000	96.07004030582435	1115000
chr13	1120000	1130000	121.15582688721176	1125000
chr13	1130000	1140000	139.35903294048902	1135000
chr13	1140000	1150000	110.57240829969862	1145000
chr13	1150000	1160000	98.62496298372379	1155000
chr13	1160000	1170000	78.81103727193992	1165000
chr13	1170000	1180000	93.91677485915687	1175000
chr13	1180000	1190000	91.12813425238451	1185000
chr13	1190000	1200000	121.36024674805509	1195000
chr13	1200000	1210000	111.7111431649677	1205000
chr13	1210000	1220000	75.46296934394786	1215000
chr13	1220000	1230000	118.84363487290223	1225000
chr13	1230000	1240000	137.175225830736	1235000
chr13	1240000	1250000	124.3771054922564	1245000
chr13	1250000	1260000	161.17983977161987	1255000
chr13	1260000	1270000	157.86714466167982	1265000
chr13	1270000	1280000	154.57684970029473	1275000
chr13	1280000	1290000	172.8294957631087	1285000
chr13	1290000	1300000	172.7928547780091	1295000
chr13	1300000	1310000	172.75123219549423	1305000
chr13	1310000	1320000	173.7753898729399	1315000
chr13	1320000	1330000	173.6845153586523	1325000
chr13	1330000	1340000	173.60710373536966	1335000
chr13	1340000	1350000	173.16559087886486	1345000
chr13	1350000	1360000	170.63358307179797	1355000
chr13	1360000	1370000	171.5035185114442	1365000
chr13	1370000	1380000	164.10935333984364	1375000
chr13	1380000	1390000	147.3307617025524	1385000
chr13	1390000	1400000	147.33076170255384	1395000
chr13	1400000	1410000	147.33076170255308	1405000
chr13	1410000	1420000	147.3307617025524	1415000
chr13	1420000	1430000	147.3307617025518	1425000
chr13	1430000	1440000	147.33076170255248	1435000
chr13	1440000	1450000	147.3307617025529	1445000
chr13	1450000	1460000	147.33076170255384	1455000
chr13	1460000	1470000	135.24731894216026	1465000
chr13	1470000	1480000	54.14860391702129	1475000
chr13	1480000	1490000	62.92034721210282	1485000
chr13	1490000	1500000	60.21136700678676	1495000
chr13	1500000	1510000	58.196357605895656	1505000
chr13	1510000	1520000	55.788856911882995	1515000
chr13	1520000	1530000	53.458676193359324	1525000
chr13	1530000	1540000	60.9009151419266	1535000
chr13	1540000	1550000	54.190322900278616	1545000
chr13	1550000	1560000	57.4417050434458	1555000
chr13	1560000	1570000	61.428010359109926	1565000
chr13	1570000	1580000	46.404655755080775	1575000
chr13	1580000	1590000	64.61255881975197	1585000
chr13	1590000	1600000	86.26912279304355	1595000
chr13	1600000	1610000	86.26912279304345	1605000
chr13	1610000	1620000	64.95917519889176	1615000
chr13	1620000	1630000	65.20966611658234	1625000
chr13	1630000	1640000	49.8450770138243	1635000
chr13	1640000	1650000	33.1552320312091	1645000
chr13	1650000	1660000	28.3930820015056	1655000
chr13	1660000	1670000	55.46557827739631	1665000
chr13	1670000	1680000	84.09840922157832	1675000
chr13	1680000	1690000	94.3322896460904	1685000
chr13	1690000	1700000	107.55551209275467	1695000
chr13	1700000	1710000	107.31558986210915	1705000
chr13	1710000	1720000	85.30285346803204	1715000
chr13	1720000	1730000	77.17722794864903	1725000
chr13	1730000	1740000	115.01191022850895	1735000
chr13	1740000	1750000	95.812124519159	1745000
chr13	1750000	1760000	103.80557442992857	1755000
chr13	1760000	1770000	149.37846636251192	1765000
chr13	1770000	1780000	204.28873464776197	1775000
chr13	1780000	1790000	97.51821113396602	1785000
chr13	1790000	1800000	93.95107803110433	1795000
chr13	1800000	1810000	44.83838246756795	1805000
chr13	1810000	1820000	40.614999375457856	1815000
chr13	1820000	1830000	47.37356359071247	1825000
chr13	1830000	1840000	58.10456088985477	1835000
chr13	1840000	1850000	59.44697313923312	1845000
chr13	1850000	1860000	51.31514494138994	1855000
chr13	1860000	1870000	47.62385590484959	1865000
chr13	1870000	1880000	52.681764968819444	1875000
chr13	1880000	1890000	53.46260335156738	1885000
chr13	1890000	1900000	44.508996930031245	1895000
chr13	1900000	1910000	47.028241346531146	1905000
chr13	1910000	1920000	48.9725849482672	1915000
chr13	1920000	1930000	45.39476044187192	1925000
chr13	1930000	1940000	37.48630337495886	1935000
chr13	1940000	1950000	39.373981974260055	1945000
chr13	1950000	1960000	30.559142487934093	1955000
chr13	1960000	1970000	19.848672969866023	1965000
chr13	1970000	1980000	56.06682093886936	1975000
chr13	1980000	1990000	55.61390453198202	1985000
chr13	1990000	2000000	57.28841899599799	1995000
chr13	2000000	2010000	53.17430287156315	2005000
chr13	2010000	2020000	65.34854063357307	2015000
chr13	2020000	2030000	48.655934271216566	2025000
chr13	2030000	2040000	40.29817647097678	2035000
chr13	2040000	2050000	26.930096804652727	2045000
chr13	2050000	2060000	23.65246731466733	2055000
chr13	2060000	2070000	29.885259346472065	2065000
chr13	2070000	2080000	16.986670358209068	2075000
chr13	2080000	2090000	25.1236477040217	2085000
chr13	2090000	2100000	36.95015298102978	2095000
chr13	2100000	2110000	30.16704448871735	2105000
chr13	2110000	2120000	24.192773320895114	2115000
chr13	2120000	2130000	33.97746281098109	2125000
chr13	2130000	2140000	35.53441347758704	2135000
chr13	2140000	2150000	30.001453528009584	2145000
chr13	2150000	2160000	22.2107207352008	2155000
chr13	2160000	2170000	18.397746300431997	2165000
chr13	2170000	2180000	42.943046064475155	2175000
chr13	2180000	2190000	39.38590337403072	2185000
chr13	2190000	2200000	47.2119553743998	2195000
chr13	2200000	2210000	48.81680113266078	2205000
chr13	2210000	2220000	47.81770711611569	2215000
chr13	2220000	2230000	48.34361615775183	2225000
chr13	2230000	2240000	46.49331109671647	2235000
chr13	2240000	2250000	47.909953680162786	2245000
chr13	2250000	2260000	43.22540956108997	2255000
chr13	2260000	2270000	49.55434105449038	2265000
chr13	2270000	2280000	47.82708500081079	2275000
chr13	2280000	2290000	54.3715078556753	2285000
chr13	2290000	2300000	61.825752641400236	2295000
chr13	2300000	2310000	39.21038921200864	2305000
chr13	2310000	2320000	32.61339356720798	2315000
chr13	2320000	2330000	18.666291478339616	2325000
chr13	2330000	2340000	23.770583838083127	2335000
chr13	2340000	2350000	20.884690411234406	2345000
chr13	2350000	2360000	23.109094314525368	2355000
chr13	2360000	2370000	26.81870127587119	2365000
chr13	2370000	2380000	20.17693753459126	2375000
chr13	2380000	2390000	18.004186810114117	2385000
chr13	2390000	2400000	16.196747952991775	2395000
chr13	2400000	2410000	19.516828616278072	2405000
chr13	2410000	2420000	24.4824902545166	2415000
chr13	2420000	2430000	49.55133525927064	2425000
chr13	2430000	2440000	28.1948042457347	2435000
chr13	2440000	2450000	31.89907241241706	2445000
chr13	2450000	2460000	13.415478706642082	2455000
chr13	2460000	2470000	21.287574752599216	2465000
chr13	2470000	2480000	24.101722011043186	2475000
chr13	2480000	2490000	26.556321782379296	2485000
chr13	2490000	2500000	45.02072310789352	2495000
chr13	2500000	2510000	34.39887659816904	2505000
chr13	2510000	2520000	32.87832361650961	2515000
chr13	2520000	2530000	26.781683303159525	2525000
chr13	2530000	2540000	29.29716088040193	2535000
chr13	2540000	2550000	33.40609455786936	2545000
chr13	2550000	2560000	28.459651325493702	2555000
chr13	2560000	2570000	18.301359398299937	2565000
chr13	2570000	2580000	17.674148034612152	2575000
chr13	2580000	2590000	20.494035077375198	2585000
chr13	2590000	2600000	18.911534733713545	2595000
chr13	2600000	2610000	17.40235046527167	2605000
chr13	2610000	2620000	22.184011563643093	2615000
chr13	2620000	2630000	23.001594255559045	2625000
chr13	2630000	2640000	20.770431115564488	2635000
chr13	2640000	2650000	18.804602165912268	2645000
chr13	2650000	2660000	15.568857682013213	2655000
chr13	2660000	2670000	8.267251644293577	2665000
chr13	2670000	2680000	8.102575680381245	2675000
chr13	2680000	2690000	6.842712793508991	2685000
chr13	2690000	2700000	9.749406700198703	2695000
chr13	2700000	2710000	8.27467266026505	2705000
chr13	2710000	2720000	18.465528220585025	2715000
chr13	2720000	2730000	11.985927178874109	2725000
chr13	2730000	2740000	9.8698441673693	2735000
chr13	2740000	2750000	8.062679842561433	2745000
chr13	2750000	2760000	22.109003017619802	2755000
chr13	2760000	2770000	14.278139667180112	2765000
chr13	2770000	2780000	15.5618567441627	2775000
chr13	2780000	2790000	12.013273257497609	2785000
chr13	2790000	2800000	16.801575938164312	2795000
chr13	2800000	2810000	17.30891142487328	2805000
chr13	2810000	2820000	34.55858183878844	2815000
chr13	2820000	2830000	10.791837761728319	2825000
chr13	2830000	2840000	17.2693642730106	2835000
chr13	2840000	2850000	19.46766999915018	2845000
chr13	2850000	2860000	6.125004873398477	2855000
chr13	2860000	2870000	9.917239895743181	2865000
chr13	2870000	2880000	12.593521008668839	2875000
chr13	2880000	2890000	15.377381309173169	2885000
chr13	2890000	2900000	26.401716637748674	2895000
chr13	2900000	2910000	18.616579737502196	2905000
chr13	2910000	2920000	13.736596977479362	2915000
chr13	2920000	2930000	16.085300625713327	2925000
chr13	2930000	2940000	31.433110572208555	2935000
chr13	2940000	2950000	16.889198891328878	2945000
chr13	2950000	2960000	38.4104809340674	2955000
chr13	2960000	2970000	45.868847885551155	2965000
chr13	2970000	2980000	44.97650823124095	2975000
chr13	2980000	2990000	48.133374608945786	2985000
chr13	2990000	3000000	56.3390439245331	2995000
chr13	3000000	3010000	26.15798562884525	3005000
chr13	3010000	3020000	22.594521113415883	3015000
chr13	3020000	3030000	16.060619782564196	3025000
chr13	3030000	3040000	28.329478540893987	3035000
chr13	3040000	3050000	17.836315511126603	3045000
chr13	3050000	3060000	19.085644170338302	3055000
chr13	3060000	3070000	20.834697336520133	3065000
chr13	3070000	3080000	43.7428673122484	3075000
chr13	3080000	3090000	43.357405118224484	3085000
chr13	3090000	3100000	35.79567144529404	3095000
chr13	3100000	3110000	34.31430429324134	3105000
chr13	3110000	3120000	12.76102748161657	3115000
chr13	3120000	3130000	11.746319330080986	3125000
chr13	3130000	3140000	14.035065542742311	3135000
chr13	3140000	3150000	25.098854630466988	3145000
chr13	3150000	3160000	10.889881483199744	3155000
chr13	3160000	3170000	15.662423054182689	3165000
chr13	3170000	3180000	14.09052747435468	3175000
chr13	3180000	3190000	16.710447082796016	3185000
chr13	3190000	3200000	8.963606235285878	3195000
chr13	3200000	3210000	13.127705032393836	3205000
chr13	3210000	3220000	11.47782544680513	3215000
chr13	3220000	3230000	16.962279795613647	3225000
chr13	3230000	3240000	15.759842372254038	3235000
chr13	3240000	3250000	27.119912673479778	3245000
chr13	3250000	3260000	11.072010430640931	3255000
chr13	3260000	3270000	11.838217085099092	3265000
chr13	3270000	3280000	10.096544910232875	3275000
chr13	3280000	3290000	8.352472226855728	3285000
chr13	3290000	3300000	12.717785197169409	3295000
chr13	3300000	3310000	17.571404402571545	3305000
chr13	3310000	3320000	19.44549161713837	3315000
chr13	3320000	3330000	20.272707189410887	3325000
chr13	3330000	3340000	20.69609048674026	3335000
chr13	3340000	3350000	18.81417628692129	3345000
chr13	3350000	3360000	22.609757633967643	3355000
chr13	3360000	3370000	16.80500816522672	3365000
chr13	3370000	3380000	15.62619864935369	3375000
chr13	3380000	3390000	20.4335593034733	3385000
chr13	3390000	3400000	19.67805189646423	3395000
chr13	3400000	3410000	15.397286752424419	3405000
chr13	3410000	3420000	12.97937364862666	3415000
chr13	3420000	3430000	17.26687045638597	3425000
chr13	3430000	3440000	18.39950628258521	3435000
chr13	3440000	3450000	17.916881328744836	3445000
chr13	3450000	3460000	17.967556430624104	3455000
chr13	3460000	3470000	17.423379140825197	3465000
chr13	3470000	3480000	17.17001469753164	3475000
chr13	3480000	3490000	20.31102749969962	3485000
chr13	3490000	3500000	15.033901019288926	3495000
chr13	3500000	3510000	15.049985044004494	3505000
chr13	3510000	3520000	16.975042244541704	3515000
chr13	3520000	3530000	17.102558586361738	3525000
chr13	3530000	3540000	21.64225702767188	3535000
chr13	3540000	3550000	16.399982521126912	3545000
chr13	3550000	3560000	25.724198169391983	3555000
chr13	3560000	3570000	27.434509356189807	3565000
chr13	3570000	3580000	18.859712350511945	3575000
chr13	3580000	3590000	20.030659078516948	3585000
chr13	3590000	3600000	17.32912252343763	3595000
chr13	3600000	3610000	13.821062077751881	3605000
chr13	3610000	3620000	12.190556334580728	3615000
chr13	3620000	3630000	14.317132068974303	3625000
chr13	3630000	3640000	19.98788691238002	3635000
chr13	3640000	3650000	13.925958821527816	3645000
chr13	3650000	3660000	15.845626645949269	3655000
chr13	3660000	3670000	15.8515663978614	3665000
chr13	3670000	3680000	25.485607985527036	3675000
chr13	3680000	3690000	19.771180154937376	3685000
chr13	3690000	3700000	14.868825217336804	3695000
chr13	3700000	3710000	21.88614520647339	3705000
chr13	3710000	3720000	19.19194420904842	3715000
chr13	3720000	3730000	19.59316416600275	3725000
chr13	3730000	3740000	19.051790837688607	3735000
chr13	3740000	3750000	17.553842043782936	3745000
chr13	3750000	3760000	29.415145348363048	3755000
chr13	3760000	3770000	23.2875803913292	3765000
chr13	3770000	3780000	20.670172300636324	3775000
chr13	3780000	3790000	21.671917829772994	3785000
chr13	3790000	3800000	29.745881013795017	3795000
chr13	3800000	3810000	30.08823697051556	3805000
chr13	3810000	3820000	24.535836542486933	3815000
chr13	3820000	3830000	28.934624874579875	3825000
chr13	3830000	3840000	22.745109424375126	3835000
chr13	3840000	3850000	20.883323202692825	3845000
chr13	3850000	3860000	41.62041983254921	3855000
chr13	3860000	3870000	21.080994229321075	3865000
chr13	3870000	3880000	23.365055426281458	3875000
chr13	3880000	3890000	20.108509226066534	3885000
chr13	3890000	3900000	13.210677511948155	3895000
chr13	3900000	3910000	14.107572738262535	3905000
chr13	3910000	3920000	25.638348913570454	3915000
chr13	3920000	3930000	14.933046705731877	3925000
chr13	3930000	3940000	8.38803098385867	3935000
chr13	3940000	3950000	12.977454045236032	3945000
chr13	3950000	3960000	7.059215007162026	3955000
chr13	3960000	3970000	6.015414557381181	3965000
chr13	3970000	3980000	5.7146921850186265	3975000
chr13	3980000	3990000	7.399002229970035	3985000
chr13	3990000	4000000	6.487726044874678	3995000
chr13	4000000	4010000	8.047107057705345	4005000
chr13	4010000	4020000	6.849798937624529	4015000
chr13	4020000	4030000	7.949582710024833	4025000
chr13	4030000	4040000	8.74256637669618	4035000
chr13	4040000	4050000	7.593848483248878	4045000
chr13	4050000	4060000	7.3800928459846205	4055000
chr13	4060000	4070000	10.408159209671366	4065000
chr13	4070000	4080000	8.58518272489157	4075000
chr13	4080000	4090000	13.047117439213435	4085000
chr13	4090000	4100000	15.49492901135949	4095000
chr13	4100000	4110000	11.141762727185695	4105000
chr13	4110000	4120000	13.849670948433367	4115000
chr13	4120000	4130000	14.839660579696393	4125000
chr13	4130000	4140000	17.65824072333204	4135000
chr13	4140000	4150000	17.039826816358335	4145000
chr13	4150000	4160000	21.992827282214925	4155000
chr13	4160000	4170000	18.372328484755826	4165000
chr13	4170000	4180000	16.541140298944857	4175000
chr13	4180000	4190000	16.344500125059536	4185000
chr13	4190000	4200000	11.467703893587409	4195000
chr13	4200000	4210000	12.37066737349607	4205000
chr13	4210000	4220000	35.474857831244876	4215000
chr13	4220000	4230000	12.754796539491458	4225000
chr13	4230000	4240000	10.976154050569294	4235000
chr13	4240000	4250000	10.632144400207824	4245000
chr13	4250000	4260000	11.563759033373021	4255000
chr13	4260000	4270000	25.218876533967233	4265000
chr13	4270000	4280000	9.632748660881727	4275000
chr13	4280000	4290000	13.918717939721322	4285000
chr13	4290000	4300000	6.951113243609404	4295000
chr13	4300000	4310000	6.273572017314046	4305000
chr13	4310000	4320000	6.901278340978928	4315000
chr13	4320000	4330000	11.376520243400035	4325000
chr13	4330000	4340000	7.416043344495928	4335000
chr13	4340000	4350000	9.35756056535981	4345000
chr13	4350000	4360000	7.408513112520476	4355000
chr13	4360000	4370000	7.369853121877081	4365000
chr13	4370000	4380000	10.117908617974406	4375000
chr13	4380000	4390000	11.007024304565993	4385000
chr13	4390000	4400000	8.63692518946746	4395000
chr13	4400000	4410000	11.716331322568779	4405000
chr13	4410000	4420000	7.568972947917175	4415000
chr13	4420000	4430000	8.50546994118216	4425000
chr13	4430000	4440000	11.878915613403578	4435000
chr13	4440000	4450000	8.888230386481286	4445000
chr13	4450000	4460000	10.792185304871065	4455000
chr13	4460000	4470000	8.657692821856926	4465000
chr13	4470000	4480000	9.876325913321374	4475000
chr13	4480000	4490000	10.00472789682188	4485000
chr13	4490000	4500000	14.467378604845013	4495000
chr13	4500000	4510000	15.569023788145996	4505000
chr13	4510000	4520000	19.545438030291884	4515000
chr13	4520000	4530000	13.271113570898017	4525000
chr13	4530000	4540000	11.334135367594573	4535000
chr13	4540000	4550000	8.119449983209867	4545000
chr13	4550000	4560000	7.908393755775442	4555000
chr13	4560000	4570000	13.23562567430749	4565000
chr13	4570000	4580000	8.729311056256229	4575000
chr13	4580000	4590000	11.260055114779728	4585000
chr13	4590000	4600000	11.570328810674399	4595000
chr13	4600000	4610000	6.417020570671245	4605000
chr13	4610000	4620000	13.358055316119874	4615000
chr13	4620000	4630000	17.945120328156392	4625000
chr13	4630000	4640000	15.752129290701651	4635000
chr13	4640000	4650000	7.998706178097076	4645000
chr13	4650000	4660000	11.574747798222823	4655000
chr13	4660000	4670000	9.218142744228729	4665000
chr13	4670000	4680000	9.267004299403741	4675000
chr13	4680000	4690000	16.862483067276013	4685000
chr13	4690000	4700000	12.347341189243856	4695000
chr13	4700000	4710000	6.021445683448429	4705000
chr13	4710000	4720000	15.89086218162553	4715000
chr13	4720000	4730000	31.384187244032958	4725000
chr13	4730000	4740000	21.008441655052927	4735000
chr13	4740000	4750000	40.21985539143321	4745000
chr13	4750000	4760000	79.43798226460736	4755000
chr13	4760000	4770000	87.11852452673156	4765000
chr13	4770000	4780000	44.04571635818018	4775000
chr13	4780000	4790000	43.59635095667172	4785000
chr13	4790000	4800000	36.60620478193093	4795000
chr13	4800000	4810000	7.938753359695503	4805000
chr13	4810000	4820000	10.177616256483468	4815000
chr13	4820000	4830000	12.68913295565524	4825000
chr13	4830000	4840000	13.367761567974298	4835000
chr13	4840000	4850000	14.158170471681515	4845000
chr13	4850000	4860000	9.970646314679477	4855000
chr13	4860000	4870000	10.033678240713652	4865000
chr13	4870000	4880000	6.664300326167525	4875000
chr13	4880000	4890000	5.734958073014752	4885000
chr13	4890000	4900000	5.860814398097788	4895000
chr13	4900000	4910000	7.392044386161801	4905000
chr13	4910000	4920000	9.143936373814482	4915000
chr13	4920000	4930000	14.945107447542643	4925000
chr13	4930000	4940000	5.901466974559375	4935000
chr13	4940000	4950000	7.642062558815177	4945000
chr13	4950000	4960000	7.758426354345943	4955000
chr13	4960000	4970000	8.791883927531371	4965000
chr13	4970000	4980000	11.581813390049168	4975000
chr13	4980000	4990000	13.650399664834003	4985000
chr13	4990000	5000000	13.98290454559896	4995000
chr13	5000000	5010000	13.600189610620971	5005000
chr13	5010000	5020000	13.617371865952542	5015000
chr13	5020000	5030000	11.174213093889254	5025000
chr13	5030000	5040000	9.665297515420763	5035000
chr13	5040000	5050000	6.715325764348922	5045000
chr13	5050000	5060000	7.2890151956628815	5055000
chr13	5060000	5070000	8.590080125263322	5065000
chr13	5070000	5080000	9.000402266165034	5075000
chr13	5080000	5090000	5.8599422435186375	5085000
chr13	5090000	5100000	5.759594377919566	5095000
chr13	5100000	5110000	6.966185372702994	5105000
chr13	5110000	5120000	3.512680418126395	5115000
chr13	5120000	5130000	5.288130723827448	5125000
chr13	5130000	5140000	7.853893033040608	5135000
chr13	5140000	5150000	11.786733303861611	5145000
chr13	5150000	5160000	7.057684332004679	5155000
chr13	5160000	5170000	4.143000432177018	5165000
chr13	5170000	5180000	3.1699836466528137	5175000
chr13	5180000	5190000	3.6147289980678523	5185000
chr13	5190000	5200000	4.746026677624437	5195000
chr13	5200000	5210000	5.7033517967422425	5205000
chr13	5210000	5220000	4.085574846926601	5215000
chr13	5220000	5230000	4.716057579572054	5225000
chr13	5230000	5240000	9.867374865464344	5235000
chr13	5240000	5250000	4.995390832720316	5245000
chr13	5250000	5260000	4.387663841640388	5255000
chr13	5260000	5270000	6.730363516193168	5265000
chr13	5270000	5280000	7.969979370630834	5275000
chr13	5280000	5290000	7.240015412564874	5285000
chr13	5290000	5300000	6.3342234401460376	5295000
chr13	5300000	5310000	9.705516984577999	5305000
chr13	5310000	5320000	11.08148187962258	5315000
chr13	5320000	5330000	7.738717445200112	5325000
chr13	5330000	5340000	8.676498600054181	5335000
chr13	5340000	5350000	3.779692437619405	5345000
chr13	5350000	5360000	4.135983427438993	5355000
chr13	5360000	5370000	5.858189061188955	5365000
chr13	5370000	5380000	6.445810595769006	5375000
chr13	5380000	5390000	9.570600155668862	5385000
chr13	5390000	5400000	7.924042345373021	5395000
chr13	5400000	5410000	7.0754054578189916	5405000
chr13	5410000	5420000	6.896259491553477	5415000
chr13	5420000	5430000	7.479043465479878	5425000
chr13	5430000	5440000	9.475146119534088	5435000
chr13	5440000	5450000	10.004187226283415	5445000
chr13	5450000	5460000	8.452431888373823	5455000
chr13	5460000	5470000	7.448203012838744	5465000
chr13	5470000	5480000	8.364215460020306	5475000
chr13	5480000	5490000	8.75510116610741	5485000
chr13	5490000	5500000	7.99179676587851	5495000
chr13	5500000	5510000	10.226854491032357	5505000
chr13	5510000	5520000	12.030852514753352	5515000
chr13	5520000	5530000	9.811321334833908	5525000
chr13	5530000	5540000	6.567649879190627	5535000
chr13	5540000	5550000	7.754710735884253	5545000
chr13	5550000	5560000	10.484118011639861	5555000
chr13	5560000	5570000	8.773461560622826	5565000
chr13	5570000	5580000	8.853041062292373	5575000
chr13	5580000	5590000	7.266961046250364	5585000
chr13	5590000	5600000	7.513211777947689	5595000
chr13	5600000	5610000	17.142285177105215	5605000
chr13	5610000	5620000	18.907944872654372	5615000
chr13	5620000	5630000	12.418040585386859	5625000
chr13	5630000	5640000	12.939270986485859	5635000
chr13	5640000	5650000	14.869507379546157	5645000
chr13	5650000	5660000	15.390409727340248	5655000
chr13	5660000	5670000	14.990798553601572	5665000
chr13	5670000	5680000	11.01120068996777	5675000
chr13	5680000	5690000	15.89297493740497	5685000
chr13	5690000	5700000	16.260987951323678	5695000
chr13	5700000	5710000	18.3859232821431	5705000
chr13	5710000	5720000	23.17661780433998	5715000
chr13	5720000	5730000	23.43172694543835	5725000
chr13	5730000	5740000	16.109252243254787	5735000
chr13	5740000	5750000	23.50092425309001	5745000
chr13	5750000	5760000	18.951176980657007	5755000
chr13	5760000	5770000	17.762420475795754	5765000
chr13	5770000	5780000	18.29139453410859	5775000
chr13	5780000	5790000	25.586378673776366	5785000
chr13	5790000	5800000	16.30402768809429	5795000
chr13	5800000	5810000	19.955487266304726	5805000
chr13	5810000	5820000	19.633845186250447	5815000
chr13	5820000	5830000	13.475207455800353	5825000
chr13	5830000	5840000	13.95423017940292	5835000
chr13	5840000	5850000	11.293623939184675	5845000
chr13	5850000	5860000	11.15484447042232	5855000
chr13	5860000	5870000	12.816166230624814	5865000
chr13	5870000	5880000	19.305966147650008	5875000
chr13	5880000	5890000	15.670687026831388	5885000
chr13	5890000	5900000	14.04001912299928	5895000
chr13	5900000	5910000	20.263503387916856	5905000
chr13	5910000	5920000	16.75322027189614	5915000
chr13	5920000	5930000	26.89536271586334	5925000
chr13	5930000	5940000	28.23986193422775	5935000
chr13	5940000	5950000	25.137718458564702	5945000
chr13	5950000	5960000	30.07988880290254	5955000
chr13	5960000	5970000	24.512653698743936	5965000
chr13	5970000	5980000	22.09735479987358	5975000
chr13	5980000	5990000	15.097205573234955	5985000
chr13	5990000	6000000	27.660466259741586	5995000
chr13	6000000	6010000	32.07697437842564	6005000
chr13	6010000	6020000	16.572181323355313	6015000
chr13	6020000	6030000	12.011079705340569	6025000
chr13	6030000	6040000	12.35516390648762	6035000
chr13	6040000	6050000	13.440331819508678	6045000
chr13	6050000	6060000	17.599757956456273	6055000
chr13	6060000	6070000	18.567506444859912	6065000
chr13	6070000	6080000	11.91835274678527	6075000
chr13	6080000	6090000	20.032639998206193	6085000
chr13	6090000	6100000	18.651042512437904	6095000
chr13	6100000	6110000	23.662372879996163	6105000
chr13	6110000	6120000	25.207297027560948	6115000
chr13	6120000	6130000	20.399338152267354	6125000
chr13	6130000	6140000	25.138858870555502	6135000
chr13	6140000	6150000	15.126655947063272	6145000
chr13	6150000	6160000	22.140205956479754	6155000
chr13	6160000	6170000	19.034887332959833	6165000
chr13	6170000	6180000	25.366384313066494	6175000
chr13	6180000	6190000	28.53153603716471	6185000
chr13	6190000	6200000	41.62565828953106	6195000
chr13	6200000	6210000	33.58986018950788	6205000
chr13	6210000	6220000	24.387399188589843	6215000
chr13	6220000	6230000	24.433340252051796	6225000
chr13	6230000	6240000	26.597583516546603	6235000
chr13	6240000	6250000	21.50613712513523	6245000
chr13	6250000	6260000	11.629164759725846	6255000
chr13	6260000	6270000	14.837050064248135	6265000
chr13	6270000	6280000	17.45254182224405	6275000
chr13	6280000	6290000	24.13359747721459	6285000
chr13	6290000	6300000	21.449621446974977	6295000
chr13	6300000	6310000	21.375765266866605	6305000
chr13	6310000	6320000	16.25399339260896	6315000
chr13	6320000	6330000	27.897441054969846	6325000
chr13	6330000	6340000	35.70941977038056	6335000
chr13	6340000	6350000	45.04958060562364	6345000
chr13	6350000	6360000	34.32572928006483	6355000
chr13	6360000	6370000	32.04073499970747	6365000
chr13	6370000	6380000	33.17598874891409	6375000
chr13	6380000	6390000	31.971961534051722	6385000
chr13	6390000	6400000	10.198912319619925	6395000
chr13	6400000	6410000	13.42862677978296	6405000
chr13	6410000	6420000	20.093008035569913	6415000
chr13	6420000	6430000	33.39257982407317	6425000
chr13	6430000	6440000	23.815739268374546	6435000
chr13	6440000	6450000	34.57216880115831	6445000
chr13	6450000	6460000	21.582696782225998	6455000
chr13	6460000	6470000	22.9859774071512	6465000
chr13	6470000	6480000	18.0655263069086	6475000
chr13	6480000	6490000	17.733903915404262	6485000
chr13	6490000	6500000	19.567354745093777	6495000
chr13	6500000	6510000	20.508072023927046	6505000
chr13	6510000	6520000	19.00792483796017	6515000
chr13	6520000	6530000	14.610242165426747	6525000
chr13	6530000	6540000	15.38410764928682	6535000
chr13	6540000	6550000	26.40723205625049	6545000
chr13	6550000	6560000	20.995887602778694	6555000
chr13	6560000	6570000	15.701649388751859	6565000
chr13	6570000	6580000	19.98289702105311	6575000
chr13	6580000	6590000	12.520999246214245	6585000
chr13	6590000	6600000	16.816358298874817	6595000
chr13	6600000	6610000	11.572223789655222	6605000
chr13	6610000	6620000	13.816698414996273	6615000
chr13	6620000	6630000	10.491663395530425	6625000
chr13	6630000	6640000	14.323907319631822	6635000
chr13	6640000	6650000	16.979217999740207	6645000
chr13	6650000	6660000	23.08223368742274	6655000
chr13	6660000	6670000	14.28057581373909	6665000
chr13	6670000	6680000	14.506784427584586	6675000
chr13	6680000	6690000	14.66539000394829	6685000
chr13	6690000	6700000	15.096901985674112	6695000
chr13	6700000	6710000	15.765420076955827	6705000
chr13	6710000	6720000	16.94308100995422	6715000
chr13	6720000	6730000	18.827987234472914	6725000
chr13	6730000	6740000	14.435233439125518	6735000
chr13	6740000	6750000	16.149285075551298	6745000
chr13	6750000	6760000	14.873084726730257	6755000
chr13	6760000	6770000	16.162027225869956	6765000
chr13	6770000	6780000	15.597598185254355	6775000
chr13	6780000	6790000	15.572416765735772	6785000
chr13	6790000	6800000	19.851284200527388	6795000
chr13	6800000	6810000	23.469286881991067	6805000
chr13	6810000	6820000	12.356262981607014	6815000
chr13	6820000	6830000	17.297120895766927	6825000
chr13	6830000	6840000	17.848424107058733	6835000
chr13	6840000	6850000	15.45036314788193	6845000
chr13	6850000	6860000	28.967922015930764	6855000
chr13	6860000	6870000	20.218619130882235	6865000
chr13	6870000	6880000	22.616655939558736	6875000
chr13	6880000	6890000	19.55281774088711	6885000
chr13	6890000	6900000	18.11471365774702	6895000
chr13	6900000	6910000	18.29495564759568	6905000
chr13	6910000	6920000	14.454476489931304	6915000
chr13	6920000	6930000	18.686235241608262	6925000
chr13	6930000	6940000	15.27182920784539	6935000
chr13	6940000	6950000	18.17849258621037	6945000
chr13	6950000	6960000	13.740233946659501	6955000
chr13	6960000	6970000	12.610254840168958	6965000
chr13	6970000	6980000	12.397184074864802	6975000
chr13	6980000	6990000	16.295169904540515	6985000
chr13	6990000	7000000	15.123026048034923	6995000
chr13	7000000	7010000	11.558127650799618	7005000
chr13	7010000	7020000	11.647112249191002	7015000
chr13	7020000	7030000	10.748509732520754	7025000
chr13	7030000	7040000	11.983909640795252	7035000
chr13	7040000	7050000	11.88160615543333	7045000
chr13	7050000	7060000	10.378123225002033	7055000
chr13	7060000	7070000	15.029243948624613	7065000
chr13	7070000	7080000	11.506997027252675	7075000
chr13	7080000	7090000	13.246021709671375	7085000
chr13	7090000	7100000	13.824745302087702	7095000
chr13	7100000	7110000	7.393269388045142	7105000
chr13	7110000	7120000	9.175954771018322	7115000
chr13	7120000	7130000	12.553605666108275	7125000
chr13	7130000	7140000	11.044137462487727	7135000
chr13	7140000	7150000	16.187361184029214	7145000
chr13	7150000	7160000	19.58273822154532	7155000
chr13	7160000	7170000	16.98068789280084	7165000
chr13	7170000	7180000	10.040196904803611	7175000
chr13	7180000	7190000	11.891275517525685	7185000
chr13	7190000	7200000	13.15727087975299	7195000
chr13	7200000	7210000	30.89776638869319	7205000
chr13	7210000	7220000	18.722820186122302	7215000
chr13	7220000	7230000	22.126318239045244	7225000
chr13	7230000	7240000	16.62413844342448	7235000
chr13	7240000	7250000	14.700112883938973	7245000
chr13	7250000	7260000	15.89569097736505	7255000
chr13	7260000	7270000	12.616476187170315	7265000
chr13	7270000	7280000	14.00866821189104	7275000
chr13	7280000	7290000	15.722504938877805	7285000
chr13	7290000	7300000	16.076509839831765	7295000
chr13	7300000	7310000	11.885632155658083	7305000
chr13	7310000	7320000	9.898608039673212	7315000
chr13	7320000	7330000	19.692790372151048	7325000
chr13	7330000	7340000	13.291173763953813	7335000
chr13	7340000	7350000	8.067976489581048	7345000
chr13	7350000	7360000	4.967873097099393	7355000
chr13	7360000	7370000	10.738620273646152	7365000
chr13	7370000	7380000	9.007081195517845	7375000
chr13	7380000	7390000	11.135910547278229	7385000
chr13	7390000	7400000	14.38474882314121	7395000
chr13	7400000	7410000	8.824526378095149	7405000
chr13	7410000	7420000	16.011398880600307	7415000
chr13	7420000	7430000	12.986145701958284	7425000
chr13	7430000	7440000	9.44212788802069	7435000
chr13	7440000	7450000	20.004659846193267	7445000
chr13	7450000	7460000	11.891357639592979	7455000
chr13	7460000	7470000	8.944830152778088	7465000
chr13	7470000	7480000	10.118032049248383	7475000
chr13	7480000	7490000	13.542846608231848	7485000
chr13	7490000	7500000	10.791970429918504	7495000
chr13	7500000	7510000	7.169652704034087	7505000
chr13	7510000	7520000	9.73232285233774	7515000
chr13	7520000	7530000	10.889126426095887	7525000
chr13	7530000	7540000	9.161605117137713	7535000
chr13	7540000	7550000	13.720881696369773	7545000
chr13	7550000	7560000	11.845083495547906	7555000
chr13	7560000	7570000	15.797927527042932	7565000
chr13	7570000	7580000	15.905640492521728	7575000
chr13	7580000	7590000	12.647539506119099	7585000
chr13	7590000	7600000	8.330720737062627	7595000
chr13	7600000	7610000	10.292256291152157	7605000
chr13	7610000	7620000	13.332034973265548	7615000
chr13	7620000	7630000	9.182218393374155	7625000
chr13	7630000	7640000	14.02364639792942	7635000
chr13	7640000	7650000	7.873708791752183	7645000
chr13	7650000	7660000	8.764599627661116	7655000
chr13	7660000	7670000	13.294297742134678	7665000
chr13	7670000	7680000	11.627338817399094	7675000
chr13	7680000	7690000	15.7531841266371	7685000
chr13	7690000	7700000	18.870202510749245	7695000
chr13	7700000	7710000	11.82761682450909	7705000
chr13	7710000	7720000	11.45786216195747	7715000
chr13	7720000	7730000	13.492971831254321	7725000
chr13	7730000	7740000	14.794325468583827	7735000
chr13	7740000	7750000	14.120552947718817	7745000
chr13	7750000	7760000	12.988788171730874	7755000
chr13	7760000	7770000	10.419040364121065	7765000
chr13	7770000	7780000	13.912467712565688	7775000
chr13	7780000	7790000	12.498265785095793	7785000
chr13	7790000	7800000	11.386269757766305	7795000
chr13	7800000	7810000	8.724967214201124	7805000
chr13	7810000	7820000	8.74955919933577	7815000
chr13	7820000	7830000	15.36144360598053	7825000
chr13	7830000	7840000	14.112309084142723	7835000
chr13	7840000	7850000	8.483069984423027	7845000
chr13	7850000	7860000	6.5820129854580385	7855000
chr13	7860000	7870000	8.402326080274092	7865000
chr13	7870000	7880000	9.992726289350255	7875000
chr13	7880000	7890000	7.335887926654922	7885000
chr13	7890000	7900000	5.217587084356248	7895000
chr13	7900000	7910000	11.901211952762964	7905000
chr13	7910000	7920000	26.89756963470487	7915000
chr13	7920000	7930000	4.462120876865331	7925000
chr13	7930000	7940000	5.465834544118039	7935000
chr13	7940000	7950000	14.17481355435668	7945000
chr13	7950000	7960000	15.189410803884677	7955000
chr13	7960000	7970000	6.80661866694811	7965000
chr13	7970000	7980000	16.81561526214078	7975000
chr13	7980000	7990000	9.138132307169679	7985000
chr13	7990000	8000000	12.813312138982946	7995000
chr13	8000000	8010000	9.260688933234565	8005000
chr13	8010000	8020000	5.787344342438326	8015000
chr13	8020000	8030000	7.90697849216088	8025000
chr13	8030000	8040000	11.790132813953427	8035000
chr13	8040000	8050000	6.997922435998544	8045000
chr13	8050000	8060000	9.108830698449747	8055000
chr13	8060000	8070000	6.4469268539444995	8065000
chr13	8070000	8080000	7.2065527605616015	8075000
chr13	8080000	8090000	8.547105833631246	8085000
chr13	8090000	8100000	13.127361262621019	8095000
chr13	8100000	8110000	12.906688255858516	8105000
chr13	8110000	8120000	14.635417114808359	8115000
chr13	8120000	8130000	22.233821577294464	8125000
chr13	8130000	8140000	7.437412232030035	8135000
chr13	8140000	8150000	9.024069545050768	8145000
chr13	8150000	8160000	17.316271522022237	8155000
chr13	8160000	8170000	19.02549379363701	8165000
chr13	8170000	8180000	16.967641983746137	8175000
chr13	8180000	8190000	18.119327595976674	8185000
chr13	8190000	8200000	18.201411840464672	8195000
chr13	8200000	8210000	18.173946708014398	8205000
chr13	8210000	8220000	13.457465144327216	8215000
chr13	8220000	8230000	13.3252494979368	8225000
chr13	8230000	8240000	19.35234826302091	8235000
chr13	8240000	8250000	9.414964954966086	8245000
chr13	8250000	8260000	13.087207995497936	8255000
chr13	8260000	8270000	25.427025192423333	8265000
chr13	8270000	8280000	7.015230407161929	8275000
chr13	8280000	8290000	6.389545727761834	8285000
chr13	8290000	8300000	12.160323687094877	8295000
chr13	8300000	8310000	9.133430328006247	8305000
chr13	8310000	8320000	6.687655303755418	8315000
chr13	8320000	8330000	5.573845571777131	8325000
chr13	8330000	8340000	23.13575398066121	8335000
chr13	8340000	8350000	12.849225040446777	8345000
chr13	8350000	8360000	10.306203573602028	8355000
chr13	8360000	8370000	14.421518832215284	8365000
chr13	8370000	8380000	16.69481309559159	8375000
chr13	8380000	8390000	15.878914869850648	8385000
chr13	8390000	8400000	14.177577460720137	8395000
chr13	8400000	8410000	12.506639885751223	8405000
chr13	8410000	8420000	14.187578283280166	8415000
chr13	8420000	8430000	13.102306696065146	8425000
chr13	8430000	8440000	11.4050390218685	8435000
chr13	8440000	8450000	10.280766485369828	8445000
chr13	8450000	8460000	9.432056528622342	8455000
chr13	8460000	8470000	7.283690382421121	8465000
chr13	8470000	8480000	5.93570767635114	8475000
chr13	8480000	8490000	8.613056721972388	8485000
chr13	8490000	8500000	9.16388157679483	8495000
chr13	8500000	8510000	8.166374685057605	8505000
chr13	8510000	8520000	16.18867961745933	8515000
chr13	8520000	8530000	12.669681840165671	8525000
chr13	8530000	8540000	11.552735697209522	8535000
chr13	8540000	8550000	15.584394123083529	8545000
chr13	8550000	8560000	16.922927044384306	8555000
chr13	8560000	8570000	13.412553073583268	8565000
chr13	8570000	8580000	19.35684701723908	8575000
chr13	8580000	8590000	8.384761485180697	8585000
chr13	8590000	8600000	9.533960503937669	8595000
chr13	8600000	8610000	17.373564336348217	8605000
chr13	8610000	8620000	15.921899919947835	8615000
chr13	8620000	8630000	16.943683078354322	8625000
chr13	8630000	8640000	6.689271825892489	8635000
chr13	8640000	8650000	14.16763643585845	8645000
chr13	8650000	8660000	9.162008231383826	8655000
chr13	8660000	8670000	11.749939113167569	8665000
chr13	8670000	8680000	12.54723857229225	8675000
chr13	8680000	8690000	21.75553329369018	8685000
chr13	8690000	8700000	19.00688545310385	8695000
chr13	8700000	8710000	16.13899974559907	8705000
chr13	8710000	8720000	4.305290179899949	8715000
chr13	8720000	8730000	5.126694488489599	8725000
chr13	8730000	8740000	3.88873744189099	8735000
chr13	8740000	8750000	4.908618855548736	8745000
chr13	8750000	8760000	3.6690604939066125	8755000
chr13	8760000	8770000	5.120533318251501	8765000
chr13	8770000	8780000	1.7133481128334032	8775000
chr13	8780000	8790000	1.652262669878873	8785000
chr13	8790000	8800000	2.482111818108211	8795000
chr13	8800000	8810000	10.405067291518312	8805000
chr13	8810000	8820000	4.452107538962832	8815000
chr13	8820000	8830000	8.123404762429317	8825000
chr13	8830000	8840000	3.4986416002131135	8835000
chr13	8840000	8850000	9.358573019938552	8845000
chr13	8850000	8860000	21.115860392194126	8855000
chr13	8860000	8870000	15.388085294310157	8865000
chr13	8870000	8880000	13.799995352811028	8875000
chr13	8880000	8890000	7.747725626735858	8885000
chr13	8890000	8900000	10.206419078158223	8895000
chr13	8900000	8910000	5.718430046206629	8905000
chr13	8910000	8920000	7.0822540765527116	8915000
chr13	8920000	8930000	7.549487690131016	8925000
chr13	8930000	8940000	13.197926837042989	8935000
chr13	8940000	8950000	15.148942174627859	8945000
chr13	8950000	8960000	14.975056847886107	8955000
chr13	8960000	8970000	14.953233230257172	8965000
chr13	8970000	8980000	12.88761528708	8975000
chr13	8980000	8990000	10.482536592994318	8985000
chr13	8990000	9000000	16.169302196908205	8995000
chr13	9000000	9010000	10.396396948837605	9005000
chr13	9010000	9020000	12.6194669421707	9015000
chr13	9020000	9030000	16.047074530818243	9025000
chr13	9030000	9040000	8.9781496560634	9035000
chr13	9040000	9050000	11.310194936456133	9045000
chr13	9050000	9060000	8.481307700295737	9055000
chr13	9060000	9070000	8.67156424777831	9065000
chr13	9070000	9080000	10.26645927624934	9075000
chr13	9080000	9090000	13.994636097919336	9085000
chr13	9090000	9100000	14.460903167321733	9095000
chr13	9100000	9110000	12.417911436841413	9105000
chr13	9110000	9120000	8.589509152861334	9115000
chr13	9120000	9130000	13.307554033811538	9125000
chr13	9130000	9140000	11.2297968834972	9135000
chr13	9140000	9150000	18.576444532811824	9145000
chr13	9150000	9160000	14.887029681204178	9155000
chr13	9160000	9170000	15.801127346981948	9165000
chr13	9170000	9180000	11.20553398312445	9175000
chr13	9180000	9190000	5.236115856089016	9185000
chr13	9190000	9200000	4.9358607558172025	9195000
chr13	9200000	9210000	4.5320787157412985	9205000
chr13	9210000	9220000	3.480535002531535	9215000
chr13	9220000	9230000	2.745353336819194	9225000
chr13	9230000	9240000	2.933337414273946	9235000
chr13	9240000	9250000	4.463667787647505	9245000
chr13	9250000	9260000	3.6202170884528604	9255000
chr13	9260000	9270000	3.743813159104541	9265000
chr13	9270000	9280000	10.99945643334158	9275000
chr13	9280000	9290000	3.8907169977965848	9285000
chr13	9290000	9300000	6.75007609894414	9295000
chr13	9300000	9310000	8.040911625351669	9305000
chr13	9310000	9320000	6.445076565914327	9315000
chr13	9320000	9330000	6.141934367021793	9325000
chr13	9330000	9340000	6.8739933944089	9335000
chr13	9340000	9350000	6.615511052948923	9345000
chr13	9350000	9360000	6.552700379981382	9355000
chr13	9360000	9370000	6.8151747588099	9365000
chr13	9370000	9380000	6.240549184751527	9375000
chr13	9380000	9390000	7.625773957369133	9385000
chr13	9390000	9400000	6.031491947947623	9395000
chr13	9400000	9410000	7.471437856839695	9405000
chr13	9410000	9420000	6.823015966300962	9415000
chr13	9420000	9430000	4.858458186809925	9425000
chr13	9430000	9440000	6.144435268996741	9435000
chr13	9440000	9450000	4.434753781672002	9445000
chr13	9450000	9460000	7.941245309551758	9455000
chr13	9460000	9470000	4.0501577462579315	9465000
chr13	9470000	9480000	2.4172450593125663	9475000
chr13	9480000	9490000	1.1293449810279867	9485000
chr13	9490000	9500000	2.1861600213926895	9495000
chr13	9500000	9510000	2.045324889634378	9505000
chr13	9510000	9520000	1.9492755199358778	9515000
chr13	9520000	9530000	3.5197401136900837	9525000
chr13	9530000	9540000	1.8560352745997728	9535000
chr13	9540000	9550000	1.2183013275167758	9545000
chr13	9550000	9560000	1.8565496142871483	9555000
chr13	9560000	9570000	4.338334235353729	9565000
chr13	9570000	9580000	7.594613459011456	9575000
chr13	9580000	9590000	2.618367301861152	9585000
chr13	9590000	9600000	3.0921463097596202	9595000
chr13	9600000	9610000	3.3413197231212086	9605000
chr13	9610000	9620000	2.8306405957324805	9615000
chr13	9620000	9630000	1.985149154678283	9625000
chr13	9630000	9640000	1.3731259915516305	9635000
chr13	9640000	9650000	1.7089127829004316	9645000
chr13	9650000	9660000	2.7361869266837204	9655000
chr13	9660000	9670000	4.36851770422166	9665000
chr13	9670000	9680000	5.471663321131851	9675000
chr13	9680000	9690000	6.917164173389239	9685000
chr13	9690000	9700000	6.638011904312386	9695000
chr13	9700000	9710000	4.607002535530423	9705000
chr13	9710000	9720000	3.2510568362389636	9715000
chr13	9720000	9730000	8.49253423749803	9725000
chr13	9730000	9740000	5.467256528163628	9735000
chr13	9740000	9750000	5.119538700716043	9745000
chr13	9750000	9760000	2.829817285002263	9755000
chr13	9760000	9770000	2.5110312474312773	9765000
chr13	9770000	9780000	6.764693498730419	9775000
chr13	9780000	9790000	8.628219530185248	9785000
chr13	9790000	9800000	12.005998686680575	9795000
chr13	9800000	9810000	13.300996049281638	9805000
chr13	9810000	9820000	10.668337797081413	9815000
chr13	9820000	9830000	8.386461405974497	9825000
chr13	9830000	9840000	9.936914056212052	9835000
chr13	9840000	9850000	6.797962494939916	9845000
chr13	9850000	9860000	7.8082637906338155	9855000
chr13	9860000	9870000	5.221877035051756	9865000
chr13	9870000	9880000	6.125320517857273	9875000
chr13	9880000	9890000	1.6708498605883144	9885000
chr13	9890000	9900000	11.94657231341259	9895000
chr13	9900000	9910000	3.845677865807658	9905000
chr13	9910000	9920000	3.3706570938853577	9915000
chr13	9920000	9930000	4.533397519604913	9925000
chr13	9930000	9940000	5.8101106536202565	9935000
chr13	9940000	9950000	7.618224158885596	9945000
chr13	9950000	9960000	6.987302141814812	9955000
chr13	9960000	9970000	7.7609119244453	9965000
chr13	9970000	9980000	8.732058901801937	9975000
chr13	9980000	9990000	8.14058919076005	9985000
chr13	9990000	10000000	5.938000365877865	9995000
chr13	10000000	10010000	4.595860490289667	10005000
chr13	10010000	10020000	14.268344119123194	10015000
chr13	10020000	10030000	4.926579909034513	10025000
chr13	10030000	10040000	5.947647846657509	10035000
chr13	10040000	10050000	10.793479798660538	10045000
chr13	10050000	10060000	11.056057927760307	10055000
chr13	10060000	10070000	9.971493548185617	10065000
chr13	10070000	10080000	4.251501003730432	10075000
chr13	10080000	10090000	2.788987419584989	10085000
chr13	10090000	10100000	2.340502264444635	10095000
chr13	10100000	10110000	2.368491408768268	10105000
chr13	10110000	10120000	6.048855654356002	10115000
chr13	10120000	10130000	1.8417941588262334	10125000
chr13	10130000	10140000	1.7416980085141198	10135000
chr13	10140000	10150000	3.255686446895346	10145000
chr13	10150000	10160000	1.1658434702325593	10155000
chr13	10160000	10170000	0.9410955663897416	10165000
chr13	10170000	10180000	2.689876394938477	10175000
chr13	10180000	10190000	3.4396548074869493	10185000
chr13	10190000	10200000	8.286434523633789	10195000
chr13	10200000	10210000	2.0848583389504785	10205000
chr13	10210000	10220000	0.8972865415543262	10215000
chr13	10220000	10230000	1.5780462106899127	10225000
chr13	10230000	10240000	6.96761998364962	10235000
chr13	10240000	10250000	8.991677391407647	10245000
chr13	10250000	10260000	3.6302575482387898	10255000
chr13	10260000	10270000	7.310008926751978	10265000
chr13	10270000	10280000	3.1118363297563576	10275000
chr13	10280000	10290000	3.5000031060974073	10285000
chr13	10290000	10300000	7.649953420117474	10295000
chr13	10300000	10310000	11.279515078172864	10305000
chr13	10310000	10320000	2.000640327415879	10315000
chr13	10320000	10330000	0.7941260674479731	10325000
chr13	10330000	10340000	1.1844872294650546	10335000
chr13	10340000	10350000	6.514040569727805	10345000
chr13	10350000	10360000	0.6611317339234941	10355000
chr13	10360000	10370000	0.6159199230507187	10365000
chr13	10370000	10380000	0.8869724672662123	10375000
chr13	10380000	10390000	1.196401202188036	10385000
chr13	10390000	10400000	4.466103236093729	10395000
chr13	10400000	10410000	0.7680726823022913	10405000
chr13	10410000	10420000	0.5976785307611072	10415000
chr13	10420000	10430000	0.5745523028801252	10425000
chr13	10430000	10440000	0.5047349441004464	10435000
chr13	10440000	10450000	0.36784196893429044	10445000
chr13	10450000	10460000	0.8209064897992309	10455000
chr13	10460000	10470000	0.8055466589648861	10465000
chr13	10470000	10480000	0.7087147118199628	10475000
chr13	10480000	10490000	0.7068878071386259	10485000
chr13	10490000	10500000	0.591533662406506	10495000
chr13	10500000	10510000	1.0455188608441033	10505000
chr13	10510000	10520000	12.941577938507816	10515000
chr13	10520000	10530000	2.589348450603293	10525000
chr13	10530000	10540000	2.754353039745766	10535000
chr13	10540000	10550000	12.438172114501427	10545000
chr13	10550000	10560000	1.364183290984714	10555000
chr13	10560000	10570000	2.6153649414025777	10565000
chr13	10570000	10580000	9.074738815594507	10575000
chr13	10580000	10590000	3.2406469539188216	10585000
chr13	10590000	10600000	1.9157952920214623	10595000
chr13	10600000	10610000	5.346991540986557	10605000
chr13	10610000	10620000	3.0286389286292628	10615000
chr13	10620000	10630000	1.9869568938740072	10625000
chr13	10630000	10640000	2.541949233861807	10635000
chr13	10640000	10650000	4.417057335524418	10645000
chr13	10650000	10660000	4.174380546140141	10655000
chr13	10660000	10670000	5.726526521121819	10665000
chr13	10670000	10680000	1.447418685968964	10675000
chr13	10680000	10690000	2.6344395377369967	10685000
chr13	10690000	10700000	3.2592392812441	10695000
chr13	10700000	10710000	3.9094364848661685	10705000
chr13	10710000	10720000	2.2233130549697497	10715000
chr13	10720000	10730000	2.4247812307258765	10725000
chr13	10730000	10740000	3.529235521770452	10735000
chr13	10740000	10750000	2.4873844080038796	10745000
chr13	10750000	10760000	2.980894448576675	10755000
chr13	10760000	10770000	3.1294197093750755	10765000
chr13	10770000	10780000	1.4225473506133048	10775000
chr13	10780000	10790000	1.1446283966936093	10785000
chr13	10790000	10800000	1.0397077922916087	10795000
chr13	10800000	10810000	0.8715604790785333	10805000
chr13	10810000	10820000	4.957365508086034	10815000
chr13	10820000	10830000	2.5355581933233	10825000
chr13	10830000	10840000	2.0820957398793007	10835000
chr13	10840000	10850000	2.095780872571688	10845000
chr13	10850000	10860000	1.9563792869488958	10855000
chr13	10860000	10870000	2.326824193396935	10865000
chr13	10870000	10880000	5.644534103652721	10875000
chr13	10880000	10890000	0.8415119642624971	10885000
chr13	10890000	10900000	0.45260570384558213	10895000
chr13	10900000	10910000	2.2657081090006357	10905000
chr13	10910000	10920000	1.5809498456124003	10915000
chr13	10920000	10930000	1.2317189223468885	10925000
chr13	10930000	10940000	1.9964965300543966	10935000
chr13	10940000	10950000	1.3890699318633521	10945000
chr13	10950000	10960000	0.6099611866648074	10955000
chr13	10960000	10970000	1.4182222225920773	10965000
chr13	10970000	10980000	1.7242104142915147	10975000
chr13	10980000	10990000	2.260637477531997	10985000
chr13	10990000	11000000	1.9291261930915324	10995000
chr13	11000000	11010000	1.6118656023442135	11005000
chr13	11010000	11020000	1.5645511907628629	11015000
chr13	11020000	11030000	1.9058319452257553	11025000
chr13	11030000	11040000	2.936170073118693	11035000
chr13	11040000	11050000	6.9955201939009894	11045000
chr13	11050000	11060000	12.716474313444175	11055000
chr13	11060000	11070000	10.785547043105572	11065000
chr13	11070000	11080000	7.598651491904587	11075000
chr13	11080000	11090000	8.295287476536824	11085000
chr13	11090000	11100000	7.843728646967457	11095000
chr13	11100000	11110000	6.405942242768105	11105000
chr13	11110000	11120000	7.2287909461290045	11115000
chr13	11120000	11130000	6.838058791263597	11125000
chr13	11130000	11140000	5.725454141471666	11135000
chr13	11140000	11150000	5.160326725481024	11145000
chr13	11150000	11160000	6.272422659500326	11155000
chr13	11160000	11170000	6.321241501548284	11165000
chr13	11170000	11180000	5.632888237756888	11175000
chr13	11180000	11190000	5.60379445090928	11185000
chr13	11190000	11200000	5.894598345486251	11195000
chr13	11200000	11210000	7.282394175132888	11205000
chr13	11210000	11220000	5.277015667019314	11215000
chr13	11220000	11230000	7.913343377841408	11225000
chr13	11230000	11240000	11.93262905860516	11235000
chr13	11240000	11250000	5.414345757081098	11245000
chr13	11250000	11260000	4.061620081711828	11255000
chr13	11260000	11270000	5.554036860578792	11265000
chr13	11270000	11280000	4.701105551003047	11275000
chr13	11280000	11290000	8.308543616785864	11285000
chr13	11290000	11300000	4.419747474242778	11295000
chr13	11300000	11310000	6.354729245955729	11305000
chr13	11310000	11320000	3.025049176423566	11315000
chr13	11320000	11330000	5.012159860054608	11325000
chr13	11330000	11340000	5.461326704370445	11335000
chr13	11340000	11350000	3.4428540929057556	11345000
chr13	11350000	11360000	4.930870974181903	11355000
chr13	11360000	11370000	6.884244627649677	11365000
chr13	11370000	11380000	11.442325043690898	11375000
chr13	11380000	11390000	4.128382047555223	11385000
chr13	11390000	11400000	7.347620418274891	11395000
chr13	11400000	11410000	6.968433254299515	11405000
chr13	11410000	11420000	11.19849706130655	11415000
chr13	11420000	11430000	6.307825880625997	11425000
chr13	11430000	11440000	6.384181740803037	11435000
chr13	11440000	11450000	11.590783340828422	11445000
chr13	11450000	11460000	7.717204439562722	11455000
chr13	11460000	11470000	8.522873791019514	11465000
chr13	11470000	11480000	9.431659914097663	11475000
chr13	11480000	11490000	5.8577550584886415	11485000
chr13	11490000	11500000	6.11906156695703	11495000
chr13	11500000	11510000	5.88640969185249	11505000
chr13	11510000	11520000	4.791383430016226	11515000
chr13	11520000	11530000	4.478043161147597	11525000
chr13	11530000	11540000	4.1026667189559785	11535000
chr13	11540000	11550000	5.644260793034751	11545000
chr13	11550000	11560000	3.401698620264791	11555000
chr13	11560000	11570000	3.1394846493756825	11565000
chr13	11570000	11580000	2.8260926305372487	11575000
chr13	11580000	11590000	2.4739698233390772	11585000
chr13	11590000	11600000	2.0895668007717223	11595000
chr13	11600000	11610000	1.3019110909307707	11605000
chr13	11610000	11620000	3.986936169990257	11615000
chr13	11620000	11630000	5.217570732606141	11625000
chr13	11630000	11640000	1.7324040908961456	11635000
chr13	11640000	11650000	1.378937693515464	11645000
chr13	11650000	11660000	3.23549005544505	11655000
chr13	11660000	11670000	3.1270368950694394	11665000
chr13	11670000	11680000	3.267225208683371	11675000
chr13	11680000	11690000	8.379954578653855	11685000
chr13	11690000	11700000	11.860211573168499	11695000
chr13	11700000	11710000	13.711904683708884	11705000
chr13	11710000	11720000	8.620448483414306	11715000
chr13	11720000	11730000	6.551209652093564	11725000
chr13	11730000	11740000	7.014063156125844	11735000
chr13	11740000	11750000	11.890020165356885	11745000
chr13	11750000	11760000	6.7163122163305715	11755000
chr13	11760000	11770000	4.5036050692608685	11765000
chr13	11770000	11780000	4.017041065173021	11775000
chr13	11780000	11790000	18.4947148224852	11785000
chr13	11790000	11800000	4.670625241737565	11795000
chr13	11800000	11810000	6.69101446367067	11805000
chr13	11810000	11820000	16.185573047251737	11815000
chr13	11820000	11830000	1.8958178117126887	11825000
chr13	11830000	11840000	7.43280896185793	11835000
chr13	11840000	11850000	8.48312399080484	11845000
chr13	11850000	11860000	5.8438024354821705	11855000
chr13	11860000	11870000	6.1265871815672766	11865000
chr13	11870000	11880000	2.449565675751102	11875000
chr13	11880000	11890000	3.572619756884564	11885000
chr13	11890000	11900000	4.194118271340172	11895000
chr13	11900000	11910000	4.161853308249726	11905000
chr13	11910000	11920000	13.635474836152847	11915000
chr13	11920000	11930000	8.53069307248247	11925000
chr13	11930000	11940000	2.5916241584088118	11935000
chr13	11940000	11950000	7.618125593058197	11945000
chr13	11950000	11960000	6.448693528953322	11955000
chr13	11960000	11970000	20.13424387093738	11965000
chr13	11970000	11980000	17.457552975698327	11975000
chr13	11980000	11990000	8.145024522231227	11985000
chr13	11990000	12000000	7.879293697588805	11995000
chr13	12000000	12010000	8.556356459566643	12005000
chr13	12010000	12020000	7.806665293936342	12015000
chr13	12020000	12030000	14.460894298591123	12025000
chr13	12030000	12040000	5.327259692822426	12035000
chr13	12040000	12050000	7.407058087513005	12045000
chr13	12050000	12060000	14.548982225361671	12055000
chr13	12060000	12070000	5.248673944651817	12065000
chr13	12070000	12080000	6.059448421943441	12075000
chr13	12080000	12090000	4.335964923062621	12085000
chr13	12090000	12100000	3.4912482485119716	12095000
chr13	12100000	12110000	6.796657876253648	12105000
chr13	12110000	12120000	2.410858015437554	12115000
chr13	12120000	12130000	3.7891251113780715	12125000
chr13	12130000	12140000	4.274237872076001	12135000
chr13	12140000	12150000	8.545416772608785	12145000
chr13	12150000	12160000	3.905849357143326	12155000
chr13	12160000	12170000	4.280004361357488	12165000
chr13	12170000	12180000	3.1160497699699135	12175000
chr13	12180000	12190000	4.615418885901278	12185000
chr13	12190000	12200000	5.096220285555735	12195000
chr13	12200000	12210000	9.491025052664657	12205000
chr13	12210000	12220000	5.691688415362747	12215000
chr13	12220000	12230000	6.810042511416247	12225000
chr13	12230000	12240000	7.628474274145008	12235000
chr13	12240000	12250000	8.033416654072322	12245000
chr13	12250000	12260000	14.402929839892538	12255000
chr13	12260000	12270000	6.888088477392291	12265000
chr13	12270000	12280000	2.7264880745397893	12275000
chr13	12280000	12290000	2.941157019395205	12285000
chr13	12290000	12300000	6.82813172470994	12295000
chr13	12300000	12310000	8.900371826375896	12305000
chr13	12310000	12320000	12.157413640771837	12315000
chr13	12320000	12330000	7.243521427977969	12325000
chr13	12330000	12340000	7.4096645880785355	12335000
chr13	12340000	12350000	8.688328032098775	12345000
chr13	12350000	12360000	11.852693286105213	12355000
chr13	12360000	12370000	25.269097975884193	12365000
chr13	12370000	12380000	17.938433995064027	12375000
chr13	12380000	12390000	7.537324541381583	12385000
chr13	12390000	12400000	5.883263235832284	12395000
chr13	12400000	12410000	8.743147196321962	12405000
chr13	12410000	12420000	11.819051617991951	12415000
chr13	12420000	12430000	7.5057890754722125	12425000
chr13	12430000	12440000	12.84394680702847	12435000
chr13	12440000	12450000	12.622304515566778	12445000
chr13	12450000	12460000	3.7200043813803303	12455000
chr13	12460000	12470000	8.276733697222792	12465000
chr13	12470000	12480000	13.755903132065166	12475000
chr13	12480000	12490000	12.988912160450202	12485000
chr13	12490000	12500000	12.248499162751015	12495000
chr13	12500000	12510000	11.615056918143823	12505000
chr13	12510000	12520000	9.580388075392353	12515000
chr13	12520000	12530000	9.77596951889116	12525000
chr13	12530000	12540000	8.662616158365022	12535000
chr13	12540000	12550000	6.954006156526966	12545000
chr13	12550000	12560000	9.730155842058233	12555000
chr13	12560000	12570000	8.338679908299593	12565000
chr13	12570000	12580000	7.2071986147647165	12575000
chr13	12580000	12590000	6.332162825401239	12585000
chr13	12590000	12600000	4.017904976455961	12595000
chr13	12600000	12610000	3.011866593777655	12605000
chr13	12610000	12620000	4.048261182581754	12615000
chr13	12620000	12630000	2.641678991187393	12625000
chr13	12630000	12640000	1.9108665599858377	12635000
chr13	12640000	12650000	1.7044558689083642	12645000
chr13	12650000	12660000	2.336134337228983	12655000
chr13	12660000	12670000	1.2726695984258425	12665000
chr13	12670000	12680000	2.249587664063704	12675000
chr13	12680000	12690000	1.6644780217358504	12685000
chr13	12690000	12700000	1.6095055836702559	12695000
chr13	12700000	12710000	1.9518414880181119	12705000
chr13	12710000	12720000	13.25360977607901	12715000
chr13	12720000	12730000	3.18644886424435	12725000
chr13	12730000	12740000	1.5351450433867138	12735000
chr13	12740000	12750000	1.7141508010227768	12745000
chr13	12750000	12760000	1.995688836078047	12755000
chr13	12760000	12770000	0.7703612445434311	12765000
chr13	12770000	12780000	0.39461140945670325	12775000
chr13	12780000	12790000	0.8427386255752181	12785000
chr13	12790000	12800000	1.0961467748528986	12795000
chr13	12800000	12810000	0.9579160553577203	12805000
chr13	12810000	12820000	0.6940607684747071	12815000
chr13	12820000	12830000	2.269234963164751	12825000
chr13	12830000	12840000	1.8980009374939666	12835000
chr13	12840000	12850000	3.4555517980165913	12845000
chr13	12850000	12860000	4.270701964363116	12855000
chr13	12860000	12870000	2.5941338392403326	12865000
chr13	12870000	12880000	1.2747993805795397	12875000
chr13	12880000	12890000	1.5005302015532316	12885000
chr13	12890000	12900000	2.911169698809255	12895000
chr13	12900000	12910000	3.3632834380466834	12905000
chr13	12910000	12920000	3.4833641285472963	12915000
chr13	12920000	12930000	4.002401591969277	12925000
chr13	12930000	12940000	3.0752933100834987	12935000
chr13	12940000	12950000	2.141236237642897	12945000
chr13	12950000	12960000	3.534239139611192	12955000
chr13	12960000	12970000	5.069039431625302	12965000
chr13	12970000	12980000	2.2158124488470663	12975000
chr13	12980000	12990000	1.9766218578862864	12985000
chr13	12990000	13000000	2.8446369396476894	12995000
chr13	13000000	13010000	4.593339520448654	13005000
chr13	13010000	13020000	3.13065898378697	13015000
chr13	13020000	13030000	3.356065199371585	13025000
chr13	13030000	13040000	3.7666140599738376	13035000
chr13	13040000	13050000	17.24801724198799	13045000
chr13	13050000	13060000	7.2349100535515545	13055000
chr13	13060000	13070000	4.980826005863372	13065000
chr13	13070000	13080000	10.175938015950344	13075000
chr13	13080000	13090000	5.03949614138797	13085000
chr13	13090000	13100000	5.138624841296559	13095000
chr13	13100000	13110000	4.889186743114917	13105000
chr13	13110000	13120000	9.290061020198278	13115000
chr13	13120000	13130000	4.343100551632023	13125000
chr13	13130000	13140000	11.349930425022205	13135000
chr13	13140000	13150000	3.699250248822205	13145000
chr13	13150000	13160000	3.561769024726705	13155000
chr13	13160000	13170000	2.3404313226012574	13165000
chr13	13170000	13180000	7.778517815382033	13175000
chr13	13180000	13190000	7.170422691686977	13185000
chr13	13190000	13200000	3.319960022714347	13195000
chr13	13200000	13210000	2.830857344499361	13205000
chr13	13210000	13220000	1.762749454989468	13215000
chr13	13220000	13230000	1.7941675834412776	13225000
chr13	13230000	13240000	2.083111783115093	13235000
chr13	13240000	13250000	7.5549021234442355	13245000
chr13	13250000	13260000	3.1519389224287417	13255000
chr13	13260000	13270000	0.751753987930379	13265000
chr13	13270000	13280000	3.7415712043957328	13275000
chr13	13280000	13290000	3.6387156367844518	13285000
chr13	13290000	13300000	11.91651621822639	13295000
chr13	13300000	13310000	8.921137904189425	13305000
chr13	13310000	13320000	2.3294848725498234	13315000
chr13	13320000	13330000	1.7522432608329066	13325000
chr13	13330000	13340000	5.618923386480603	13335000
chr13	13340000	13350000	2.115474580293041	13345000
chr13	13350000	13360000	1.311449822109402	13355000
chr13	13360000	13370000	4.330898796652144	13365000
chr13	13370000	13380000	2.2775647015797587	13375000
chr13	13380000	13390000	1.3840896058588243	13385000
chr13	13390000	13400000	1.0754021613538123	13395000
chr13	13400000	13410000	2.172891686162149	13405000
chr13	13410000	13420000	2.054182427754545	13415000
chr13	13420000	13430000	1.9619561188486883	13425000
chr13	13430000	13440000	4.013058800196596	13435000
chr13	13440000	13450000	0.9493413341418165	13445000
chr13	13450000	13460000	1.3635723481298074	13455000
chr13	13460000	13470000	6.320741110639903	13465000
chr13	13470000	13480000	3.0954010664139022	13475000
chr13	13480000	13490000	2.612694548387338	13485000
chr13	13490000	13500000	3.8866677449878955	13495000
chr13	13500000	13510000	3.539053298251686	13505000
chr13	13510000	13520000	3.049436008856692	13515000
chr13	13520000	13530000	4.268566705189273	13525000
chr13	13530000	13540000	3.736814739819818	13535000
chr13	13540000	13550000	4.979074652418042	13545000
chr13	13550000	13560000	6.116928339913949	13555000
chr13	13560000	13570000	6.135802749167103	13565000
chr13	13570000	13580000	6.756923828525598	13575000
chr13	13580000	13590000	13.548805219482349	13585000
chr13	13590000	13600000	7.215936468415928	13595000
chr13	13600000	13610000	4.411241005336266	13605000
chr13	13610000	13620000	7.06372299982868	13615000
chr13	13620000	13630000	5.145869997693968	13625000
chr13	13630000	13640000	3.5174343111513813	13635000
chr13	13640000	13650000	1.514299028591067	13645000
chr13	13650000	13660000	3.2968478855575225	13655000
chr13	13660000	13670000	11.952382178075757	13665000
chr13	13670000	13680000	4.564938440242499	13675000
chr13	13680000	13690000	2.4755227488760023	13685000
chr13	13690000	13700000	8.50204276353825	13695000
chr13	13700000	13710000	3.204060828775516	13705000
chr13	13710000	13720000	2.61611537817885	13715000
chr13	13720000	13730000	6.702936763883739	13725000
chr13	13730000	13740000	6.645694490763096	13735000
chr13	13740000	13750000	2.2675297953722007	13745000
chr13	13750000	13760000	1.5358055863187816	13755000
chr13	13760000	13770000	1.3831438245861867	13765000
chr13	13770000	13780000	8.529070650044586	13775000
chr13	13780000	13790000	2.4581893291140213	13785000
chr13	13790000	13800000	11.880680612766078	13795000
chr13	13800000	13810000	1.1329642496870391	13805000
chr13	13810000	13820000	1.0301552061640176	13815000
chr13	13820000	13830000	1.1471432742133756	13825000
chr13	13830000	13840000	1.0566790170170155	13835000
chr13	13840000	13850000	0.6098596558217172	13845000
chr13	13850000	13860000	4.858789980776652	13855000
chr13	13860000	13870000	1.2832280215186853	13865000
chr13	13870000	13880000	2.029814618247714	13875000
chr13	13880000	13890000	1.6106321270659119	13885000
chr13	13890000	13900000	2.205096783974207	13895000
chr13	13900000	13910000	4.28799006954773	13905000
chr13	13910000	13920000	5.7921420996571245	13915000
chr13	13920000	13930000	15.133659826574538	13925000
chr13	13930000	13940000	5.154113664901835	13935000
chr13	13940000	13950000	5.5813971423090205	13945000
chr13	13950000	13960000	10.08713738506011	13955000
chr13	13960000	13970000	5.974149601223105	13965000
chr13	13970000	13980000	10.272349733883809	13975000
chr13	13980000	13990000	2.9983774885131735	13985000
chr13	13990000	14000000	5.1711801148294985	13995000
chr13	14000000	14010000	3.241910986558563	14005000
chr13	14010000	14020000	3.0344215544534685	14015000
chr13	14020000	14030000	4.059875247040778	14025000
chr13	14030000	14040000	3.9643763888693964	14035000
chr13	14040000	14050000	12.812170273215356	14045000
chr13	14050000	14060000	5.285782476962566	14055000
chr13	14060000	14070000	4.7155655430081005	14065000
chr13	14070000	14080000	3.989135179657807	14075000
chr13	14080000	14090000	5.899863480308782	14085000
chr13	14090000	14100000	9.993374918528433	14095000
chr13	14100000	14110000	12.242141728039623	14105000
chr13	14110000	14120000	3.0768074820558726	14115000
chr13	14120000	14130000	2.618702117071125	14125000
chr13	14130000	14140000	4.027666121651735	14135000
chr13	14140000	14150000	2.3420497457638163	14145000
chr13	14150000	14160000	6.240366124160935	14155000
chr13	14160000	14170000	5.449918654532653	14165000
chr13	14170000	14180000	2.973293810166497	14175000
chr13	14180000	14190000	2.520874412279873	14185000
chr13	14190000	14200000	2.8100879324008994	14195000
chr13	14200000	14210000	1.3996433414521514	14205000
chr13	14210000	14220000	4.526995874206719	14215000
chr13	14220000	14230000	2.8280706239382454	14225000
chr13	14230000	14240000	1.7794788816824396	14235000
chr13	14240000	14250000	4.721244244674326	14245000
chr13	14250000	14260000	5.928990163421219	14255000
chr13	14260000	14270000	8.46718457049259	14265000
chr13	14270000	14280000	13.644808810465685	14275000
chr13	14280000	14290000	8.781698569315816	14285000
chr13	14290000	14300000	14.53130110441061	14295000
chr13	14300000	14310000	5.960292182174516	14305000
chr13	14310000	14320000	3.970098971690681	14315000
chr13	14320000	14330000	12.16869885430383	14325000
chr13	14330000	14340000	12.474683763954044	14335000
chr13	14340000	14350000	5.607250799300014	14345000
chr13	14350000	14360000	5.579409055845266	14355000
chr13	14360000	14370000	3.4760736533588825	14365000
chr13	14370000	14380000	4.9182722560453636	14375000
chr13	14380000	14390000	3.1450541528272575	14385000
chr13	14390000	14400000	4.805422494382622	14395000
chr13	14400000	14410000	4.367986750954475	14405000
chr13	14410000	14420000	4.733802502378958	14415000
chr13	14420000	14430000	2.705087483370541	14425000
chr13	14430000	14440000	3.311256406679107	14435000
chr13	14440000	14450000	9.876875745575088	14445000
chr13	14450000	14460000	6.153985036695073	14455000
chr13	14460000	14470000	3.0802222523741474	14465000
chr13	14470000	14480000	3.329599491210414	14475000
chr13	14480000	14490000	3.193440851451536	14485000
chr13	14490000	14500000	2.4893429048682543	14495000
chr13	14500000	14510000	3.920488980290397	14505000
chr13	14510000	14520000	2.561841047364689	14515000
chr13	14520000	14530000	3.302289445849916	14525000
chr13	14530000	14540000	3.0437148766986457	14535000
chr13	14540000	14550000	2.724234851595331	14545000
chr13	14550000	14560000	3.15781651714117	14555000
chr13	14560000	14570000	4.128210982913492	14565000
chr13	14570000	14580000	10.640965452717495	14575000
chr13	14580000	14590000	3.5862566508598492	14585000
chr13	14590000	14600000	2.336245252808057	14595000
chr13	14600000	14610000	3.7150916182415883	14605000
chr13	14610000	14620000	3.9916556122760993	14615000
chr13	14620000	14630000	2.196296296187489	14625000
chr13	14630000	14640000	3.6464486981536965	14635000
chr13	14640000	14650000	4.626856156679829	14645000
chr13	14650000	14660000	5.205667359405751	14655000
chr13	14660000	14670000	8.612318387525734	14665000
chr13	14670000	14680000	5.3154559402801445	14675000
chr13	14680000	14690000	5.380254345553495	14685000
chr13	14690000	14700000	3.4594349342319597	14695000
chr13	14700000	14710000	2.511037957949359	14705000
chr13	14710000	14720000	2.095959654441252	14715000
chr13	14720000	14730000	1.8850286275568366	14725000
chr13	14730000	14740000	5.421603355967778	14735000
chr13	14740000	14750000	2.098609961944381	14745000
chr13	14750000	14760000	8.463166725712123	14755000
chr13	14760000	14770000	3.9881972905443	14765000
chr13	14770000	14780000	11.114790878464815	14775000
chr13	14780000	14790000	5.077030137321884	14785000
chr13	14790000	14800000	6.559680147206284	14795000
chr13	14800000	14810000	2.2336648582919483	14805000
chr13	14810000	14820000	3.8175084397889614	14815000
chr13	14820000	14830000	8.595674643320308	14825000
chr13	14830000	14840000	6.180978490692472	14835000
chr13	14840000	14850000	8.541878302537084	14845000
chr13	14850000	14860000	8.58540708833157	14855000
chr13	14860000	14870000	9.360062995423242	14865000
chr13	14870000	14880000	5.9203978724793584	14875000
chr13	14880000	14890000	8.888721794559746	14885000
chr13	14890000	14900000	7.322672675479979	14895000
chr13	14900000	14910000	7.498454181038381	14905000
chr13	14910000	14920000	15.703815380922004	14915000
chr13	14920000	14930000	6.303978044409194	14925000
chr13	14930000	14940000	7.253362127752916	14935000
chr13	14940000	14950000	5.585210859460489	14945000
chr13	14950000	14960000	3.913164647819814	14955000
chr13	14960000	14970000	3.1941086578530626	14965000
chr13	14970000	14980000	4.424571305120089	14975000
chr13	14980000	14990000	4.150226742518449	14985000
chr13	14990000	15000000	5.106193053543548	14995000
chr13	15000000	15010000	7.718580596862408	15005000
chr13	15010000	15020000	4.810494081754432	15015000
chr13	15020000	15030000	5.449267649065307	15025000
chr13	15030000	15040000	7.8515199000054485	15035000
chr13	15040000	15050000	5.902917871166505	15045000
chr13	15050000	15060000	4.896577900726652	15055000
chr13	15060000	15070000	3.8566538020978456	15065000
chr13	15070000	15080000	4.3779161199443335	15075000
chr13	15080000	15090000	5.387952669634541	15085000
chr13	15090000	15100000	4.139468067489445	15095000
chr13	15100000	15110000	4.3947348875986085	15105000
chr13	15110000	15120000	3.831668527570109	15115000
chr13	15120000	15130000	5.138718831277973	15125000
chr13	15130000	15140000	3.960108316415886	15135000
chr13	15140000	15150000	4.364093862372549	15145000
chr13	15150000	15160000	2.6483676898252444	15155000
chr13	15160000	15170000	3.8854543634719	15165000
chr13	15170000	15180000	6.39984147248411	15175000
chr13	15180000	15190000	4.286386960098663	15185000
chr13	15190000	15200000	6.61782288842938	15195000
chr13	15200000	15210000	9.380561635610167	15205000
chr13	15210000	15220000	4.655880127313362	15215000
chr13	15220000	15230000	5.052954987597547	15225000
chr13	15230000	15240000	7.0946819676533925	15235000
chr13	15240000	15250000	7.202577350398653	15245000
chr13	15250000	15260000	9.63157931850269	15255000
chr13	15260000	15270000	0.8829624009415104	15265000
chr13	15270000	15280000	1.40680539971576	15275000
chr13	15280000	15290000	0.7982694576872554	15285000
chr13	15290000	15300000	0.8214723491167967	15295000
chr13	15300000	15310000	0.5836804820973527	15305000
chr13	15310000	15320000	0.7491491469521273	15315000
chr13	15320000	15330000	0.7624428682969432	15325000
chr13	15330000	15340000	0.7770863820753506	15335000
chr13	15340000	15350000	1.72384171051571	15345000
chr13	15350000	15360000	1.5311645412045432	15355000
chr13	15360000	15370000	2.725138876958234	15365000
chr13	15370000	15380000	1.4305015634339564	15375000
chr13	15380000	15390000	8.82918712408749	15385000
chr13	15390000	15400000	2.4536703794066836	15395000
chr13	15400000	15410000	1.4068321166046194	15405000
chr13	15410000	15420000	2.051100342785414	15415000
chr13	15420000	15430000	3.762906677158268	15425000
chr13	15430000	15440000	5.462159481935125	15435000
chr13	15440000	15450000	7.169747127919438	15445000
chr13	15450000	15460000	6.18729366395915	15455000
chr13	15460000	15470000	4.044695298490732	15465000
chr13	15470000	15480000	6.5880647223311914	15475000
chr13	15480000	15490000	3.658305421650219	15485000
chr13	15490000	15500000	6.940589371371081	15495000
chr13	15500000	15510000	8.176004759474045	15505000
chr13	15510000	15520000	8.583089438872534	15515000
chr13	15520000	15530000	8.354406038903699	15525000
chr13	15530000	15540000	8.448710286965493	15535000
chr13	15540000	15550000	5.636973456858304	15545000
chr13	15550000	15560000	3.2723180927659272	15555000
chr13	15560000	15570000	3.337497737113893	15565000
chr13	15570000	15580000	7.190493225769641	15575000
chr13	15580000	15590000	7.309941239293685	15585000
chr13	15590000	15600000	4.006184115334229	15595000
chr13	15600000	15610000	7.195505376001139	15605000
chr13	15610000	15620000	2.3661944221503615	15615000
chr13	15620000	15630000	3.640215616023832	15625000
chr13	15630000	15640000	2.1397894544194047	15635000
chr13	15640000	15650000	2.26846302289907	15645000
chr13	15650000	15660000	1.5037429176704507	15655000
chr13	15660000	15670000	1.8814559659869723	15665000
chr13	15670000	15680000	2.0107136623073862	15675000
chr13	15680000	15690000	2.333960136902847	15685000
chr13	15690000	15700000	5.909291280297538	15695000
chr13	15700000	15710000	34.98915260381614	15705000
chr13	15710000	15720000	26.61701498547326	15715000
chr13	15720000	15730000	15.905067965771982	15725000
chr13	15730000	15740000	8.720385796289463	15735000
chr13	15740000	15750000	10.602902697044831	15745000
chr13	15750000	15760000	8.529420783506517	15755000
chr13	15760000	15770000	8.515198964899882	15765000
chr13	15770000	15780000	9.47897663034098	15775000
chr13	15780000	15790000	8.26170252820445	15785000
chr13	15790000	15800000	11.098765190148182	15795000
chr13	15800000	15810000	7.2020469461704515	15805000
chr13	15810000	15820000	7.231284943660538	15815000
chr13	15820000	15830000	8.529202765669615	15825000
chr13	15830000	15840000	6.271666480371814	15835000
chr13	15840000	15850000	21.544170124781342	15845000
chr13	15850000	15860000	8.115491656307709	15855000
chr13	15860000	15870000	9.43451415062336	15865000
chr13	15870000	15880000	9.349102615921193	15875000
chr13	15880000	15890000	8.932558081455412	15885000
chr13	15890000	15900000	8.905832666780684	15895000
chr13	15900000	15910000	12.657074762183452	15905000
chr13	15910000	15920000	3.3268356630850424	15915000
chr13	15920000	15930000	2.5601100403550925	15925000
chr13	15930000	15940000	5.558771279662313	15935000
chr13	15940000	15950000	15.628579325125012	15945000
chr13	15950000	15960000	11.723027962471733	15955000
chr13	15960000	15970000	15.755720786518868	15965000
chr13	15970000	15980000	24.687674810229808	15975000
chr13	15980000	15990000	23.132752680693457	15985000
chr13	15990000	16000000	21.02416746350362	15995000
chr13	16000000	16010000	12.81073207755887	16005000
chr13	16010000	16020000	15.474431697729258	16015000
chr13	16020000	16030000	12.741613596463718	16025000
chr13	16030000	16040000	14.509017811838826	16035000
chr13	16040000	16050000	13.723160902492511	16045000
chr13	16050000	16060000	13.570470197517237	16055000
chr13	16060000	16070000	15.811600779580894	16065000
chr13	16070000	16080000	15.178763005621883	16075000
chr13	16080000	16090000	9.346196914188791	16085000
chr13	16090000	16100000	12.915255176183008	16095000
chr13	16100000	16110000	8.392460018341712	16105000
chr13	16110000	16120000	18.25797043112789	16115000
chr13	16120000	16130000	12.716448885619375	16125000
chr13	16130000	16140000	14.673711315908044	16135000
chr13	16140000	16150000	14.24796551908314	16145000
chr13	16150000	16160000	23.216048110088863	16155000
chr13	16160000	16170000	24.753328408496206	16165000
chr13	16170000	16180000	35.30331284252209	16175000
chr13	16180000	16190000	23.94975492711498	16185000
chr13	16190000	16200000	20.5426774590898	16195000
chr13	16200000	16210000	26.199844878433307	16205000
chr13	16210000	16220000	22.49017689777244	16215000
chr13	16220000	16230000	26.279664730899828	16225000
chr13	16230000	16240000	31.892430363173773	16235000
chr13	16240000	16250000	25.1633037738316	16245000
chr13	16250000	16260000	15.556034484900328	16255000
chr13	16260000	16270000	17.020505533905602	16265000
chr13	16270000	16280000	14.548496590388341	16275000
chr13	16280000	16290000	7.268757367404469	16285000
chr13	16290000	16300000	9.537284524586056	16295000
chr13	16300000	16310000	13.349127428164044	16305000
chr13	16310000	16320000	31.445965630570743	16315000
chr13	16320000	16330000	9.378101331358687	16325000
chr13	16330000	16340000	13.340074704569517	16335000
chr13	16340000	16350000	12.279724685139438	16345000
chr13	16350000	16360000	12.901773602170698	16355000
chr13	16360000	16370000	22.78401888734144	16365000
chr13	16370000	16380000	11.634734263324011	16375000
chr13	16380000	16390000	10.822604530937554	16385000
chr13	16390000	16400000	8.042654909362373	16395000
chr13	16400000	16410000	9.096469648095765	16405000
chr13	16410000	16420000	7.182680537445201	16415000
chr13	16420000	16430000	5.26366841774691	16425000
chr13	16430000	16440000	4.941284742522177	16435000
chr13	16440000	16450000	4.831266225024269	16445000
chr13	16450000	16460000	4.6638248034838945	16455000
chr13	16460000	16470000	1.725622018609211	16465000
chr13	16470000	16480000	3.267922231488291	16475000
chr13	16480000	16490000	2.857281720383834	16485000
chr13	16490000	16500000	5.726271294319915	16495000
chr13	16500000	16510000	21.802301463087968	16505000
chr13	16510000	16520000	5.716238639599102	16515000
chr13	16520000	16530000	8.201587302395529	16525000
chr13	16530000	16540000	8.475521573326544	16535000
chr13	16540000	16550000	6.57789922874156	16545000
chr13	16550000	16560000	13.171765836460924	16555000
chr13	16560000	16570000	16.22783671819888	16565000
chr13	16570000	16580000	15.368775389270857	16575000
chr13	16580000	16590000	12.37782116541419	16585000
chr13	16590000	16600000	13.775338470308673	16595000
chr13	16600000	16610000	14.699232982193132	16605000
chr13	16610000	16620000	14.451256354448807	16615000
chr13	16620000	16630000	9.97198984478545	16625000
chr13	16630000	16640000	9.039714926927262	16635000
chr13	16640000	16650000	7.009269563118682	16645000
chr13	16650000	16660000	5.963278703229769	16655000
chr13	16660000	16670000	4.2355612171985175	16665000
chr13	16670000	16680000	4.818781855505202	16675000
chr13	16680000	16690000	3.1003674485676456	16685000
chr13	16690000	16700000	2.757648129644252	16695000
chr13	16700000	16710000	3.628998927580364	16705000
chr13	16710000	16720000	10.608568873161678	16715000
chr13	16720000	16730000	2.5434806997735726	16725000
chr13	16730000	16740000	1.8351116146542814	16735000
chr13	16740000	16750000	3.0210970848759175	16745000
chr13	16750000	16760000	6.470702269583335	16755000
chr13	16760000	16770000	8.350761063901265	16765000
chr13	16770000	16780000	4.1432122108261735	16775000
chr13	16780000	16790000	11.991657735942832	16785000
chr13	16790000	16800000	6.251822708763453	16795000
chr13	16800000	16810000	10.677290854563049	16805000
chr13	16810000	16820000	18.755458143411403	16815000
chr13	16820000	16830000	17.295807057637663	16825000
chr13	16830000	16840000	8.553779409704982	16835000
chr13	16840000	16850000	20.692492811808314	16845000
chr13	16850000	16860000	10.590695998266511	16855000
chr13	16860000	16870000	13.577108614969696	16865000
chr13	16870000	16880000	14.048749807482071	16875000
chr13	16880000	16890000	11.445674173854854	16885000
chr13	16890000	16900000	9.41053434294836	16895000
chr13	16900000	16910000	5.51965600969022	16905000
chr13	16910000	16920000	2.946276869408727	16915000
chr13	16920000	16930000	3.662487649778636	16925000
chr13	16930000	16940000	5.510137848251026	16935000
chr13	16940000	16950000	6.9616263997727925	16945000
chr13	16950000	16960000	17.147187257148097	16955000
chr13	16960000	16970000	7.60855866031123	16965000
chr13	16970000	16980000	7.588617634689345	16975000
chr13	16980000	16990000	20.546240915749003	16985000
chr13	16990000	17000000	24.821243010278838	16995000
chr13	17000000	17010000	9.750646464147177	17005000
chr13	17010000	17020000	19.653802987850476	17015000
chr13	17020000	17030000	9.489938806208238	17025000
chr13	17030000	17040000	14.119451743899566	17035000
chr13	17040000	17050000	9.489889215844535	17045000
chr13	17050000	17060000	19.17512447648678	17055000
chr13	17060000	17070000	28.693657403413905	17065000
chr13	17070000	17080000	19.31635429179524	17075000
chr13	17080000	17090000	24.833021010693763	17085000
chr13	17090000	17100000	9.402157666724928	17095000
chr13	17100000	17110000	8.405160295698593	17105000
chr13	17110000	17120000	11.375932256335808	17115000
chr13	17120000	17130000	13.147358736577727	17125000
chr13	17130000	17140000	20.038961304289263	17135000
chr13	17140000	17150000	13.562253483407689	17145000
chr13	17150000	17160000	14.850164901648311	17155000
chr13	17160000	17170000	17.68033559918097	17165000
chr13	17170000	17180000	11.592118616652163	17175000
chr13	17180000	17190000	11.434049823697887	17185000
chr13	17190000	17200000	32.298610016753365	17195000
chr13	17200000	17210000	8.834204460446523	17205000
chr13	17210000	17220000	5.590361745733208	17215000
chr13	17220000	17230000	5.736127719355726	17225000
chr13	17230000	17240000	6.065964593660569	17235000
chr13	17240000	17250000	9.946957452673342	17245000
chr13	17250000	17260000	10.385308282113682	17255000
chr13	17260000	17270000	10.510761843850924	17265000
chr13	17270000	17280000	14.532914121904598	17275000
chr13	17280000	17290000	10.403249289511246	17285000
chr13	17290000	17300000	16.413174732023734	17295000
chr13	17300000	17310000	18.56542680119497	17305000
chr13	17310000	17320000	25.743601428615843	17315000
chr13	17320000	17330000	15.281712249373367	17325000
chr13	17330000	17340000	14.046676680077155	17335000
chr13	17340000	17350000	16.411544668346142	17345000
chr13	17350000	17360000	17.345037559882353	17355000
chr13	17360000	17370000	11.809946805743758	17365000
chr13	17370000	17380000	16.7127862239202	17375000
chr13	17380000	17390000	10.833465148249585	17385000
chr13	17390000	17400000	7.502746958777819	17395000
chr13	17400000	17410000	13.716221037436549	17405000
chr13	17410000	17420000	22.868121694250686	17415000
chr13	17420000	17430000	13.839917047205331	17425000
chr13	17430000	17440000	12.688748516055302	17435000
chr13	17440000	17450000	6.7214060015453745	17445000
chr13	17450000	17460000	15.561057652640223	17455000
chr13	17460000	17470000	15.067510728097652	17465000
chr13	17470000	17480000	13.91210819058947	17475000
chr13	17480000	17490000	12.230625475393825	17485000
chr13	17490000	17500000	12.74797845365008	17495000
chr13	17500000	17510000	16.345372467002075	17505000
chr13	17510000	17520000	11.25042653548026	17515000
chr13	17520000	17530000	11.950588050584487	17525000
chr13	17530000	17540000	13.437232208042877	17535000
chr13	17540000	17550000	7.428671673266419	17545000
chr13	17550000	17560000	11.615599575804074	17555000
chr13	17560000	17570000	13.387041273486336	17565000
chr13	17570000	17580000	10.17905959330391	17575000
chr13	17580000	17590000	11.290105192410898	17585000
chr13	17590000	17600000	8.361993481866085	17595000
chr13	17600000	17610000	11.702719141328854	17605000
chr13	17610000	17620000	9.457754418011621	17615000
chr13	17620000	17630000	10.977101817214532	17625000
chr13	17630000	17640000	10.973490611982301	17635000
chr13	17640000	17650000	14.175450514237339	17645000
chr13	17650000	17660000	11.710582272142952	17655000
chr13	17660000	17670000	11.289103566488937	17665000
chr13	17670000	17680000	14.338917696365783	17675000
chr13	17680000	17690000	14.02659099783378	17685000
chr13	17690000	17700000	15.691436887211124	17695000
chr13	17700000	17710000	28.85397904234603	17705000
chr13	17710000	17720000	12.270993229552035	17715000
chr13	17720000	17730000	15.27364958952581	17725000
chr13	17730000	17740000	8.58249576337608	17735000
chr13	17740000	17750000	29.41703786683894	17745000
chr13	17750000	17760000	29.25322491227731	17755000
chr13	17760000	17770000	20.246880252893803	17765000
chr13	17770000	17780000	13.619379593692772	17775000
chr13	17780000	17790000	23.614616701160347	17785000
chr13	17790000	17800000	29.33479271753225	17795000
chr13	17800000	17810000	19.18619949593824	17805000
chr13	17810000	17820000	19.810430335810914	17815000
chr13	17820000	17830000	16.399966312898066	17825000
chr13	17830000	17840000	12.08325480551472	17835000
chr13	17840000	17850000	41.88299281035024	17845000
chr13	17850000	17860000	21.55955947256736	17855000
chr13	17860000	17870000	22.943307000594938	17865000
chr13	17870000	17880000	17.766448913947553	17875000
chr13	17880000	17890000	21.062338991008797	17885000
chr13	17890000	17900000	20.357133293016233	17895000
chr13	17900000	17910000	18.83071274791144	17905000
chr13	17910000	17920000	22.859268273570052	17915000
chr13	17920000	17930000	19.508791763455154	17925000
chr13	17930000	17940000	17.19022878063459	17935000
chr13	17940000	17950000	31.224363806135443	17945000
chr13	17950000	17960000	24.831294491775303	17955000
chr13	17960000	17970000	25.94338540654092	17965000
chr13	17970000	17980000	15.477824797040583	17975000
chr13	17980000	17990000	19.8834354858078	17985000
chr13	17990000	18000000	39.88475023703708	17995000
chr13	18000000	18010000	37.27798652716372	18005000
chr13	18010000	18020000	31.48381736154294	18015000
chr13	18020000	18030000	34.43738869332575	18025000
chr13	18030000	18040000	35.94962651207733	18035000
chr13	18040000	18050000	35.37216841694525	18045000
chr13	18050000	18060000	31.802955478079237	18055000
chr13	18060000	18070000	32.92203032919101	18065000
chr13	18070000	18080000	31.0851664000999	18075000
chr13	18080000	18090000	41.55618816872138	18085000
chr13	18090000	18100000	33.14578057836902	18095000
chr13	18100000	18110000	32.898680776889535	18105000
chr13	18110000	18120000	29.631049903526733	18115000
chr13	18120000	18130000	37.89674609499085	18125000
chr13	18130000	18140000	37.82208873009874	18135000
chr13	18140000	18150000	39.68144011214613	18145000
chr13	18150000	18160000	30.686495277760994	18155000
chr13	18160000	18170000	29.60045473757195	18165000
chr13	18170000	18180000	32.33830741400728	18175000
chr13	18180000	18190000	23.45100946882845	18185000
chr13	18190000	18200000	23.451009468828488	18195000
chr13	18200000	18210000	23.451009468828463	18205000
chr13	18210000	18220000	23.45100946882845	18215000
chr13	18220000	18230000	23.451009468828172	18225000
chr13	18230000	18240000	23.451009468828428	18235000
chr13	18240000	18250000	23.45100946882828	18245000
chr13	18250000	18260000	23.45100946882847	18255000
chr13	18260000	18270000	23.434903747189317	18265000
chr13	18270000	18280000	26.40290076800966	18275000
chr13	18280000	18290000	16.14850828713113	18285000
chr13	18290000	18300000	17.014920745724353	18295000
chr13	18300000	18310000	14.576368537407294	18305000
chr13	18310000	18320000	17.18777980541917	18315000
chr13	18320000	18330000	17.82636147064958	18325000
chr13	18330000	18340000	5.436305136392897	18335000
chr13	18340000	18350000	15.41002760006961	18345000
chr13	18350000	18360000	39.148814043301485	18355000
chr13	18360000	18370000	24.14737697941364	18365000
chr13	18370000	18380000	56.259626992452894	18375000
chr13	18380000	18390000	57.13255311259449	18385000
chr13	18390000	18400000	78.97067080390548	18395000
chr13	18400000	18410000	93.1619996278717	18405000
chr13	18410000	18420000	71.7672512192061	18415000
chr13	18420000	18430000	65.20123455563309	18425000
chr13	18430000	18440000	37.90026501542387	18435000
chr13	18440000	18450000	109.5447085793764	18445000
chr13	18450000	18460000	112.84536553331853	18455000
chr13	18460000	18470000	63.3019979778267	18465000
chr13	18470000	18480000	37.018899440191696	18475000
chr13	18480000	18490000	45.894812862158645	18485000
chr13	18490000	18500000	47.77755934084769	18495000
chr13	18500000	18510000	69.25948257253442	18505000
chr13	18510000	18520000	56.327263641593746	18515000
chr13	18520000	18530000	47.48148804827435	18525000
chr13	18530000	18540000	44.92036834466154	18535000
chr13	18540000	18550000	36.65974642975502	18545000
chr13	18550000	18560000	62.56775205062385	18555000
chr13	18560000	18570000	57.7109328177702	18565000
chr13	18570000	18580000	41.510782302974164	18575000
chr13	18580000	18590000	44.317366089655835	18585000
chr13	18590000	18600000	44.486786081972916	18595000
chr13	18600000	18610000	44.69892263960881	18605000
chr13	18610000	18620000	42.87399217939959	18615000
chr13	18620000	18630000	39.05592853986778	18625000
chr13	18630000	18640000	46.602558377172514	18635000
chr13	18640000	18650000	34.68479815071917	18645000
chr13	18650000	18660000	35.64674241417785	18655000
chr13	18660000	18670000	34.105807692372196	18665000
chr13	18670000	18680000	46.88071434699026	18675000
chr13	18680000	18690000	49.79952747492135	18685000
chr13	18690000	18700000	67.45345464311335	18695000
chr13	18700000	18710000	42.673388574063075	18705000
chr13	18710000	18720000	38.775871081213445	18715000
chr13	18720000	18730000	38.247079325042705	18725000
chr13	18730000	18740000	45.81453045157983	18735000
chr13	18740000	18750000	28.240431873222718	18745000
chr13	18750000	18760000	23.93897920019702	18755000
chr13	18760000	18770000	29.873341738130858	18765000
chr13	18770000	18780000	44.58296242363398	18775000
chr13	18780000	18790000	52.99199180448132	18785000
chr13	18790000	18800000	27.300738318412755	18795000
chr13	18800000	18810000	13.905857772970094	18805000
chr13	18810000	18820000	16.666649569744745	18815000
chr13	18820000	18830000	14.843379741137275	18825000
chr13	18830000	18840000	23.63447204026771	18835000
chr13	18840000	18850000	13.55698295861439	18845000
chr13	18850000	18860000	15.173147853437834	18855000
chr13	18860000	18870000	25.671424521640137	18865000
chr13	18870000	18880000	16.426186631338194	18875000
chr13	18880000	18890000	18.899417002110404	18885000
chr13	18890000	18900000	29.8389358166784	18895000
chr13	18900000	18910000	18.369822635817783	18905000
chr13	18910000	18920000	33.79637068048946	18915000
chr13	18920000	18930000	36.00052912167712	18925000
chr13	18930000	18940000	60.780867989826085	18935000
chr13	18940000	18950000	27.04571139587943	18945000
chr13	18950000	18960000	32.6102289079855	18955000
chr13	18960000	18970000	24.159185830982977	18965000
chr13	18970000	18980000	27.582300810943934	18975000
chr13	18980000	18990000	42.6844681323766	18985000
chr13	18990000	19000000	35.08344750460862	18995000
chr13	19000000	19010000	33.424445474449	19005000
chr13	19010000	19020000	50.89764215078376	19015000
chr13	19020000	19030000	45.833007649073714	19025000
chr13	19030000	19040000	48.11556163450105	19035000
chr13	19040000	19050000	57.79645910253429	19045000
chr13	19050000	19060000	52.03762324202897	19055000
chr13	19060000	19070000	51.65908766337531	19065000
chr13	19070000	19080000	33.56904451708003	19075000
chr13	19080000	19090000	28.63757308770103	19085000
chr13	19090000	19100000	28.891405021268007	19095000
chr13	19100000	19110000	34.394085834839814	19105000
chr13	19110000	19120000	24.162951763519985	19115000
chr13	19120000	19130000	23.802906085656172	19125000
chr13	19130000	19140000	25.220765644829296	19135000
chr13	19140000	19150000	24.369458883642395	19145000
chr13	19150000	19160000	24.040831187278773	19155000
chr13	19160000	19170000	21.535158578878615	19165000
chr13	19170000	19180000	12.022096872050628	19175000
chr13	19180000	19190000	9.539470215413434	19185000
chr13	19190000	19200000	20.739915068155792	19195000
chr13	19200000	19210000	21.580305661134865	19205000
chr13	19210000	19220000	19.675020747301467	19215000
chr13	19220000	19230000	12.160065515167798	19225000
chr13	19230000	19240000	19.063807397543922	19235000
chr13	19240000	19250000	18.24182343601345	19245000
chr13	19250000	19260000	7.123141709127984	19255000
chr13	19260000	19270000	8.577856413572889	19265000
chr13	19270000	19280000	10.449273379736479	19275000
chr13	19280000	19290000	12.869131281114578	19285000
chr13	19290000	19300000	9.989237202558636	19295000
chr13	19300000	19310000	38.23408420246539	19305000
chr13	19310000	19320000	36.3543254376896	19315000
chr13	19320000	19330000	22.330520798396797	19325000
chr13	19330000	19340000	24.476812662209642	19335000
chr13	19340000	19350000	25.992540467531025	19345000
chr13	19350000	19360000	15.905600948029022	19355000
chr13	19360000	19370000	11.22662197693024	19365000
chr13	19370000	19380000	10.381055762200567	19375000
chr13	19380000	19390000	6.609977065317037	19385000
chr13	19390000	19400000	6.749557080734445	19395000
chr13	19400000	19410000	4.705381385945035	19405000
chr13	19410000	19420000	8.210656014090718	19415000
chr13	19420000	19430000	24.630325315980237	19425000
chr13	19430000	19440000	19.13243836042459	19435000
chr13	19440000	19450000	7.769180141073462	19445000
chr13	19450000	19460000	7.818481311956601	19455000
chr13	19460000	19470000	15.439997654445312	19465000
chr13	19470000	19480000	14.107035457628085	19475000
chr13	19480000	19490000	17.633848002402154	19485000
chr13	19490000	19500000	8.780594779309004	19495000
chr13	19500000	19510000	6.746577426840453	19505000
chr13	19510000	19520000	5.53551121626909	19515000
chr13	19520000	19530000	8.324613822145755	19525000
chr13	19530000	19540000	7.336542706317498	19535000
chr13	19540000	19550000	4.207001925764789	19545000
chr13	19550000	19560000	6.5149505901742	19555000
chr13	19560000	19570000	4.1206573006624385	19565000
chr13	19570000	19580000	5.245551374434649	19575000
chr13	19580000	19590000	3.765119197258791	19585000
chr13	19590000	19600000	4.500486184885099	19595000
chr13	19600000	19610000	6.554439893328181	19605000
chr13	19610000	19620000	8.816966748044429	19615000
chr13	19620000	19630000	5.407507282714918	19625000
chr13	19630000	19640000	4.062349822319739	19635000
chr13	19640000	19650000	3.3524481800035604	19645000
chr13	19650000	19660000	4.385167088164807	19655000
chr13	19660000	19670000	5.827884253786657	19665000
chr13	19670000	19680000	15.038837748997476	19675000
chr13	19680000	19690000	8.208725083732132	19685000
chr13	19690000	19700000	6.870541232459604	19695000
chr13	19700000	19710000	4.776857646274672	19705000
chr13	19710000	19720000	8.581564269257179	19715000
chr13	19720000	19730000	6.675045300541169	19725000
chr13	19730000	19740000	7.333478845235937	19735000
chr13	19740000	19750000	7.010471021517893	19745000
chr13	19750000	19760000	8.496166411469478	19755000
chr13	19760000	19770000	4.3037464446772535	19765000
chr13	19770000	19780000	5.340590111856992	19775000
chr13	19780000	19790000	7.904549101561928	19785000
chr13	19790000	19800000	12.996237273455774	19795000
chr13	19800000	19810000	1.6346377371786502	19805000
chr13	19810000	19820000	0.8656993844133982	19815000
chr13	19820000	19830000	1.4221851057728019	19825000
chr13	19830000	19840000	2.7613281214986163	19835000
chr13	19840000	19850000	2.1348092616359344	19845000
chr13	19850000	19860000	1.42659480979653	19855000
chr13	19860000	19870000	2.931759758345029	19865000
chr13	19870000	19880000	3.020906564425036	19875000
chr13	19880000	19890000	9.732701030106664	19885000
chr13	19890000	19900000	8.757568624928956	19895000
chr13	19900000	19910000	3.2326767738285587	19905000
chr13	19910000	19920000	3.8307069153152398	19915000
chr13	19920000	19930000	2.4284838975819367	19925000
chr13	19930000	19940000	5.4167976663497575	19935000
chr13	19940000	19950000	5.596981946303481	19945000
chr13	19950000	19960000	7.40443146812185	19955000
chr13	19960000	19970000	6.044276486668173	19965000
chr13	19970000	19980000	3.5433531711720847	19975000
chr13	19980000	19990000	2.668103575888404	19985000
chr13	19990000	20000000	1.2244397502631472	19995000
chr13	20000000	20010000	3.861516567771974	20005000
chr13	20010000	20020000	1.4855894239845624	20015000
chr13	20020000	20030000	1.519152778168003	20025000
chr13	20030000	20040000	0.8698057683113473	20035000
chr13	20040000	20050000	0.666293823008515	20045000
chr13	20050000	20060000	3.711276144791919	20055000
chr13	20060000	20070000	1.136404910639196	20065000
chr13	20070000	20080000	0.9264149421030643	20075000
chr13	20080000	20090000	0.7621051121800867	20085000
chr13	20090000	20100000	0.7357655411293142	20095000
chr13	20100000	20110000	0.23340097477019292	20105000
chr13	20110000	20120000	1.6208122307670607	20115000
chr13	20120000	20130000	1.3976912127227272	20125000
chr13	20130000	20140000	0.22418362434005365	20135000
chr13	20140000	20150000	0.2899852203636277	20145000
chr13	20150000	20160000	0.3350763301134712	20155000
chr13	20160000	20170000	0.4431442595594326	20165000
chr13	20170000	20180000	0.43610044926181846	20175000
chr13	20180000	20190000	2.086992022419895	20185000
chr13	20190000	20200000	1.1593248552515607	20195000
chr13	20200000	20210000	0.45673514717076596	20205000
chr13	20210000	20220000	2.1418841391557293	20215000
chr13	20220000	20230000	0.43419923125910204	20225000
chr13	20230000	20240000	1.6396514764374135	20235000
chr13	20240000	20250000	7.647392712634269	20245000
chr13	20250000	20260000	8.821859919258213	20255000
chr13	20260000	20270000	0.6770884339058515	20265000
chr13	20270000	20280000	0.06961890739915651	20275000
chr13	20280000	20290000	0.05697765778802272	20285000
chr13	20290000	20300000	0.0755710989391164	20295000
chr13	20300000	20310000	0.20555765007238733	20305000
chr13	20310000	20320000	0.1690256079290483	20315000
chr13	20320000	20330000	0.12530707413258263	20325000
chr13	20330000	20340000	0.1253070741325828	20335000
chr13	20340000	20350000	0.12530707413258266	20345000
chr13	20350000	20360000	0.10217987549923183	20355000
chr13	20360000	20370000	0.0635829325880641	20365000
chr13	20370000	20380000	0.04829161256587516	20375000
chr13	20380000	20390000	0.002397687593583468	20385000
chr13	20390000	20400000	0.0021329883634381023	20395000
chr13	20400000	20410000	0.0021329883634381023	20405000
chr13	20410000	20420000	0.002094669721889954	20415000
chr13	20420000	20430000	0.001889868912626584	20425000
chr13	20430000	20440000	0.0016323538457516098	20435000
chr13	20440000	20450000	0.0015566751830194782	20445000
chr13	20450000	20460000	0.0015566751830194782	20455000
chr13	20460000	20470000	0.0015566751830194782	20465000
chr13	20470000	20480000	0.0015566751830194782	20475000
chr13	20480000	20490000	0.0015566751830194782	20485000
chr13	20490000	20500000	0.10213941827564184	20495000
chr13	20500000	20510000	0.17310563562998846	20505000
chr13	20510000	20520000	0.006759016593808242	20515000
chr13	20520000	20530000	0.006403337641347645	20525000
chr13	20530000	20540000	0.0064033376413476445	20535000
chr13	20540000	20550000	0.006403337641347645	20545000
chr13	20550000	20560000	0.46871277771660136	20555000
chr13	20560000	20570000	4.525189255963833	20565000
chr13	20570000	20580000	20.67333726963091	20575000
chr13	20580000	20590000	42.879027013984434	20585000
chr13	20590000	20600000	28.256340917261696	20595000
chr13	20600000	20610000	8.79256756340602	20605000
