chr7	0	10000	0.00048252463501685276	5000
chr7	10000	20000	3.2747190394868815	15000
chr7	20000	30000	3.671554151837424	25000
chr7	30000	40000	1.3964736539082094	35000
chr7	40000	50000	4.162416113913944	45000
chr7	50000	60000	17.58996024162777	55000
chr7	60000	70000	9.412811590516965	65000
chr7	70000	80000	8.48469571307071	75000
chr7	80000	90000	28.765651314843442	85000
chr7	90000	100000	37.574044919387596	95000
chr7	100000	110000	35.24129601757803	105000
chr7	110000	120000	46.341096668697915	115000
chr7	120000	130000	41.32329929135585	125000
chr7	130000	140000	10.922659523707981	135000
chr7	140000	150000	6.805302670713697	145000
chr7	150000	160000	6.722436531309728	155000
chr7	160000	170000	4.208933772307727	165000
chr7	170000	180000	6.511726983950547	175000
chr7	180000	190000	9.655819376605065	185000
chr7	190000	200000	9.95860050955278	195000
chr7	200000	210000	7.701355355956092	205000
chr7	210000	220000	11.40722872276488	215000
chr7	220000	230000	13.2648120989858	225000
chr7	230000	240000	18.57495061860204	235000
chr7	240000	250000	14.185516703500618	245000
chr7	250000	260000	8.907149408993392	255000
chr7	260000	270000	11.74450620445412	265000
chr7	280000	290000	11.686108384805207	285000
chr7	300000	310000	7.553850383730025	305000
chr7	310000	320000	7.376847533677176	315000
chr7	320000	330000	20.933899806781707	325000
chr7	330000	340000	8.251433796930721	335000
chr7	340000	350000	20.756985155449687	345000
chr7	350000	360000	11.914169387593946	355000
chr7	360000	370000	7.864823518693592	365000
chr7	370000	380000	7.636483383327941	375000
chr7	380000	390000	20.194913947787658	385000
chr7	390000	400000	21.65946488055252	395000
chr7	400000	410000	15.755067264767582	405000
chr7	410000	420000	21.510245624436042	415000
chr7	420000	430000	25.561196836472746	425000
chr7	430000	440000	21.213210638449883	435000
chr7	440000	450000	21.028444221709755	445000
chr7	450000	460000	31.6929297850001	455000
chr7	460000	470000	22.172694557849194	465000
chr7	470000	480000	16.91174202388828	475000
chr7	480000	490000	21.614358544326443	485000
chr7	490000	500000	17.21335110232745	495000
chr7	500000	510000	11.921919707427797	505000
chr7	510000	520000	13.388439918710421	515000
chr7	520000	530000	19.53643660992166	525000
chr7	530000	540000	18.855394260817036	535000
chr7	540000	550000	18.834070918760318	545000
chr7	550000	560000	14.539610054846921	555000
chr7	560000	570000	20.538897025370417	565000
chr7	570000	580000	18.387075007986102	575000
chr7	580000	590000	19.421742682429976	585000
chr7	590000	600000	23.363226856992373	595000
chr7	600000	610000	17.940269305519234	605000
chr7	610000	620000	19.802207358025232	615000
chr7	620000	630000	21.657317128763356	625000
chr7	630000	640000	23.414624739898823	635000
chr7	640000	650000	18.691304126915746	645000
chr7	650000	660000	23.80466576472024	655000
chr7	660000	670000	28.497399244404324	665000
chr7	670000	680000	18.64850081378191	675000
chr7	680000	690000	24.82666759558511	685000
chr7	690000	700000	18.694430180099793	695000
chr7	700000	710000	12.649609218049402	705000
chr7	710000	720000	12.84128715586431	715000
chr7	720000	730000	10.990662866776733	725000
chr7	730000	740000	6.900076245544324	735000
chr7	740000	750000	10.511460745468373	745000
chr7	750000	760000	14.187972994400063	755000
chr7	760000	770000	16.534920669301314	765000
chr7	770000	780000	11.151887117017962	775000
chr7	780000	790000	13.45273392106036	785000
chr7	790000	800000	8.895174366891395	795000
chr7	800000	810000	16.171011840483267	805000
chr7	810000	820000	12.166937708035036	815000
chr7	820000	830000	9.026031488098521	825000
chr7	830000	840000	15.993979419785644	835000
chr7	840000	850000	10.202884762245	845000
chr7	850000	860000	11.215497602696178	855000
chr7	860000	870000	7.475669445866515	865000
chr7	870000	880000	7.85322138375774	875000
chr7	880000	890000	18.616187401415836	885000
chr7	890000	900000	5.545773732972555	895000
chr7	900000	910000	8.428469851170526	905000
chr7	910000	920000	7.748013316520285	915000
chr7	920000	930000	3.350211950245991	925000
chr7	930000	940000	8.4274291824612	935000
chr7	940000	950000	5.10193768653145	945000
chr7	950000	960000	5.106185777331278	955000
chr7	960000	970000	4.938311120251204	965000
chr7	970000	980000	9.527673544623342	975000
chr7	980000	990000	20.59514546597512	985000
chr7	990000	1000000	19.815737929021452	995000
chr7	1000000	1010000	22.993483241985384	1005000
chr7	1010000	1020000	22.989062040413984	1015000
chr7	1020000	1030000	10.985232234441838	1025000
chr7	1030000	1040000	17.202893506801086	1035000
chr7	1040000	1050000	25.51248408439487	1045000
chr7	1050000	1060000	31.51069909464294	1055000
chr7	1060000	1070000	32.05059788865292	1065000
chr7	1070000	1080000	21.378486188724917	1075000
chr7	1080000	1090000	15.836211394158829	1085000
chr7	1090000	1100000	18.31535233348154	1095000
chr7	1100000	1110000	16.659429820339255	1105000
chr7	1110000	1120000	17.109582322605945	1115000
chr7	1120000	1130000	22.332285812976938	1125000
chr7	1130000	1140000	20.202246008982193	1135000
chr7	1140000	1150000	27.841743584695305	1145000
chr7	1150000	1160000	17.22737547114636	1155000
chr7	1160000	1170000	9.57053162706034	1165000
chr7	1170000	1180000	10.388757976664976	1175000
chr7	1180000	1190000	6.557764569295963	1185000
chr7	1190000	1200000	12.311810591916233	1195000
chr7	1200000	1210000	34.20395535179661	1205000
chr7	1210000	1220000	54.158002444358765	1215000
chr7	1220000	1230000	1.5773213931051777	1225000
chr7	1230000	1240000	1.800753608441687	1235000
chr7	1240000	1250000	68.11358459729429	1245000
chr7	1250000	1260000	56.375110420381255	1255000
chr7	1260000	1270000	19.180645832032464	1265000
chr7	1270000	1280000	54.37861368497138	1275000
chr7	1280000	1290000	9.81526441548141	1285000
chr7	1290000	1300000	12.54674344290628	1295000
chr7	1300000	1310000	21.706771106885785	1305000
chr7	1310000	1320000	18.66367784237502	1315000
chr7	1320000	1330000	15.496507611352026	1325000
chr7	1330000	1340000	38.973882460516066	1335000
chr7	1340000	1350000	57.159011443887785	1345000
chr7	1350000	1360000	40.80343517121437	1355000
chr7	1360000	1370000	43.92180737095286	1365000
chr7	1370000	1380000	46.48287630615212	1375000
chr7	1380000	1390000	34.19377752619697	1385000
chr7	1390000	1400000	24.160781606926566	1395000
chr7	1400000	1410000	31.877204824601222	1405000
chr7	1410000	1420000	18.758170265335764	1415000
chr7	1420000	1430000	16.54190578547133	1425000
chr7	1430000	1440000	24.132495311798614	1435000
chr7	1440000	1450000	23.292980660007643	1445000
chr7	1450000	1460000	16.93005057541176	1455000
chr7	1460000	1470000	14.470777181433167	1465000
chr7	1470000	1480000	13.908361413545295	1475000
chr7	1480000	1490000	13.430291585943204	1485000
chr7	1490000	1500000	20.43210670609761	1495000
chr7	1500000	1510000	34.76918128845436	1505000
chr7	1510000	1520000	31.130518939003146	1515000
chr7	1520000	1530000	27.59225206559501	1525000
chr7	1530000	1540000	22.843990221407722	1535000
chr7	1540000	1550000	25.031850255643427	1545000
chr7	1550000	1560000	19.34039669668951	1555000
chr7	1560000	1570000	13.76138210348244	1565000
chr7	1570000	1580000	19.517394542060416	1575000
chr7	1580000	1590000	17.84780907279028	1585000
chr7	1590000	1600000	23.768750884630933	1595000
chr7	1600000	1610000	30.180425368722837	1605000
chr7	1610000	1620000	28.81349881099639	1615000
chr7	1620000	1630000	31.89350857203026	1625000
chr7	1630000	1640000	28.43269176698472	1635000
chr7	1640000	1650000	34.745811060645586	1645000
chr7	1650000	1660000	31.347170789048462	1655000
chr7	1660000	1670000	34.03207816750133	1665000
chr7	1670000	1680000	33.08051186716959	1675000
chr7	1680000	1690000	36.97369775979279	1685000
chr7	1690000	1700000	41.289819931629914	1695000
chr7	1700000	1710000	46.0895426256554	1705000
chr7	1710000	1720000	40.12855940606025	1715000
chr7	1720000	1730000	32.06622566301171	1725000
chr7	1730000	1740000	33.09327016071312	1735000
chr7	1740000	1750000	39.954549833901204	1745000
chr7	1750000	1760000	41.45579370458536	1755000
chr7	1760000	1770000	44.63498177242479	1765000
chr7	1770000	1780000	47.26600772717084	1775000
chr7	1780000	1790000	42.79457332936595	1785000
chr7	1790000	1800000	41.03610718080047	1795000
chr7	1800000	1810000	25.760517025479906	1805000
chr7	1810000	1820000	21.369326931158536	1815000
chr7	1820000	1830000	26.659310736768777	1825000
chr7	1830000	1840000	20.464683810193097	1835000
chr7	1840000	1850000	20.0371870607897	1845000
chr7	1850000	1860000	19.67089122872347	1855000
chr7	1860000	1870000	14.782967865977275	1865000
chr7	1870000	1880000	9.75359211057583	1875000
chr7	1880000	1890000	14.546631710946789	1885000
chr7	1890000	1900000	28.42564478272592	1895000
chr7	1900000	1910000	21.446090971768392	1905000
chr7	1910000	1920000	19.63181626883563	1915000
chr7	1920000	1930000	17.080153899911153	1925000
chr7	1930000	1940000	26.958693158112666	1935000
chr7	1940000	1950000	22.505299199323517	1945000
chr7	1950000	1960000	25.057545423254513	1955000
chr7	1960000	1970000	26.863527307499307	1965000
chr7	1970000	1980000	33.24023666564012	1975000
chr7	1980000	1990000	31.946309456673465	1985000
chr7	1990000	2000000	21.8176408282298	1995000
chr7	2000000	2010000	31.165770848748526	2005000
chr7	2010000	2020000	33.10317899573539	2015000
chr7	2020000	2030000	23.382395243533875	2025000
chr7	2030000	2040000	14.746911081873131	2035000
chr7	2040000	2050000	8.995269664497586	2045000
chr7	2050000	2060000	15.76706721744031	2055000
chr7	2060000	2070000	31.621836355671434	2065000
chr7	2070000	2080000	44.98237112655071	2075000
chr7	2080000	2090000	0.8595502101168159	2085000
chr7	2090000	2100000	2.518005313133067	2095000
chr7	2100000	2110000	0.02094971752943785	2105000
chr7	2110000	2120000	0.03623600989289389	2115000
chr7	2120000	2130000	0.045581127789515126	2125000
chr7	2130000	2140000	0.04559466708072019	2135000
chr7	2140000	2150000	0.045682095958015555	2145000
chr7	2150000	2160000	0.04574521394739546	2155000
chr7	2160000	2170000	0.050279391964556094	2165000
chr7	2170000	2180000	0.07438905489762307	2175000
chr7	2180000	2190000	0.10168542808782687	2185000
chr7	2190000	2200000	0.10283432776298328	2195000
chr7	2200000	2210000	0.10318974047086514	2205000
chr7	2210000	2220000	0.16594571533492403	2215000
chr7	2220000	2230000	0.501876122973819	2225000
chr7	2230000	2240000	0.49677503044753873	2235000
chr7	2240000	2250000	0.2211809614310417	2245000
chr7	2250000	2260000	0.16074290255910814	2255000
chr7	2260000	2270000	0.16688158598574848	2265000
chr7	2270000	2280000	0.1886460090438363	2275000
chr7	2280000	2290000	0.25437341703321215	2285000
chr7	2290000	2300000	0.37044579168529873	2295000
chr7	2300000	2310000	0.2702691885160873	2305000
chr7	2310000	2320000	0.1633677326064282	2315000
chr7	2320000	2330000	0.11048590221435559	2325000
chr7	2330000	2340000	0.16160637060812189	2335000
chr7	2340000	2350000	0.40455811530822944	2345000
chr7	2350000	2360000	0.26469385645669985	2355000
chr7	2360000	2370000	0.21354332337830417	2365000
chr7	2370000	2380000	2.526232114051758	2375000
chr7	2380000	2390000	0.2378926367885812	2385000
chr7	2390000	2400000	0.21611192796540807	2395000
chr7	2400000	2410000	0.20812167968558234	2405000
chr7	2410000	2420000	0.3549883350014831	2415000
chr7	2420000	2430000	0.2918080623757613	2425000
chr7	2430000	2440000	0.252638424008653	2435000
chr7	2440000	2450000	0.22030675906625108	2445000
chr7	2450000	2460000	0.4670710294298178	2455000
chr7	2460000	2470000	1.3833931818292928	2465000
chr7	2470000	2480000	0.5495864594548401	2475000
chr7	2480000	2490000	0.25092077799466783	2485000
chr7	2490000	2500000	0.264701380891121	2495000
chr7	2500000	2510000	1.6363304078219554	2505000
chr7	2510000	2520000	1.0884144526009378	2515000
chr7	2520000	2530000	0.4978903025744588	2525000
chr7	2530000	2540000	0.7024113086494872	2535000
chr7	2540000	2550000	0.45396214373272503	2545000
chr7	2550000	2560000	0.57296122829402	2555000
chr7	2560000	2570000	1.331424065374397	2565000
chr7	2570000	2580000	0.8554489862598366	2575000
chr7	2580000	2590000	1.2321868277773949	2585000
chr7	2590000	2600000	3.390953576774671	2595000
chr7	2600000	2610000	2.6274004892462766	2605000
chr7	2610000	2620000	0.914984235272277	2615000
chr7	2620000	2630000	0.8841593745007116	2625000
chr7	2630000	2640000	0.8166932720202081	2635000
chr7	2640000	2650000	0.4947111996484365	2645000
chr7	2650000	2660000	0.8932866111315855	2655000
chr7	2660000	2670000	5.675053921396239	2665000
chr7	2670000	2680000	1.9342966075921928	2675000
chr7	2680000	2690000	6.975572624481711	2685000
chr7	2690000	2700000	2.3150560590869826	2695000
chr7	2700000	2710000	2.415943257295747	2705000
chr7	2710000	2720000	2.021662690597649	2715000
chr7	2720000	2730000	2.754994071121092	2725000
chr7	2730000	2740000	2.872868790581858	2735000
chr7	2740000	2750000	5.345374569286228	2745000
chr7	2750000	2760000	9.394637858777436	2755000
chr7	2760000	2770000	5.305822413304646	2765000
chr7	2770000	2780000	5.329504935292019	2775000
chr7	2780000	2790000	5.617166432006054	2785000
chr7	2790000	2800000	5.63173706634569	2795000
chr7	2800000	2810000	5.812519133879446	2805000
chr7	2810000	2820000	6.359325046544179	2815000
chr7	2820000	2830000	6.68067690210925	2825000
chr7	2830000	2840000	6.1854819408601704	2835000
chr7	2840000	2850000	7.894724045769857	2845000
chr7	2850000	2860000	7.175304240033824	2855000
chr7	2860000	2870000	7.1154847945699045	2865000
chr7	2870000	2880000	6.564422684291748	2875000
chr7	2880000	2890000	10.086174269455078	2885000
chr7	2890000	2900000	6.17203574362985	2895000
chr7	2900000	2910000	6.658222817204584	2905000
chr7	2910000	2920000	8.948188536141659	2915000
chr7	2920000	2930000	8.351827722388865	2925000
chr7	2930000	2940000	13.099282095412445	2935000
chr7	2940000	2950000	9.899781712830805	2945000
chr7	2950000	2960000	10.005220369817449	2955000
chr7	2960000	2970000	13.416605766861437	2965000
chr7	2970000	2980000	9.579512063412135	2975000
chr7	2980000	2990000	13.687052095450984	2985000
chr7	2990000	3000000	19.310457026169324	2995000
chr7	3000000	3010000	10.782981169277251	3005000
chr7	3010000	3020000	17.960473102969146	3015000
chr7	3020000	3030000	9.344173936804356	3025000
chr7	3030000	3040000	9.090999795595954	3035000
chr7	3040000	3050000	10.902635694483513	3045000
chr7	3050000	3060000	11.463629812144037	3055000
chr7	3060000	3070000	12.78627050112117	3065000
chr7	3070000	3080000	17.231634185423676	3075000
chr7	3080000	3090000	13.104270165480369	3085000
chr7	3090000	3100000	8.136719828435655	3095000
chr7	3100000	3110000	9.678991438837329	3105000
chr7	3110000	3120000	11.098510182556824	3115000
chr7	3120000	3130000	11.211346086898564	3125000
chr7	3130000	3140000	10.330635848040254	3135000
chr7	3140000	3150000	9.348542075903259	3145000
chr7	3150000	3160000	9.041488207378512	3155000
chr7	3160000	3170000	11.496523991043176	3165000
chr7	3170000	3180000	13.508625389795045	3175000
chr7	3180000	3190000	12.653113008479552	3185000
chr7	3190000	3200000	14.650032682733327	3195000
chr7	3200000	3210000	16.385390780002282	3205000
chr7	3210000	3220000	14.6058979367752	3215000
chr7	3220000	3230000	12.047828412540873	3225000
chr7	3230000	3240000	22.160170445265553	3235000
chr7	3240000	3250000	15.141794047698399	3245000
chr7	3250000	3260000	14.425200967943159	3255000
chr7	3260000	3270000	10.941528322291624	3265000
chr7	3270000	3280000	16.852081557597682	3275000
chr7	3280000	3290000	17.65364174157157	3285000
chr7	3290000	3300000	12.254507780629963	3295000
chr7	3300000	3310000	15.843124946493145	3305000
chr7	3310000	3320000	13.737222456789013	3315000
chr7	3320000	3330000	7.625593685826824	3325000
chr7	3330000	3340000	7.2623186219431215	3335000
chr7	3340000	3350000	13.586744294099475	3345000
chr7	3350000	3360000	15.041057465019579	3355000
chr7	3360000	3370000	16.701742735357634	3365000
chr7	3370000	3380000	12.804379055353756	3375000
chr7	3380000	3390000	14.756463086069889	3385000
chr7	3390000	3400000	17.167976876745637	3395000
chr7	3400000	3410000	20.223824892941526	3405000
chr7	3410000	3420000	12.921175009347504	3415000
chr7	3420000	3430000	11.279011647016057	3425000
chr7	3430000	3440000	20.03157591574219	3435000
chr7	3440000	3450000	17.229897447458402	3445000
chr7	3450000	3460000	20.742239266472687	3455000
chr7	3460000	3470000	21.015495728878303	3465000
chr7	3470000	3480000	15.4715198563441	3475000
chr7	3480000	3490000	19.104358386979243	3485000
chr7	3490000	3500000	14.795024308587807	3495000
chr7	3500000	3510000	19.777963416074694	3505000
chr7	3510000	3520000	16.568895392595486	3515000
chr7	3520000	3530000	11.870762305228217	3525000
chr7	3530000	3540000	21.276931990081476	3535000
chr7	3540000	3550000	22.38398026558508	3545000
chr7	3550000	3560000	24.16962049316665	3555000
chr7	3560000	3570000	25.729533108229468	3565000
chr7	3570000	3580000	26.714225614051042	3575000
chr7	3580000	3590000	25.096808301976594	3585000
chr7	3590000	3600000	27.296017890948423	3595000
chr7	3600000	3610000	29.70056541181832	3605000
chr7	3610000	3620000	33.5342962960111	3615000
chr7	3620000	3630000	23.912956337657853	3625000
chr7	3630000	3640000	30.426677404464055	3635000
chr7	3640000	3650000	29.251910007182822	3645000
chr7	3650000	3660000	25.14955378887685	3655000
chr7	3660000	3670000	28.232223567424683	3665000
chr7	3670000	3680000	32.25570901186422	3675000
chr7	3680000	3690000	17.77690997282673	3685000
chr7	3690000	3700000	7.156726554021318	3695000
chr7	3700000	3710000	6.877790964799838	3705000
chr7	3710000	3720000	8.39574113302098	3715000
chr7	3720000	3730000	9.311178711585669	3725000
chr7	3730000	3740000	10.080166121389443	3735000
chr7	3740000	3750000	12.072251862626436	3745000
chr7	3750000	3760000	9.719839843872165	3755000
chr7	3760000	3770000	9.857570388484438	3765000
chr7	3770000	3780000	7.703632899864589	3775000
chr7	3780000	3790000	9.728157851275137	3785000
chr7	3790000	3800000	20.733500529895345	3795000
chr7	3800000	3810000	20.502303815478204	3805000
chr7	3810000	3820000	11.797717771599604	3815000
chr7	3820000	3830000	22.43154061792168	3825000
chr7	3830000	3840000	29.85220494684826	3835000
chr7	3840000	3850000	19.073012979094365	3845000
chr7	3850000	3860000	28.69915888042242	3855000
chr7	3860000	3870000	18.915731971723176	3865000
chr7	3870000	3880000	13.272283382917731	3875000
chr7	3880000	3890000	7.687747985752471	3885000
chr7	3890000	3900000	12.109706906077616	3895000
chr7	3900000	3910000	10.874687802247518	3905000
chr7	3910000	3920000	14.171317066761231	3915000
chr7	3920000	3930000	11.82600810163847	3925000
chr7	3930000	3940000	13.162818151959632	3935000
chr7	3940000	3950000	12.558027105535315	3945000
chr7	3950000	3960000	15.585710117896808	3955000
chr7	3960000	3970000	17.049268387497815	3965000
chr7	3970000	3980000	11.894070141419224	3975000
chr7	3980000	3990000	14.308242729135284	3985000
chr7	3990000	4000000	15.862868658407983	3995000
chr7	4000000	4010000	17.724649684268524	4005000
chr7	4010000	4020000	29.25163675048097	4015000
chr7	4020000	4030000	20.745448501413236	4025000
chr7	4030000	4040000	15.613785566957233	4035000
chr7	4040000	4050000	17.514277752431063	4045000
chr7	4050000	4060000	16.650762716576814	4055000
chr7	4060000	4070000	21.822961490790252	4065000
chr7	4070000	4080000	18.192396866694498	4075000
chr7	4080000	4090000	16.769403552228606	4085000
chr7	4090000	4100000	19.543574315542138	4095000
chr7	4100000	4110000	16.600025838768698	4105000
chr7	4110000	4120000	18.453785644553005	4115000
chr7	4120000	4130000	11.576096129378708	4125000
chr7	4130000	4140000	10.469694910208176	4135000
chr7	4140000	4150000	13.215664196725792	4145000
chr7	4150000	4160000	14.223640197840233	4155000
chr7	4160000	4170000	11.681909528276986	4165000
chr7	4170000	4180000	10.986000860259471	4175000
chr7	4180000	4190000	9.869030959209876	4185000
chr7	4190000	4200000	10.416109101702586	4195000
chr7	4200000	4210000	11.842575161710304	4205000
chr7	4210000	4220000	10.981601565276538	4215000
chr7	4220000	4230000	16.710371579663747	4225000
chr7	4230000	4240000	12.792538298351975	4235000
chr7	4240000	4250000	13.773589304155388	4245000
chr7	4250000	4260000	12.31867580318965	4255000
chr7	4260000	4270000	11.562110293860556	4265000
chr7	4270000	4280000	10.4637130977525	4275000
chr7	4280000	4290000	9.97392648197155	4285000
chr7	4290000	4300000	10.196320487603321	4295000
chr7	4300000	4310000	12.464975315929912	4305000
chr7	4310000	4320000	9.920144866841568	4315000
chr7	4320000	4330000	29.709989535404805	4325000
chr7	4330000	4340000	41.741532128841584	4335000
chr7	4340000	4350000	16.004599731607343	4345000
chr7	4350000	4360000	17.26037979501406	4355000
chr7	4360000	4370000	17.93752972333736	4365000
chr7	4370000	4380000	15.115214385455882	4375000
chr7	4380000	4390000	17.415686726204378	4385000
chr7	4390000	4400000	16.915778966030583	4395000
chr7	4400000	4410000	13.398263023942894	4405000
chr7	4410000	4420000	18.011327555638754	4415000
chr7	4420000	4430000	17.21125554582797	4425000
chr7	4430000	4440000	16.064850704065332	4435000
chr7	4440000	4450000	36.27223718693518	4445000
chr7	4450000	4460000	24.233810091889815	4455000
chr7	4460000	4470000	21.53922298238609	4465000
chr7	4470000	4480000	22.60565876548007	4475000
chr7	4480000	4490000	14.590072145003543	4485000
chr7	4490000	4500000	16.808023327918082	4495000
chr7	4500000	4510000	13.910996482548322	4505000
chr7	4510000	4520000	31.15647222049254	4515000
chr7	4520000	4530000	19.05548877736725	4525000
chr7	4530000	4540000	13.038845844631991	4535000
chr7	4540000	4550000	16.876965860427017	4545000
chr7	4550000	4560000	15.187690109680759	4555000
chr7	4560000	4570000	11.35504662512322	4565000
chr7	4570000	4580000	12.972859759344603	4575000
chr7	4580000	4590000	14.343748971342048	4585000
chr7	4590000	4600000	14.301814799431298	4595000
chr7	4600000	4610000	15.743574292195943	4605000
chr7	4610000	4620000	18.398367459710016	4615000
chr7	4620000	4630000	17.041882812107275	4625000
chr7	4630000	4640000	21.46805263205547	4635000
chr7	4640000	4650000	22.16441211069177	4645000
chr7	4650000	4660000	21.727902808555456	4655000
chr7	4660000	4670000	28.53815466707343	4665000
chr7	4670000	4680000	21.672681052295804	4675000
chr7	4680000	4690000	17.74404817066502	4685000
chr7	4690000	4700000	6.192604538314415	4695000
chr7	4700000	4710000	21.38761342014108	4705000
chr7	4710000	4720000	15.810440837994326	4715000
chr7	4720000	4730000	12.483648323204616	4725000
chr7	4730000	4740000	10.146020711469918	4735000
chr7	4740000	4750000	12.977299285069076	4745000
chr7	4750000	4760000	17.80091276748012	4755000
chr7	4760000	4770000	18.75240440772557	4765000
chr7	4770000	4780000	19.775458602740432	4775000
chr7	4780000	4790000	32.89430536800888	4785000
chr7	4790000	4800000	15.411751944782727	4795000
chr7	4800000	4810000	11.602305036879743	4805000
chr7	4810000	4820000	25.32094108222429	4815000
chr7	4820000	4830000	24.336935673579465	4825000
chr7	4830000	4840000	20.762749583757966	4835000
chr7	4840000	4850000	32.35744302745994	4845000
chr7	4850000	4860000	26.408223104806375	4855000
chr7	4860000	4870000	21.979150088122097	4865000
chr7	4870000	4880000	13.27043752278392	4875000
chr7	4880000	4890000	17.767188692198406	4885000
chr7	4890000	4900000	9.545193185011277	4895000
chr7	4900000	4910000	12.029116958164526	4905000
chr7	4910000	4920000	9.487379803831297	4915000
chr7	4920000	4930000	8.58705174004677	4925000
chr7	4930000	4940000	8.814619994523813	4935000
chr7	4940000	4950000	26.239594642580197	4945000
chr7	4950000	4960000	7.517192043455025	4955000
chr7	4960000	4970000	4.1561475070119345	4965000
chr7	4970000	4980000	3.5115908813695285	4975000
chr7	4980000	4990000	4.904408803646172	4985000
chr7	4990000	5000000	4.9855208069643036	4995000
chr7	5000000	5010000	10.541564073854964	5005000
chr7	5010000	5020000	17.839664313269058	5015000
chr7	5020000	5030000	18.88781536484824	5025000
chr7	5030000	5040000	11.74252078988773	5035000
chr7	5040000	5050000	11.22809307668497	5045000
chr7	5050000	5060000	7.694684981962469	5055000
chr7	5060000	5070000	11.674185840715374	5065000
chr7	5070000	5080000	15.636523460644964	5075000
chr7	5080000	5090000	11.158037091499763	5085000
chr7	5090000	5100000	12.514464346405507	5095000
chr7	5100000	5110000	7.112986119472471	5105000
chr7	5110000	5120000	12.80837143947806	5115000
chr7	5120000	5130000	21.418017971932443	5125000
chr7	5130000	5140000	11.067349923958322	5135000
chr7	5140000	5150000	6.908482245823849	5145000
chr7	5150000	5160000	9.298855327278755	5155000
chr7	5160000	5170000	15.660599526294192	5165000
chr7	5170000	5180000	10.74435272600003	5175000
chr7	5180000	5190000	10.099832119045315	5185000
chr7	5190000	5200000	7.021839534763375	5195000
chr7	5200000	5210000	5.007714120446455	5205000
chr7	5210000	5220000	4.100150433754872	5215000
chr7	5220000	5230000	6.09042815698565	5225000
chr7	5230000	5240000	6.274497347102478	5235000
chr7	5240000	5250000	7.2015910418022475	5245000
chr7	5250000	5260000	17.076190815373934	5255000
chr7	5260000	5270000	11.783884660551362	5265000
chr7	5270000	5280000	14.800346091848153	5275000
chr7	5280000	5290000	7.929424530466387	5285000
chr7	5290000	5300000	10.779363019777167	5295000
chr7	5300000	5310000	10.526748513358305	5305000
chr7	5310000	5320000	9.12935113558234	5315000
chr7	5320000	5330000	9.815586506599326	5325000
chr7	5330000	5340000	7.6691115232332185	5335000
chr7	5340000	5350000	28.040338076556694	5345000
chr7	5350000	5360000	27.020677893199753	5355000
chr7	5360000	5370000	13.703814690524602	5365000
chr7	5370000	5380000	8.801598499582234	5375000
chr7	5380000	5390000	28.713953239051158	5385000
chr7	5390000	5400000	12.766303622153677	5395000
chr7	5400000	5410000	15.079831319958819	5405000
chr7	5410000	5420000	15.486738891973035	5415000
chr7	5420000	5430000	15.06177485148818	5425000
chr7	5430000	5440000	23.616470158744125	5435000
chr7	5440000	5450000	16.573668909671795	5445000
chr7	5450000	5460000	17.940127723617078	5455000
chr7	5460000	5470000	8.183609152125413	5465000
chr7	5470000	5480000	11.679858705176306	5475000
chr7	5480000	5490000	16.021932305693504	5485000
chr7	5490000	5500000	15.22235533573108	5495000
chr7	5500000	5510000	33.072872745994104	5505000
chr7	5510000	5520000	26.597707206056	5515000
chr7	5520000	5530000	16.40658048363917	5525000
chr7	5530000	5540000	11.064234657493712	5535000
chr7	5540000	5550000	20.57265271839733	5545000
chr7	5550000	5560000	7.065557609233779	5555000
chr7	5560000	5570000	9.113789645840471	5565000
chr7	5570000	5580000	6.784270516965394	5575000
chr7	5580000	5590000	8.803880552958264	5585000
chr7	5590000	5600000	5.600379222066328	5595000
chr7	5600000	5610000	10.491577170824298	5605000
chr7	5610000	5620000	15.139029320783393	5615000
chr7	5620000	5630000	12.720407683270894	5625000
chr7	5630000	5640000	14.060631625690016	5635000
chr7	5640000	5650000	11.765313133302852	5645000
chr7	5650000	5660000	11.285919575439948	5655000
chr7	5660000	5670000	12.790674125394915	5665000
chr7	5670000	5680000	13.930203642214611	5675000
chr7	5680000	5690000	13.183604405796068	5685000
chr7	5690000	5700000	11.58629754347942	5695000
chr7	5700000	5710000	12.50991487582616	5705000
chr7	5710000	5720000	9.383095587925055	5715000
chr7	5720000	5730000	8.371514629875382	5725000
chr7	5730000	5740000	9.437372462445984	5735000
chr7	5740000	5750000	12.707759111723666	5745000
chr7	5750000	5760000	9.07039271052332	5755000
chr7	5760000	5770000	8.71880148917305	5765000
chr7	5770000	5780000	11.121294104331408	5775000
chr7	5780000	5790000	15.900042656799263	5785000
chr7	5790000	5800000	13.761872522584357	5795000
chr7	5800000	5810000	16.135770258313322	5805000
chr7	5810000	5820000	15.348009775913466	5815000
chr7	5820000	5830000	14.101696491911206	5825000
chr7	5830000	5840000	24.839703449028722	5835000
chr7	5840000	5850000	26.356170131947128	5845000
chr7	5850000	5860000	20.3262112658358	5855000
chr7	5860000	5870000	19.02043942080947	5865000
chr7	5870000	5880000	18.849121911610624	5875000
chr7	5880000	5890000	23.088815446453523	5885000
chr7	5890000	5900000	20.39266513977199	5895000
chr7	5900000	5910000	35.94544473518843	5905000
chr7	5910000	5920000	22.551094086050757	5915000
chr7	5920000	5930000	17.82966528211631	5925000
chr7	5930000	5940000	14.814093248762473	5935000
chr7	5940000	5950000	31.344854508494702	5945000
chr7	5950000	5960000	22.155155008252695	5955000
chr7	5960000	5970000	18.08170429905095	5965000
chr7	5970000	5980000	19.931587120186993	5975000
chr7	5980000	5990000	17.750645239602843	5985000
chr7	5990000	6000000	20.510048382457665	5995000
chr7	6000000	6010000	22.23759000862699	6005000
chr7	6010000	6020000	25.293798285073944	6015000
chr7	6020000	6030000	23.24990622365302	6025000
chr7	6030000	6040000	24.22784699947795	6035000
chr7	6040000	6050000	28.66248444586596	6045000
chr7	6050000	6060000	28.509747848135255	6055000
chr7	6060000	6070000	18.862531828864643	6065000
chr7	6070000	6080000	19.48148782463781	6075000
chr7	6080000	6090000	23.53615815294781	6085000
chr7	6090000	6100000	16.886246625001927	6095000
chr7	6100000	6110000	22.362500574883725	6105000
chr7	6110000	6120000	29.13937380329529	6115000
chr7	6120000	6130000	20.683929563305913	6125000
chr7	6130000	6140000	31.431414012032004	6135000
chr7	6140000	6150000	23.652928323727973	6145000
chr7	6150000	6160000	22.717279556354697	6155000
chr7	6160000	6170000	17.040810594382215	6165000
chr7	6170000	6180000	13.181233415899056	6175000
chr7	6180000	6190000	20.567075697609873	6185000
chr7	6190000	6200000	21.28468904836002	6195000
chr7	6200000	6210000	30.557118059924466	6205000
chr7	6210000	6220000	17.27359172206173	6215000
chr7	6220000	6230000	15.246943915406929	6225000
chr7	6230000	6240000	26.540145175506094	6235000
chr7	6240000	6250000	18.981226167444564	6245000
chr7	6250000	6260000	19.153364379791714	6255000
chr7	6260000	6270000	20.32504397335623	6265000
chr7	6270000	6280000	14.866941920964916	6275000
chr7	6280000	6290000	13.011747286327957	6285000
chr7	6290000	6300000	14.890686733245976	6295000
chr7	6300000	6310000	15.744178973412394	6305000
chr7	6310000	6320000	12.129155466812488	6315000
chr7	6320000	6330000	10.017916013238194	6325000
chr7	6330000	6340000	7.889736375839127	6335000
chr7	6340000	6350000	8.994943240693594	6345000
chr7	6350000	6360000	12.035651796225055	6355000
chr7	6360000	6370000	2.2955191992579893	6365000
chr7	6370000	6380000	5.2315148285184065	6375000
chr7	6380000	6390000	6.606851999575504	6385000
chr7	6390000	6400000	6.742101912974068	6395000
chr7	6400000	6410000	6.70648334646534	6405000
chr7	6410000	6420000	7.663064583183937	6415000
chr7	6420000	6430000	14.34026154975327	6425000
chr7	6430000	6440000	9.73869848012988	6435000
chr7	6440000	6450000	11.45781125655906	6445000
chr7	6450000	6460000	12.873455758586111	6455000
chr7	6460000	6470000	9.042795575722861	6465000
chr7	6470000	6480000	4.240246107490281	6475000
chr7	6480000	6490000	6.019536777027962	6485000
chr7	6490000	6500000	17.390345057654176	6495000
chr7	6500000	6510000	11.292849638237925	6505000
chr7	6510000	6520000	9.545466218001803	6515000
chr7	6520000	6530000	6.176720709885385	6525000
chr7	6530000	6540000	17.8979091464714	6535000
chr7	6540000	6550000	6.071193244860264	6545000
chr7	6550000	6560000	3.5667633497347606	6555000
chr7	6560000	6570000	1.33920539734357	6565000
chr7	6570000	6580000	7.034247618710878	6575000
chr7	6580000	6590000	3.2990914164603526	6585000
chr7	6590000	6600000	3.472100030606362	6595000
chr7	6600000	6610000	2.5625613888818695	6605000
chr7	6610000	6620000	3.649707857404237	6615000
chr7	6620000	6630000	6.162899435196305	6625000
chr7	6630000	6640000	6.339048821812719	6635000
chr7	6640000	6650000	4.133352860375324	6645000
chr7	6650000	6660000	5.927304318255036	6655000
chr7	6660000	6670000	9.618859083578398	6665000
chr7	6670000	6680000	4.374196992586437	6675000
chr7	6680000	6690000	4.04969316339876	6685000
chr7	6690000	6700000	10.846029911682765	6695000
chr7	6700000	6710000	9.442986108650432	6705000
chr7	6710000	6720000	9.813474720907466	6715000
chr7	6720000	6730000	19.61367440307648	6725000
chr7	6730000	6740000	15.616026175778783	6735000
chr7	6740000	6750000	10.35509844919738	6745000
chr7	6750000	6760000	11.626293743095962	6755000
chr7	6760000	6770000	9.760423871153712	6765000
chr7	6770000	6780000	12.770546323573651	6775000
chr7	6780000	6790000	9.559730383364952	6785000
chr7	6790000	6800000	10.523089683172056	6795000
chr7	6800000	6810000	17.450860884171586	6805000
chr7	6810000	6820000	10.90262675295969	6815000
chr7	6820000	6830000	10.365812431095543	6825000
chr7	6830000	6840000	10.84328280945946	6835000
chr7	6840000	6850000	10.315153091657612	6845000
chr7	6850000	6860000	14.326545454633704	6855000
chr7	6860000	6870000	9.37374302210305	6865000
chr7	6870000	6880000	12.326860542624392	6875000
chr7	6880000	6890000	11.96968388009409	6885000
chr7	6890000	6900000	13.492816490170172	6895000
chr7	6900000	6910000	14.085745011738899	6905000
chr7	6910000	6920000	11.984805231811693	6915000
chr7	6920000	6930000	14.714024969760827	6925000
chr7	6930000	6940000	8.419445832155548	6935000
chr7	6940000	6950000	9.901925957942233	6945000
chr7	6950000	6960000	27.052620896630565	6955000
chr7	6960000	6970000	9.281717246949713	6965000
chr7	6970000	6980000	16.925474058494267	6975000
chr7	6980000	6990000	12.901603770046506	6985000
chr7	6990000	7000000	12.111644395116015	6995000
chr7	7000000	7010000	11.447328543188268	7005000
chr7	7010000	7020000	13.763480280705584	7015000
chr7	7020000	7030000	14.856540069081104	7025000
chr7	7030000	7040000	15.127276957302266	7035000
chr7	7040000	7050000	14.400580334155181	7045000
chr7	7050000	7060000	15.020120988331142	7055000
chr7	7060000	7070000	14.14444616160574	7065000
chr7	7070000	7080000	15.7384327587505	7075000
chr7	7080000	7090000	15.848022122096904	7085000
chr7	7090000	7100000	16.777936220480385	7095000
chr7	7100000	7110000	9.964597643021717	7105000
chr7	7110000	7120000	9.720130940864669	7115000
chr7	7120000	7130000	12.016422908972837	7125000
chr7	7130000	7140000	15.188897008654019	7135000
chr7	7140000	7150000	8.907610908411879	7145000
chr7	7150000	7160000	6.3149238422285965	7155000
chr7	7160000	7170000	3.674411461757663	7165000
chr7	7170000	7180000	4.135431438469595	7175000
chr7	7180000	7190000	5.651086533708765	7185000
chr7	7190000	7200000	12.789380439077362	7195000
chr7	7200000	7210000	5.792271362038811	7205000
chr7	7210000	7220000	4.358522290726766	7215000
chr7	7220000	7230000	5.174432867805875	7225000
chr7	7230000	7240000	5.760450087754902	7235000
chr7	7240000	7250000	4.032008674708445	7245000
chr7	7250000	7260000	7.334967789385369	7255000
chr7	7260000	7270000	4.690025462185947	7265000
chr7	7270000	7280000	6.443050655575866	7275000
chr7	7280000	7290000	6.669443877652885	7285000
chr7	7290000	7300000	5.863176293446461	7295000
chr7	7300000	7310000	9.823301867053651	7305000
chr7	7310000	7320000	13.29459231580475	7315000
chr7	7320000	7330000	54.83351753360063	7325000
chr7	7330000	7340000	6.792304367084195	7335000
chr7	7340000	7350000	5.959387132327579	7345000
chr7	7350000	7360000	7.220502010321627	7355000
chr7	7360000	7370000	7.610913501231753	7365000
chr7	7370000	7380000	4.60918835511124	7375000
chr7	7380000	7390000	3.2476358885062075	7385000
chr7	7390000	7400000	2.198058991110189	7395000
chr7	7400000	7410000	3.4368636585930132	7405000
chr7	7410000	7420000	3.9471104955955516	7415000
chr7	7420000	7430000	3.3027000707760217	7425000
chr7	7430000	7440000	2.525612626088727	7435000
chr7	7440000	7450000	1.5236061783192665	7445000
chr7	7450000	7460000	3.654961180003632	7455000
chr7	7460000	7470000	3.5477126435220656	7465000
chr7	7470000	7480000	2.488492459803253	7475000
chr7	7480000	7490000	4.523666717781136	7485000
chr7	7490000	7500000	10.064277569548366	7495000
chr7	7500000	7510000	7.173547729752277	7505000
chr7	7510000	7520000	10.622938715551987	7515000
chr7	7520000	7530000	12.241400806549759	7525000
chr7	7530000	7540000	10.298966681106075	7535000
chr7	7540000	7550000	7.998048488489372	7545000
chr7	7550000	7560000	2.6540587171026426	7555000
chr7	7560000	7570000	3.9676734410292114	7565000
chr7	7570000	7580000	2.9984469139988117	7575000
chr7	7580000	7590000	3.131581012727652	7585000
chr7	7590000	7600000	6.047398110809643	7595000
chr7	7600000	7610000	8.028008781228396	7605000
chr7	7610000	7620000	12.380066857601875	7615000
chr7	7620000	7630000	4.40705365798143	7625000
chr7	7630000	7640000	3.947601378381467	7635000
chr7	7640000	7650000	4.578301951137587	7645000
chr7	7650000	7660000	4.647674521218547	7655000
chr7	7660000	7670000	5.357065032561351	7665000
chr7	7670000	7680000	3.2177597885175984	7675000
chr7	7680000	7690000	6.950818029641344	7685000
chr7	7690000	7700000	4.0812649447538645	7695000
chr7	7700000	7710000	4.917218523693853	7705000
chr7	7710000	7720000	8.296441416921043	7715000
chr7	7720000	7730000	6.63345795474816	7725000
chr7	7730000	7740000	5.5619581465300305	7735000
chr7	7740000	7750000	3.4580249707896127	7745000
chr7	7750000	7760000	3.572379858253	7755000
chr7	7760000	7770000	9.1005883026473	7765000
chr7	7770000	7780000	22.969443907030904	7775000
chr7	7780000	7790000	6.529733481469129	7785000
chr7	7790000	7800000	10.06799911435495	7795000
chr7	7800000	7810000	4.774138990036978	7805000
chr7	7810000	7820000	7.475447496578988	7815000
chr7	7820000	7830000	4.798349045263372	7825000
chr7	7830000	7840000	17.08988439199005	7835000
chr7	7840000	7850000	8.909127210907782	7845000
chr7	7850000	7860000	14.828824480911702	7855000
chr7	7860000	7870000	10.96649372331915	7865000
chr7	7870000	7880000	6.164473198777278	7875000
chr7	7880000	7890000	21.160009915324153	7885000
chr7	7890000	7900000	14.4372139792981	7895000
chr7	7900000	7910000	11.892101313838303	7905000
chr7	7910000	7920000	8.385301781702927	7915000
chr7	7920000	7930000	6.771886051110657	7925000
chr7	7930000	7940000	8.292305693734876	7935000
chr7	7940000	7950000	6.04526412201072	7945000
chr7	7950000	7960000	3.2799072288996496	7955000
chr7	7960000	7970000	4.81325702414474	7965000
chr7	7970000	7980000	6.391002250852051	7975000
chr7	7980000	7990000	10.065394691455946	7985000
chr7	7990000	8000000	9.468732772852208	7995000
chr7	8000000	8010000	7.151388148806036	8005000
chr7	8010000	8020000	18.031740367182213	8015000
chr7	8020000	8030000	12.837786857707366	8025000
chr7	8030000	8040000	11.873805645498473	8035000
chr7	8040000	8050000	10.375963118694354	8045000
chr7	8050000	8060000	22.183475959699592	8055000
chr7	8060000	8070000	9.090557002193444	8065000
chr7	8070000	8080000	7.133219881371172	8075000
chr7	8080000	8090000	10.981582233599331	8085000
chr7	8090000	8100000	16.261116739368543	8095000
chr7	8100000	8110000	11.688830979290067	8105000
chr7	8110000	8120000	9.215072667567107	8115000
chr7	8120000	8130000	13.067232317923203	8125000
chr7	8130000	8140000	12.876273123737425	8135000
chr7	8140000	8150000	12.056176917424885	8145000
chr7	8150000	8160000	10.275666488217093	8155000
chr7	8160000	8170000	12.078433050037773	8165000
chr7	8170000	8180000	11.993781769394698	8175000
chr7	8180000	8190000	12.645419980389455	8185000
chr7	8190000	8200000	11.766443001367955	8195000
chr7	8200000	8210000	13.495024680539679	8205000
chr7	8210000	8220000	11.65473027942948	8215000
chr7	8220000	8230000	11.382205375333067	8225000
chr7	8230000	8240000	7.896119575556254	8235000
chr7	8240000	8250000	6.778096388147539	8245000
chr7	8250000	8260000	14.254459707277851	8255000
chr7	8260000	8270000	8.73725293893938	8265000
chr7	8270000	8280000	8.634537882142912	8275000
chr7	8280000	8290000	11.497737585005757	8285000
chr7	8290000	8300000	16.92985029366215	8295000
chr7	8300000	8310000	12.7215801094451	8305000
chr7	8310000	8320000	24.272020089235873	8315000
chr7	8320000	8330000	21.316287425051932	8325000
chr7	8330000	8340000	19.93505309333095	8335000
chr7	8340000	8350000	18.27641647234482	8345000
chr7	8350000	8360000	20.315147989041485	8355000
chr7	8360000	8370000	21.524742876900664	8365000
chr7	8370000	8380000	19.188736466108338	8375000
chr7	8380000	8390000	20.56712670862549	8385000
chr7	8390000	8400000	22.193261655061587	8395000
chr7	8400000	8410000	23.162476345463183	8405000
chr7	8410000	8420000	18.78632124761125	8415000
chr7	8420000	8430000	18.692761725562868	8425000
chr7	8430000	8440000	21.345133230415076	8435000
chr7	8440000	8450000	21.482798541146973	8445000
chr7	8450000	8460000	25.436293501847025	8455000
chr7	8460000	8470000	29.069041287874423	8465000
chr7	8470000	8480000	17.41690198015579	8475000
chr7	8480000	8490000	21.838216186151797	8485000
chr7	8490000	8500000	19.39696010402365	8495000
chr7	8500000	8510000	17.034180402702958	8505000
chr7	8510000	8520000	23.18864378428067	8515000
chr7	8520000	8530000	25.61720118800049	8525000
chr7	8530000	8540000	29.538981327881206	8535000
chr7	8540000	8550000	32.51927061052655	8545000
chr7	8550000	8560000	27.00645664004787	8555000
chr7	8560000	8570000	17.318115316128466	8565000
chr7	8570000	8580000	16.484912377176048	8575000
chr7	8580000	8590000	18.9194764000849	8585000
chr7	8590000	8600000	23.808817937450936	8595000
chr7	8600000	8610000	22.17855657994875	8605000
chr7	8610000	8620000	20.94896201487337	8615000
chr7	8620000	8630000	9.120430643601019	8625000
chr7	8630000	8640000	13.174511787232943	8635000
chr7	8640000	8650000	23.9550178182155	8645000
chr7	8650000	8660000	14.006891196506812	8655000
chr7	8660000	8670000	16.53656215968623	8665000
chr7	8670000	8680000	30.851893563249163	8675000
chr7	8680000	8690000	21.57051317455417	8685000
chr7	8690000	8700000	19.171631752697195	8695000
chr7	8700000	8710000	18.861292809206663	8705000
chr7	8710000	8720000	18.770882783951468	8715000
chr7	8720000	8730000	17.764607056872755	8725000
chr7	8730000	8740000	13.131680636915211	8735000
chr7	8740000	8750000	14.99841392344296	8745000
chr7	8750000	8760000	14.606099418633555	8755000
chr7	8760000	8770000	12.73777939328278	8765000
chr7	8770000	8780000	12.744716159284968	8775000
chr7	8780000	8790000	17.003658670407045	8785000
chr7	8790000	8800000	12.579343593900594	8795000
chr7	8800000	8810000	12.227626866302542	8805000
chr7	8810000	8820000	9.504266221356525	8815000
chr7	8820000	8830000	10.136937406148228	8825000
chr7	8830000	8840000	9.238152867331102	8835000
chr7	8840000	8850000	9.590197826084275	8845000
chr7	8850000	8860000	9.596338890376307	8855000
chr7	8860000	8870000	10.017740487222524	8865000
chr7	8870000	8880000	9.770449623680326	8875000
chr7	8880000	8890000	11.184575466139286	8885000
chr7	8890000	8900000	10.455864231071626	8895000
chr7	8900000	8910000	7.7623256570330135	8905000
chr7	8910000	8920000	8.13965311103873	8915000
chr7	8920000	8930000	8.860738093506859	8925000
chr7	8930000	8940000	8.041520211109056	8935000
chr7	8960000	8970000	4.3263406289849975	8965000
chr7	8980000	8990000	2.005062099726668	8985000
chr7	8990000	9000000	1.5224978957969912	8995000
chr7	9000000	9010000	2.327140204929	9005000
chr7	9010000	9020000	3.4608170377131255	9015000
chr7	9020000	9030000	2.636935193781716	9025000
chr7	9030000	9040000	3.01041406782215	9035000
chr7	9040000	9050000	3.5678553828821684	9045000
chr7	9050000	9060000	19.602818612776804	9055000
chr7	9060000	9070000	11.684016113210852	9065000
chr7	9070000	9080000	4.8289300691497345	9075000
chr7	9080000	9090000	5.170080178657272	9085000
chr7	9090000	9100000	8.161131975842144	9095000
chr7	9100000	9110000	8.051567788322341	9105000
chr7	9110000	9120000	5.525161735158664	9115000
chr7	9120000	9130000	5.102519103185633	9125000
chr7	9130000	9140000	4.270288257657338	9135000
chr7	9160000	9170000	5.165586041314893	9165000
chr7	9200000	9210000	10.1509121914231	9205000
chr7	9210000	9220000	24.890702492669693	9215000
chr7	9220000	9230000	12.783845010829356	9225000
chr7	9230000	9240000	16.061202440936054	9235000
chr7	9240000	9250000	12.700980808731988	9245000
chr7	9250000	9260000	9.546089982158112	9255000
chr7	9260000	9270000	10.296547036812823	9265000
chr7	9270000	9280000	8.9368339855626	9275000
chr7	9280000	9290000	7.4772359239979584	9285000
chr7	9290000	9300000	7.25200625528976	9295000
chr7	9300000	9310000	8.194851768681444	9305000
chr7	9310000	9320000	9.207986197585905	9315000
chr7	9320000	9330000	8.334658144675826	9325000
chr7	9330000	9340000	11.93784089785419	9335000
chr7	9340000	9350000	14.544846928096517	9345000
chr7	9350000	9360000	13.943456922294914	9355000
chr7	9360000	9370000	3.5676056737732225	9365000
chr7	9370000	9380000	4.402582119341201	9375000
chr7	9380000	9390000	3.8543535526901955	9385000
chr7	9400000	9410000	16.06497459478623	9405000
chr7	9420000	9430000	11.966470400982011	9425000
chr7	9430000	9440000	7.270826119069143	9435000
chr7	9440000	9450000	17.442040929270572	9445000
chr7	9450000	9460000	13.91405242346111	9455000
chr7	9460000	9470000	12.07561460552618	9465000
chr7	9470000	9480000	15.348137379445049	9475000
chr7	9480000	9490000	10.759209872242655	9485000
chr7	9490000	9500000	15.145517842052863	9495000
chr7	9500000	9510000	13.618161429679539	9505000
chr7	9510000	9520000	19.302654002787378	9515000
chr7	9520000	9530000	23.555609864537928	9525000
chr7	9530000	9540000	13.014305811941087	9535000
chr7	9540000	9550000	16.741773269788386	9545000
chr7	9550000	9560000	12.529802021718702	9555000
chr7	9560000	9570000	11.921926513453952	9565000
chr7	9570000	9580000	15.146599009012995	9575000
chr7	9580000	9590000	13.241999028435997	9585000
chr7	9590000	9600000	9.724849197326153	9595000
chr7	9600000	9610000	10.009872757564809	9605000
chr7	9610000	9620000	14.425146130227764	9615000
chr7	9620000	9630000	11.741168840657469	9625000
chr7	9630000	9640000	6.590704194254764	9635000
chr7	9640000	9650000	12.888193922987695	9645000
chr7	9650000	9660000	10.255447467326357	9655000
chr7	9660000	9670000	9.061258193033233	9665000
chr7	9670000	9680000	9.350147104916664	9675000
chr7	9680000	9690000	11.364464014883797	9685000
chr7	9690000	9700000	8.202933747154992	9695000
chr7	9700000	9710000	8.095389536791096	9705000
chr7	9710000	9720000	8.451703222186877	9715000
chr7	9720000	9730000	10.754855181288798	9725000
chr7	9730000	9740000	9.97747063303615	9735000
chr7	9740000	9750000	13.153498043987954	9745000
chr7	9750000	9760000	11.211726848913818	9755000
chr7	9760000	9770000	15.556214077168272	9765000
chr7	9770000	9780000	15.76321909994798	9775000
chr7	9780000	9790000	17.515878237750325	9785000
chr7	9790000	9800000	11.4740888524945	9795000
chr7	9800000	9810000	14.110854289022459	9805000
chr7	9810000	9820000	13.084288993517358	9815000
chr7	9820000	9830000	15.940501828644134	9825000
chr7	9830000	9840000	3.8775841732808685	9835000
chr7	9840000	9850000	4.473226282711378	9845000
chr7	9850000	9860000	2.4352253353840507	9855000
chr7	9860000	9870000	19.404275458416418	9865000
chr7	9870000	9880000	24.356826168615825	9875000
chr7	9880000	9890000	5.336358583992993	9885000
chr7	9890000	9900000	11.635137662417012	9895000
chr7	9900000	9910000	14.107276542370993	9905000
chr7	9910000	9920000	20.785253996631827	9915000
chr7	9920000	9930000	9.576390763383273	9925000
chr7	9930000	9940000	5.844670658790568	9935000
chr7	9940000	9950000	9.34108563432756	9945000
chr7	9950000	9960000	8.324522317612935	9955000
chr7	9960000	9970000	8.709891379711378	9965000
chr7	9970000	9980000	5.747470202951628	9975000
chr7	9980000	9990000	6.238768692031732	9985000
chr7	9990000	10000000	7.719345444870672	9995000
chr7	10000000	10010000	8.652654118622864	10005000
chr7	10010000	10020000	9.839437030922737	10015000
chr7	10020000	10030000	11.26311988858399	10025000
chr7	10030000	10040000	13.080550243928242	10035000
chr7	10040000	10050000	10.936763047864954	10045000
chr7	10050000	10060000	8.028478529923792	10055000
chr7	10060000	10070000	10.234481966863598	10065000
chr7	10070000	10080000	7.661483978107819	10075000
chr7	10080000	10090000	20.542940791880152	10085000
chr7	10090000	10100000	4.7921777769904965	10095000
chr7	10100000	10110000	14.778354930889039	10105000
chr7	10110000	10120000	10.422139848332977	10115000
chr7	10120000	10130000	6.1420624056103135	10125000
chr7	10130000	10140000	7.060226037071627	10135000
chr7	10140000	10150000	29.553721479786326	10145000
chr7	10150000	10160000	10.554825881157978	10155000
chr7	10160000	10170000	11.746962254056372	10165000
chr7	10170000	10180000	11.172354938634102	10175000
chr7	10180000	10190000	10.130659913561534	10185000
chr7	10190000	10200000	10.973943480706081	10195000
chr7	10200000	10210000	15.642818104941366	10205000
chr7	10210000	10220000	12.366990434225782	10215000
chr7	10220000	10230000	15.978411974300075	10225000
chr7	10230000	10240000	21.145729593652817	10235000
chr7	10240000	10250000	26.621338685865336	10245000
chr7	10250000	10260000	20.338919223452258	10255000
chr7	10260000	10270000	16.284512494372592	10265000
chr7	10270000	10280000	11.775514003786968	10275000
chr7	10280000	10290000	12.248571710845715	10285000
chr7	10290000	10300000	3.008928010558553	10295000
chr7	10300000	10310000	3.678453917577873	10305000
chr7	10310000	10320000	3.8642426217899453	10315000
chr7	10320000	10330000	13.741435828249205	10325000
chr7	10330000	10340000	12.860790449183083	10335000
chr7	10340000	10350000	4.437464948358835	10345000
chr7	10350000	10360000	8.593838209725767	10355000
chr7	10360000	10370000	13.887649025884727	10365000
chr7	10370000	10380000	3.3476757987766117	10375000
chr7	10380000	10390000	4.538187978181249	10385000
chr7	10390000	10400000	4.243630121960788	10395000
chr7	10400000	10410000	6.583756084804573	10405000
chr7	10410000	10420000	4.990564504832442	10415000
chr7	10420000	10430000	4.889751540109081	10425000
chr7	10430000	10440000	16.924321921933956	10435000
chr7	10440000	10450000	17.094896064091863	10445000
chr7	10450000	10460000	6.13947666584631	10455000
chr7	10460000	10470000	6.982035825634423	10465000
chr7	10470000	10480000	8.241909860041282	10475000
chr7	10480000	10490000	6.552697388655947	10485000
chr7	10490000	10500000	7.083195424040686	10495000
chr7	10500000	10510000	6.966900373458027	10505000
chr7	10510000	10520000	8.214841801332572	10515000
chr7	10520000	10530000	8.659352147983373	10525000
chr7	10530000	10540000	7.307666794695142	10535000
chr7	10540000	10550000	9.75889393014116	10545000
chr7	10550000	10560000	10.426485557091688	10555000
chr7	10560000	10570000	11.29596159518271	10565000
chr7	10570000	10580000	8.012993282679549	10575000
chr7	10580000	10590000	9.532032896725495	10585000
chr7	10590000	10600000	5.895052486525271	10595000
chr7	10600000	10610000	11.308226608583471	10605000
chr7	10610000	10620000	11.404652337294001	10615000
chr7	10620000	10630000	14.097259359483704	10625000
chr7	10630000	10640000	13.817596688318602	10635000
chr7	10640000	10650000	11.290905832104047	10645000
chr7	10650000	10660000	5.275325858320129	10655000
chr7	10660000	10670000	7.506937440486314	10665000
chr7	10670000	10680000	14.76143671178519	10675000
chr7	10680000	10690000	9.115086322092228	10685000
chr7	10690000	10700000	9.027042900790393	10695000
chr7	10700000	10710000	11.570108122341404	10705000
chr7	10710000	10720000	14.497924866317936	10715000
chr7	10720000	10730000	16.7221346632024	10725000
chr7	10730000	10740000	15.58339989525738	10735000
chr7	10740000	10750000	11.957956846639728	10745000
chr7	10750000	10760000	12.611896593738868	10755000
chr7	10760000	10770000	9.996217739803752	10765000
chr7	10770000	10780000	13.74985799102189	10775000
chr7	10780000	10790000	15.679090686125145	10785000
chr7	10790000	10800000	15.103864571228915	10795000
chr7	10800000	10810000	13.773955950084432	10805000
chr7	10810000	10820000	13.247837907952032	10815000
chr7	10820000	10830000	12.320981355935865	10825000
chr7	10830000	10840000	9.384304512733225	10835000
chr7	10840000	10850000	9.358506419895884	10845000
chr7	10850000	10860000	9.683802391440334	10855000
chr7	10860000	10870000	10.539187245460644	10865000
chr7	10870000	10880000	10.01774601561553	10875000
chr7	10880000	10890000	10.749166049907059	10885000
chr7	10890000	10900000	9.047919377557514	10895000
chr7	10900000	10910000	5.2303455458008505	10905000
chr7	10910000	10920000	6.1789838834727195	10915000
chr7	10920000	10930000	9.779024126718914	10925000
chr7	10930000	10940000	18.21153800667155	10935000
chr7	10940000	10950000	19.47798323239815	10945000
chr7	10950000	10960000	11.56112928429007	10955000
chr7	10960000	10970000	9.634478521110237	10965000
chr7	10970000	10980000	6.686156464593466	10975000
chr7	10980000	10990000	4.750952101100014	10985000
chr7	10990000	11000000	3.0472119775602318	10995000
chr7	11000000	11010000	2.2739911706846136	11005000
chr7	11010000	11020000	3.439994011947462	11015000
chr7	11020000	11030000	3.423059153096696	11025000
chr7	11030000	11040000	5.3546325059150455	11035000
chr7	11040000	11050000	2.230824278872993	11045000
chr7	11050000	11060000	2.720786481327889	11055000
chr7	11060000	11070000	3.3329293392324604	11065000
chr7	11070000	11080000	9.18100965664914	11075000
chr7	11080000	11090000	3.5499112947476408	11085000
chr7	11090000	11100000	1.0627514339911805	11095000
chr7	11100000	11110000	0.8488654977915535	11105000
chr7	11110000	11120000	1.5978792756641689	11115000
chr7	11120000	11130000	1.932592242966141	11125000
chr7	11130000	11140000	2.598196983685016	11135000
chr7	11140000	11150000	1.3131793925219737	11145000
chr7	11150000	11160000	0.7620639362085343	11155000
chr7	11160000	11170000	8.334507758668666	11165000
chr7	11170000	11180000	24.179445724138635	11175000
chr7	11180000	11190000	9.723654869765703	11185000
chr7	11190000	11200000	15.909794478435062	11195000
chr7	11200000	11210000	7.694298688130928	11205000
chr7	11210000	11220000	7.487291761946272	11215000
chr7	11220000	11230000	10.228232779474135	11225000
chr7	11230000	11240000	8.880023358532982	11235000
chr7	11240000	11250000	7.570366898443658	11245000
chr7	11250000	11260000	5.310121867603897	11255000
chr7	11260000	11270000	19.980630401050576	11265000
chr7	11270000	11280000	5.359103631784463	11275000
chr7	11280000	11290000	6.188492764209253	11285000
chr7	11290000	11300000	5.781257307533259	11295000
chr7	11300000	11310000	5.799166836233674	11305000
chr7	11310000	11320000	4.187241577253169	11315000
chr7	11320000	11330000	4.857895303451384	11325000
chr7	11330000	11340000	4.812640380914549	11335000
chr7	11340000	11350000	4.147269698542782	11345000
chr7	11350000	11360000	8.373813730129484	11355000
chr7	11360000	11370000	2.7309496914518845	11365000
chr7	11370000	11380000	3.3432781034355092	11375000
chr7	11380000	11390000	3.26053150821865	11385000
chr7	11390000	11400000	1.8451875272915452	11395000
chr7	11400000	11410000	1.6798355566652907	11405000
chr7	11410000	11420000	1.81554343020571	11415000
chr7	11420000	11430000	4.219911083486365	11425000
chr7	11430000	11440000	14.158673561888522	11435000
chr7	11440000	11450000	15.534330587777077	11445000
chr7	11450000	11460000	2.8639841094348224	11455000
chr7	11460000	11470000	1.1666014570125842	11465000
chr7	11470000	11480000	8.707241800718556	11475000
chr7	11480000	11490000	2.0198280797758943	11485000
chr7	11490000	11500000	1.8080934605916745	11495000
chr7	11500000	11510000	1.810447158880656	11505000
chr7	11510000	11520000	2.5081405529611094	11515000
chr7	11520000	11530000	4.7251705655175895	11525000
chr7	11530000	11540000	10.909413300277611	11535000
chr7	11540000	11550000	7.817578222813769	11545000
chr7	11550000	11560000	2.173911295948252	11555000
chr7	11560000	11570000	2.4456139164498056	11565000
chr7	11570000	11580000	3.230920676640001	11575000
chr7	11580000	11590000	1.4071057701224212	11585000
chr7	11590000	11600000	1.2591227351042578	11595000
chr7	11600000	11610000	4.273525524019116	11605000
chr7	11610000	11620000	8.187646347027075	11615000
chr7	11620000	11630000	3.0827302507562133	11625000
chr7	11630000	11640000	2.622576920416769	11635000
chr7	11640000	11650000	1.0799019234104057	11645000
chr7	11650000	11660000	1.1196151201705675	11655000
chr7	11660000	11670000	1.153740254730399	11665000
chr7	11670000	11680000	2.073454139992536	11675000
chr7	11680000	11690000	1.6107004121547062	11685000
chr7	11690000	11700000	4.105690045621231	11695000
chr7	11700000	11710000	9.453495610176224	11705000
chr7	11710000	11720000	1.628644165965422	11715000
chr7	11720000	11730000	2.64306989322092	11725000
chr7	11730000	11740000	1.4807953878669953	11735000
chr7	11740000	11750000	1.7336942948314105	11745000
chr7	11750000	11760000	0.8991052795286529	11755000
chr7	11760000	11770000	1.1180542519573617	11765000
chr7	11770000	11780000	1.1254980757934137	11775000
chr7	11780000	11790000	1.8276034991365928	11785000
chr7	11790000	11800000	2.342877581929366	11795000
chr7	11800000	11810000	1.9116382824119755	11805000
chr7	11810000	11820000	1.6508511155761139	11815000
chr7	11820000	11830000	1.1436806799168018	11825000
chr7	11830000	11840000	1.0339169269373565	11835000
chr7	11840000	11850000	1.4387822048363685	11845000
chr7	11850000	11860000	1.8449319745976245	11855000
chr7	11860000	11870000	1.809310253398537	11865000
chr7	11870000	11880000	5.463136340834101	11875000
chr7	11880000	11890000	7.069624690643455	11885000
chr7	11890000	11900000	7.532716678255844	11895000
chr7	11900000	11910000	9.297694512761058	11905000
chr7	11910000	11920000	3.16732097988311	11915000
chr7	11920000	11930000	3.1652315119950574	11925000
chr7	11930000	11940000	6.1713429616364675	11935000
chr7	11940000	11950000	7.145231348595809	11945000
chr7	11950000	11960000	15.459609068479953	11955000
chr7	11960000	11970000	3.1848014098382733	11965000
chr7	11970000	11980000	5.2771294471183205	11975000
chr7	11980000	11990000	7.784490202778642	11985000
chr7	11990000	12000000	6.174730756145445	11995000
chr7	12000000	12010000	4.243884705273531	12005000
chr7	12010000	12020000	5.047033613460833	12015000
chr7	12020000	12030000	3.771032210713244	12025000
chr7	12030000	12040000	4.327412608094932	12035000
chr7	12040000	12050000	3.223533567416105	12045000
chr7	12050000	12060000	4.959631254247963	12055000
chr7	12060000	12070000	13.135452208386486	12065000
chr7	12070000	12080000	3.454859390240087	12075000
chr7	12080000	12090000	3.2273252775801176	12085000
chr7	12090000	12100000	2.6635621566986423	12095000
chr7	12100000	12110000	6.232387992809588	12105000
chr7	12110000	12120000	3.757959698430356	12115000
chr7	12120000	12130000	8.444906059376585	12125000
chr7	12130000	12140000	1.7092586054597028	12135000
chr7	12140000	12150000	1.0007532930023177	12145000
chr7	12150000	12160000	1.067723326852492	12155000
chr7	12160000	12170000	1.2155158180587244	12165000
chr7	12170000	12180000	2.5761277264316114	12175000
chr7	12180000	12190000	1.2674209914728636	12185000
chr7	12190000	12200000	2.233038607753684	12195000
chr7	12200000	12210000	0.7129260444297552	12205000
chr7	12210000	12220000	2.225552082936723	12215000
chr7	12220000	12230000	1.7443890760133136	12225000
chr7	12230000	12240000	1.2292113849504536	12235000
chr7	12240000	12250000	1.8151681561374815	12245000
chr7	12250000	12260000	5.12156163327366	12255000
chr7	12260000	12270000	5.4337133653413705	12265000
chr7	12270000	12280000	2.9720819727624197	12275000
chr7	12280000	12290000	2.424589240932221	12285000
chr7	12290000	12300000	1.867863788686848	12295000
chr7	12300000	12310000	5.778769144155935	12305000
chr7	12310000	12320000	5.713600355809411	12315000
chr7	12320000	12330000	4.873073183320399	12325000
chr7	12330000	12340000	3.467962997674751	12335000
chr7	12340000	12350000	5.598805403485295	12345000
chr7	12350000	12360000	4.243494609219008	12355000
chr7	12360000	12370000	6.76690079079963	12365000
chr7	12370000	12380000	2.823991451018516	12375000
chr7	12380000	12390000	7.837114959626041	12385000
chr7	12390000	12400000	11.54667806781267	12395000
chr7	12400000	12410000	9.148196544841282	12405000
chr7	12410000	12420000	3.8485561454412247	12415000
chr7	12420000	12430000	5.215564502713893	12425000
chr7	12430000	12440000	1.065927564532853	12435000
chr7	12440000	12450000	1.0166020800059143	12445000
chr7	12450000	12460000	0.9457234176446991	12455000
chr7	12460000	12470000	3.080050009160203	12465000
chr7	12470000	12480000	3.9389642006120758	12475000
chr7	12480000	12490000	2.4566583230400614	12485000
chr7	12490000	12500000	7.883166743767732	12495000
chr7	12500000	12510000	2.733387504154041	12505000
chr7	12510000	12520000	2.320553839697897	12515000
chr7	12520000	12530000	0.7804589762570817	12525000
chr7	12530000	12540000	0.9259141220149417	12535000
chr7	12540000	12550000	0.9834370169507302	12545000
chr7	12550000	12560000	2.924277250565393	12555000
chr7	12560000	12570000	1.089145872522609	12565000
chr7	12570000	12580000	1.0189228169539926	12575000
chr7	12580000	12590000	1.3453109893318567	12585000
chr7	12590000	12600000	2.665680345521166	12595000
chr7	12600000	12610000	0.8410643988450194	12605000
chr7	12610000	12620000	1.1383418227748345	12615000
chr7	12620000	12630000	1.63149492754009	12625000
chr7	12630000	12640000	1.45470341106781	12635000
chr7	12640000	12650000	1.5597676977452293	12645000
chr7	12650000	12660000	1.9802239261799974	12655000
chr7	12660000	12670000	1.8437238988425877	12665000
chr7	12670000	12680000	8.759367640718486	12675000
chr7	12680000	12690000	3.448985791283626	12685000
chr7	12690000	12700000	2.652758627362227	12695000
chr7	12700000	12710000	7.931890524532172	12705000
chr7	12710000	12720000	8.573035173389275	12715000
chr7	12720000	12730000	4.118397162315358	12725000
chr7	12730000	12740000	4.204246320679162	12735000
chr7	12740000	12750000	7.547686248405959	12745000
chr7	12750000	12760000	1.1411266528026678	12755000
chr7	12760000	12770000	8.38902722034145	12765000
chr7	12770000	12780000	3.2704206252446264	12775000
chr7	12780000	12790000	3.2791901057860704	12785000
chr7	12790000	12800000	6.170243145025624	12795000
chr7	12800000	12810000	3.000700136274144	12805000
chr7	12810000	12820000	2.9036213086817373	12815000
chr7	12820000	12830000	4.651775607301168	12825000
chr7	12830000	12840000	1.8858320628886767	12835000
chr7	12840000	12850000	6.428198427916701	12845000
chr7	12850000	12860000	2.798563822840481	12855000
chr7	12860000	12870000	3.32415853865228	12865000
chr7	12870000	12880000	2.253655220600288	12875000
chr7	12880000	12890000	1.4337414867829996	12885000
chr7	12890000	12900000	2.8887703103786246	12895000
chr7	12900000	12910000	2.2325915235686864	12905000
chr7	12910000	12920000	3.432941322907223	12915000
chr7	12920000	12930000	3.2150468360082725	12925000
chr7	12930000	12940000	4.792698901031534	12935000
chr7	12940000	12950000	4.193562625642998	12945000
chr7	12950000	12960000	10.517815404899167	12955000
chr7	12960000	12970000	3.2168585133748935	12965000
chr7	12970000	12980000	7.648097872126368	12975000
chr7	12980000	12990000	5.05291395438834	12985000
chr7	12990000	13000000	3.481563448236217	12995000
chr7	13000000	13010000	4.654480380029715	13005000
chr7	13010000	13020000	7.681038199878101	13015000
chr7	13020000	13030000	7.0553557533024325	13025000
chr7	13030000	13040000	6.935184153167984	13035000
chr7	13040000	13050000	8.168171232908334	13045000
chr7	13050000	13060000	6.328277897163824	13055000
chr7	13060000	13070000	6.903157636836913	13065000
chr7	13070000	13080000	9.256372989611195	13075000
chr7	13080000	13090000	5.426242408657912	13085000
chr7	13090000	13100000	8.819790384488797	13095000
chr7	13100000	13110000	7.590754749609492	13105000
chr7	13110000	13120000	7.692222091579077	13115000
chr7	13120000	13130000	7.011563671000823	13125000
chr7	13130000	13140000	6.926271711337116	13135000
chr7	13140000	13150000	6.792842813973188	13145000
chr7	13150000	13160000	6.491716445211888	13155000
chr7	13160000	13170000	6.949258412357771	13165000
chr7	13170000	13180000	5.508993053428685	13175000
chr7	13180000	13190000	9.264043920520294	13185000
chr7	13190000	13200000	7.1934058022063105	13195000
chr7	13200000	13210000	8.592676010461481	13205000
chr7	13210000	13220000	7.432836239901105	13215000
chr7	13220000	13230000	10.306075585309374	13225000
chr7	13230000	13240000	9.456308418600134	13235000
chr7	13240000	13250000	7.554627990465971	13245000
chr7	13250000	13260000	7.327922327755051	13255000
chr7	13260000	13270000	5.59722549624883	13265000
chr7	13270000	13280000	16.62117459912962	13275000
chr7	13280000	13290000	12.82172140447808	13285000
chr7	13290000	13300000	10.39962146878498	13295000
chr7	13300000	13310000	9.460528479879748	13305000
chr7	13310000	13320000	5.78297273693796	13315000
chr7	13320000	13330000	9.313074176698178	13325000
chr7	13330000	13340000	10.764508773752096	13335000
chr7	13340000	13350000	11.4181039194236	13345000
chr7	13350000	13360000	12.387101604651026	13355000
chr7	13360000	13370000	10.238919794151023	13365000
chr7	13370000	13380000	5.906689081692912	13375000
chr7	13380000	13390000	5.293677103926021	13385000
chr7	13390000	13400000	3.3725960046499073	13395000
chr7	13400000	13410000	2.3271293451830766	13405000
chr7	13410000	13420000	4.037149074085853	13415000
chr7	13420000	13430000	2.432992783861232	13425000
chr7	13430000	13440000	1.985780336647774	13435000
chr7	13440000	13450000	2.2354266150425697	13445000
chr7	13450000	13460000	2.2977705395994064	13455000
chr7	13460000	13470000	2.398472380887119	13465000
chr7	13470000	13480000	2.127980463979911	13475000
chr7	13480000	13490000	4.101177827973192	13485000
chr7	13490000	13500000	20.83359569556668	13495000
chr7	13500000	13510000	4.60420443703562	13505000
chr7	13510000	13520000	4.001373583664532	13515000
chr7	13520000	13530000	1.9241029483563743	13525000
chr7	13530000	13540000	3.3796342017498264	13535000
chr7	13540000	13550000	5.492037032536315	13545000
chr7	13550000	13560000	3.9410949730503972	13555000
chr7	13560000	13570000	4.819950426599987	13565000
chr7	13570000	13580000	2.850058827842385	13575000
chr7	13580000	13590000	3.665685497864565	13585000
chr7	13590000	13600000	4.591850528884039	13595000
chr7	13600000	13610000	1.3179837139308799	13605000
chr7	13610000	13620000	2.338384692397801	13615000
chr7	13620000	13630000	1.8175731798089225	13625000
chr7	13630000	13640000	1.1435791367229176	13635000
chr7	13640000	13650000	0.773026007725693	13645000
chr7	13650000	13660000	2.2961862768562655	13655000
chr7	13660000	13670000	5.205716284084873	13665000
chr7	13670000	13680000	1.6428609659734887	13675000
chr7	13680000	13690000	2.399773546977415	13685000
chr7	13690000	13700000	3.3295887597114326	13695000
chr7	13700000	13710000	3.5344615711797185	13705000
chr7	13710000	13720000	3.1255799324096247	13715000
chr7	13720000	13730000	3.6588692954835618	13725000
chr7	13730000	13740000	7.9606652996209055	13735000
chr7	13740000	13750000	6.759793912501794	13745000
chr7	13750000	13760000	8.549154311933655	13755000
chr7	13760000	13770000	6.166314136090229	13765000
chr7	13770000	13780000	5.113715972595671	13775000
chr7	13780000	13790000	5.701060717503857	13785000
chr7	13790000	13800000	6.0443770301808	13795000
chr7	13800000	13810000	7.711364028356461	13805000
chr7	13810000	13820000	11.706444090792079	13815000
chr7	13820000	13830000	2.6091567846997084	13825000
chr7	13830000	13840000	1.8524405546492486	13835000
chr7	13840000	13850000	4.145346675987176	13845000
chr7	13850000	13860000	3.0607708864403276	13855000
chr7	13860000	13870000	2.5264542286623284	13865000
chr7	13870000	13880000	4.615784777078772	13875000
chr7	13880000	13890000	10.094760511273275	13885000
chr7	13890000	13900000	2.817064965308802	13895000
chr7	13900000	13910000	1.8861089113282565	13905000
chr7	13910000	13920000	4.2161934591170205	13915000
chr7	13920000	13930000	2.63590710767838	13925000
chr7	13930000	13940000	3.4688352842626684	13935000
chr7	13940000	13950000	2.5602768319296256	13945000
chr7	13950000	13960000	2.6129419532799796	13955000
chr7	13960000	13970000	1.8967901040156954	13965000
chr7	13970000	13980000	3.366127446676906	13975000
chr7	13980000	13990000	3.205171379463567	13985000
chr7	13990000	14000000	7.123523061931461	13995000
chr7	14000000	14010000	12.127341482189404	14005000
chr7	14010000	14020000	2.126098030588464	14015000
chr7	14020000	14030000	6.660311007477085	14025000
chr7	14030000	14040000	2.4122619442683577	14035000
chr7	14040000	14050000	16.637712173886342	14045000
chr7	14050000	14060000	5.984579047286434	14055000
chr7	14060000	14070000	3.5467047814084482	14065000
chr7	14070000	14080000	1.5262623085210503	14075000
chr7	14080000	14090000	2.5918877173396284	14085000
chr7	14090000	14100000	2.6686105744924857	14095000
chr7	14100000	14110000	4.321967762876833	14105000
chr7	14110000	14120000	3.232478085126557	14115000
chr7	14120000	14130000	2.2554380483878873	14125000
chr7	14130000	14140000	15.522616201360863	14135000
chr7	14140000	14150000	5.993405267300103	14145000
chr7	14150000	14160000	1.699362371596936	14155000
chr7	14160000	14170000	2.9764296990127916	14165000
chr7	14170000	14180000	4.734505180834981	14175000
chr7	14180000	14190000	2.7462290947698413	14185000
chr7	14190000	14200000	2.3058389514248705	14195000
chr7	14200000	14210000	1.371994237828194	14205000
chr7	14210000	14220000	2.1125667715664016	14215000
chr7	14220000	14230000	2.5538908315708486	14225000
chr7	14230000	14240000	3.825884081309017	14235000
chr7	14240000	14250000	3.3940009329011525	14245000
chr7	14250000	14260000	3.8435088887761895	14255000
chr7	14260000	14270000	4.093411668596475	14265000
chr7	14270000	14280000	3.9509776675545214	14275000
chr7	14280000	14290000	2.887788518678857	14285000
chr7	14290000	14300000	3.7119914313602886	14295000
chr7	14300000	14310000	4.6858904309321705	14305000
chr7	14310000	14320000	3.3627369423658897	14315000
chr7	14320000	14330000	5.537784851008115	14325000
chr7	14330000	14340000	5.036683314342359	14335000
chr7	14340000	14350000	7.046146377683773	14345000
chr7	14350000	14360000	7.457623530711725	14355000
chr7	14360000	14370000	11.955962991956811	14365000
chr7	14370000	14380000	18.14240686766468	14375000
chr7	14380000	14390000	8.392035579022803	14385000
chr7	14390000	14400000	9.237767720678464	14395000
chr7	14400000	14410000	5.448739990522673	14405000
chr7	14410000	14420000	3.4291649290685506	14415000
chr7	14420000	14430000	3.0994220270669564	14425000
chr7	14430000	14440000	5.1023889391262465	14435000
chr7	14440000	14450000	19.53801444541454	14445000
chr7	14450000	14460000	8.090653028610706	14455000
chr7	14460000	14470000	9.860840816316093	14465000
chr7	14470000	14480000	22.227307797974003	14475000
chr7	14480000	14490000	16.44196129056376	14485000
chr7	14490000	14500000	14.245328380876323	14495000
chr7	14500000	14510000	15.184614043907906	14505000
chr7	14510000	14520000	20.57575143734286	14515000
chr7	14520000	14530000	15.094661400100675	14525000
chr7	14530000	14540000	9.565027035333264	14535000
chr7	14540000	14550000	7.922619101086287	14545000
chr7	14550000	14560000	6.5550824508413825	14555000
chr7	14560000	14570000	8.98056161918581	14565000
chr7	14570000	14580000	4.725736344708354	14575000
chr7	14580000	14590000	3.4627481036507515	14585000
chr7	14590000	14600000	4.589090494123271	14595000
chr7	14600000	14610000	4.554590250199032	14605000
chr7	14610000	14620000	17.581142664491143	14615000
chr7	14620000	14630000	4.594396142806596	14625000
chr7	14630000	14640000	1.1940738105067492	14635000
chr7	14640000	14650000	1.3585189724931506	14645000
chr7	14650000	14660000	1.6607312891904618	14655000
chr7	14660000	14670000	3.170491376272881	14665000
chr7	14670000	14680000	2.5951159949252642	14675000
chr7	14680000	14690000	2.473173492861635	14685000
chr7	14690000	14700000	2.5065764047529933	14695000
chr7	14700000	14710000	1.5638686839334368	14705000
chr7	14710000	14720000	2.1500179478397845	14715000
chr7	14720000	14730000	2.270086084416227	14725000
chr7	14730000	14740000	2.6670849079830465	14735000
chr7	14740000	14750000	2.5810789132930902	14745000
chr7	14750000	14760000	2.909068670959518	14755000
chr7	14760000	14770000	3.685463959832564	14765000
chr7	14770000	14780000	9.442748968682272	14775000
chr7	14780000	14790000	4.078174076633249	14785000
chr7	14790000	14800000	3.0224551831477027	14795000
chr7	14800000	14810000	1.9250955151919893	14805000
chr7	14810000	14820000	5.329361495726603	14815000
chr7	14820000	14830000	3.4262548812287816	14825000
chr7	14830000	14840000	11.142306986842163	14835000
chr7	14840000	14850000	2.8662029124986588	14845000
chr7	14850000	14860000	2.57011149398275	14855000
chr7	14860000	14870000	3.323883309130138	14865000
chr7	14870000	14880000	7.485968726782876	14875000
chr7	14880000	14890000	3.3545643747321376	14885000
chr7	14890000	14900000	4.997964592149925	14895000
chr7	14900000	14910000	4.636842692411979	14905000
chr7	14910000	14920000	7.213084029933511	14915000
chr7	14920000	14930000	7.497027766435311	14925000
chr7	14930000	14940000	6.541389958335389	14935000
chr7	14940000	14950000	3.8442700349553727	14945000
chr7	14950000	14960000	6.459799109579465	14955000
chr7	14960000	14970000	5.351680792439706	14965000
chr7	14970000	14980000	5.028699677180698	14975000
chr7	14980000	14990000	5.185327767002704	14985000
chr7	14990000	15000000	6.688114568316433	14995000
chr7	15000000	15010000	4.608277761895295	15005000
chr7	15010000	15020000	3.894192588872194	15015000
chr7	15020000	15030000	16.356031884359542	15025000
chr7	15030000	15040000	6.755311209080918	15035000
chr7	15040000	15050000	6.5904536382783565	15045000
chr7	15050000	15060000	1.0238894076770213	15055000
chr7	15060000	15070000	1.771486109117212	15065000
chr7	15070000	15080000	3.464083373818013	15075000
chr7	15080000	15090000	5.877925623604134	15085000
chr7	15090000	15100000	10.956739324841697	15095000
chr7	15100000	15110000	5.187990706282082	15105000
chr7	15110000	15120000	4.358971274049215	15115000
chr7	15120000	15130000	12.4119456390822	15125000
chr7	15130000	15140000	3.76542229001643	15135000
chr7	15140000	15150000	3.8775649588637333	15145000
chr7	15150000	15160000	4.126740526412224	15155000
chr7	15160000	15170000	4.2159265042404375	15165000
chr7	15170000	15180000	6.208683662542468	15175000
chr7	15180000	15190000	4.814752894682166	15185000
chr7	15190000	15200000	5.741732082492268	15195000
chr7	15200000	15210000	3.8335460736520606	15205000
chr7	15210000	15220000	2.321945010705288	15215000
chr7	15220000	15230000	2.5119103649854915	15225000
chr7	15230000	15240000	4.351605002528862	15235000
chr7	15240000	15250000	5.091377851620644	15245000
chr7	15250000	15260000	8.170994240232796	15255000
chr7	15260000	15270000	7.367998094719614	15265000
chr7	15270000	15280000	6.589667546063826	15275000
chr7	15280000	15290000	6.5719700579065785	15285000
chr7	15290000	15300000	9.53895643275867	15295000
chr7	15300000	15310000	4.407283153605823	15305000
chr7	15310000	15320000	2.202508500174183	15315000
chr7	15320000	15330000	2.5474099293094383	15325000
chr7	15330000	15340000	3.190238750311036	15335000
chr7	15340000	15350000	6.421565949355287	15345000
chr7	15350000	15360000	8.085315063891578	15355000
chr7	15360000	15370000	3.648797110541269	15365000
chr7	15370000	15380000	4.422310989479978	15375000
chr7	15380000	15390000	3.6413286792419854	15385000
chr7	15390000	15400000	4.1501921721666	15395000
chr7	15400000	15410000	3.704661229971724	15405000
chr7	15410000	15420000	4.339366209265077	15415000
chr7	15420000	15430000	2.509820717467754	15425000
chr7	15430000	15440000	1.2672019777033245	15435000
chr7	15440000	15450000	1.1731238519361298	15445000
chr7	15450000	15460000	0.6257078877255445	15455000
chr7	15460000	15470000	3.0123325591329997	15465000
chr7	15470000	15480000	1.8294305872523584	15475000
chr7	15480000	15490000	0.9960949051919366	15485000
chr7	15490000	15500000	0.9760410843385409	15495000
chr7	15500000	15510000	0.6750325806574276	15505000
chr7	15510000	15520000	1.087655562071632	15515000
chr7	15520000	15530000	1.975517115277338	15525000
chr7	15530000	15540000	3.4448501018263324	15535000
chr7	15540000	15550000	1.8350416056507655	15545000
chr7	15550000	15560000	2.956088264334189	15555000
chr7	15560000	15570000	0.9915759728622705	15565000
chr7	15570000	15580000	0.7807065770351024	15575000
chr7	15580000	15590000	0.664741890064597	15585000
chr7	15590000	15600000	0.36235541498070956	15595000
chr7	15600000	15610000	0.2793907409652005	15605000
chr7	15610000	15620000	0.27939074096520045	15615000
chr7	15620000	15630000	0.3032105938608703	15625000
chr7	15630000	15640000	0.3965050177022415	15635000
chr7	15640000	15650000	0.3965050177022415	15645000
chr7	15650000	15660000	0.3589302933558111	15655000
chr7	15660000	15670000	0.23254258419054719	15665000
chr7	15670000	15680000	2.4869486568192487	15675000
chr7	15680000	15690000	7.693965416278822	15685000
chr7	15690000	15700000	2.659487614083057	15695000
chr7	15700000	15710000	2.5663379699632984	15705000
chr7	15710000	15720000	2.441204691280534	15715000
chr7	15720000	15730000	2.5059873262692154	15725000
chr7	15730000	15740000	4.496037289477956	15735000
chr7	15740000	15750000	4.1770551040543245	15745000
chr7	15750000	15760000	4.810417680893158	15755000
chr7	15760000	15770000	8.089383357771558	15765000
chr7	15770000	15780000	4.338103837607805	15775000
chr7	15780000	15790000	5.463675521540437	15785000
chr7	15790000	15800000	7.359356720912123	15795000
chr7	15800000	15810000	6.4360759763978335	15805000
chr7	15810000	15820000	2.1100067903312407	15815000
chr7	15820000	15830000	11.735617838030729	15825000
chr7	15830000	15840000	4.964167784612618	15835000
chr7	15840000	15850000	2.654719851865798	15845000
chr7	15850000	15860000	4.399165679305703	15855000
chr7	15860000	15870000	2.4370686417698737	15865000
chr7	15870000	15880000	2.3965834071592904	15875000
chr7	15880000	15890000	1.8804957293405966	15885000
chr7	15890000	15900000	1.3064447167064461	15895000
chr7	15900000	15910000	1.8242710094135708	15905000
chr7	15910000	15920000	1.9314841544233445	15915000
chr7	15920000	15930000	1.099674511933337	15925000
chr7	15930000	15940000	1.052755643863752	15935000
chr7	15940000	15950000	2.392033343094697	15945000
chr7	15950000	15960000	2.8470451096495175	15955000
chr7	15960000	15970000	3.1828737642647758	15965000
chr7	15970000	15980000	10.47977393712507	15975000
chr7	15980000	15990000	2.311511883259114	15985000
chr7	15990000	16000000	0.781828037284897	15995000
chr7	16000000	16010000	1.936528658268163	16005000
chr7	16010000	16020000	1.7169435186794995	16015000
chr7	16020000	16030000	2.3429575427497813	16025000
chr7	16030000	16040000	2.9405666209434558	16035000
chr7	16040000	16050000	0.8006659206342941	16045000
chr7	16050000	16060000	4.530247640831247	16055000
chr7	16060000	16070000	7.221520748167935	16065000
chr7	16070000	16080000	2.3662875674279347	16075000
chr7	16080000	16090000	3.8350421834820576	16085000
chr7	16090000	16100000	3.6525508708515524	16095000
chr7	16100000	16110000	5.239999581796124	16105000
chr7	16110000	16120000	1.6704678923915712	16115000
chr7	16120000	16130000	1.9759693492376857	16125000
chr7	16130000	16140000	0.6214094621301469	16135000
chr7	16140000	16150000	0.45624052510502877	16145000
chr7	16150000	16160000	1.0121277243424993	16155000
chr7	16160000	16170000	1.812070947444175	16165000
chr7	16170000	16180000	0.9806674169730428	16175000
chr7	16180000	16190000	0.9913330709703315	16185000
chr7	16190000	16200000	1.9073745136030704	16195000
chr7	16200000	16210000	1.4659543854271135	16205000
chr7	16210000	16220000	0.8162678939006179	16215000
chr7	16220000	16230000	1.263087927633217	16225000
chr7	16230000	16240000	1.218990353792572	16235000
chr7	16240000	16250000	2.4330160398470912	16245000
chr7	16250000	16260000	4.2679393476822165	16255000
chr7	16260000	16270000	4.911032244071555	16265000
chr7	16270000	16280000	2.798594053528304	16275000
chr7	16280000	16290000	2.5810574019076493	16285000
chr7	16290000	16300000	1.7865760354036193	16295000
chr7	16300000	16310000	2.6287824474262718	16305000
chr7	16310000	16320000	3.3426542847751635	16315000
chr7	16320000	16330000	3.4121195302323084	16325000
chr7	16330000	16340000	4.577985175842406	16335000
chr7	16340000	16350000	8.177888069059179	16345000
chr7	16350000	16360000	6.5483668220702596	16355000
chr7	16360000	16370000	2.178886387637779	16365000
chr7	16370000	16380000	2.5292834573614096	16375000
chr7	16380000	16390000	1.8947727116473578	16385000
chr7	16390000	16400000	2.5657911614816262	16395000
chr7	16400000	16410000	9.949113950674523	16405000
chr7	16410000	16420000	2.5593956447934683	16415000
chr7	16420000	16430000	2.9735762975080067	16425000
chr7	16430000	16440000	9.529024171211148	16435000
chr7	16440000	16450000	11.576371933269375	16445000
chr7	16450000	16460000	7.387416854190266	16455000
chr7	16460000	16470000	5.4126202988757885	16465000
chr7	16470000	16480000	2.794166124157459	16475000
chr7	16480000	16490000	1.557363137499734	16485000
chr7	16490000	16500000	5.225383679821129	16495000
chr7	16500000	16510000	13.372967876766273	16505000
chr7	16510000	16520000	5.493983632720798	16515000
chr7	16520000	16530000	15.758483745135749	16525000
chr7	16530000	16540000	22.93034388742089	16535000
chr7	16540000	16550000	11.088199070654124	16545000
chr7	16550000	16560000	10.309571957458282	16555000
chr7	16560000	16570000	17.286816529568945	16565000
chr7	16570000	16580000	14.687735577222128	16575000
chr7	16580000	16590000	19.31867264214316	16585000
chr7	16590000	16600000	18.431538575983417	16595000
chr7	16600000	16610000	21.999696010206733	16605000
chr7	16610000	16620000	14.10918952429605	16615000
chr7	16620000	16630000	7.109675077458412	16625000
chr7	16630000	16640000	4.092761505226133	16635000
chr7	16640000	16650000	9.127215190055582	16645000
chr7	16650000	16660000	4.299124184384445	16655000
chr7	16660000	16670000	1.6788011668212905	16665000
chr7	16670000	16680000	2.7083992405656	16675000
chr7	16680000	16690000	2.3805730808587904	16685000
chr7	16690000	16700000	6.377767553459043	16695000
chr7	16700000	16710000	11.097303056692796	16705000
chr7	16710000	16720000	5.528108764300453	16715000
chr7	16720000	16730000	3.484122712783934	16725000
chr7	16730000	16740000	3.1036543815021265	16735000
chr7	16740000	16750000	10.101106821597652	16745000
chr7	16750000	16760000	1.450376342473563	16755000
chr7	16760000	16770000	2.103441709512501	16765000
chr7	16770000	16780000	1.7350230613623245	16775000
chr7	16780000	16790000	1.2558179238403375	16785000
chr7	16790000	16800000	1.587322721461877	16795000
chr7	16800000	16810000	1.2391500183979764	16805000
chr7	16810000	16820000	1.112644904736659	16815000
chr7	16820000	16830000	0.5857666267266397	16825000
chr7	16830000	16840000	0.5246230286970373	16835000
chr7	16840000	16850000	0.6675258879473772	16845000
chr7	16850000	16860000	0.9168242493334203	16855000
chr7	16860000	16870000	0.9918626836980975	16865000
chr7	16870000	16880000	2.695369701787647	16875000
chr7	16880000	16890000	0.49815676593033625	16885000
chr7	16890000	16900000	0.4574720467305128	16895000
chr7	16900000	16910000	0.35883851306618336	16905000
chr7	16910000	16920000	0.5882041902260865	16915000
chr7	16920000	16930000	0.5953024222355482	16925000
chr7	16930000	16940000	2.1089514058152976	16935000
chr7	16940000	16950000	2.3410919099688963	16945000
chr7	16950000	16960000	0.5390305002884873	16955000
chr7	16960000	16970000	0.7136432309577136	16965000
chr7	16970000	16980000	1.2043172251767431	16975000
chr7	16980000	16990000	0.8842642620042743	16985000
chr7	16990000	17000000	0.8614749568623962	16995000
chr7	17000000	17010000	5.200636293813608	17005000
chr7	17010000	17020000	1.1753303186709179	17015000
chr7	17020000	17030000	1.7393477768926096	17025000
chr7	17030000	17040000	1.8684002278250624	17035000
chr7	17040000	17050000	0.7200453802772568	17045000
chr7	17050000	17060000	0.7024805004542873	17055000
chr7	17060000	17070000	1.1767679603236758	17065000
chr7	17070000	17080000	4.073559094174994	17075000
chr7	17080000	17090000	3.2686429433073574	17085000
chr7	17090000	17100000	1.7447069032533724	17095000
chr7	17100000	17110000	3.9583256440591703	17105000
chr7	17110000	17120000	5.80325350445993	17115000
chr7	17120000	17130000	2.4069257008576916	17125000
chr7	17130000	17140000	5.677520712104912	17135000
chr7	17140000	17150000	3.059643932718388	17145000
chr7	17150000	17160000	1.6265682795169458	17155000
chr7	17160000	17170000	2.465684164930289	17165000
chr7	17170000	17180000	3.994503000152336	17175000
chr7	17180000	17190000	2.453997541472529	17185000
chr7	17190000	17200000	6.8276762185525985	17195000
chr7	17200000	17210000	1.1605055090760341	17205000
chr7	17210000	17220000	0.8732352807988315	17215000
chr7	17220000	17230000	0.6226314117462024	17225000
chr7	17230000	17240000	2.274750271950918	17235000
chr7	17240000	17250000	0.6345958580388231	17245000
chr7	17250000	17260000	5.741963527782428	17255000
chr7	17260000	17270000	2.9765418202374496	17265000
chr7	17270000	17280000	1.1574082870272564	17275000
chr7	17280000	17290000	2.490661782790761	17285000
chr7	17290000	17300000	1.4304345501007913	17295000
chr7	17300000	17310000	0.7320966007984901	17305000
chr7	17310000	17320000	0.9794982681480906	17315000
chr7	17320000	17330000	1.0574433045302274	17325000
chr7	17330000	17340000	1.0793980294157661	17335000
chr7	17340000	17350000	0.6135154467158845	17345000
chr7	17350000	17360000	0.5796310587905733	17355000
chr7	17360000	17370000	0.5185148579518212	17365000
chr7	17370000	17380000	0.7891711666454707	17375000
chr7	17380000	17390000	3.89829606640136	17385000
chr7	17390000	17400000	8.485877032390473	17395000
chr7	17400000	17410000	4.051463865905019	17405000
chr7	17410000	17420000	3.307318972089265	17415000
chr7	17420000	17430000	2.9715697152485596	17425000
chr7	17430000	17440000	1.2966241083775902	17435000
chr7	17440000	17450000	0.2590730487550947	17445000
chr7	17450000	17460000	2.8529762929288305	17455000
chr7	17460000	17470000	0.9703169057577032	17465000
chr7	17470000	17480000	1.2548559077847568	17475000
chr7	17480000	17490000	3.2181535842976494	17485000
chr7	17490000	17500000	0.8516596296375911	17495000
chr7	17500000	17510000	1.0099818154893907	17505000
chr7	17510000	17520000	1.2539274125679472	17515000
chr7	17520000	17530000	0.6243716209207872	17525000
chr7	17530000	17540000	0.4612624465046161	17535000
chr7	17540000	17550000	0.5000017623332669	17545000
chr7	17550000	17560000	0.8461621511274513	17555000
chr7	17560000	17570000	1.2484273968994903	17565000
chr7	17570000	17580000	1.6092911488515977	17575000
chr7	17580000	17590000	1.3053335958999088	17585000
chr7	17590000	17600000	1.7851947044215444	17595000
chr7	17600000	17610000	2.7917981541322536	17605000
chr7	17610000	17620000	3.552115978637634	17615000
chr7	17620000	17630000	1.0742856282819944	17625000
chr7	17630000	17640000	4.98334436030439	17635000
chr7	17640000	17650000	2.7725015990293325	17645000
chr7	17650000	17660000	2.420903314745394	17655000
chr7	17660000	17670000	8.69437300459294	17665000
chr7	17670000	17680000	3.7741044740556315	17675000
chr7	17680000	17690000	2.465936282671387	17685000
chr7	17690000	17700000	1.4538437841476601	17695000
chr7	17700000	17710000	1.1215613635615964	17705000
chr7	17710000	17720000	3.2465119387341677	17715000
chr7	17720000	17730000	0.8320171020229055	17725000
chr7	17730000	17740000	0.6228147279265663	17735000
chr7	17740000	17750000	1.5627784651219214	17745000
chr7	17750000	17760000	1.9141892410381136	17755000
chr7	17760000	17770000	3.8567861472645206	17765000
chr7	17770000	17780000	14.976799455866756	17775000
chr7	17780000	17790000	3.569507761986817	17785000
chr7	17790000	17800000	0.822220868752483	17795000
chr7	17800000	17810000	1.0008499256322307	17805000
chr7	17810000	17820000	1.1651042269733103	17815000
chr7	17820000	17830000	1.061664545080523	17825000
chr7	17830000	17840000	1.4293842901524005	17835000
chr7	17840000	17850000	4.481003349496889	17845000
chr7	17850000	17860000	1.0979741221461232	17855000
chr7	17860000	17870000	0.9145086302609435	17865000
chr7	17870000	17880000	1.116951827383986	17875000
chr7	17880000	17890000	1.000069671599894	17885000
chr7	17890000	17900000	0.9895938128836015	17895000
chr7	17900000	17910000	0.7303659476908073	17905000
chr7	17910000	17920000	0.5762786489074293	17915000
chr7	17920000	17930000	1.220894828610842	17925000
chr7	17930000	17940000	9.768002238557164	17935000
chr7	17940000	17950000	3.12952268492213	17945000
chr7	17950000	17960000	1.2363443200896207	17955000
chr7	17960000	17970000	1.4472229619366144	17965000
chr7	17970000	17980000	1.8160583879055106	17975000
chr7	17980000	17990000	2.29491376199723	17985000
chr7	17990000	18000000	1.7843756865580518	17995000
chr7	18000000	18010000	7.254037502263846	18005000
chr7	18010000	18020000	1.0310766493831514	18015000
chr7	18020000	18030000	0.30339250083867275	18025000
chr7	18030000	18040000	0.3067926875279228	18035000
chr7	18040000	18050000	0.7437732572158233	18045000
chr7	18050000	18060000	3.833968825676533	18055000
chr7	18060000	18070000	4.1286802882773	18065000
chr7	18070000	18080000	0.6939182612836772	18075000
chr7	18080000	18090000	0.8478882186993141	18085000
chr7	18090000	18100000	2.4083937794819	18095000
chr7	18100000	18110000	4.484184516660495	18105000
chr7	18110000	18120000	1.6075384346579566	18115000
chr7	18120000	18130000	2.549057529507491	18125000
chr7	18130000	18140000	1.794418190087973	18135000
chr7	18140000	18150000	1.1885687704610934	18145000
chr7	18150000	18160000	0.9220204865898899	18155000
chr7	18160000	18170000	1.4719973414745133	18165000
chr7	18170000	18180000	1.5943553369658907	18175000
chr7	18180000	18190000	1.3271812677684514	18185000
chr7	18190000	18200000	4.455445915849593	18195000
chr7	18200000	18210000	12.194052493802392	18205000
chr7	18210000	18220000	6.350842333390596	18215000
chr7	18220000	18230000	1.041524364890534	18225000
chr7	18230000	18240000	1.975363233852892	18235000
chr7	18240000	18250000	2.199074171685731	18245000
chr7	18250000	18260000	4.197577078516029	18255000
chr7	18260000	18270000	0.8452849545678981	18265000
chr7	18270000	18280000	1.12071505806985	18275000
chr7	18280000	18290000	6.163437184488215	18285000
chr7	18290000	18300000	1.095833768797533	18295000
chr7	18300000	18310000	0.5711833914514663	18305000
chr7	18310000	18320000	1.8181477913274315	18315000
chr7	18320000	18330000	1.5232183270714843	18325000
chr7	18330000	18340000	0.7844601153556355	18335000
chr7	18340000	18350000	1.4344560208023995	18345000
chr7	18350000	18360000	2.1247648589015844	18355000
chr7	18360000	18370000	4.894157540305612	18365000
chr7	18370000	18380000	1.2653917139349236	18375000
chr7	18380000	18390000	1.5063207053737306	18385000
chr7	18390000	18400000	0.4981704187420304	18395000
chr7	18400000	18410000	1.620128406218294	18405000
chr7	18410000	18420000	5.703575145493588	18415000
chr7	18420000	18430000	1.887163867671101	18425000
chr7	18430000	18440000	1.407022277749019	18435000
chr7	18440000	18450000	2.186333101542288	18445000
chr7	18450000	18460000	1.5802724917750646	18455000
chr7	18460000	18470000	4.3194188913535365	18465000
chr7	18470000	18480000	2.9967995199284414	18475000
chr7	18480000	18490000	2.732406987221984	18485000
chr7	18490000	18500000	1.1892553686353033	18495000
chr7	18500000	18510000	1.5811128745306393	18505000
chr7	18510000	18520000	1.3112209516980098	18515000
chr7	18520000	18530000	1.4423432275303734	18525000
chr7	18530000	18540000	4.950209946673344	18535000
chr7	18540000	18550000	13.431610386407732	18545000
chr7	18550000	18560000	3.5243053983958634	18555000
chr7	18560000	18570000	6.4675328014908136	18565000
chr7	18570000	18580000	1.3805387817869663	18575000
chr7	18580000	18590000	2.8640263625524267	18585000
chr7	18590000	18600000	1.516666287415298	18595000
chr7	18600000	18610000	5.451598188434898	18605000
chr7	18610000	18620000	7.85802781772244	18615000
chr7	18620000	18630000	4.51529756558633	18625000
chr7	18630000	18640000	5.979398772988893	18635000
chr7	18640000	18650000	7.058683680050886	18645000
chr7	18650000	18660000	2.817961391202376	18655000
chr7	18660000	18670000	2.3328069423876894	18665000
chr7	18670000	18680000	0.7818856847081186	18675000
chr7	18680000	18690000	1.9129135663385899	18685000
chr7	18690000	18700000	1.2658533029692574	18695000
chr7	18700000	18710000	1.8398892332996157	18705000
chr7	18710000	18720000	1.4584054151743637	18715000
chr7	18720000	18730000	1.7322156759610003	18725000
chr7	18730000	18740000	3.630049257552552	18735000
chr7	18740000	18750000	1.1180555343265501	18745000
chr7	18750000	18760000	1.5200130739522952	18755000
chr7	18760000	18770000	7.614997204851644	18765000
chr7	18770000	18780000	1.7122111506039646	18775000
chr7	18780000	18790000	1.6397085083520022	18785000
chr7	18790000	18800000	0.9629609488013298	18795000
chr7	18800000	18810000	1.1431711453915225	18805000
chr7	18810000	18820000	1.374050363476588	18815000
chr7	18820000	18830000	1.148132328795007	18825000
chr7	18830000	18840000	0.9082826062484821	18835000
chr7	18840000	18850000	0.7722202020044082	18845000
chr7	18850000	18860000	1.0469043115945025	18855000
chr7	18860000	18870000	4.145075955251778	18865000
chr7	18870000	18880000	1.0169919624237886	18875000
chr7	18880000	18890000	0.49065683122243786	18885000
chr7	18890000	18900000	1.0797790506548375	18895000
chr7	18900000	18910000	1.2262095489211813	18905000
chr7	18910000	18920000	3.2150080865846826	18915000
chr7	18920000	18930000	2.2376046950278097	18925000
chr7	18930000	18940000	1.8684554306378096	18935000
chr7	18940000	18950000	1.3527228784798748	18945000
chr7	18950000	18960000	2.946148077207642	18955000
chr7	18960000	18970000	2.2677652368880405	18965000
chr7	18970000	18980000	8.570717026293643	18975000
chr7	18980000	18990000	3.3346815345493575	18985000
chr7	18990000	19000000	4.772091851386114	18995000
chr7	19000000	19010000	3.6832729190428943	19005000
chr7	19010000	19020000	7.542016644894318	19015000
chr7	19020000	19030000	2.048825356520899	19025000
chr7	19030000	19040000	0.5083080201413673	19035000
chr7	19040000	19050000	1.7480084066496184	19045000
chr7	19050000	19060000	9.830527383958616	19055000
chr7	19060000	19070000	0.8736733233344701	19065000
chr7	19070000	19080000	1.1879265086815096	19075000
chr7	19080000	19090000	1.6686464086128325	19085000
chr7	19090000	19100000	6.543125434404347	19095000
chr7	19100000	19110000	0.8026384233209207	19105000
chr7	19110000	19120000	1.3500278341999512	19115000
chr7	19120000	19130000	1.4813729416314618	19125000
chr7	19130000	19140000	1.3805262142966528	19135000
chr7	19140000	19150000	0.8728966880915898	19145000
chr7	19150000	19160000	1.0201117843551177	19155000
chr7	19160000	19170000	1.6150967725406973	19165000
chr7	19170000	19180000	0.9268795678137044	19175000
chr7	19180000	19190000	1.891001490272904	19185000
chr7	19190000	19200000	2.644706030001872	19195000
chr7	19200000	19210000	1.0842135846090073	19205000
chr7	19210000	19220000	1.740985874891733	19215000
chr7	19220000	19230000	0.8476959525099741	19225000
chr7	19230000	19240000	1.5532152259624197	19235000
chr7	19240000	19250000	1.5272512924956925	19245000
chr7	19250000	19260000	1.9873048746571516	19255000
chr7	19260000	19270000	2.1025829580169635	19265000
chr7	19270000	19280000	1.2249694099330708	19275000
chr7	19280000	19290000	0.6238519421803255	19285000
chr7	19290000	19300000	0.471087078048538	19295000
chr7	19300000	19310000	0.5858349153423258	19305000
chr7	19310000	19320000	0.22599660839241872	19315000
chr7	19320000	19330000	0.17104292822538167	19325000
chr7	19330000	19340000	4.313280558384897	19335000
chr7	19340000	19350000	1.5346638558659256	19345000
chr7	19350000	19360000	1.0781025689287758	19355000
chr7	19360000	19370000	3.545002354599068	19365000
chr7	19370000	19380000	2.5768553872172895	19375000
chr7	19380000	19390000	2.7992773782703884	19385000
chr7	19390000	19400000	2.7883426904632036	19395000
chr7	19400000	19410000	2.705410888101697	19405000
chr7	19410000	19420000	4.2147160013643195	19415000
chr7	19420000	19430000	5.1574884266305885	19425000
chr7	19430000	19440000	2.831646560311336	19435000
chr7	19440000	19450000	6.3578015497650755	19445000
chr7	19450000	19460000	1.9901967617389367	19455000
chr7	19460000	19470000	2.9900123773779534	19465000
chr7	19470000	19480000	4.034383208068682	19475000
chr7	19480000	19490000	3.573620787317405	19485000
chr7	19490000	19500000	2.808160843370837	19495000
chr7	19500000	19510000	6.9482801032215855	19505000
chr7	19510000	19520000	4.2431115316092525	19515000
chr7	19520000	19530000	2.2576966932040157	19525000
chr7	19530000	19540000	2.8077266144522346	19535000
chr7	19540000	19550000	1.8746470628877367	19545000
chr7	19550000	19560000	1.4293345709286156	19555000
chr7	19560000	19570000	8.472376403614096	19565000
chr7	19570000	19580000	2.572019944569874	19575000
chr7	19580000	19590000	1.2080816176909979	19585000
chr7	19590000	19600000	2.7001808211400187	19595000
chr7	19600000	19610000	1.1764668698004728	19605000
chr7	19610000	19620000	2.613822311476565	19615000
chr7	19620000	19630000	1.2028091034592545	19625000
chr7	19630000	19640000	1.6043712964062313	19635000
chr7	19640000	19650000	2.18020826482348	19645000
chr7	19650000	19660000	0.8208207179964407	19655000
chr7	19660000	19670000	1.3643255533360197	19665000
chr7	19670000	19680000	3.1929140334989565	19675000
chr7	19680000	19690000	2.3704192233631045	19685000
chr7	19690000	19700000	3.5152729396659104	19695000
chr7	19700000	19710000	1.6265479364965387	19705000
chr7	19710000	19720000	3.293573756884939	19715000
chr7	19720000	19730000	1.4648258894075346	19725000
chr7	19730000	19740000	2.6622117412836794	19735000
chr7	19740000	19750000	3.1965470695786804	19745000
chr7	19750000	19760000	10.908796495766127	19755000
chr7	19760000	19770000	3.1027316864721004	19765000
chr7	19770000	19780000	8.513717360785646	19775000
chr7	19780000	19790000	1.0642367674203193	19785000
chr7	19790000	19800000	1.2905463076870078	19795000
chr7	19800000	19810000	0.9395132050163779	19805000
chr7	19810000	19820000	1.3308830969180512	19815000
chr7	19820000	19830000	0.9275272389600214	19825000
chr7	19830000	19840000	2.544974425899647	19835000
chr7	19840000	19850000	1.3010174909180579	19845000
chr7	19850000	19860000	1.3841355095457233	19855000
chr7	19860000	19870000	9.348222206088705	19865000
chr7	19870000	19880000	2.495265077767178	19875000
chr7	19880000	19890000	5.073485016757768	19885000
chr7	19890000	19900000	1.00369113298494	19895000
chr7	19900000	19910000	2.2480179958279964	19905000
chr7	19910000	19920000	2.889724133429982	19915000
chr7	19920000	19930000	2.9708402887506113	19925000
chr7	19930000	19940000	3.7924254054745514	19935000
chr7	19940000	19950000	1.0171841768022738	19945000
chr7	19950000	19960000	1.4492794488465208	19955000
chr7	19960000	19970000	3.5744570327949194	19965000
chr7	19970000	19980000	2.1882063432830323	19975000
chr7	19980000	19990000	1.85779753099983	19985000
chr7	19990000	20000000	2.8916061163699602	19995000
chr7	20000000	20010000	3.422762847463408	20005000
chr7	20010000	20020000	1.50856334117107	20015000
chr7	20020000	20030000	2.709306879680991	20025000
chr7	20030000	20040000	2.878323305688427	20035000
chr7	20040000	20050000	2.4564448127468386	20045000
chr7	20050000	20060000	9.085999581474299	20055000
chr7	20060000	20070000	1.0763447348271327	20065000
chr7	20070000	20080000	1.1221603767831818	20075000
chr7	20080000	20090000	2.5985737359237033	20085000
chr7	20090000	20100000	5.9388101902351105	20095000
chr7	20100000	20110000	0.7818592831804323	20105000
chr7	20110000	20120000	0.656067830536536	20115000
chr7	20120000	20130000	0.9070260273450447	20125000
chr7	20130000	20140000	0.5731894858409888	20135000
chr7	20140000	20150000	5.610689719500768	20145000
chr7	20150000	20160000	7.183766045996699	20155000
chr7	20160000	20170000	2.6021795428311254	20165000
chr7	20170000	20180000	4.1974603134364585	20175000
chr7	20180000	20190000	2.2439930975797373	20185000
chr7	20190000	20200000	3.2787308418718992	20195000
chr7	20200000	20210000	11.476075824793119	20205000
chr7	20210000	20220000	2.5127502920293976	20215000
chr7	20220000	20230000	0.293155523334111	20225000
chr7	20230000	20240000	0.3502201613940396	20235000
chr7	20240000	20250000	0.4600045349173276	20245000
chr7	20250000	20260000	0.5169870140982534	20255000
chr7	20260000	20270000	0.4717214867209062	20265000
chr7	20270000	20280000	3.2107451580487685	20275000
chr7	20280000	20290000	1.0595502520551285	20285000
chr7	20290000	20300000	1.8667633235021739	20295000
chr7	20300000	20310000	0.06827704842504155	20305000
chr7	20310000	20320000	0.150753225932464	20315000
chr7	20320000	20330000	0.16384988742821377	20325000
chr7	20330000	20340000	0.29470466058553285	20335000
chr7	20340000	20350000	0.12281429335813977	20345000
chr7	20350000	20360000	0.3616262907392859	20355000
chr7	20360000	20370000	0.17575162944395314	20365000
chr7	20370000	20380000	0.08948942281593608	20375000
chr7	20380000	20390000	0.26959155377302285	20385000
chr7	20390000	20400000	3.5008844878191	20395000
chr7	20400000	20410000	0.33649674760718606	20405000
chr7	20410000	20420000	0.24459643783616944	20415000
chr7	20420000	20430000	0.34011560085703524	20425000
chr7	20430000	20440000	0.4725345042462229	20435000
chr7	20440000	20450000	6.995339332729725	20445000
chr7	20450000	20460000	1.6727922058152132	20455000
chr7	20460000	20470000	2.435334321549828	20465000
chr7	20470000	20480000	3.527602745394437	20475000
chr7	20480000	20490000	1.1799967292229467	20485000
chr7	20490000	20500000	2.3507227725244424	20495000
chr7	20500000	20510000	4.348613922416871	20505000
chr7	20510000	20520000	1.3370197162251625	20515000
chr7	20520000	20530000	0.9246365157811139	20525000
chr7	20530000	20540000	5.048392594795027	20535000
chr7	20540000	20550000	1.3822959887960253	20545000
chr7	20550000	20560000	0.5291286873540583	20555000
chr7	20560000	20570000	0.8706785463039166	20565000
chr7	20570000	20580000	0.5107044890041591	20575000
chr7	20580000	20590000	0.8967539973716631	20585000
chr7	20590000	20600000	4.318087867916627	20595000
chr7	20600000	20610000	4.535624046216129	20605000
chr7	20610000	20620000	1.0430858145035957	20615000
chr7	20620000	20630000	0.35681124379835166	20625000
chr7	20630000	20640000	0.3021043285034208	20635000
chr7	20640000	20650000	0.6142500413065284	20645000
chr7	20650000	20660000	0.5057570843000804	20655000
chr7	20660000	20670000	0.14936957715094137	20665000
chr7	20670000	20680000	0.5463372269396501	20675000
chr7	20680000	20690000	0.6141916362801099	20685000
chr7	20690000	20700000	0.43116465911672247	20695000
chr7	20700000	20710000	0.34053121251010326	20705000
chr7	20710000	20720000	0.20411253695519774	20715000
chr7	20720000	20730000	0.05610156601588502	20725000
chr7	20730000	20740000	0.19911195158945158	20735000
chr7	20740000	20750000	0.25492169645078006	20745000
chr7	20750000	20760000	0.2546097715894003	20755000
chr7	20760000	20770000	0.596385275059367	20765000
chr7	20770000	20780000	1.2716581317971425	20775000
chr7	20780000	20790000	0.68231831265492	20785000
chr7	20790000	20800000	0.7330051858482163	20795000
chr7	20800000	20810000	0.5895677804613487	20805000
chr7	20810000	20820000	0.526290942558159	20815000
chr7	20820000	20830000	1.1250391203542307	20825000
chr7	20830000	20840000	4.303918721067609	20835000
chr7	20840000	20850000	2.4570436081768485	20845000
chr7	20850000	20860000	1.8874108467134745	20855000
chr7	20860000	20870000	1.4748110732197772	20865000
chr7	20870000	20880000	4.0496239903735525	20875000
chr7	20880000	20890000	1.5027718113068327	20885000
chr7	20890000	20900000	3.31754443160525	20895000
chr7	20900000	20910000	1.5483133198438706	20905000
chr7	20910000	20920000	0.9445066271193711	20915000
chr7	20920000	20930000	1.3838712613191537	20925000
chr7	20930000	20940000	1.5472523497072344	20935000
chr7	20940000	20950000	1.3111238112810593	20945000
chr7	20950000	20960000	1.1560649227315776	20955000
chr7	20960000	20970000	1.5169245985727022	20965000
chr7	20970000	20980000	2.554966221150016	20975000
chr7	20980000	20990000	4.157033851625074	20985000
chr7	20990000	21000000	2.1569382161487	20995000
chr7	21000000	21010000	3.1648276521539542	21005000
chr7	21010000	21020000	3.9550626404683564	21015000
chr7	21020000	21030000	6.349559045311877	21025000
chr7	21030000	21040000	4.132712991303793	21035000
chr7	21040000	21050000	3.2107747675163716	21045000
chr7	21050000	21060000	2.603775334677783	21055000
chr7	21060000	21070000	2.7956264304205307	21065000
chr7	21070000	21080000	1.584616805933939	21075000
chr7	21080000	21090000	0.9562790255090658	21085000
chr7	21090000	21100000	3.6075105981125604	21095000
chr7	21100000	21110000	0.9305289975963495	21105000
chr7	21110000	21120000	3.485952182039891	21115000
chr7	21120000	21130000	4.342659970868319	21125000
chr7	21130000	21140000	1.629723246305333	21135000
chr7	21140000	21150000	1.9960192348825982	21145000
chr7	21150000	21160000	4.584526764610027	21155000
chr7	21160000	21170000	3.89068172405906	21165000
chr7	21170000	21180000	1.4134875136338274	21175000
chr7	21180000	21190000	19.406557081629362	21185000
chr7	21190000	21200000	1.0862470359434777	21195000
chr7	21200000	21210000	1.298250690102442	21205000
chr7	21210000	21220000	1.7078916549873462	21215000
chr7	21220000	21230000	2.5575233590524524	21225000
chr7	21230000	21240000	2.153889119823854	21235000
chr7	21240000	21250000	3.11180931843939	21245000
chr7	21250000	21260000	1.1577024686427282	21255000
chr7	21260000	21270000	0.6010810219867552	21265000
chr7	21270000	21280000	0.5016975334427858	21275000
chr7	21280000	21290000	1.4925871749809096	21285000
chr7	21290000	21300000	0.47944665102660494	21295000
chr7	21300000	21310000	0.24805903632783946	21305000
chr7	21310000	21320000	0.38948449502298454	21315000
chr7	21320000	21330000	0.45198675076161404	21325000
chr7	21330000	21340000	0.4633214736266201	21335000
chr7	21340000	21350000	0.5552209583283253	21345000
chr7	21350000	21360000	1.3135765404095494	21355000
chr7	21360000	21370000	1.46498622167579	21365000
chr7	21370000	21380000	1.2709223719978644	21375000
chr7	21380000	21390000	4.964661432415466	21385000
chr7	21390000	21400000	0.5645199683167955	21395000
chr7	21400000	21410000	0.34017051137574567	21405000
chr7	21410000	21420000	0.24304488369790825	21415000
chr7	21420000	21430000	0.17494981193066353	21425000
chr7	21430000	21440000	0.49223859707472056	21435000
chr7	21440000	21450000	0.5224777131035809	21445000
chr7	21450000	21460000	2.140292764482552	21455000
chr7	21460000	21470000	6.878066217162879	21465000
chr7	21470000	21480000	2.9593237443347693	21475000
chr7	21480000	21490000	1.0612565482970249	21485000
chr7	21490000	21500000	5.586311569708509	21495000
chr7	21500000	21510000	0.9932741857397113	21505000
chr7	21510000	21520000	0.47371997634354535	21515000
chr7	21520000	21530000	0.6589964837371988	21525000
chr7	21530000	21540000	1.5276222501213175	21535000
chr7	21540000	21550000	1.4979925836664	21545000
chr7	21550000	21560000	12.422652376145145	21555000
chr7	21560000	21570000	3.391969536556234	21565000
chr7	21570000	21580000	2.3155205807298342	21575000
chr7	21580000	21590000	3.8643495976543742	21585000
chr7	21590000	21600000	2.3637734656747846	21595000
chr7	21600000	21610000	2.8706815217231703	21605000
chr7	21610000	21620000	4.228177476954348	21615000
chr7	21620000	21630000	3.244068996535851	21625000
chr7	21630000	21640000	5.203416158224322	21635000
chr7	21640000	21650000	4.888888808130816	21645000
chr7	21650000	21660000	3.9695872209391627	21655000
chr7	21660000	21670000	2.024046976151111	21665000
chr7	21670000	21680000	2.9511855495359867	21675000
chr7	21680000	21690000	2.2423635970121216	21685000
chr7	21690000	21700000	2.758268324761808	21695000
chr7	21700000	21710000	1.9979237527564637	21705000
chr7	21710000	21720000	2.7838182700359777	21715000
chr7	21720000	21730000	2.065829353508745	21725000
chr7	21730000	21740000	1.8744178552280146	21735000
chr7	21740000	21750000	5.595670442363497	21745000
chr7	21750000	21760000	1.6731750061952586	21755000
chr7	21760000	21770000	1.3250950907477574	21765000
chr7	21770000	21780000	3.4048695111319995	21775000
chr7	21780000	21790000	6.847340350200787	21785000
chr7	21790000	21800000	0.9860262498172585	21795000
chr7	21800000	21810000	0.5318240468480131	21805000
chr7	21810000	21820000	0.4447180259982441	21815000
chr7	21820000	21830000	0.2751291579828847	21825000
chr7	21830000	21840000	2.111078924839053	21835000
chr7	21840000	21850000	2.15480615143687	21845000
chr7	21850000	21860000	1.0260536988390987	21855000
chr7	21860000	21870000	1.6001442468175024	21865000
chr7	21870000	21880000	0.8365759099098926	21875000
chr7	21880000	21890000	0.16952722633593975	21885000
chr7	21890000	21900000	1.7405850436483077	21895000
chr7	21900000	21910000	1.2729238647395857	21905000
chr7	21910000	21920000	1.4026598818055005	21915000
chr7	21920000	21930000	1.741944171767506	21925000
chr7	21930000	21940000	2.0293952189881015	21935000
chr7	21940000	21950000	2.98348637207585	21945000
chr7	21950000	21960000	2.878344501260993	21955000
chr7	21960000	21970000	2.966041300059968	21965000
chr7	21970000	21980000	3.9144273878957914	21975000
chr7	21980000	21990000	2.494705084330809	21985000
chr7	21990000	22000000	2.7377178487965623	21995000
chr7	22000000	22010000	2.940778246926846	22005000
chr7	22010000	22020000	3.9943918167613797	22015000
chr7	22020000	22030000	3.59773691660419	22025000
chr7	22030000	22040000	6.9138349168564615	22035000
chr7	22040000	22050000	4.082887291167084	22045000
chr7	22050000	22060000	4.344383807702343	22055000
chr7	22060000	22070000	1.9005042748836114	22065000
chr7	22070000	22080000	12.460715099352406	22075000
chr7	22080000	22090000	2.9523075443675006	22085000
chr7	22090000	22100000	11.676530914519377	22095000
chr7	22100000	22110000	5.082482924140444	22105000
chr7	22110000	22120000	5.902862924876585	22115000
chr7	22120000	22130000	6.99258833088777	22125000
chr7	22130000	22140000	4.962250961708734	22135000
chr7	22140000	22150000	5.687827826043214	22145000
chr7	22150000	22160000	3.737797218487094	22155000
chr7	22160000	22170000	3.21103127980051	22165000
chr7	22170000	22180000	4.8214940346404065	22175000
chr7	22180000	22190000	7.0809288887395825	22185000
chr7	22190000	22200000	7.8151089017042406	22195000
chr7	22200000	22210000	6.5728224852662	22205000
chr7	22210000	22220000	5.28944626963755	22215000
chr7	22220000	22230000	5.065332026526542	22225000
chr7	22230000	22240000	7.9328335623594475	22235000
chr7	22240000	22250000	2.1762643761749128	22245000
chr7	22250000	22260000	6.072207973997701	22255000
chr7	22260000	22270000	1.2122010820950289	22265000
chr7	22270000	22280000	1.6738971718738662	22275000
chr7	22280000	22290000	3.819844164188603	22285000
chr7	22290000	22300000	3.3153250491786443	22295000
chr7	22300000	22310000	15.190671856611873	22305000
chr7	22310000	22320000	7.087975704194276	22315000
chr7	22320000	22330000	2.881213160509059	22325000
chr7	22330000	22340000	2.354231828215711	22335000
chr7	22340000	22350000	2.3178810127124856	22345000
chr7	22350000	22360000	2.469377712125244	22355000
chr7	22360000	22370000	2.736822386319309	22365000
chr7	22370000	22380000	2.591187239328232	22375000
chr7	22380000	22390000	3.745093707843751	22385000
chr7	22390000	22400000	3.3208413817852027	22395000
chr7	22400000	22410000	3.956540479428681	22405000
chr7	22410000	22420000	2.176180659604716	22415000
chr7	22420000	22430000	3.0821122870014603	22425000
chr7	22430000	22440000	5.903145045029781	22435000
chr7	22440000	22450000	6.1854947642836	22445000
chr7	22450000	22460000	2.4466565743643303	22455000
chr7	22460000	22470000	1.196786804964152	22465000
chr7	22470000	22480000	1.1658020940304494	22475000
chr7	22480000	22490000	3.2099046030576908	22485000
chr7	22490000	22500000	5.9018384880899974	22495000
chr7	22500000	22510000	1.3686810953450088	22505000
chr7	22510000	22520000	4.13561295391461	22515000
chr7	22520000	22530000	3.1139895797050405	22525000
chr7	22530000	22540000	3.119201142586118	22535000
chr7	22540000	22550000	4.459355900262242	22545000
chr7	22550000	22560000	2.6636655323838903	22555000
chr7	22560000	22570000	3.88384982184091	22565000
chr7	22570000	22580000	4.527287478477472	22575000
chr7	22580000	22590000	6.443092052890165	22585000
chr7	22590000	22600000	5.257047103259307	22595000
chr7	22600000	22610000	5.822954525344328	22605000
chr7	22610000	22620000	5.902943062567215	22615000
chr7	22620000	22630000	5.494470833388314	22625000
chr7	22630000	22640000	4.368122922499594	22635000
chr7	22640000	22650000	3.790266566785737	22645000
chr7	22650000	22660000	3.420440755908023	22655000
chr7	22660000	22670000	4.76389743063138	22665000
chr7	22670000	22680000	4.385941958640208	22675000
chr7	22680000	22690000	5.887032023860812	22685000
chr7	22690000	22700000	6.125126741932368	22695000
chr7	22700000	22710000	3.3032981412862616	22705000
chr7	22710000	22720000	7.019766368977924	22715000
chr7	22720000	22730000	3.9911954617527923	22725000
chr7	22730000	22740000	4.159921377089883	22735000
chr7	22740000	22750000	2.720978532125379	22745000
chr7	22750000	22760000	2.6164412437021305	22755000
chr7	22760000	22770000	2.7196886529803845	22765000
chr7	22770000	22780000	3.298632469450317	22775000
chr7	22780000	22790000	3.896287675368525	22785000
chr7	22790000	22800000	7.226772627835554	22795000
chr7	22800000	22810000	8.560508894389752	22805000
chr7	22810000	22820000	3.4487764441057718	22815000
chr7	22820000	22830000	3.812088277452069	22825000
chr7	22830000	22840000	1.7234927154634565	22835000
chr7	22840000	22850000	5.349859671754953	22845000
chr7	22850000	22860000	6.615656309066637	22855000
chr7	22860000	22870000	10.115610373712242	22865000
chr7	22870000	22880000	10.671472516955117	22875000
chr7	22880000	22890000	6.617159719021847	22885000
chr7	22890000	22900000	1.692742556719573	22895000
chr7	22900000	22910000	1.2777106773545739	22905000
chr7	22910000	22920000	1.8999972570803254	22915000
chr7	22920000	22930000	5.436967487776521	22925000
chr7	22930000	22940000	11.53694813590905	22935000
chr7	22940000	22950000	8.809336337764348	22945000
chr7	22950000	22960000	10.768864128314716	22955000
chr7	22960000	22970000	11.892011299455993	22965000
chr7	22970000	22980000	9.575331512937003	22975000
chr7	22980000	22990000	8.757622297377972	22985000
chr7	22990000	23000000	5.989674888281018	22995000
chr7	23000000	23010000	7.822921370009095	23005000
chr7	23010000	23020000	7.351913942476448	23015000
chr7	23020000	23030000	6.424258469460343	23025000
chr7	23030000	23040000	6.919972002450244	23035000
chr7	23040000	23050000	2.7516399784426437	23045000
chr7	23050000	23060000	2.3079113485107348	23055000
chr7	23060000	23070000	2.0208811718423667	23065000
chr7	23070000	23080000	2.7676331528673552	23075000
chr7	23080000	23090000	2.959805176887073	23085000
chr7	23090000	23100000	3.150348434687569	23095000
chr7	23100000	23110000	1.65939718697328	23105000
chr7	23110000	23120000	2.6915674185240337	23115000
chr7	23120000	23130000	6.473375756037732	23125000
chr7	23130000	23140000	5.560688294980941	23135000
chr7	23140000	23150000	5.038646508261106	23145000
chr7	23150000	23160000	3.523067891605555	23155000
chr7	23160000	23170000	5.552035102979059	23165000
chr7	23170000	23180000	9.874742801303306	23175000
chr7	23180000	23190000	5.598582186781989	23185000
chr7	23190000	23200000	5.553385179802501	23195000
chr7	23200000	23210000	3.1636807388673693	23205000
chr7	23210000	23220000	2.674643728852728	23215000
chr7	23220000	23230000	4.292756835479415	23225000
chr7	23230000	23240000	2.519666106237558	23235000
chr7	23240000	23250000	4.524239206047624	23245000
chr7	23250000	23260000	8.156769838342397	23255000
chr7	23260000	23270000	4.269741944949072	23265000
chr7	23270000	23280000	3.4212247440514107	23275000
chr7	23280000	23290000	3.249420731723355	23285000
chr7	23290000	23300000	4.126731137819302	23295000
chr7	23300000	23310000	2.423702269093897	23305000
chr7	23310000	23320000	11.880179398599736	23315000
chr7	23320000	23330000	8.391008638097121	23325000
chr7	23330000	23340000	7.4991653955892845	23335000
chr7	23340000	23350000	6.9502838752174405	23345000
chr7	23350000	23360000	5.434223624111662	23355000
chr7	23360000	23370000	7.705698790441677	23365000
chr7	23370000	23380000	7.517308849861957	23375000
chr7	23380000	23390000	6.329853947881988	23385000
chr7	23390000	23400000	5.808822114977832	23395000
chr7	23400000	23410000	4.959848661164947	23405000
chr7	23410000	23420000	4.092423098432252	23415000
chr7	23420000	23430000	11.004212856233591	23425000
chr7	23430000	23440000	6.372943097058256	23435000
chr7	23440000	23450000	5.7892282900639245	23445000
chr7	23450000	23460000	5.102091622506497	23455000
chr7	23460000	23470000	6.172621548078087	23465000
chr7	23470000	23480000	2.0564336190778976	23475000
chr7	23480000	23490000	3.186076488886072	23485000
chr7	23490000	23500000	8.307056410817562	23495000
chr7	23500000	23510000	6.801280900410431	23505000
chr7	23510000	23520000	6.2859429460751155	23515000
chr7	23520000	23530000	7.639431717548943	23525000
chr7	23530000	23540000	4.7509779593175	23535000
chr7	23540000	23550000	5.762337594094813	23545000
chr7	23550000	23560000	4.749032949097401	23555000
chr7	23560000	23570000	5.797377135941539	23565000
chr7	23570000	23580000	5.383612224987482	23575000
chr7	23580000	23590000	4.4557610978799	23585000
chr7	23590000	23600000	4.639706073000743	23595000
chr7	23600000	23610000	3.474203697440327	23605000
chr7	23610000	23620000	2.4742942337385063	23615000
chr7	23620000	23630000	2.6504284955685886	23625000
chr7	23630000	23640000	4.020279089213062	23635000
chr7	23640000	23650000	2.682880310470369	23645000
chr7	23650000	23660000	1.566396466027214	23655000
chr7	23660000	23670000	0.9356959685662083	23665000
chr7	23670000	23680000	1.6263990677247502	23675000
chr7	23680000	23690000	2.54668734914866	23685000
chr7	23690000	23700000	3.952036437512446	23695000
chr7	23700000	23710000	3.504608690278141	23705000
chr7	23710000	23720000	8.44754615802592	23715000
chr7	23720000	23730000	8.003215195519273	23725000
chr7	23730000	23740000	3.4719876068142903	23735000
chr7	23740000	23750000	7.132105063608004	23745000
chr7	23750000	23760000	3.2770115844479104	23755000
chr7	23760000	23770000	4.83022458622703	23765000
chr7	23770000	23780000	1.9512221130809082	23775000
chr7	23780000	23790000	4.825541980785718	23785000
chr7	23790000	23800000	3.2543053677715847	23795000
chr7	23800000	23810000	5.869276378191776	23805000
chr7	23810000	23820000	5.981803409211009	23815000
chr7	23820000	23830000	9.552080177132858	23825000
chr7	23830000	23840000	4.988176224038913	23835000
chr7	23840000	23850000	3.506726843793246	23845000
chr7	23850000	23860000	3.533337217721889	23855000
chr7	23860000	23870000	7.966295571930526	23865000
chr7	23870000	23880000	4.628474042730772	23875000
chr7	23880000	23890000	7.582466385204035	23885000
chr7	23890000	23900000	5.057062126005679	23895000
chr7	23900000	23910000	4.3090643557280615	23905000
chr7	23910000	23920000	10.752564443607449	23915000
chr7	23920000	23930000	10.762859787790559	23925000
chr7	23930000	23940000	2.71317491139917	23935000
chr7	23940000	23950000	7.830673796787008	23945000
chr7	23950000	23960000	2.608758035743046	23955000
chr7	23960000	23970000	4.683530343119584	23965000
chr7	23970000	23980000	6.0041456594565865	23975000
chr7	23980000	23990000	10.042881859950183	23985000
chr7	23990000	24000000	4.363471083391846	23995000
chr7	24000000	24010000	15.62065721379526	24005000
chr7	24010000	24020000	7.035328857409802	24015000
chr7	24020000	24030000	5.657327817881457	24025000
chr7	24030000	24040000	7.267019706411318	24035000
chr7	24040000	24050000	3.0414794964212355	24045000
chr7	24050000	24060000	3.7197434943759653	24055000
chr7	24060000	24070000	5.316872556149108	24065000
chr7	24070000	24080000	8.195122264462297	24075000
chr7	24080000	24090000	5.553514312652915	24085000
chr7	24090000	24100000	6.48797062739927	24095000
chr7	24100000	24110000	5.321110559075109	24105000
chr7	24110000	24120000	9.338912901058592	24115000
chr7	24120000	24130000	5.80605133919148	24125000
chr7	24130000	24140000	8.565016470326901	24135000
chr7	24140000	24150000	9.011369111774025	24145000
chr7	24150000	24160000	6.98387861311741	24155000
chr7	24160000	24170000	3.382127224002949	24165000
chr7	24170000	24180000	3.933404304317782	24175000
chr7	24180000	24190000	2.4982817294732054	24185000
chr7	24190000	24200000	1.5595134335311662	24195000
chr7	24200000	24210000	2.377660223754547	24205000
chr7	24210000	24220000	1.8218347443564673	24215000
chr7	24220000	24230000	2.1704567071138143	24225000
chr7	24230000	24240000	2.666850580171056	24235000
chr7	24240000	24250000	1.3125891248823187	24245000
chr7	24250000	24260000	1.7062756973639326	24255000
chr7	24260000	24270000	5.554030102539954	24265000
chr7	24270000	24280000	2.5751039342066426	24275000
chr7	24280000	24290000	2.93463115839297	24285000
chr7	24290000	24300000	7.614825926858146	24295000
chr7	24300000	24310000	2.051174714682812	24305000
chr7	24310000	24320000	7.3541047349560955	24315000
chr7	24320000	24330000	2.9781060483014112	24325000
chr7	24330000	24340000	3.7717915510292515	24335000
chr7	24340000	24350000	3.5258255933229012	24345000
chr7	24350000	24360000	4.599701225491618	24355000
chr7	24360000	24370000	9.221589566196053	24365000
chr7	24370000	24380000	2.327884192365282	24375000
chr7	24380000	24390000	1.6256353331809412	24385000
chr7	24390000	24400000	10.654199866137988	24395000
chr7	24400000	24410000	2.2136181881345247	24405000
chr7	24410000	24420000	2.8375627285920633	24415000
chr7	24420000	24430000	4.449499232907294	24425000
chr7	24430000	24440000	4.0086608080687025	24435000
chr7	24440000	24450000	7.032776561362672	24445000
chr7	24450000	24460000	2.143802899526096	24455000
chr7	24460000	24470000	2.359619587274361	24465000
chr7	24470000	24480000	1.9261553844549242	24475000
chr7	24480000	24490000	2.7703248393821736	24485000
chr7	24490000	24500000	2.3964328721662023	24495000
chr7	24500000	24510000	2.274889870872666	24505000
chr7	24510000	24520000	3.2501320883594507	24515000
chr7	24520000	24530000	7.79792618271896	24525000
chr7	24530000	24540000	8.579760004008627	24535000
chr7	24540000	24550000	7.412698100744276	24545000
chr7	24550000	24560000	6.7997412692033565	24555000
chr7	24560000	24570000	6.058597650259833	24565000
chr7	24570000	24580000	3.7576259397187295	24575000
chr7	24580000	24590000	4.570579434203976	24585000
chr7	24590000	24600000	8.625702141982888	24595000
chr7	24600000	24610000	3.287533933795835	24605000
chr7	24610000	24620000	3.7680128707317304	24615000
chr7	24620000	24630000	3.5484315359369734	24625000
chr7	24630000	24640000	4.190882633135489	24635000
chr7	24640000	24650000	5.075439960298078	24645000
chr7	24650000	24660000	4.868992282834795	24655000
chr7	24660000	24670000	3.9876826938100325	24665000
chr7	24670000	24680000	3.245587539022688	24675000
chr7	24680000	24690000	3.3750432455803696	24685000
chr7	24690000	24700000	3.7976429277937553	24695000
chr7	24700000	24710000	5.63074753507879	24705000
chr7	24710000	24720000	3.7739496352623676	24715000
chr7	24720000	24730000	3.235950817638939	24725000
chr7	24730000	24740000	5.330533269643798	24735000
chr7	24740000	24750000	4.447727857325684	24745000
chr7	24750000	24760000	3.9677861514120134	24755000
chr7	24760000	24770000	2.396812623039452	24765000
chr7	24770000	24780000	2.2550693902436807	24775000
chr7	24780000	24790000	5.826663589054708	24785000
chr7	24790000	24800000	7.957301035443447	24795000
chr7	24800000	24810000	5.129638412961376	24805000
chr7	24810000	24820000	5.3809737109503715	24815000
chr7	24820000	24830000	3.0808963305025188	24825000
chr7	24830000	24840000	3.239990041242127	24835000
chr7	24840000	24850000	3.337620072114681	24845000
chr7	24850000	24860000	3.9611663161769735	24855000
chr7	24860000	24870000	4.883655455321287	24865000
chr7	24870000	24880000	4.980854242423796	24875000
chr7	24880000	24890000	3.999696974935587	24885000
chr7	24890000	24900000	4.902914794324489	24895000
chr7	24900000	24910000	7.727539105909233	24905000
chr7	24910000	24920000	4.857763509206519	24915000
chr7	24920000	24930000	5.799333571642145	24925000
chr7	24930000	24940000	5.503957517327689	24935000
chr7	24940000	24950000	4.211892498212083	24945000
chr7	24950000	24960000	4.537628527898742	24955000
chr7	24960000	24970000	3.7922966848685307	24965000
chr7	24970000	24980000	3.7344591612750073	24975000
chr7	24980000	24990000	2.7319343680480417	24985000
chr7	24990000	25000000	3.395668199240199	24995000
chr7	25000000	25010000	3.67442242391874	25005000
chr7	25010000	25020000	7.18806360069441	25015000
chr7	25020000	25030000	5.2495814789873245	25025000
chr7	25030000	25040000	4.455220973295996	25035000
chr7	25040000	25050000	5.82056754189257	25045000
chr7	25050000	25060000	8.761277961008329	25055000
chr7	25060000	25070000	6.197307295749707	25065000
chr7	25070000	25080000	6.816559965435444	25075000
chr7	25080000	25090000	3.299508336429564	25085000
chr7	25090000	25100000	8.765655909344382	25095000
chr7	25100000	25110000	8.140621874899955	25105000
chr7	25110000	25120000	5.104755153898091	25115000
chr7	25120000	25130000	3.549020846934972	25125000
chr7	25130000	25140000	3.4523264431722485	25135000
chr7	25140000	25150000	7.496717786186352	25145000
chr7	25150000	25160000	7.026148152029533	25155000
chr7	25160000	25170000	4.674420849206395	25165000
chr7	25170000	25180000	3.044006501004572	25175000
chr7	25180000	25190000	4.122139816636645	25185000
chr7	25190000	25200000	3.443328948631288	25195000
chr7	25200000	25210000	3.743716914095027	25205000
chr7	25210000	25220000	3.4742797573234165	25215000
chr7	25220000	25230000	3.654831509305905	25225000
chr7	25230000	25240000	5.409741522746137	25235000
chr7	25240000	25250000	7.037945974031845	25245000
chr7	25250000	25260000	6.4768806927457145	25255000
chr7	25260000	25270000	5.83687351437748	25265000
chr7	25270000	25280000	7.247545516733877	25275000
chr7	25280000	25290000	6.373446026089107	25285000
chr7	25290000	25300000	6.768188459850713	25295000
chr7	25300000	25310000	7.030306232222925	25305000
chr7	25310000	25320000	5.959453229567062	25315000
chr7	25320000	25330000	6.8730634827886625	25325000
chr7	25330000	25340000	6.49642931998264	25335000
chr7	25340000	25350000	6.538718271709797	25345000
chr7	25350000	25360000	6.541994029551095	25355000
chr7	25360000	25370000	5.903191550171496	25365000
chr7	25370000	25380000	5.616192028697427	25375000
chr7	25380000	25390000	11.634258083739654	25385000
chr7	25390000	25400000	8.15807500936862	25395000
chr7	25400000	25410000	7.475448814142909	25405000
chr7	25410000	25420000	4.285736844767158	25415000
chr7	25420000	25430000	13.775253677701476	25425000
chr7	25430000	25440000	12.921605191339415	25435000
chr7	25440000	25450000	12.112094537805092	25445000
chr7	25450000	25460000	8.560382601098738	25455000
chr7	25460000	25470000	7.842528266557397	25465000
chr7	25470000	25480000	5.321713664975751	25475000
chr7	25480000	25490000	4.367833018549824	25485000
chr7	25490000	25500000	4.026349864288743	25495000
chr7	25500000	25510000	4.708956538615514	25505000
chr7	25510000	25520000	3.292956980365055	25515000
chr7	25520000	25530000	3.38600545159669	25525000
chr7	25530000	25540000	3.3773169983621782	25535000
chr7	25540000	25550000	3.6272077167779053	25545000
chr7	25550000	25560000	4.806501549169409	25555000
chr7	25560000	25570000	2.9660163357571907	25565000
chr7	25570000	25580000	3.0986446186668375	25575000
chr7	25580000	25590000	3.6878766004170602	25585000
chr7	25590000	25600000	3.6900317803819984	25595000
chr7	25600000	25610000	3.1278474656501913	25605000
chr7	25610000	25620000	1.77261217185463	25615000
chr7	25620000	25630000	0.9833557859868476	25625000
chr7	25630000	25640000	2.5167675003201935	25635000
chr7	25640000	25650000	2.4114228638697623	25645000
chr7	25650000	25660000	2.2899400171983086	25655000
chr7	25660000	25670000	1.5668966021086643	25665000
chr7	25670000	25680000	1.4711331351731443	25675000
chr7	25680000	25690000	2.7735706813819596	25685000
chr7	25690000	25700000	1.54085346795974	25695000
chr7	25700000	25710000	1.3622536960733933	25705000
chr7	25710000	25720000	8.586906669790565	25715000
chr7	25720000	25730000	2.781592857339448	25725000
chr7	25730000	25740000	2.599880386602155	25735000
chr7	25740000	25750000	3.576915571519555	25745000
chr7	25750000	25760000	4.482756544494238	25755000
chr7	25760000	25770000	3.3785493199241556	25765000
chr7	25770000	25780000	4.406245930360902	25775000
chr7	25780000	25790000	1.811905041634563	25785000
chr7	25790000	25800000	1.3873463119420346	25795000
chr7	25800000	25810000	2.813514766530521	25805000
chr7	25810000	25820000	1.5973305953805959	25815000
chr7	25820000	25830000	1.9328142756998528	25825000
chr7	25830000	25840000	5.673583702840978	25835000
chr7	25840000	25850000	5.589603813519759	25845000
chr7	25850000	25860000	24.10598212714964	25855000
chr7	25860000	25870000	3.348774957409535	25865000
chr7	25870000	25880000	6.601909978138645	25875000
chr7	25880000	25890000	5.173163604193916	25885000
chr7	25890000	25900000	6.283692764973364	25895000
chr7	25900000	25910000	4.069673855378866	25905000
chr7	25910000	25920000	3.987190936355473	25915000
chr7	25920000	25930000	5.4872235534355	25925000
chr7	25930000	25940000	5.470082421890841	25935000
chr7	25940000	25950000	4.171178176623919	25945000
chr7	25950000	25960000	3.8115921333356124	25955000
chr7	25960000	25970000	4.415790187824456	25965000
chr7	25970000	25980000	3.257494325911589	25975000
chr7	25980000	25990000	3.6866474420392863	25985000
chr7	25990000	26000000	6.004151341762398	25995000
chr7	26000000	26010000	5.340520131168729	26005000
chr7	26010000	26020000	3.782317008419938	26015000
chr7	26020000	26030000	3.6689902317818226	26025000
chr7	26030000	26040000	2.7674154110501825	26035000
chr7	26040000	26050000	6.274775673584302	26045000
chr7	26050000	26060000	7.833942795695447	26055000
chr7	26060000	26070000	4.990612319281685	26065000
chr7	26070000	26080000	3.3861501504480613	26075000
chr7	26080000	26090000	3.154014508739438	26085000
chr7	26090000	26100000	3.657617314969321	26095000
chr7	26100000	26110000	4.075185140097843	26105000
chr7	26110000	26120000	3.9643766106919966	26115000
chr7	26120000	26130000	6.065023958607425	26125000
chr7	26130000	26140000	10.055798657338523	26135000
chr7	26140000	26150000	3.2787188365722884	26145000
chr7	26150000	26160000	3.610663807774914	26155000
chr7	26160000	26170000	5.576448106741745	26165000
chr7	26170000	26180000	4.9075489111156205	26175000
chr7	26180000	26190000	1.855753243092726	26185000
chr7	26190000	26200000	1.8550265564393302	26195000
chr7	26200000	26210000	2.593627125651084	26205000
chr7	26210000	26220000	1.8608734252046581	26215000
chr7	26220000	26230000	2.1441807712178362	26225000
chr7	26230000	26240000	1.9932113614965334	26235000
chr7	26240000	26250000	1.60133270729706	26245000
chr7	26250000	26260000	2.9363508371921654	26255000
chr7	26260000	26270000	2.558111895429957	26265000
chr7	26270000	26280000	2.5955034251739613	26275000
chr7	26280000	26290000	23.562079199338562	26285000
chr7	26290000	26300000	13.310060667819425	26295000
chr7	26300000	26310000	5.438313289450999	26305000
chr7	26310000	26320000	10.165167296513477	26315000
chr7	26320000	26330000	7.050165274517706	26325000
chr7	26330000	26340000	5.4662630667391765	26335000
chr7	26340000	26350000	6.634841485870625	26345000
chr7	26350000	26360000	4.767189063824995	26355000
chr7	26360000	26370000	1.4120622756788255	26365000
chr7	26370000	26380000	1.2249907273703378	26375000
chr7	26380000	26390000	11.28284929741851	26385000
chr7	26390000	26400000	6.135275650240567	26395000
chr7	26400000	26410000	1.9074094627578932	26405000
chr7	26410000	26420000	2.5526941780003605	26415000
chr7	26420000	26430000	2.9934032205681302	26425000
chr7	26430000	26440000	8.08438611118758	26435000
chr7	26440000	26450000	1.751455204923373	26445000
chr7	26450000	26460000	0.7919081869769184	26455000
chr7	26460000	26470000	3.9884274656025376	26465000
chr7	26470000	26480000	1.0772595500020035	26475000
chr7	26480000	26490000	1.0554383497342266	26485000
chr7	26490000	26500000	1.317121780094598	26495000
chr7	26500000	26510000	0.9279074638069474	26505000
chr7	26510000	26520000	0.9031350830018922	26515000
chr7	26520000	26530000	1.6198010518499801	26525000
chr7	26530000	26540000	1.4291346875236783	26535000
chr7	26540000	26550000	2.1241737777969196	26545000
chr7	26550000	26560000	1.3608408099490035	26555000
chr7	26560000	26570000	3.0519012886392756	26565000
chr7	26570000	26580000	3.4474732957770025	26575000
chr7	26580000	26590000	1.7394559424174079	26585000
chr7	26590000	26600000	2.9901420247938058	26595000
chr7	26600000	26610000	3.4695538273795736	26605000
chr7	26610000	26620000	3.8353333289076246	26615000
chr7	26620000	26630000	5.549268655487277	26625000
chr7	26630000	26640000	3.4512873529961774	26635000
chr7	26640000	26650000	4.850091764520911	26645000
chr7	26650000	26660000	14.589982875229206	26655000
chr7	26660000	26670000	8.500016533717051	26665000
chr7	26670000	26680000	4.442144553638484	26675000
chr7	26680000	26690000	5.0439700780931345	26685000
chr7	26690000	26700000	3.166799656834243	26695000
chr7	26700000	26710000	6.165081904125546	26705000
chr7	26710000	26720000	6.446905884996174	26715000
chr7	26720000	26730000	4.15444093083138	26725000
chr7	26730000	26740000	8.795440053702325	26735000
chr7	26740000	26750000	8.203850746687381	26745000
chr7	26750000	26760000	8.984458320252001	26755000
chr7	26760000	26770000	8.905951959428572	26765000
chr7	26770000	26780000	5.069076720779959	26775000
chr7	26780000	26790000	2.5551013664633238	26785000
chr7	26790000	26800000	7.930753108895388	26795000
chr7	26800000	26810000	8.903496045555448	26805000
chr7	26810000	26820000	3.817746072663746	26815000
chr7	26820000	26830000	5.725830819132278	26825000
chr7	26830000	26840000	5.016438593465042	26835000
chr7	26840000	26850000	10.045172973757838	26845000
chr7	26850000	26860000	10.707679121317552	26855000
chr7	26860000	26870000	12.612043391710472	26865000
chr7	26870000	26880000	17.459718365596846	26875000
chr7	26880000	26890000	8.602474505174893	26885000
chr7	26890000	26900000	7.627526954437755	26895000
chr7	26900000	26910000	5.619837328945619	26905000
chr7	26910000	26920000	5.608217488806274	26915000
chr7	26920000	26930000	2.3898369798814554	26925000
chr7	26930000	26940000	1.9738630730875684	26935000
chr7	26940000	26950000	2.0275420558974497	26945000
chr7	26950000	26960000	10.28318588803938	26955000
chr7	26960000	26970000	3.547297631929507	26965000
chr7	26970000	26980000	4.787565150735574	26975000
chr7	26980000	26990000	4.367485047870314	26985000
chr7	26990000	27000000	4.495653232220306	26995000
chr7	27000000	27010000	4.368143681558543	27005000
chr7	27010000	27020000	3.7662008734324783	27015000
chr7	27020000	27030000	5.434238060105674	27025000
chr7	27030000	27040000	4.52639978430934	27035000
chr7	27040000	27050000	3.845885102797376	27045000
chr7	27050000	27060000	4.814392047010891	27055000
chr7	27060000	27070000	3.575323296295519	27065000
chr7	27070000	27080000	4.132401011629567	27075000
chr7	27080000	27090000	4.770344894004488	27085000
chr7	27090000	27100000	5.269849295080744	27095000
chr7	27100000	27110000	15.540115307681832	27105000
chr7	27110000	27120000	5.288883380874928	27115000
chr7	27120000	27130000	6.940902441519736	27125000
chr7	27130000	27140000	5.929794349675675	27135000
chr7	27140000	27150000	7.431165238835383	27145000
chr7	27150000	27160000	6.536946999161127	27155000
chr7	27160000	27170000	8.20594041666379	27165000
chr7	27170000	27180000	3.5013372435154233	27175000
chr7	27180000	27190000	0.9035373225350729	27185000
chr7	27190000	27200000	2.3085681406204666	27195000
chr7	27200000	27210000	1.8354272802905955	27205000
chr7	27210000	27220000	1.036236428540553	27215000
chr7	27220000	27230000	1.8612697308564972	27225000
chr7	27230000	27240000	1.6621508850222897	27235000
chr7	27240000	27250000	4.8030970534226745	27245000
chr7	27250000	27260000	4.46479266443232	27255000
chr7	27260000	27270000	3.264381652418174	27265000
chr7	27270000	27280000	15.255358708654084	27275000
chr7	27280000	27290000	3.4588168117621634	27285000
chr7	27290000	27300000	2.3733638410275324	27295000
chr7	27300000	27310000	2.3432959440065857	27305000
chr7	27310000	27320000	2.5192366722023616	27315000
chr7	27320000	27330000	1.9412491759474555	27325000
chr7	27330000	27340000	2.227413782224909	27335000
chr7	27340000	27350000	0.9250210560042301	27345000
chr7	27350000	27360000	2.4437408271868066	27355000
chr7	27360000	27370000	2.7898144948423007	27365000
chr7	27370000	27380000	5.919125022966913	27375000
chr7	27380000	27390000	15.266543773282715	27385000
chr7	27390000	27400000	14.064378761980986	27395000
chr7	27400000	27410000	6.744662072981735	27405000
chr7	27410000	27420000	3.9045874050268177	27415000
chr7	27420000	27430000	5.897746706116134	27425000
chr7	27430000	27440000	12.647895315162442	27435000
chr7	27440000	27450000	6.974759397472468	27445000
chr7	27450000	27460000	7.741252942142003	27455000
chr7	27460000	27470000	7.3868846891439945	27465000
chr7	27470000	27480000	3.990250495353856	27475000
chr7	27480000	27490000	4.021911300458411	27485000
chr7	27490000	27500000	3.588475445033053	27495000
chr7	27500000	27510000	6.43860338195006	27505000
chr7	27510000	27520000	10.940246788858271	27515000
chr7	27520000	27530000	10.248553517451427	27525000
chr7	27530000	27540000	8.173235439868419	27535000
chr7	27540000	27550000	11.293890612053312	27545000
chr7	27550000	27560000	9.2166363185611	27555000
chr7	27560000	27570000	10.592478576953187	27565000
chr7	27570000	27580000	14.069106494692702	27575000
chr7	27580000	27590000	9.790681319191433	27585000
chr7	27590000	27600000	12.054012640526143	27595000
chr7	27600000	27610000	8.121660560786951	27605000
chr7	27610000	27620000	9.877783081761796	27615000
chr7	27620000	27630000	10.635383606921456	27625000
chr7	27630000	27640000	6.283758832068381	27635000
chr7	27640000	27650000	7.2524040629178605	27645000
chr7	27650000	27660000	6.7637915357050415	27655000
chr7	27660000	27670000	8.981295468617349	27665000
chr7	27670000	27680000	9.68088112904295	27675000
chr7	27680000	27690000	10.193662552002202	27685000
chr7	27690000	27700000	9.955109864945463	27695000
chr7	27700000	27710000	11.72663708977874	27705000
chr7	27710000	27720000	12.7118302537935	27715000
chr7	27720000	27730000	11.652587941723787	27725000
chr7	27730000	27740000	9.321477035397333	27735000
chr7	27740000	27750000	12.991152681932018	27745000
chr7	27750000	27760000	10.646593219427865	27755000
chr7	27760000	27770000	10.431195149638732	27765000
chr7	27770000	27780000	11.203281687732973	27775000
chr7	27780000	27790000	11.007359710719138	27785000
chr7	27790000	27800000	9.913955941370231	27795000
chr7	27800000	27810000	9.025369677391003	27805000
chr7	27810000	27820000	14.474875654091417	27815000
chr7	27820000	27830000	11.126940989473871	27825000
chr7	27830000	27840000	13.950940727606916	27835000
chr7	27840000	27850000	10.313582512754268	27845000
chr7	27850000	27860000	12.59480318246466	27855000
chr7	27860000	27870000	17.859837797677294	27865000
chr7	27870000	27880000	15.246691608858374	27875000
chr7	27880000	27890000	5.865676120248869	27885000
chr7	27890000	27900000	3.5987549497446785	27895000
chr7	27900000	27910000	4.13399364824182	27905000
chr7	27910000	27920000	8.963227637065295	27915000
chr7	27920000	27930000	5.488413765935816	27925000
chr7	27930000	27940000	4.321682706394833	27935000
chr7	27940000	27950000	5.978461043948284	27945000
chr7	27950000	27960000	12.088600453737147	27955000
chr7	27960000	27970000	9.595662094464474	27965000
chr7	27970000	27980000	12.390703223239441	27975000
chr7	27980000	27990000	18.263667697486852	27985000
chr7	27990000	28000000	13.637674196562045	27995000
chr7	28000000	28010000	16.194661517530776	28005000
chr7	28010000	28020000	16.872230018527237	28015000
chr7	28020000	28030000	14.854016093846054	28025000
chr7	28030000	28040000	14.391067258704243	28035000
chr7	28040000	28050000	16.917399253502925	28045000
chr7	28050000	28060000	10.130993062917417	28055000
chr7	28060000	28070000	14.425970829057649	28065000
chr7	28070000	28080000	25.248999297153144	28075000
chr7	28080000	28090000	20.578603933124505	28085000
chr7	28090000	28100000	21.17985978462796	28095000
chr7	28100000	28110000	19.021415229192893	28105000
chr7	28110000	28120000	11.505537416587995	28115000
chr7	28120000	28130000	15.625817697593034	28125000
chr7	28130000	28140000	11.298023537604061	28135000
chr7	28140000	28150000	17.797905346502283	28145000
chr7	28150000	28160000	6.149474398649498	28155000
chr7	28160000	28170000	7.623970770484281	28165000
chr7	28170000	28180000	30.69391863522203	28175000
chr7	28180000	28190000	17.759023883520914	28185000
chr7	28190000	28200000	13.515989619274997	28195000
chr7	28200000	28210000	11.73307477303931	28205000
chr7	28210000	28220000	13.84912567808469	28215000
chr7	28220000	28230000	14.959717836758937	28225000
chr7	28230000	28240000	14.14269412241083	28235000
chr7	28240000	28250000	11.113850888954085	28245000
chr7	28250000	28260000	12.773340633990697	28255000
chr7	28260000	28270000	12.22086100684369	28265000
chr7	28270000	28280000	14.903094269398736	28275000
chr7	28280000	28290000	16.17748702225809	28285000
chr7	28290000	28300000	13.142647466022106	28295000
chr7	28300000	28310000	12.479157815199684	28305000
chr7	28310000	28320000	9.851228944589307	28315000
chr7	28320000	28330000	12.471891679891979	28325000
chr7	28330000	28340000	10.452720293269998	28335000
chr7	28340000	28350000	10.838416367859425	28345000
chr7	28350000	28360000	13.210540127755134	28355000
chr7	28360000	28370000	14.317280373305804	28365000
chr7	28370000	28380000	31.263435567444333	28375000
chr7	28380000	28390000	12.46965491695175	28385000
chr7	28390000	28400000	17.47172143700835	28395000
chr7	28400000	28410000	19.518858470724762	28405000
chr7	28410000	28420000	18.139042684037975	28415000
chr7	28420000	28430000	11.632684016908879	28425000
chr7	28430000	28440000	7.939334893075824	28435000
chr7	28440000	28450000	8.691994582954456	28445000
chr7	28450000	28460000	11.681308306795772	28455000
chr7	28460000	28470000	11.55793936814447	28465000
chr7	28470000	28480000	11.513526550229978	28475000
chr7	28480000	28490000	11.513526550229981	28485000
chr7	28490000	28500000	13.952942671816439	28495000
chr7	28500000	28510000	10.867675564175965	28505000
chr7	28510000	28520000	8.624677166658072	28515000
chr7	28520000	28530000	9.14811565581252	28525000
chr7	28530000	28540000	11.17878674183121	28535000
chr7	28540000	28550000	17.20029835731067	28545000
chr7	28550000	28560000	17.278116014489107	28555000
chr7	28560000	28570000	14.857079269113333	28565000
chr7	28570000	28580000	18.570209881173852	28575000
chr7	28580000	28590000	18.312253656034823	28585000
chr7	28590000	28600000	14.598666873610629	28595000
chr7	28600000	28610000	17.071386960527974	28605000
chr7	28610000	28620000	16.362630268809866	28615000
chr7	28620000	28630000	18.819935853511314	28625000
chr7	28630000	28640000	16.506958721731202	28635000
chr7	28640000	28650000	17.397390106369613	28645000
chr7	28650000	28660000	18.39734285511417	28655000
chr7	28660000	28670000	19.67035846438113	28665000
chr7	28670000	28680000	18.19057371394467	28675000
chr7	28680000	28690000	18.095815457910266	28685000
chr7	28690000	28700000	20.999322458092472	28695000
chr7	28700000	28710000	21.77195284171635	28705000
chr7	28710000	28720000	36.548432665302656	28715000
chr7	28720000	28730000	16.643231828709748	28725000
chr7	28730000	28740000	19.67084522219327	28735000
chr7	28740000	28750000	28.64171246158929	28745000
chr7	28750000	28760000	16.473880511459345	28755000
chr7	28760000	28770000	21.291501581332035	28765000
chr7	28770000	28780000	17.31786536121456	28775000
chr7	28780000	28790000	19.85316866895486	28785000
chr7	28790000	28800000	20.27314786355529	28795000
chr7	28800000	28810000	18.692652721748175	28805000
chr7	28810000	28820000	17.03204923457544	28815000
chr7	28820000	28830000	21.055221379992513	28825000
chr7	28830000	28840000	24.40208655964914	28835000
chr7	28840000	28850000	17.939584142821488	28845000
chr7	28850000	28860000	21.64931015196591	28855000
chr7	28860000	28870000	15.040193927925037	28865000
chr7	28870000	28880000	17.158791023762774	28875000
chr7	28880000	28890000	14.897633955882652	28885000
chr7	28890000	28900000	17.165689539128874	28895000
chr7	28900000	28910000	14.613543103054624	28905000
chr7	28910000	28920000	11.362300438725505	28915000
chr7	28920000	28930000	13.867520488983295	28925000
chr7	28930000	28940000	20.535329517042182	28935000
chr7	28940000	28950000	12.636609940142069	28945000
chr7	28950000	28960000	10.368567257468737	28955000
chr7	28960000	28970000	19.279744328246586	28965000
chr7	28970000	28980000	15.871208220736793	28975000
chr7	28980000	28990000	17.72605737216121	28985000
chr7	28990000	29000000	21.87677800607885	28995000
chr7	29000000	29010000	24.361274836575948	29005000
chr7	29010000	29020000	14.283555305259268	29015000
chr7	29020000	29030000	18.65016996460822	29025000
chr7	29030000	29040000	20.291466195829894	29035000
chr7	29040000	29050000	18.683604144620755	29045000
chr7	29050000	29060000	16.897217811917457	29055000
chr7	29060000	29070000	17.110813024893584	29065000
chr7	29070000	29080000	18.012537332557827	29075000
chr7	29080000	29090000	16.479394113438826	29085000
chr7	29090000	29100000	18.260353628167856	29095000
chr7	29100000	29110000	11.789952956642885	29105000
chr7	29110000	29120000	14.225428951082778	29115000
chr7	29120000	29130000	14.84816348639834	29125000
chr7	29130000	29140000	13.561055566739018	29135000
chr7	29140000	29150000	21.987463619637865	29145000
chr7	29150000	29160000	19.404359683459504	29155000
chr7	29160000	29170000	6.428509234939975	29165000
chr7	29170000	29180000	4.776088197990131	29175000
chr7	29180000	29190000	7.862731114492773	29185000
chr7	29190000	29200000	12.912407659454864	29195000
chr7	29200000	29210000	11.213292783773001	29205000
chr7	29210000	29220000	11.563024966678922	29215000
chr7	29220000	29230000	5.981437937801383	29225000
chr7	29230000	29240000	4.115769776129828	29235000
chr7	29240000	29250000	6.978194637993438	29245000
chr7	29250000	29260000	20.869506772690947	29255000
chr7	29260000	29270000	5.306461619763089	29265000
chr7	29270000	29280000	6.344887335383068	29275000
chr7	29280000	29290000	20.064777033385866	29285000
chr7	29290000	29300000	8.798993061647685	29295000
chr7	29300000	29310000	10.258583503678993	29305000
chr7	29310000	29320000	10.105039940557306	29315000
chr7	29320000	29330000	11.597038157032598	29325000
chr7	29330000	29340000	15.88883165572274	29335000
chr7	29340000	29350000	3.8452126836394442	29345000
chr7	29350000	29360000	2.041989356804517	29355000
chr7	29360000	29370000	2.7787794435328568	29365000
chr7	29370000	29380000	4.870780906326697	29375000
chr7	29380000	29390000	5.542142454172776	29385000
chr7	29390000	29400000	2.285756778958844	29395000
chr7	29400000	29410000	2.257916479665142	29405000
chr7	29410000	29420000	5.017751626715371	29415000
chr7	29420000	29430000	11.393677544642594	29425000
chr7	29430000	29440000	6.792580990054583	29435000
chr7	29440000	29450000	11.1446507781557	29445000
chr7	29450000	29460000	2.2147722404488084	29455000
chr7	29460000	29470000	3.599138257221544	29465000
chr7	29470000	29480000	3.779926395089746	29475000
chr7	29480000	29490000	6.845800285487819	29485000
chr7	29490000	29500000	2.7381749384493537	29495000
chr7	29500000	29510000	1.3953725070893637	29505000
chr7	29510000	29520000	2.6472906126165157	29515000
chr7	29520000	29530000	12.855365117560408	29525000
chr7	29530000	29540000	3.8257777696333264	29535000
chr7	29540000	29550000	6.821895151770849	29545000
chr7	29550000	29560000	7.966516186332038	29555000
chr7	29560000	29570000	11.18282455488469	29565000
chr7	29570000	29580000	10.220285625835015	29575000
chr7	29580000	29590000	13.255462176998591	29585000
chr7	29590000	29600000	9.685304555370076	29595000
chr7	29600000	29610000	14.232117670046184	29605000
chr7	29610000	29620000	22.46556216779797	29615000
chr7	29620000	29630000	14.449394487013032	29625000
chr7	29630000	29640000	13.441821976293172	29635000
chr7	29640000	29650000	12.488029444199762	29645000
chr7	29650000	29660000	12.499192491772671	29655000
chr7	29660000	29670000	11.26944821944639	29665000
chr7	29670000	29680000	21.082634293199433	29675000
chr7	29680000	29690000	15.823401874426393	29685000
chr7	29690000	29700000	15.271394015978863	29695000
chr7	29700000	29710000	15.40549422977758	29705000
chr7	29710000	29720000	13.086345627034879	29715000
chr7	29720000	29730000	16.550923120922953	29725000
chr7	29730000	29740000	11.914820974357033	29735000
chr7	29740000	29750000	44.95369599826788	29745000
chr7	29750000	29760000	19.328537718648793	29755000
chr7	29760000	29770000	9.056309759666828	29765000
chr7	29770000	29780000	6.568416287475185	29775000
chr7	29780000	29790000	13.148123182081996	29785000
chr7	29790000	29800000	28.08827714428545	29795000
chr7	29800000	29810000	16.764786647977132	29805000
chr7	29810000	29820000	8.46313155745765	29815000
chr7	29820000	29830000	18.19301938514995	29825000
chr7	29830000	29840000	8.180694435997475	29835000
chr7	29840000	29850000	8.317456548837356	29845000
chr7	29850000	29860000	6.2867040443009135	29855000
chr7	29860000	29870000	5.703111884690493	29865000
chr7	29870000	29880000	6.86485444316048	29875000
chr7	29880000	29890000	12.384841836002165	29885000
chr7	29890000	29900000	10.474019378436317	29895000
chr7	29900000	29910000	7.535200162920781	29905000
chr7	29910000	29920000	5.713813969310473	29915000
chr7	29920000	29930000	3.5896965690635274	29925000
chr7	29930000	29940000	7.667815840900677	29935000
chr7	29940000	29950000	5.237223249141132	29945000
chr7	29950000	29960000	8.830115710148824	29955000
chr7	29960000	29970000	10.815699507176895	29965000
chr7	29970000	29980000	10.63291208890595	29975000
chr7	29980000	29990000	12.729217312853386	29985000
chr7	29990000	30000000	10.223920175871836	29995000
chr7	30000000	30010000	7.880139444534423	30005000
chr7	30010000	30020000	7.1746500039206245	30015000
chr7	30020000	30030000	7.988102473844855	30025000
chr7	30030000	30040000	10.114680308887642	30035000
chr7	30040000	30050000	18.840829166644866	30045000
chr7	30050000	30060000	12.515720549015757	30055000
chr7	30060000	30070000	7.190193999472944	30065000
chr7	30070000	30080000	19.757415160424745	30075000
chr7	30080000	30090000	12.38561540693733	30085000
chr7	30090000	30100000	13.602365874431001	30095000
chr7	30100000	30110000	14.606515539825608	30105000
chr7	30110000	30120000	7.779092928380233	30115000
chr7	30120000	30130000	6.197681138944321	30125000
chr7	30130000	30140000	21.19228577712948	30135000
chr7	30140000	30150000	5.950414663073617	30145000
chr7	30150000	30160000	3.03806957310342	30155000
chr7	30160000	30170000	5.200397074843167	30165000
chr7	30170000	30180000	13.133427201720762	30175000
chr7	30180000	30190000	17.753655796472977	30185000
chr7	30190000	30200000	12.561444034795311	30195000
chr7	30200000	30210000	23.548816015424734	30205000
chr7	30210000	30220000	39.84577062099011	30215000
chr7	30220000	30230000	8.73154578105382	30225000
chr7	30230000	30240000	10.796701878368932	30235000
chr7	30240000	30250000	17.85115130759548	30245000
chr7	30250000	30260000	15.637101675682688	30255000
chr7	30260000	30270000	13.30103735415393	30265000
chr7	30270000	30280000	12.112655669980017	30275000
chr7	30280000	30290000	11.992797242997746	30285000
chr7	30290000	30300000	12.372131906133756	30295000
chr7	30300000	30310000	15.753660545869042	30305000
chr7	30310000	30320000	15.530503580647046	30315000
chr7	30320000	30330000	11.793889852082689	30325000
chr7	30330000	30340000	11.8927468138366	30335000
chr7	30340000	30350000	13.456383505522977	30345000
chr7	30350000	30360000	14.629623687406504	30355000
chr7	30360000	30370000	10.97660585236909	30365000
chr7	30370000	30380000	17.409752643878363	30375000
chr7	30380000	30390000	21.590780995284135	30385000
chr7	30390000	30400000	14.364669082745472	30395000
chr7	30400000	30410000	14.219641983735928	30405000
chr7	30410000	30420000	14.580017259259408	30415000
chr7	30420000	30430000	11.63361847798715	30425000
chr7	30430000	30440000	12.274636708736708	30435000
chr7	30440000	30450000	11.526045276909837	30445000
chr7	30450000	30460000	13.793752881876188	30455000
chr7	30460000	30470000	14.302958639617009	30465000
chr7	30470000	30480000	20.870489303591846	30475000
chr7	30480000	30490000	10.078893392554052	30485000
chr7	30490000	30500000	13.529528783005533	30495000
chr7	30500000	30510000	9.321024073960048	30505000
chr7	30510000	30520000	15.90836818974646	30515000
chr7	30520000	30530000	18.012426599340625	30525000
chr7	30530000	30540000	16.938289757135884	30535000
chr7	30540000	30550000	13.999021748409952	30545000
chr7	30550000	30560000	22.639242029289385	30555000
chr7	30560000	30570000	16.042751137371692	30565000
chr7	30570000	30580000	18.60877156124772	30575000
chr7	30580000	30590000	9.635452410455539	30585000
chr7	30590000	30600000	17.969926203528406	30595000
chr7	30600000	30610000	12.554456450185096	30605000
chr7	30610000	30620000	15.711189858635787	30615000
chr7	30620000	30630000	20.276083480804942	30625000
chr7	30630000	30640000	18.276729526652666	30635000
chr7	30640000	30650000	12.741649379322553	30645000
chr7	30650000	30660000	17.64526515599287	30655000
chr7	30660000	30670000	19.48144648091925	30665000
chr7	30670000	30680000	18.775096054015098	30675000
chr7	30680000	30690000	23.035662329972176	30685000
chr7	30690000	30700000	19.77972698129369	30695000
chr7	30700000	30710000	17.756341252912595	30705000
chr7	30710000	30720000	13.512690108652992	30715000
chr7	30720000	30730000	15.705238333527985	30725000
chr7	30730000	30740000	12.995805835209282	30735000
chr7	30740000	30750000	17.399999787940985	30745000
chr7	30750000	30760000	23.21926497531207	30755000
chr7	30760000	30770000	20.55477762143197	30765000
chr7	30770000	30780000	27.81655755909102	30775000
chr7	30780000	30790000	22.37771578776144	30785000
chr7	30790000	30800000	21.34140210650643	30795000
chr7	30800000	30810000	23.514929555710395	30805000
chr7	30810000	30820000	26.06484039829607	30815000
chr7	30820000	30830000	20.459867285125913	30825000
chr7	30830000	30840000	21.347338159709583	30835000
chr7	30840000	30850000	20.323664039053003	30845000
chr7	30850000	30860000	16.413076484174077	30855000
chr7	30860000	30870000	16.809520356910156	30865000
chr7	30870000	30880000	19.321098103867882	30875000
chr7	30880000	30890000	18.8556510230177	30885000
chr7	30890000	30900000	15.002465322960182	30895000
chr7	30900000	30910000	18.383738072079787	30905000
chr7	30910000	30920000	17.01186410820767	30915000
chr7	30920000	30930000	17.130425679890166	30925000
chr7	30930000	30940000	17.55314902883443	30935000
chr7	30940000	30950000	17.24324145186631	30945000
chr7	30950000	30960000	20.654826358837624	30955000
chr7	30960000	30970000	18.787153337413546	30965000
chr7	30970000	30980000	13.3689621319174	30975000
chr7	30980000	30990000	11.753090295759105	30985000
chr7	30990000	31000000	12.00050969666591	30995000
chr7	31000000	31010000	15.17551188665302	31005000
chr7	31010000	31020000	18.436969892307484	31015000
chr7	31020000	31030000	12.288960787645852	31025000
chr7	31030000	31040000	12.295445066217674	31035000
chr7	31040000	31050000	10.7360624751227	31045000
chr7	31050000	31060000	29.237004800113368	31055000
chr7	31060000	31070000	11.149303621832358	31065000
chr7	31070000	31080000	14.933961818989259	31075000
chr7	31080000	31090000	12.814988475129958	31085000
chr7	31090000	31100000	19.376752136582656	31095000
chr7	31100000	31110000	34.272150090085226	31105000
chr7	31110000	31120000	25.415043599608207	31115000
chr7	31120000	31130000	15.559134148188571	31125000
chr7	31130000	31140000	12.241462169619341	31135000
chr7	31140000	31150000	17.999169815690028	31145000
chr7	31150000	31160000	11.072790772978207	31155000
chr7	31160000	31170000	11.246706601853445	31165000
chr7	31170000	31180000	9.621625843981503	31175000
chr7	31180000	31190000	12.292608768369734	31185000
chr7	31190000	31200000	15.32454667402798	31195000
chr7	31200000	31210000	23.334831094150584	31205000
chr7	31210000	31220000	20.85262218193436	31215000
chr7	31220000	31230000	24.31413053377565	31225000
chr7	31230000	31240000	17.62182655332392	31235000
chr7	31240000	31250000	14.014809262136668	31245000
chr7	31250000	31260000	21.149074361389157	31255000
chr7	31260000	31270000	16.61873762302242	31265000
chr7	31270000	31280000	17.883901134453403	31275000
chr7	31280000	31290000	13.340570759228278	31285000
chr7	31290000	31300000	11.450189262455917	31295000
chr7	31300000	31310000	24.40542239263627	31305000
chr7	31310000	31320000	14.404023293716701	31315000
chr7	31320000	31330000	33.52663730116941	31325000
chr7	31330000	31340000	24.825067836804443	31335000
chr7	31340000	31350000	16.796149437095337	31345000
chr7	31350000	31360000	14.854152659347374	31355000
chr7	31360000	31370000	18.774026520754536	31365000
chr7	31370000	31380000	21.570644110458378	31375000
chr7	31380000	31390000	21.299234298488322	31385000
chr7	31390000	31400000	27.745357003287676	31395000
chr7	31400000	31410000	27.107770696091013	31405000
chr7	31410000	31420000	34.700972370397864	31415000
chr7	31420000	31430000	29.71407008001847	31425000
chr7	31430000	31440000	27.93250115439911	31435000
chr7	31440000	31450000	25.79520830037246	31445000
chr7	31450000	31460000	20.19626862295138	31455000
chr7	31460000	31470000	23.086309156032165	31465000
chr7	31470000	31480000	25.467604442582758	31475000
chr7	31480000	31490000	28.942703101613578	31485000
chr7	31490000	31500000	27.666312071020204	31495000
chr7	31500000	31510000	18.880044398390297	31505000
chr7	31510000	31520000	19.00622018982382	31515000
chr7	31520000	31530000	26.591781629892523	31525000
chr7	31530000	31540000	19.587002482182655	31535000
chr7	31540000	31550000	17.018481209196562	31545000
chr7	31550000	31560000	20.7454670199671	31555000
chr7	31560000	31570000	15.071613168028641	31565000
chr7	31570000	31580000	15.227851853256729	31575000
chr7	31580000	31590000	9.979632589238987	31585000
chr7	31590000	31600000	11.128386121000904	31595000
chr7	31600000	31610000	13.262999085722393	31605000
chr7	31610000	31620000	8.65414208472297	31615000
chr7	31620000	31630000	10.311111127096481	31625000
chr7	31630000	31640000	8.914239259397451	31635000
chr7	31640000	31650000	9.062149269141928	31645000
chr7	31650000	31660000	7.506149519022711	31655000
chr7	31660000	31670000	8.639715889104401	31665000
chr7	31670000	31680000	7.400739359480654	31675000
chr7	31680000	31690000	5.685063683100769	31685000
chr7	31690000	31700000	5.691954067758202	31695000
chr7	31700000	31710000	6.021052669238941	31705000
chr7	31710000	31720000	5.63958487747545	31715000
chr7	31720000	31730000	9.019923651484127	31725000
chr7	31730000	31740000	6.927102065037558	31735000
chr7	31740000	31750000	4.815392976457523	31745000
chr7	31750000	31760000	11.346513769332038	31755000
chr7	31760000	31770000	17.43983736494444	31765000
chr7	31770000	31780000	23.029041564810168	31775000
chr7	31780000	31790000	22.603044521593155	31785000
chr7	31790000	31800000	18.52726481747637	31795000
chr7	31800000	31810000	14.824022050444746	31805000
chr7	31810000	31820000	22.563329989631974	31815000
chr7	31820000	31830000	19.116057909896604	31825000
chr7	31830000	31840000	20.092611155175387	31835000
chr7	31840000	31850000	24.72933472387307	31845000
chr7	31850000	31860000	28.221986276934913	31855000
chr7	31860000	31870000	27.421656998999463	31865000
chr7	31870000	31880000	24.252397711980354	31875000
chr7	31880000	31890000	20.96844167075255	31885000
chr7	31890000	31900000	18.087800131637355	31895000
chr7	31900000	31910000	18.378606206843525	31905000
chr7	31910000	31920000	18.456584038901962	31915000
chr7	31920000	31930000	20.18630478738825	31925000
chr7	31930000	31940000	19.030983621482793	31935000
chr7	31940000	31950000	20.69539794361148	31945000
chr7	31950000	31960000	18.249015907134684	31955000
chr7	31960000	31970000	25.82006401913648	31965000
chr7	31970000	31980000	19.714285727819412	31975000
chr7	31980000	31990000	25.261284348607983	31985000
chr7	31990000	32000000	24.730265950501593	31995000
chr7	32000000	32010000	21.538964175332136	32005000
chr7	32010000	32020000	14.103165374591	32015000
chr7	32020000	32030000	5.472873607620828	32025000
chr7	32030000	32040000	4.9036789137162495	32035000
chr7	32040000	32050000	6.9133881517599765	32045000
chr7	32050000	32060000	13.202710190793262	32055000
chr7	32060000	32070000	5.652848513743561	32065000
chr7	32070000	32080000	6.6453466675489175	32075000
chr7	32080000	32090000	5.857128730339826	32085000
chr7	32090000	32100000	5.834986375887893	32095000
chr7	32100000	32110000	8.308860950189754	32105000
chr7	32110000	32120000	19.158585762214223	32115000
chr7	32120000	32130000	7.548722528306286	32125000
chr7	32130000	32140000	11.487438007583068	32135000
chr7	32140000	32150000	9.539823402860522	32145000
chr7	32150000	32160000	7.130284021899357	32155000
chr7	32160000	32170000	4.450042794145366	32165000
chr7	32170000	32180000	6.642798689771069	32175000
chr7	32180000	32190000	2.5145598872623744	32185000
chr7	32190000	32200000	7.265664955696656	32195000
chr7	32200000	32210000	10.80968806134339	32205000
chr7	32210000	32220000	9.029958443566287	32215000
chr7	32220000	32230000	8.754297722564175	32225000
chr7	32230000	32240000	7.947844240378803	32235000
chr7	32240000	32250000	8.736228257013854	32245000
chr7	32250000	32260000	3.7083827019276248	32255000
chr7	32260000	32270000	2.850006909527889	32265000
chr7	32270000	32280000	6.0967830647938355	32275000
chr7	32280000	32290000	14.87560200248756	32285000
chr7	32290000	32300000	6.226563273208828	32295000
chr7	32300000	32310000	5.062101606171477	32305000
chr7	32310000	32320000	5.007989851407695	32315000
chr7	32320000	32330000	5.295433527549263	32325000
chr7	32330000	32340000	6.838126223203385	32335000
chr7	32340000	32350000	7.413124340677696	32345000
chr7	32350000	32360000	7.575782199496038	32355000
chr7	32360000	32370000	6.854328315961394	32365000
chr7	32370000	32380000	9.739036119820174	32375000
chr7	32380000	32390000	14.280596662019171	32385000
chr7	32390000	32400000	12.729223968102657	32395000
chr7	32400000	32410000	8.88381936088392	32405000
chr7	32410000	32420000	12.742957635666595	32415000
chr7	32420000	32430000	10.868714921530207	32425000
chr7	32430000	32440000	16.643654665893948	32435000
chr7	32440000	32450000	15.742890117224793	32445000
chr7	32450000	32460000	18.028635223362265	32455000
chr7	32460000	32470000	13.884861058671374	32465000
chr7	32470000	32480000	20.234231661980868	32475000
chr7	32480000	32490000	45.09667078769873	32485000
chr7	32490000	32500000	30.251357144597467	32495000
chr7	32500000	32510000	22.078939724537122	32505000
chr7	32510000	32520000	34.29634719170793	32515000
chr7	32520000	32530000	42.4248026414061	32525000
chr7	32530000	32540000	31.17118773688546	32535000
chr7	32540000	32550000	22.765681860525966	32545000
chr7	32550000	32560000	23.11434984636142	32555000
chr7	32560000	32570000	22.422276805086554	32565000
chr7	32570000	32580000	33.403192751885086	32575000
chr7	32580000	32590000	16.58798587389438	32585000
chr7	32590000	32600000	28.401082384676016	32595000
chr7	32600000	32610000	19.36750786520451	32605000
chr7	32610000	32620000	13.226760225277966	32615000
chr7	32620000	32630000	16.23660328682084	32625000
chr7	32630000	32640000	18.23136063785023	32635000
chr7	32640000	32650000	14.501331155359457	32645000
chr7	32650000	32660000	13.606837660833069	32655000
chr7	32660000	32670000	14.634962596756754	32665000
chr7	32670000	32680000	13.278694866265509	32675000
chr7	32680000	32690000	17.620881487326557	32685000
chr7	32690000	32700000	10.947996370803548	32695000
chr7	32700000	32710000	15.19950256821883	32705000
chr7	32710000	32720000	12.939167398900995	32715000
chr7	32720000	32730000	16.923880728807063	32725000
chr7	32730000	32740000	17.757527227196586	32735000
chr7	32740000	32750000	18.258583931326317	32745000
chr7	32750000	32760000	16.36780105621465	32755000
chr7	32760000	32770000	22.435033161835317	32765000
chr7	32770000	32780000	13.909227412782666	32775000
chr7	32780000	32790000	12.427109191723469	32785000
chr7	32790000	32800000	34.49396099735891	32795000
chr7	32800000	32810000	43.27280174961792	32805000
chr7	32810000	32820000	31.574089340266177	32815000
chr7	32820000	32830000	46.488607028043624	32825000
chr7	32830000	32840000	53.0409601759427	32835000
chr7	32840000	32850000	50.30465630767905	32845000
chr7	32850000	32860000	24.985435910174544	32855000
chr7	32860000	32870000	22.205082594005656	32865000
chr7	32870000	32880000	18.205813151797766	32875000
chr7	32880000	32890000	23.395293161605984	32885000
chr7	32890000	32900000	15.365588302264491	32895000
chr7	32900000	32910000	14.611789604651577	32905000
chr7	32910000	32920000	11.712867994512356	32915000
chr7	32920000	32930000	12.509531602196008	32925000
chr7	32930000	32940000	10.830149622581525	32935000
chr7	32940000	32950000	7.741335276473992	32945000
chr7	32950000	32960000	10.239370688611297	32955000
chr7	32960000	32970000	12.6413029089401	32965000
chr7	32970000	32980000	10.384801505486092	32975000
chr7	32980000	32990000	32.757685476270474	32985000
chr7	32990000	33000000	37.716888474234565	32995000
chr7	33000000	33010000	23.191564560454974	33005000
chr7	33010000	33020000	17.930050949682137	33015000
chr7	33020000	33030000	35.925579472668645	33025000
chr7	33030000	33040000	27.102507082899834	33035000
chr7	33040000	33050000	23.231206467778943	33045000
chr7	33050000	33060000	21.847155465458485	33055000
chr7	33060000	33070000	29.03718808974601	33065000
chr7	33070000	33080000	27.573446373000188	33075000
chr7	33080000	33090000	8.995081180696115	33085000
chr7	33090000	33100000	10.529087926324637	33095000
chr7	33100000	33110000	22.679680681755887	33105000
chr7	33110000	33120000	19.44633627792047	33115000
chr7	33120000	33130000	21.652536320345295	33125000
chr7	33130000	33140000	16.393065602134527	33135000
chr7	33140000	33150000	17.04697616190123	33145000
chr7	33150000	33160000	18.761231072939136	33155000
chr7	33160000	33170000	17.144311503011274	33165000
chr7	33170000	33180000	16.90816130635472	33175000
chr7	33180000	33190000	17.50842924366332	33185000
chr7	33190000	33200000	18.46584615591072	33195000
chr7	33200000	33210000	20.091542578397117	33205000
chr7	33210000	33220000	20.076554689842556	33215000
chr7	33220000	33230000	18.188893293263703	33225000
chr7	33230000	33240000	26.06403421556931	33235000
chr7	33240000	33250000	15.389417204107817	33245000
chr7	33250000	33260000	27.50340078449538	33255000
chr7	33260000	33270000	14.60842399003772	33265000
chr7	33270000	33280000	14.685095890965872	33275000
chr7	33280000	33290000	13.871775977734533	33285000
chr7	33290000	33300000	21.426896478068183	33295000
chr7	33300000	33310000	26.33094841296073	33305000
chr7	33310000	33320000	23.170166352968312	33315000
chr7	33320000	33330000	26.584747665535723	33325000
chr7	33330000	33340000	27.2490014130032	33335000
chr7	33340000	33350000	29.833067246726355	33345000
chr7	33350000	33360000	26.233209787737	33355000
chr7	33360000	33370000	20.72139120544954	33365000
chr7	33370000	33380000	17.5001998836947	33375000
chr7	33380000	33390000	14.273145780360444	33385000
chr7	33390000	33400000	17.111565414638893	33395000
chr7	33400000	33410000	16.85627895868005	33405000
chr7	33410000	33420000	20.99460270984221	33415000
chr7	33420000	33430000	25.868930066506703	33425000
chr7	33430000	33440000	22.62622528189338	33435000
chr7	33440000	33450000	21.450750671552406	33445000
chr7	33450000	33460000	26.61914714321799	33455000
chr7	33460000	33470000	26.007196580934703	33465000
chr7	33470000	33480000	22.565078164260896	33475000
chr7	33480000	33490000	22.09259079060166	33485000
chr7	33490000	33500000	23.416363175260166	33495000
chr7	33500000	33510000	20.818086453697948	33505000
chr7	33510000	33520000	23.75459441480125	33515000
chr7	33520000	33530000	21.875524921377398	33525000
chr7	33530000	33540000	20.67500847426146	33535000
chr7	33540000	33550000	24.217085590990482	33545000
chr7	33550000	33560000	21.26713705632921	33555000
chr7	33560000	33570000	23.830718394674808	33565000
chr7	33570000	33580000	19.256379564288913	33575000
chr7	33580000	33590000	16.681162552707207	33585000
chr7	33590000	33600000	11.409823844522954	33595000
chr7	33600000	33610000	13.3549212695691	33605000
chr7	33610000	33620000	12.279116899273877	33615000
chr7	33620000	33630000	10.60435787778448	33625000
chr7	33630000	33640000	20.927005256441717	33635000
chr7	33640000	33650000	24.885483215359283	33645000
chr7	33650000	33660000	27.57690234065767	33655000
chr7	33660000	33670000	30.005973619481587	33665000
chr7	33670000	33680000	29.81284639437951	33675000
chr7	33680000	33690000	25.766995224572838	33685000
chr7	33690000	33700000	26.363239524426014	33695000
chr7	33700000	33710000	37.13825512794352	33705000
chr7	33710000	33720000	47.477470612919284	33715000
chr7	33720000	33730000	40.65682144747674	33725000
chr7	33730000	33740000	31.519733955870336	33735000
chr7	33740000	33750000	23.93922021191074	33745000
chr7	33750000	33760000	27.532523565763082	33755000
chr7	33760000	33770000	42.68778833276005	33765000
chr7	33770000	33780000	28.198532100627368	33775000
chr7	33780000	33790000	29.079317138059373	33785000
chr7	33790000	33800000	16.90942939398094	33795000
chr7	33800000	33810000	22.27748927982277	33805000
chr7	33810000	33820000	27.687114835841744	33815000
chr7	33820000	33830000	23.011562176453975	33825000
chr7	33830000	33840000	21.856287164938262	33835000
chr7	33840000	33850000	29.79915940944961	33845000
chr7	33850000	33860000	23.365002342822677	33855000
chr7	33860000	33870000	29.99245793033938	33865000
chr7	33870000	33880000	30.40723926438477	33875000
chr7	33880000	33890000	33.7102738129984	33885000
chr7	33890000	33900000	34.588095492311645	33895000
chr7	33900000	33910000	37.35416659937635	33905000
chr7	33910000	33920000	30.360035552986904	33915000
chr7	33920000	33930000	24.98270928838972	33925000
chr7	33930000	33940000	42.654321782813184	33935000
chr7	33940000	33950000	34.61490826019106	33945000
chr7	33950000	33960000	21.497023915926015	33955000
chr7	33960000	33970000	22.383615916097344	33965000
chr7	33970000	33980000	31.20669350234734	33975000
chr7	33980000	33990000	29.340720517022376	33985000
chr7	33990000	34000000	23.80266608464128	33995000
chr7	34000000	34010000	27.256139085957223	34005000
chr7	34010000	34020000	19.820852288834935	34015000
chr7	34020000	34030000	18.96226025972551	34025000
chr7	34030000	34040000	26.60001337835396	34035000
chr7	34040000	34050000	30.16460704188367	34045000
chr7	34050000	34060000	27.939140134631455	34055000
chr7	34060000	34070000	29.914416963228263	34065000
chr7	34070000	34080000	21.486976288132418	34075000
chr7	34080000	34090000	30.822917801374693	34085000
chr7	34090000	34100000	26.585273860606208	34095000
chr7	34100000	34110000	27.779709478087486	34105000
chr7	34110000	34120000	41.61628897702314	34115000
chr7	34120000	34130000	16.14166449460249	34125000
chr7	34130000	34140000	12.60217883344687	34135000
chr7	34140000	34150000	8.201996587145803	34145000
chr7	34150000	34160000	9.24113109281434	34155000
chr7	34160000	34170000	12.689901943866094	34165000
chr7	34170000	34180000	20.959914955499833	34175000
chr7	34180000	34190000	6.181701615110879	34185000
chr7	34190000	34200000	8.830528176798799	34195000
chr7	34200000	34210000	11.46289080220434	34205000
chr7	34210000	34220000	19.259954172595613	34215000
chr7	34220000	34230000	12.344531948661217	34225000
chr7	34230000	34240000	14.06136560173602	34235000
chr7	34240000	34250000	18.41210525364263	34245000
chr7	34250000	34260000	17.198844045623975	34255000
chr7	34260000	34270000	20.329653043438576	34265000
chr7	34270000	34280000	20.25336202776699	34275000
chr7	34280000	34290000	18.892753081612355	34285000
chr7	34290000	34300000	14.949327271367032	34295000
chr7	34300000	34310000	17.44149213236175	34305000
chr7	34310000	34320000	21.368167713758776	34315000
chr7	34320000	34330000	21.49333348223276	34325000
chr7	34330000	34340000	22.5458600469155	34335000
chr7	34340000	34350000	36.07467112841348	34345000
chr7	34350000	34360000	27.79248100753539	34355000
chr7	34360000	34370000	18.267092578319748	34365000
chr7	34370000	34380000	10.563508766137536	34375000
chr7	34380000	34390000	13.634761448640555	34385000
chr7	34390000	34400000	17.16961234377651	34395000
chr7	34400000	34410000	13.054468701017377	34405000
chr7	34410000	34420000	18.206347132045334	34415000
chr7	34420000	34430000	26.364936541946346	34425000
chr7	34430000	34440000	12.591797551987542	34435000
chr7	34440000	34450000	13.644177491734288	34445000
chr7	34450000	34460000	9.63825493247373	34455000
chr7	34460000	34470000	8.310028383140706	34465000
chr7	34470000	34480000	6.144454696484103	34475000
chr7	34480000	34490000	8.523794534427326	34485000
chr7	34490000	34500000	14.594756542226648	34495000
chr7	34500000	34510000	9.418192401995656	34505000
chr7	34510000	34520000	8.052899251383556	34515000
chr7	34520000	34530000	7.06194848808832	34525000
chr7	34530000	34540000	8.236576482123793	34535000
chr7	34540000	34550000	8.811015741872307	34545000
chr7	34550000	34560000	10.46812263862142	34555000
chr7	34560000	34570000	9.105408942981029	34565000
chr7	34570000	34580000	6.6928900915717655	34575000
chr7	34580000	34590000	7.406683676276676	34585000
chr7	34590000	34600000	6.193618001124437	34595000
chr7	34600000	34610000	5.458277007653436	34605000
chr7	34610000	34620000	6.507986598149044	34615000
chr7	34620000	34630000	8.369654491817489	34625000
chr7	34630000	34640000	7.352784098315138	34635000
chr7	34640000	34650000	9.316380156704719	34645000
chr7	34650000	34660000	10.863862781166379	34655000
chr7	34660000	34670000	9.754288400831708	34665000
chr7	34670000	34680000	9.219647807281637	34675000
chr7	34680000	34690000	10.232879097473452	34685000
chr7	34690000	34700000	9.065056547770432	34695000
chr7	34700000	34710000	9.796566146277364	34705000
chr7	34710000	34720000	11.700918516366706	34715000
chr7	34720000	34730000	9.895390003472993	34725000
chr7	34730000	34740000	10.442965842515434	34735000
chr7	34740000	34750000	9.126492834877714	34745000
chr7	34750000	34760000	8.709100192742007	34755000
chr7	34760000	34770000	8.52820124161064	34765000
chr7	34770000	34780000	13.082161345303335	34775000
chr7	34780000	34790000	7.241339154517009	34785000
chr7	34790000	34800000	9.016319958436965	34795000
chr7	34800000	34810000	18.7758265391406	34805000
chr7	34810000	34820000	28.296378063370824	34815000
chr7	34820000	34830000	20.48230533447743	34825000
chr7	34830000	34840000	27.926986132386826	34835000
chr7	34840000	34850000	10.72900710207174	34845000
chr7	34850000	34860000	8.251576320061593	34855000
chr7	34860000	34870000	9.853946003138102	34865000
chr7	34870000	34880000	8.069815691308497	34875000
chr7	34880000	34890000	12.332727385538114	34885000
chr7	34890000	34900000	9.81677937155253	34895000
chr7	34900000	34910000	6.306032739131239	34905000
chr7	34910000	34920000	9.783429945424473	34915000
chr7	34920000	34930000	13.02015261461944	34925000
chr7	34930000	34940000	13.493399388970749	34935000
chr7	34940000	34950000	11.348051835676358	34945000
chr7	34950000	34960000	22.187091087658303	34955000
chr7	34960000	34970000	15.747485356681198	34965000
chr7	34970000	34980000	16.57123565723306	34975000
chr7	34980000	34990000	11.677570689668066	34985000
chr7	34990000	35000000	10.204680157517405	34995000
chr7	35000000	35010000	19.32803661242519	35005000
chr7	35010000	35020000	14.34408715715222	35015000
chr7	35020000	35030000	7.935238236252267	35025000
chr7	35030000	35040000	8.962322939878641	35035000
chr7	35040000	35050000	9.816325041243001	35045000
chr7	35050000	35060000	8.509734735992867	35055000
chr7	35060000	35070000	9.671081829371092	35065000
chr7	35070000	35080000	13.50030579605336	35075000
chr7	35080000	35090000	20.240794624528075	35085000
chr7	35090000	35100000	26.12587953110365	35095000
chr7	35100000	35110000	15.70030465765962	35105000
chr7	35110000	35120000	6.955256359501806	35115000
chr7	35120000	35130000	6.058610915197382	35125000
chr7	35130000	35140000	8.86513425400434	35135000
chr7	35140000	35150000	24.839983187024583	35145000
chr7	35150000	35160000	16.570058883654045	35155000
chr7	35160000	35170000	14.302313630395593	35165000
chr7	35170000	35180000	14.400292382321064	35175000
chr7	35180000	35190000	9.013708512408208	35185000
chr7	35190000	35200000	11.067044587198255	35195000
chr7	35200000	35210000	12.722628503763904	35205000
chr7	35210000	35220000	8.911112684759768	35215000
chr7	35220000	35230000	19.125977271909772	35225000
chr7	35230000	35240000	15.14433635184042	35235000
chr7	35240000	35250000	10.784763186448668	35245000
chr7	35250000	35260000	13.352038757664376	35255000
chr7	35260000	35270000	13.27300872113742	35265000
chr7	35270000	35280000	8.951402020768569	35275000
chr7	35280000	35290000	8.603860229533831	35285000
chr7	35290000	35300000	9.086658289523644	35295000
chr7	35300000	35310000	19.52146045118452	35305000
chr7	35310000	35320000	14.370621279631365	35315000
chr7	35320000	35330000	14.839331474415662	35325000
chr7	35330000	35340000	14.60886360659843	35335000
chr7	35340000	35350000	13.510264233669686	35345000
chr7	35350000	35360000	12.740603899298451	35355000
chr7	35360000	35370000	12.974250546200768	35365000
chr7	35370000	35380000	14.685044860087983	35375000
chr7	35380000	35390000	16.969179827510324	35385000
chr7	35390000	35400000	14.085152935841817	35395000
chr7	35400000	35410000	11.616924462257847	35405000
chr7	35410000	35420000	18.43212322358851	35415000
chr7	35420000	35430000	18.700081422740055	35425000
chr7	35430000	35440000	22.628586135051716	35435000
chr7	35440000	35450000	22.645375941136432	35445000
chr7	35450000	35460000	10.58748065264992	35455000
chr7	35460000	35470000	18.107125737582283	35465000
chr7	35470000	35480000	23.336408766990623	35475000
chr7	35480000	35490000	17.862205147896514	35485000
chr7	35490000	35500000	15.129934894313081	35495000
chr7	35500000	35510000	16.20577652035114	35505000
chr7	35510000	35520000	15.909348415497686	35515000
chr7	35520000	35530000	18.260911714303756	35525000
chr7	35530000	35540000	18.265829202417397	35535000
chr7	35540000	35550000	18.897521742974956	35545000
chr7	35550000	35560000	16.778254160860943	35555000
chr7	35560000	35570000	22.497534876429103	35565000
chr7	35570000	35580000	18.097309310363354	35575000
chr7	35580000	35590000	20.703904030580755	35585000
chr7	35590000	35600000	28.364753704360712	35595000
chr7	35600000	35610000	17.579175175718436	35605000
chr7	35610000	35620000	20.723028469214583	35615000
chr7	35620000	35630000	18.302321595917128	35625000
chr7	35630000	35640000	11.213774648416184	35635000
chr7	35640000	35650000	20.642806967781926	35645000
chr7	35650000	35660000	22.227942594284087	35655000
chr7	35660000	35670000	22.464345101467806	35665000
chr7	35670000	35680000	28.63909199010775	35675000
chr7	35680000	35690000	22.00409907916619	35685000
chr7	35690000	35700000	23.404214757752875	35695000
chr7	35700000	35710000	23.980976989816792	35705000
chr7	35710000	35720000	22.259631560007037	35715000
chr7	35720000	35730000	24.86761223444891	35725000
chr7	35730000	35740000	23.240649261107887	35735000
chr7	35740000	35750000	22.528979557932917	35745000
chr7	35750000	35760000	23.09972037851979	35755000
chr7	35760000	35770000	18.55919190686246	35765000
chr7	35770000	35780000	16.412332402458283	35775000
chr7	35780000	35790000	17.466855255579326	35785000
chr7	35790000	35800000	29.218496710865853	35795000
chr7	35800000	35810000	18.288170553124598	35805000
chr7	35810000	35820000	14.261557254982593	35815000
chr7	35820000	35830000	23.420643034412194	35825000
chr7	35830000	35840000	11.329679699515083	35835000
chr7	35840000	35850000	12.446531707528012	35845000
chr7	35850000	35860000	18.474259783985392	35855000
chr7	35860000	35870000	27.631315401485804	35865000
chr7	35870000	35880000	19.81251701337248	35875000
chr7	35880000	35890000	20.891722028168154	35885000
chr7	35890000	35900000	19.56329978062048	35895000
chr7	35900000	35910000	16.99780418438215	35905000
chr7	35910000	35920000	28.77951343800327	35915000
chr7	35920000	35930000	37.004052975587854	35925000
chr7	35930000	35940000	39.76258617358376	35935000
chr7	35940000	35950000	27.950102740874776	35945000
chr7	35950000	35960000	26.438682796869703	35955000
chr7	35960000	35970000	25.01137126137449	35965000
chr7	35970000	35980000	19.827374886010688	35975000
chr7	35980000	35990000	27.687779281405945	35985000
chr7	35990000	36000000	33.90953669668218	35995000
chr7	36000000	36010000	30.252413377937543	36005000
chr7	36010000	36020000	25.27460163489886	36015000
chr7	36020000	36030000	23.2522699581942	36025000
chr7	36030000	36040000	27.71593308557823	36035000
chr7	36040000	36050000	27.95718295862511	36045000
chr7	36050000	36060000	26.007020214788735	36055000
chr7	36060000	36070000	26.8235960776443	36065000
chr7	36070000	36080000	34.32326881443827	36075000
chr7	36080000	36090000	33.976998005595306	36085000
chr7	36090000	36100000	31.568262615367257	36095000
chr7	36100000	36110000	36.8780308494011	36105000
chr7	36110000	36120000	41.03377235503258	36115000
chr7	36120000	36130000	39.13560961166533	36125000
chr7	36130000	36140000	34.11552416734296	36135000
chr7	36140000	36150000	39.874211846753475	36145000
chr7	36150000	36160000	40.278993594570274	36155000
chr7	36160000	36170000	43.17544787935383	36165000
chr7	36170000	36180000	41.407080798976445	36175000
chr7	36180000	36190000	41.89948162585232	36185000
chr7	36190000	36200000	42.77001101783693	36195000
chr7	36200000	36210000	41.00792354495554	36205000
chr7	36210000	36220000	45.33311234976455	36215000
chr7	36220000	36230000	44.97992455895205	36225000
chr7	36230000	36240000	48.994370953425715	36235000
chr7	36240000	36250000	40.53351036462786	36245000
chr7	36250000	36260000	33.48250736520368	36255000
chr7	36260000	36270000	30.837732548533662	36265000
chr7	36270000	36280000	31.77722848418352	36275000
chr7	36280000	36290000	31.57661049292265	36285000
chr7	36290000	36300000	21.292012030324123	36295000
chr7	36300000	36310000	24.282029148529716	36305000
chr7	36310000	36320000	38.33327453008864	36315000
chr7	36320000	36330000	42.510908683967116	36325000
chr7	36330000	36340000	60.28132444617548	36335000
chr7	36340000	36350000	40.767229314323416	36345000
chr7	36350000	36360000	27.698437872176417	36355000
chr7	36360000	36370000	31.907229649679472	36365000
chr7	36370000	36380000	63.26044044232477	36375000
chr7	36380000	36390000	42.640278035051836	36385000
chr7	36390000	36400000	38.87190470710585	36395000
chr7	36400000	36410000	33.989410259843275	36405000
chr7	36410000	36420000	45.56547694227234	36415000
chr7	36420000	36430000	44.95635942790456	36425000
chr7	36430000	36440000	36.06154163862406	36435000
chr7	36440000	36450000	32.30278145851291	36445000
chr7	36450000	36460000	38.917162359813055	36455000
chr7	36460000	36470000	34.23812938057351	36465000
chr7	36470000	36480000	15.258243943213854	36475000
chr7	36480000	36490000	27.386746963986937	36485000
chr7	36490000	36500000	65.28013978442667	36495000
chr7	36500000	36510000	39.93191451190489	36505000
chr7	36510000	36520000	55.095188707678034	36515000
chr7	36520000	36530000	79.44994658310559	36525000
chr7	36530000	36540000	39.63996398630072	36535000
chr7	36540000	36550000	40.50716559050758	36545000
chr7	36550000	36560000	79.552608240558	36555000
chr7	36560000	36570000	86.48721273960966	36565000
chr7	36570000	36580000	52.58540282928307	36575000
chr7	36580000	36590000	90.64446112628417	36585000
chr7	36590000	36600000	54.84913876489679	36595000
chr7	36600000	36610000	47.05620521111341	36605000
chr7	36610000	36620000	53.59269847381173	36615000
chr7	36620000	36630000	43.38048934163761	36625000
chr7	36630000	36640000	27.467759427957834	36635000
chr7	36640000	36650000	30.002984498108002	36645000
chr7	36650000	36660000	41.65161953975599	36655000
chr7	36660000	36670000	44.719337149587304	36665000
chr7	36670000	36680000	48.05888213340191	36675000
chr7	36680000	36690000	44.446879567684086	36685000
chr7	36690000	36700000	47.999594649624385	36695000
chr7	36700000	36710000	51.40619359448755	36705000
chr7	36710000	36720000	48.96784255223652	36715000
chr7	36720000	36730000	50.31106569780349	36725000
chr7	36730000	36740000	53.02684744060299	36735000
chr7	36740000	36750000	42.999870376578166	36745000
chr7	36750000	36760000	42.791255511729844	36755000
chr7	36760000	36770000	50.985572080869716	36765000
chr7	36770000	36780000	47.837536039557	36775000
chr7	36780000	36790000	48.42081364328573	36785000
chr7	36790000	36800000	48.232438732177904	36795000
chr7	36800000	36810000	48.18598552695052	36805000
chr7	36810000	36820000	48.39588769031794	36815000
chr7	36820000	36830000	48.04667284556387	36825000
chr7	36830000	36840000	48.152811741470046	36835000
chr7	36840000	36850000	48.38937557194405	36845000
chr7	36850000	36860000	48.239421502267234	36855000
chr7	36860000	36870000	48.35927564144493	36865000
chr7	36870000	36880000	48.14980634556741	36875000
chr7	36880000	36890000	48.40543347455561	36885000
chr7	36890000	36900000	53.489486203425	36895000
chr7	36900000	36910000	63.99918392690309	36905000
chr7	36910000	36920000	49.663051459918066	36915000
chr7	36920000	36930000	34.93407611137846	36925000
chr7	36930000	36940000	47.24519964175374	36935000
chr7	36940000	36950000	50.75841031807933	36945000
chr7	36950000	36960000	28.019940636003412	36955000
chr7	36960000	36970000	78.58651077443434	36965000
chr7	36970000	36980000	41.07548135810663	36975000
chr7	36980000	36990000	46.0303257135416	36985000
chr7	36990000	37000000	22.188036161844554	36995000
chr7	37000000	37010000	35.40416440297299	37005000
chr7	37010000	37020000	54.81105060528608	37015000
chr7	37020000	37030000	76.74734428855591	37025000
chr7	37030000	37040000	109.29108807737983	37035000
chr7	37040000	37050000	144.94296588591	37045000
chr7	37050000	37060000	152.1204219359507	37055000
chr7	37060000	37070000	82.27118275923436	37065000
chr7	37070000	37080000	63.80607366264174	37075000
chr7	37080000	37090000	55.31877479673223	37085000
chr7	37090000	37100000	57.29186654235241	37095000
chr7	37100000	37110000	38.671800138701336	37105000
chr7	37110000	37120000	48.64996315105545	37115000
chr7	37120000	37130000	52.05663990916566	37125000
chr7	37130000	37140000	89.99863806454597	37135000
chr7	37140000	37150000	69.24667369636762	37145000
chr7	37150000	37160000	103.87833343133637	37155000
chr7	37160000	37170000	117.20749875145918	37165000
chr7	37170000	37180000	50.622178982257964	37175000
chr7	37180000	37190000	40.89467664675161	37185000
chr7	37190000	37200000	68.8019875368761	37195000
chr7	37200000	37210000	99.63735181087335	37205000
chr7	37210000	37220000	81.80990122377266	37215000
chr7	37220000	37230000	46.98783761287955	37225000
chr7	37230000	37240000	45.90928362654742	37235000
chr7	37240000	37250000	77.25933096375891	37245000
chr7	37250000	37260000	62.88632782945547	37255000
chr7	37260000	37270000	27.932072285853117	37265000
chr7	37270000	37280000	27.344264290723714	37275000
chr7	37280000	37290000	18.146333949029714	37285000
chr7	37290000	37300000	18.374426576263524	37295000
chr7	37300000	37310000	12.671452130078825	37305000
chr7	37310000	37320000	11.753114860523732	37315000
chr7	37320000	37330000	12.437498210990494	37325000
chr7	37330000	37340000	45.895302841428936	37335000
chr7	37340000	37350000	25.090215274019346	37345000
chr7	37350000	37360000	28.01401423851238	37355000
chr7	37360000	37370000	70.18196529743425	37365000
chr7	37370000	37380000	99.98052441808768	37375000
chr7	37380000	37390000	47.241711408411085	37385000
chr7	37390000	37400000	34.16019116318925	37395000
chr7	37400000	37410000	80.115233445142	37405000
chr7	37410000	37420000	95.45341047974075	37415000
chr7	37420000	37430000	69.91209637459464	37425000
chr7	37430000	37440000	80.31470342884188	37435000
chr7	37440000	37450000	91.94653312838963	37445000
chr7	37450000	37460000	93.76442701626442	37455000
chr7	37460000	37470000	80.12284454541174	37465000
chr7	37470000	37480000	112.69073278229664	37475000
chr7	37480000	37490000	138.85014277605424	37485000
chr7	37490000	37500000	159.23076241102416	37495000
chr7	37500000	37510000	159.2307624110241	37505000
chr7	37510000	37520000	159.23076241102416	37515000
chr7	37520000	37530000	159.23076241102547	37525000
chr7	37540000	37550000	159.2307624110252	37545000
chr7	37560000	37570000	159.23076241102484	37565000
chr7	37570000	37580000	159.23076241102413	37575000
chr7	37580000	37590000	159.23076241102413	37585000
chr7	37590000	37600000	159.23076241102422	37595000
chr7	37600000	37610000	159.23076241102424	37605000
chr7	37610000	37620000	96.3894067525499	37615000
chr7	37620000	37630000	103.52777539326485	37625000
chr7	37630000	37640000	100.67941021914221	37635000
chr7	37640000	37650000	95.88555225982583	37645000
chr7	37650000	37660000	109.9430855111189	37655000
chr7	37660000	37670000	89.28937083630863	37665000
chr7	37670000	37680000	95.93590251170127	37675000
chr7	37680000	37690000	110.569805396619	37685000
chr7	37690000	37700000	120.66408151383966	37695000
chr7	37700000	37710000	172.0808330537097	37705000
chr7	37710000	37720000	116.40770565089329	37715000
chr7	37720000	37730000	89.32102474780572	37725000
chr7	37730000	37740000	64.49632912879156	37735000
chr7	37740000	37750000	51.002383325535384	37745000
chr7	37750000	37760000	81.44263612586718	37755000
chr7	37760000	37770000	212.0592695802944	37765000
chr7	37770000	37780000	237.5147370140808	37775000
chr7	37780000	37790000	99.16069977382931	37785000
chr7	37790000	37800000	105.44037415953011	37795000
chr7	37800000	37810000	97.53021674102881	37805000
chr7	37810000	37820000	141.30566500148328	37815000
chr7	37820000	37830000	130.95536526263518	37825000
chr7	37830000	37840000	63.92095705500549	37835000
chr7	37840000	37850000	75.69633010949524	37845000
chr7	37850000	37860000	75.69633010949525	37855000
chr7	37860000	37870000	75.69633010949502	37865000
chr7	37870000	37880000	75.69633010949492	37875000
chr7	37880000	37890000	75.69633010949521	37885000
chr7	37890000	37900000	75.69633010949522	37895000
chr7	37900000	37910000	75.69633010949515	37905000
chr7	37910000	37920000	75.6963301094953	37915000
chr7	37920000	37930000	75.69633010949498	37925000
chr7	37930000	37940000	122.47527740160054	37935000
chr7	37940000	37950000	125.58739031916268	37945000
chr7	37950000	37960000	125.58739031916303	37955000
chr7	37960000	37970000	125.58739031916282	37965000
chr7	37970000	37980000	125.58739031916271	37975000
chr7	37980000	37990000	125.58739031916227	37985000
chr7	37990000	38000000	125.58739031916366	37995000
chr7	38000000	38010000	125.58739031916309	38005000
chr7	38010000	38020000	107.42175925216513	38015000
chr7	38020000	38030000	84.03144761259212	38025000
chr7	38030000	38040000	128.6566796136929	38035000
chr7	38040000	38050000	92.12429702449782	38045000
chr7	38050000	38060000	66.45005557163566	38055000
chr7	38060000	38070000	81.81613163253984	38065000
chr7	38070000	38080000	59.47613206327197	38075000
chr7	38080000	38090000	160.92353474777443	38085000
chr7	38090000	38100000	176.07691861391638	38095000
chr7	38100000	38110000	92.47798275169015	38105000
chr7	38110000	38120000	77.82456664469322	38115000
chr7	38120000	38130000	77.8245666446931	38125000
chr7	38130000	38140000	77.82456664469312	38135000
chr7	38140000	38150000	77.82456664469309	38145000
chr7	38150000	38160000	77.82456664469315	38155000
chr7	38160000	38170000	77.8245666446933	38165000
chr7	38170000	38180000	77.8245666446932	38175000
chr7	38180000	38190000	77.8245666446933	38185000
chr7	38190000	38200000	76.78804879681354	38195000
chr7	38200000	38210000	63.66113448068711	38205000
chr7	38210000	38220000	57.83756492502449	38215000
chr7	38220000	38230000	63.23805702942833	38225000
chr7	38230000	38240000	62.30114673337031	38235000
chr7	38240000	38250000	56.52489592902496	38245000
chr7	38250000	38260000	61.020507082132056	38255000
chr7	38260000	38270000	68.90754506338388	38265000
chr7	38270000	38280000	61.877748837190204	38275000
chr7	38280000	38290000	63.04981663284224	38285000
chr7	38290000	38300000	72.55762209720858	38295000
chr7	38320000	38330000	54.79656143609898	38325000
chr7	38350000	38360000	54.79656143609896	38355000
chr7	38360000	38370000	59.35565736610395	38365000
chr7	38370000	38380000	66.25083320191571	38375000
chr7	38380000	38390000	65.28672102916511	38385000
chr7	38390000	38400000	39.319926665636444	38395000
chr7	38400000	38410000	67.0636030847614	38405000
chr7	38410000	38420000	62.10999952781462	38415000
chr7	38420000	38430000	58.26550539236663	38425000
chr7	38430000	38440000	52.08117715305921	38435000
chr7	38440000	38450000	56.85069034291244	38445000
chr7	38450000	38460000	43.353848226094364	38455000
chr7	38460000	38470000	55.02615497505044	38465000
chr7	38470000	38480000	19.87017799452104	38475000
chr7	38480000	38490000	23.13738055298524	38485000
chr7	38490000	38500000	16.153374563168107	38495000
chr7	38500000	38510000	38.69959492823633	38505000
chr7	38510000	38520000	33.32573097719107	38515000
chr7	38520000	38530000	21.127318493883344	38525000
chr7	38530000	38540000	20.757388695499532	38535000
chr7	38540000	38550000	21.82088523240765	38545000
chr7	38550000	38560000	17.62477792400455	38555000
chr7	38560000	38570000	31.446676538758712	38565000
chr7	38570000	38580000	22.698852524017436	38575000
chr7	38580000	38590000	45.30109167815611	38585000
chr7	38590000	38600000	13.854838695956872	38595000
chr7	38600000	38610000	21.494374692995898	38605000
chr7	38610000	38620000	19.346261120147375	38615000
chr7	38620000	38630000	21.914480757784	38625000
chr7	38630000	38640000	19.78490872345863	38635000
chr7	38640000	38650000	15.763332094979539	38645000
chr7	38650000	38660000	13.699892021463716	38655000
chr7	38660000	38670000	9.525211818712751	38665000
chr7	38670000	38680000	11.355516970268246	38675000
chr7	38680000	38690000	2.9042414061401876	38685000
chr7	38690000	38700000	4.079137887720024	38695000
chr7	38700000	38710000	6.533982474793655	38705000
chr7	38710000	38720000	9.298242112148161	38715000
chr7	38720000	38730000	4.5931666205034585	38725000
chr7	38730000	38740000	8.200354305808375	38735000
chr7	38740000	38750000	5.737706163309217	38745000
chr7	38750000	38760000	5.318830222260808	38755000
chr7	38760000	38770000	4.330338603739237	38765000
chr7	38770000	38780000	3.5645513967871776	38775000
chr7	38780000	38790000	7.70284446532323	38785000
chr7	38790000	38800000	3.7351234403541835	38795000
chr7	38800000	38810000	4.7269721161016705	38805000
chr7	38810000	38820000	6.380720754145924	38815000
chr7	38820000	38830000	0.9662328671921022	38825000
chr7	38830000	38840000	1.5447203718244296	38835000
chr7	38840000	38850000	7.9839349985570305	38845000
chr7	38850000	38860000	3.9156193112261475	38855000
