chr9	0	10000	25.5873271881429	5000
chr9	10000	20000	3.534739837075802	15000
chr9	20000	30000	3.625265503194245	25000
chr9	30000	40000	0.10174738871292484	35000
chr9	40000	50000	16.63323370398432	45000
chr9	50000	60000	0.8876561998009297	55000
chr9	60000	70000	0.14189959005961217	65000
chr9	70000	80000	0.14190017391136137	75000
chr9	80000	90000	0.11324628592959819	85000
chr9	90000	100000	0.07255082842422174	95000
chr9	100000	110000	0.07290190848480292	105000
chr9	110000	120000	0.13169165093036847	115000
chr9	120000	130000	0.1016660661087022	125000
chr9	130000	140000	0.07992611318045402	135000
chr9	140000	150000	0.05639542793552109	145000
chr9	150000	160000	0.043434858393140374	155000
chr9	160000	170000	0.048020786543751894	165000
chr9	170000	180000	0.16717266329386443	175000
chr9	180000	190000	0.18283353177894934	185000
chr9	190000	200000	0.1828335317789493	195000
chr9	200000	210000	0.16253662754750745	205000
chr9	210000	220000	0.04624279967154775	215000
chr9	220000	230000	0.019012195835873057	225000
chr9	230000	240000	0.014054351737018456	235000
chr9	240000	250000	0.03784059560620993	245000
chr9	250000	260000	0.028429152764618455	255000
chr9	260000	270000	0.0656182690831236	265000
chr9	270000	280000	0.04885322471903493	275000
chr9	280000	290000	0.0205278605664475	285000
chr9	290000	300000	0.07880459061938296	295000
chr9	300000	310000	0.19643354701731724	305000
chr9	310000	320000	0.2669654466143537	315000
chr9	320000	330000	0.11221975773209454	325000
chr9	330000	340000	0.07021349339558665	335000
chr9	340000	350000	0.08546544833116015	345000
chr9	350000	360000	0.10970350620186296	355000
chr9	360000	370000	0.19468562263532066	365000
chr9	370000	380000	0.034511331110057705	375000
chr9	380000	390000	0.03578175219571357	385000
chr9	390000	400000	0.0269766154576443	395000
chr9	400000	410000	0.03537371220193307	405000
chr9	410000	420000	0.06143050871674209	415000
chr9	420000	430000	0.1285309397992022	425000
chr9	430000	440000	0.19028844295689165	435000
chr9	440000	450000	0.24532351369928404	445000
chr9	450000	460000	0.3702302400673381	455000
chr9	460000	470000	0.3702302400673389	465000
chr9	470000	480000	0.40717748586103675	475000
chr9	480000	490000	1.4830711765656472	485000
chr9	490000	500000	0.6602579298520383	495000
chr9	500000	510000	0.3930539557699304	505000
chr9	510000	520000	1.1810943842516082	515000
chr9	520000	530000	1.484260178144442	525000
chr9	530000	540000	1.05947955480537	535000
chr9	540000	550000	3.4125586096012093	545000
chr9	550000	560000	1.4669638365382824	555000
chr9	560000	570000	2.0349514349459854	565000
chr9	570000	580000	2.788726189196519	575000
chr9	580000	590000	0.9170576640683494	585000
chr9	590000	600000	1.5659965050133482	595000
chr9	600000	610000	0.7596581643917762	605000
chr9	610000	620000	0.559527541795815	615000
chr9	620000	630000	0.5018728138360702	625000
chr9	630000	640000	1.3226682732710129	635000
chr9	640000	650000	3.961088573256054	645000
chr9	650000	660000	2.8096772621578916	655000
chr9	660000	670000	3.0343121226379446	665000
chr9	670000	680000	4.235414785293422	675000
chr9	680000	690000	4.245987858076274	685000
chr9	690000	700000	5.7068254293541205	695000
chr9	700000	710000	9.883091070633567	705000
chr9	710000	720000	3.1377004490937344	715000
chr9	720000	730000	2.681610162456065	725000
chr9	730000	740000	2.8510688664373514	735000
chr9	740000	750000	3.767696419749629	745000
chr9	750000	760000	5.166732347243233	755000
chr9	760000	770000	5.329406292123734	765000
chr9	770000	780000	2.9973087344575364	775000
chr9	780000	790000	3.8115693948206104	785000
chr9	790000	800000	3.4568350306185374	795000
chr9	800000	810000	5.287540109629957	805000
chr9	810000	820000	4.656877463714448	815000
chr9	820000	830000	4.279963582773114	825000
chr9	830000	840000	4.694206394140123	835000
chr9	840000	850000	4.011083843915907	845000
chr9	850000	860000	4.304436771436318	855000
chr9	860000	870000	3.811977006731604	865000
chr9	870000	880000	3.988073086139813	875000
chr9	880000	890000	4.201741215971669	885000
chr9	890000	900000	3.9830654942069135	895000
chr9	900000	910000	4.021617822205039	905000
chr9	910000	920000	4.3785523541536895	915000
chr9	920000	930000	4.276596355363868	925000
chr9	930000	940000	5.289341236089704	935000
chr9	940000	950000	5.702690426901416	945000
chr9	950000	960000	5.097859058151958	955000
chr9	960000	970000	5.109834277097719	965000
chr9	970000	980000	4.7437314420650045	975000
chr9	980000	990000	4.246679790153356	985000
chr9	990000	1000000	5.565124603454225	995000
chr9	1000000	1010000	4.960604927005709	1005000
chr9	1010000	1020000	4.979175940025809	1015000
chr9	1020000	1030000	3.838041122749931	1025000
chr9	1030000	1040000	2.3550694133161145	1035000
chr9	1040000	1050000	2.6788271490151	1045000
chr9	1050000	1060000	3.986167336631901	1055000
chr9	1060000	1070000	3.76023949765789	1065000
chr9	1070000	1080000	6.748792778712644	1075000
chr9	1080000	1090000	5.561885677389582	1085000
chr9	1090000	1100000	6.545957731445967	1095000
chr9	1100000	1110000	7.305852527805585	1105000
chr9	1110000	1120000	6.365192985615195	1115000
chr9	1120000	1130000	5.33066079245201	1125000
chr9	1130000	1140000	5.078060693924756	1135000
chr9	1140000	1150000	3.2074085732116058	1145000
chr9	1150000	1160000	5.334692633284521	1155000
chr9	1160000	1170000	4.478112836128965	1165000
chr9	1170000	1180000	4.7982228081079565	1175000
chr9	1180000	1190000	9.598685534564371	1185000
chr9	1190000	1200000	7.542729946214468	1195000
chr9	1200000	1210000	5.521397165934818	1205000
chr9	1210000	1220000	11.209431091609005	1215000
chr9	1220000	1230000	8.693968246148088	1225000
chr9	1230000	1240000	6.4035616683456	1235000
chr9	1240000	1250000	7.233946340405301	1245000
chr9	1250000	1260000	5.569936830154481	1255000
chr9	1260000	1270000	5.120748686502784	1265000
chr9	1270000	1280000	8.57976921213796	1275000
chr9	1280000	1290000	3.6829296058705308	1285000
chr9	1290000	1300000	6.407654074419796	1295000
chr9	1300000	1310000	12.449602424159085	1305000
chr9	1310000	1320000	6.12853294092937	1315000
chr9	1320000	1330000	10.676953082034844	1325000
chr9	1330000	1340000	4.60157471779787	1335000
chr9	1340000	1350000	3.791982906694591	1345000
chr9	1350000	1360000	7.1265838557647925	1355000
chr9	1360000	1370000	10.867467647541535	1365000
chr9	1370000	1380000	11.599065054154314	1375000
chr9	1380000	1390000	8.688194928545583	1385000
chr9	1390000	1400000	11.162827535484166	1395000
chr9	1400000	1410000	9.61596924596996	1405000
chr9	1410000	1420000	13.70607335463542	1415000
chr9	1420000	1430000	15.428103148880348	1425000
chr9	1430000	1440000	21.6345078339961	1435000
chr9	1440000	1450000	18.09396427874201	1445000
chr9	1450000	1460000	15.407899933198596	1455000
chr9	1460000	1470000	16.365748833213598	1465000
chr9	1470000	1480000	20.235886859607206	1475000
chr9	1480000	1490000	14.356548920689526	1485000
chr9	1490000	1500000	14.320455183469523	1495000
chr9	1500000	1510000	16.820644335390394	1505000
chr9	1510000	1520000	19.51086543939061	1515000
chr9	1520000	1530000	12.760303785189368	1525000
chr9	1530000	1540000	7.491918323615309	1535000
chr9	1540000	1550000	7.609966208285029	1545000
chr9	1550000	1560000	3.9574125914749	1555000
chr9	1560000	1570000	4.094717743060035	1565000
chr9	1570000	1580000	4.312221244610517	1575000
chr9	1580000	1590000	3.6573123429571877	1585000
chr9	1590000	1600000	4.750998660828693	1595000
chr9	1600000	1610000	5.349189063478151	1605000
chr9	1610000	1620000	11.961190578926319	1615000
chr9	1620000	1630000	7.949993349468781	1625000
chr9	1630000	1640000	11.588970912152082	1635000
chr9	1640000	1650000	8.155069047274043	1645000
chr9	1650000	1660000	8.096411262594478	1655000
chr9	1660000	1670000	9.113036585862561	1665000
chr9	1670000	1680000	9.339565403953909	1675000
chr9	1680000	1690000	7.819160382175525	1685000
chr9	1690000	1700000	11.051664470658292	1695000
chr9	1700000	1710000	6.223955222478374	1705000
chr9	1710000	1720000	8.327112579034614	1715000
chr9	1720000	1730000	5.18141662656011	1725000
chr9	1730000	1740000	16.357312821599972	1735000
chr9	1740000	1750000	13.715296967387086	1745000
chr9	1750000	1760000	9.42252586369199	1755000
chr9	1760000	1770000	9.658744201287643	1765000
chr9	1770000	1780000	16.08795954747032	1775000
chr9	1780000	1790000	15.669411453315872	1785000
chr9	1790000	1800000	17.35015559928459	1795000
chr9	1800000	1810000	19.695475438549177	1805000
chr9	1810000	1820000	13.728725003954464	1815000
chr9	1820000	1830000	20.276681093658127	1825000
chr9	1830000	1840000	17.945233272227075	1835000
chr9	1840000	1850000	13.263319190500164	1845000
chr9	1850000	1860000	15.358669271244958	1855000
chr9	1860000	1870000	21.57001011693902	1865000
chr9	1870000	1880000	19.441307342179897	1875000
chr9	1880000	1890000	9.356235670483413	1885000
chr9	1890000	1900000	4.92470764691959	1895000
chr9	1900000	1910000	22.021788462294104	1905000
chr9	1910000	1920000	9.257191993216546	1915000
chr9	1920000	1930000	7.160887189405157	1925000
chr9	1930000	1940000	30.912595535980007	1935000
chr9	1940000	1950000	8.102937849126658	1945000
chr9	1950000	1960000	5.802383111042913	1955000
chr9	1960000	1970000	6.840001088695952	1965000
chr9	1970000	1980000	12.588383896376063	1975000
chr9	1980000	1990000	6.5384765749338465	1985000
chr9	1990000	2000000	2.3852911113546402	1995000
chr9	2000000	2010000	6.0099318721166854	2005000
chr9	2010000	2020000	25.561252308454215	2015000
chr9	2020000	2030000	7.640858106021916	2025000
chr9	2030000	2040000	11.43560913933908	2035000
chr9	2040000	2050000	6.4545155769455835	2045000
chr9	2050000	2060000	6.385791524734075	2055000
chr9	2060000	2070000	6.809028020595693	2065000
chr9	2070000	2080000	6.583135459631124	2075000
chr9	2080000	2090000	8.64468565436404	2085000
chr9	2090000	2100000	10.348652468946721	2095000
chr9	2100000	2110000	8.116883251572844	2105000
chr9	2110000	2120000	10.834074255140532	2115000
chr9	2120000	2130000	14.778356821412904	2125000
chr9	2130000	2140000	8.976239177532488	2135000
chr9	2140000	2150000	18.062481502530147	2145000
chr9	2150000	2160000	9.069770464874988	2155000
chr9	2160000	2170000	3.8817896229281614	2165000
chr9	2170000	2180000	4.112129138449127	2175000
chr9	2180000	2190000	6.058532830526447	2185000
chr9	2190000	2200000	6.089445454693399	2195000
chr9	2200000	2210000	11.402281584267785	2205000
chr9	2210000	2220000	13.881176562047719	2215000
chr9	2220000	2230000	13.392509364333707	2225000
chr9	2230000	2240000	16.682022670136764	2235000
chr9	2240000	2250000	16.172290294934157	2245000
chr9	2250000	2260000	13.95861200929987	2255000
chr9	2260000	2270000	16.181913166613626	2265000
chr9	2270000	2280000	14.849014581543564	2275000
chr9	2280000	2290000	14.111298668721442	2285000
chr9	2290000	2300000	12.48865668065872	2295000
chr9	2300000	2310000	15.544534480101538	2305000
chr9	2310000	2320000	11.754025724264066	2315000
chr9	2320000	2330000	12.791340298919	2325000
chr9	2330000	2340000	8.809172814954065	2335000
chr9	2340000	2350000	10.812824861883392	2345000
chr9	2350000	2360000	18.52765589987958	2355000
chr9	2360000	2370000	10.000710548189764	2365000
chr9	2370000	2380000	23.022189689589045	2375000
chr9	2380000	2390000	19.914700350210314	2385000
chr9	2390000	2400000	22.099176967023237	2395000
chr9	2400000	2410000	15.597137089630063	2405000
chr9	2410000	2420000	20.879315636429364	2415000
chr9	2420000	2430000	14.753141294935253	2425000
chr9	2430000	2440000	15.069207502060875	2435000
chr9	2440000	2450000	18.278619005180097	2445000
chr9	2450000	2460000	14.510038851685188	2455000
chr9	2460000	2470000	17.207520036994005	2465000
chr9	2470000	2480000	10.002113014358127	2475000
chr9	2480000	2490000	8.878396069577603	2485000
chr9	2490000	2500000	15.92299964031871	2495000
chr9	2500000	2510000	11.130284666088853	2505000
chr9	2510000	2520000	15.060433512859126	2515000
chr9	2520000	2530000	26.688073615498478	2525000
chr9	2530000	2540000	23.299364570124016	2535000
chr9	2540000	2550000	21.651035866815327	2545000
chr9	2550000	2560000	22.320111426692293	2555000
chr9	2560000	2570000	26.823148978249773	2565000
chr9	2570000	2580000	21.57987265573875	2575000
chr9	2580000	2590000	18.458874296806602	2585000
chr9	2590000	2600000	15.325594708486273	2595000
chr9	2600000	2610000	19.094745366513006	2605000
chr9	2610000	2620000	15.949298387936372	2615000
chr9	2620000	2630000	18.64798388159926	2625000
chr9	2630000	2640000	13.138485974510607	2635000
chr9	2640000	2650000	8.722775310080124	2645000
chr9	2650000	2660000	19.65707530808795	2655000
chr9	2660000	2670000	20.633681839109652	2665000
chr9	2670000	2680000	12.342391388735962	2675000
chr9	2680000	2690000	10.217539694164204	2685000
chr9	2690000	2700000	8.900163771460607	2695000
chr9	2700000	2710000	3.768721523129159	2705000
chr9	2710000	2720000	6.111528183192025	2715000
chr9	2720000	2730000	8.153409844275279	2725000
chr9	2730000	2740000	21.294829420401292	2735000
chr9	2740000	2750000	21.156073651272827	2745000
chr9	2750000	2760000	17.44471254359138	2755000
chr9	2760000	2770000	13.290084707119968	2765000
chr9	2770000	2780000	17.15131437401618	2775000
chr9	2780000	2790000	16.504565766986012	2785000
chr9	2790000	2800000	13.099042878970682	2795000
chr9	2800000	2810000	11.932639671648671	2805000
chr9	2810000	2820000	9.621578652514291	2815000
chr9	2820000	2830000	6.9701813523881455	2825000
chr9	2830000	2840000	14.80181243297163	2835000
chr9	2840000	2850000	5.278337411623221	2845000
chr9	2850000	2860000	4.827228017497388	2855000
chr9	2860000	2870000	12.675223860223959	2865000
chr9	2870000	2880000	14.25578609318514	2875000
chr9	2880000	2890000	21.83884839071892	2885000
chr9	2890000	2900000	24.935519326014933	2895000
chr9	2900000	2910000	23.294457177882244	2905000
chr9	2910000	2920000	13.112894241875695	2915000
chr9	2920000	2930000	7.139453710628991	2925000
chr9	2930000	2940000	11.214107469537796	2935000
chr9	2940000	2950000	16.20064777813816	2945000
chr9	2950000	2960000	16.190623208563437	2955000
chr9	2960000	2970000	12.184403644140357	2965000
chr9	2970000	2980000	29.976801007439594	2975000
chr9	2980000	2990000	13.222928845270316	2985000
chr9	2990000	3000000	10.500682566462638	2995000
chr9	3000000	3010000	15.241662535954623	3005000
chr9	3010000	3020000	16.340247152335927	3015000
chr9	3020000	3030000	26.38656073340837	3025000
chr9	3030000	3040000	50.76092281788181	3035000
chr9	3040000	3050000	50.40732952464517	3045000
chr9	3050000	3060000	15.81330378705695	3055000
chr9	3060000	3070000	13.29588803429293	3065000
chr9	3070000	3080000	16.747959103567183	3075000
chr9	3080000	3090000	15.54487072616665	3085000
chr9	3090000	3100000	11.438816380436911	3095000
chr9	3100000	3110000	10.08219332796172	3105000
chr9	3110000	3120000	10.082193327961706	3115000
chr9	3120000	3130000	10.082193327961688	3125000
chr9	3130000	3140000	10.082193327961651	3135000
chr9	3140000	3150000	10.082193327961658	3145000
chr9	3150000	3160000	10.082193327961656	3155000
chr9	3160000	3170000	10.082193327961676	3165000
chr9	3170000	3180000	10.082193327961681	3175000
chr9	3180000	3190000	10.082193327961662	3185000
chr9	3190000	3200000	10.082193327961683	3195000
chr9	3200000	3210000	10.082193327961678	3205000
chr9	3210000	3220000	10.08219332796167	3215000
chr9	3220000	3230000	10.082193327961672	3225000
chr9	3230000	3240000	10.08219332796167	3235000
chr9	3240000	3250000	10.082193327961665	3245000
chr9	3250000	3260000	10.08219332796168	3255000
chr9	3260000	3270000	10.082193327961672	3265000
chr9	3270000	3280000	10.08219332796163	3275000
chr9	3280000	3290000	12.180030371052766	3285000
chr9	3290000	3300000	4.302183106866217	3295000
chr9	3300000	3310000	8.003744311921722	3305000
chr9	3310000	3320000	8.958780781487034	3315000
chr9	3320000	3330000	8.4509635344636	3325000
chr9	3330000	3340000	7.6637146742311435	3335000
chr9	3340000	3350000	6.428325036903385	3345000
chr9	3350000	3360000	4.922462581125806	3355000
chr9	3360000	3370000	3.246925350055733	3365000
chr9	3370000	3380000	4.196859562937277	3375000
chr9	3380000	3390000	6.437049399921797	3385000
chr9	3390000	3400000	15.441244156634337	3395000
chr9	3400000	3410000	8.329737403010839	3405000
chr9	3410000	3420000	7.249249863261546	3415000
chr9	3420000	3430000	11.89326060001031	3425000
chr9	3430000	3440000	11.175215114661542	3435000
chr9	3440000	3450000	17.059110998335427	3445000
chr9	3450000	3460000	5.461740006504171	3455000
chr9	3460000	3470000	5.788907442178909	3465000
chr9	3470000	3480000	5.924104899781418	3475000
chr9	3480000	3490000	1.1271858439006541	3485000
chr9	3490000	3500000	1.7896516642827196	3495000
chr9	3500000	3510000	17.992957486945766	3505000
chr9	3510000	3520000	19.71656373692232	3515000
chr9	3520000	3530000	1.9265604846044433	3525000
chr9	3530000	3540000	17.7289636984556	3535000
chr9	3540000	3550000	16.05188831260022	3545000
chr9	3550000	3560000	18.272891379151687	3555000
chr9	3560000	3570000	6.956588594772342	3565000
chr9	3570000	3580000	1.744416625731447	3575000
chr9	3580000	3590000	4.008029415105974	3585000
chr9	3590000	3600000	17.87000089517964	3595000
chr9	3600000	3610000	3.988760042044498	3605000
chr9	3610000	3620000	6.892069373800573	3615000
chr9	3620000	3630000	7.364217454037654	3625000
chr9	3630000	3640000	5.262959993175061	3635000
chr9	3640000	3650000	2.878184508241634	3645000
chr9	3650000	3660000	1.390546602037954	3655000
chr9	3660000	3670000	9.395544022969961	3665000
chr9	3670000	3680000	5.408801499133796	3675000
chr9	3680000	3690000	3.070102068910445	3685000
chr9	3690000	3700000	4.995192332117398	3695000
chr9	3700000	3710000	3.8099415728201325	3705000
chr9	3710000	3720000	3.7527984205411	3715000
chr9	3720000	3730000	7.007639780823396	3725000
chr9	3730000	3740000	5.119519239140736	3735000
chr9	3740000	3750000	5.627605138886695	3745000
chr9	3750000	3760000	7.730750502482223	3755000
chr9	3760000	3770000	6.2767497774038	3765000
chr9	3770000	3780000	6.135291910091774	3775000
chr9	3780000	3790000	7.815391022644711	3785000
chr9	3790000	3800000	9.869479880755856	3795000
chr9	3800000	3810000	18.584406875048753	3805000
chr9	3810000	3820000	11.71862976997696	3815000
chr9	3820000	3830000	4.981011950175526	3825000
chr9	3830000	3840000	6.557808465823167	3835000
chr9	3840000	3850000	15.799643996058817	3845000
chr9	3850000	3860000	15.462330470382886	3855000
chr9	3860000	3870000	12.534775563792428	3865000
chr9	3870000	3880000	15.14623294055143	3875000
chr9	3880000	3890000	20.307973769751776	3885000
chr9	3890000	3900000	20.11763989154666	3895000
chr9	3900000	3910000	18.012885760362664	3905000
chr9	3910000	3920000	17.155700292695848	3915000
chr9	3920000	3930000	12.65640723807793	3925000
chr9	3930000	3940000	11.104479813069581	3935000
chr9	3940000	3950000	18.056934615574455	3945000
chr9	3950000	3960000	17.502198480328527	3955000
chr9	3960000	3970000	19.061086105994203	3965000
chr9	3970000	3980000	10.899132689359678	3975000
chr9	3980000	3990000	15.184119886247393	3985000
chr9	3990000	4000000	19.441655520935306	3995000
chr9	4000000	4010000	19.846814792611145	4005000
chr9	4010000	4020000	13.926252027755314	4015000
chr9	4020000	4030000	11.197222299105231	4025000
chr9	4030000	4040000	12.61200804103555	4035000
chr9	4040000	4050000	7.926734581571432	4045000
chr9	4050000	4060000	9.873929922917908	4055000
chr9	4060000	4070000	8.569119214013568	4065000
chr9	4070000	4080000	8.615962800223642	4075000
chr9	4080000	4090000	9.446452572232921	4085000
chr9	4090000	4100000	9.377357632325863	4095000
chr9	4100000	4110000	6.520223778776479	4105000
chr9	4110000	4120000	11.330749835983498	4115000
chr9	4120000	4130000	12.646413426584996	4125000
chr9	4130000	4140000	18.02244280102609	4135000
chr9	4140000	4150000	7.423804711467782	4145000
chr9	4150000	4160000	12.94722867631538	4155000
chr9	4160000	4170000	12.526826106052493	4165000
chr9	4170000	4180000	15.495192234446149	4175000
chr9	4180000	4190000	13.550472407292135	4185000
chr9	4190000	4200000	17.34846509733496	4195000
chr9	4200000	4210000	13.961426351604526	4205000
chr9	4210000	4220000	13.152985013967449	4215000
chr9	4220000	4230000	12.31553482029071	4225000
chr9	4230000	4240000	9.717593156537987	4235000
chr9	4240000	4250000	13.306676183656524	4245000
chr9	4250000	4260000	15.62521571689459	4255000
chr9	4260000	4270000	13.394713390532402	4265000
chr9	4270000	4280000	16.577780228322435	4275000
chr9	4280000	4290000	15.143034446924892	4285000
chr9	4290000	4300000	12.600686514617562	4295000
chr9	4300000	4310000	15.497999327965282	4305000
chr9	4310000	4320000	16.940560725599465	4315000
chr9	4320000	4330000	18.412837251784836	4325000
chr9	4330000	4340000	11.690616812763901	4335000
chr9	4340000	4350000	14.089904494239864	4345000
chr9	4350000	4360000	18.09967765964681	4355000
chr9	4360000	4370000	16.49372049582975	4365000
chr9	4370000	4380000	13.347572745476915	4375000
chr9	4380000	4390000	12.14878049822974	4385000
chr9	4390000	4400000	14.118016092405986	4395000
chr9	4400000	4410000	13.644585165979946	4405000
chr9	4410000	4420000	11.413866553957941	4415000
chr9	4420000	4430000	10.174275958017235	4425000
chr9	4430000	4440000	10.510233176796955	4435000
chr9	4440000	4450000	14.81836013209709	4445000
chr9	4450000	4460000	12.974579911498477	4455000
chr9	4460000	4470000	13.773883212967997	4465000
chr9	4470000	4480000	13.343326750985524	4475000
chr9	4480000	4490000	9.302846491369182	4485000
chr9	4490000	4500000	10.975254458104658	4495000
chr9	4500000	4510000	15.384231257594722	4505000
chr9	4510000	4520000	13.87630686106474	4515000
chr9	4520000	4530000	22.546728026958835	4525000
chr9	4530000	4540000	24.93006116552884	4535000
chr9	4540000	4550000	21.572773459776418	4545000
chr9	4550000	4560000	24.95307692688091	4555000
chr9	4560000	4570000	11.85698052087435	4565000
chr9	4570000	4580000	8.475876064299397	4575000
chr9	4580000	4590000	20.04015047868028	4585000
chr9	4590000	4600000	12.176333269823711	4595000
chr9	4600000	4610000	16.084482824558382	4605000
chr9	4610000	4620000	9.51124419028041	4615000
chr9	4620000	4630000	10.975547156716482	4625000
chr9	4630000	4640000	6.201028855246146	4635000
chr9	4640000	4650000	7.552094054804515	4645000
chr9	4650000	4660000	12.679761073341094	4655000
chr9	4660000	4670000	16.113525440128925	4665000
chr9	4670000	4680000	20.963659874890144	4675000
chr9	4680000	4690000	11.110918326997385	4685000
chr9	4690000	4700000	17.342062142663632	4695000
chr9	4700000	4710000	27.634396701690253	4705000
chr9	4710000	4720000	8.022524156947432	4715000
chr9	4720000	4730000	10.915566571190213	4725000
chr9	4730000	4740000	11.749687973188324	4735000
chr9	4740000	4750000	19.601672293947242	4745000
chr9	4750000	4760000	19.915647689951605	4755000
chr9	4760000	4770000	12.091555477173628	4765000
chr9	4770000	4780000	12.100652531236033	4775000
chr9	4780000	4790000	14.223268063306604	4785000
chr9	4790000	4800000	7.133449385269025	4795000
chr9	4800000	4810000	7.191605876626076	4805000
chr9	4810000	4820000	28.327609270461096	4815000
chr9	4820000	4830000	25.60069506537972	4825000
chr9	4830000	4840000	30.240083383493733	4835000
chr9	4840000	4850000	21.873040091734705	4845000
chr9	4850000	4860000	16.348827904596497	4855000
chr9	4860000	4870000	20.3849470871941	4865000
chr9	4870000	4880000	14.585057604572622	4875000
chr9	4880000	4890000	10.098952900511769	4885000
chr9	4890000	4900000	8.80639859325948	4895000
chr9	4900000	4910000	5.688650796594231	4905000
chr9	4910000	4920000	5.839557771551247	4915000
chr9	4920000	4930000	14.545874334988703	4925000
chr9	4930000	4940000	32.49381215757136	4935000
chr9	4940000	4950000	25.325927093074114	4945000
chr9	4950000	4960000	19.067821683572937	4955000
chr9	4960000	4970000	28.954813397926213	4965000
chr9	4970000	4980000	26.16965238009847	4975000
chr9	4980000	4990000	25.286081915560107	4985000
chr9	4990000	5000000	28.326702604117955	4995000
chr9	5000000	5010000	20.553204637763642	5005000
chr9	5010000	5020000	72.51478503725201	5015000
chr9	5020000	5030000	15.240696827290643	5025000
chr9	5030000	5040000	15.264491577130736	5035000
chr9	5040000	5050000	27.64135183640759	5045000
chr9	5050000	5060000	29.95983138950428	5055000
chr9	5060000	5070000	40.706477035392055	5065000
chr9	5070000	5080000	27.811973140912922	5075000
chr9	5080000	5090000	25.02901787204164	5085000
chr9	5090000	5100000	26.741504432789945	5095000
chr9	5100000	5110000	23.229707957293574	5105000
chr9	5110000	5120000	28.794058445035997	5115000
chr9	5120000	5130000	20.221297255981955	5125000
chr9	5130000	5140000	19.612030009834637	5135000
chr9	5140000	5150000	11.292334603947994	5145000
chr9	5150000	5160000	14.016130744778511	5155000
chr9	5160000	5170000	11.680735074371153	5165000
chr9	5170000	5180000	13.125321230921433	5175000
chr9	5180000	5190000	8.746857875661707	5185000
chr9	5190000	5200000	14.393006472467507	5195000
chr9	5200000	5210000	16.476014349681755	5205000
chr9	5210000	5220000	17.91487334538306	5215000
chr9	5220000	5230000	15.401256177588103	5225000
chr9	5230000	5240000	15.218928389888013	5235000
chr9	5240000	5250000	17.564090153829376	5245000
chr9	5250000	5260000	26.132789621683834	5255000
chr9	5260000	5270000	23.374733121980928	5265000
chr9	5270000	5280000	10.522250698824632	5275000
chr9	5280000	5290000	8.547707026387181	5285000
chr9	5290000	5300000	17.001286695018987	5295000
chr9	5300000	5310000	7.795947665186689	5305000
chr9	5310000	5320000	11.60626768672052	5315000
chr9	5320000	5330000	12.477952875092642	5325000
chr9	5330000	5340000	11.56919520877523	5335000
chr9	5340000	5350000	16.801378000493365	5345000
chr9	5350000	5360000	12.196712302461863	5355000
chr9	5360000	5370000	6.7737534430576165	5365000
chr9	5370000	5380000	13.30323689758462	5375000
chr9	5380000	5390000	10.78149617421817	5385000
chr9	5390000	5400000	6.359742805184036	5395000
chr9	5400000	5410000	6.299806800695792	5405000
chr9	5410000	5420000	17.068820204495946	5415000
chr9	5420000	5430000	6.047496092328584	5425000
chr9	5430000	5440000	7.576230973350386	5435000
chr9	5440000	5450000	9.057652781035022	5445000
chr9	5450000	5460000	12.270737891082426	5455000
chr9	5460000	5470000	6.0090935390138265	5465000
chr9	5470000	5480000	4.073021467071022	5475000
chr9	5480000	5490000	4.826222550663091	5485000
chr9	5490000	5500000	5.534442424337621	5495000
chr9	5500000	5510000	4.1346434009024975	5505000
chr9	5510000	5520000	3.9187643425399727	5515000
chr9	5520000	5530000	6.3549111810330885	5525000
chr9	5530000	5540000	7.896861164637805	5535000
chr9	5540000	5550000	4.67493107854548	5545000
chr9	5550000	5560000	14.768089783340274	5555000
chr9	5560000	5570000	13.472841373536133	5565000
chr9	5570000	5580000	12.995720702368788	5575000
chr9	5580000	5590000	11.192529296506741	5585000
chr9	5590000	5600000	8.151131116513772	5595000
chr9	5600000	5610000	7.065849308736434	5605000
chr9	5610000	5620000	4.765429754608439	5615000
chr9	5620000	5630000	8.344453951491488	5625000
chr9	5630000	5640000	7.019679489707398	5635000
chr9	5640000	5650000	11.056401800934996	5645000
chr9	5650000	5660000	12.010443349649291	5655000
chr9	5660000	5670000	11.06647939446123	5665000
chr9	5670000	5680000	6.709369189025069	5675000
chr9	5680000	5690000	4.14909615828479	5685000
chr9	5690000	5700000	1.6945531084535348	5695000
chr9	5700000	5710000	3.3037985368017337	5705000
chr9	5710000	5720000	7.087788821374275	5715000
chr9	5720000	5730000	27.5388275902479	5725000
chr9	5730000	5740000	9.20771123317672	5735000
chr9	5740000	5750000	6.618068687078732	5745000
chr9	5750000	5760000	4.934275521881521	5755000
chr9	5760000	5770000	8.776917429779825	5765000
chr9	5770000	5780000	4.713105898609619	5775000
chr9	5780000	5790000	4.525895077313676	5785000
chr9	5790000	5800000	4.476540439583459	5795000
chr9	5800000	5810000	12.90500422927054	5805000
chr9	5810000	5820000	8.064912227671888	5815000
chr9	5820000	5830000	5.959862507311989	5825000
chr9	5830000	5840000	8.055500329442427	5835000
chr9	5840000	5850000	10.388646530502577	5845000
chr9	5850000	5860000	12.134573683569569	5855000
chr9	5860000	5870000	12.822090405081077	5865000
chr9	5870000	5880000	11.703287951508432	5875000
chr9	5880000	5890000	10.781377460237682	5885000
chr9	5890000	5900000	11.182201736528706	5895000
chr9	5900000	5910000	11.694189888576284	5905000
chr9	5910000	5920000	13.541020689165075	5915000
chr9	5920000	5930000	11.857641234957994	5925000
chr9	5930000	5940000	15.283234731555993	5935000
chr9	5940000	5950000	12.91961266141324	5945000
chr9	5950000	5960000	9.662427373957541	5955000
chr9	5960000	5970000	17.100738033714016	5965000
chr9	5970000	5980000	16.318517069755675	5975000
chr9	5980000	5990000	19.313945535723718	5985000
chr9	5990000	6000000	17.38663986799897	5995000
chr9	6000000	6010000	17.695085136762028	6005000
chr9	6010000	6020000	32.323603210308356	6015000
chr9	6020000	6030000	19.90032332776447	6025000
chr9	6030000	6040000	20.240319665587275	6035000
chr9	6040000	6050000	7.931090102002616	6045000
chr9	6050000	6060000	13.773737145363917	6055000
chr9	6060000	6070000	15.157778519033199	6065000
chr9	6070000	6080000	4.705715293591119	6075000
chr9	6080000	6090000	5.160503296302446	6085000
chr9	6090000	6100000	12.742562629288857	6095000
chr9	6100000	6110000	10.573655780158433	6105000
chr9	6110000	6120000	10.394011680236916	6115000
chr9	6120000	6130000	14.956911196825715	6125000
chr9	6130000	6140000	14.614956847381807	6135000
chr9	6140000	6150000	8.996274743375656	6145000
chr9	6150000	6160000	9.413967378773233	6155000
chr9	6160000	6170000	6.4241774376035226	6165000
chr9	6170000	6180000	7.2425839152290274	6175000
chr9	6180000	6190000	9.255337493230472	6185000
chr9	6190000	6200000	12.593683256348601	6195000
chr9	6200000	6210000	13.716382344289155	6205000
chr9	6210000	6220000	21.79363691690398	6215000
chr9	6220000	6230000	18.026822549065386	6225000
chr9	6230000	6240000	26.43429582385206	6235000
chr9	6240000	6250000	13.682358243111336	6245000
chr9	6250000	6260000	18.15104709500637	6255000
chr9	6260000	6270000	14.42784749849173	6265000
chr9	6270000	6280000	9.762664923744142	6275000
chr9	6280000	6290000	11.600345807409713	6285000
chr9	6290000	6300000	12.336788316910637	6295000
chr9	6300000	6310000	11.813139591636581	6305000
chr9	6310000	6320000	8.68362704947547	6315000
chr9	6320000	6330000	16.560059008672827	6325000
chr9	6330000	6340000	14.572070588522468	6335000
chr9	6340000	6350000	13.118259047065937	6345000
chr9	6350000	6360000	9.039090665476406	6355000
chr9	6360000	6370000	10.136541183083699	6365000
chr9	6370000	6380000	14.030938313349242	6375000
chr9	6380000	6390000	15.598879145201156	6385000
chr9	6390000	6400000	10.84298948063797	6395000
chr9	6400000	6410000	13.25165275713049	6405000
chr9	6410000	6420000	10.22162863771557	6415000
chr9	6420000	6430000	11.176899842513517	6425000
chr9	6430000	6440000	10.994621929341392	6435000
chr9	6440000	6450000	30.27600545101702	6445000
chr9	6450000	6460000	14.623551749509739	6455000
chr9	6460000	6470000	17.632816523281445	6465000
chr9	6470000	6480000	17.46683640601589	6475000
chr9	6480000	6490000	16.886953753390546	6485000
chr9	6490000	6500000	14.475094998758884	6495000
chr9	6500000	6510000	9.583536252532983	6505000
chr9	6510000	6520000	13.733230981372609	6515000
chr9	6520000	6530000	12.000699193978065	6525000
chr9	6530000	6540000	4.242868627768477	6535000
chr9	6540000	6550000	17.782565364714582	6545000
chr9	6550000	6560000	9.531240667391812	6555000
chr9	6560000	6570000	12.822849638579482	6565000
chr9	6570000	6580000	13.906390322220025	6575000
chr9	6580000	6590000	8.991022211529614	6585000
chr9	6590000	6600000	13.65768702483501	6595000
chr9	6600000	6610000	33.82595382812381	6605000
chr9	6610000	6620000	19.00312822720633	6615000
chr9	6620000	6630000	13.682704180628896	6625000
chr9	6630000	6640000	9.428610617363262	6635000
chr9	6640000	6650000	12.183724960270798	6645000
chr9	6650000	6660000	14.386212162117687	6655000
chr9	6660000	6670000	8.875488103468902	6665000
chr9	6670000	6680000	11.431423657775255	6675000
chr9	6680000	6690000	10.818501405632796	6685000
chr9	6690000	6700000	13.03593576431578	6695000
chr9	6700000	6710000	9.310754086320927	6705000
chr9	6710000	6720000	15.58878575013098	6715000
chr9	6720000	6730000	9.382716715461285	6725000
chr9	6730000	6740000	17.669476380236873	6735000
chr9	6740000	6750000	13.155089128750861	6745000
chr9	6750000	6760000	14.320814149094675	6755000
chr9	6760000	6770000	13.584221906071365	6765000
chr9	6770000	6780000	11.379416018871002	6775000
chr9	6780000	6790000	7.73962917305176	6785000
chr9	6790000	6800000	9.004262032510036	6795000
chr9	6800000	6810000	9.602373447408892	6805000
chr9	6810000	6820000	15.019787279322362	6815000
chr9	6820000	6830000	9.695510436794553	6825000
chr9	6830000	6840000	12.616068964432245	6835000
chr9	6840000	6850000	15.059975904456905	6845000
chr9	6850000	6860000	12.109988303909985	6855000
chr9	6860000	6870000	16.67067058477574	6865000
chr9	6870000	6880000	10.850264880225177	6875000
chr9	6880000	6890000	13.09191101612195	6885000
chr9	6890000	6900000	8.5994764013919	6895000
chr9	6900000	6910000	6.651637772049989	6905000
chr9	6910000	6920000	12.398061503285165	6915000
chr9	6920000	6930000	13.541260447761937	6925000
chr9	6930000	6940000	5.3664240604925695	6935000
chr9	6940000	6950000	7.688860924046405	6945000
chr9	6950000	6960000	10.81356005591152	6955000
chr9	6960000	6970000	11.593197989276117	6965000
chr9	6970000	6980000	13.508694577587448	6975000
chr9	6980000	6990000	9.264484718596501	6985000
chr9	6990000	7000000	10.519218521926978	6995000
chr9	7000000	7010000	15.47734236579273	7005000
chr9	7010000	7020000	17.757546332636657	7015000
chr9	7020000	7030000	9.473107200432738	7025000
chr9	7030000	7040000	3.2278561394681162	7035000
chr9	7040000	7050000	5.832300935408088	7045000
chr9	7050000	7060000	7.553754827567523	7055000
chr9	7060000	7070000	9.486061944496942	7065000
chr9	7070000	7080000	7.539632874617896	7075000
chr9	7080000	7090000	9.329520990034679	7085000
chr9	7090000	7100000	7.982294419129726	7095000
chr9	7100000	7110000	8.688484020433153	7105000
chr9	7110000	7120000	9.547075784189778	7115000
chr9	7120000	7130000	8.973525323105834	7125000
chr9	7130000	7140000	10.11240521940763	7135000
chr9	7140000	7150000	9.928372020924025	7145000
chr9	7150000	7160000	8.657933654403879	7155000
chr9	7160000	7170000	10.483492113360667	7165000
chr9	7170000	7180000	10.094107220808876	7175000
chr9	7180000	7190000	10.099547709590462	7185000
chr9	7190000	7200000	10.627624744643894	7195000
chr9	7200000	7210000	10.157583311191793	7205000
chr9	7210000	7220000	10.67295475069464	7215000
chr9	7220000	7230000	10.856082382616878	7225000
chr9	7230000	7240000	10.110487774993963	7235000
chr9	7240000	7250000	9.646638864484785	7245000
chr9	7250000	7260000	13.476660718537234	7255000
chr9	7260000	7270000	8.966892628103354	7265000
chr9	7270000	7280000	10.496485222679908	7275000
chr9	7280000	7290000	8.657737583024721	7285000
chr9	7290000	7300000	13.546651731542694	7295000
chr9	7300000	7310000	12.423057155098993	7305000
chr9	7310000	7320000	11.196307847567999	7315000
chr9	7320000	7330000	10.576501185282495	7325000
chr9	7330000	7340000	8.822096452432518	7335000
chr9	7340000	7350000	12.476132260810045	7345000
chr9	7350000	7360000	12.975485294272914	7355000
chr9	7360000	7370000	10.35676250693826	7365000
chr9	7370000	7380000	12.495897790938079	7375000
chr9	7380000	7390000	7.266744839571165	7385000
chr9	7390000	7400000	9.128803454901357	7395000
chr9	7400000	7410000	13.434405594464065	7405000
chr9	7410000	7420000	9.421088800740383	7415000
chr9	7420000	7430000	9.784559085097387	7425000
chr9	7430000	7440000	5.530950456853735	7435000
chr9	7440000	7450000	8.773703846299373	7445000
chr9	7450000	7460000	8.928508733472691	7455000
chr9	7460000	7470000	16.162268362850426	7465000
chr9	7470000	7480000	23.992493773649493	7475000
chr9	7480000	7490000	11.969191939241432	7485000
chr9	7490000	7500000	8.448145427958886	7495000
chr9	7500000	7510000	5.867089302313772	7505000
chr9	7510000	7520000	8.70637626592862	7515000
chr9	7520000	7530000	17.452850928109655	7525000
chr9	7530000	7540000	5.125935336894628	7535000
chr9	7540000	7550000	4.584872549858444	7545000
chr9	7550000	7560000	7.204822736708862	7555000
chr9	7560000	7570000	8.967313592328685	7565000
chr9	7570000	7580000	10.558158026864735	7575000
chr9	7580000	7590000	17.207001728771118	7585000
chr9	7590000	7600000	17.312200868386014	7595000
chr9	7600000	7610000	16.367444450826525	7605000
chr9	7610000	7620000	5.767276625821939	7615000
chr9	7620000	7630000	6.158867099515042	7625000
chr9	7630000	7640000	16.741713227512108	7635000
chr9	7640000	7650000	20.06236549594558	7645000
chr9	7650000	7660000	14.44121003440184	7655000
chr9	7660000	7670000	12.474521446460315	7665000
chr9	7670000	7680000	10.71550913848505	7675000
chr9	7680000	7690000	9.867944111718947	7685000
chr9	7690000	7700000	5.819002008501026	7695000
chr9	7700000	7710000	8.86301084197324	7705000
chr9	7710000	7720000	12.623636280138097	7715000
chr9	7720000	7730000	8.127749725531764	7725000
chr9	7730000	7740000	9.537059936621118	7735000
chr9	7740000	7750000	14.577413703061131	7745000
chr9	7750000	7760000	17.53591854276701	7755000
chr9	7760000	7770000	16.60987649952682	7765000
chr9	7770000	7780000	19.34317390092492	7775000
chr9	7780000	7790000	15.894013290771136	7785000
chr9	7790000	7800000	15.895873964283386	7795000
chr9	7800000	7810000	21.55905602069264	7805000
chr9	7810000	7820000	15.198081902864345	7815000
chr9	7820000	7830000	19.785725106668096	7825000
chr9	7830000	7840000	17.287841694653867	7835000
chr9	7840000	7850000	26.033907039439836	7845000
chr9	7850000	7860000	15.338874604720482	7855000
chr9	7860000	7870000	14.911671890943591	7865000
chr9	7870000	7880000	14.710453247075911	7875000
chr9	7880000	7890000	21.67093604263243	7885000
chr9	7890000	7900000	13.282804175308769	7895000
chr9	7900000	7910000	6.023839865560637	7905000
chr9	7910000	7920000	5.77098827214797	7915000
chr9	7920000	7930000	6.048387380147778	7925000
chr9	7930000	7940000	6.441127114616748	7935000
chr9	7940000	7950000	7.124877914983713	7945000
chr9	7950000	7960000	9.39220511336243	7955000
chr9	7960000	7970000	10.100446886744903	7965000
chr9	7970000	7980000	12.357491255560388	7975000
chr9	7980000	7990000	14.776202420194581	7985000
chr9	7990000	8000000	18.821402867906038	7995000
chr9	8000000	8010000	13.85741918523575	8005000
chr9	8010000	8020000	7.0392822835434155	8015000
chr9	8020000	8030000	7.969401572725606	8025000
chr9	8030000	8040000	8.068697512795262	8035000
chr9	8040000	8050000	5.494767245849131	8045000
chr9	8050000	8060000	6.470032003816644	8055000
chr9	8060000	8070000	4.520621257054231	8065000
chr9	8070000	8080000	5.053350475380194	8075000
chr9	8080000	8090000	3.3350738523253494	8085000
chr9	8090000	8100000	3.8326589354076512	8095000
chr9	8100000	8110000	5.907921008663732	8105000
chr9	8110000	8120000	4.986708150674116	8115000
chr9	8120000	8130000	3.5049615657289155	8125000
chr9	8130000	8140000	8.37872795069147	8135000
chr9	8140000	8150000	12.324995078673778	8145000
chr9	8150000	8160000	6.095489056289306	8155000
chr9	8160000	8170000	8.236312667721133	8165000
chr9	8170000	8180000	10.336377338739688	8175000
chr9	8180000	8190000	10.631865460073385	8185000
chr9	8190000	8200000	8.420808429371977	8195000
chr9	8200000	8210000	11.329063672807775	8205000
chr9	8210000	8220000	10.212360744738385	8215000
chr9	8220000	8230000	7.885336560854163	8225000
chr9	8230000	8240000	6.459689332667408	8235000
chr9	8240000	8250000	10.674370335332762	8245000
chr9	8250000	8260000	6.746724223373234	8255000
chr9	8260000	8270000	5.492351464698823	8265000
chr9	8270000	8280000	7.357075095713108	8275000
chr9	8280000	8290000	13.87885461873126	8285000
chr9	8290000	8300000	11.55245993040591	8295000
chr9	8300000	8310000	15.286949912488684	8305000
chr9	8310000	8320000	41.657705650950064	8315000
chr9	8320000	8330000	30.759882463885624	8325000
chr9	8330000	8340000	11.420815612966141	8335000
chr9	8340000	8350000	9.449081465711846	8345000
chr9	8350000	8360000	10.06186958470295	8355000
chr9	8360000	8370000	9.243098001737014	8365000
chr9	8370000	8380000	16.70106229699304	8375000
chr9	8380000	8390000	11.080145878292843	8385000
chr9	8390000	8400000	5.920286836696191	8395000
chr9	8400000	8410000	6.259478159096954	8405000
chr9	8410000	8420000	5.360421801522728	8415000
chr9	8420000	8430000	4.330509132801399	8425000
chr9	8430000	8440000	4.937012060245933	8435000
chr9	8440000	8450000	6.343408918671704	8445000
chr9	8450000	8460000	12.360842759485841	8455000
chr9	8460000	8470000	11.048516168746746	8465000
chr9	8470000	8480000	10.005658666801278	8475000
chr9	8480000	8490000	8.932653424800947	8485000
chr9	8490000	8500000	10.148391453149408	8495000
chr9	8500000	8510000	8.57117471299866	8505000
chr9	8510000	8520000	8.730287569568654	8515000
chr9	8520000	8530000	8.761887543587472	8525000
chr9	8530000	8540000	9.263658834244268	8535000
chr9	8540000	8550000	9.76188191386348	8545000
chr9	8550000	8560000	9.462770187558482	8555000
chr9	8560000	8570000	8.339126447656641	8565000
chr9	8570000	8580000	6.774225441463653	8575000
chr9	8580000	8590000	6.402838908200768	8585000
chr9	8590000	8600000	8.674436733975783	8595000
chr9	8600000	8610000	11.438414993736373	8605000
chr9	8610000	8620000	8.605532563656796	8615000
chr9	8620000	8630000	10.495780896893267	8625000
chr9	8630000	8640000	14.76242085256715	8635000
chr9	8640000	8650000	10.921348139108877	8645000
chr9	8650000	8660000	9.40977706859859	8655000
chr9	8660000	8670000	9.25927084211796	8665000
chr9	8670000	8680000	10.376693169869338	8675000
chr9	8680000	8690000	7.341521955721228	8685000
chr9	8690000	8700000	4.293422771496336	8695000
chr9	8700000	8710000	12.771548844967224	8705000
chr9	8710000	8720000	17.31130483990796	8715000
chr9	8720000	8730000	9.99484913932186	8725000
chr9	8730000	8740000	9.02918005679613	8735000
chr9	8740000	8750000	5.096366300602048	8745000
chr9	8750000	8760000	3.1086949829107864	8755000
chr9	8760000	8770000	3.732235546326546	8765000
chr9	8770000	8780000	4.379775307846285	8775000
chr9	8780000	8790000	4.258652894450084	8785000
chr9	8790000	8800000	6.5843705419428975	8795000
chr9	8800000	8810000	4.758405553693754	8805000
chr9	8810000	8820000	6.112078456529056	8815000
chr9	8820000	8830000	6.0488086981337466	8825000
chr9	8830000	8840000	10.440461389766273	8835000
chr9	8840000	8850000	11.828779461086944	8845000
chr9	8850000	8860000	5.948490393523487	8855000
chr9	8860000	8870000	4.689058719718837	8865000
chr9	8870000	8880000	6.913516784271042	8875000
chr9	8880000	8890000	5.065076015974223	8885000
chr9	8890000	8900000	4.140724711964875	8895000
chr9	8900000	8910000	4.848850161654871	8905000
chr9	8910000	8920000	3.7656477230348817	8915000
chr9	8920000	8930000	4.102994554494454	8925000
chr9	8930000	8940000	4.322753108402601	8935000
chr9	8940000	8950000	11.035981250773256	8945000
chr9	8950000	8960000	4.52225152603095	8955000
chr9	8960000	8970000	3.4933677330860164	8965000
chr9	8970000	8980000	1.8570272868371358	8975000
chr9	8980000	8990000	2.82455940939949	8985000
chr9	8990000	9000000	9.117589795109415	8995000
chr9	9000000	9010000	4.390689056853009	9005000
chr9	9010000	9020000	6.46220029324908	9015000
chr9	9020000	9030000	5.637218864061778	9025000
chr9	9030000	9040000	6.936382965685169	9035000
chr9	9040000	9050000	10.009577557803325	9045000
chr9	9050000	9060000	10.857289038369935	9055000
chr9	9060000	9070000	3.864818612840815	9065000
chr9	9070000	9080000	9.941494808143965	9075000
chr9	9080000	9090000	7.225769294437084	9085000
chr9	9090000	9100000	6.071398923476998	9095000
chr9	9100000	9110000	2.017510597779333	9105000
chr9	9110000	9120000	1.539491225507506	9115000
chr9	9120000	9130000	2.274012516791633	9125000
chr9	9130000	9140000	1.3878335606555439	9135000
chr9	9140000	9150000	1.861955497007939	9145000
chr9	9150000	9160000	1.9559537860144884	9155000
chr9	9160000	9170000	10.60921513455559	9165000
chr9	9170000	9180000	10.167709124793024	9175000
chr9	9180000	9190000	32.15192447877189	9185000
chr9	9190000	9200000	16.68436918955056	9195000
chr9	9200000	9210000	5.97992697499528	9205000
chr9	9210000	9220000	5.208935270384259	9215000
chr9	9220000	9230000	4.431613320568306	9225000
chr9	9230000	9240000	5.770524989498812	9235000
chr9	9240000	9250000	5.233209811561813	9245000
chr9	9250000	9260000	7.7864314466335	9255000
chr9	9260000	9270000	8.606254980217633	9265000
chr9	9270000	9280000	10.90134293778745	9275000
chr9	9280000	9290000	12.700093122709438	9285000
chr9	9290000	9300000	17.933392473787475	9295000
chr9	9300000	9310000	14.91250490501158	9305000
chr9	9310000	9320000	8.927667881796586	9315000
chr9	9320000	9330000	10.320012060543133	9325000
chr9	9330000	9340000	9.030805768297903	9335000
chr9	9340000	9350000	10.054327109738615	9345000
chr9	9350000	9360000	13.356798359174142	9355000
chr9	9360000	9370000	13.736134440806472	9365000
chr9	9370000	9380000	12.54587305225669	9375000
chr9	9380000	9390000	14.03767456537334	9385000
chr9	9390000	9400000	14.427632509726497	9395000
chr9	9400000	9410000	18.531415176264304	9405000
chr9	9410000	9420000	12.804550231281215	9415000
chr9	9420000	9430000	5.249142300465322	9425000
chr9	9430000	9440000	17.848972981387707	9435000
chr9	9440000	9450000	16.648935964552336	9445000
chr9	9450000	9460000	17.754988128317738	9455000
chr9	9460000	9470000	22.756400095454193	9465000
chr9	9470000	9480000	23.893321210423384	9475000
chr9	9480000	9490000	16.332723935269513	9485000
chr9	9490000	9500000	11.81103284280925	9495000
chr9	9500000	9510000	20.045956328060726	9505000
chr9	9510000	9520000	10.184287466652616	9515000
chr9	9520000	9530000	15.2298488814342	9525000
chr9	9530000	9540000	14.772664399826779	9535000
chr9	9540000	9550000	8.298763229284972	9545000
chr9	9550000	9560000	4.403011003310041	9555000
chr9	9560000	9570000	11.258304508449546	9565000
chr9	9570000	9580000	10.392511898579398	9575000
chr9	9580000	9590000	4.395636806807458	9585000
chr9	9590000	9600000	6.071240976969998	9595000
chr9	9600000	9610000	16.883601071639657	9605000
chr9	9610000	9620000	17.686950320642566	9615000
chr9	9620000	9630000	12.361107273033468	9625000
chr9	9630000	9640000	20.44600444635375	9635000
chr9	9640000	9650000	8.244228268202246	9645000
chr9	9650000	9660000	10.874728544859265	9655000
chr9	9660000	9670000	11.865372718852777	9665000
chr9	9670000	9680000	17.97938097167419	9675000
chr9	9680000	9690000	23.686163839348907	9685000
chr9	9690000	9700000	19.46658737003268	9695000
chr9	9700000	9710000	12.684021244328008	9705000
chr9	9710000	9720000	17.192063616482585	9715000
chr9	9720000	9730000	11.303170012135878	9725000
chr9	9730000	9740000	8.86155071051958	9735000
chr9	9740000	9750000	14.660349216015662	9745000
chr9	9750000	9760000	16.203861808446128	9755000
chr9	9760000	9770000	10.24046663979299	9765000
chr9	9770000	9780000	5.040563626154	9775000
chr9	9780000	9790000	4.447895113198698	9785000
chr9	9790000	9800000	4.6814339326483445	9795000
chr9	9800000	9810000	4.513874296950107	9805000
chr9	9810000	9820000	5.090315416387689	9815000
chr9	9820000	9830000	13.461187026539543	9825000
chr9	9830000	9840000	10.591002629684027	9835000
chr9	9840000	9850000	7.657896774099224	9845000
chr9	9850000	9860000	15.564969489210945	9855000
chr9	9860000	9870000	10.732640096475063	9865000
chr9	9870000	9880000	5.700730366701236	9875000
chr9	9880000	9890000	6.979696916568673	9885000
chr9	9890000	9900000	6.219786777604049	9895000
chr9	9900000	9910000	3.4059777093646773	9905000
chr9	9910000	9920000	2.7916361508905623	9915000
chr9	9920000	9930000	7.263815135053727	9925000
chr9	9930000	9940000	3.177179290858307	9935000
chr9	9940000	9950000	2.8999394202726996	9945000
chr9	9950000	9960000	2.4774379719551725	9955000
chr9	9960000	9970000	9.39006828015555	9965000
chr9	9970000	9980000	2.757480239227411	9975000
chr9	9980000	9990000	2.7788793291555876	9985000
chr9	9990000	10000000	2.36770642614898	9995000
chr9	10000000	10010000	2.1398718256077545	10005000
chr9	10010000	10020000	3.0290308731920574	10015000
chr9	10020000	10030000	2.224220938888829	10025000
chr9	10030000	10040000	1.8441803351888753	10035000
chr9	10040000	10050000	5.53083662401773	10045000
chr9	10050000	10060000	3.2643517900228503	10055000
chr9	10060000	10070000	3.9744241592756464	10065000
chr9	10070000	10080000	4.415803186781815	10075000
chr9	10080000	10090000	4.470639861200427	10085000
chr9	10090000	10100000	3.8253657484315435	10095000
chr9	10100000	10110000	4.771849454802411	10105000
chr9	10110000	10120000	6.275390176463811	10115000
chr9	10120000	10130000	7.190700154568936	10125000
chr9	10130000	10140000	3.5335628278462425	10135000
chr9	10140000	10150000	2.4626490979745963	10145000
chr9	10150000	10160000	2.6770086562734647	10155000
chr9	10160000	10170000	1.8051028795379183	10165000
chr9	10170000	10180000	1.7705226055702203	10175000
chr9	10180000	10190000	1.674605358527057	10185000
chr9	10190000	10200000	2.0668135842352457	10195000
chr9	10200000	10210000	3.164639362324184	10205000
chr9	10210000	10220000	1.9764610088850707	10215000
chr9	10220000	10230000	2.535575047250237	10225000
chr9	10230000	10240000	1.772937116740462	10235000
chr9	10240000	10250000	5.543276967917906	10245000
chr9	10250000	10260000	18.336480352669362	10255000
chr9	10260000	10270000	12.750449246880702	10265000
chr9	10270000	10280000	5.772993348855836	10275000
chr9	10280000	10290000	5.786667826182771	10285000
chr9	10290000	10300000	3.3311032081932233	10295000
chr9	10300000	10310000	3.2857044708430485	10305000
chr9	10310000	10320000	3.8552745401202673	10315000
chr9	10320000	10330000	9.198470140514258	10325000
chr9	10330000	10340000	8.037265931766607	10335000
chr9	10340000	10350000	8.637391480279922	10345000
chr9	10350000	10360000	13.41735924144439	10355000
chr9	10360000	10370000	9.846422053237996	10365000
chr9	10370000	10380000	8.596468563530268	10375000
chr9	10380000	10390000	7.320613459571178	10385000
chr9	10390000	10400000	5.015877750660858	10395000
chr9	10400000	10410000	11.375630471108593	10405000
chr9	10410000	10420000	7.100447802217308	10415000
chr9	10420000	10430000	3.688802224582468	10425000
chr9	10430000	10440000	3.716350811197503	10435000
chr9	10440000	10450000	4.916665884942509	10445000
chr9	10450000	10460000	1.900656889515672	10455000
chr9	10460000	10470000	0.7498673467002591	10465000
chr9	10470000	10480000	0.5565349705970156	10475000
chr9	10480000	10490000	0.9163827124696099	10485000
chr9	10490000	10500000	0.74311112191042	10495000
chr9	10500000	10510000	1.393154570384844	10505000
chr9	10510000	10520000	7.991698251209032	10515000
chr9	10520000	10530000	3.7892835688586786	10525000
chr9	10530000	10540000	2.095624242822978	10535000
chr9	10540000	10550000	2.749237948928039	10545000
chr9	10550000	10560000	2.9684594902618415	10555000
chr9	10560000	10570000	5.4247997374147845	10565000
chr9	10570000	10580000	6.818700381360506	10575000
chr9	10580000	10590000	3.864774198477668	10585000
chr9	10590000	10600000	3.861412237403239	10595000
chr9	10600000	10610000	3.354641834591638	10605000
chr9	10610000	10620000	6.483542271139255	10615000
chr9	10620000	10630000	7.245549832214113	10625000
chr9	10630000	10640000	2.0513925016854033	10635000
chr9	10640000	10650000	4.99450077678023	10645000
chr9	10650000	10660000	7.840001949014365	10655000
chr9	10660000	10670000	3.899787815571351	10665000
chr9	10670000	10680000	4.887142626005265	10675000
chr9	10680000	10690000	6.641323328728059	10685000
chr9	10690000	10700000	5.4352148286041	10695000
chr9	10700000	10710000	2.4867810783362136	10705000
chr9	10710000	10720000	5.248040022110725	10715000
chr9	10720000	10730000	6.311817340221302	10725000
chr9	10730000	10740000	5.633654966283209	10735000
chr9	10740000	10750000	2.937444362884278	10745000
chr9	10750000	10760000	1.5524593348774354	10755000
chr9	10760000	10770000	1.675718683040235	10765000
chr9	10770000	10780000	1.5154962524096796	10775000
chr9	10780000	10790000	1.4778036910375023	10785000
chr9	10790000	10800000	3.3600875069565173	10795000
chr9	10800000	10810000	5.011751925825089	10805000
chr9	10810000	10820000	2.60865705281325	10815000
chr9	10820000	10830000	2.916574591931699	10825000
chr9	10830000	10840000	4.997118921787156	10835000
chr9	10840000	10850000	3.0805692894559553	10845000
chr9	10850000	10860000	0.9295277218739919	10855000
chr9	10860000	10870000	0.40713318586393793	10865000
chr9	10870000	10880000	0.422726680035664	10875000
chr9	10880000	10890000	0.6411197152456355	10885000
chr9	10890000	10900000	0.532664179954493	10895000
chr9	10900000	10910000	0.5509280133083221	10905000
chr9	10910000	10920000	0.5197261561717544	10915000
chr9	10920000	10930000	0.2960114560535769	10925000
chr9	10930000	10940000	0.5160327408261246	10935000
chr9	10940000	10950000	0.6810603469789839	10945000
chr9	10950000	10960000	0.7557136968958179	10955000
chr9	10960000	10970000	0.9624703526433621	10965000
chr9	10970000	10980000	0.5942570458519969	10975000
chr9	10980000	10990000	0.7435425363183654	10985000
chr9	10990000	11000000	1.0585748019800443	10995000
chr9	11000000	11010000	2.373512773872969	11005000
chr9	11010000	11020000	4.401488180447365	11015000
chr9	11020000	11030000	5.625081623795508	11025000
chr9	11030000	11040000	6.169889951282066	11035000
chr9	11040000	11050000	3.1490233090848223	11045000
chr9	11050000	11060000	3.040341659383442	11055000
chr9	11060000	11070000	3.8451194840915766	11065000
chr9	11070000	11080000	3.892377663294877	11075000
chr9	11080000	11090000	10.307237797572057	11085000
chr9	11090000	11100000	3.1627436195450542	11095000
chr9	11100000	11110000	4.136975019775579	11105000
chr9	11110000	11120000	2.49972983923979	11115000
chr9	11120000	11130000	1.6346653337863095	11125000
chr9	11130000	11140000	2.853042450689349	11135000
chr9	11140000	11150000	3.6807623950500177	11145000
chr9	11150000	11160000	3.1900010709450903	11155000
chr9	11160000	11170000	3.897557368368574	11165000
chr9	11170000	11180000	3.5711569243577705	11175000
chr9	11180000	11190000	3.622810616371764	11185000
chr9	11190000	11200000	7.009994096488821	11195000
chr9	11200000	11210000	3.6642582747175543	11205000
chr9	11210000	11220000	3.3115383026790792	11215000
chr9	11220000	11230000	12.473880735054427	11225000
chr9	11230000	11240000	5.994289738492314	11235000
chr9	11240000	11250000	3.1018391021050213	11245000
chr9	11250000	11260000	7.337480086776513	11255000
chr9	11260000	11270000	2.7002086660430393	11265000
chr9	11270000	11280000	1.4423591166077883	11275000
chr9	11280000	11290000	3.3088136881528567	11285000
chr9	11290000	11300000	4.197046062881958	11295000
chr9	11300000	11310000	7.613745282751192	11305000
chr9	11310000	11320000	7.123230880851208	11315000
chr9	11320000	11330000	4.185143543524654	11325000
chr9	11330000	11340000	3.2015643562606666	11335000
chr9	11340000	11350000	2.5829035968933276	11345000
chr9	11350000	11360000	2.4498736396284464	11355000
chr9	11360000	11370000	2.636544234297791	11365000
chr9	11370000	11380000	3.9749248401857424	11375000
chr9	11380000	11390000	4.24964444823306	11385000
chr9	11390000	11400000	3.1972716595779804	11395000
chr9	11400000	11410000	7.921014231019489	11405000
chr9	11410000	11420000	3.213489583187803	11415000
chr9	11420000	11430000	6.625613065113863	11425000
chr9	11430000	11440000	5.19703632993697	11435000
chr9	11440000	11450000	6.67934908487273	11445000
chr9	11450000	11460000	2.8480464197154594	11455000
chr9	11460000	11470000	2.619147753585194	11465000
chr9	11470000	11480000	2.9401031643071867	11475000
chr9	11480000	11490000	5.051601195322288	11485000
chr9	11490000	11500000	4.853541107575881	11495000
chr9	11500000	11510000	7.616582117224499	11505000
chr9	11510000	11520000	4.50332835055829	11515000
chr9	11520000	11530000	3.4100329221565513	11525000
chr9	11530000	11540000	4.226799806481515	11535000
chr9	11540000	11550000	2.3697371996056016	11545000
chr9	11550000	11560000	2.4429462808322153	11555000
chr9	11560000	11570000	2.566300063692774	11565000
chr9	11570000	11580000	3.026719465852169	11575000
chr9	11580000	11590000	11.882417948758135	11585000
chr9	11590000	11600000	8.634271413054442	11595000
chr9	11600000	11610000	7.374270127908598	11605000
chr9	11610000	11620000	7.422357733943659	11615000
chr9	11620000	11630000	5.729769740104134	11625000
chr9	11630000	11640000	5.060161986957737	11635000
chr9	11640000	11650000	5.085672046863982	11645000
chr9	11650000	11660000	6.511865241112902	11655000
chr9	11660000	11670000	7.782966608755217	11665000
chr9	11670000	11680000	7.7938441438956225	11675000
chr9	11680000	11690000	6.867995537945917	11685000
chr9	11690000	11700000	17.816414480468513	11695000
chr9	11700000	11710000	16.889621482645744	11705000
chr9	11710000	11720000	13.878660385183009	11715000
chr9	11720000	11730000	19.592706992455888	11725000
chr9	11730000	11740000	14.150515398036415	11735000
chr9	11740000	11750000	12.068112459172193	11745000
chr9	11750000	11760000	8.156162873290045	11755000
chr9	11760000	11770000	8.279194537154073	11765000
chr9	11770000	11780000	10.319555001518307	11775000
chr9	11780000	11790000	8.403630421187218	11785000
chr9	11790000	11800000	11.157223138540317	11795000
chr9	11800000	11810000	12.287730348086098	11805000
chr9	11810000	11820000	15.05634113474981	11815000
chr9	11820000	11830000	9.595286472975738	11825000
chr9	11830000	11840000	11.297756799633149	11835000
chr9	11840000	11850000	9.611759154537513	11845000
chr9	11850000	11860000	4.931540311239424	11855000
chr9	11860000	11870000	8.547985499275395	11865000
chr9	11870000	11880000	4.900539087940895	11875000
chr9	11880000	11890000	6.649595000091122	11885000
chr9	11890000	11900000	3.920606957533984	11895000
chr9	11900000	11910000	6.294716631284605	11905000
chr9	11910000	11920000	14.341819239309814	11915000
chr9	11920000	11930000	8.61584935264625	11925000
chr9	11930000	11940000	6.68335078332071	11935000
chr9	11940000	11950000	4.751310172827457	11945000
chr9	11950000	11960000	4.401542058197698	11955000
chr9	11960000	11970000	6.15341273144088	11965000
chr9	11970000	11980000	6.903803364887483	11975000
chr9	11980000	11990000	6.381222716131672	11985000
chr9	11990000	12000000	4.971001289070522	11995000
chr9	12000000	12010000	11.633256360763768	12005000
chr9	12010000	12020000	7.272585969240658	12015000
chr9	12020000	12030000	15.357546779438769	12025000
chr9	12030000	12040000	12.268295419552018	12035000
chr9	12040000	12050000	7.374355847059199	12045000
chr9	12050000	12060000	7.991050920673231	12055000
chr9	12060000	12070000	4.712841285332524	12065000
chr9	12070000	12080000	10.008568816739002	12075000
chr9	12080000	12090000	16.394286045868697	12085000
chr9	12090000	12100000	6.71706108457847	12095000
chr9	12100000	12110000	6.424380992145728	12105000
chr9	12110000	12120000	7.3308939597973515	12115000
chr9	12120000	12130000	11.164809198823308	12125000
chr9	12130000	12140000	9.469691654092241	12135000
chr9	12140000	12150000	25.531540663309006	12145000
chr9	12150000	12160000	24.551497699401978	12155000
chr9	12160000	12170000	5.854825549043188	12165000
chr9	12170000	12180000	7.166112123530609	12175000
chr9	12180000	12190000	11.963016404447984	12185000
chr9	12190000	12200000	7.50591655845326	12195000
chr9	12200000	12210000	8.538411618821499	12205000
chr9	12210000	12220000	9.245046388116599	12215000
chr9	12220000	12230000	8.249979904046022	12225000
chr9	12230000	12240000	7.605718450686486	12235000
chr9	12240000	12250000	9.997595683861151	12245000
chr9	12250000	12260000	9.460953046050445	12255000
chr9	12260000	12270000	8.50481208401759	12265000
chr9	12270000	12280000	8.37149285544308	12275000
chr9	12280000	12290000	15.821114944186059	12285000
chr9	12290000	12300000	7.705035069422943	12295000
chr9	12300000	12310000	12.195911909084916	12305000
chr9	12310000	12320000	8.219210252717753	12315000
chr9	12320000	12330000	7.2376830143152455	12325000
chr9	12330000	12340000	23.451609177433973	12335000
chr9	12340000	12350000	2.997139947274089	12345000
chr9	12350000	12360000	2.466211469472629	12355000
chr9	12360000	12370000	3.2333245360855094	12365000
chr9	12370000	12380000	2.9458797587732164	12375000
chr9	12380000	12390000	2.5090381258594205	12385000
chr9	12390000	12400000	4.901761277333306	12395000
chr9	12400000	12410000	5.148264741840181	12405000
chr9	12410000	12420000	5.0494863357640485	12415000
chr9	12420000	12430000	5.034833210684483	12425000
chr9	12430000	12440000	4.427478865690177	12435000
chr9	12440000	12450000	5.2046123346968844	12445000
chr9	12450000	12460000	4.61805418496128	12455000
chr9	12460000	12470000	4.6326680504503495	12465000
chr9	12470000	12480000	4.614626078076781	12475000
chr9	12480000	12490000	4.967984341012218	12485000
chr9	12490000	12500000	5.330996532739568	12495000
chr9	12500000	12510000	4.897153636589454	12505000
chr9	12510000	12520000	6.093319531788453	12515000
chr9	12520000	12530000	8.716109413567732	12525000
chr9	12530000	12540000	7.32604034461861	12535000
chr9	12540000	12550000	7.057310521591076	12545000
chr9	12550000	12560000	8.500332750584096	12555000
chr9	12560000	12570000	8.382731312821686	12565000
chr9	12570000	12580000	8.696208045649366	12575000
chr9	12580000	12590000	9.03525978331523	12585000
chr9	12590000	12600000	10.29363012741332	12595000
chr9	12600000	12610000	14.558059592879763	12605000
chr9	12610000	12620000	24.10388216543583	12615000
chr9	12620000	12630000	17.541277665726476	12625000
chr9	12630000	12640000	25.767081704055023	12635000
chr9	12640000	12650000	16.058023504502103	12645000
chr9	12650000	12660000	7.76467163805423	12655000
chr9	12660000	12670000	7.1671081189815915	12665000
chr9	12670000	12680000	8.104452615294031	12675000
chr9	12680000	12690000	9.847107248683885	12685000
chr9	12690000	12700000	14.872136206094385	12695000
chr9	12700000	12710000	8.944842197425288	12705000
chr9	12710000	12720000	14.50950049045016	12715000
chr9	12720000	12730000	9.150199455173148	12725000
chr9	12730000	12740000	5.445360641924592	12735000
chr9	12740000	12750000	6.827426635672566	12745000
chr9	12750000	12760000	7.9446284656891875	12755000
chr9	12760000	12770000	9.568375166574947	12765000
chr9	12770000	12780000	8.239422598620045	12775000
chr9	12780000	12790000	7.922603129059914	12785000
chr9	12790000	12800000	5.710028991128582	12795000
chr9	12800000	12810000	10.156907409548419	12805000
chr9	12810000	12820000	8.440958110618173	12815000
chr9	12820000	12830000	7.890161907713586	12825000
chr9	12830000	12840000	17.135261166856736	12835000
chr9	12840000	12850000	17.42220832073188	12845000
chr9	12850000	12860000	14.911655093265093	12855000
chr9	12860000	12870000	15.020429108594502	12865000
chr9	12870000	12880000	9.991331449764292	12875000
chr9	12880000	12890000	7.578444061260228	12885000
chr9	12890000	12900000	5.605120600955234	12895000
chr9	12900000	12910000	14.031002933265931	12905000
chr9	12910000	12920000	6.156899953665049	12915000
chr9	12920000	12930000	12.90055732655829	12925000
chr9	12930000	12940000	11.345268363752211	12935000
chr9	12940000	12950000	14.417917242067226	12945000
chr9	12950000	12960000	19.66610562817031	12955000
chr9	12960000	12970000	14.375540247311603	12965000
chr9	12970000	12980000	7.196607223880679	12975000
chr9	12980000	12990000	7.9927010795676745	12985000
chr9	12990000	13000000	8.241182369895766	12995000
chr9	13000000	13010000	8.916117600004496	13005000
chr9	13010000	13020000	11.7091817125867	13015000
chr9	13020000	13030000	12.232612846428129	13025000
chr9	13030000	13040000	10.986354502786913	13035000
chr9	13040000	13050000	6.649759454812865	13045000
chr9	13050000	13060000	9.957469941421213	13055000
chr9	13060000	13070000	5.476843399866132	13065000
chr9	13070000	13080000	3.010780960182259	13075000
chr9	13080000	13090000	5.051378129139335	13085000
chr9	13090000	13100000	9.245671833183348	13095000
chr9	13100000	13110000	11.373019580422813	13105000
chr9	13110000	13120000	8.960232662521118	13115000
chr9	13120000	13130000	9.816395678071242	13125000
chr9	13130000	13140000	11.533518066967979	13135000
chr9	13140000	13150000	11.549062117174685	13145000
chr9	13150000	13160000	6.073448283412892	13155000
chr9	13160000	13170000	6.8501951494561215	13165000
chr9	13170000	13180000	9.906126777851451	13175000
chr9	13180000	13190000	11.809413138670944	13185000
chr9	13190000	13200000	7.886080630002941	13195000
chr9	13200000	13210000	5.752571755413452	13205000
chr9	13210000	13220000	6.145270032126278	13215000
chr9	13220000	13230000	20.544043542138326	13225000
chr9	13230000	13240000	9.584994558933586	13235000
chr9	13240000	13250000	9.902605433524718	13245000
chr9	13250000	13260000	18.967796335953146	13255000
chr9	13260000	13270000	23.939256075573084	13265000
chr9	13270000	13280000	14.610396660784238	13275000
chr9	13280000	13290000	7.507519061977097	13285000
chr9	13290000	13300000	8.943235945799703	13295000
chr9	13300000	13310000	7.896762350981837	13305000
chr9	13310000	13320000	7.487869457800989	13315000
chr9	13320000	13330000	7.556752063385429	13325000
chr9	13330000	13340000	3.4087811126913206	13335000
chr9	13340000	13350000	2.5365662823245736	13345000
chr9	13350000	13360000	10.670478699453792	13355000
chr9	13360000	13370000	6.325998394013925	13365000
chr9	13370000	13380000	8.137237708349039	13375000
chr9	13380000	13390000	9.9455705652607	13385000
chr9	13390000	13400000	7.655388511842697	13395000
chr9	13400000	13410000	7.718026169879353	13405000
chr9	13410000	13420000	10.030686872652861	13415000
chr9	13420000	13430000	12.291011670057951	13425000
chr9	13430000	13440000	13.208091379050671	13435000
chr9	13440000	13450000	6.1243450412175	13445000
chr9	13450000	13460000	5.5756598968280855	13455000
chr9	13460000	13470000	16.141133959946558	13465000
chr9	13470000	13480000	16.872460894584428	13475000
chr9	13480000	13490000	8.354235618260748	13485000
chr9	13490000	13500000	5.444851588726406	13495000
chr9	13500000	13510000	11.881473780843873	13505000
chr9	13510000	13520000	11.597745592729199	13515000
chr9	13520000	13530000	6.316690518586715	13525000
chr9	13530000	13540000	6.172639091103087	13535000
chr9	13540000	13550000	7.9930675705797105	13545000
chr9	13550000	13560000	11.06741589766787	13555000
chr9	13560000	13570000	6.078957708245395	13565000
chr9	13570000	13580000	5.378736379730104	13575000
chr9	13580000	13590000	4.2465830890416045	13585000
chr9	13590000	13600000	4.974509311058649	13595000
chr9	13600000	13610000	4.561065526708267	13605000
chr9	13610000	13620000	4.45723089792128	13615000
chr9	13620000	13630000	6.973473712597826	13625000
chr9	13630000	13640000	4.266601596387006	13635000
chr9	13640000	13650000	3.876805661255662	13645000
chr9	13650000	13660000	10.910706930812049	13655000
chr9	13660000	13670000	8.345507522042556	13665000
chr9	13670000	13680000	8.459356365927594	13675000
chr9	13680000	13690000	8.209518357402073	13685000
chr9	13690000	13700000	8.62651941981796	13695000
chr9	13700000	13710000	6.599874828262576	13705000
chr9	13710000	13720000	9.204412427675523	13715000
chr9	13720000	13730000	6.536187724291054	13725000
chr9	13730000	13740000	4.685613661535994	13735000
chr9	13740000	13750000	4.790552335052453	13745000
chr9	13750000	13760000	2.9252484806603944	13755000
chr9	13760000	13770000	2.6848069622239414	13765000
chr9	13770000	13780000	7.089187600622032	13775000
chr9	13780000	13790000	6.736393196926166	13785000
chr9	13790000	13800000	3.3220704801420773	13795000
chr9	13800000	13810000	2.1005658412185872	13805000
chr9	13810000	13820000	2.529773096837196	13815000
chr9	13820000	13830000	5.303867416769684	13825000
chr9	13830000	13840000	3.4057450932354465	13835000
chr9	13840000	13850000	3.482171919280077	13845000
chr9	13850000	13860000	7.850443710744214	13855000
chr9	13860000	13870000	5.769982093025184	13865000
chr9	13870000	13880000	2.327487571306996	13875000
chr9	13880000	13890000	4.701831235522735	13885000
chr9	13890000	13900000	1.9629305592639303	13895000
chr9	13900000	13910000	2.2283017116066324	13905000
chr9	13910000	13920000	7.390110217769153	13915000
chr9	13920000	13930000	2.1004876883414787	13925000
chr9	13930000	13940000	1.3062731289794918	13935000
chr9	13940000	13950000	3.082089716990141	13945000
chr9	13950000	13960000	1.5277384667093394	13955000
chr9	13960000	13970000	2.9768547803393512	13965000
chr9	13970000	13980000	2.144998293712137	13975000
chr9	13980000	13990000	1.813747565457548	13985000
chr9	13990000	14000000	5.784481974956434	13995000
chr9	14000000	14010000	6.069838753719322	14005000
chr9	14010000	14020000	6.367389107145138	14015000
chr9	14020000	14030000	6.685399490203137	14025000
chr9	14030000	14040000	3.665362542775726	14035000
chr9	14040000	14050000	4.80221219896507	14045000
chr9	14050000	14060000	3.580619307313479	14055000
chr9	14060000	14070000	3.136318278594007	14065000
chr9	14070000	14080000	2.4546683997116197	14075000
chr9	14080000	14090000	2.3034401069347643	14085000
chr9	14090000	14100000	1.520476529760142	14095000
chr9	14100000	14110000	1.9122604751610714	14105000
chr9	14110000	14120000	2.0234750522800122	14115000
chr9	14120000	14130000	1.8568105767257843	14125000
chr9	14130000	14140000	1.8081337236563821	14135000
chr9	14140000	14150000	3.0130045926971545	14145000
chr9	14150000	14160000	1.63683852632263	14155000
chr9	14160000	14170000	1.033669113546756	14165000
chr9	14170000	14180000	1.0211266832795176	14175000
chr9	14180000	14190000	1.325511620014265	14185000
chr9	14190000	14200000	1.2233047732800146	14195000
chr9	14200000	14210000	0.9386383905387197	14205000
chr9	14210000	14220000	0.9780427738105816	14215000
chr9	14220000	14230000	0.8545465514917795	14225000
chr9	14230000	14240000	0.8641103882448115	14235000
chr9	14240000	14250000	2.961407033961836	14245000
chr9	14250000	14260000	7.760006306334246	14255000
chr9	14260000	14270000	7.319878422775568	14265000
chr9	14270000	14280000	2.3347475333870378	14275000
chr9	14280000	14290000	4.171290928539364	14285000
chr9	14290000	14300000	8.787125995745159	14295000
chr9	14300000	14310000	5.1409522012047075	14305000
chr9	14310000	14320000	2.3832624196537258	14315000
chr9	14320000	14330000	0.8429594688868917	14325000
chr9	14330000	14340000	2.7910777126895767	14335000
chr9	14340000	14350000	1.6369002636003522	14345000
chr9	14350000	14360000	1.2923032192475017	14355000
chr9	14360000	14370000	0.8734900072045477	14365000
chr9	14370000	14380000	1.2100067075336596	14375000
chr9	14380000	14390000	1.221472305376066	14385000
chr9	14390000	14400000	1.3140091867851846	14395000
chr9	14400000	14410000	3.746467248667174	14405000
chr9	14410000	14420000	3.3310870440664044	14415000
chr9	14420000	14430000	3.453306728867161	14425000
chr9	14430000	14440000	2.620670212951864	14435000
chr9	14440000	14450000	3.0930759540416983	14445000
chr9	14450000	14460000	2.4011094157680852	14455000
chr9	14460000	14470000	2.4540692415947833	14465000
chr9	14470000	14480000	2.196794223924623	14475000
chr9	14480000	14490000	2.968043875489639	14485000
chr9	14490000	14500000	1.3868746545780142	14495000
chr9	14500000	14510000	1.961609748517222	14505000
chr9	14510000	14520000	1.0711167616104234	14515000
chr9	14520000	14530000	4.125963297296753	14525000
chr9	14530000	14540000	5.2909108023441425	14535000
chr9	14540000	14550000	5.0391421841353	14545000
chr9	14550000	14560000	4.722203373501306	14555000
chr9	14560000	14570000	6.339852694402475	14565000
chr9	14570000	14580000	3.4614101363401955	14575000
chr9	14580000	14590000	7.883706790749729	14585000
chr9	14590000	14600000	6.325645120879811	14595000
chr9	14600000	14610000	1.4159510927187757	14605000
chr9	14610000	14620000	0.9812946389341698	14615000
chr9	14620000	14630000	1.4101037697707028	14625000
chr9	14630000	14640000	0.8747104596427735	14635000
chr9	14640000	14650000	1.5070520666571992	14645000
chr9	14650000	14660000	1.2993686818389645	14655000
chr9	14660000	14670000	1.4040957915722792	14665000
chr9	14670000	14680000	1.7914151332202766	14675000
chr9	14680000	14690000	4.350234077520701	14685000
chr9	14690000	14700000	3.2295098261697173	14695000
chr9	14700000	14710000	2.631219164174885	14705000
chr9	14710000	14720000	4.127050677257081	14715000
chr9	14720000	14730000	3.465410615387222	14725000
chr9	14730000	14740000	3.1872003416968724	14735000
chr9	14740000	14750000	1.8580468147576623	14745000
chr9	14750000	14760000	5.720236453022323	14755000
chr9	14760000	14770000	7.101088124411819	14765000
chr9	14770000	14780000	5.747269705086732	14775000
chr9	14780000	14790000	7.322545563375218	14785000
chr9	14790000	14800000	8.997957361331416	14795000
chr9	14800000	14810000	4.522845638060674	14805000
chr9	14810000	14820000	4.00985087567269	14815000
chr9	14820000	14830000	10.36933473855912	14825000
chr9	14830000	14840000	4.434504012923012	14835000
chr9	14840000	14850000	4.506810956469808	14845000
chr9	14850000	14860000	9.867780095822352	14855000
chr9	14860000	14870000	12.044769543199669	14865000
chr9	14870000	14880000	8.064499785117345	14875000
chr9	14880000	14890000	7.550656484731687	14885000
chr9	14890000	14900000	7.771412760399864	14895000
chr9	14900000	14910000	10.46897390685656	14905000
chr9	14910000	14920000	6.620544271408403	14915000
chr9	14920000	14930000	6.308922327758508	14925000
chr9	14930000	14940000	5.805423660969748	14935000
chr9	14940000	14950000	6.912105191991947	14945000
chr9	14950000	14960000	8.737894722220094	14955000
chr9	14960000	14970000	7.588939569114158	14965000
chr9	14970000	14980000	9.476897468156686	14975000
chr9	14980000	14990000	8.360257029822325	14985000
chr9	14990000	15000000	5.939976980982543	14995000
chr9	15000000	15010000	9.02822849216862	15005000
chr9	15010000	15020000	8.877741109942368	15015000
chr9	15020000	15030000	10.489217652443848	15025000
chr9	15030000	15040000	18.431920011235835	15035000
chr9	15040000	15050000	10.492398392727093	15045000
chr9	15050000	15060000	3.096554865495451	15055000
chr9	15060000	15070000	2.03976837919204	15065000
chr9	15070000	15080000	2.480154832934681	15075000
chr9	15080000	15090000	4.333814686310628	15085000
chr9	15090000	15100000	3.237253804956695	15095000
chr9	15100000	15110000	6.1546486625424786	15105000
chr9	15110000	15120000	7.441132080343255	15115000
chr9	15120000	15130000	8.725388622767658	15125000
chr9	15130000	15140000	10.16170171165633	15135000
chr9	15140000	15150000	7.2110336945280595	15145000
chr9	15150000	15160000	6.975218915889929	15155000
chr9	15160000	15170000	6.560892329299678	15165000
chr9	15170000	15180000	8.061306329895217	15175000
chr9	15180000	15190000	7.8285184377468005	15185000
chr9	15190000	15200000	7.0416273552168	15195000
chr9	15200000	15210000	8.713996341285705	15205000
chr9	15210000	15220000	8.247758580139056	15215000
chr9	15220000	15230000	7.043096238638723	15225000
chr9	15230000	15240000	5.496275304932295	15235000
chr9	15240000	15250000	7.126243191562278	15245000
chr9	15250000	15260000	7.783521897318788	15255000
chr9	15260000	15270000	6.731368789483563	15265000
chr9	15270000	15280000	6.1586871905018725	15275000
chr9	15280000	15290000	8.393331016238516	15285000
chr9	15290000	15300000	6.813644668589832	15295000
chr9	15300000	15310000	6.310848143033967	15305000
chr9	15310000	15320000	7.4831216321627165	15315000
chr9	15320000	15330000	7.112761915683746	15325000
chr9	15330000	15340000	5.264502445934447	15335000
chr9	15340000	15350000	7.344509762054493	15345000
chr9	15350000	15360000	6.288687469605357	15355000
chr9	15360000	15370000	6.645433869381284	15365000
chr9	15370000	15380000	8.247435265282991	15375000
chr9	15380000	15390000	5.908005087644587	15385000
chr9	15390000	15400000	6.45062200975545	15395000
chr9	15400000	15410000	8.906140540374189	15405000
chr9	15410000	15420000	6.285655804467081	15415000
chr9	15420000	15430000	5.250002184745507	15425000
chr9	15430000	15440000	5.925332925228091	15435000
chr9	15440000	15450000	8.856915863262552	15445000
chr9	15450000	15460000	11.432523304557181	15455000
chr9	15460000	15470000	9.171054570572348	15465000
chr9	15470000	15480000	7.807192768520925	15475000
chr9	15480000	15490000	12.309828029600194	15485000
chr9	15490000	15500000	13.867692064365182	15495000
chr9	15500000	15510000	12.489491339052305	15505000
chr9	15510000	15520000	7.704041777592608	15515000
chr9	15520000	15530000	4.443149883296552	15525000
chr9	15530000	15540000	0.9486267294116317	15535000
chr9	15540000	15550000	1.5330394553640283	15545000
chr9	15550000	15560000	1.1901810995579951	15555000
chr9	15560000	15570000	2.7890135237017066	15565000
chr9	15570000	15580000	6.279122968380453	15575000
chr9	15580000	15590000	2.0023428494139717	15585000
chr9	15590000	15600000	4.058342293276282	15595000
chr9	15600000	15610000	7.408088361091704	15605000
chr9	15610000	15620000	2.285683276661841	15615000
chr9	15620000	15630000	5.4299505334494595	15625000
chr9	15630000	15640000	2.7334537164443033	15635000
chr9	15640000	15650000	7.221161219734768	15645000
chr9	15650000	15660000	4.3744906911502035	15655000
chr9	15660000	15670000	4.453237191918266	15665000
chr9	15670000	15680000	2.0640380256827857	15675000
chr9	15680000	15690000	4.8200563181329	15685000
chr9	15690000	15700000	5.033308408207851	15695000
chr9	15700000	15710000	7.874075053265972	15705000
chr9	15710000	15720000	7.291879199654931	15715000
chr9	15720000	15730000	4.0545477559428695	15725000
chr9	15730000	15740000	17.754668836890286	15735000
chr9	15740000	15750000	7.173781541233095	15745000
chr9	15750000	15760000	6.017977551854048	15755000
chr9	15760000	15770000	10.201990903696656	15765000
chr9	15770000	15780000	6.117614178828049	15775000
chr9	15780000	15790000	4.478640534385066	15785000
chr9	15790000	15800000	6.190164798832659	15795000
chr9	15800000	15810000	8.188037188617777	15805000
chr9	15810000	15820000	4.9825576632765545	15815000
chr9	15820000	15830000	6.916707355929956	15825000
chr9	15830000	15840000	5.893599205548734	15835000
chr9	15840000	15850000	5.930499488077023	15845000
chr9	15850000	15860000	10.03768034677186	15855000
chr9	15860000	15870000	6.903969893129742	15865000
chr9	15870000	15880000	4.439295329792363	15875000
chr9	15880000	15890000	7.015638246937191	15885000
chr9	15890000	15900000	9.652593330213787	15895000
chr9	15900000	15910000	5.23486804493539	15905000
chr9	15910000	15920000	5.928948189356301	15915000
chr9	15920000	15930000	6.5009664305292	15925000
chr9	15930000	15940000	5.135443456192277	15935000
chr9	15940000	15950000	4.114486445486883	15945000
chr9	15950000	15960000	4.170951670641886	15955000
chr9	15960000	15970000	10.321329307691139	15965000
chr9	15970000	15980000	6.277931940819525	15975000
chr9	15980000	15990000	3.4019693415355245	15985000
chr9	15990000	16000000	3.936736910277663	15995000
chr9	16000000	16010000	7.356970362971009	16005000
chr9	16010000	16020000	9.666760400748466	16015000
chr9	16020000	16030000	5.848152812929522	16025000
chr9	16030000	16040000	7.2480351870641115	16035000
chr9	16040000	16050000	5.091104168062385	16045000
chr9	16050000	16060000	7.522611421340002	16055000
chr9	16060000	16070000	5.739899918269898	16065000
chr9	16070000	16080000	3.6423327155539487	16075000
chr9	16080000	16090000	3.3244739595126234	16085000
chr9	16090000	16100000	3.563637833822948	16095000
chr9	16100000	16110000	1.9627507677516014	16105000
chr9	16110000	16120000	2.6976143668247503	16115000
chr9	16120000	16130000	1.7242694563914767	16125000
chr9	16130000	16140000	3.927579195057582	16135000
chr9	16140000	16150000	2.78473782906601	16145000
chr9	16150000	16160000	12.754921269823813	16155000
chr9	16160000	16170000	2.327941599089303	16165000
chr9	16170000	16180000	2.709461276141085	16175000
chr9	16180000	16190000	3.5333921861735225	16185000
chr9	16190000	16200000	1.464131712903634	16195000
chr9	16200000	16210000	1.988225073168481	16205000
chr9	16210000	16220000	1.63343407263361	16215000
chr9	16220000	16230000	2.508655375826972	16225000
chr9	16230000	16240000	2.5659951225699724	16235000
chr9	16240000	16250000	6.127207874296852	16245000
chr9	16250000	16260000	1.9179705339208526	16255000
chr9	16260000	16270000	2.3869121953996255	16265000
chr9	16270000	16280000	2.3993086832265282	16275000
chr9	16280000	16290000	2.0734598172268486	16285000
chr9	16290000	16300000	0.9167208754015544	16295000
chr9	16300000	16310000	1.8321740171993368	16305000
chr9	16310000	16320000	6.262058922861612	16315000
chr9	16320000	16330000	0.8510082690212224	16325000
chr9	16330000	16340000	0.814221439396267	16335000
chr9	16340000	16350000	1.126011101099538	16345000
chr9	16350000	16360000	1.695523695845745	16355000
chr9	16360000	16370000	5.88174399017814	16365000
chr9	16370000	16380000	3.1431268708156144	16375000
chr9	16380000	16390000	2.5993919991961447	16385000
chr9	16390000	16400000	4.619246486729051	16395000
chr9	16400000	16410000	2.562552043462984	16405000
chr9	16410000	16420000	0.7124338719602229	16415000
chr9	16420000	16430000	0.2799136902611119	16425000
chr9	16430000	16440000	0.3177768274116044	16435000
chr9	16440000	16450000	2.8706162929498413	16445000
chr9	16450000	16460000	1.0321501369855721	16455000
chr9	16460000	16470000	2.1091854815074758	16465000
chr9	16470000	16480000	10.122136624976955	16475000
chr9	16480000	16490000	3.5224212494788016	16485000
chr9	16490000	16500000	7.931716489678671	16495000
chr9	16500000	16510000	3.975002966147393	16505000
chr9	16510000	16520000	5.7714500500199515	16515000
chr9	16520000	16530000	5.310044319959507	16525000
chr9	16530000	16540000	4.8321391774275115	16535000
chr9	16540000	16550000	2.8296143592968366	16545000
chr9	16550000	16560000	5.676537715626068	16555000
chr9	16560000	16570000	9.84021020003057	16565000
chr9	16570000	16580000	4.403847482175235	16575000
chr9	16580000	16590000	4.719260435009146	16585000
chr9	16590000	16600000	6.9059109131383085	16595000
chr9	16600000	16610000	6.594619475860959	16605000
chr9	16610000	16620000	3.6501519216833724	16615000
chr9	16620000	16630000	3.9846349946030006	16625000
chr9	16630000	16640000	4.414890440875835	16635000
chr9	16640000	16650000	2.0047729057719623	16645000
chr9	16650000	16660000	2.140351508415116	16655000
chr9	16660000	16670000	2.0050102961196883	16665000
chr9	16670000	16680000	2.003976525503492	16675000
chr9	16680000	16690000	3.852773740587573	16685000
chr9	16690000	16700000	2.848969316473422	16695000
chr9	16700000	16710000	11.527677570489153	16705000
chr9	16710000	16720000	4.213195437554343	16715000
chr9	16720000	16730000	1.9395837998808552	16725000
chr9	16730000	16740000	2.3451891781322654	16735000
chr9	16740000	16750000	3.514028743576278	16745000
chr9	16750000	16760000	4.669123705831971	16755000
chr9	16760000	16770000	3.025564399730205	16765000
chr9	16770000	16780000	4.611079519351458	16775000
chr9	16780000	16790000	10.288359993312774	16785000
chr9	16790000	16800000	6.669882852664229	16795000
chr9	16800000	16810000	6.2994711967292645	16805000
chr9	16810000	16820000	3.1128573608281545	16815000
chr9	16820000	16830000	3.0866493822799597	16825000
chr9	16830000	16840000	2.895485517058785	16835000
chr9	16840000	16850000	4.393937492910372	16845000
chr9	16850000	16860000	4.398723791558446	16855000
chr9	16860000	16870000	3.20884341487038	16865000
chr9	16870000	16880000	5.037140304518276	16875000
chr9	16880000	16890000	2.122779298162853	16885000
chr9	16890000	16900000	4.229158133039235	16895000
chr9	16900000	16910000	2.648766631838577	16905000
chr9	16910000	16920000	2.3309391482605832	16915000
chr9	16920000	16930000	2.0858096275884574	16925000
chr9	16930000	16940000	2.3088355834358487	16935000
chr9	16940000	16950000	0.7441872285261202	16945000
chr9	16950000	16960000	1.4497072509594595	16955000
chr9	16960000	16970000	1.8870741871267067	16965000
chr9	16970000	16980000	1.894633645337801	16975000
chr9	16980000	16990000	2.3825186438248114	16985000
chr9	16990000	17000000	5.826847702049441	16995000
chr9	17000000	17010000	3.0044665797259467	17005000
chr9	17010000	17020000	1.3175518697499518	17015000
chr9	17020000	17030000	1.713828894876693	17025000
chr9	17030000	17040000	2.5628890650609955	17035000
chr9	17040000	17050000	3.1906101527832766	17045000
chr9	17050000	17060000	0.9968576438566202	17055000
chr9	17060000	17070000	1.7580286032030865	17065000
chr9	17070000	17080000	2.7617571329981825	17075000
chr9	17080000	17090000	1.7554140172728039	17085000
chr9	17090000	17100000	1.980307024346813	17095000
chr9	17100000	17110000	2.2598527003472126	17105000
chr9	17110000	17120000	2.1330818151762276	17115000
chr9	17120000	17130000	2.5351997702556437	17125000
chr9	17130000	17140000	2.2086698671852076	17135000
chr9	17140000	17150000	3.4405592634956297	17145000
chr9	17150000	17160000	1.8987105680655985	17155000
chr9	17160000	17170000	1.6552776448950832	17165000
chr9	17170000	17180000	1.396002885290792	17175000
chr9	17180000	17190000	1.5439606493615488	17185000
chr9	17190000	17200000	4.058219252076965	17195000
chr9	17200000	17210000	2.3393889767392517	17205000
chr9	17210000	17220000	2.140799706837939	17215000
chr9	17220000	17230000	1.7189174318465712	17225000
chr9	17230000	17240000	3.8797603968383676	17235000
chr9	17240000	17250000	3.4536053359958707	17245000
chr9	17250000	17260000	3.2296575043550098	17255000
chr9	17260000	17270000	1.6034278051756028	17265000
chr9	17270000	17280000	3.779182362720705	17275000
chr9	17280000	17290000	2.440321056481434	17285000
chr9	17290000	17300000	2.9408481021211936	17295000
chr9	17300000	17310000	2.771537487011745	17305000
chr9	17310000	17320000	2.0167958768033794	17315000
chr9	17320000	17330000	1.9235964099231482	17325000
chr9	17330000	17340000	1.0820496687862577	17335000
chr9	17340000	17350000	1.7869435635421127	17345000
chr9	17350000	17360000	4.795001986270186	17355000
chr9	17360000	17370000	1.135306649501793	17365000
chr9	17370000	17380000	4.3518645387858195	17375000
chr9	17380000	17390000	2.8910993279321193	17385000
chr9	17390000	17400000	1.7773480715829206	17395000
chr9	17400000	17410000	2.371178917917003	17405000
chr9	17410000	17420000	2.8063613266551277	17415000
chr9	17420000	17430000	2.0659066779686275	17425000
chr9	17430000	17440000	1.3009991348241758	17435000
chr9	17440000	17450000	1.6212792598799377	17445000
chr9	17450000	17460000	1.5960083853599496	17455000
chr9	17460000	17470000	3.114398423360073	17465000
chr9	17470000	17480000	3.6719582778889444	17475000
chr9	17480000	17490000	2.1984684419616594	17485000
chr9	17490000	17500000	3.139864870931889	17495000
chr9	17500000	17510000	14.633649814125008	17505000
chr9	17510000	17520000	1.9074972998171937	17515000
chr9	17520000	17530000	2.381930271324913	17525000
chr9	17530000	17540000	5.251469145046655	17535000
chr9	17540000	17550000	5.4980695202677925	17545000
chr9	17550000	17560000	2.1985599989459916	17555000
chr9	17560000	17570000	2.6812126369597618	17565000
chr9	17570000	17580000	2.425569736813071	17575000
chr9	17580000	17590000	1.5881248901600744	17585000
chr9	17590000	17600000	1.814567308480792	17595000
chr9	17600000	17610000	1.430095297287826	17605000
chr9	17610000	17620000	2.121897166036473	17615000
chr9	17620000	17630000	1.7786213520004914	17625000
chr9	17630000	17640000	1.273779635378822	17635000
chr9	17640000	17650000	2.562196216105608	17645000
chr9	17650000	17660000	2.6268638753279694	17655000
chr9	17660000	17670000	2.805307105344382	17665000
chr9	17670000	17680000	2.3366485481329633	17675000
chr9	17680000	17690000	2.7529012151615113	17685000
chr9	17690000	17700000	2.441665835431556	17695000
chr9	17700000	17710000	3.7091910596399247	17705000
chr9	17710000	17720000	3.1613669343242794	17715000
chr9	17720000	17730000	3.1637028541366266	17725000
chr9	17730000	17740000	6.182813536656219	17735000
chr9	17740000	17750000	3.9823541223221848	17745000
chr9	17750000	17760000	6.837777992726632	17755000
chr9	17760000	17770000	3.6209712188514085	17765000
chr9	17770000	17780000	2.5069625002636147	17775000
chr9	17780000	17790000	2.0384549337880618	17785000
chr9	17790000	17800000	1.8330327550221168	17795000
chr9	17800000	17810000	1.6268880304695603	17805000
chr9	17810000	17820000	1.5035260275601665	17815000
chr9	17820000	17830000	1.1906323759957322	17825000
chr9	17830000	17840000	1.292330767282133	17835000
chr9	17840000	17850000	2.5401825360376824	17845000
chr9	17850000	17860000	2.194877355173542	17855000
chr9	17860000	17870000	1.7555727721889398	17865000
chr9	17870000	17880000	1.7892075547870419	17875000
chr9	17880000	17890000	0.8454809737257182	17885000
chr9	17890000	17900000	1.138676905614626	17895000
chr9	17900000	17910000	1.402319635737451	17905000
chr9	17910000	17920000	2.899524502999174	17915000
chr9	17920000	17930000	1.633649943961642	17925000
chr9	17930000	17940000	1.9108312065559776	17935000
chr9	17940000	17950000	1.375891671492681	17945000
chr9	17950000	17960000	1.4001981632797877	17955000
chr9	17960000	17970000	2.6814264724023054	17965000
chr9	17970000	17980000	1.0410509686040275	17975000
chr9	17980000	17990000	0.8561241166931896	17985000
chr9	17990000	18000000	1.7268252873897467	17995000
chr9	18000000	18010000	3.431268737717552	18005000
chr9	18010000	18020000	4.325723902364473	18015000
chr9	18020000	18030000	1.5079437039850734	18025000
chr9	18030000	18040000	2.3643898774127243	18035000
chr9	18040000	18050000	1.9766327603318878	18045000
chr9	18050000	18060000	2.3250103964314204	18055000
chr9	18060000	18070000	1.5896818914470587	18065000
chr9	18070000	18080000	3.648483895486771	18075000
chr9	18080000	18090000	3.382975095420311	18085000
chr9	18090000	18100000	3.488880208582454	18095000
chr9	18100000	18110000	4.732131484993357	18105000
chr9	18110000	18120000	2.7219136156057515	18115000
chr9	18120000	18130000	1.0937168744305528	18125000
chr9	18130000	18140000	1.914245883714376	18135000
chr9	18140000	18150000	1.9692262105591805	18145000
chr9	18150000	18160000	1.4341913059760367	18155000
chr9	18160000	18170000	2.710932907673594	18165000
chr9	18170000	18180000	4.186135123826525	18175000
chr9	18180000	18190000	4.41064562174214	18185000
chr9	18190000	18200000	3.7860068394403514	18195000
chr9	18200000	18210000	3.9299403593189375	18205000
chr9	18210000	18220000	3.4354800519260604	18215000
chr9	18220000	18230000	3.8976386787139687	18225000
chr9	18230000	18240000	3.7540435869824655	18235000
chr9	18240000	18250000	1.7345918274244083	18245000
chr9	18250000	18260000	2.617497977471937	18255000
chr9	18260000	18270000	2.626124722011659	18265000
chr9	18270000	18280000	1.450872345378827	18275000
chr9	18280000	18290000	1.7234953081371909	18285000
chr9	18290000	18300000	1.1552316619223986	18295000
chr9	18300000	18310000	0.9256861338221356	18305000
chr9	18310000	18320000	0.5167796876825047	18315000
chr9	18320000	18330000	0.9791974675544936	18325000
chr9	18330000	18340000	0.8807703197356002	18335000
chr9	18340000	18350000	0.7742720304755168	18345000
chr9	18350000	18360000	0.984693200467543	18355000
chr9	18360000	18370000	0.9569641026516329	18365000
chr9	18370000	18380000	0.9720007254025913	18375000
chr9	18380000	18390000	1.7543202119306627	18385000
chr9	18390000	18400000	3.5744579606415474	18395000
chr9	18400000	18410000	1.1768153244324486	18405000
chr9	18410000	18420000	6.625976322749093	18415000
chr9	18420000	18430000	1.8728906782587957	18425000
chr9	18430000	18440000	1.1942644025556444	18435000
chr9	18440000	18450000	1.1635847305469542	18445000
chr9	18450000	18460000	1.6541404590482598	18455000
chr9	18460000	18470000	3.8716927952920224	18465000
chr9	18470000	18480000	3.3079968645901547	18475000
chr9	18480000	18490000	7.537531790607608	18485000
chr9	18490000	18500000	1.5448860415465464	18495000
chr9	18500000	18510000	8.017267693307513	18505000
chr9	18510000	18520000	0.7553329849583783	18515000
chr9	18520000	18530000	1.9358527947228863	18525000
chr9	18530000	18540000	1.3623176802136345	18535000
chr9	18540000	18550000	1.6667773880993606	18545000
chr9	18550000	18560000	1.508193825556005	18555000
chr9	18560000	18570000	1.4923844806917932	18565000
chr9	18570000	18580000	4.704230051943571	18575000
chr9	18580000	18590000	7.49113075931032	18585000
chr9	18590000	18600000	0.7743585354287676	18595000
chr9	18600000	18610000	2.8109952278762256	18605000
chr9	18610000	18620000	2.580585503126156	18615000
chr9	18620000	18630000	1.334440182370878	18625000
chr9	18630000	18640000	8.62503906901724	18635000
chr9	18640000	18650000	2.697538419461011	18645000
chr9	18650000	18660000	1.1783977052317054	18655000
chr9	18660000	18670000	1.1633410892141016	18665000
chr9	18670000	18680000	5.801983439346679	18675000
chr9	18680000	18690000	1.0784738624749788	18685000
chr9	18690000	18700000	2.9445269795701665	18695000
chr9	18700000	18710000	3.091109426682865	18705000
chr9	18710000	18720000	0.7851248927220198	18715000
chr9	18720000	18730000	0.8700140849913227	18725000
chr9	18730000	18740000	1.2107455070229263	18735000
chr9	18740000	18750000	4.97563627429987	18745000
chr9	18750000	18760000	1.321048036113445	18755000
chr9	18760000	18770000	3.374379855072306	18765000
chr9	18770000	18780000	2.830991327956045	18775000
chr9	18780000	18790000	2.662066637096157	18785000
chr9	18790000	18800000	11.556880363483161	18795000
chr9	18800000	18810000	1.3073415624586429	18805000
chr9	18810000	18820000	2.5585938260132846	18815000
chr9	18820000	18830000	2.42500395867497	18825000
chr9	18830000	18840000	3.838475942193549	18835000
chr9	18840000	18850000	5.09564225171119	18845000
chr9	18850000	18860000	0.8886937965750716	18855000
chr9	18860000	18870000	1.2490534382326874	18865000
chr9	18870000	18880000	1.722055618916302	18875000
chr9	18880000	18890000	1.5589989003464144	18885000
chr9	18890000	18900000	5.649761358246195	18895000
chr9	18900000	18910000	1.3650004008736665	18905000
chr9	18910000	18920000	1.9905389510847022	18915000
chr9	18920000	18930000	8.809084431299503	18925000
chr9	18930000	18940000	2.5224353121855447	18935000
chr9	18940000	18950000	2.159228676560089	18945000
chr9	18950000	18960000	1.733335346407443	18955000
chr9	18960000	18970000	1.682531891484823	18965000
chr9	18970000	18980000	1.2375108004896387	18975000
chr9	18980000	18990000	4.014048748597816	18985000
chr9	18990000	19000000	1.2024702852717086	18995000
chr9	19000000	19010000	1.3071324911111497	19005000
chr9	19010000	19020000	2.037591780861219	19015000
chr9	19020000	19030000	5.797568363904151	19025000
chr9	19030000	19040000	3.4886615039173385	19035000
chr9	19040000	19050000	3.396111023670297	19045000
chr9	19050000	19060000	2.4208758682002416	19055000
chr9	19060000	19070000	2.7909458743479165	19065000
chr9	19070000	19080000	8.516763755502481	19075000
chr9	19080000	19090000	1.466834814118346	19085000
chr9	19090000	19100000	2.228656924274042	19095000
chr9	19100000	19110000	2.1332157223165353	19105000
chr9	19110000	19120000	1.1630482456834772	19115000
chr9	19120000	19130000	2.2123216175054305	19125000
chr9	19130000	19140000	0.6556714604268834	19135000
chr9	19140000	19150000	1.1298798856970533	19145000
chr9	19150000	19160000	1.6305202231922957	19155000
chr9	19160000	19170000	0.9932107426254899	19165000
chr9	19170000	19180000	1.5174899935071127	19175000
chr9	19180000	19190000	0.7087402893693077	19185000
chr9	19190000	19200000	0.9952503394484108	19195000
chr9	19200000	19210000	0.2551625218807542	19205000
chr9	19210000	19220000	0.6174207600176318	19215000
chr9	19220000	19230000	0.4757911171557159	19225000
chr9	19230000	19240000	0.2682467005291693	19235000
chr9	19240000	19250000	2.7830457811957263	19245000
chr9	19250000	19260000	4.550487133847455	19255000
chr9	19260000	19270000	0.835946466732605	19265000
chr9	19270000	19280000	0.4711019552351278	19275000
chr9	19280000	19290000	1.1679735883372682	19285000
chr9	19290000	19300000	1.0198608910202442	19295000
chr9	19300000	19310000	0.9819488755816398	19305000
chr9	19310000	19320000	6.8719514336157	19315000
chr9	19320000	19330000	1.7393142985481336	19325000
chr9	19330000	19340000	0.9249062075584868	19335000
chr9	19340000	19350000	0.5036809396353238	19345000
chr9	19350000	19360000	1.271171103023035	19355000
chr9	19360000	19370000	3.0570209079173325	19365000
chr9	19370000	19380000	1.708409960247755	19375000
chr9	19380000	19390000	2.973322549562444	19385000
chr9	19390000	19400000	2.6005092654528585	19395000
chr9	19400000	19410000	13.083391009401945	19405000
chr9	19410000	19420000	2.6322685515268587	19415000
chr9	19420000	19430000	2.0806887303858494	19425000
chr9	19430000	19440000	1.768000796215692	19435000
chr9	19440000	19450000	1.4813420958561068	19445000
chr9	19450000	19460000	1.7479849195893766	19455000
chr9	19460000	19470000	1.7673392368148808	19465000
chr9	19470000	19480000	6.93571295038275	19475000
chr9	19480000	19490000	1.1181185907612192	19485000
chr9	19490000	19500000	6.759037831055106	19495000
chr9	19500000	19510000	2.7488511929407142	19505000
chr9	19510000	19520000	9.756155554233905	19515000
chr9	19520000	19530000	5.852413559982176	19525000
chr9	19530000	19540000	5.798945290834336	19535000
chr9	19540000	19550000	5.614591628732046	19545000
chr9	19550000	19560000	4.571754774052818	19555000
chr9	19560000	19570000	8.221893517805592	19565000
chr9	19570000	19580000	5.283204806523201	19575000
chr9	19580000	19590000	6.546704909744734	19585000
chr9	19590000	19600000	5.964589717961675	19595000
chr9	19600000	19610000	5.73597489045325	19605000
chr9	19610000	19620000	5.513052272196289	19615000
chr9	19620000	19630000	5.564157328460946	19625000
chr9	19630000	19640000	6.07450568208642	19635000
chr9	19640000	19650000	3.957684346442993	19645000
chr9	19650000	19660000	4.147135914780185	19655000
chr9	19660000	19670000	3.6812432315189216	19665000
chr9	19670000	19680000	4.089252975883063	19675000
chr9	19680000	19690000	3.4893521102713803	19685000
chr9	19690000	19700000	4.626394737342625	19695000
chr9	19700000	19710000	4.894974190898036	19705000
chr9	19710000	19720000	4.81188459422859	19715000
chr9	19720000	19730000	5.700389633473613	19725000
chr9	19730000	19740000	6.566904461429524	19735000
chr9	19740000	19750000	4.386623784994916	19745000
chr9	19750000	19760000	4.990827396594845	19755000
chr9	19760000	19770000	3.991109585169353	19765000
chr9	19770000	19780000	4.050052466372047	19775000
chr9	19780000	19790000	4.045509407554072	19785000
chr9	19790000	19800000	5.621428350012805	19795000
chr9	19800000	19810000	5.530899707566925	19805000
chr9	19810000	19820000	3.253283382823713	19815000
chr9	19820000	19830000	5.011856771658079	19825000
chr9	19830000	19840000	3.489541296656366	19835000
chr9	19840000	19850000	4.604711172226688	19845000
chr9	19850000	19860000	2.961866541130609	19855000
chr9	19860000	19870000	1.8886334309946617	19865000
chr9	19870000	19880000	3.690555009769051	19875000
chr9	19880000	19890000	4.654490744781009	19885000
chr9	19890000	19900000	5.450129792263506	19895000
chr9	19900000	19910000	3.521408173873293	19905000
chr9	19910000	19920000	3.073457183403913	19915000
chr9	19920000	19930000	6.812302598843192	19925000
chr9	19930000	19940000	3.0538511723702	19935000
chr9	19940000	19950000	3.6724503170200338	19945000
chr9	19950000	19960000	3.3134560666072543	19955000
chr9	19960000	19970000	2.8013474608999727	19965000
chr9	19970000	19980000	2.2777006318379254	19975000
chr9	19980000	19990000	5.165782104764623	19985000
chr9	19990000	20000000	4.571740680312984	19995000
chr9	20000000	20010000	4.51003329762765	20005000
chr9	20010000	20020000	9.414162447543127	20015000
chr9	20020000	20030000	2.672585774813652	20025000
chr9	20030000	20040000	2.150773385406012	20035000
chr9	20040000	20050000	2.2365976040245745	20045000
chr9	20050000	20060000	5.889987159758757	20055000
chr9	20060000	20070000	4.506941379806928	20065000
chr9	20070000	20080000	3.9782366630602577	20075000
chr9	20080000	20090000	12.1774293856073	20085000
chr9	20090000	20100000	4.281384325050447	20095000
chr9	20100000	20110000	1.315396948417011	20105000
chr9	20110000	20120000	8.3406748110346	20115000
chr9	20120000	20130000	9.920850248521429	20125000
chr9	20130000	20140000	0.7487828674055299	20135000
chr9	20140000	20150000	2.3481459606629347	20145000
chr9	20150000	20160000	6.140759130295185	20155000
chr9	20160000	20170000	10.055688548233476	20165000
chr9	20170000	20180000	11.76617578552768	20175000
chr9	20180000	20190000	2.201314169338474	20185000
chr9	20190000	20200000	2.901401245823507	20195000
chr9	20200000	20210000	5.745622619807219	20205000
chr9	20210000	20220000	7.6981584008915664	20215000
chr9	20220000	20230000	9.808133480493263	20225000
chr9	20230000	20240000	6.730111889422647	20235000
chr9	20240000	20250000	10.270820416405401	20245000
chr9	20250000	20260000	5.522960842210013	20255000
chr9	20260000	20270000	4.370272002424374	20265000
chr9	20270000	20280000	4.922292370854532	20275000
chr9	20280000	20290000	9.411088754280819	20285000
chr9	20290000	20300000	4.5560876261708625	20295000
chr9	20300000	20310000	1.444468581780102	20305000
chr9	20310000	20320000	2.6505165984763956	20315000
chr9	20320000	20330000	5.644293129818178	20325000
chr9	20330000	20340000	4.424200661993969	20335000
chr9	20340000	20350000	4.817120587155185	20345000
chr9	20350000	20360000	4.638918946888625	20355000
chr9	20360000	20370000	5.95611495786352	20365000
chr9	20370000	20380000	1.7573128714436839	20375000
chr9	20380000	20390000	2.5310929593195146	20385000
chr9	20390000	20400000	2.0847329645291026	20395000
chr9	20400000	20410000	2.7177282947525274	20405000
chr9	20410000	20420000	2.5556929242138327	20415000
chr9	20420000	20430000	1.6581544594099595	20425000
chr9	20430000	20440000	1.1350028700093449	20435000
chr9	20440000	20450000	1.067749997010701	20445000
chr9	20450000	20460000	1.4698995879062748	20455000
chr9	20460000	20470000	0.8981985315840902	20465000
chr9	20470000	20480000	1.5443212056460789	20475000
chr9	20480000	20490000	1.9949739585039044	20485000
chr9	20490000	20500000	0.5532197912854385	20495000
chr9	20500000	20510000	0.8007006815798199	20505000
chr9	20510000	20520000	0.41432957952068245	20515000
chr9	20520000	20530000	1.1425826619106654	20525000
chr9	20530000	20540000	1.3936178881597054	20535000
chr9	20540000	20550000	6.855440113974001	20545000
chr9	20550000	20560000	1.900627428466215	20555000
chr9	20560000	20570000	6.779891751838805	20565000
chr9	20570000	20580000	15.14283478681627	20575000
chr9	20580000	20590000	5.968542209900551	20585000
chr9	20590000	20600000	3.041204242120552	20595000
chr9	20600000	20610000	6.549831468253157	20605000
chr9	20610000	20620000	3.9209677699087018	20615000
chr9	20620000	20630000	4.298241131381523	20625000
chr9	20630000	20640000	9.971699094675735	20635000
chr9	20640000	20650000	1.9727934788476305	20645000
chr9	20650000	20660000	0.6280882257100656	20655000
chr9	20660000	20670000	0.21530332384043568	20665000
chr9	20670000	20680000	0.21530332384043543	20675000
chr9	20680000	20690000	2.207926502490722	20685000
chr9	20690000	20700000	2.083001740989415	20695000
chr9	20700000	20710000	2.3503151572973886	20705000
chr9	20710000	20720000	4.159787713791394	20715000
chr9	20720000	20730000	16.701056554924865	20725000
chr9	20730000	20740000	0.9099407550916987	20735000
chr9	20740000	20750000	1.1017631615900432	20745000
chr9	20750000	20760000	0.6162885818441206	20755000
chr9	20760000	20770000	2.4859354785549237	20765000
chr9	20770000	20780000	7.161954030477835	20775000
chr9	20780000	20790000	2.5053342364806093	20785000
chr9	20790000	20800000	6.246989622809387	20795000
chr9	20800000	20810000	1.912713042954612	20805000
chr9	20810000	20820000	5.204693433174126	20815000
chr9	20820000	20830000	4.570462492406329	20825000
chr9	20830000	20840000	5.1327963192797466	20835000
chr9	20840000	20850000	11.32848030684425	20845000
chr9	20850000	20860000	3.2433226025381625	20855000
chr9	20860000	20870000	1.3634386121290283	20865000
chr9	20870000	20880000	2.0879717728326814	20875000
chr9	20880000	20890000	1.0946690293993655	20885000
chr9	20890000	20900000	1.3539447409510845	20895000
chr9	20900000	20910000	1.9673136087510235	20905000
chr9	20910000	20920000	2.304441335354022	20915000
chr9	20920000	20930000	1.130266797387263	20925000
chr9	20930000	20940000	2.3211989751830875	20935000
chr9	20940000	20950000	1.4514078295014072	20945000
chr9	20950000	20960000	2.4878616681269814	20955000
chr9	20960000	20970000	12.305007255503977	20965000
chr9	20970000	20980000	0.9995665062925689	20975000
chr9	20980000	20990000	0.6024480305324622	20985000
chr9	20990000	21000000	0.6006065436173101	20995000
chr9	21000000	21010000	1.4048300285934132	21005000
chr9	21010000	21020000	4.065043192039529	21015000
chr9	21020000	21030000	4.0572730432039785	21025000
chr9	21030000	21040000	5.193304451967371	21035000
chr9	21040000	21050000	1.236774015077036	21045000
chr9	21050000	21060000	1.024135323074027	21055000
chr9	21060000	21070000	0.7729441048010095	21065000
chr9	21070000	21080000	0.495578721751789	21075000
chr9	21080000	21090000	4.268100945997776	21085000
chr9	21090000	21100000	0.4071251876572374	21095000
chr9	21100000	21110000	4.964374443050639	21105000
chr9	21110000	21120000	0.9105475958117494	21115000
chr9	21120000	21130000	0.5092740930329867	21125000
chr9	21130000	21140000	0.6177922403797881	21135000
chr9	21140000	21150000	1.3054914355248253	21145000
chr9	21150000	21160000	1.9899672308530862	21155000
chr9	21160000	21170000	3.602662878160136	21165000
chr9	21170000	21180000	0.7948909077270162	21175000
chr9	21180000	21190000	4.276812829764248	21185000
chr9	21190000	21200000	0.8868012474931152	21195000
chr9	21200000	21210000	0.6804224265745797	21205000
chr9	21210000	21220000	1.0936886821858396	21215000
chr9	21220000	21230000	1.0689727707267953	21225000
chr9	21230000	21240000	2.249150514873341	21235000
chr9	21240000	21250000	0.8237503743622375	21245000
chr9	21250000	21260000	1.6951484980917704	21255000
chr9	21260000	21270000	8.949853772700342	21265000
chr9	21270000	21280000	1.7070303199636057	21275000
chr9	21280000	21290000	3.9152411490154697	21285000
chr9	21290000	21300000	2.3688481596174573	21295000
chr9	21300000	21310000	5.675664764073885	21305000
chr9	21310000	21320000	1.2429411844332232	21315000
chr9	21320000	21330000	1.2552169198654612	21325000
chr9	21330000	21340000	5.493172181458571	21335000
chr9	21340000	21350000	3.7836127791957055	21345000
chr9	21350000	21360000	1.8967919757988154	21355000
chr9	21360000	21370000	2.146590737544548	21365000
chr9	21370000	21380000	6.260341503051191	21375000
chr9	21380000	21390000	1.453728249102016	21385000
chr9	21390000	21400000	14.776474314127821	21395000
chr9	21400000	21410000	4.206102562798913	21405000
chr9	21410000	21420000	4.167598043379869	21415000
chr9	21420000	21430000	2.480561632063792	21425000
chr9	21430000	21440000	2.892691481281999	21435000
chr9	21440000	21450000	1.9388385403684996	21445000
chr9	21450000	21460000	2.7943102696354045	21455000
chr9	21460000	21470000	4.822655016997678	21465000
chr9	21470000	21480000	3.8642382510879427	21475000
chr9	21480000	21490000	3.6590089700837685	21485000
chr9	21490000	21500000	2.5887291031937574	21495000
chr9	21500000	21510000	6.119713314469522	21505000
chr9	21510000	21520000	1.656868405865991	21515000
chr9	21520000	21530000	2.0363361474968316	21525000
chr9	21530000	21540000	4.951601209262306	21535000
chr9	21540000	21550000	8.109124010932218	21545000
chr9	21550000	21560000	2.128155085931711	21555000
chr9	21560000	21570000	2.4362497719772818	21565000
chr9	21570000	21580000	6.909347512943	21575000
chr9	21580000	21590000	0.71214103063673	21585000
chr9	21590000	21600000	0.5802169925525572	21595000
chr9	21600000	21610000	1.2092052467783756	21605000
chr9	21610000	21620000	0.9558875169786335	21615000
chr9	21620000	21630000	0.6828755240335852	21625000
chr9	21630000	21640000	0.7020549745705044	21635000
chr9	21640000	21650000	0.7683982315845111	21645000
chr9	21650000	21660000	0.9262376776971569	21655000
chr9	21660000	21670000	5.404654986114283	21665000
chr9	21670000	21680000	0.940503741449699	21675000
chr9	21680000	21690000	0.5727570102767765	21685000
chr9	21690000	21700000	0.6383390129816365	21695000
chr9	21700000	21710000	0.7570827265298828	21705000
chr9	21710000	21720000	5.475209978251493	21715000
chr9	21720000	21730000	8.332127901298072	21725000
chr9	21730000	21740000	4.630489801048633	21735000
chr9	21740000	21750000	10.288312687614308	21745000
chr9	21750000	21760000	1.472470662849406	21755000
chr9	21760000	21770000	0.6088015363799999	21765000
chr9	21770000	21780000	0.5670212112643689	21775000
chr9	21780000	21790000	3.6654598633422935	21785000
chr9	21790000	21800000	3.2143361871306304	21795000
chr9	21800000	21810000	2.7692663194627536	21805000
chr9	21810000	21820000	1.5580128516241019	21815000
chr9	21820000	21830000	4.260195601251939	21825000
chr9	21830000	21840000	1.851522844113627	21835000
chr9	21840000	21850000	3.1961114493438645	21845000
chr9	21850000	21860000	2.0225014425578336	21855000
chr9	21860000	21870000	2.2306466310070423	21865000
chr9	21870000	21880000	2.0980980455192606	21875000
chr9	21880000	21890000	1.4953697727585873	21885000
chr9	21890000	21900000	2.1992137263098326	21895000
chr9	21900000	21910000	2.6989492454197737	21905000
chr9	21910000	21920000	7.118087729804119	21915000
chr9	21920000	21930000	10.565076554551402	21925000
chr9	21930000	21940000	4.760212498238066	21935000
chr9	21940000	21950000	6.403037737790096	21945000
chr9	21950000	21960000	3.0977053060619952	21955000
chr9	21960000	21970000	7.117557717620934	21965000
chr9	21970000	21980000	2.4241164346592083	21975000
chr9	21980000	21990000	9.408660386348382	21985000
chr9	21990000	22000000	2.8712904802770605	21995000
chr9	22000000	22010000	6.734150593804716	22005000
chr9	22010000	22020000	2.2920151863758336	22015000
chr9	22020000	22030000	2.3696247184862487	22025000
chr9	22030000	22040000	10.400720735573323	22035000
chr9	22040000	22050000	0.8861313101939566	22045000
chr9	22050000	22060000	0.9174694483307587	22055000
chr9	22060000	22070000	0.9436042103679068	22065000
chr9	22070000	22080000	1.7257455673591715	22075000
chr9	22080000	22090000	0.8358515564152532	22085000
chr9	22090000	22100000	0.7122392977240324	22095000
chr9	22100000	22110000	1.991499567793185	22105000
chr9	22110000	22120000	2.466972419606951	22115000
chr9	22120000	22130000	1.4165308377212331	22125000
chr9	22130000	22140000	3.0267409772538647	22135000
chr9	22140000	22150000	2.4045405775007156	22145000
chr9	22150000	22160000	2.2836650546801893	22155000
chr9	22160000	22170000	2.0015870308384396	22165000
chr9	22170000	22180000	4.225737446290545	22175000
chr9	22180000	22190000	2.7151988019056	22185000
chr9	22190000	22200000	2.282957934334979	22195000
chr9	22200000	22210000	1.6048826605341193	22205000
chr9	22210000	22220000	1.8808326737606014	22215000
chr9	22220000	22230000	4.075246401996555	22225000
chr9	22230000	22240000	2.086370310625314	22235000
chr9	22240000	22250000	2.051142789377234	22245000
chr9	22250000	22260000	1.8442532294463294	22255000
chr9	22260000	22270000	2.0851212398139074	22265000
chr9	22270000	22280000	2.1528628693229472	22275000
chr9	22280000	22290000	2.54446615795565	22285000
chr9	22290000	22300000	4.370102083851747	22295000
chr9	22300000	22310000	4.315143797161264	22305000
chr9	22310000	22320000	3.7881690719101457	22315000
chr9	22320000	22330000	3.742055776184252	22325000
chr9	22330000	22340000	5.813046169407192	22335000
chr9	22340000	22350000	3.106165169684825	22345000
chr9	22350000	22360000	6.430159281099733	22355000
chr9	22360000	22370000	6.064217286859677	22365000
chr9	22370000	22380000	1.3146041983666026	22375000
chr9	22380000	22390000	0.7352602539283392	22385000
chr9	22390000	22400000	0.5419822466282734	22395000
chr9	22400000	22410000	1.3614226200805182	22405000
chr9	22410000	22420000	2.161631878360147	22415000
chr9	22420000	22430000	7.438714666286271	22425000
chr9	22430000	22440000	7.295663860184971	22435000
chr9	22440000	22450000	4.115748824141289	22445000
chr9	22450000	22460000	4.906753694934797	22455000
chr9	22460000	22470000	10.337891285410322	22465000
chr9	22470000	22480000	4.684115650352721	22475000
chr9	22480000	22490000	3.9229278830293275	22485000
chr9	22490000	22500000	5.240072368551777	22495000
chr9	22500000	22510000	5.275439077465874	22505000
chr9	22510000	22520000	3.484909937434288	22515000
chr9	22520000	22530000	3.8436094324729115	22525000
chr9	22530000	22540000	3.242506087550037	22535000
chr9	22540000	22550000	5.1233407091550385	22545000
chr9	22550000	22560000	3.8205038540194782	22555000
chr9	22560000	22570000	3.730849510990205	22565000
chr9	22570000	22580000	5.022146774923971	22575000
chr9	22580000	22590000	2.8393239511428874	22585000
chr9	22590000	22600000	3.936954128493648	22595000
chr9	22600000	22610000	3.4442875963641812	22605000
chr9	22610000	22620000	4.460548509048061	22615000
chr9	22620000	22630000	3.8251767227962654	22625000
chr9	22630000	22640000	5.05919663635727	22635000
chr9	22640000	22650000	2.950848336599824	22645000
chr9	22650000	22660000	3.4410910863136768	22655000
chr9	22660000	22670000	2.9684161076155524	22665000
chr9	22670000	22680000	2.359739876456886	22675000
chr9	22680000	22690000	2.6000078156252253	22685000
chr9	22690000	22700000	3.607989784630131	22695000
chr9	22700000	22710000	2.36560984844775	22705000
chr9	22710000	22720000	3.3039416195382545	22715000
chr9	22720000	22730000	3.4366651515368702	22725000
chr9	22730000	22740000	2.780761928264929	22735000
chr9	22740000	22750000	2.7415959827038643	22745000
chr9	22750000	22760000	3.0832056109009365	22755000
chr9	22760000	22770000	1.5202029892024504	22765000
chr9	22770000	22780000	4.008370275454995	22775000
chr9	22780000	22790000	3.241778599695535	22785000
chr9	22790000	22800000	4.084999851501821	22795000
chr9	22800000	22810000	8.467623539114443	22805000
chr9	22810000	22820000	5.5557368241649865	22815000
chr9	22820000	22830000	2.6217134857008966	22825000
chr9	22830000	22840000	3.4367754259502137	22835000
chr9	22840000	22850000	6.034904301865927	22845000
chr9	22850000	22860000	4.771173298267369	22855000
chr9	22860000	22870000	12.09233238157533	22865000
chr9	22870000	22880000	3.7261041401450514	22875000
chr9	22880000	22890000	4.514861622225908	22885000
chr9	22890000	22900000	3.2069690373375477	22895000
chr9	22900000	22910000	2.7558432797984684	22905000
chr9	22910000	22920000	1.514894064444076	22915000
chr9	22920000	22930000	1.328323818017357	22925000
chr9	22930000	22940000	12.981168929448899	22935000
chr9	22940000	22950000	2.049186220655571	22945000
chr9	22950000	22960000	2.4346471037105384	22955000
chr9	22960000	22970000	2.627620332428285	22965000
chr9	22970000	22980000	4.098392362172819	22975000
chr9	22980000	22990000	12.127352086843675	22985000
chr9	22990000	23000000	2.9797010578976035	22995000
chr9	23000000	23010000	1.3269719428894435	23005000
chr9	23010000	23020000	3.468349874423918	23015000
chr9	23020000	23030000	5.739947625264129	23025000
chr9	23030000	23040000	2.208692548229364	23035000
chr9	23040000	23050000	3.5104254669145676	23045000
chr9	23050000	23060000	2.233731146300547	23055000
chr9	23060000	23070000	2.3170735555586903	23065000
chr9	23070000	23080000	11.28784561375677	23075000
chr9	23080000	23090000	8.05901174447075	23085000
chr9	23090000	23100000	4.721874334830146	23095000
chr9	23100000	23110000	4.27913025557633	23105000
chr9	23110000	23120000	8.662696254199696	23115000
chr9	23120000	23130000	1.972394365823567	23125000
chr9	23130000	23140000	7.208097468466113	23135000
chr9	23140000	23150000	3.3728053638611035	23145000
chr9	23150000	23160000	1.9249666074417258	23155000
chr9	23160000	23170000	1.0907168877700357	23165000
chr9	23170000	23180000	1.868670128522807	23175000
chr9	23180000	23190000	1.7366298371153042	23185000
chr9	23190000	23200000	1.2104394067230793	23195000
chr9	23200000	23210000	17.61081543625368	23205000
chr9	23210000	23220000	1.355805796190741	23215000
chr9	23220000	23230000	1.194347869915928	23225000
chr9	23230000	23240000	1.5171454093899068	23235000
chr9	23240000	23250000	1.7384647713672	23245000
chr9	23250000	23260000	0.8009967080328106	23255000
chr9	23260000	23270000	0.9608033537416796	23265000
chr9	23270000	23280000	0.7022391224425866	23275000
chr9	23280000	23290000	3.5611807424140585	23285000
chr9	23290000	23300000	2.691877266858217	23295000
chr9	23300000	23310000	1.2139822868898549	23305000
chr9	23310000	23320000	0.55595420147165	23315000
chr9	23320000	23330000	2.314136877283792	23325000
chr9	23330000	23340000	2.9337667907644636	23335000
chr9	23340000	23350000	1.221567607368301	23345000
chr9	23350000	23360000	2.1462763483310243	23355000
chr9	23360000	23370000	1.652676107075745	23365000
chr9	23370000	23380000	2.0009909825171803	23375000
chr9	23380000	23390000	1.5653111245263085	23385000
chr9	23390000	23400000	2.433618785590587	23395000
chr9	23400000	23410000	5.933555411465953	23405000
chr9	23410000	23420000	4.51665174511556	23415000
chr9	23420000	23430000	5.917184086347116	23425000
chr9	23430000	23440000	2.3814805217233705	23435000
chr9	23440000	23450000	2.1422222795583443	23445000
chr9	23450000	23460000	8.18232009330404	23455000
chr9	23460000	23470000	0.9779995855445387	23465000
chr9	23470000	23480000	1.0525404165698298	23475000
chr9	23480000	23490000	5.865171966063472	23485000
chr9	23490000	23500000	1.2607322555443745	23495000
chr9	23500000	23510000	1.4083000165765982	23505000
chr9	23510000	23520000	0.7666979385183086	23515000
chr9	23520000	23530000	1.0522764884040445	23525000
chr9	23530000	23540000	2.9375917719615012	23535000
chr9	23540000	23550000	1.3412268416342872	23545000
chr9	23550000	23560000	3.944209958304122	23555000
chr9	23560000	23570000	1.3190432996366248	23565000
chr9	23570000	23580000	1.1534099024208089	23575000
chr9	23580000	23590000	1.2445397962088445	23585000
chr9	23590000	23600000	1.1677533086117207	23595000
chr9	23600000	23610000	2.6866199800510175	23605000
chr9	23610000	23620000	4.010334044302144	23615000
chr9	23620000	23630000	4.682552875158688	23625000
chr9	23630000	23640000	1.1618952301467764	23635000
chr9	23640000	23650000	1.1911128907979716	23645000
chr9	23650000	23660000	1.251814184179141	23655000
chr9	23660000	23670000	2.8175824557767606	23665000
chr9	23670000	23680000	5.3854835848655345	23675000
chr9	23680000	23690000	1.8075165523167942	23685000
chr9	23690000	23700000	0.7310093508711142	23695000
chr9	23700000	23710000	0.7248364151349956	23705000
chr9	23710000	23720000	1.9805013231652018	23715000
chr9	23720000	23730000	7.312205965890377	23725000
chr9	23730000	23740000	6.27730540314102	23735000
chr9	23740000	23750000	2.039619310261459	23745000
chr9	23750000	23760000	7.489598273654314	23755000
chr9	23760000	23770000	1.3624177900542132	23765000
chr9	23770000	23780000	2.2627858286609865	23775000
chr9	23780000	23790000	5.999656102360595	23785000
chr9	23790000	23800000	14.397315039367472	23795000
chr9	23800000	23810000	21.692003618376432	23805000
chr9	23810000	23820000	11.639257509100283	23815000
chr9	23820000	23830000	8.472324687839887	23825000
chr9	23830000	23840000	3.691135662181648	23835000
chr9	23840000	23850000	12.935625199540608	23845000
chr9	23850000	23860000	6.355728269775965	23855000
chr9	23860000	23870000	5.070821619301381	23865000
chr9	23870000	23880000	3.7142067452650607	23875000
chr9	23880000	23890000	1.4955709401351427	23885000
chr9	23890000	23900000	1.394269154206353	23895000
chr9	23900000	23910000	1.6985470535093976	23905000
chr9	23910000	23920000	3.446092436470992	23915000
chr9	23920000	23930000	4.244597389240718	23925000
chr9	23930000	23940000	11.386587513308765	23935000
chr9	23940000	23950000	6.186547092736621	23945000
chr9	23950000	23960000	10.507333532699864	23955000
chr9	23960000	23970000	12.45099765549301	23965000
chr9	23970000	23980000	9.252329142471089	23975000
chr9	23980000	23990000	13.923055990030642	23985000
chr9	23990000	24000000	13.768214166350159	23995000
chr9	24000000	24010000	9.448588386732602	24005000
chr9	24010000	24020000	9.383543498175001	24015000
chr9	24020000	24030000	10.116046735067318	24025000
chr9	24030000	24040000	6.763299296115862	24035000
chr9	24040000	24050000	10.577491384640172	24045000
chr9	24050000	24060000	6.20275066528653	24055000
chr9	24060000	24070000	7.315602710204278	24065000
chr9	24070000	24080000	8.842893675421227	24075000
chr9	24080000	24090000	7.8683618330993355	24085000
chr9	24090000	24100000	14.051266274691875	24095000
chr9	24100000	24110000	11.160118260428543	24105000
chr9	24110000	24120000	7.84391395058111	24115000
chr9	24120000	24130000	11.292334579894721	24125000
chr9	24130000	24140000	9.213800236536061	24135000
chr9	24140000	24150000	11.757984365668392	24145000
chr9	24150000	24160000	13.028814487220496	24155000
chr9	24160000	24170000	17.98426318074992	24165000
chr9	24170000	24180000	16.973669244688384	24175000
chr9	24180000	24190000	17.751524214206338	24185000
chr9	24190000	24200000	24.05514356332576	24195000
chr9	24200000	24210000	27.640913311895634	24205000
chr9	24210000	24220000	13.08874263741983	24215000
chr9	24220000	24230000	17.396646876433984	24225000
chr9	24230000	24240000	17.18831338896046	24235000
chr9	24240000	24250000	22.557998951829628	24245000
chr9	24250000	24260000	14.186630288903011	24255000
chr9	24260000	24270000	14.002595771637186	24265000
chr9	24270000	24280000	17.147985743751093	24275000
chr9	24280000	24290000	19.946241055899662	24285000
chr9	24290000	24300000	14.642712207042184	24295000
chr9	24300000	24310000	12.198659425030236	24305000
chr9	24310000	24320000	11.427332881007061	24315000
chr9	24320000	24330000	33.48853313623838	24325000
chr9	24330000	24340000	24.310142059201127	24335000
chr9	24340000	24350000	20.78036846110946	24345000
chr9	24350000	24360000	23.12660964719878	24355000
chr9	24360000	24370000	19.54146931981076	24365000
chr9	24370000	24380000	21.84345913667712	24375000
chr9	24380000	24390000	23.58037526261708	24385000
chr9	24390000	24400000	15.929436843810393	24395000
chr9	24400000	24410000	10.094093984512888	24405000
chr9	24410000	24420000	10.97382949004516	24415000
chr9	24420000	24430000	16.444621267548758	24425000
chr9	24430000	24440000	17.759195095489588	24435000
chr9	24440000	24450000	12.730228377592166	24445000
chr9	24450000	24460000	13.598342992604952	24455000
chr9	24460000	24470000	11.043420813640903	24465000
chr9	24470000	24480000	25.80362103208723	24475000
chr9	24480000	24490000	9.319658681464519	24485000
chr9	24490000	24500000	11.075171096455625	24495000
chr9	24500000	24510000	12.353137098806311	24505000
chr9	24510000	24520000	16.99344519861125	24515000
chr9	24520000	24530000	12.687914144884095	24525000
chr9	24530000	24540000	12.140615957693866	24535000
chr9	24540000	24550000	8.493764350673118	24545000
chr9	24550000	24560000	15.371560637954104	24555000
chr9	24560000	24570000	11.323154188441224	24565000
chr9	24570000	24580000	10.37415640241349	24575000
chr9	24580000	24590000	13.891718255999203	24585000
chr9	24590000	24600000	10.50355151215485	24595000
chr9	24600000	24610000	13.515733729907698	24605000
chr9	24610000	24620000	14.151940374932883	24615000
chr9	24620000	24630000	15.181510179538165	24625000
chr9	24630000	24640000	13.571537974773111	24635000
chr9	24640000	24650000	27.511846856160417	24645000
chr9	24650000	24660000	14.798481515461432	24655000
chr9	24660000	24670000	17.364191650230428	24665000
chr9	24670000	24680000	15.289946513204843	24675000
chr9	24680000	24690000	12.334004810159461	24685000
chr9	24690000	24700000	18.049829666724285	24695000
chr9	24700000	24710000	8.846113330778202	24705000
chr9	24710000	24720000	9.531748834593143	24715000
chr9	24720000	24730000	12.091566410280462	24725000
chr9	24730000	24740000	9.171970465550316	24735000
chr9	24740000	24750000	23.11800581447259	24745000
chr9	24750000	24760000	8.64981313983392	24755000
chr9	24760000	24770000	8.058135657159593	24765000
chr9	24770000	24780000	9.95904302986905	24775000
chr9	24780000	24790000	11.601338858892754	24785000
chr9	24790000	24800000	8.93838086011109	24795000
chr9	24800000	24810000	9.735985850955784	24805000
chr9	24810000	24820000	8.454079402824892	24815000
chr9	24820000	24830000	17.217317059439218	24825000
chr9	24830000	24840000	5.883763434659517	24835000
chr9	24840000	24850000	9.943952526882814	24845000
chr9	24850000	24860000	6.123293693786141	24855000
chr9	24860000	24870000	7.360983244270549	24865000
chr9	24870000	24880000	12.570362470295606	24875000
chr9	24880000	24890000	21.097225876422783	24885000
chr9	24890000	24900000	24.416313870956145	24895000
chr9	24900000	24910000	17.1362012224415	24905000
chr9	24910000	24920000	28.700503804593477	24915000
chr9	24920000	24930000	19.532051167894796	24925000
chr9	24930000	24940000	15.96806229173055	24935000
chr9	24940000	24950000	24.138499134508812	24945000
chr9	24950000	24960000	24.7174274243407	24955000
chr9	24960000	24970000	15.013746271154076	24965000
chr9	24970000	24980000	21.789681152817685	24975000
chr9	24980000	24990000	40.55879597511651	24985000
chr9	24990000	25000000	25.42749215006654	24995000
chr9	25000000	25010000	17.62776097583943	25005000
chr9	25010000	25020000	21.731019989029907	25015000
chr9	25020000	25030000	14.559220369266098	25025000
chr9	25030000	25040000	7.798822389343366	25035000
chr9	25040000	25050000	9.448121593195536	25045000
chr9	25050000	25060000	25.03562865794443	25055000
chr9	25060000	25070000	26.419068639147365	25065000
chr9	25070000	25080000	26.71592559378062	25075000
chr9	25080000	25090000	37.6882870519064	25085000
chr9	25090000	25100000	34.69049925956555	25095000
chr9	25100000	25110000	64.05403927209377	25105000
chr9	25110000	25120000	34.78227099561636	25115000
chr9	25120000	25130000	15.640383577054715	25125000
chr9	25130000	25140000	22.93785420273116	25135000
chr9	25140000	25150000	17.000710537725162	25145000
chr9	25150000	25160000	15.385111461248773	25155000
chr9	25160000	25170000	21.731656164127852	25165000
chr9	25170000	25180000	16.767316515052553	25175000
chr9	25180000	25190000	8.21967150191942	25185000
chr9	25190000	25200000	12.271095098724372	25195000
chr9	25200000	25210000	16.450660679326564	25205000
chr9	25210000	25220000	14.37308539085587	25215000
chr9	25220000	25230000	13.680354520320313	25225000
chr9	25230000	25240000	18.086781510277877	25235000
chr9	25240000	25250000	13.027118210476658	25245000
chr9	25250000	25260000	14.830524774417562	25255000
chr9	25260000	25270000	15.776240753540607	25265000
chr9	25270000	25280000	13.754628725317303	25275000
chr9	25280000	25290000	18.300782080772095	25285000
chr9	25290000	25300000	26.435807160927613	25295000
chr9	25300000	25310000	16.76863125113935	25305000
chr9	25310000	25320000	33.590330101521815	25315000
chr9	25320000	25330000	21.029345406702326	25325000
chr9	25330000	25340000	45.415771123806046	25335000
chr9	25340000	25350000	38.423867129210045	25345000
chr9	25350000	25360000	34.129141406025795	25355000
chr9	25360000	25370000	27.865718878842472	25365000
chr9	25370000	25380000	30.424095586235257	25375000
chr9	25380000	25390000	60.757620970423154	25385000
chr9	25390000	25400000	66.06839384977171	25395000
chr9	25400000	25410000	77.9334524581207	25405000
chr9	25410000	25420000	50.30516839465042	25415000
chr9	25420000	25430000	32.63649510361121	25425000
chr9	25430000	25440000	30.7426417572261	25435000
chr9	25440000	25450000	36.334848567499186	25445000
chr9	25450000	25460000	19.93120368914877	25455000
chr9	25460000	25470000	23.02662577372974	25465000
chr9	25470000	25480000	30.55709928039586	25475000
chr9	25480000	25490000	23.456453765661188	25485000
chr9	25490000	25500000	18.41254573040134	25495000
chr9	25500000	25510000	16.2668116035453	25505000
chr9	25510000	25520000	24.677290262799396	25515000
chr9	25520000	25530000	16.181888909507972	25525000
chr9	25530000	25540000	21.50007324651706	25535000
chr9	25540000	25550000	29.14303691723795	25545000
chr9	25550000	25560000	25.405230601524824	25555000
chr9	25560000	25570000	22.179532856708683	25565000
chr9	25570000	25580000	20.866883269926472	25575000
chr9	25580000	25590000	22.109364934832712	25585000
chr9	25590000	25600000	23.590820693326805	25595000
chr9	25600000	25610000	31.049433929119783	25605000
chr9	25610000	25620000	28.688671185836593	25615000
chr9	25620000	25630000	15.875762899259197	25625000
chr9	25630000	25640000	28.02485932915199	25635000
chr9	25640000	25650000	48.94014805551511	25645000
chr9	25650000	25660000	34.70259965202769	25655000
chr9	25660000	25670000	23.7499149875895	25665000
chr9	25670000	25680000	22.94910799061168	25675000
chr9	25680000	25690000	22.697101849820108	25685000
chr9	25690000	25700000	30.932819165726563	25695000
chr9	25700000	25710000	22.33426976782892	25705000
chr9	25710000	25720000	17.750389285686108	25715000
chr9	25720000	25730000	24.439347325284178	25725000
chr9	25730000	25740000	18.054600161405713	25735000
chr9	25740000	25750000	24.101677523390748	25745000
chr9	25750000	25760000	29.602594265868806	25755000
chr9	25760000	25770000	22.129995456560902	25765000
chr9	25770000	25780000	22.343475035743534	25775000
chr9	25780000	25790000	24.677452701907487	25785000
chr9	25790000	25800000	21.809337540891725	25795000
chr9	25800000	25810000	30.451378990344143	25805000
chr9	25810000	25820000	33.022636448696296	25815000
chr9	25820000	25830000	16.145700812842808	25825000
chr9	25830000	25840000	16.267480723403057	25835000
chr9	25840000	25850000	13.89125615791962	25845000
chr9	25850000	25860000	20.74970621358971	25855000
chr9	25860000	25870000	20.595563924438906	25865000
chr9	25870000	25880000	28.395586137824107	25875000
chr9	25880000	25890000	18.964977280982396	25885000
chr9	25890000	25900000	14.350006374547887	25895000
chr9	25900000	25910000	10.605573979519901	25905000
chr9	25910000	25920000	21.693360638637063	25915000
chr9	25920000	25930000	22.421407559823773	25925000
chr9	25930000	25940000	19.272340733190173	25935000
chr9	25940000	25950000	15.664182393143701	25945000
chr9	25950000	25960000	21.129568882995294	25955000
chr9	25960000	25970000	12.858043154773243	25965000
chr9	25970000	25980000	9.111401818732732	25975000
chr9	25980000	25990000	4.718415466816857	25985000
chr9	25990000	26000000	7.080632761164436	25995000
chr9	26000000	26010000	9.33341487512244	26005000
chr9	26010000	26020000	13.912143405111435	26015000
chr9	26020000	26030000	14.68536222108326	26025000
chr9	26030000	26040000	19.759328548155736	26035000
chr9	26040000	26050000	14.095846190506006	26045000
chr9	26050000	26060000	13.57894356587702	26055000
chr9	26060000	26070000	16.075281135492723	26065000
chr9	26070000	26080000	12.52937967196489	26075000
chr9	26080000	26090000	16.261406180744313	26085000
chr9	26090000	26100000	12.946831138708994	26095000
chr9	26100000	26110000	13.171071382065131	26105000
chr9	26110000	26120000	33.199684994494994	26115000
chr9	26120000	26130000	31.84066706314946	26125000
chr9	26130000	26140000	30.482121948755292	26135000
chr9	26140000	26150000	27.908303857274287	26145000
chr9	26150000	26160000	24.249782843195522	26155000
chr9	26160000	26170000	25.210146401341625	26165000
chr9	26170000	26180000	27.00920582844274	26175000
chr9	26180000	26190000	23.76004919602547	26185000
chr9	26190000	26200000	23.330107385327754	26195000
chr9	26200000	26210000	23.878875925641907	26205000
chr9	26210000	26220000	27.945804671920325	26215000
chr9	26220000	26230000	17.599118328955335	26225000
chr9	26230000	26240000	21.872861952049224	26235000
chr9	26240000	26250000	18.261965695073542	26245000
chr9	26250000	26260000	15.317341696699032	26255000
chr9	26260000	26270000	23.37879663854497	26265000
chr9	26270000	26280000	22.033110853559727	26275000
chr9	26280000	26290000	44.546978570809166	26285000
chr9	26290000	26300000	24.173504477271646	26295000
chr9	26300000	26310000	22.44407142937646	26305000
chr9	26310000	26320000	26.70512210306974	26315000
chr9	26320000	26330000	32.38049511219408	26325000
chr9	26330000	26340000	25.030665577477112	26335000
chr9	26340000	26350000	18.329356527254117	26345000
chr9	26350000	26360000	16.296855219861353	26355000
chr9	26360000	26370000	17.73278135173998	26365000
chr9	26370000	26380000	15.959346625692614	26375000
chr9	26380000	26390000	15.422246890086177	26385000
chr9	26390000	26400000	16.98458866053132	26395000
chr9	26400000	26410000	20.33700586601465	26405000
chr9	26410000	26420000	32.423413742889785	26415000
chr9	26420000	26430000	16.811966456639183	26425000
chr9	26430000	26440000	16.837300072771775	26435000
chr9	26440000	26450000	22.321041115782727	26445000
chr9	26450000	26460000	14.163515316638232	26455000
chr9	26460000	26470000	10.21086168021697	26465000
chr9	26470000	26480000	10.732300038690317	26475000
chr9	26480000	26490000	7.192082704743659	26485000
chr9	26490000	26500000	14.451881227156269	26495000
chr9	26500000	26510000	10.600899562693577	26505000
chr9	26510000	26520000	12.668980527328241	26515000
chr9	26520000	26530000	12.39114598115929	26525000
chr9	26530000	26540000	15.66233972574895	26535000
chr9	26540000	26550000	17.967225329276587	26545000
chr9	26550000	26560000	13.463848870626666	26555000
chr9	26560000	26570000	16.249361978615738	26565000
chr9	26570000	26580000	12.222714389998355	26575000
chr9	26580000	26590000	8.569126594446109	26585000
chr9	26590000	26600000	4.941668682907559	26595000
chr9	26600000	26610000	5.573799379864535	26605000
chr9	26610000	26620000	7.12862152558236	26615000
chr9	26620000	26630000	7.899252209549071	26625000
chr9	26630000	26640000	6.778419104478563	26635000
chr9	26640000	26650000	12.630679454476375	26645000
chr9	26650000	26660000	11.988285534064154	26655000
chr9	26660000	26670000	15.668869394257829	26665000
chr9	26670000	26680000	7.498728498485125	26675000
chr9	26680000	26690000	8.81813798765795	26685000
chr9	26690000	26700000	17.69218636984442	26695000
chr9	26700000	26710000	20.397749897100255	26705000
chr9	26710000	26720000	20.407623458422073	26715000
chr9	26720000	26730000	6.5145668345063354	26725000
chr9	26730000	26740000	10.49224883595268	26735000
chr9	26740000	26750000	9.36592325769936	26745000
chr9	26750000	26760000	7.2716318144384	26755000
chr9	26760000	26770000	5.693307862847955	26765000
chr9	26770000	26780000	7.3644835734293075	26775000
chr9	26780000	26790000	9.887436825125539	26785000
chr9	26790000	26800000	8.948966679555303	26795000
chr9	26800000	26810000	9.576201415745313	26805000
chr9	26810000	26820000	13.118105401268908	26815000
chr9	26820000	26830000	12.997174904074653	26825000
chr9	26830000	26840000	11.335288200843596	26835000
chr9	26840000	26850000	6.159845298765331	26845000
chr9	26850000	26860000	14.60892737792054	26855000
chr9	26860000	26870000	10.88504468564549	26865000
chr9	26870000	26880000	8.182136897609988	26875000
chr9	26880000	26890000	6.862597439585182	26885000
chr9	26890000	26900000	13.534782202499883	26895000
chr9	26900000	26910000	18.189242407949052	26905000
chr9	26910000	26920000	17.961916803501204	26915000
chr9	26920000	26930000	20.56306401479761	26925000
chr9	26930000	26940000	15.920442831246563	26935000
chr9	26940000	26950000	14.817085317415291	26945000
chr9	26950000	26960000	35.063700093063794	26955000
chr9	26960000	26970000	17.414193211911183	26965000
chr9	26970000	26980000	13.949857352454726	26975000
chr9	26980000	26990000	20.762491709606593	26985000
chr9	26990000	27000000	17.996148567075647	26995000
chr9	27000000	27010000	23.76597408247351	27005000
chr9	27010000	27020000	20.117467407066666	27015000
chr9	27020000	27030000	26.432538792425365	27025000
chr9	27030000	27040000	26.71419235049841	27035000
chr9	27040000	27050000	35.30389818770429	27045000
chr9	27050000	27060000	28.294337265413777	27055000
chr9	27060000	27070000	18.740680946382337	27065000
chr9	27070000	27080000	16.551478963979967	27075000
chr9	27080000	27090000	26.76244643691982	27085000
chr9	27090000	27100000	37.32021269186614	27095000
chr9	27100000	27110000	32.962838414424155	27105000
chr9	27110000	27120000	77.49248246938456	27115000
chr9	27120000	27130000	38.55021629955709	27125000
chr9	27130000	27140000	44.943578986350396	27135000
chr9	27140000	27150000	72.27598347186142	27145000
chr9	27150000	27160000	65.41274151453777	27155000
chr9	27160000	27170000	55.50845851439367	27165000
chr9	27170000	27180000	59.648897302797245	27175000
chr9	27180000	27190000	56.33693180886693	27185000
chr9	27190000	27200000	39.18485031699342	27195000
chr9	27200000	27210000	31.353894754738484	27205000
chr9	27210000	27220000	35.64838331792547	27215000
chr9	27220000	27230000	40.741242612838576	27225000
chr9	27230000	27240000	57.09835688385788	27235000
chr9	27240000	27250000	43.68698109171968	27245000
chr9	27250000	27260000	41.749044550003234	27255000
chr9	27260000	27270000	40.60326398888897	27265000
chr9	27270000	27280000	43.65010987952054	27275000
chr9	27280000	27290000	48.13203831639625	27285000
chr9	27290000	27300000	47.143141042503395	27295000
chr9	27300000	27310000	42.62521197355857	27305000
chr9	27310000	27320000	36.67030563924359	27315000
chr9	27320000	27330000	41.49496790838264	27325000
chr9	27330000	27340000	37.89953104290066	27335000
chr9	27340000	27350000	33.82888033173997	27345000
chr9	27350000	27360000	35.59383296281899	27355000
chr9	27360000	27370000	34.89575403350229	27365000
chr9	27370000	27380000	36.10415257987523	27375000
chr9	27380000	27390000	34.78136328967067	27385000
chr9	27390000	27400000	35.19498123564384	27395000
chr9	27400000	27410000	38.36981676525783	27405000
chr9	27410000	27420000	40.649974532493765	27415000
chr9	27420000	27430000	36.668465178368365	27425000
chr9	27430000	27440000	63.33061843122938	27435000
chr9	27440000	27450000	47.140203405727135	27445000
chr9	27450000	27460000	40.52267908625809	27455000
chr9	27460000	27470000	49.398340778476324	27465000
chr9	27470000	27480000	54.787892219659355	27475000
chr9	27480000	27490000	62.027746609065446	27485000
chr9	27490000	27500000	79.95835735770044	27495000
chr9	27500000	27510000	68.73540862044509	27505000
chr9	27510000	27520000	68.73540862044509	27515000
chr9	27520000	27530000	68.73540862044509	27525000
chr9	27530000	27540000	68.73540862044509	27535000
chr9	27540000	27550000	68.73540862044509	27545000
chr9	27550000	27560000	68.73540862044509	27555000
chr9	27560000	27570000	68.73540862044509	27565000
chr9	27570000	27580000	67.7907258315047	27575000
chr9	27580000	27590000	73.63359892244209	27585000
chr9	27590000	27600000	56.81348546994655	27595000
chr9	27600000	27610000	55.68013188155138	27605000
chr9	27610000	27620000	75.1707170928006	27615000
chr9	27620000	27630000	85.33018990870372	27625000
chr9	27630000	27640000	60.25955329162639	27635000
chr9	27640000	27650000	99.30723576223913	27645000
chr9	27650000	27660000	93.21292240346361	27655000
chr9	27660000	27670000	62.5760468096567	27665000
chr9	27670000	27680000	81.68206502589739	27675000
chr9	27680000	27690000	65.86255347476842	27685000
chr9	27690000	27700000	77.23384932330768	27695000
chr9	27700000	27710000	137.79190702105961	27705000
chr9	27710000	27720000	111.1906890407054	27715000
chr9	27720000	27730000	114.29070441692052	27725000
chr9	27730000	27740000	125.16621454583651	27735000
chr9	27740000	27750000	121.83727828349083	27745000
chr9	27750000	27760000	118.00966734159722	27755000
chr9	27760000	27770000	100.56220164726382	27765000
chr9	27770000	27780000	107.5044912616841	27775000
chr9	27780000	27790000	116.42994761192419	27785000
chr9	27790000	27800000	218.47346358297995	27795000
chr9	27800000	27810000	220.37977387001732	27805000
chr9	27810000	27820000	220.37977387001507	27815000
chr9	27820000	27830000	220.3797738700149	27825000
chr9	27830000	27840000	220.37977387001493	27835000
chr9	27840000	27850000	220.37977387001368	27845000
chr9	27850000	27860000	142.927394297466	27855000
chr9	27860000	27870000	218.5265129962913	27865000
chr9	27870000	27880000	281.5645308587592	27875000
chr9	27880000	27890000	193.11963456404442	27885000
chr9	27890000	27900000	185.85820151935664	27895000
chr9	27900000	27910000	148.06899996732113	27905000
chr9	27910000	27920000	121.34221611741249	27915000
chr9	27920000	27930000	120.89090784985012	27925000
chr9	27930000	27940000	111.36663583852126	27935000
chr9	27940000	27950000	117.32850131090849	27945000
chr9	27950000	27960000	103.54977694540614	27955000
chr9	27960000	27970000	106.38368671644592	27965000
chr9	27970000	27980000	84.26938412577194	27975000
chr9	27980000	27990000	90.66602679368445	27985000
chr9	27990000	28000000	103.42485232928699	27995000
chr9	28000000	28010000	104.83960404650121	28005000
chr9	28010000	28020000	70.05785157811582	28015000
chr9	28020000	28030000	71.99909917205025	28025000
chr9	28030000	28040000	92.46446565751818	28035000
chr9	28040000	28050000	80.46402208555298	28045000
chr9	28050000	28060000	102.27597330299648	28055000
chr9	28060000	28070000	68.09715461624685	28065000
chr9	28070000	28080000	82.07459700231617	28075000
chr9	28080000	28090000	75.05634367776231	28085000
chr9	28090000	28100000	53.85868357469106	28095000
chr9	28100000	28110000	37.413381950375474	28105000
chr9	28110000	28120000	41.340552301089275	28115000
chr9	28120000	28130000	60.158890736833335	28125000
chr9	28130000	28140000	78.44578348081929	28135000
chr9	28140000	28150000	62.44560266597366	28145000
chr9	28150000	28160000	52.46496035855585	28155000
chr9	28160000	28170000	54.99522545864778	28165000
chr9	28170000	28180000	47.54169145596322	28175000
chr9	28180000	28190000	59.19336758638139	28185000
chr9	28190000	28200000	50.78017459807276	28195000
chr9	28200000	28210000	47.09458848624813	28205000
chr9	28210000	28220000	36.722064136345665	28215000
chr9	28220000	28230000	42.635981295404186	28225000
chr9	28230000	28240000	38.01275457454024	28235000
chr9	28240000	28250000	39.42061551104206	28245000
chr9	28250000	28260000	41.902543673394874	28255000
chr9	28260000	28270000	39.20468509993088	28265000
chr9	28270000	28280000	39.871287930222024	28275000
chr9	28280000	28290000	40.43212461568353	28285000
chr9	28290000	28300000	49.93718664952628	28295000
chr9	28300000	28310000	52.0128499934293	28305000
chr9	28310000	28320000	34.442121911121994	28315000
chr9	28320000	28330000	31.36727451644744	28325000
chr9	28330000	28340000	29.97758393318212	28335000
chr9	28340000	28350000	22.813693341601322	28345000
chr9	28350000	28360000	33.694832687191386	28355000
chr9	28360000	28370000	33.16148455959149	28365000
chr9	28370000	28380000	42.560025561607155	28375000
chr9	28380000	28390000	46.70595761452196	28385000
chr9	28390000	28400000	41.20565055614554	28395000
chr9	28400000	28410000	32.48454038602879	28405000
chr9	28410000	28420000	38.10066257464951	28415000
chr9	28420000	28430000	37.12671172307183	28425000
chr9	28430000	28440000	31.274912374088483	28435000
chr9	28440000	28450000	21.210894988372345	28445000
chr9	28450000	28460000	33.09033630153049	28455000
chr9	28460000	28470000	36.56120885102963	28465000
chr9	28470000	28480000	26.52042082740866	28475000
chr9	28480000	28490000	24.10413383530021	28485000
chr9	28490000	28500000	39.33343312477761	28495000
chr9	28500000	28510000	48.0762805821795	28505000
chr9	28510000	28520000	52.33969772778664	28515000
chr9	28520000	28530000	41.2877460271942	28525000
chr9	28530000	28540000	40.2169425774934	28535000
chr9	28540000	28550000	36.062617129037726	28545000
chr9	28550000	28560000	38.07957060697707	28555000
chr9	28560000	28570000	59.29929775064418	28565000
chr9	28570000	28580000	57.42056488256862	28575000
chr9	28580000	28590000	46.55877149979849	28585000
chr9	28590000	28600000	42.856446406907665	28595000
chr9	28600000	28610000	47.01745809735873	28605000
chr9	28610000	28620000	36.515124485485075	28615000
chr9	28620000	28630000	54.24966731716401	28625000
chr9	28630000	28640000	48.55337093651212	28635000
chr9	28640000	28650000	37.77963074469973	28645000
chr9	28650000	28660000	41.68143827474743	28655000
chr9	28660000	28670000	36.689120841464856	28665000
chr9	28670000	28680000	37.22753000653538	28675000
chr9	28680000	28690000	38.27029034142663	28685000
chr9	28690000	28700000	37.93358757541098	28695000
chr9	28700000	28710000	45.079670742513876	28705000
chr9	28710000	28720000	54.643122372869506	28715000
chr9	28720000	28730000	54.99583705290825	28725000
chr9	28730000	28740000	28.274308453740463	28735000
chr9	28740000	28750000	19.57119186014061	28745000
chr9	28750000	28760000	27.90205402672247	28755000
chr9	28760000	28770000	43.067414659897516	28765000
chr9	28770000	28780000	84.42182329643805	28775000
chr9	28780000	28790000	71.53661810330357	28785000
chr9	28790000	28800000	34.93742738049993	28795000
chr9	28800000	28810000	37.00225891393534	28805000
chr9	28810000	28820000	39.414982882530126	28815000
chr9	28820000	28830000	40.719716186648235	28825000
chr9	28830000	28840000	41.19471868801907	28835000
chr9	28840000	28850000	36.654338548537524	28845000
chr9	28850000	28860000	36.11219087452513	28855000
chr9	28860000	28870000	40.302640132413735	28865000
chr9	28870000	28880000	39.89438619689179	28875000
chr9	28880000	28890000	45.722759616372706	28885000
chr9	28890000	28900000	51.873202223532324	28895000
chr9	28900000	28910000	44.29524098425935	28905000
chr9	28910000	28920000	46.58235123825742	28915000
chr9	28920000	28930000	46.076402661676354	28925000
chr9	28930000	28940000	49.69367735784379	28935000
chr9	28940000	28950000	44.44254319773986	28945000
chr9	28950000	28960000	40.973711372084644	28955000
chr9	28960000	28970000	35.15674328315324	28965000
chr9	28970000	28980000	36.81305891114853	28975000
chr9	28980000	28990000	40.02787530040082	28985000
chr9	28990000	29000000	38.72336156642893	28995000
chr9	29000000	29010000	36.07712300861755	29005000
chr9	29010000	29020000	48.24723597653318	29015000
chr9	29020000	29030000	37.29462189325503	29025000
chr9	29030000	29040000	44.443539248243574	29035000
chr9	29040000	29050000	68.81733324203407	29045000
chr9	29050000	29060000	33.67401264602847	29055000
chr9	29060000	29070000	55.782200068412706	29065000
chr9	29070000	29080000	36.66912129301524	29075000
chr9	29080000	29090000	35.14259547937132	29085000
chr9	29090000	29100000	59.82951484767202	29095000
chr9	29100000	29110000	62.0460112057785	29105000
chr9	29110000	29120000	51.34279974450622	29115000
chr9	29120000	29130000	38.649592479992855	29125000
chr9	29130000	29140000	42.078982681564554	29135000
chr9	29140000	29150000	10.611209489848067	29145000
chr9	29150000	29160000	0.2619062472936604	29155000
chr9	29160000	29170000	0.2619062472936604	29165000
chr9	29170000	29180000	1.9933113489850325	29175000
chr9	29180000	29190000	50.82127290204484	29185000
chr9	29190000	29200000	74.07072206104493	29195000
chr9	29200000	29210000	39.075274602803404	29205000
chr9	29210000	29220000	34.27166585588309	29215000
chr9	29220000	29230000	28.009056027580304	29225000
chr9	29230000	29240000	44.82605888384114	29235000
chr9	29240000	29250000	44.826058883841135	29245000
chr9	29250000	29260000	44.826058883841135	29255000
chr9	29260000	29270000	44.826058883841114	29265000
chr9	29270000	29280000	44.82605888384114	29275000
chr9	29280000	29290000	44.82605888384109	29285000
chr9	29290000	29300000	44.82605888384111	29295000
chr9	29300000	29310000	44.82605888384109	29305000
chr9	29310000	29320000	44.826058883841085	29315000
chr9	29320000	29330000	44.82605888384114	29325000
chr9	29330000	29340000	41.6893507804794	29335000
chr9	29340000	29350000	31.39637768641308	29345000
chr9	29350000	29360000	51.3658534720532	29355000
chr9	29360000	29370000	37.43397303289388	29365000
chr9	29370000	29380000	37.231453785258346	29375000
chr9	29380000	29390000	27.872786184985383	29385000
chr9	29390000	29400000	18.700576650256288	29395000
chr9	29400000	29410000	21.521355129465658	29405000
chr9	29410000	29420000	14.720082595272071	29415000
chr9	29420000	29430000	20.550768438464882	29425000
chr9	29430000	29440000	49.54943182680461	29435000
chr9	29440000	29450000	17.47309568495664	29445000
chr9	29450000	29460000	28.34360232754469	29455000
chr9	29460000	29470000	24.461288847445108	29465000
chr9	29470000	29480000	16.83283646880478	29475000
chr9	29480000	29490000	19.121267550844617	29485000
chr9	29490000	29500000	14.949159480948396	29495000
chr9	29500000	29510000	15.437034657896112	29505000
chr9	29510000	29520000	16.74604814987441	29515000
chr9	29520000	29530000	13.885781427344044	29525000
chr9	29530000	29540000	25.958867004556392	29535000
chr9	29540000	29550000	22.507022817891414	29545000
chr9	29550000	29560000	26.694548594232682	29555000
chr9	29560000	29570000	31.347419611206835	29565000
chr9	29570000	29580000	17.73607445663451	29575000
chr9	29580000	29590000	18.07324187699782	29585000
chr9	29590000	29600000	42.666851759131816	29595000
chr9	29600000	29610000	28.08211559072371	29605000
chr9	29610000	29620000	21.1110072407959	29615000
chr9	29620000	29630000	17.215184694928194	29625000
chr9	29630000	29640000	12.635759210464462	29635000
chr9	29640000	29650000	30.15493367523754	29645000
chr9	29650000	29660000	12.47589771396842	29655000
chr9	29660000	29670000	13.294336343797935	29665000
chr9	29670000	29680000	37.5123715225207	29675000
chr9	29680000	29690000	24.920461974068743	29685000
chr9	29690000	29700000	22.61292786671053	29695000
chr9	29700000	29710000	22.865058007295964	29705000
chr9	29710000	29720000	24.309250529230873	29715000
chr9	29720000	29730000	25.074074881415537	29725000
chr9	29730000	29740000	24.177170822990917	29735000
chr9	29740000	29750000	26.035292168709596	29745000
chr9	29750000	29760000	21.366692129857253	29755000
chr9	29760000	29770000	24.078485536038748	29765000
chr9	29770000	29780000	27.28585176917098	29775000
chr9	29780000	29790000	26.147580233321623	29785000
chr9	29790000	29800000	20.653795674825336	29795000
chr9	29800000	29810000	21.492024355395266	29805000
chr9	29810000	29820000	22.68848029428033	29815000
chr9	29820000	29830000	25.1865381033999	29825000
chr9	29830000	29840000	17.34250241899683	29835000
chr9	29840000	29850000	17.62393377845489	29845000
chr9	29850000	29860000	44.35179130694811	29855000
chr9	29860000	29870000	28.557028184016094	29865000
chr9	29870000	29880000	35.89602172060926	29875000
chr9	29880000	29890000	30.11062266576758	29885000
chr9	29890000	29900000	27.123652042735795	29895000
chr9	29900000	29910000	28.508592701979627	29905000
chr9	29910000	29920000	28.95733037507222	29915000
chr9	29920000	29930000	32.10584640284344	29925000
chr9	29930000	29940000	35.29524952054175	29935000
chr9	29940000	29950000	39.17919207990954	29945000
chr9	29950000	29960000	33.30833994838863	29955000
chr9	29960000	29970000	37.96036754510746	29965000
chr9	29970000	29980000	42.86021059520527	29975000
chr9	29980000	29990000	65.50322350338661	29985000
chr9	29990000	30000000	49.673706420479036	29995000
chr9	30000000	30010000	38.7411836147871	30005000
chr9	30010000	30020000	33.041468862503756	30015000
chr9	30020000	30030000	10.762148309255178	30025000
chr9	30030000	30040000	35.36821330194509	30035000
chr9	30040000	30050000	32.25815651741008	30045000
chr9	30050000	30060000	30.610020151772368	30055000
chr9	30060000	30070000	34.686079968030626	30065000
chr9	30070000	30080000	23.557890363356034	30075000
chr9	30080000	30090000	30.697131111900283	30085000
chr9	30090000	30100000	26.41500340684533	30095000
chr9	30100000	30110000	27.70296583398208	30105000
chr9	30110000	30120000	19.76900043009058	30115000
chr9	30120000	30130000	22.26731022546442	30125000
chr9	30130000	30140000	44.02964970189493	30135000
chr9	30140000	30150000	45.22381758774549	30145000
chr9	30150000	30160000	19.729411733269536	30155000
chr9	30160000	30170000	32.63239104919292	30165000
chr9	30170000	30180000	33.41323417799126	30175000
chr9	30180000	30190000	20.508946319424446	30185000
chr9	30190000	30200000	29.08521671142932	30195000
chr9	30200000	30210000	41.07347433313903	30205000
chr9	30210000	30220000	47.59446338283436	30215000
chr9	30220000	30230000	30.532122732427986	30225000
chr9	30230000	30240000	30.13330114472166	30235000
chr9	30240000	30250000	30.24319537463454	30245000
chr9	30250000	30260000	30.283808872685427	30255000
chr9	30260000	30270000	30.021258156705066	30265000
chr9	30270000	30280000	30.843995805329243	30275000
chr9	30280000	30290000	29.43161556050782	30285000
chr9	30290000	30300000	30.115512300115384	30295000
chr9	30300000	30310000	28.872249684410864	30305000
chr9	30310000	30320000	31.853279013520588	30315000
chr9	30320000	30330000	33.86551184884974	30325000
chr9	30330000	30340000	34.07993997665577	30335000
chr9	30340000	30350000	31.365709749296386	30345000
chr9	30350000	30360000	29.95528669906367	30355000
chr9	30360000	30370000	51.73237202596901	30365000
chr9	30370000	30380000	157.82705311198356	30375000
chr9	30380000	30390000	112.23713742925918	30385000
chr9	30390000	30400000	70.83338523630482	30395000
chr9	30400000	30410000	50.49252609104251	30405000
chr9	30410000	30420000	35.67074511307212	30415000
chr9	30420000	30430000	40.818298857561565	30425000
chr9	30430000	30440000	35.113813734769884	30435000
chr9	30440000	30450000	39.95408660273646	30445000
chr9	30450000	30460000	30.75448154929079	30455000
chr9	30460000	30470000	26.110800835852768	30465000
chr9	30470000	30480000	28.74102967670812	30475000
chr9	30480000	30490000	39.78242611253018	30485000
chr9	30490000	30500000	31.43566727965206	30495000
chr9	30500000	30510000	35.35218486110088	30505000
chr9	30510000	30520000	36.76244316840255	30515000
chr9	30520000	30530000	46.86021046562863	30525000
chr9	30530000	30540000	54.012320829359915	30535000
chr9	30540000	30550000	61.14304767550657	30545000
chr9	30550000	30560000	29.41205461135562	30555000
chr9	30560000	30570000	19.650141514739644	30565000
chr9	30570000	30580000	21.24231154734937	30575000
chr9	30580000	30590000	24.990537056847668	30585000
chr9	30590000	30600000	32.45400174344313	30595000
chr9	30600000	30610000	24.140052977414303	30605000
chr9	30610000	30620000	19.779386361278988	30615000
chr9	30620000	30630000	22.74951727826846	30625000
chr9	30630000	30640000	7.578767820431835	30635000
chr9	30640000	30650000	28.65481786390379	30645000
chr9	30650000	30660000	10.937493393295522	30655000
chr9	30660000	30670000	20.590134701189044	30665000
chr9	30670000	30680000	33.179996571159684	30675000
chr9	30680000	30690000	17.06234578617941	30685000
chr9	30690000	30700000	20.6634877014163	30695000
chr9	30700000	30710000	17.74712724267258	30705000
chr9	30710000	30720000	17.39754811582985	30715000
chr9	30720000	30730000	15.580208573390232	30725000
chr9	30730000	30740000	19.05997510138332	30735000
chr9	30740000	30750000	15.137456857993891	30745000
chr9	30750000	30760000	19.543932771687032	30755000
chr9	30760000	30770000	26.865133062550683	30765000
chr9	30770000	30780000	21.536737505778557	30775000
chr9	30780000	30790000	24.789223939981266	30785000
chr9	30790000	30800000	19.471561487727428	30795000
chr9	30800000	30810000	20.801512040013915	30805000
chr9	30810000	30820000	19.856867889348315	30815000
chr9	30820000	30830000	17.922289102748262	30825000
chr9	30830000	30840000	17.76521808669606	30835000
chr9	30840000	30850000	19.11666014437956	30845000
chr9	30850000	30860000	22.96220584953803	30855000
chr9	30860000	30870000	12.558920920346523	30865000
chr9	30870000	30880000	17.589107568633143	30875000
chr9	30880000	30890000	29.264729545978934	30885000
chr9	30890000	30900000	20.18472857017213	30895000
chr9	30900000	30910000	21.668658229875938	30905000
chr9	30910000	30920000	18.753490525882135	30915000
chr9	30920000	30930000	17.633597605934227	30925000
chr9	30930000	30940000	17.663748264726006	30935000
chr9	30940000	30950000	17.110882241525417	30945000
chr9	30950000	30960000	17.41195874247045	30955000
chr9	30960000	30970000	23.45479027300911	30965000
chr9	30970000	30980000	23.923555037937685	30975000
chr9	30980000	30990000	20.047336341497413	30985000
chr9	30990000	31000000	12.875848223457648	30995000
chr9	31000000	31010000	9.87788749946347	31005000
chr9	31010000	31020000	11.639111088835714	31015000
chr9	31020000	31030000	14.713155608675823	31025000
chr9	31030000	31040000	13.977907673061363	31035000
chr9	31040000	31050000	14.343279134346348	31045000
chr9	31050000	31060000	14.95640662075613	31055000
chr9	31060000	31070000	13.103809987018543	31065000
chr9	31070000	31080000	13.639370124581248	31075000
chr9	31080000	31090000	14.269072211169295	31085000
chr9	31090000	31100000	15.76010639088859	31095000
chr9	31100000	31110000	20.81011717299978	31105000
chr9	31110000	31120000	15.756546642399735	31115000
chr9	31120000	31130000	18.873118960161918	31125000
chr9	31130000	31140000	20.56364212990174	31135000
chr9	31140000	31150000	16.592922102141785	31145000
chr9	31150000	31160000	17.141747051100648	31155000
chr9	31160000	31170000	12.4443192050286	31165000
chr9	31170000	31180000	14.139554905498997	31175000
chr9	31180000	31190000	14.816924839241715	31185000
chr9	31190000	31200000	14.365330075780697	31195000
chr9	31200000	31210000	11.500640720199035	31205000
chr9	31210000	31220000	13.486585325334785	31215000
chr9	31220000	31230000	18.483189449518665	31225000
chr9	31230000	31240000	17.028387106049635	31235000
chr9	31240000	31250000	25.79225666826002	31245000
chr9	31250000	31260000	15.87523731195694	31255000
chr9	31260000	31270000	16.42221264191637	31265000
chr9	31270000	31280000	18.116205791612508	31275000
chr9	31280000	31290000	12.756210151232928	31285000
chr9	31290000	31300000	8.984417557629298	31295000
chr9	31300000	31310000	8.592064396133237	31305000
chr9	31310000	31320000	8.790380472404747	31315000
chr9	31320000	31330000	7.53303717298969	31325000
chr9	31330000	31340000	11.34848220688334	31335000
chr9	31340000	31350000	9.841988981891708	31345000
chr9	31350000	31360000	14.556518660518396	31355000
chr9	31360000	31370000	8.299883359543106	31365000
chr9	31370000	31380000	6.1694002198627365	31375000
chr9	31380000	31390000	12.784934184084742	31385000
chr9	31390000	31400000	6.022258866988256	31395000
chr9	31400000	31410000	6.7125485852118585	31405000
chr9	31410000	31420000	6.923393854302199	31415000
chr9	31420000	31430000	4.964801608483899	31425000
chr9	31430000	31440000	3.256558041901647	31435000
chr9	31440000	31450000	2.4752963119516185	31445000
chr9	31450000	31460000	2.0800675439242444	31455000
chr9	31460000	31470000	4.899952884143277	31465000
chr9	31470000	31480000	1.800842734377542	31475000
chr9	31480000	31490000	0.7519437103666177	31485000
chr9	31490000	31500000	1.7399774353784152	31495000
chr9	31500000	31510000	2.243488287346681	31505000
chr9	31510000	31520000	2.114123128007851	31515000
chr9	31520000	31530000	2.072465439423096	31525000
chr9	31530000	31540000	2.1352052169720475	31535000
chr9	31540000	31550000	2.040960871539684	31545000
chr9	31550000	31560000	5.098940745963389	31555000
chr9	31560000	31570000	1.2861766342847964	31565000
chr9	31570000	31580000	0.42681240727765135	31575000
chr9	31580000	31590000	0.7747740882742288	31585000
chr9	31590000	31600000	0.40956940389899343	31595000
chr9	31600000	31610000	3.0170547793794324	31605000
chr9	31610000	31620000	5.977389815235588	31615000
chr9	31620000	31630000	0.86848635403231	31625000
chr9	31630000	31640000	2.3618781662686255	31635000
chr9	31640000	31650000	5.856926513028658	31645000
