chr11	0	5000	0.3606682163884012	2500
chr11	5000	10000	7.8409835029986485	7500
chr11	10000	15000	3.5928837083774456	12500
chr11	15000	20000	0.45161723415138955	17500
chr11	20000	25000	2.421177318616574	22500
chr11	25000	30000	2.747562243201549	27500
chr11	30000	35000	0.14089152223221435	32500
chr11	35000	40000	0.12752373899142674	37500
chr11	40000	45000	0.12752373899142674	42500
chr11	45000	50000	0.12752373899142677	47500
chr11	50000	55000	0.12752373899142677	52500
chr11	55000	60000	0.1240289896474876	57500
chr11	60000	65000	0.11008501662824724	62500
chr11	65000	70000	0.07174308254788736	67500
chr11	70000	75000	0.07174308254788736	72500
chr11	75000	80000	0.07174308254788735	77500
chr11	80000	85000	0.07174308254788735	82500
chr11	85000	90000	0.07174308254788736	87500
chr11	90000	95000	0.07174308254788735	92500
chr11	95000	100000	0.07174308254788736	97500
chr11	100000	105000	0.07174308254788737	102500
chr11	105000	110000	0.07174308254788737	107500
chr11	110000	115000	0.07174308254788736	112500
chr11	115000	120000	0.07174308254788736	117500
chr11	120000	125000	0.07174308254788736	122500
chr11	125000	130000	0.07175366993550443	127500
chr11	130000	135000	0.14367261908844303	132500
chr11	135000	140000	0.14356382820548455	137500
chr11	140000	145000	0.044299004752120605	142500
chr11	145000	150000	0.018979904865790355	147500
chr11	150000	155000	0.004437274979247261	152500
chr11	155000	160000	0.004437274979247261	157500
chr11	160000	165000	0.00443727497924726	162500
chr11	165000	170000	0.004437274979247264	167500
chr11	170000	175000	0.004437274979247265	172500
chr11	175000	180000	0.004437274979247266	177500
chr11	180000	185000	0.011634489632711402	182500
chr11	185000	190000	0.027022753966277988	187500
chr11	190000	195000	0.027022753966278006	192500
chr11	195000	200000	0.025970404332075838	197500
chr11	200000	205000	1.8862132239865428	202500
chr11	205000	210000	1.5033888259051558	207500
chr11	210000	215000	0.1830344024254497	212500
chr11	215000	220000	0.041850672322267204	217500
chr11	220000	225000	0.22475022035062522	222500
chr11	225000	230000	0.3720950219375385	227500
chr11	230000	235000	0.2822449677140084	232500
chr11	235000	240000	0.28467058781387733	237500
chr11	240000	245000	0.4094029397745882	242500
chr11	245000	250000	0.20331495655938314	247500
chr11	250000	255000	0.569394949697669	252500
chr11	255000	260000	0.6534600822958517	257500
chr11	260000	265000	0.5249733357929508	262500
chr11	265000	270000	0.46434804106707617	267500
chr11	270000	275000	0.46622075052374823	272500
chr11	275000	280000	3.017136973180549	277500
chr11	280000	285000	1.9667735986396175	282500
chr11	285000	290000	1.1116537307754522	287500
chr11	290000	295000	1.7202343144046996	292500
chr11	295000	300000	2.5168308491239837	297500
chr11	300000	305000	1.2606039019216526	302500
chr11	305000	310000	2.495040005872286	307500
chr11	310000	315000	2.8914160521703693	312500
chr11	315000	320000	2.0983919587813578	317500
chr11	320000	325000	1.9835378653912392	322500
chr11	325000	330000	3.6134535832697035	327500
chr11	330000	335000	6.727859409040563	332500
chr11	335000	340000	5.350210663708601	337500
chr11	340000	345000	7.499901279268927	342500
chr11	345000	350000	5.964223644576964	347500
chr11	350000	355000	4.205874675001291	352500
chr11	355000	360000	6.632693910666525	357500
chr11	360000	365000	9.785008443207275	362500
chr11	365000	370000	4.726015594440031	367500
chr11	370000	375000	2.5273317731508604	372500
chr11	375000	380000	2.5669082920397597	377500
chr11	380000	385000	2.653158089203068	382500
chr11	385000	390000	2.9628649839332697	387500
chr11	390000	395000	2.888114608960039	392500
chr11	395000	400000	2.1446248017885847	397500
chr11	400000	405000	2.6095404731423075	402500
chr11	405000	410000	4.46240740292631	407500
chr11	410000	415000	3.241754035327106	412500
chr11	415000	420000	3.066138022244698	417500
chr11	420000	425000	3.9117296790913008	422500
chr11	425000	430000	14.082909425097064	427500
chr11	430000	435000	7.264748013498972	432500
chr11	435000	440000	7.233219477078931	437500
chr11	440000	445000	5.890665808856244	442500
chr11	445000	450000	6.845115105203374	447500
chr11	450000	455000	5.853224727187749	452500
chr11	455000	460000	4.231758908406731	457500
chr11	460000	465000	3.2092153193393793	462500
chr11	465000	470000	6.168817023156507	467500
chr11	470000	475000	4.838773917069263	472500
chr11	475000	480000	11.052204704759196	477500
chr11	480000	485000	11.743719106892366	482500
chr11	485000	490000	9.288722127561797	487500
chr11	490000	495000	15.553204888806667	492500
chr11	495000	500000	10.013693898170972	497500
chr11	500000	505000	6.9727345986719635	502500
chr11	505000	510000	6.494336968720565	507500
chr11	510000	515000	3.3182856501793125	512500
chr11	515000	520000	2.891422131924178	517500
chr11	520000	525000	2.063329149301641	522500
chr11	525000	530000	2.749759715519309	527500
chr11	530000	535000	1.6794397495526128	532500
chr11	535000	540000	3.1826971811339217	537500
chr11	540000	545000	5.010145437090443	542500
chr11	545000	550000	10.462068967904711	547500
chr11	550000	555000	12.090232969970065	552500
chr11	555000	560000	19.041092847466125	557500
chr11	560000	565000	15.700358284663167	562500
chr11	565000	570000	26.22931045868714	567500
chr11	570000	575000	26.87058050724497	572500
chr11	575000	580000	25.058705362166453	577500
chr11	580000	585000	18.7063210753007	582500
chr11	585000	590000	21.896652097661686	587500
chr11	590000	595000	24.45201720919347	592500
chr11	595000	600000	64.41769506156292	597500
chr11	600000	605000	66.02245749688296	602500
chr11	605000	610000	65.54542903558496	607500
chr11	610000	615000	64.47952069308603	612500
chr11	615000	620000	67.37497430720862	617500
chr11	620000	625000	67.91750879000854	622500
chr11	625000	630000	65.92132207705085	627500
chr11	630000	635000	65.14951761328795	632500
chr11	635000	640000	62.888221505228806	637500
chr11	640000	645000	65.02167017405813	642500
chr11	645000	650000	64.38213086774395	647500
chr11	650000	655000	65.67006896424627	652500
chr11	655000	660000	64.70943495063597	657500
chr11	660000	665000	67.04095234317609	662500
chr11	665000	670000	65.615932462804	667500
chr11	670000	675000	67.49205838440083	672500
chr11	675000	680000	66.70420080390714	677500
chr11	680000	685000	67.91373112285021	682500
chr11	685000	690000	65.85187976439751	687500
chr11	690000	695000	61.352226104798966	692500
chr11	695000	700000	72.91858966906966	697500
chr11	700000	705000	51.30568039261339	702500
chr11	705000	710000	53.77042862862122	707500
chr11	710000	715000	52.485564926226296	712500
chr11	715000	720000	53.035716737571214	717500
chr11	720000	725000	53.03571673757108	722500
chr11	725000	730000	52.776758891188784	727500
chr11	730000	735000	53.84762767247884	732500
chr11	735000	740000	59.46783265112765	737500
chr11	740000	745000	60.31968384301628	742500
chr11	745000	750000	60.37302351712371	747500
chr11	750000	755000	54.57777039773902	752500
chr11	755000	760000	48.62019992541039	757500
chr11	760000	765000	44.078494596578295	762500
chr11	765000	770000	42.610050911439686	767500
chr11	770000	775000	47.84047286171421	772500
chr11	775000	780000	60.241825682388	777500
chr11	780000	785000	57.60242593701392	782500
chr11	785000	790000	51.66670493354856	787500
chr11	790000	795000	50.870786781838795	792500
chr11	795000	800000	70.25669825880111	797500
chr11	800000	805000	72.6894129122473	802500
chr11	805000	810000	45.54707847263682	807500
chr11	810000	815000	46.556014785343756	812500
chr11	815000	820000	51.063262083960126	817500
chr11	820000	825000	39.67229487657459	822500
chr11	825000	830000	49.00709810959326	827500
chr11	830000	835000	47.75416868659094	832500
chr11	835000	840000	47.75416868659074	837500
chr11	840000	845000	47.75416868659088	842500
chr11	845000	850000	47.75416868659084	847500
chr11	850000	855000	47.754168686590894	852500
chr11	855000	860000	47.75416868659091	857500
chr11	860000	865000	47.754168686590745	862500
chr11	865000	870000	47.754168686590845	867500
chr11	870000	875000	47.75416868659095	872500
chr11	875000	880000	47.75416868659096	877500
chr11	880000	885000	47.754168686590916	882500
chr11	885000	890000	47.75416868659094	887500
chr11	890000	895000	47.754168686590866	892500
chr11	895000	900000	47.7541686865908	897500
chr11	900000	905000	47.75416868659094	902500
chr11	905000	910000	47.75416868659084	907500
chr11	910000	915000	47.75416868659093	912500
chr11	915000	920000	47.75416868659086	917500
chr11	920000	925000	47.754168686590894	922500
chr11	925000	930000	47.754168686590845	927500
chr11	930000	935000	47.75416868659093	932500
chr11	935000	940000	47.75416868659086	937500
chr11	940000	945000	47.75416868659093	942500
chr11	945000	950000	47.75416868659088	947500
chr11	950000	955000	47.75416868659095	952500
chr11	955000	960000	47.75416868659099	957500
chr11	960000	965000	47.75416868659094	962500
chr11	965000	970000	60.15850653642322	967500
chr11	970000	975000	93.69625966854811	972500
chr11	975000	980000	95.65863349827893	977500
chr11	980000	985000	71.36737075144075	982500
chr11	985000	990000	61.17885325268186	987500
chr11	990000	995000	50.15685825963921	992500
chr11	995000	1000000	34.76348166403698	997500
chr11	1000000	1005000	30.304647300356187	1002500
chr11	1005000	1010000	38.75487028279106	1007500
chr11	1010000	1015000	51.4557480091331	1012500
chr11	1015000	1020000	37.38674319136917	1017500
chr11	1020000	1025000	40.254377547227875	1022500
chr11	1025000	1030000	45.760525341741456	1027500
chr11	1030000	1035000	70.03578144982261	1032500
chr11	1035000	1040000	72.05681052306808	1037500
chr11	1040000	1045000	51.31770832686143	1042500
chr11	1045000	1050000	46.212407201054326	1047500
chr11	1050000	1055000	32.64083896744901	1052500
chr11	1055000	1060000	46.54001753368388	1057500
chr11	1060000	1065000	53.64833505196487	1062500
chr11	1065000	1070000	52.19544888753828	1067500
chr11	1070000	1075000	77.30950249713183	1072500
chr11	1075000	1080000	77.0973247009899	1077500
chr11	1080000	1085000	34.71641781176313	1082500
chr11	1085000	1090000	49.299844867071286	1087500
chr11	1090000	1095000	52.366693120780795	1092500
chr11	1095000	1100000	60.24350893005989	1097500
chr11	1100000	1105000	44.378408059715625	1102500
chr11	1105000	1110000	48.162283872832035	1107500
chr11	1110000	1115000	44.84106877072056	1112500
chr11	1115000	1120000	38.76498253206085	1117500
chr11	1120000	1125000	24.354108167912234	1122500
chr11	1125000	1130000	27.48538129644491	1127500
chr11	1130000	1135000	26.25218967941081	1132500
chr11	1135000	1140000	27.278017233629843	1137500
chr11	1140000	1145000	30.142534476503556	1142500
chr11	1145000	1150000	26.10815840373236	1147500
chr11	1150000	1155000	52.677087048868316	1152500
chr11	1155000	1160000	23.40044509705482	1157500
chr11	1160000	1165000	34.98699951140126	1162500
chr11	1165000	1170000	12.24315817218044	1167500
chr11	1170000	1175000	3.557254014415477	1172500
chr11	1175000	1180000	3.5572540144154785	1177500
chr11	1180000	1185000	3.2253965622694816	1182500
chr11	1185000	1190000	1.1922456851563645	1187500
chr11	1190000	1195000	11.891650963435659	1192500
chr11	1195000	1200000	17.284316345165646	1197500
chr11	1200000	1205000	23.06350542977709	1202500
chr11	1205000	1210000	25.929096670907647	1207500
chr11	1210000	1215000	25.248425084786035	1212500
chr11	1215000	1220000	17.07914400973363	1217500
chr11	1220000	1225000	32.03114253076175	1222500
chr11	1225000	1230000	33.63054678869552	1227500
chr11	1230000	1235000	30.104826955582517	1232500
chr11	1235000	1240000	25.826952415086446	1237500
chr11	1240000	1245000	37.02363113737249	1242500
chr11	1245000	1250000	35.732778140557244	1247500
chr11	1250000	1255000	34.74202842086944	1252500
chr11	1255000	1260000	41.96752817257918	1257500
chr11	1260000	1265000	43.40637464088359	1262500
chr11	1265000	1270000	42.597651441628884	1267500
chr11	1270000	1275000	38.19886209760966	1272500
chr11	1275000	1280000	40.19383013827866	1277500
chr11	1280000	1285000	37.63160137694604	1282500
chr11	1285000	1290000	45.42228824814382	1287500
chr11	1290000	1295000	41.08955204741289	1292500
chr11	1295000	1300000	38.0130155175526	1297500
chr11	1300000	1305000	32.818429369601425	1302500
chr11	1305000	1310000	40.05205429711998	1307500
chr11	1310000	1315000	39.023191213669826	1312500
chr11	1315000	1320000	46.66776453087055	1317500
chr11	1320000	1325000	34.96533509851751	1322500
chr11	1325000	1330000	31.66893511444439	1327500
chr11	1330000	1335000	62.699967544631114	1332500
chr11	1335000	1340000	49.512773532835894	1337500
chr11	1340000	1345000	51.96258635402307	1342500
chr11	1345000	1350000	52.51127182304736	1347500
chr11	1350000	1355000	107.07275526307583	1352500
chr11	1355000	1360000	85.99060895377558	1357500
chr11	1360000	1365000	85.95330084149161	1362500
chr11	1365000	1370000	68.5946009358055	1367500
chr11	1370000	1375000	53.76218931993927	1372500
chr11	1375000	1380000	29.513557970401187	1377500
chr11	1380000	1385000	25.729673592345048	1382500
chr11	1385000	1390000	26.732911482550698	1387500
chr11	1390000	1395000	20.292014072057086	1392500
chr11	1395000	1400000	24.42330581276165	1397500
chr11	1400000	1405000	26.6323284056739	1402500
chr11	1405000	1410000	53.91193129431554	1407500
chr11	1410000	1415000	48.588865088846596	1412500
chr11	1415000	1420000	90.44673607681756	1417500
chr11	1420000	1425000	90.3907183807357	1422500
chr11	1425000	1430000	56.19414821012933	1427500
chr11	1430000	1435000	50.87959139488698	1432500
chr11	1435000	1440000	63.69435054239435	1437500
chr11	1440000	1445000	36.39398023114961	1442500
chr11	1445000	1450000	43.611205796939686	1447500
chr11	1450000	1455000	42.568637190131454	1452500
chr11	1455000	1460000	36.88191811008657	1457500
chr11	1460000	1465000	24.816040545444583	1462500
chr11	1465000	1470000	31.360975227446687	1467500
chr11	1470000	1475000	22.765619437901453	1472500
chr11	1475000	1480000	31.542447917769366	1477500
chr11	1480000	1485000	41.51749409037774	1482500
chr11	1485000	1490000	54.84615557817821	1487500
chr11	1490000	1495000	46.46490153256184	1492500
chr11	1495000	1500000	40.56534567546974	1497500
chr11	1500000	1505000	38.41450765243631	1502500
chr11	1505000	1510000	38.13830759737302	1507500
chr11	1510000	1515000	39.749134278175106	1512500
chr11	1515000	1520000	39.469481641122904	1517500
chr11	1520000	1525000	40.05151028662681	1522500
chr11	1525000	1530000	39.47957306522691	1527500
chr11	1530000	1535000	38.929574283437965	1532500
chr11	1535000	1540000	40.567881446562176	1537500
chr11	1540000	1545000	39.61361935313686	1542500
chr11	1545000	1550000	42.05837565141198	1547500
chr11	1550000	1555000	40.37054064314394	1552500
chr11	1555000	1560000	38.62382205972321	1557500
chr11	1560000	1565000	38.210530856564255	1562500
chr11	1565000	1570000	39.43580945569666	1567500
chr11	1570000	1575000	37.55900495549665	1572500
chr11	1575000	1580000	43.43832896899642	1577500
chr11	1580000	1585000	53.743025397122885	1582500
chr11	1585000	1590000	59.90276032351628	1587500
chr11	1590000	1595000	55.6408800439653	1592500
chr11	1595000	1600000	63.584230048821716	1597500
chr11	1600000	1605000	63.94933209095011	1602500
chr11	1605000	1610000	71.35631684605785	1607500
chr11	1610000	1615000	92.64619689974667	1612500
chr11	1615000	1620000	60.76957718634498	1617500
chr11	1620000	1625000	60.403523413182604	1622500
chr11	1625000	1630000	58.49082041649099	1627500
chr11	1630000	1635000	54.08335155437173	1632500
chr11	1635000	1640000	69.38556941626534	1637500
chr11	1640000	1645000	67.96686253547982	1642500
chr11	1645000	1650000	59.249480709184716	1647500
chr11	1650000	1655000	28.615102332492434	1652500
chr11	1655000	1660000	27.996615363966793	1657500
chr11	1660000	1665000	25.258920243520826	1662500
chr11	1665000	1670000	37.977765131962144	1667500
chr11	1670000	1675000	34.15923956044166	1672500
chr11	1675000	1680000	63.17462843909325	1677500
chr11	1680000	1685000	62.67313692344363	1682500
chr11	1685000	1690000	48.01990260322017	1687500
chr11	1690000	1695000	53.242133340476364	1692500
chr11	1695000	1700000	54.84217663573792	1697500
chr11	1700000	1705000	59.99172715270596	1702500
chr11	1705000	1710000	53.88590764454744	1707500
chr11	1710000	1715000	52.90929553509783	1712500
chr11	1715000	1720000	53.93196323272995	1717500
chr11	1720000	1725000	60.28281637016628	1722500
chr11	1725000	1730000	43.158263299689445	1727500
chr11	1730000	1735000	47.19589268131064	1732500
chr11	1735000	1740000	50.94905444298773	1737500
chr11	1740000	1745000	50.529605943290456	1742500
chr11	1745000	1750000	46.43289244079031	1747500
chr11	1750000	1755000	47.542839230908484	1752500
chr11	1755000	1760000	47.951691314895506	1757500
chr11	1760000	1765000	48.53303614384001	1762500
chr11	1765000	1770000	45.75027702835883	1767500
chr11	1770000	1775000	48.97714724263061	1772500
chr11	1775000	1780000	51.04958915576648	1777500
chr11	1780000	1785000	50.47485051338388	1782500
chr11	1785000	1790000	50.08712410426456	1787500
chr11	1790000	1795000	49.48588283527229	1792500
chr11	1795000	1800000	50.93385833370066	1797500
chr11	1800000	1805000	47.68178004306864	1802500
chr11	1805000	1810000	50.9171167152214	1807500
chr11	1810000	1815000	50.424521914623895	1812500
chr11	1815000	1820000	48.96695066464686	1817500
chr11	1820000	1825000	52.97343826186899	1822500
chr11	1825000	1830000	51.016934550722695	1827500
chr11	1830000	1835000	51.99451913853806	1832500
chr11	1835000	1840000	53.73011509866974	1837500
chr11	1840000	1845000	59.36771416373441	1842500
chr11	1845000	1850000	57.266068911658884	1847500
chr11	1850000	1855000	52.83517957472578	1852500
chr11	1855000	1860000	52.19637567045481	1857500
chr11	1860000	1865000	53.709465861486485	1862500
chr11	1865000	1870000	54.98564564612272	1867500
chr11	1870000	1875000	53.045020130249306	1872500
chr11	1875000	1880000	56.173793546099	1877500
chr11	1880000	1885000	54.271361981704615	1882500
chr11	1885000	1890000	55.03393725984826	1887500
chr11	1890000	1895000	57.39131008171155	1892500
chr11	1895000	1900000	57.59934000538594	1897500
chr11	1900000	1905000	60.65388952746132	1902500
chr11	1905000	1910000	61.546671787250055	1907500
chr11	1910000	1915000	44.709611619386294	1912500
chr11	1915000	1920000	33.26671314262058	1917500
chr11	1920000	1925000	33.83386931798107	1922500
chr11	1925000	1930000	29.434807590915938	1927500
chr11	1930000	1935000	25.00617104007258	1932500
chr11	1935000	1940000	22.88481393263683	1937500
chr11	1940000	1945000	25.66866143549894	1942500
chr11	1945000	1950000	43.34921804737882	1947500
chr11	1950000	1955000	29.30635595366214	1952500
chr11	1955000	1960000	35.08283470097185	1957500
chr11	1960000	1965000	44.93179090486839	1962500
chr11	1965000	1970000	56.69025065776214	1967500
chr11	1970000	1975000	61.24612448019685	1972500
chr11	1975000	1980000	35.09899427660616	1977500
chr11	1980000	1985000	20.893362924281956	1982500
chr11	1985000	1990000	31.184409786089688	1987500
chr11	1990000	1995000	50.91335503752095	1992500
chr11	1995000	2000000	57.106402491717894	1997500
chr11	2000000	2005000	58.97945133078332	2002500
chr11	2005000	2010000	58.61795896776536	2007500
chr11	2010000	2015000	91.3430666253422	2012500
chr11	2015000	2020000	75.2632651843711	2017500
chr11	2020000	2025000	50.636075703626005	2022500
chr11	2025000	2030000	59.12901619219659	2027500
chr11	2030000	2035000	58.61560576456708	2032500
chr11	2035000	2040000	51.497292112722164	2037500
chr11	2040000	2045000	44.304604414667125	2042500
chr11	2045000	2050000	54.449195275066	2047500
chr11	2050000	2055000	55.79045101954986	2052500
chr11	2055000	2060000	68.6530238720956	2057500
chr11	2060000	2065000	44.52065746555008	2062500
chr11	2065000	2070000	60.73557508742177	2067500
chr11	2070000	2075000	61.18809204901537	2072500
chr11	2075000	2080000	59.31971994113106	2077500
chr11	2080000	2085000	54.12596492414838	2082500
chr11	2085000	2090000	64.31518810386495	2087500
chr11	2090000	2095000	67.05044798552652	2092500
chr11	2095000	2100000	57.13719258949084	2097500
chr11	2100000	2105000	54.02173849355576	2102500
chr11	2105000	2110000	55.321712740028886	2107500
chr11	2110000	2115000	55.09517161951858	2112500
chr11	2115000	2120000	53.33193531340544	2117500
chr11	2120000	2125000	54.601781556246834	2122500
chr11	2125000	2130000	51.67132475475049	2127500
chr11	2130000	2135000	65.84587549121582	2132500
chr11	2135000	2140000	66.0360133047132	2137500
chr11	2140000	2145000	58.455972678531126	2142500
chr11	2145000	2150000	52.19931191511565	2147500
chr11	2150000	2155000	46.76756179368629	2152500
chr11	2155000	2160000	48.959483601927175	2157500
chr11	2160000	2165000	50.70368619453949	2162500
chr11	2165000	2170000	43.15489425709095	2167500
chr11	2170000	2175000	51.73097796486472	2172500
chr11	2175000	2180000	54.78476609675475	2177500
chr11	2180000	2185000	45.952455871572695	2182500
chr11	2185000	2190000	48.74818780164679	2187500
chr11	2190000	2195000	49.44561841193662	2192500
chr11	2195000	2200000	53.69920045029972	2197500
chr11	2200000	2205000	48.9628733415955	2202500
chr11	2205000	2210000	40.857989874651906	2207500
chr11	2210000	2215000	33.31566350126713	2212500
chr11	2215000	2220000	43.186450026972125	2217500
chr11	2220000	2225000	39.4135833310873	2222500
chr11	2225000	2230000	51.08442300023033	2227500
chr11	2230000	2235000	59.209251211517284	2232500
chr11	2235000	2240000	60.26155747943323	2237500
chr11	2240000	2245000	64.01779067768004	2242500
chr11	2245000	2250000	60.355538012274565	2247500
chr11	2250000	2255000	60.05355248454389	2252500
chr11	2255000	2260000	65.90464961280988	2257500
chr11	2260000	2265000	61.12139911210851	2262500
chr11	2265000	2270000	67.65513084918317	2267500
chr11	2270000	2275000	63.41860441038041	2272500
chr11	2275000	2280000	58.32984880190519	2277500
chr11	2280000	2285000	60.00817221089804	2282500
chr11	2285000	2290000	56.988304341912055	2287500
chr11	2290000	2295000	52.05279339066891	2292500
chr11	2295000	2300000	55.7124647288476	2297500
chr11	2300000	2305000	46.39451730838326	2302500
chr11	2305000	2310000	39.3990595483805	2307500
chr11	2310000	2315000	46.399362856383114	2312500
chr11	2315000	2320000	47.07940790392918	2317500
chr11	2320000	2325000	83.18211191612049	2322500
chr11	2325000	2330000	41.66244535640736	2327500
chr11	2330000	2335000	54.36784695364781	2332500
chr11	2335000	2340000	45.76221585560926	2337500
chr11	2340000	2345000	38.53478211924295	2342500
chr11	2345000	2350000	21.119635026219736	2347500
chr11	2350000	2355000	23.4257027798561	2352500
chr11	2355000	2360000	38.72679358724265	2357500
chr11	2360000	2365000	25.419431430001165	2362500
chr11	2365000	2370000	34.426331050952314	2367500
chr11	2370000	2375000	32.04355889893311	2372500
chr11	2375000	2380000	34.737187541477354	2377500
chr11	2380000	2385000	23.412297921231023	2382500
chr11	2385000	2390000	27.84224914457646	2387500
chr11	2390000	2395000	25.302891861454935	2392500
chr11	2395000	2400000	27.557853409222542	2397500
chr11	2400000	2405000	32.225502974937875	2402500
chr11	2405000	2410000	31.77451476020281	2407500
chr11	2410000	2415000	24.326989212368993	2412500
chr11	2415000	2420000	29.36787662122008	2417500
chr11	2420000	2425000	27.617575079222103	2422500
chr11	2425000	2430000	32.44158361054349	2427500
chr11	2430000	2435000	34.1557998175526	2432500
chr11	2435000	2440000	29.778280261554308	2437500
chr11	2440000	2445000	32.1711191853219	2442500
chr11	2445000	2450000	29.547679087458217	2447500
chr11	2450000	2455000	27.40217513159416	2452500
chr11	2455000	2460000	31.092879879658405	2457500
chr11	2460000	2465000	27.011857558530583	2462500
chr11	2465000	2470000	23.68939824187078	2467500
chr11	2470000	2475000	24.743926400283957	2472500
chr11	2475000	2480000	30.490380537845418	2477500
chr11	2480000	2485000	31.091738389403194	2482500
chr11	2485000	2490000	30.895050300087767	2487500
chr11	2490000	2495000	25.876620312419348	2492500
chr11	2495000	2500000	23.46226810080671	2497500
chr11	2500000	2505000	25.374282966968398	2502500
chr11	2505000	2510000	25.394287091754308	2507500
chr11	2510000	2515000	24.930478019269003	2512500
chr11	2515000	2520000	30.916760631397242	2517500
chr11	2520000	2525000	31.079340898176433	2522500
chr11	2525000	2530000	30.73992960483864	2527500
chr11	2530000	2535000	37.29764591087386	2532500
chr11	2535000	2540000	23.096828625715524	2537500
chr11	2540000	2545000	26.00140677235186	2542500
chr11	2545000	2550000	24.634467056627216	2547500
chr11	2550000	2555000	24.40255215999747	2552500
chr11	2555000	2560000	31.288682454913914	2557500
chr11	2560000	2565000	26.53011873356639	2562500
chr11	2565000	2570000	22.974231002617	2567500
chr11	2570000	2575000	18.842851745485216	2572500
chr11	2575000	2580000	25.314691103759674	2577500
chr11	2580000	2585000	30.226521733647942	2582500
chr11	2585000	2590000	22.1801268051701	2587500
chr11	2590000	2595000	25.72869219207605	2592500
chr11	2595000	2600000	26.19789151700184	2597500
chr11	2600000	2605000	29.595051612912883	2602500
chr11	2605000	2610000	27.216151998345044	2607500
chr11	2610000	2615000	25.80851091454225	2612500
chr11	2615000	2620000	26.756968337614204	2617500
chr11	2620000	2625000	28.334691562482465	2622500
chr11	2625000	2630000	31.675775114413298	2627500
chr11	2630000	2635000	30.883068667078916	2632500
chr11	2635000	2640000	30.706674044821078	2637500
chr11	2640000	2645000	22.666451063742834	2642500
chr11	2645000	2650000	31.12021646490011	2647500
chr11	2650000	2655000	38.73747484419645	2652500
chr11	2655000	2660000	33.102047854332824	2657500
chr11	2660000	2665000	29.70243447462812	2662500
chr11	2665000	2670000	33.163027805001455	2667500
chr11	2670000	2675000	31.797831622233446	2672500
chr11	2675000	2680000	35.224002931328585	2677500
chr11	2680000	2685000	34.9818432135733	2682500
chr11	2685000	2690000	27.55217222038933	2687500
chr11	2690000	2695000	30.25902861211855	2692500
chr11	2695000	2700000	31.687647903680958	2697500
chr11	2700000	2705000	35.50530399391269	2702500
chr11	2705000	2710000	27.599087835675906	2707500
chr11	2710000	2715000	28.204325774499154	2712500
chr11	2715000	2720000	31.31350786825513	2717500
chr11	2720000	2725000	41.13003212362684	2722500
chr11	2725000	2730000	49.22916508027719	2727500
chr11	2730000	2735000	50.99076534674401	2732500
chr11	2735000	2740000	34.971436142872214	2737500
chr11	2740000	2745000	43.34133703951044	2742500
chr11	2745000	2750000	45.34215437011102	2747500
chr11	2750000	2755000	36.29196570630913	2752500
chr11	2755000	2760000	29.30457757895287	2757500
chr11	2760000	2765000	33.05722335935196	2762500
chr11	2765000	2770000	21.78209780683197	2767500
chr11	2770000	2775000	24.028945478641198	2772500
chr11	2775000	2780000	22.345281361720595	2777500
chr11	2780000	2785000	20.495242408162518	2782500
chr11	2785000	2790000	33.72643309339372	2787500
chr11	2790000	2795000	34.361635215867125	2792500
chr11	2795000	2800000	25.294657259088037	2797500
chr11	2800000	2805000	32.241072315402285	2802500
chr11	2805000	2810000	38.17016842517789	2807500
chr11	2810000	2815000	36.49481639363476	2812500
chr11	2815000	2820000	32.409272052955934	2817500
chr11	2820000	2825000	26.626772727023372	2822500
chr11	2825000	2830000	28.779865077840135	2827500
chr11	2830000	2835000	24.930151415476484	2832500
chr11	2835000	2840000	29.212898323975562	2837500
chr11	2840000	2845000	38.82649478259525	2842500
chr11	2845000	2850000	39.43286921216179	2847500
chr11	2850000	2855000	36.67202129932807	2852500
chr11	2855000	2860000	37.760283207623075	2857500
chr11	2860000	2865000	48.63291443120927	2862500
chr11	2865000	2870000	60.35855254004704	2867500
chr11	2870000	2875000	40.69158158778857	2872500
chr11	2875000	2880000	36.58299550121037	2877500
chr11	2880000	2885000	37.75814888949874	2882500
chr11	2885000	2890000	18.37283918388283	2887500
chr11	2890000	2895000	34.854961427041026	2892500
chr11	2895000	2900000	41.4996795748804	2897500
chr11	2900000	2905000	33.99560677087266	2902500
chr11	2905000	2910000	34.29412952939971	2907500
chr11	2910000	2915000	32.40746552643132	2912500
chr11	2915000	2920000	22.76590916539001	2917500
chr11	2920000	2925000	23.83615258406001	2922500
chr11	2925000	2930000	31.191982326797195	2927500
chr11	2930000	2935000	32.577834722956624	2932500
chr11	2935000	2940000	34.636453727250775	2937500
chr11	2940000	2945000	27.14434022336809	2942500
chr11	2945000	2950000	25.448097433013686	2947500
chr11	2950000	2955000	32.34328420797496	2952500
chr11	2955000	2960000	23.4923038042685	2957500
chr11	2960000	2965000	20.602469463803615	2962500
chr11	2965000	2970000	26.946889442980986	2967500
chr11	2970000	2975000	29.25205746995309	2972500
chr11	2975000	2980000	24.081589507788852	2977500
chr11	2980000	2985000	24.61733185239314	2982500
chr11	2985000	2990000	40.00138628436773	2987500
chr11	2990000	2995000	43.64663061678538	2992500
chr11	2995000	3000000	35.54363271622633	2997500
chr11	3000000	3005000	44.54337493839613	3002500
chr11	3005000	3010000	27.44950621140341	3007500
chr11	3010000	3015000	34.40725541543371	3012500
chr11	3015000	3020000	30.598161991934	3017500
chr11	3020000	3025000	39.48588015946226	3022500
chr11	3025000	3030000	38.09533164131734	3027500
chr11	3030000	3035000	26.188563444538243	3032500
chr11	3035000	3040000	29.410333450166853	3037500
chr11	3040000	3045000	35.7621674945668	3042500
chr11	3045000	3050000	34.50708205341625	3047500
chr11	3050000	3055000	29.632803269735327	3052500
chr11	3055000	3060000	23.562932343905597	3057500
chr11	3060000	3065000	20.08532916077462	3062500
chr11	3065000	3070000	20.696788228201385	3067500
chr11	3070000	3075000	21.983042208186646	3072500
chr11	3075000	3080000	34.546877521296196	3077500
chr11	3080000	3085000	27.590590336354918	3082500
chr11	3085000	3090000	35.95125817718041	3087500
chr11	3090000	3095000	42.92504210549057	3092500
chr11	3095000	3100000	35.590901216333116	3097500
chr11	3100000	3105000	24.868632148943487	3102500
chr11	3105000	3110000	29.13990631927959	3107500
chr11	3110000	3115000	35.01843953792658	3112500
chr11	3115000	3120000	25.923570513356562	3117500
chr11	3120000	3125000	24.434523411061008	3122500
chr11	3125000	3130000	34.264710052865894	3127500
chr11	3130000	3135000	34.87339721940147	3132500
chr11	3135000	3140000	36.852884586927175	3137500
chr11	3140000	3145000	36.65895112399204	3142500
chr11	3145000	3150000	35.76748444479262	3147500
chr11	3150000	3155000	36.499871503116395	3152500
chr11	3155000	3160000	36.4463930542014	3157500
chr11	3160000	3165000	35.24160571902501	3162500
chr11	3165000	3170000	35.55027524864418	3167500
chr11	3170000	3175000	35.6175941393688	3172500
chr11	3175000	3180000	36.14780126642602	3177500
chr11	3180000	3185000	35.58547756366223	3182500
chr11	3185000	3190000	36.295352332219025	3187500
chr11	3190000	3195000	36.36804084980243	3192500
chr11	3195000	3200000	36.460536453806036	3197500
chr11	3200000	3205000	39.80526921316309	3202500
chr11	3205000	3210000	34.21407116994578	3207500
chr11	3210000	3215000	41.634408462783334	3212500
chr11	3215000	3220000	42.166581294020055	3217500
chr11	3220000	3225000	38.89117756455273	3222500
chr11	3225000	3230000	37.48734891896355	3227500
chr11	3230000	3235000	32.941313835043914	3232500
chr11	3235000	3240000	29.135451433270642	3237500
chr11	3240000	3245000	31.438266070860045	3242500
chr11	3245000	3250000	33.337130399392834	3247500
chr11	3250000	3255000	41.16421489416152	3252500
chr11	3255000	3260000	40.85889455205398	3257500
chr11	3260000	3265000	35.48589919884697	3262500
chr11	3265000	3270000	31.463728250625536	3267500
chr11	3270000	3275000	30.730907882753574	3272500
chr11	3275000	3280000	31.419359927811605	3277500
chr11	3280000	3285000	31.39973447535538	3282500
chr11	3285000	3290000	32.38312234886692	3287500
chr11	3290000	3295000	39.22363164157652	3292500
chr11	3295000	3300000	44.588519196555005	3297500
chr11	3300000	3305000	36.316494029047675	3302500
chr11	3305000	3310000	45.6881220721507	3307500
chr11	3310000	3315000	32.070410027199955	3312500
chr11	3315000	3320000	34.77164720167462	3317500
chr11	3320000	3325000	29.209207253967072	3322500
chr11	3325000	3330000	33.42907035272787	3327500
chr11	3330000	3335000	31.23245984675038	3332500
chr11	3335000	3340000	30.841975557944018	3337500
chr11	3340000	3345000	35.11509382634665	3342500
chr11	3345000	3350000	48.2639917467396	3347500
chr11	3350000	3355000	42.9916109146244	3352500
chr11	3355000	3360000	39.833934704604125	3357500
chr11	3360000	3365000	48.27408083628535	3362500
chr11	3365000	3370000	45.54309195652319	3367500
chr11	3370000	3375000	39.77419178558596	3372500
chr11	3375000	3380000	43.72258066054874	3377500
chr11	3380000	3385000	47.26527953582585	3382500
chr11	3385000	3390000	42.19981058035582	3387500
chr11	3390000	3395000	33.83286893053356	3392500
chr11	3395000	3400000	42.25151745305855	3397500
chr11	3400000	3405000	44.253823627646355	3402500
chr11	3405000	3410000	40.543294581859435	3407500
chr11	3410000	3415000	48.243595612476774	3412500
chr11	3415000	3420000	44.18129884643335	3417500
chr11	3420000	3425000	43.86370397077705	3422500
chr11	3425000	3430000	57.25976870018696	3427500
chr11	3430000	3435000	42.72935487247795	3432500
chr11	3435000	3440000	51.33040095918298	3437500
chr11	3440000	3445000	38.60900407301591	3442500
chr11	3445000	3450000	30.65690338219064	3447500
chr11	3450000	3455000	37.45642337278355	3452500
chr11	3455000	3460000	39.827778748837126	3457500
chr11	3460000	3465000	40.66083666841629	3462500
chr11	3465000	3470000	43.68748435615288	3467500
chr11	3470000	3475000	39.691815076711094	3472500
chr11	3475000	3480000	50.93006414733768	3477500
chr11	3480000	3485000	44.81545404421339	3482500
chr11	3485000	3490000	44.85646815863162	3487500
chr11	3490000	3495000	43.279828618606395	3492500
chr11	3495000	3500000	35.98031186674292	3497500
chr11	3500000	3505000	42.830074562549406	3502500
chr11	3505000	3510000	31.132215134120315	3507500
chr11	3510000	3515000	29.883205517777498	3512500
chr11	3515000	3520000	33.00668773684071	3517500
chr11	3520000	3525000	32.83607342444272	3522500
chr11	3525000	3530000	34.926800730892836	3527500
chr11	3530000	3535000	39.22433745061388	3532500
chr11	3535000	3540000	33.41767181979302	3537500
chr11	3540000	3545000	24.288907377151407	3542500
chr11	3545000	3550000	21.57944483745453	3547500
chr11	3550000	3555000	29.242328426314963	3552500
chr11	3555000	3560000	24.56064027355584	3557500
chr11	3560000	3565000	31.04431708950391	3562500
chr11	3565000	3570000	25.2178020851497	3567500
chr11	3570000	3575000	24.93538442290534	3572500
chr11	3575000	3580000	28.264683457857394	3577500
chr11	3580000	3585000	22.898305075967553	3582500
chr11	3585000	3590000	26.98528774696117	3587500
chr11	3590000	3595000	34.81100007731361	3592500
chr11	3595000	3600000	25.686545015421135	3597500
chr11	3600000	3605000	21.401981344890004	3602500
chr11	3605000	3610000	28.748217309506185	3607500
chr11	3610000	3615000	32.60347383390056	3612500
chr11	3615000	3620000	46.89656362026052	3617500
chr11	3620000	3625000	76.29773205495161	3622500
chr11	3625000	3630000	53.37259110435839	3627500
chr11	3630000	3635000	36.865463096428364	3632500
chr11	3635000	3640000	35.89297223914161	3637500
chr11	3640000	3645000	42.158203159037505	3642500
chr11	3645000	3650000	53.77437608243259	3647500
chr11	3650000	3655000	39.883087528385225	3652500
chr11	3655000	3660000	29.36757279206607	3657500
chr11	3660000	3665000	17.28936373412084	3662500
chr11	3665000	3670000	15.113197934178908	3667500
chr11	3670000	3675000	17.04927564035477	3672500
chr11	3675000	3680000	14.287296992615799	3677500
chr11	3680000	3685000	14.452209934182683	3682500
chr11	3685000	3690000	35.79337733613871	3687500
chr11	3690000	3695000	18.835149862839707	3692500
chr11	3695000	3700000	21.726991415106546	3697500
chr11	3700000	3705000	27.32590324768718	3702500
chr11	3705000	3710000	33.914929417081055	3707500
chr11	3710000	3715000	50.07856617971768	3712500
chr11	3715000	3720000	72.80441041643715	3717500
chr11	3720000	3725000	46.69404543651661	3722500
chr11	3725000	3730000	36.08854834370124	3727500
chr11	3730000	3735000	26.820129810314043	3732500
chr11	3735000	3740000	32.45088952520757	3737500
chr11	3740000	3745000	28.190340335572103	3742500
chr11	3745000	3750000	21.062328578616718	3747500
chr11	3750000	3755000	28.044021051573758	3752500
chr11	3755000	3760000	42.15786843700974	3757500
chr11	3760000	3765000	88.71924308937668	3762500
chr11	3765000	3770000	99.22602585120012	3767500
chr11	3770000	3775000	61.760049160299374	3772500
chr11	3775000	3780000	33.851482743629454	3777500
chr11	3780000	3785000	48.66411021315628	3782500
chr11	3785000	3790000	32.411000609176874	3787500
chr11	3790000	3795000	51.4235363515606	3792500
chr11	3795000	3800000	45.3688561275636	3797500
chr11	3800000	3805000	27.025891021324636	3802500
chr11	3805000	3810000	16.613836894357732	3807500
chr11	3810000	3815000	28.623190851993748	3812500
chr11	3815000	3820000	20.754641775990997	3817500
chr11	3820000	3825000	30.531478449185844	3822500
chr11	3825000	3830000	18.83840321441904	3827500
chr11	3830000	3835000	21.55541296322048	3832500
chr11	3835000	3840000	22.895394899972082	3837500
chr11	3840000	3845000	22.41298286684519	3842500
chr11	3845000	3850000	20.346968339670973	3847500
chr11	3850000	3855000	24.36196269470095	3852500
chr11	3855000	3860000	26.015763230189997	3857500
chr11	3860000	3865000	39.51604446395371	3862500
chr11	3865000	3870000	41.44638293597881	3867500
chr11	3870000	3875000	57.50107175406427	3872500
chr11	3875000	3880000	38.00283885753099	3877500
chr11	3880000	3885000	46.621979668286166	3882500
chr11	3885000	3890000	49.573730666198536	3887500
chr11	3890000	3895000	49.158736499571695	3892500
chr11	3895000	3900000	60.94082575957003	3897500
chr11	3900000	3905000	38.317885890966636	3902500
chr11	3905000	3910000	30.21179348324167	3907500
chr11	3910000	3915000	26.567586038825894	3912500
chr11	3915000	3920000	28.096226820745493	3917500
chr11	3920000	3925000	26.445247517625944	3922500
chr11	3925000	3930000	23.04707804013041	3927500
chr11	3930000	3935000	23.825386689537893	3932500
chr11	3935000	3940000	25.527566270615626	3937500
chr11	3940000	3945000	21.862156909031487	3942500
chr11	3945000	3950000	19.549063196732757	3947500
chr11	3950000	3955000	20.730573174812548	3952500
chr11	3955000	3960000	20.926072592352746	3957500
chr11	3960000	3965000	24.397678625892198	3962500
chr11	3965000	3970000	25.698194649324936	3967500
chr11	3970000	3975000	26.52501967822226	3972500
chr11	3975000	3980000	25.013749245274624	3977500
chr11	3980000	3985000	25.93673602853377	3982500
chr11	3985000	3990000	19.991192093364283	3987500
chr11	3990000	3995000	28.89164842132318	3992500
chr11	3995000	4000000	23.90574720826202	3997500
chr11	4000000	4005000	33.133317018449816	4002500
chr11	4005000	4010000	18.308711445257284	4007500
chr11	4010000	4015000	18.265951844048377	4012500
chr11	4015000	4020000	15.82165054375313	4017500
chr11	4020000	4025000	12.561206604937762	4022500
chr11	4025000	4030000	33.18548693860534	4027500
chr11	4030000	4035000	13.874811066125401	4032500
chr11	4035000	4040000	13.273539847036139	4037500
chr11	4040000	4045000	11.463168525905306	4042500
chr11	4045000	4050000	13.436498670050542	4047500
chr11	4050000	4055000	17.94490322702107	4052500
chr11	4055000	4060000	15.569085015622733	4057500
chr11	4060000	4065000	23.181503855727907	4062500
chr11	4065000	4070000	28.483434245660547	4067500
chr11	4070000	4075000	35.4073719666481	4072500
chr11	4075000	4080000	37.159000742974584	4077500
chr11	4080000	4085000	36.19389131414935	4082500
chr11	4085000	4090000	37.24937900714804	4087500
chr11	4090000	4095000	25.124379592102983	4092500
chr11	4095000	4100000	26.61003739246429	4097500
chr11	4100000	4105000	30.528780541620314	4102500
chr11	4105000	4110000	18.20010428273591	4107500
chr11	4110000	4115000	24.06718855730906	4112500
chr11	4115000	4120000	24.07288915338297	4117500
chr11	4120000	4125000	22.428516335457072	4122500
chr11	4125000	4130000	14.813088305636532	4127500
chr11	4130000	4135000	23.51160071974667	4132500
chr11	4135000	4140000	25.841630008938896	4137500
chr11	4140000	4145000	28.460670433797887	4142500
chr11	4145000	4150000	24.874865565032454	4147500
chr11	4150000	4155000	18.25428044875628	4152500
chr11	4155000	4160000	23.370096378249755	4157500
chr11	4160000	4165000	18.548081625698575	4162500
chr11	4165000	4170000	15.788025620029662	4167500
chr11	4170000	4175000	12.878043469068091	4172500
chr11	4175000	4180000	12.134499079673457	4177500
chr11	4180000	4185000	7.348527618917336	4182500
chr11	4185000	4190000	8.728403331634015	4187500
chr11	4190000	4195000	19.321776024399618	4192500
chr11	4195000	4200000	22.817650996293146	4197500
chr11	4200000	4205000	10.772145561914531	4202500
chr11	4205000	4210000	10.328345762777474	4207500
chr11	4210000	4215000	8.155458305900057	4212500
chr11	4215000	4220000	5.789717326365815	4217500
chr11	4220000	4225000	9.259276660563348	4222500
chr11	4225000	4230000	21.266259635201994	4227500
chr11	4230000	4235000	23.295124951969054	4232500
chr11	4235000	4240000	17.570757026316613	4237500
chr11	4240000	4245000	19.85161252447515	4242500
chr11	4245000	4250000	9.751817450861935	4247500
chr11	4250000	4255000	14.171127718730634	4252500
chr11	4255000	4260000	37.59437235540468	4257500
chr11	4260000	4265000	10.81484126109159	4262500
chr11	4265000	4270000	15.115275047674245	4267500
chr11	4270000	4275000	26.316927973409612	4272500
chr11	4275000	4280000	39.52063681216638	4277500
chr11	4280000	4285000	20.02389572757887	4282500
chr11	4285000	4290000	26.82218804993312	4287500
chr11	4290000	4295000	28.76720884042671	4292500
chr11	4295000	4300000	23.547895917061417	4297500
chr11	4300000	4305000	23.129124912197618	4302500
chr11	4305000	4310000	15.148552429821807	4307500
chr11	4310000	4315000	15.589291315757182	4312500
chr11	4315000	4320000	25.680988931220426	4317500
chr11	4320000	4325000	32.56951813683906	4322500
chr11	4325000	4330000	24.740603933951466	4327500
chr11	4330000	4335000	22.20464576904507	4332500
chr11	4335000	4340000	20.05784357565804	4337500
chr11	4340000	4345000	10.813721195591498	4342500
chr11	4345000	4350000	15.708195504232625	4347500
chr11	4350000	4355000	24.44546115054276	4352500
chr11	4355000	4360000	29.05847121928126	4357500
chr11	4360000	4365000	45.574796957132214	4362500
chr11	4365000	4370000	40.52727477201737	4367500
chr11	4370000	4375000	26.511972096307368	4372500
chr11	4375000	4380000	20.572575274105603	4377500
chr11	4380000	4385000	22.761285142581954	4382500
chr11	4385000	4390000	21.33762864365724	4387500
chr11	4390000	4395000	18.322279903783578	4392500
chr11	4395000	4400000	25.536480305828846	4397500
chr11	4400000	4405000	22.75545793987503	4402500
chr11	4405000	4410000	26.271647161879063	4407500
chr11	4410000	4415000	29.957393134261018	4412500
chr11	4415000	4420000	29.2827296617521	4417500
chr11	4420000	4425000	20.914644512610916	4422500
chr11	4425000	4430000	20.6279879173082	4427500
chr11	4430000	4435000	20.69828138569176	4432500
chr11	4435000	4440000	20.021604164032354	4437500
chr11	4440000	4445000	20.108284376724892	4442500
chr11	4445000	4450000	20.82922672880653	4447500
chr11	4450000	4455000	21.406712575574705	4452500
chr11	4455000	4460000	23.46184739485615	4457500
chr11	4460000	4465000	19.912995761208798	4462500
chr11	4465000	4470000	19.694522488389214	4467500
chr11	4470000	4475000	19.87540659331882	4472500
chr11	4475000	4480000	19.599625745821434	4477500
chr11	4480000	4485000	20.173387601912886	4482500
chr11	4485000	4490000	18.1644255279554	4487500
chr11	4490000	4495000	17.160096337651968	4492500
chr11	4495000	4500000	18.35183880287499	4497500
chr11	4500000	4505000	16.841169434655676	4502500
chr11	4505000	4510000	20.309209606974157	4507500
chr11	4510000	4515000	19.130110247818536	4512500
chr11	4515000	4520000	18.586269365982094	4517500
chr11	4520000	4525000	18.377369205651757	4522500
chr11	4525000	4530000	15.331366347230736	4527500
chr11	4530000	4535000	11.104610025288965	4532500
chr11	4535000	4540000	12.651130790056172	4537500
chr11	4540000	4545000	8.162944547786903	4542500
chr11	4545000	4550000	6.79271409414088	4547500
chr11	4550000	4555000	9.943584797522742	4552500
chr11	4555000	4560000	9.1507848341856	4557500
chr11	4560000	4565000	9.342251557913762	4562500
chr11	4565000	4570000	13.127418020935213	4567500
chr11	4570000	4575000	13.613784866342854	4572500
chr11	4575000	4580000	8.109572446586638	4577500
chr11	4580000	4585000	6.543387177894712	4582500
chr11	4585000	4590000	11.461782284973564	4587500
chr11	4590000	4595000	16.819817073731667	4592500
chr11	4595000	4600000	16.234144848053834	4597500
chr11	4600000	4605000	13.811161323082832	4602500
chr11	4605000	4610000	14.350645262137483	4607500
chr11	4610000	4615000	13.520096072999939	4612500
chr11	4615000	4620000	11.871881520946122	4617500
chr11	4620000	4625000	11.817030805787182	4622500
chr11	4625000	4630000	11.508427768129543	4627500
chr11	4630000	4635000	12.542408623579107	4632500
chr11	4635000	4640000	21.139422942820268	4637500
chr11	4640000	4645000	16.218725950155306	4642500
chr11	4645000	4650000	13.221771424136373	4647500
chr11	4650000	4655000	10.13300831375005	4652500
chr11	4655000	4660000	17.866961851879505	4657500
chr11	4660000	4665000	13.212942818644182	4662500
chr11	4665000	4670000	12.329290658023897	4667500
chr11	4670000	4675000	11.664540886847503	4672500
chr11	4675000	4680000	17.216631464472147	4677500
chr11	4680000	4685000	20.903565815292833	4682500
chr11	4685000	4690000	12.932068151346828	4687500
chr11	4690000	4695000	11.52266679866024	4692500
chr11	4695000	4700000	8.014423858775766	4697500
chr11	4700000	4705000	12.05992051569298	4702500
chr11	4705000	4710000	11.303280730918859	4707500
chr11	4710000	4715000	10.205067079318235	4712500
chr11	4715000	4720000	10.977527780261891	4717500
chr11	4720000	4725000	13.634086200363654	4722500
chr11	4725000	4730000	8.782389389151206	4727500
chr11	4730000	4735000	10.193629643461875	4732500
chr11	4735000	4740000	15.55383505169378	4737500
chr11	4740000	4745000	12.895517915173542	4742500
chr11	4745000	4750000	13.630157690227945	4747500
chr11	4750000	4755000	13.246203082752455	4752500
chr11	4755000	4760000	12.601786202265629	4757500
chr11	4760000	4765000	9.755798230175065	4762500
chr11	4765000	4770000	11.528682103277921	4767500
chr11	4770000	4775000	11.578829063739155	4772500
chr11	4775000	4780000	9.373297758279818	4777500
chr11	4780000	4785000	19.23472157258228	4782500
chr11	4785000	4790000	15.295869019129148	4787500
chr11	4790000	4795000	15.64790519228279	4792500
chr11	4795000	4800000	20.91800034633429	4797500
chr11	4800000	4805000	26.269337982365453	4802500
chr11	4805000	4810000	8.961242936197415	4807500
chr11	4810000	4815000	10.765217245520628	4812500
chr11	4815000	4820000	22.719655352785104	4817500
chr11	4820000	4825000	21.87697983529351	4822500
chr11	4825000	4830000	22.588474279402128	4827500
chr11	4830000	4835000	11.308400057441686	4832500
chr11	4835000	4840000	8.236983690938091	4837500
chr11	4840000	4845000	9.064782682015908	4842500
chr11	4845000	4850000	8.366685808267437	4847500
chr11	4850000	4855000	10.323726637163174	4852500
chr11	4855000	4860000	16.335795267548374	4857500
chr11	4860000	4865000	10.80745530210576	4862500
chr11	4865000	4870000	8.581042542606475	4867500
chr11	4870000	4875000	22.12139382729529	4872500
chr11	4875000	4880000	9.041512740845558	4877500
chr11	4880000	4885000	9.75540777588572	4882500
chr11	4885000	4890000	13.14893793798502	4887500
chr11	4890000	4895000	11.993428268512563	4892500
chr11	4895000	4900000	14.490184808233586	4897500
chr11	4900000	4905000	10.996637635824188	4902500
chr11	4905000	4910000	11.964748148788935	4907500
chr11	4910000	4915000	15.610235187166838	4912500
chr11	4915000	4920000	26.12268516413197	4917500
chr11	4920000	4925000	45.508123854484914	4922500
chr11	4925000	4930000	30.09260421458241	4927500
chr11	4930000	4935000	24.264466523309917	4932500
chr11	4935000	4940000	29.60629044472448	4937500
chr11	4940000	4945000	31.02411142190575	4942500
chr11	4945000	4950000	36.212970895321405	4947500
chr11	4950000	4955000	16.272444068166276	4952500
chr11	4955000	4960000	26.93356682915679	4957500
chr11	4960000	4965000	24.72563716709391	4962500
chr11	4965000	4970000	31.72685631167997	4967500
chr11	4970000	4975000	29.256615731978567	4972500
chr11	4975000	4980000	46.63608815542149	4977500
chr11	4980000	4985000	20.659150370707327	4982500
chr11	4985000	4990000	18.48173230944952	4987500
chr11	4990000	4995000	15.76618105931278	4992500
chr11	4995000	5000000	35.81406744494132	4997500
chr11	5000000	5005000	31.876514455613712	5002500
chr11	5005000	5010000	21.69595007554816	5007500
chr11	5010000	5015000	26.793991739812334	5012500
chr11	5015000	5020000	23.17472167389791	5017500
chr11	5020000	5025000	23.526778084174385	5022500
chr11	5025000	5030000	23.633833422784544	5027500
chr11	5030000	5035000	22.960150404467818	5032500
chr11	5035000	5040000	20.380104760601245	5037500
chr11	5040000	5045000	25.706536342754557	5042500
chr11	5045000	5050000	27.80005892398952	5047500
chr11	5050000	5055000	30.122933148072864	5052500
chr11	5055000	5060000	25.19680464184256	5057500
chr11	5060000	5065000	28.267475481799345	5062500
chr11	5065000	5070000	24.152868399671892	5067500
chr11	5070000	5075000	24.181852526404306	5072500
chr11	5075000	5080000	33.98377356364381	5077500
chr11	5080000	5085000	21.96414046543973	5082500
chr11	5085000	5090000	18.875512387336617	5087500
chr11	5090000	5095000	17.368159152446342	5092500
chr11	5095000	5100000	16.437596118140938	5097500
chr11	5100000	5105000	18.496044054686344	5102500
chr11	5105000	5110000	11.954328658416822	5107500
chr11	5110000	5115000	11.700245405367463	5112500
chr11	5115000	5120000	16.05102294717841	5117500
chr11	5120000	5125000	33.498445451402866	5122500
chr11	5125000	5130000	13.304536018019448	5127500
chr11	5130000	5135000	15.298861652078232	5132500
chr11	5135000	5140000	17.467715340987375	5137500
chr11	5140000	5145000	12.814040860110824	5142500
chr11	5145000	5150000	11.729039991886754	5147500
chr11	5150000	5155000	15.608130882205407	5152500
chr11	5155000	5160000	18.54893299878464	5157500
chr11	5160000	5165000	15.373429648857856	5162500
chr11	5165000	5170000	23.38268101481583	5167500
chr11	5170000	5175000	21.42524276815179	5172500
chr11	5175000	5180000	24.680468946986736	5177500
chr11	5180000	5185000	23.243200692180746	5182500
chr11	5185000	5190000	26.591049249060596	5187500
chr11	5190000	5195000	36.08570658897295	5192500
chr11	5195000	5200000	37.612457649645634	5197500
chr11	5200000	5205000	21.03053000588978	5202500
chr11	5205000	5210000	17.875579420219935	5207500
chr11	5210000	5215000	30.3532338609623	5212500
chr11	5215000	5220000	16.437220628473437	5217500
chr11	5220000	5225000	17.74562449623019	5222500
chr11	5225000	5230000	20.79343824020125	5227500
chr11	5230000	5235000	9.571188653607425	5232500
chr11	5235000	5240000	1.5261860345213405	5237500
chr11	5240000	5245000	1.46867371837588	5242500
chr11	5245000	5250000	0.6234193777332039	5247500
chr11	5250000	5255000	0.540929909013164	5252500
chr11	5255000	5260000	0.5409299090131641	5257500
chr11	5260000	5265000	0.5409299090131642	5262500
chr11	5265000	5270000	0.5409299090131642	5267500
chr11	5270000	5275000	0.5981187025059184	5272500
chr11	5275000	5280000	7.9181500617748934	5277500
chr11	5280000	5285000	19.991323854091608	5282500
chr11	5285000	5290000	27.440356614975965	5287500
chr11	5290000	5295000	39.91788617478635	5292500
chr11	5295000	5300000	24.485965982407034	5297500
chr11	5300000	5305000	20.475140736733767	5302500
chr11	5305000	5310000	38.22862367151141	5307500
chr11	5310000	5315000	30.86798975963665	5312500
chr11	5315000	5320000	34.83560809043698	5317500
chr11	5320000	5325000	28.41752468534857	5322500
chr11	5325000	5330000	28.245614306226756	5327500
chr11	5330000	5335000	28.245614306226763	5332500
chr11	5335000	5340000	28.245614306226745	5337500
chr11	5340000	5345000	28.245614306226756	5342500
chr11	5345000	5350000	28.245614306226756	5347500
chr11	5350000	5355000	28.245614306226766	5352500
chr11	5355000	5360000	28.245614306226773	5357500
chr11	5360000	5365000	28.245614306226766	5362500
chr11	5365000	5370000	28.245614306226763	5367500
chr11	5370000	5375000	28.245614306226766	5372500
chr11	5375000	5380000	28.245614306226763	5377500
chr11	5380000	5385000	28.245614306226766	5382500
chr11	5385000	5390000	28.245614306226766	5387500
chr11	5390000	5395000	28.245614306226766	5392500
chr11	5395000	5400000	28.245614306226766	5397500
chr11	5400000	5405000	27.488026972373806	5402500
chr11	5405000	5410000	23.91602394735259	5407500
chr11	5410000	5415000	29.65979317513096	5412500
chr11	5415000	5420000	21.899559965775207	5417500
chr11	5420000	5425000	22.453172534417174	5422500
chr11	5425000	5430000	15.720284021139925	5427500
chr11	5430000	5435000	28.11685397652638	5432500
chr11	5435000	5440000	33.085170052380064	5437500
chr11	5440000	5445000	22.902696708533387	5442500
chr11	5445000	5450000	24.187938065198896	5447500
chr11	5450000	5455000	21.44956698627072	5452500
chr11	5455000	5460000	18.41472540731067	5457500
chr11	5460000	5465000	18.9718220674934	5462500
chr11	5465000	5470000	20.15792868221638	5467500
chr11	5470000	5475000	14.73087098442239	5472500
chr11	5475000	5480000	13.359374791408293	5477500
chr11	5480000	5485000	17.861057705796533	5482500
chr11	5485000	5490000	21.093801399253657	5487500
chr11	5490000	5495000	22.298867900598953	5492500
chr11	5495000	5500000	24.34406518062989	5497500
chr11	5500000	5505000	22.792677130436466	5502500
chr11	5505000	5510000	19.891008974524752	5507500
chr11	5510000	5515000	19.0753541129	5512500
chr11	5515000	5520000	22.85317282699088	5517500
chr11	5520000	5525000	21.936894700555474	5522500
chr11	5525000	5530000	21.955160046642415	5527500
chr11	5530000	5535000	17.544468817311817	5532500
chr11	5535000	5540000	22.49161567208589	5537500
chr11	5540000	5545000	23.728789266983323	5542500
chr11	5545000	5550000	22.253086502769786	5547500
chr11	5550000	5555000	20.989546546896147	5552500
chr11	5555000	5560000	19.996508995014338	5557500
chr11	5560000	5565000	22.506622192150132	5562500
chr11	5565000	5570000	19.558850062257445	5567500
chr11	5570000	5575000	18.497001693210517	5572500
chr11	5575000	5580000	25.23796293272848	5577500
chr11	5580000	5585000	26.656274644771592	5582500
chr11	5585000	5590000	23.38917624112702	5587500
chr11	5590000	5595000	21.255809133302005	5592500
chr11	5595000	5600000	20.88654490469606	5597500
chr11	5600000	5605000	20.413007692734052	5602500
chr11	5605000	5610000	24.77186483375061	5607500
chr11	5610000	5615000	23.343431897516112	5612500
chr11	5615000	5620000	22.630443704079212	5617500
chr11	5620000	5625000	22.40782489872879	5622500
chr11	5625000	5630000	20.88159238486254	5627500
chr11	5630000	5635000	17.598791577255763	5632500
chr11	5635000	5640000	17.685369436840727	5637500
chr11	5640000	5645000	14.92075117868749	5642500
chr11	5645000	5650000	13.18668040069453	5647500
chr11	5650000	5655000	13.13892896018782	5652500
chr11	5655000	5660000	16.650233924232488	5657500
chr11	5660000	5665000	14.11730031138868	5662500
chr11	5665000	5670000	12.867533874351626	5667500
chr11	5670000	5675000	12.458398894307372	5672500
chr11	5675000	5680000	11.83201193479284	5677500
chr11	5680000	5685000	12.185946231976496	5682500
chr11	5685000	5690000	12.604611004446289	5687500
chr11	5690000	5695000	10.08555924961655	5692500
chr11	5695000	5700000	8.432674486740567	5697500
chr11	5700000	5705000	11.561140477648648	5702500
chr11	5705000	5710000	11.582210988460293	5707500
chr11	5710000	5715000	12.536129212341837	5712500
chr11	5715000	5720000	11.519846682511668	5717500
chr11	5720000	5725000	32.211822892029055	5722500
chr11	5725000	5730000	16.333248262313013	5727500
chr11	5730000	5735000	14.485940003625071	5732500
chr11	5735000	5740000	15.569051688821862	5737500
chr11	5740000	5745000	19.203251507143015	5742500
chr11	5745000	5750000	13.929253534801472	5747500
chr11	5750000	5755000	20.481811399636772	5752500
chr11	5755000	5760000	20.69054815239872	5757500
chr11	5760000	5765000	19.047423348209957	5762500
chr11	5765000	5770000	16.638616202896156	5767500
chr11	5770000	5775000	22.27997502379897	5772500
chr11	5775000	5780000	17.672623374684697	5777500
chr11	5780000	5785000	22.541081081368663	5782500
chr11	5785000	5790000	20.950576222012693	5787500
chr11	5790000	5795000	20.142522236775253	5792500
chr11	5795000	5800000	15.77000262476538	5797500
chr11	5800000	5805000	12.978714242885838	5802500
chr11	5805000	5810000	16.19547433793041	5807500
chr11	5810000	5815000	15.819347140468485	5812500
chr11	5815000	5820000	17.672074434664243	5817500
chr11	5820000	5825000	19.238383284677973	5822500
chr11	5825000	5830000	16.804558086832618	5827500
chr11	5830000	5835000	14.69734863568531	5832500
chr11	5835000	5840000	15.111697640746469	5837500
chr11	5840000	5845000	15.480553753945449	5842500
chr11	5845000	5850000	12.904926330477233	5847500
chr11	5850000	5855000	23.536631361195774	5852500
chr11	5855000	5860000	23.553396073541048	5857500
chr11	5860000	5865000	22.21767070736992	5862500
chr11	5865000	5870000	21.81746308244198	5867500
chr11	5870000	5875000	26.856954062726604	5872500
chr11	5875000	5880000	30.721169637572313	5877500
chr11	5880000	5885000	17.665976219831574	5882500
chr11	5885000	5890000	21.01629794986956	5887500
chr11	5890000	5895000	18.565803838686065	5892500
chr11	5895000	5900000	18.342190496728648	5897500
chr11	5900000	5905000	21.895833067252504	5902500
chr11	5905000	5910000	18.2015478128018	5907500
chr11	5910000	5915000	25.56839947542408	5912500
chr11	5915000	5920000	21.593135507521346	5917500
chr11	5920000	5925000	22.66837094952508	5922500
chr11	5925000	5930000	24.929406166236603	5927500
chr11	5930000	5935000	22.171104054063168	5932500
chr11	5935000	5940000	18.798540376250344	5937500
chr11	5940000	5945000	16.428479389111054	5942500
chr11	5945000	5950000	18.524530916477115	5947500
chr11	5950000	5955000	19.84729829141599	5952500
chr11	5955000	5960000	33.87866824352972	5957500
chr11	5960000	5965000	29.138005705271627	5962500
chr11	5965000	5970000	33.11292112994149	5967500
chr11	5970000	5975000	35.04768526255906	5972500
chr11	5975000	5980000	15.565143926275798	5977500
chr11	5980000	5985000	16.65093435439258	5982500
chr11	5985000	5990000	21.22598057546096	5987500
chr11	5990000	5995000	27.714448964912776	5992500
chr11	5995000	6000000	10.937032907117459	5997500
chr11	6000000	6005000	12.511585957186046	6002500
chr11	6005000	6010000	22.152150377175253	6007500
chr11	6010000	6015000	34.26418830510567	6012500
chr11	6015000	6020000	30.982163913198228	6017500
chr11	6020000	6025000	30.661441994708063	6022500
chr11	6025000	6030000	27.375851186477277	6027500
chr11	6030000	6035000	27.782237524099276	6032500
chr11	6035000	6040000	41.37225044023764	6037500
chr11	6040000	6045000	51.49291937825624	6042500
chr11	6045000	6050000	42.47829780547642	6047500
chr11	6050000	6055000	51.12494254039811	6052500
chr11	6055000	6060000	23.754370092761796	6057500
chr11	6060000	6065000	20.133830301745952	6062500
chr11	6065000	6070000	24.54756784711992	6067500
chr11	6070000	6075000	22.77354149434996	6072500
chr11	6075000	6080000	52.10341936026407	6077500
chr11	6080000	6085000	28.986397506777575	6082500
chr11	6085000	6090000	26.99591722205906	6087500
chr11	6090000	6095000	26.838499503407125	6092500
chr11	6095000	6100000	29.103310539867433	6097500
chr11	6100000	6105000	45.619685733991176	6102500
chr11	6105000	6110000	38.142728847537484	6107500
chr11	6110000	6115000	33.83675529523717	6112500
chr11	6115000	6120000	59.40782699753296	6117500
chr11	6120000	6125000	37.59933678793473	6122500
chr11	6125000	6130000	47.303943066006	6127500
chr11	6130000	6135000	30.771236089078904	6132500
chr11	6135000	6140000	32.64611753219393	6137500
chr11	6140000	6145000	35.57552400204831	6142500
chr11	6145000	6150000	31.828294561595026	6147500
chr11	6150000	6155000	33.65093340066547	6152500
chr11	6155000	6160000	34.99157305300273	6157500
chr11	6160000	6165000	25.54270146603403	6162500
chr11	6165000	6170000	33.64912207227563	6167500
chr11	6170000	6175000	26.77708478502467	6172500
chr11	6175000	6180000	18.25317927913223	6177500
chr11	6180000	6185000	18.16779203165087	6182500
chr11	6185000	6190000	18.75484804472073	6187500
chr11	6190000	6195000	17.30902594352393	6192500
chr11	6195000	6200000	27.259840853266443	6197500
chr11	6200000	6205000	11.316276938409036	6202500
chr11	6205000	6210000	11.899755277369808	6207500
chr11	6210000	6215000	13.951391893624336	6212500
chr11	6215000	6220000	13.863994812208622	6217500
chr11	6220000	6225000	12.804307717578324	6222500
chr11	6225000	6230000	11.803678086206823	6227500
chr11	6230000	6235000	16.477200638363602	6232500
chr11	6235000	6240000	20.39729031910998	6237500
chr11	6240000	6245000	13.018841146956918	6242500
chr11	6245000	6250000	11.1807223178531	6247500
chr11	6250000	6255000	10.810679346084	6252500
chr11	6255000	6260000	8.496517663270412	6257500
chr11	6260000	6265000	15.930575293059784	6262500
chr11	6265000	6270000	10.093390463160361	6267500
chr11	6270000	6275000	14.828177733773567	6272500
chr11	6275000	6280000	24.80683109571012	6277500
chr11	6280000	6285000	15.636149031888484	6282500
chr11	6285000	6290000	8.67400400791235	6287500
chr11	6290000	6295000	9.103227585653384	6292500
chr11	6295000	6300000	9.363042276824347	6297500
chr11	6300000	6305000	7.049950681283247	6302500
chr11	6305000	6310000	10.984945496031411	6307500
chr11	6310000	6315000	10.925376706497609	6312500
chr11	6315000	6320000	11.138555732656528	6317500
chr11	6320000	6325000	8.526771334912503	6322500
chr11	6325000	6330000	14.764838757223277	6327500
chr11	6330000	6335000	12.476919703113177	6332500
chr11	6335000	6340000	10.68971344396203	6337500
chr11	6340000	6345000	12.779535962592568	6342500
chr11	6345000	6350000	14.936849155879967	6347500
chr11	6350000	6355000	18.808917373238824	6352500
chr11	6355000	6360000	13.308985931803758	6357500
chr11	6360000	6365000	18.549718417245316	6362500
chr11	6365000	6370000	27.65624078009026	6367500
chr11	6370000	6375000	26.20049959085106	6372500
chr11	6375000	6380000	26.338862620617622	6377500
chr11	6380000	6385000	24.76810931686225	6382500
chr11	6385000	6390000	30.464038441263398	6387500
chr11	6390000	6395000	36.2618147467842	6392500
chr11	6395000	6400000	49.70334973583867	6397500
chr11	6400000	6405000	48.39475302255387	6402500
chr11	6405000	6410000	44.65051940584828	6407500
chr11	6410000	6415000	37.344372796146224	6412500
chr11	6415000	6420000	41.67984885099464	6417500
chr11	6420000	6425000	43.39241861047425	6422500
chr11	6425000	6430000	35.56387916139486	6427500
chr11	6430000	6435000	39.87027938851498	6432500
chr11	6435000	6440000	50.04803618072644	6437500
chr11	6440000	6445000	41.59626760819293	6442500
chr11	6445000	6450000	31.51628519294567	6447500
chr11	6450000	6455000	31.016108634076286	6452500
chr11	6455000	6460000	30.186293558742417	6457500
chr11	6460000	6465000	28.3011213483424	6462500
chr11	6465000	6470000	33.73390991195715	6467500
chr11	6470000	6475000	30.487323228623897	6472500
chr11	6475000	6480000	32.32166469552941	6477500
chr11	6480000	6485000	26.77783966529891	6482500
chr11	6485000	6490000	30.468235122617127	6487500
chr11	6490000	6495000	29.752683073177668	6492500
chr11	6495000	6500000	29.751962180717435	6497500
chr11	6500000	6505000	34.12874024359195	6502500
chr11	6505000	6510000	32.3700559768076	6507500
chr11	6510000	6515000	30.117596442433758	6512500
chr11	6515000	6520000	29.28112611927857	6517500
chr11	6520000	6525000	29.824422859563654	6522500
chr11	6525000	6530000	28.698348490456283	6527500
chr11	6530000	6535000	35.32524494250601	6532500
chr11	6535000	6540000	30.395008988457086	6537500
chr11	6540000	6545000	26.58851812653562	6542500
chr11	6545000	6550000	36.6549734291869	6547500
chr11	6550000	6555000	22.237880284003147	6552500
chr11	6555000	6560000	24.68572267559105	6557500
chr11	6560000	6565000	28.950852162998917	6562500
chr11	6565000	6570000	34.53682561978837	6567500
chr11	6570000	6575000	30.752085481487704	6572500
chr11	6575000	6580000	30.19618515845774	6577500
chr11	6580000	6585000	26.455761195561983	6582500
chr11	6585000	6590000	31.372948569693826	6587500
chr11	6590000	6595000	26.26671359624529	6592500
chr11	6595000	6600000	21.596502220274967	6597500
chr11	6600000	6605000	25.74512575791759	6602500
chr11	6605000	6610000	25.30207387103181	6607500
chr11	6610000	6615000	28.234764316315207	6612500
chr11	6615000	6620000	25.80594274273002	6617500
chr11	6620000	6625000	22.32327188154328	6622500
chr11	6625000	6630000	16.947645216975847	6627500
chr11	6630000	6635000	20.14875137653295	6632500
chr11	6635000	6640000	9.510388395680863	6637500
chr11	6640000	6645000	13.924599910856333	6642500
chr11	6645000	6650000	16.906034520855712	6647500
chr11	6650000	6655000	26.06128351919919	6652500
chr11	6655000	6660000	18.69973472295362	6657500
chr11	6660000	6665000	14.276328532434235	6662500
chr11	6665000	6670000	30.43747093488439	6667500
chr11	6670000	6675000	20.490549156261537	6672500
chr11	6675000	6680000	17.820079160820484	6677500
chr11	6680000	6685000	24.593986573630495	6682500
chr11	6685000	6690000	26.186492986920168	6687500
chr11	6690000	6695000	15.60334781575205	6692500
chr11	6695000	6700000	8.898365565554121	6697500
chr11	6700000	6705000	20.97946594841707	6702500
chr11	6705000	6710000	16.710858709185374	6707500
chr11	6710000	6715000	26.610209779571363	6712500
chr11	6715000	6720000	26.57292789688475	6717500
chr11	6720000	6725000	24.18031462285093	6722500
chr11	6725000	6730000	26.69204956973041	6727500
chr11	6730000	6735000	21.582516220918087	6732500
chr11	6735000	6740000	16.90185641430785	6737500
chr11	6740000	6745000	26.668740600925805	6742500
chr11	6745000	6750000	27.32976826855988	6747500
chr11	6750000	6755000	21.63010239612402	6752500
chr11	6755000	6760000	12.536315767006503	6757500
chr11	6760000	6765000	14.548190437030943	6762500
chr11	6765000	6770000	13.450923926348056	6767500
chr11	6770000	6775000	13.149648128092375	6772500
chr11	6775000	6780000	18.73051956629571	6777500
chr11	6780000	6785000	14.598053500427714	6782500
chr11	6785000	6790000	15.907994764871145	6787500
chr11	6790000	6795000	18.263385104586487	6792500
chr11	6795000	6800000	18.270972758865007	6797500
chr11	6800000	6805000	17.451068490385413	6802500
chr11	6805000	6810000	19.10583706652957	6807500
chr11	6810000	6815000	19.56683177903442	6812500
chr11	6815000	6820000	16.18603891499674	6817500
chr11	6820000	6825000	20.17669246578157	6822500
chr11	6825000	6830000	21.684250642784935	6827500
chr11	6830000	6835000	17.99110758619128	6832500
chr11	6835000	6840000	14.073795854367148	6837500
chr11	6840000	6845000	15.568060085952864	6842500
chr11	6845000	6850000	16.854486293146735	6847500
chr11	6850000	6855000	16.024977819701842	6852500
chr11	6855000	6860000	18.103297071963883	6857500
chr11	6860000	6865000	18.960245707223137	6862500
chr11	6865000	6870000	23.04345404275371	6867500
chr11	6870000	6875000	10.605497776020036	6872500
chr11	6875000	6880000	8.200215977761806	6877500
chr11	6880000	6885000	12.864088714880394	6882500
chr11	6885000	6890000	10.119213946786479	6887500
chr11	6890000	6895000	10.891575053083375	6892500
chr11	6895000	6900000	10.17025622641428	6897500
chr11	6900000	6905000	7.391013260596847	6902500
chr11	6905000	6910000	7.732651014184985	6907500
chr11	6910000	6915000	4.9236240696455535	6912500
chr11	6915000	6920000	13.806691652100147	6917500
chr11	6920000	6925000	18.462767118576323	6922500
chr11	6925000	6930000	6.762464881446864	6927500
chr11	6930000	6935000	20.350662695999787	6932500
chr11	6935000	6940000	12.276792160628247	6937500
chr11	6940000	6945000	8.255115051601614	6942500
chr11	6945000	6950000	9.236497048463821	6947500
chr11	6950000	6955000	7.011865826673897	6952500
chr11	6955000	6960000	10.129210398824195	6957500
chr11	6960000	6965000	15.534773780140942	6962500
chr11	6965000	6970000	11.16423408979371	6967500
chr11	6970000	6975000	11.577874784415137	6972500
chr11	6975000	6980000	12.146354505708215	6977500
chr11	6980000	6985000	11.860448188425554	6982500
chr11	6985000	6990000	11.340431734774251	6987500
chr11	6990000	6995000	12.999493681808715	6992500
chr11	6995000	7000000	12.129212944070263	6997500
chr11	7000000	7005000	13.50667612747124	7002500
chr11	7005000	7010000	14.624688053724498	7007500
chr11	7010000	7015000	13.260686343076467	7012500
chr11	7015000	7020000	12.394309765266058	7017500
chr11	7020000	7025000	13.961865326937035	7022500
chr11	7025000	7030000	15.518386204390662	7027500
chr11	7030000	7035000	12.767650242694312	7032500
chr11	7035000	7040000	12.569621867262184	7037500
chr11	7040000	7045000	14.747579468017083	7042500
chr11	7045000	7050000	12.846288494333507	7047500
chr11	7050000	7055000	12.928593762199284	7052500
chr11	7055000	7060000	17.323406132130902	7057500
chr11	7060000	7065000	9.587602344951456	7062500
chr11	7065000	7070000	13.601907911107793	7067500
chr11	7070000	7075000	16.645917156748176	7072500
chr11	7075000	7080000	14.770177641399744	7077500
chr11	7080000	7085000	20.03194654517115	7082500
chr11	7085000	7090000	23.96625404141178	7087500
chr11	7090000	7095000	24.015334010855536	7092500
chr11	7095000	7100000	13.426481845250022	7097500
chr11	7100000	7105000	14.409588072774492	7102500
chr11	7105000	7110000	11.159853238475646	7107500
chr11	7110000	7115000	10.687040016967488	7112500
chr11	7115000	7120000	6.016995374974639	7117500
chr11	7120000	7125000	8.79853321763464	7122500
chr11	7125000	7130000	10.068318350130271	7127500
chr11	7130000	7135000	9.731815606375486	7132500
chr11	7135000	7140000	13.990702257149904	7137500
chr11	7140000	7145000	9.603587038109204	7142500
chr11	7145000	7150000	14.159386350671946	7147500
chr11	7150000	7155000	10.26220258722133	7152500
chr11	7155000	7160000	24.460961023768547	7157500
chr11	7160000	7165000	9.249160000375833	7162500
chr11	7165000	7170000	13.879032239977175	7167500
chr11	7170000	7175000	11.499334107839116	7172500
chr11	7175000	7180000	7.655474955230544	7177500
chr11	7180000	7185000	4.940938807369616	7182500
chr11	7185000	7190000	14.693914657242694	7187500
chr11	7190000	7195000	7.214366264971243	7192500
chr11	7195000	7200000	13.381786741751121	7197500
chr11	7200000	7205000	9.919509502247077	7202500
chr11	7205000	7210000	10.56445814757894	7207500
chr11	7210000	7215000	9.715209047351642	7212500
chr11	7215000	7220000	8.707494481188439	7217500
chr11	7220000	7225000	6.740216574238399	7222500
chr11	7225000	7230000	11.750605852203739	7227500
chr11	7230000	7235000	11.927777951217365	7232500
chr11	7235000	7240000	11.589152708231374	7237500
chr11	7240000	7245000	10.521724239151657	7242500
chr11	7245000	7250000	12.519845209111137	7247500
chr11	7250000	7255000	15.411328539513644	7252500
chr11	7255000	7260000	9.999534494471337	7257500
chr11	7260000	7265000	11.764530150890186	7262500
chr11	7265000	7270000	16.37164798467543	7267500
chr11	7270000	7275000	28.57511829361224	7272500
chr11	7275000	7280000	21.364568682699105	7277500
chr11	7280000	7285000	21.686649420481825	7282500
chr11	7285000	7290000	20.202574307967144	7287500
chr11	7290000	7295000	26.662493886384038	7292500
chr11	7295000	7300000	17.96053436568567	7297500
chr11	7300000	7305000	17.314921903709187	7302500
chr11	7305000	7310000	11.937734648038381	7307500
chr11	7310000	7315000	8.124038926268096	7312500
chr11	7315000	7320000	5.318531479721369	7317500
chr11	7320000	7325000	8.010969795054296	7322500
chr11	7325000	7330000	12.386332274652275	7327500
chr11	7330000	7335000	8.756807763572986	7332500
chr11	7335000	7340000	6.6330120432718545	7337500
chr11	7340000	7345000	6.937355656006684	7342500
chr11	7345000	7350000	5.568286866396941	7347500
chr11	7350000	7355000	7.647956349037671	7352500
chr11	7355000	7360000	9.153488698265225	7357500
chr11	7360000	7365000	8.1111542989408	7362500
chr11	7365000	7370000	6.240284193946407	7367500
chr11	7370000	7375000	16.79805014686449	7372500
chr11	7375000	7380000	9.412853184312342	7377500
chr11	7380000	7385000	10.95591714457439	7382500
chr11	7385000	7390000	14.30250105075139	7387500
chr11	7390000	7395000	10.491393941802908	7392500
chr11	7395000	7400000	15.577812581511793	7397500
chr11	7400000	7405000	13.849402577406261	7402500
chr11	7405000	7410000	9.419525145374651	7407500
chr11	7410000	7415000	14.328575158230946	7412500
chr11	7415000	7420000	16.17788754444879	7417500
chr11	7420000	7425000	15.307781555375435	7422500
chr11	7425000	7430000	15.487721700189603	7427500
chr11	7430000	7435000	18.704639631076304	7432500
chr11	7435000	7440000	14.90058414578222	7437500
chr11	7440000	7445000	14.012149536730298	7442500
chr11	7445000	7450000	10.709565226756542	7447500
chr11	7450000	7455000	13.013668348261303	7452500
chr11	7455000	7460000	10.238246828677749	7457500
chr11	7460000	7465000	7.07284759627275	7462500
chr11	7465000	7470000	6.719007873055798	7467500
chr11	7470000	7475000	8.248457632294334	7472500
chr11	7475000	7480000	5.664115037310567	7477500
chr11	7480000	7485000	6.461078825190135	7482500
chr11	7485000	7490000	3.256841220649719	7487500
chr11	7490000	7495000	4.358277062577019	7492500
chr11	7495000	7500000	3.7243319535081563	7497500
chr11	7500000	7505000	5.2388730718113585	7502500
chr11	7505000	7510000	4.454804391900957	7507500
chr11	7510000	7515000	16.511416803481666	7512500
chr11	7515000	7520000	12.639103297615737	7517500
chr11	7520000	7525000	11.765271300514442	7522500
chr11	7525000	7530000	11.57819561649504	7527500
chr11	7530000	7535000	10.443555851685117	7532500
chr11	7535000	7540000	10.71434840703827	7537500
chr11	7540000	7545000	11.484703598244591	7542500
chr11	7545000	7550000	12.032411138910442	7547500
chr11	7550000	7555000	10.856696190670247	7552500
chr11	7555000	7560000	9.558371291727319	7557500
chr11	7560000	7565000	11.925486450706398	7562500
chr11	7565000	7570000	11.55363312784944	7567500
chr11	7570000	7575000	11.868667145843451	7572500
chr11	7575000	7580000	11.69070754170875	7577500
chr11	7580000	7585000	12.646575086162096	7582500
chr11	7585000	7590000	11.105780627733514	7587500
chr11	7590000	7595000	10.28103213820749	7592500
chr11	7595000	7600000	9.921462671439006	7597500
chr11	7600000	7605000	10.799380463296648	7602500
chr11	7605000	7610000	10.805780208754626	7607500
chr11	7610000	7615000	11.719675671794448	7612500
chr11	7615000	7620000	9.434304309592967	7617500
chr11	7620000	7625000	13.360346894313652	7622500
chr11	7625000	7630000	8.91566727720388	7627500
chr11	7630000	7635000	10.562105689915322	7632500
chr11	7635000	7640000	7.082266057600772	7637500
chr11	7640000	7645000	6.719410717755218	7642500
chr11	7645000	7650000	8.936394360233459	7647500
chr11	7650000	7655000	9.279005883607422	7652500
chr11	7655000	7660000	6.612506486243997	7657500
chr11	7660000	7665000	5.9823290273548695	7662500
chr11	7665000	7670000	10.643022009374723	7667500
chr11	7670000	7675000	10.888152745061298	7672500
chr11	7675000	7680000	8.299945917597956	7677500
chr11	7680000	7685000	5.4189530583598495	7682500
chr11	7685000	7690000	7.966191094326797	7687500
chr11	7690000	7695000	10.090953311719257	7692500
chr11	7695000	7700000	10.213742626074964	7697500
chr11	7700000	7705000	9.942706155052036	7702500
chr11	7705000	7710000	13.355812773080334	7707500
chr11	7710000	7715000	16.67497924983144	7712500
chr11	7715000	7720000	13.086255599229412	7717500
chr11	7720000	7725000	23.252414085103265	7722500
chr11	7725000	7730000	17.189008146240884	7727500
chr11	7730000	7735000	31.105276562244786	7732500
chr11	7735000	7740000	24.808440447815798	7737500
chr11	7740000	7745000	21.413595626049023	7742500
chr11	7745000	7750000	12.142473197803701	7747500
chr11	7750000	7755000	14.941212839797888	7752500
chr11	7755000	7760000	24.864181330302287	7757500
chr11	7760000	7765000	17.04109933439904	7762500
chr11	7765000	7770000	11.746497137307024	7767500
chr11	7770000	7775000	12.995597700919594	7772500
chr11	7775000	7780000	12.42820224904176	7777500
chr11	7780000	7785000	15.037970553301776	7782500
chr11	7785000	7790000	10.686190268824253	7787500
chr11	7790000	7795000	9.781602929437247	7792500
chr11	7795000	7800000	12.526754342334664	7797500
chr11	7800000	7805000	15.119745784242367	7802500
chr11	7805000	7810000	11.658197619218152	7807500
chr11	7810000	7815000	10.033877135837967	7812500
chr11	7815000	7820000	10.971423686242622	7817500
chr11	7820000	7825000	11.53192308693477	7822500
chr11	7825000	7830000	8.949148155539095	7827500
chr11	7830000	7835000	11.083255241034813	7832500
chr11	7835000	7840000	13.18682130983942	7837500
chr11	7840000	7845000	10.989470901197695	7842500
chr11	7845000	7850000	10.364047169795795	7847500
chr11	7850000	7855000	13.009894122595203	7852500
chr11	7855000	7860000	12.046099119215663	7857500
chr11	7860000	7865000	20.508969299584965	7862500
chr11	7865000	7870000	14.842843179099056	7867500
chr11	7870000	7875000	15.958236998045964	7872500
chr11	7875000	7880000	15.462952654457238	7877500
chr11	7880000	7885000	13.953049133662256	7882500
chr11	7885000	7890000	6.456668070607888	7887500
chr11	7890000	7895000	15.246313999311035	7892500
chr11	7895000	7900000	25.22265024749876	7897500
chr11	7900000	7905000	11.203401521144352	7902500
chr11	7905000	7910000	9.225007128125753	7907500
chr11	7910000	7915000	9.610963188334052	7912500
chr11	7915000	7920000	10.569011999337434	7917500
chr11	7920000	7925000	8.061525552002704	7922500
chr11	7925000	7930000	7.973266872876982	7927500
chr11	7930000	7935000	13.142296003600261	7932500
chr11	7935000	7940000	12.505109579008332	7937500
chr11	7940000	7945000	12.331482645257712	7942500
chr11	7945000	7950000	11.57978838856738	7947500
chr11	7950000	7955000	8.671041252923631	7952500
chr11	7955000	7960000	7.144207534633519	7957500
chr11	7960000	7965000	10.512941288771017	7962500
chr11	7965000	7970000	9.205141029253198	7967500
chr11	7970000	7975000	13.832959526782385	7972500
chr11	7975000	7980000	9.502833316552191	7977500
chr11	7980000	7985000	9.542238667508785	7982500
chr11	7985000	7990000	14.93356417307669	7987500
chr11	7990000	7995000	12.669031423894014	7992500
chr11	7995000	8000000	14.519650509575582	7997500
chr11	8000000	8005000	13.086272949291743	8002500
chr11	8005000	8010000	14.39551661499757	8007500
chr11	8010000	8015000	17.367039415695555	8012500
chr11	8015000	8020000	16.560494937151297	8017500
chr11	8020000	8025000	17.040143652523025	8022500
chr11	8025000	8030000	16.511447580933837	8027500
chr11	8030000	8035000	11.724231090237279	8032500
chr11	8035000	8040000	14.47694309457129	8037500
chr11	8040000	8045000	17.99494185659445	8042500
chr11	8045000	8050000	24.362986597474443	8047500
chr11	8050000	8055000	18.20364293135292	8052500
chr11	8055000	8060000	12.891992330825339	8057500
chr11	8060000	8065000	19.412146936391828	8062500
chr11	8065000	8070000	11.263654176391743	8067500
chr11	8070000	8075000	19.622674345869868	8072500
chr11	8075000	8080000	14.740256698579223	8077500
chr11	8080000	8085000	14.203940372375707	8082500
chr11	8085000	8090000	10.78233217178076	8087500
chr11	8090000	8095000	26.78666696624585	8092500
chr11	8095000	8100000	24.224224820478888	8097500
chr11	8100000	8105000	13.519670234697417	8102500
chr11	8105000	8110000	18.76334818646722	8107500
chr11	8110000	8115000	33.94401893358689	8112500
chr11	8115000	8120000	32.16731213343999	8117500
chr11	8120000	8125000	21.00993490725978	8122500
chr11	8125000	8130000	36.54437502672007	8127500
chr11	8130000	8135000	29.060787372151523	8132500
chr11	8135000	8140000	48.200652301492575	8137500
chr11	8140000	8145000	34.14105899066022	8142500
chr11	8145000	8150000	30.365085008340053	8147500
chr11	8150000	8155000	19.994205550157094	8152500
chr11	8155000	8160000	24.67062138562103	8157500
chr11	8160000	8165000	30.415917095381843	8162500
chr11	8165000	8170000	34.209610760399144	8167500
chr11	8170000	8175000	29.541772597523657	8172500
chr11	8175000	8180000	26.362755147557117	8177500
chr11	8180000	8185000	19.6281844571627	8182500
chr11	8185000	8190000	12.35182854047824	8187500
chr11	8190000	8195000	16.06975708871822	8192500
chr11	8195000	8200000	17.46681058281287	8197500
chr11	8200000	8205000	8.979797540654655	8202500
chr11	8205000	8210000	7.090929343101901	8207500
chr11	8210000	8215000	6.848229288135041	8212500
chr11	8215000	8220000	4.169923015199964	8217500
chr11	8220000	8225000	4.942492850493723	8222500
chr11	8225000	8230000	23.9948912372615	8227500
chr11	8230000	8235000	26.368845063145898	8232500
chr11	8235000	8240000	10.173096060823548	8237500
chr11	8240000	8245000	10.455601968460826	8242500
chr11	8245000	8250000	6.901009211733461	8247500
chr11	8250000	8255000	7.510777535140765	8252500
chr11	8255000	8260000	10.193139894085231	8257500
chr11	8260000	8265000	9.823858114551387	8262500
chr11	8265000	8270000	8.354660834901969	8267500
chr11	8270000	8275000	7.497013571271407	8272500
chr11	8275000	8280000	8.098007599101173	8277500
chr11	8280000	8285000	8.255714845431738	8282500
chr11	8285000	8290000	10.648535604616859	8287500
chr11	8290000	8295000	8.108521330919977	8292500
chr11	8295000	8300000	9.965982383670069	8297500
chr11	8300000	8305000	8.822925363763625	8302500
chr11	8305000	8310000	7.61231971815343	8307500
chr11	8310000	8315000	4.458311343630068	8312500
chr11	8315000	8320000	5.800699633107643	8317500
chr11	8320000	8325000	5.407694499786387	8322500
chr11	8325000	8330000	10.261749867809888	8327500
chr11	8330000	8335000	6.915872096726574	8332500
chr11	8335000	8340000	9.151875576590085	8337500
chr11	8340000	8345000	10.060602727391316	8342500
chr11	8345000	8350000	9.667157024244297	8347500
chr11	8350000	8355000	14.915884943799917	8352500
chr11	8355000	8360000	13.357555873458312	8357500
chr11	8360000	8365000	16.16301705621015	8362500
chr11	8365000	8370000	16.114138271688056	8367500
chr11	8370000	8375000	12.674212463561574	8372500
chr11	8375000	8380000	17.074582356518167	8377500
chr11	8380000	8385000	13.88293484466021	8382500
chr11	8385000	8390000	12.971279634249912	8387500
chr11	8390000	8395000	16.05550580280895	8392500
chr11	8395000	8400000	16.266181592706562	8397500
chr11	8400000	8405000	14.542510444571	8402500
chr11	8405000	8410000	12.093859590020868	8407500
chr11	8410000	8415000	9.954523017194132	8412500
chr11	8415000	8420000	13.33938646136074	8417500
chr11	8420000	8425000	24.467749612587717	8422500
chr11	8425000	8430000	25.6535395058759	8427500
chr11	8430000	8435000	15.996281472759305	8432500
chr11	8435000	8440000	19.519292906250623	8437500
chr11	8440000	8445000	38.5222102316312	8442500
chr11	8445000	8450000	31.02799972776237	8447500
chr11	8450000	8455000	13.182806912248166	8452500
chr11	8455000	8460000	24.222393791659194	8457500
chr11	8460000	8465000	17.075524354828	8462500
chr11	8465000	8470000	15.591499262621541	8467500
chr11	8470000	8475000	17.57367058355316	8472500
chr11	8475000	8480000	16.36681978584604	8477500
chr11	8480000	8485000	22.095091728642917	8482500
chr11	8485000	8490000	33.05972000204822	8487500
chr11	8490000	8495000	21.868041375925365	8492500
chr11	8495000	8500000	22.9995677464438	8497500
chr11	8500000	8505000	18.95867608754426	8502500
chr11	8505000	8510000	21.840315141921963	8507500
chr11	8510000	8515000	19.712688923273603	8512500
chr11	8515000	8520000	18.0358937157672	8517500
chr11	8520000	8525000	19.604134278611806	8522500
chr11	8525000	8530000	20.703104710383684	8527500
chr11	8530000	8535000	22.47747715186634	8532500
chr11	8535000	8540000	21.379707887558414	8537500
chr11	8540000	8545000	20.86922271180765	8542500
chr11	8545000	8550000	20.83504007817761	8547500
chr11	8550000	8555000	22.18304163208003	8552500
chr11	8555000	8560000	20.39072567106827	8557500
chr11	8560000	8565000	20.983716988681454	8562500
chr11	8565000	8570000	22.210591162743285	8567500
chr11	8570000	8575000	20.595609355076856	8572500
chr11	8575000	8580000	20.120716723953745	8577500
chr11	8580000	8585000	20.59079895376534	8582500
chr11	8585000	8590000	22.966207523049388	8587500
chr11	8590000	8595000	18.31686923201963	8592500
chr11	8595000	8600000	23.227854195637175	8597500
chr11	8600000	8605000	18.414505325314988	8602500
chr11	8605000	8610000	19.901057187167492	8607500
chr11	8610000	8615000	22.780939405766286	8612500
chr11	8615000	8620000	22.5061560417905	8617500
chr11	8620000	8625000	18.57366881777931	8622500
chr11	8625000	8630000	15.593538557173288	8627500
chr11	8630000	8635000	18.55707017193855	8632500
chr11	8635000	8640000	14.804707887949299	8637500
chr11	8640000	8645000	19.78429306000665	8642500
chr11	8645000	8650000	21.769199819043347	8647500
chr11	8650000	8655000	18.50933740201505	8652500
chr11	8655000	8660000	18.89711157837574	8657500
chr11	8660000	8665000	19.52724885798516	8662500
chr11	8665000	8670000	17.59954630994881	8667500
chr11	8670000	8675000	19.125015278534494	8672500
chr11	8675000	8680000	22.375105272988225	8677500
chr11	8680000	8685000	16.89815598689913	8682500
chr11	8685000	8690000	16.2029568708472	8687500
chr11	8690000	8695000	14.01288056512601	8692500
chr11	8695000	8700000	12.369084760575527	8697500
chr11	8700000	8705000	11.751613373975868	8702500
chr11	8705000	8710000	12.69311876201279	8707500
chr11	8710000	8715000	14.698050971019462	8712500
chr11	8715000	8720000	16.590245220313452	8717500
chr11	8720000	8725000	15.438474983634405	8722500
chr11	8725000	8730000	17.234831646546006	8727500
chr11	8730000	8735000	11.352648869427316	8732500
chr11	8735000	8740000	13.219498608258439	8737500
chr11	8740000	8745000	14.77027959765137	8742500
chr11	8745000	8750000	15.534155676591942	8747500
chr11	8750000	8755000	19.292110672004323	8752500
chr11	8755000	8760000	18.38243714130362	8757500
chr11	8760000	8765000	17.659722159319937	8762500
chr11	8765000	8770000	12.091543701373968	8767500
chr11	8770000	8775000	18.235589828830374	8772500
chr11	8775000	8780000	16.357983247756227	8777500
chr11	8780000	8785000	21.612738289423444	8782500
chr11	8785000	8790000	42.86803514391364	8787500
chr11	8790000	8795000	36.80029741752152	8792500
chr11	8795000	8800000	28.88624985456114	8797500
chr11	8800000	8805000	31.758408967342763	8802500
chr11	8805000	8810000	33.96040879136416	8807500
chr11	8810000	8815000	19.660234642969154	8812500
chr11	8815000	8820000	20.245526530677665	8817500
chr11	8820000	8825000	22.221899320788598	8822500
chr11	8825000	8830000	18.42752507918076	8827500
chr11	8830000	8835000	18.250037749362317	8832500
chr11	8835000	8840000	17.9850838103996	8837500
chr11	8840000	8845000	18.271251261164878	8842500
chr11	8845000	8850000	15.784760880260585	8847500
chr11	8850000	8855000	14.967809563093917	8852500
chr11	8855000	8860000	17.09979742635988	8857500
chr11	8860000	8865000	17.254485220835246	8862500
chr11	8865000	8870000	8.296536183049081	8867500
chr11	8870000	8875000	7.6278971735119265	8872500
chr11	8875000	8880000	14.924558079822479	8877500
chr11	8880000	8885000	5.57624845715969	8882500
chr11	8885000	8890000	12.10507812054396	8887500
chr11	8890000	8895000	21.342371747262224	8892500
chr11	8895000	8900000	21.027558042997725	8897500
chr11	8900000	8905000	15.070792755736377	8902500
chr11	8905000	8910000	10.232693204702219	8907500
chr11	8910000	8915000	7.292943676033438	8912500
chr11	8915000	8920000	8.689348695106439	8917500
chr11	8920000	8925000	8.809821233107375	8922500
chr11	8925000	8930000	11.368408665703525	8927500
chr11	8930000	8935000	10.090679584192074	8932500
chr11	8935000	8940000	8.89231241403257	8937500
chr11	8940000	8945000	8.097325754349608	8942500
chr11	8945000	8950000	10.937077299993128	8947500
chr11	8950000	8955000	7.242278121988893	8952500
chr11	8955000	8960000	8.682827721981631	8957500
chr11	8960000	8965000	5.043730700394538	8962500
chr11	8965000	8970000	5.112346081742931	8967500
chr11	8970000	8975000	5.595395187494847	8972500
chr11	8975000	8980000	5.988576352172274	8977500
chr11	8980000	8985000	10.524382033127878	8982500
chr11	8985000	8990000	8.122138881528207	8987500
chr11	8990000	8995000	6.89484806242231	8992500
chr11	8995000	9000000	5.458238033260852	8997500
chr11	9000000	9005000	7.097838723912828	9002500
chr11	9005000	9010000	5.555313525455566	9007500
chr11	9010000	9015000	15.853960552205717	9012500
chr11	9015000	9020000	17.124723940336136	9017500
chr11	9020000	9025000	9.42744166722922	9022500
chr11	9025000	9030000	5.3405019347112	9027500
chr11	9030000	9035000	6.8958860281544965	9032500
chr11	9035000	9040000	8.557693268041543	9037500
chr11	9040000	9045000	4.8560989966381705	9042500
chr11	9045000	9050000	7.403537102892343	9047500
chr11	9050000	9055000	5.16059641371429	9052500
chr11	9055000	9060000	14.746321722039388	9057500
chr11	9060000	9065000	7.686940073573953	9062500
chr11	9065000	9070000	6.978677772057981	9067500
chr11	9070000	9075000	7.342642090002922	9072500
chr11	9075000	9080000	5.382257941367329	9077500
chr11	9080000	9085000	11.202885805371208	9082500
chr11	9085000	9090000	18.753311389662677	9087500
chr11	9090000	9095000	28.54852541809601	9092500
chr11	9095000	9100000	16.801550614858225	9097500
chr11	9100000	9105000	14.813443711045071	9102500
chr11	9105000	9110000	19.36929196160299	9107500
chr11	9110000	9115000	12.881527038260923	9112500
chr11	9115000	9120000	12.41981080486767	9117500
chr11	9120000	9125000	8.390126710221576	9122500
chr11	9125000	9130000	9.095969820518796	9127500
chr11	9130000	9135000	7.372180030827597	9132500
chr11	9135000	9140000	9.326554019117932	9137500
chr11	9140000	9145000	7.84984247608708	9142500
chr11	9145000	9150000	21.004566349007924	9147500
chr11	9150000	9155000	4.777729649665138	9152500
chr11	9155000	9160000	3.7186621801409743	9157500
chr11	9160000	9165000	3.337284544990601	9162500
chr11	9165000	9170000	4.820841149775046	9167500
chr11	9170000	9175000	16.179560003475725	9172500
chr11	9175000	9180000	21.74234673350756	9177500
chr11	9180000	9185000	7.60486146684113	9182500
chr11	9185000	9190000	16.09470058643753	9187500
chr11	9190000	9195000	12.52689854143811	9192500
chr11	9195000	9200000	8.236711934720883	9197500
chr11	9200000	9205000	10.424905581188064	9202500
chr11	9205000	9210000	12.159522083988955	9207500
chr11	9210000	9215000	14.204822862165827	9212500
chr11	9215000	9220000	10.95495613053144	9217500
chr11	9220000	9225000	19.19348695066745	9222500
chr11	9225000	9230000	6.023042812663394	9227500
chr11	9230000	9235000	20.616828990939574	9232500
chr11	9235000	9240000	5.661022176455705	9237500
chr11	9240000	9245000	5.381780910010875	9242500
chr11	9245000	9250000	3.5401028340528917	9247500
chr11	9250000	9255000	4.537385713117129	9252500
chr11	9255000	9260000	4.976015874231092	9257500
chr11	9260000	9265000	11.48334528878169	9262500
chr11	9265000	9270000	8.850003904221001	9267500
chr11	9270000	9275000	10.30502970254145	9272500
chr11	9275000	9280000	16.19378311254215	9277500
chr11	9280000	9285000	21.23295601804756	9282500
chr11	9285000	9290000	11.480154499577106	9287500
chr11	9290000	9295000	11.629114922947986	9292500
chr11	9295000	9300000	12.1267840193895	9297500
chr11	9300000	9305000	22.164496988201247	9302500
chr11	9305000	9310000	6.650451934681162	9307500
chr11	9310000	9315000	10.279191592101474	9312500
chr11	9315000	9320000	26.771530706911214	9317500
chr11	9320000	9325000	5.824067259572481	9322500
chr11	9325000	9330000	4.639694164396928	9327500
chr11	9330000	9335000	4.191059255616245	9332500
chr11	9335000	9340000	3.6993385965563688	9337500
chr11	9340000	9345000	3.354209997471766	9342500
chr11	9345000	9350000	1.0483043488510697	9347500
chr11	9350000	9355000	7.431686757743179	9352500
chr11	9355000	9360000	4.006849999410561	9357500
chr11	9360000	9365000	1.7280132650646223	9362500
chr11	9365000	9370000	1.3851108080182033	9367500
chr11	9370000	9375000	2.086661087866445	9372500
chr11	9375000	9380000	2.4403614670280747	9377500
chr11	9380000	9385000	8.704244298922983	9382500
chr11	9385000	9390000	4.082834938904124	9387500
chr11	9390000	9395000	4.582697805588394	9392500
chr11	9395000	9400000	4.8637120657597395	9397500
chr11	9400000	9405000	2.04372345995128	9402500
chr11	9405000	9410000	2.4532919520707104	9407500
chr11	9410000	9415000	2.948137810863678	9412500
chr11	9415000	9420000	2.7210561600017056	9417500
chr11	9420000	9425000	5.643564205711802	9422500
chr11	9425000	9430000	3.578350843891068	9427500
chr11	9430000	9435000	2.201487296529755	9432500
chr11	9435000	9440000	4.97180136906132	9437500
chr11	9440000	9445000	3.7873893327459482	9442500
chr11	9445000	9450000	2.806964150393602	9447500
chr11	9450000	9455000	2.091652236158633	9452500
chr11	9455000	9460000	1.8571866751356745	9457500
chr11	9460000	9465000	2.763887411180517	9462500
chr11	9465000	9470000	4.71081191904171	9467500
chr11	9470000	9475000	2.5188806989304653	9472500
chr11	9475000	9480000	4.036232014802207	9477500
chr11	9480000	9485000	3.4359841236845106	9482500
chr11	9485000	9490000	3.88518674048056	9487500
chr11	9490000	9495000	4.3434571967766304	9492500
chr11	9495000	9500000	7.793560589237923	9497500
chr11	9500000	9505000	4.01799211846729	9502500
chr11	9505000	9510000	1.7479680103954873	9507500
chr11	9510000	9515000	0.8129951646640611	9512500
chr11	9515000	9520000	7.333823181909072	9517500
chr11	9520000	9525000	1.7139153094712398	9522500
chr11	9525000	9530000	1.9379580738001816	9527500
chr11	9530000	9535000	2.3021671875163814	9532500
chr11	9535000	9540000	2.7769496229063995	9537500
chr11	9540000	9545000	5.9766779953198	9542500
chr11	9545000	9550000	12.192988426477768	9547500
chr11	9550000	9555000	10.513473479709457	9552500
chr11	9555000	9560000	0.7830411459317915	9557500
chr11	9560000	9565000	7.009453291750467	9562500
chr11	9565000	9570000	23.646600591050944	9567500
chr11	9570000	9575000	4.154721526289753	9572500
chr11	9575000	9580000	6.811209602807823	9577500
chr11	9580000	9585000	8.908714487120903	9582500
chr11	9585000	9590000	9.221018828148615	9587500
chr11	9590000	9595000	6.835052539552931	9592500
chr11	9595000	9600000	14.448633202568574	9597500
chr11	9600000	9605000	7.235863771858232	9602500
chr11	9605000	9610000	6.122978226227494	9607500
chr11	9610000	9615000	4.267355452323732	9612500
chr11	9615000	9620000	6.034795492388069	9617500
chr11	9620000	9625000	11.394837694361202	9622500
chr11	9625000	9630000	5.748200623380531	9627500
chr11	9630000	9635000	7.858318895137959	9632500
chr11	9635000	9640000	19.507716449617096	9637500
chr11	9640000	9645000	9.27880872106706	9642500
chr11	9645000	9650000	10.889054884153026	9647500
chr11	9650000	9655000	8.864067824819006	9652500
chr11	9655000	9660000	6.322779068048018	9657500
chr11	9660000	9665000	7.487465654672183	9662500
chr11	9665000	9670000	7.635860981547751	9667500
chr11	9670000	9675000	5.399592122866809	9672500
chr11	9675000	9680000	2.180073279513559	9677500
chr11	9680000	9685000	2.9094016001051495	9682500
chr11	9685000	9690000	4.470953414889592	9687500
chr11	9690000	9695000	15.480428859489198	9692500
chr11	9695000	9700000	13.918212710163782	9697500
chr11	9700000	9705000	15.398237747912933	9702500
chr11	9705000	9710000	8.001608514785882	9707500
chr11	9710000	9715000	12.126015371358353	9712500
chr11	9715000	9720000	23.354390650709387	9717500
chr11	9720000	9725000	9.0192361642754	9722500
chr11	9725000	9730000	6.2724125919878535	9727500
chr11	9730000	9735000	27.392613204373355	9732500
chr11	9735000	9740000	9.491932083644834	9737500
chr11	9740000	9745000	9.23336241621784	9742500
chr11	9745000	9750000	13.429773610866603	9747500
chr11	9750000	9755000	5.9085149662974805	9752500
chr11	9755000	9760000	18.462449533343616	9757500
chr11	9760000	9765000	7.578440797636726	9762500
chr11	9765000	9770000	10.259529762772894	9767500
chr11	9770000	9775000	15.872537507927658	9772500
chr11	9775000	9780000	17.979266715561437	9777500
chr11	9780000	9785000	18.817386737600426	9782500
chr11	9785000	9790000	18.40750805683179	9787500
chr11	9790000	9795000	40.210684181758324	9792500
chr11	9795000	9800000	16.959293088733066	9797500
chr11	9800000	9805000	25.877841835030495	9802500
chr11	9805000	9810000	21.02784624875062	9807500
chr11	9810000	9815000	18.894044815872874	9812500
chr11	9815000	9820000	16.819705347022843	9817500
chr11	9820000	9825000	21.478152911049953	9822500
chr11	9825000	9830000	15.289584740807205	9827500
chr11	9830000	9835000	10.63480527668804	9832500
chr11	9835000	9840000	6.807828404186771	9837500
chr11	9840000	9845000	8.051209697421198	9842500
chr11	9845000	9850000	5.818046563349025	9847500
chr11	9850000	9855000	4.885422968326417	9852500
chr11	9855000	9860000	6.611492353284106	9857500
chr11	9860000	9865000	7.283905563038146	9862500
chr11	9865000	9870000	6.452862186861622	9867500
chr11	9870000	9875000	7.729545062046052	9872500
chr11	9875000	9880000	5.933289283316901	9877500
chr11	9880000	9885000	7.313296615140525	9882500
chr11	9885000	9890000	7.076964222136426	9887500
chr11	9890000	9895000	8.04080916254545	9892500
chr11	9895000	9900000	8.69290929212672	9897500
chr11	9900000	9905000	8.620749189172095	9902500
chr11	9905000	9910000	5.608374792651224	9907500
chr11	9910000	9915000	6.309881112846407	9912500
chr11	9915000	9920000	6.583667062026374	9917500
chr11	9920000	9925000	7.567342554898434	9922500
chr11	9925000	9930000	9.059785371781949	9927500
chr11	9930000	9935000	9.58829673934504	9932500
chr11	9935000	9940000	8.4636952887695	9937500
chr11	9940000	9945000	7.883669363433497	9942500
chr11	9945000	9950000	7.334462385926837	9947500
chr11	9950000	9955000	10.16627228533739	9952500
chr11	9955000	9960000	10.098808023365647	9957500
chr11	9960000	9965000	11.566768533720738	9962500
chr11	9965000	9970000	14.611749916957487	9967500
chr11	9970000	9975000	15.47859579716327	9972500
chr11	9975000	9980000	11.125152621965636	9977500
chr11	9980000	9985000	13.26983260385197	9982500
chr11	9985000	9990000	14.661604410933064	9987500
chr11	9990000	9995000	12.452610481515212	9992500
chr11	9995000	10000000	13.247473709722684	9997500
chr11	10000000	10005000	12.534759078653241	10002500
chr11	10005000	10010000	15.642858236599972	10007500
chr11	10010000	10015000	15.501606157438449	10012500
chr11	10015000	10020000	19.890964688536243	10017500
chr11	10020000	10025000	13.939302756898114	10022500
chr11	10025000	10030000	18.82099728436048	10027500
chr11	10030000	10035000	16.398038649448655	10032500
chr11	10035000	10040000	19.071785044859645	10037500
chr11	10040000	10045000	18.725222256941375	10042500
chr11	10045000	10050000	15.402042697884914	10047500
chr11	10050000	10055000	18.991878106063684	10052500
chr11	10055000	10060000	16.109956981908045	10057500
chr11	10060000	10065000	17.541362162954417	10062500
chr11	10065000	10070000	21.81767107459558	10067500
chr11	10070000	10075000	22.91165778112773	10072500
chr11	10075000	10080000	21.79903972021617	10077500
chr11	10080000	10085000	14.077112018057164	10082500
chr11	10085000	10090000	18.63810469877651	10087500
chr11	10090000	10095000	14.748998275560039	10092500
chr11	10095000	10100000	21.013649909266668	10097500
chr11	10100000	10105000	20.393963420290284	10102500
chr11	10105000	10110000	16.324270080207633	10107500
chr11	10110000	10115000	18.479987022048377	10112500
chr11	10115000	10120000	24.674313513622256	10117500
chr11	10120000	10125000	21.956081932915062	10122500
chr11	10125000	10130000	16.875893322638042	10127500
chr11	10130000	10135000	14.107030350465187	10132500
chr11	10135000	10140000	13.12779304757715	10137500
chr11	10140000	10145000	12.25392929867277	10142500
chr11	10145000	10150000	9.896869424242924	10147500
chr11	10150000	10155000	18.429920517064996	10152500
chr11	10155000	10160000	11.315138864594106	10157500
chr11	10160000	10165000	16.513478958718107	10162500
chr11	10165000	10170000	13.13374791340454	10167500
chr11	10170000	10175000	16.537571934849225	10172500
chr11	10175000	10180000	19.093925438413667	10177500
chr11	10180000	10185000	11.016453217961667	10182500
chr11	10185000	10190000	8.002626862064684	10187500
chr11	10190000	10195000	4.41358972974207	10192500
chr11	10195000	10200000	4.850078581715239	10197500
chr11	10200000	10205000	4.8238543572393375	10202500
chr11	10205000	10210000	10.01031745078061	10207500
chr11	10210000	10215000	5.266771969644544	10212500
chr11	10215000	10220000	4.011001706115409	10217500
chr11	10220000	10225000	6.642804607746278	10222500
chr11	10225000	10230000	6.751446205815131	10227500
chr11	10230000	10235000	8.559607845058046	10232500
chr11	10235000	10240000	6.144042655282522	10237500
chr11	10240000	10245000	4.714823896263446	10242500
chr11	10245000	10250000	8.701309416846932	10247500
chr11	10250000	10255000	30.551269292098073	10252500
chr11	10255000	10260000	9.75641538787438	10257500
chr11	10260000	10265000	6.282318955331842	10262500
chr11	10265000	10270000	7.203689252263678	10267500
chr11	10270000	10275000	8.128471416756923	10272500
chr11	10275000	10280000	8.420901953702769	10277500
chr11	10280000	10285000	11.016085842121171	10282500
chr11	10285000	10290000	6.233587210785813	10287500
chr11	10290000	10295000	6.557097179144995	10292500
chr11	10295000	10300000	6.364063657126401	10297500
chr11	10300000	10305000	6.580724428424325	10302500
chr11	10305000	10310000	5.565184112462451	10307500
chr11	10310000	10315000	4.8422811913868795	10312500
chr11	10315000	10320000	6.5944735871793805	10317500
chr11	10320000	10325000	4.00554819103414	10322500
chr11	10325000	10330000	2.216867548848451	10327500
chr11	10330000	10335000	4.1432609566514955	10332500
chr11	10335000	10340000	3.6430532884085602	10337500
chr11	10340000	10345000	2.938246707184583	10342500
chr11	10345000	10350000	4.1295116847478255	10347500
chr11	10350000	10355000	5.486671503147841	10352500
chr11	10355000	10360000	17.847015456872533	10357500
chr11	10360000	10365000	5.8806446532208545	10362500
chr11	10365000	10370000	5.1875356373366985	10367500
chr11	10370000	10375000	3.3104366539885817	10372500
chr11	10375000	10380000	20.001338443839018	10377500
chr11	10380000	10385000	16.797632771410623	10382500
chr11	10385000	10390000	6.662496770770769	10387500
chr11	10390000	10395000	10.793198631748382	10392500
chr11	10395000	10400000	12.646604092548667	10397500
chr11	10400000	10405000	8.514411619708069	10402500
chr11	10405000	10410000	21.120507611619892	10407500
chr11	10410000	10415000	11.290873123308248	10412500
chr11	10415000	10420000	11.517670431936358	10417500
chr11	10420000	10425000	13.314253532252982	10422500
chr11	10425000	10430000	8.552006094295118	10427500
chr11	10430000	10435000	9.408233504598508	10432500
chr11	10435000	10440000	13.71848985450014	10437500
chr11	10440000	10445000	14.17705086090691	10442500
chr11	10445000	10450000	8.273856026413766	10447500
chr11	10450000	10455000	11.478155170931862	10452500
chr11	10455000	10460000	8.581642367080883	10457500
chr11	10460000	10465000	8.740650988693128	10462500
chr11	10465000	10470000	12.01674501853983	10467500
chr11	10470000	10475000	11.541553836987799	10472500
chr11	10475000	10480000	7.284222616219572	10477500
chr11	10480000	10485000	15.348129731832417	10482500
chr11	10485000	10490000	9.825190784701409	10487500
chr11	10490000	10495000	4.177063632255554	10492500
chr11	10495000	10500000	5.0824051011624	10497500
chr11	10500000	10505000	6.434687607470006	10502500
chr11	10505000	10510000	19.589035703137444	10507500
chr11	10510000	10515000	8.501021226131801	10512500
chr11	10515000	10520000	8.53570839807667	10517500
chr11	10520000	10525000	8.124595681025088	10522500
chr11	10525000	10530000	9.819079439008119	10527500
chr11	10530000	10535000	17.107156353173796	10532500
chr11	10535000	10540000	9.847610780611944	10537500
chr11	10540000	10545000	12.52374176944994	10542500
chr11	10545000	10550000	10.151901332418348	10547500
chr11	10550000	10555000	12.72241972291496	10552500
chr11	10555000	10560000	13.905190063864305	10557500
chr11	10560000	10565000	14.323050478872442	10562500
chr11	10565000	10570000	14.346885500493444	10567500
chr11	10570000	10575000	16.72195582177514	10572500
chr11	10575000	10580000	18.757626040000694	10577500
chr11	10580000	10585000	19.0299294035941	10582500
chr11	10585000	10590000	18.162402086743192	10587500
chr11	10590000	10595000	19.30683234649318	10592500
chr11	10595000	10600000	16.826295589004925	10597500
chr11	10600000	10605000	15.770819935192042	10602500
chr11	10605000	10610000	12.250065761654843	10607500
chr11	10610000	10615000	12.239792667852521	10612500
chr11	10615000	10620000	10.11144913917367	10617500
chr11	10620000	10625000	11.29303075095775	10622500
chr11	10625000	10630000	10.01141978626823	10627500
chr11	10630000	10635000	10.287048180950409	10632500
chr11	10635000	10640000	13.109920145317405	10637500
chr11	10640000	10645000	10.521554722158594	10642500
chr11	10645000	10650000	11.085679795719924	10647500
chr11	10650000	10655000	12.872670074651904	10652500
chr11	10655000	10660000	14.986861472054734	10657500
chr11	10660000	10665000	14.979330399739965	10662500
chr11	10665000	10670000	12.82298590177038	10667500
chr11	10670000	10675000	13.908954370485851	10672500
chr11	10675000	10680000	19.58310489385383	10677500
chr11	10680000	10685000	9.218883302171452	10682500
chr11	10685000	10690000	10.082595855482586	10687500
chr11	10690000	10695000	10.712009886679011	10692500
chr11	10695000	10700000	13.508420700211346	10697500
chr11	10700000	10705000	13.381977922706232	10702500
chr11	10705000	10710000	13.807043230018506	10707500
chr11	10710000	10715000	14.411356038870162	10712500
chr11	10715000	10720000	20.751829333976893	10717500
chr11	10720000	10725000	19.825177304879045	10722500
chr11	10725000	10730000	13.9927662626405	10727500
chr11	10730000	10735000	16.950777437029135	10732500
chr11	10735000	10740000	24.61808850032238	10737500
chr11	10740000	10745000	16.335666771408018	10742500
chr11	10745000	10750000	22.228948808490966	10747500
chr11	10750000	10755000	19.747943371128812	10752500
chr11	10755000	10760000	16.723984990360783	10757500
chr11	10760000	10765000	19.268112174963772	10762500
chr11	10765000	10770000	13.510016942752394	10767500
chr11	10770000	10775000	19.52133224745863	10772500
chr11	10775000	10780000	10.520392146536526	10777500
chr11	10780000	10785000	11.553231401258936	10782500
chr11	10785000	10790000	7.90983531692089	10787500
chr11	10790000	10795000	7.9889745981941696	10792500
chr11	10795000	10800000	6.090235878163073	10797500
chr11	10800000	10805000	5.2270120317519035	10802500
chr11	10805000	10810000	3.6939820679217332	10807500
chr11	10810000	10815000	6.038101645331761	10812500
chr11	10815000	10820000	36.052034717948295	10817500
chr11	10820000	10825000	6.904282393570593	10822500
chr11	10825000	10830000	5.218705883578527	10827500
chr11	10830000	10835000	4.748355444623093	10832500
chr11	10835000	10840000	5.9002744415609145	10837500
chr11	10840000	10845000	11.320837695068922	10842500
chr11	10845000	10850000	12.153774192924676	10847500
chr11	10850000	10855000	9.864351259463369	10852500
chr11	10855000	10860000	10.828373878193533	10857500
chr11	10860000	10865000	9.446449087609954	10862500
chr11	10865000	10870000	9.331718086323823	10867500
chr11	10870000	10875000	10.032302610115167	10872500
chr11	10875000	10880000	13.78540854192019	10877500
chr11	10880000	10885000	10.077538734484754	10882500
chr11	10885000	10890000	9.553910822703585	10887500
chr11	10890000	10895000	7.158925822236666	10892500
chr11	10895000	10900000	8.559714287734122	10897500
chr11	10900000	10905000	10.933207473505473	10902500
chr11	10905000	10910000	10.75474462213718	10907500
chr11	10910000	10915000	8.66646603184387	10912500
chr11	10915000	10920000	8.56582919441985	10917500
chr11	10920000	10925000	4.855240805791515	10922500
chr11	10925000	10930000	7.735671554005979	10927500
chr11	10930000	10935000	13.592812982993575	10932500
chr11	10935000	10940000	13.848354896653213	10937500
chr11	10940000	10945000	9.837804311569656	10942500
chr11	10945000	10950000	19.80040938491968	10947500
chr11	10950000	10955000	12.344135553777827	10952500
chr11	10955000	10960000	10.063582538851502	10957500
chr11	10960000	10965000	8.29501617222458	10962500
chr11	10965000	10970000	5.738385162445828	10967500
chr11	10970000	10975000	4.935927736027659	10972500
chr11	10975000	10980000	4.730121775208632	10977500
chr11	10980000	10985000	4.38655045280415	10982500
chr11	10985000	10990000	10.466496702913398	10987500
chr11	10990000	10995000	8.816303679162365	10992500
chr11	10995000	11000000	4.867363794989982	10997500
chr11	11000000	11005000	8.983525320657685	11002500
chr11	11005000	11010000	6.048801831133994	11007500
chr11	11010000	11015000	3.4193038038483645	11012500
chr11	11015000	11020000	5.9394685424982105	11017500
chr11	11020000	11025000	9.666860162237942	11022500
chr11	11025000	11030000	8.970761526061793	11027500
chr11	11030000	11035000	12.476209825247757	11032500
chr11	11035000	11040000	5.36203090805317	11037500
chr11	11040000	11045000	6.539972392619111	11042500
chr11	11045000	11050000	13.300441509681818	11047500
chr11	11050000	11055000	5.887956572826901	11052500
chr11	11055000	11060000	8.953076221184558	11057500
chr11	11060000	11065000	10.952706943227719	11062500
chr11	11065000	11070000	9.153175653733465	11067500
chr11	11070000	11075000	9.730418737735537	11072500
chr11	11075000	11080000	15.933657260952273	11077500
chr11	11080000	11085000	6.188479414289918	11082500
chr11	11085000	11090000	7.90967171508647	11087500
chr11	11090000	11095000	13.025538052389022	11092500
chr11	11095000	11100000	14.022120653107375	11097500
chr11	11100000	11105000	10.366895527208182	11102500
chr11	11105000	11110000	10.140517140973314	11107500
chr11	11110000	11115000	8.953926576879773	11112500
chr11	11115000	11120000	10.619904554985508	11117500
chr11	11120000	11125000	9.615113722548665	11122500
chr11	11125000	11130000	9.07385220513515	11127500
chr11	11130000	11135000	8.838549891547537	11132500
chr11	11135000	11140000	7.9122430553712	11137500
chr11	11140000	11145000	8.749122295121659	11142500
chr11	11145000	11150000	7.275856639000523	11147500
chr11	11150000	11155000	7.673132262025219	11152500
chr11	11155000	11160000	9.452247077405554	11157500
chr11	11160000	11165000	7.9648000238806445	11162500
chr11	11165000	11170000	9.270723732308545	11167500
chr11	11170000	11175000	10.237256499158212	11172500
chr11	11175000	11180000	8.43532128596089	11177500
chr11	11180000	11185000	9.089288467162808	11182500
chr11	11185000	11190000	9.403968877288321	11187500
chr11	11190000	11195000	10.77769116190145	11192500
chr11	11195000	11200000	10.366927195402585	11197500
chr11	11200000	11205000	13.10516436580081	11202500
chr11	11205000	11210000	11.50736032580921	11207500
chr11	11210000	11215000	12.841444669078996	11212500
chr11	11215000	11220000	10.804697786314117	11217500
chr11	11220000	11225000	8.572169381598155	11222500
chr11	11225000	11230000	11.803863059267705	11227500
chr11	11230000	11235000	3.450109336100715	11232500
chr11	11235000	11240000	3.8282220473643784	11237500
chr11	11240000	11245000	4.3787416020333225	11242500
chr11	11245000	11250000	4.712915297372379	11247500
chr11	11250000	11255000	7.325243871024212	11252500
chr11	11255000	11260000	6.921831803525549	11257500
chr11	11260000	11265000	7.232164356177317	11262500
chr11	11265000	11270000	8.032574856248125	11267500
chr11	11270000	11275000	7.225604210773666	11272500
chr11	11275000	11280000	9.739394508526868	11277500
chr11	11280000	11285000	9.009122032160782	11282500
chr11	11285000	11290000	7.604728527523419	11287500
chr11	11290000	11295000	14.108345735882443	11292500
chr11	11295000	11300000	12.807992449029289	11297500
chr11	11300000	11305000	6.427308396483579	11302500
chr11	11305000	11310000	13.705941572840839	11307500
chr11	11310000	11315000	25.673855599248157	11312500
chr11	11315000	11320000	12.04023638879665	11317500
chr11	11320000	11325000	11.357178396534266	11322500
chr11	11325000	11330000	9.892439476506125	11327500
chr11	11330000	11335000	10.441635468325536	11332500
chr11	11335000	11340000	16.53527791818363	11337500
chr11	11340000	11345000	26.397268894823153	11342500
chr11	11345000	11350000	19.046320193254083	11347500
chr11	11350000	11355000	23.32493566139917	11352500
chr11	11355000	11360000	8.442216596956136	11357500
chr11	11360000	11365000	6.709023671538932	11362500
chr11	11365000	11370000	5.367656020197187	11367500
chr11	11370000	11375000	7.39064945550846	11372500
chr11	11375000	11380000	11.64572700092585	11377500
chr11	11380000	11385000	6.358746275147467	11382500
chr11	11385000	11390000	2.2740877638357873	11387500
chr11	11390000	11395000	7.787878867026298	11392500
chr11	11395000	11400000	9.178993227248656	11397500
chr11	11400000	11405000	6.636904837088496	11402500
chr11	11405000	11410000	6.489928059503788	11407500
chr11	11410000	11415000	8.259350003366773	11412500
chr11	11415000	11420000	3.926165662016057	11417500
chr11	11420000	11425000	8.03698834266793	11422500
chr11	11425000	11430000	10.940568860070575	11427500
chr11	11430000	11435000	8.53895652094818	11432500
chr11	11435000	11440000	6.110484924559126	11437500
chr11	11440000	11445000	4.2964812025904875	11442500
chr11	11445000	11450000	6.01529863400854	11447500
chr11	11450000	11455000	9.662262167332326	11452500
chr11	11455000	11460000	5.144271803003478	11457500
chr11	11460000	11465000	6.308827514965232	11462500
chr11	11465000	11470000	8.338463154553162	11467500
chr11	11470000	11475000	19.842742650542977	11472500
chr11	11475000	11480000	14.503162522044104	11477500
chr11	11480000	11485000	5.0148119242346105	11482500
chr11	11485000	11490000	8.05481940651439	11487500
chr11	11490000	11495000	18.129050754724638	11492500
chr11	11495000	11500000	16.941441074704066	11497500
chr11	11500000	11505000	7.585316518940641	11502500
chr11	11505000	11510000	14.04765034601496	11507500
chr11	11510000	11515000	8.30245087628377	11512500
chr11	11515000	11520000	22.979827796427625	11517500
chr11	11520000	11525000	22.776148424653247	11522500
chr11	11525000	11530000	13.382201395610396	11527500
chr11	11530000	11535000	7.51335332487824	11532500
chr11	11535000	11540000	8.777566115712784	11537500
chr11	11540000	11545000	8.924870761293935	11542500
chr11	11545000	11550000	9.116641079187923	11547500
chr11	11550000	11555000	11.538787221435502	11552500
chr11	11555000	11560000	5.829943737881554	11557500
chr11	11560000	11565000	4.939602949509559	11562500
chr11	11565000	11570000	5.64627149039316	11567500
chr11	11570000	11575000	6.278883582290183	11572500
chr11	11575000	11580000	10.850176799647981	11577500
chr11	11580000	11585000	9.668639216151588	11582500
chr11	11585000	11590000	6.365142723929019	11587500
chr11	11590000	11595000	5.510690829888951	11592500
chr11	11595000	11600000	5.821330016788723	11597500
chr11	11600000	11605000	4.935120806209243	11602500
chr11	11605000	11610000	2.824004448137887	11607500
chr11	11610000	11615000	3.6341890579256355	11612500
chr11	11615000	11620000	3.1626164961089467	11617500
chr11	11620000	11625000	3.158260109967493	11622500
chr11	11625000	11630000	3.5959836659033013	11627500
chr11	11630000	11635000	6.045436881144329	11632500
chr11	11635000	11640000	3.9144325963258884	11637500
chr11	11640000	11645000	5.226707634991697	11642500
chr11	11645000	11650000	8.073484282289664	11647500
chr11	11650000	11655000	2.6027374955098193	11652500
chr11	11655000	11660000	2.841121399113755	11657500
chr11	11660000	11665000	2.307175100055753	11662500
chr11	11665000	11670000	2.357438318044282	11667500
chr11	11670000	11675000	2.4394255977927415	11672500
chr11	11675000	11680000	4.47903689293683	11677500
chr11	11680000	11685000	2.3501960812397584	11682500
chr11	11685000	11690000	3.048205357968095	11687500
chr11	11690000	11695000	9.38369582768954	11692500
chr11	11695000	11700000	4.390754574739736	11697500
chr11	11700000	11705000	8.35867648820418	11702500
chr11	11705000	11710000	3.8998995729018473	11707500
chr11	11710000	11715000	13.72330167625241	11712500
chr11	11715000	11720000	15.42072364147228	11717500
chr11	11720000	11725000	6.821010543091822	11722500
chr11	11725000	11730000	10.208912634801907	11727500
chr11	11730000	11735000	15.444284694267889	11732500
chr11	11735000	11740000	19.57910506100639	11737500
chr11	11740000	11745000	22.10249789902671	11742500
chr11	11745000	11750000	6.700276047551354	11747500
chr11	11750000	11755000	5.176114563523951	11752500
chr11	11755000	11760000	7.617611178810952	11757500
chr11	11760000	11765000	23.245700803116637	11762500
chr11	11765000	11770000	15.812522908066653	11767500
chr11	11770000	11775000	20.920348090038534	11772500
chr11	11775000	11780000	19.495974537656508	11777500
chr11	11780000	11785000	14.876350110315416	11782500
chr11	11785000	11790000	6.30669348570973	11787500
chr11	11790000	11795000	7.723799906360747	11792500
chr11	11795000	11800000	7.758769545612411	11797500
chr11	11800000	11805000	9.01089524282149	11802500
chr11	11805000	11810000	5.063477045087276	11807500
chr11	11810000	11815000	4.78276135078275	11812500
chr11	11815000	11820000	7.770256065750902	11817500
chr11	11820000	11825000	5.249715011558998	11822500
chr11	11825000	11830000	5.654736012701237	11827500
chr11	11830000	11835000	3.0544614364908704	11832500
chr11	11835000	11840000	10.349755238465798	11837500
chr11	11840000	11845000	8.691631572166978	11842500
chr11	11845000	11850000	5.206417332873013	11847500
chr11	11850000	11855000	4.300679555674818	11852500
chr11	11855000	11860000	4.801299106519144	11857500
chr11	11860000	11865000	10.607460660119882	11862500
chr11	11865000	11870000	9.932542240628976	11867500
chr11	11870000	11875000	15.566185623687584	11872500
chr11	11875000	11880000	9.820052561529168	11877500
chr11	11880000	11885000	8.011511127619956	11882500
chr11	11885000	11890000	13.502111984931057	11887500
chr11	11890000	11895000	6.3045920720553665	11892500
chr11	11895000	11900000	7.469711060815127	11897500
chr11	11900000	11905000	7.727738328194748	11902500
chr11	11905000	11910000	15.964502261985592	11907500
chr11	11910000	11915000	15.768540880763226	11912500
chr11	11915000	11920000	12.107803289000719	11917500
chr11	11920000	11925000	10.833175789666088	11922500
chr11	11925000	11930000	9.849358410962914	11927500
chr11	11930000	11935000	9.22063512919588	11932500
chr11	11935000	11940000	10.220157262080486	11937500
chr11	11940000	11945000	9.148735410172678	11942500
chr11	11945000	11950000	12.587663554149088	11947500
chr11	11950000	11955000	11.98301658471635	11952500
chr11	11955000	11960000	10.026407525857385	11957500
chr11	11960000	11965000	6.6698204632520985	11962500
chr11	11965000	11970000	8.070861627960552	11967500
chr11	11970000	11975000	16.353066997230002	11972500
chr11	11975000	11980000	7.196349605828752	11977500
chr11	11980000	11985000	15.179373329733092	11982500
chr11	11985000	11990000	6.361870708106728	11987500
chr11	11990000	11995000	3.26458841444644	11992500
chr11	11995000	12000000	4.982174659660883	11997500
chr11	12000000	12005000	5.847234168377048	12002500
chr11	12005000	12010000	9.404269418695273	12007500
chr11	12010000	12015000	20.705934047902872	12012500
chr11	12015000	12020000	11.22244091869806	12017500
chr11	12020000	12025000	10.636030186474951	12022500
chr11	12025000	12030000	13.122695244250579	12027500
chr11	12030000	12035000	5.771097947077838	12032500
chr11	12035000	12040000	5.883671227177446	12037500
chr11	12040000	12045000	6.957796033885366	12042500
chr11	12045000	12050000	14.168932118263232	12047500
chr11	12050000	12055000	9.319456522031361	12052500
chr11	12055000	12060000	10.007701337151815	12057500
chr11	12060000	12065000	6.739895799887365	12062500
chr11	12065000	12070000	9.377463915678804	12067500
chr11	12070000	12075000	7.32923768224004	12072500
chr11	12075000	12080000	30.798416872938283	12077500
chr11	12080000	12085000	10.780699037933807	12082500
chr11	12085000	12090000	5.244457310401644	12087500
chr11	12090000	12095000	5.153266969590126	12092500
chr11	12095000	12100000	9.346748981791908	12097500
chr11	12100000	12105000	22.978591866576714	12102500
chr11	12105000	12110000	48.129755596632144	12107500
chr11	12110000	12115000	36.33346314473741	12112500
chr11	12115000	12120000	21.18977323816333	12117500
chr11	12120000	12125000	16.26644617491919	12122500
chr11	12125000	12130000	22.73713848137528	12127500
chr11	12130000	12135000	26.31173498891628	12132500
chr11	12135000	12140000	7.672446291904389	12137500
chr11	12140000	12145000	13.263716968959189	12142500
chr11	12145000	12150000	4.558822901341591	12147500
chr11	12150000	12155000	4.161153284787197	12152500
chr11	12155000	12160000	8.013653400710714	12157500
chr11	12160000	12165000	9.843115023222985	12162500
chr11	12165000	12170000	10.051942294647487	12167500
chr11	12170000	12175000	18.674589242089475	12172500
chr11	12175000	12180000	7.8072240030681845	12177500
chr11	12180000	12185000	7.453099191895759	12182500
chr11	12185000	12190000	7.677942359392468	12187500
chr11	12190000	12195000	8.188006844979068	12192500
chr11	12195000	12200000	21.325275852996796	12197500
chr11	12200000	12205000	20.712575736688642	12202500
chr11	12205000	12210000	7.616638102751082	12207500
chr11	12210000	12215000	11.89239464541374	12212500
chr11	12215000	12220000	23.23559360332785	12217500
chr11	12220000	12225000	5.3705223217302	12222500
chr11	12225000	12230000	5.352012652136678	12227500
chr11	12230000	12235000	6.974864459138807	12232500
chr11	12235000	12240000	24.72366877678837	12237500
chr11	12240000	12245000	9.187025728043038	12242500
chr11	12245000	12250000	8.543426339070153	12247500
chr11	12250000	12255000	6.480855859034422	12252500
chr11	12255000	12260000	4.6460607980685475	12257500
chr11	12260000	12265000	10.582560697039469	12262500
chr11	12265000	12270000	4.982838635321143	12267500
chr11	12270000	12275000	23.153244684419107	12272500
chr11	12275000	12280000	30.839073608912337	12277500
chr11	12280000	12285000	5.711407242030481	12282500
chr11	12285000	12290000	4.399647881053409	12287500
chr11	12290000	12295000	4.157793343221827	12292500
chr11	12295000	12300000	4.094875160148918	12297500
chr11	12300000	12305000	6.432299882589218	12302500
chr11	12305000	12310000	6.6067752506696715	12307500
chr11	12310000	12315000	10.044915697697204	12312500
chr11	12315000	12320000	9.014269989718857	12317500
chr11	12320000	12325000	2.857374587969269	12322500
chr11	12325000	12330000	2.1250964713766827	12327500
chr11	12330000	12335000	2.364032231437185	12332500
chr11	12335000	12340000	3.107774808951599	12337500
chr11	12340000	12345000	2.0672675904572064	12342500
chr11	12345000	12350000	1.5946464104076887	12347500
chr11	12350000	12355000	2.4943182210444643	12352500
chr11	12355000	12360000	3.9301915043824995	12357500
chr11	12360000	12365000	6.175319271970841	12362500
chr11	12365000	12370000	6.958105573608379	12367500
chr11	12370000	12375000	7.098097976068029	12372500
chr11	12375000	12380000	6.740684754054274	12377500
chr11	12380000	12385000	14.754807692053252	12382500
chr11	12385000	12390000	7.283882768197653	12387500
chr11	12390000	12395000	4.173572362820674	12392500
chr11	12395000	12400000	4.568604552007698	12397500
chr11	12400000	12405000	6.018994194825687	12402500
chr11	12405000	12410000	7.527591128890122	12407500
chr11	12410000	12415000	21.06002173582297	12412500
chr11	12415000	12420000	5.369560841350474	12417500
chr11	12420000	12425000	8.187075126954694	12422500
chr11	12425000	12430000	8.3424072339556	12427500
chr11	12430000	12435000	9.85695320953084	12432500
chr11	12435000	12440000	11.592447702961527	12437500
chr11	12440000	12445000	16.567166442593518	12442500
chr11	12445000	12450000	10.5450398886975	12447500
chr11	12450000	12455000	24.765103406003135	12452500
chr11	12455000	12460000	12.523166165859717	12457500
chr11	12460000	12465000	13.716617393220611	12462500
chr11	12465000	12470000	14.667827142731516	12467500
chr11	12470000	12475000	15.441015511953678	12472500
chr11	12475000	12480000	4.01512825641006	12477500
chr11	12480000	12485000	2.7603190930918533	12482500
chr11	12485000	12490000	1.0956399349087995	12487500
chr11	12490000	12495000	1.5524325839126454	12492500
chr11	12495000	12500000	1.4508145920951214	12497500
chr11	12500000	12505000	1.4965380455873185	12502500
chr11	12505000	12510000	0.9892313306665471	12507500
chr11	12510000	12515000	3.2536673449819884	12512500
chr11	12515000	12520000	2.3118146133889166	12517500
chr11	12520000	12525000	1.920124812952626	12522500
chr11	12525000	12530000	3.5302439746621816	12527500
chr11	12530000	12535000	4.461320564494329	12532500
chr11	12535000	12540000	4.3591508489556885	12537500
chr11	12540000	12545000	2.9266679053753704	12542500
chr11	12545000	12550000	12.257315764585643	12547500
chr11	12550000	12555000	4.368949714612347	12552500
chr11	12555000	12560000	15.700265017280174	12557500
chr11	12560000	12565000	2.8624660360463916	12562500
chr11	12565000	12570000	7.032205403728626	12567500
chr11	12570000	12575000	11.7445815314995	12572500
chr11	12575000	12580000	6.572905555839457	12577500
chr11	12580000	12585000	5.636191498223579	12582500
chr11	12585000	12590000	3.6535456469184537	12587500
chr11	12590000	12595000	4.71824593337612	12592500
chr11	12595000	12600000	2.7764993725586953	12597500
chr11	12600000	12605000	3.3143561689503684	12602500
chr11	12605000	12610000	3.748019065963204	12607500
chr11	12610000	12615000	3.907766798702635	12612500
chr11	12615000	12620000	3.2015431630443523	12617500
chr11	12620000	12625000	5.064048045066881	12622500
chr11	12625000	12630000	3.9717250825347055	12627500
chr11	12630000	12635000	7.434830773677361	12632500
chr11	12635000	12640000	2.5163306678510873	12637500
chr11	12640000	12645000	2.9953629560973565	12642500
chr11	12645000	12650000	2.8463786168038583	12647500
chr11	12650000	12655000	3.897895752026106	12652500
chr11	12655000	12660000	4.847921537834581	12657500
chr11	12660000	12665000	4.219807803997703	12662500
chr11	12665000	12670000	17.378740514530573	12667500
chr11	12670000	12675000	16.23935501484982	12672500
chr11	12675000	12680000	7.005442742271253	12677500
chr11	12680000	12685000	2.9004577997823207	12682500
chr11	12685000	12690000	1.8590193788661526	12687500
chr11	12690000	12695000	2.9938570931477786	12692500
chr11	12695000	12700000	8.018917514404073	12697500
chr11	12700000	12705000	3.401422619033868	12702500
chr11	12705000	12710000	2.29780837044343	12707500
chr11	12710000	12715000	3.0620170010210708	12712500
chr11	12715000	12720000	20.07559036530446	12717500
chr11	12720000	12725000	4.05201063999715	12722500
chr11	12725000	12730000	1.3477770141834093	12727500
chr11	12730000	12735000	0.7572930434516687	12732500
chr11	12735000	12740000	0.7685878306092622	12737500
chr11	12740000	12745000	0.5400693040310162	12742500
chr11	12745000	12750000	1.4214592339001424	12747500
chr11	12750000	12755000	1.0025257594769006	12752500
chr11	12755000	12760000	0.4517756586162809	12757500
chr11	12760000	12765000	0.8234158172931442	12762500
chr11	12765000	12770000	1.9244182845320401	12767500
chr11	12770000	12775000	2.2356448082040385	12772500
chr11	12775000	12780000	2.122258878332943	12777500
chr11	12780000	12785000	1.9811437040957878	12782500
chr11	12785000	12790000	2.0470824114644306	12787500
chr11	12790000	12795000	1.425383215810661	12792500
chr11	12795000	12800000	2.1959590131887943	12797500
chr11	12800000	12805000	1.7454641546096992	12802500
chr11	12805000	12810000	1.5495700526523597	12807500
chr11	12810000	12815000	7.931843453461671	12812500
chr11	12815000	12820000	2.696013826098708	12817500
chr11	12820000	12825000	1.9508891527772567	12822500
chr11	12825000	12830000	2.714781586887961	12827500
chr11	12830000	12835000	7.293768905096153	12832500
chr11	12835000	12840000	10.634398193168028	12837500
chr11	12840000	12845000	3.1099029282868913	12842500
chr11	12845000	12850000	2.6342957901454573	12847500
chr11	12850000	12855000	3.139880361644788	12852500
chr11	12855000	12860000	2.2759194268066603	12857500
chr11	12860000	12865000	2.2709414634587923	12862500
chr11	12865000	12870000	3.260847121530918	12867500
chr11	12870000	12875000	3.37837059189912	12872500
chr11	12875000	12880000	19.534056321953596	12877500
chr11	12880000	12885000	6.008480726793543	12882500
chr11	12885000	12890000	7.692372902960424	12887500
chr11	12890000	12895000	6.449199310329863	12892500
chr11	12895000	12900000	6.939594322713825	12897500
chr11	12900000	12905000	4.376754244449388	12902500
chr11	12905000	12910000	5.846836523544485	12907500
chr11	12910000	12915000	4.632747711748213	12912500
chr11	12915000	12920000	6.312885567709231	12917500
chr11	12920000	12925000	8.190547128189001	12922500
chr11	12925000	12930000	6.417701205110978	12927500
chr11	12930000	12935000	8.809487890223103	12932500
chr11	12935000	12940000	6.3032195311787875	12937500
chr11	12940000	12945000	6.507563078682554	12942500
chr11	12945000	12950000	9.399577586205123	12947500
chr11	12950000	12955000	6.454597530633766	12952500
chr11	12955000	12960000	17.71169523747832	12957500
chr11	12960000	12965000	9.465394064729532	12962500
chr11	12965000	12970000	12.763143478678005	12967500
chr11	12970000	12975000	7.625608158108705	12972500
chr11	12975000	12980000	5.5311902649126665	12977500
chr11	12980000	12985000	4.744197247594108	12982500
chr11	12985000	12990000	7.760506626275525	12987500
chr11	12990000	12995000	6.9583166746597	12992500
chr11	12995000	13000000	4.301319062998733	12997500
chr11	13000000	13005000	4.012189148527476	13002500
chr11	13005000	13010000	5.072443212593871	13007500
chr11	13010000	13015000	2.5833149067178547	13012500
chr11	13015000	13020000	2.4323479126903753	13017500
chr11	13020000	13025000	2.7517611539927933	13022500
chr11	13025000	13030000	1.0816348751949545	13027500
chr11	13030000	13035000	2.4480485151085603	13032500
chr11	13035000	13040000	9.857580921493295	13037500
chr11	13040000	13045000	5.346512409430532	13042500
chr11	13045000	13050000	2.9379795785215412	13047500
chr11	13050000	13055000	3.1197618360915405	13052500
chr11	13055000	13060000	23.92494506898027	13057500
chr11	13060000	13065000	7.604364899012372	13062500
chr11	13065000	13070000	5.685537699218949	13067500
chr11	13070000	13075000	6.58406343142599	13072500
chr11	13075000	13080000	6.310271527602273	13077500
chr11	13080000	13085000	6.793613489095219	13082500
chr11	13085000	13090000	8.65817141911395	13087500
chr11	13090000	13095000	5.382734516289086	13092500
chr11	13095000	13100000	5.132877273217723	13097500
chr11	13100000	13105000	12.741602460774162	13102500
chr11	13105000	13110000	6.193838625010565	13107500
chr11	13110000	13115000	5.713661655649873	13112500
chr11	13115000	13120000	6.809318185524774	13117500
chr11	13120000	13125000	6.611660284145631	13122500
chr11	13125000	13130000	3.56546572184008	13127500
chr11	13130000	13135000	3.7919471054456197	13132500
chr11	13135000	13140000	4.324927490984505	13137500
chr11	13140000	13145000	4.776443588711373	13142500
chr11	13145000	13150000	3.799611223919554	13147500
chr11	13150000	13155000	4.7235932816492	13152500
chr11	13155000	13160000	6.903087417066601	13157500
chr11	13160000	13165000	9.110240173916111	13162500
chr11	13165000	13170000	5.924074478750621	13167500
chr11	13170000	13175000	5.344489901673218	13172500
chr11	13175000	13180000	5.337191278263156	13177500
chr11	13180000	13185000	6.679559339629321	13182500
chr11	13185000	13190000	5.289443624372233	13187500
chr11	13190000	13195000	4.636310824869811	13192500
chr11	13195000	13200000	4.833123062930621	13197500
chr11	13200000	13205000	6.67653678122263	13202500
chr11	13205000	13210000	4.925901563156565	13207500
chr11	13210000	13215000	7.010361780131289	13212500
chr11	13215000	13220000	6.413105634919789	13217500
chr11	13220000	13225000	8.292805778768022	13222500
chr11	13225000	13230000	11.44968366726927	13227500
chr11	13230000	13235000	9.948599293275905	13232500
chr11	13235000	13240000	9.079515189821164	13237500
chr11	13240000	13245000	6.0703086810976385	13242500
chr11	13245000	13250000	6.0490733342232845	13247500
chr11	13250000	13255000	4.335726732902017	13252500
chr11	13255000	13260000	6.597646700369805	13257500
chr11	13260000	13265000	7.238975958141812	13262500
chr11	13265000	13270000	9.658877733616917	13267500
chr11	13270000	13275000	8.450265076423985	13272500
chr11	13275000	13280000	9.842761926504094	13277500
chr11	13280000	13285000	9.29866262122323	13282500
chr11	13285000	13290000	10.928531924073653	13287500
chr11	13290000	13295000	9.055900657756068	13292500
chr11	13295000	13300000	7.491268649585392	13297500
chr11	13300000	13305000	8.696070162240105	13302500
chr11	13305000	13310000	6.770447689212593	13307500
chr11	13310000	13315000	8.341166621215141	13312500
chr11	13315000	13320000	7.703290437285396	13317500
chr11	13320000	13325000	8.15586450006293	13322500
chr11	13325000	13330000	8.821657864327216	13327500
chr11	13330000	13335000	7.357089628916914	13332500
chr11	13335000	13340000	12.744892510430184	13337500
chr11	13340000	13345000	12.447924112291002	13342500
chr11	13345000	13350000	10.55054950307068	13347500
chr11	13350000	13355000	3.8455055318502787	13352500
chr11	13355000	13360000	1.7772129809613406	13357500
chr11	13360000	13365000	4.684992085649647	13362500
chr11	13365000	13370000	3.9346360048804123	13367500
chr11	13370000	13375000	10.97847792380375	13372500
chr11	13375000	13380000	19.14554614108302	13377500
chr11	13380000	13385000	9.298505638438069	13382500
chr11	13385000	13390000	8.763921144274748	13387500
chr11	13390000	13395000	7.998837302380206	13392500
chr11	13395000	13400000	10.670418868661613	13397500
chr11	13400000	13405000	12.114740407225906	13402500
chr11	13405000	13410000	11.2177654730289	13407500
chr11	13410000	13415000	12.065986187437879	13412500
chr11	13415000	13420000	10.843623151603834	13417500
chr11	13420000	13425000	10.624277379682404	13422500
chr11	13425000	13430000	11.160117403359159	13427500
chr11	13430000	13435000	9.853163123427018	13432500
chr11	13435000	13440000	8.515137456385194	13437500
chr11	13440000	13445000	7.4274974971914345	13442500
chr11	13445000	13450000	10.532920247632841	13447500
chr11	13450000	13455000	12.14396432058997	13452500
chr11	13455000	13460000	10.306749599877978	13457500
chr11	13460000	13465000	11.058081334837308	13462500
chr11	13465000	13470000	12.207017345037768	13467500
chr11	13470000	13475000	7.609254063480921	13472500
chr11	13475000	13480000	9.33052051795911	13477500
chr11	13480000	13485000	10.147424926411286	13482500
chr11	13485000	13490000	11.280609592933967	13487500
chr11	13490000	13495000	15.749565281772652	13492500
chr11	13495000	13500000	13.619410772442249	13497500
chr11	13500000	13505000	9.13871201232911	13502500
chr11	13505000	13510000	10.091092666129205	13507500
chr11	13510000	13515000	10.349773653609459	13512500
chr11	13515000	13520000	7.396105767068	13517500
chr11	13520000	13525000	9.277159987022362	13522500
chr11	13525000	13530000	12.005967423243323	13527500
chr11	13530000	13535000	11.989538727065732	13532500
chr11	13535000	13540000	7.263529941002643	13537500
chr11	13540000	13545000	6.237157350155649	13542500
chr11	13545000	13550000	15.498264609502678	13547500
chr11	13550000	13555000	5.009279759184578	13552500
chr11	13555000	13560000	3.8793255160379156	13557500
chr11	13560000	13565000	9.717240140571581	13562500
chr11	13565000	13570000	11.109533382008722	13567500
chr11	13570000	13575000	10.839119618404435	13572500
chr11	13575000	13580000	13.2768371436261	13577500
chr11	13580000	13585000	28.578084367073533	13582500
chr11	13585000	13590000	10.437603167505245	13587500
chr11	13590000	13595000	12.812246999150485	13592500
chr11	13595000	13600000	7.945746355244745	13597500
chr11	13600000	13605000	7.999403208269102	13602500
chr11	13605000	13610000	5.376203658359587	13607500
chr11	13610000	13615000	6.82175931498501	13612500
chr11	13615000	13620000	6.314091789101767	13617500
chr11	13620000	13625000	8.432938307748282	13622500
chr11	13625000	13630000	9.230045620045095	13627500
chr11	13630000	13635000	8.015132300755702	13632500
chr11	13635000	13640000	9.666265507053422	13637500
chr11	13640000	13645000	18.094352061203477	13642500
chr11	13645000	13650000	9.295328934061661	13647500
chr11	13650000	13655000	5.4717265838907485	13652500
chr11	13655000	13660000	6.603955296308034	13657500
chr11	13660000	13665000	7.339473382987469	13662500
chr11	13665000	13670000	6.154575005121154	13667500
chr11	13670000	13675000	6.504819602385504	13672500
chr11	13675000	13680000	3.4144741942453	13677500
chr11	13680000	13685000	6.987832134403188	13682500
chr11	13685000	13690000	3.1731286253864157	13687500
chr11	13690000	13695000	3.7350423860304445	13692500
chr11	13695000	13700000	3.6119589339678395	13697500
chr11	13700000	13705000	3.584402999527714	13702500
chr11	13705000	13710000	2.5483352551929883	13707500
chr11	13710000	13715000	5.148731601355959	13712500
chr11	13715000	13720000	2.8623799614285477	13717500
chr11	13720000	13725000	2.8769341485477855	13722500
chr11	13725000	13730000	4.223841067144984	13727500
chr11	13730000	13735000	2.450149577990843	13732500
chr11	13735000	13740000	3.753449888604322	13737500
chr11	13740000	13745000	2.3025688590304756	13742500
chr11	13745000	13750000	2.6555241879788003	13747500
chr11	13750000	13755000	1.9797012411229389	13752500
chr11	13755000	13760000	2.4805156493130185	13757500
chr11	13760000	13765000	3.0209684152533294	13762500
chr11	13765000	13770000	4.026281946513481	13767500
chr11	13770000	13775000	27.114553568891605	13772500
chr11	13775000	13780000	5.150796813703495	13777500
chr11	13780000	13785000	3.076882268172116	13782500
chr11	13785000	13790000	6.0109234930593916	13787500
chr11	13790000	13795000	5.412546941679565	13792500
chr11	13795000	13800000	5.312798229855397	13797500
chr11	13800000	13805000	8.835585370322834	13802500
chr11	13805000	13810000	7.097615861071637	13807500
chr11	13810000	13815000	9.71031897940752	13812500
chr11	13815000	13820000	6.35400577656263	13817500
chr11	13820000	13825000	8.487611451439788	13822500
chr11	13825000	13830000	6.658792294648462	13827500
chr11	13830000	13835000	8.227761170929588	13832500
chr11	13835000	13840000	9.914285121758546	13837500
chr11	13840000	13845000	8.118685280368146	13842500
chr11	13845000	13850000	7.911664454889562	13847500
chr11	13850000	13855000	9.12844983977852	13852500
chr11	13855000	13860000	8.325366900188847	13857500
chr11	13860000	13865000	8.741489824096861	13862500
chr11	13865000	13870000	7.892632574685624	13867500
chr11	13870000	13875000	7.165406173386761	13872500
chr11	13875000	13880000	12.230338820331863	13877500
chr11	13880000	13885000	8.884470745063805	13882500
chr11	13885000	13890000	9.40948058644533	13887500
chr11	13890000	13895000	6.390733053365079	13892500
chr11	13895000	13900000	8.33185142557925	13897500
chr11	13900000	13905000	5.857897637878004	13902500
chr11	13905000	13910000	11.90007132050025	13907500
chr11	13910000	13915000	7.461340274919917	13912500
chr11	13915000	13920000	6.981419722165839	13917500
chr11	13920000	13925000	11.299511319040157	13922500
chr11	13925000	13930000	11.581600326432563	13927500
chr11	13930000	13935000	9.276708198657904	13932500
chr11	13935000	13940000	8.971356118380054	13937500
chr11	13940000	13945000	10.232455039994896	13942500
chr11	13945000	13950000	11.890625318548265	13947500
chr11	13950000	13955000	7.66889757711347	13952500
chr11	13955000	13960000	7.79608947552898	13957500
chr11	13960000	13965000	9.530005871262452	13962500
chr11	13965000	13970000	16.024619973193396	13967500
chr11	13970000	13975000	10.427500358305897	13972500
chr11	13975000	13980000	9.169925276081822	13977500
chr11	13980000	13985000	7.16167266927736	13982500
chr11	13985000	13990000	7.069117934292634	13987500
chr11	13990000	13995000	11.299804411566777	13992500
chr11	13995000	14000000	25.665614487387206	13997500
chr11	14000000	14005000	6.81092238477632	14002500
chr11	14005000	14010000	10.156863863810047	14007500
chr11	14010000	14015000	5.368468743714539	14012500
chr11	14015000	14020000	10.198983548909567	14017500
chr11	14020000	14025000	11.1192469339066	14022500
chr11	14025000	14030000	11.640194439582368	14027500
chr11	14030000	14035000	7.143204701121571	14032500
chr11	14035000	14040000	6.19055009538352	14037500
chr11	14040000	14045000	5.781275417397476	14042500
chr11	14045000	14050000	3.955823639287311	14047500
chr11	14050000	14055000	3.9088491205635862	14052500
chr11	14055000	14060000	6.919353972160086	14057500
chr11	14060000	14065000	5.2667939086534155	14062500
chr11	14065000	14070000	7.404564333711282	14067500
chr11	14070000	14075000	9.384881915982096	14072500
chr11	14075000	14080000	7.592636610548702	14077500
chr11	14080000	14085000	6.949270956871757	14082500
chr11	14085000	14090000	6.980344339342428	14087500
chr11	14090000	14095000	3.522139168155097	14092500
chr11	14095000	14100000	12.714074952150842	14097500
chr11	14100000	14105000	6.794594767536488	14102500
chr11	14105000	14110000	5.136392708304258	14107500
chr11	14110000	14115000	6.65089863375976	14112500
chr11	14115000	14120000	5.887007079633464	14117500
chr11	14120000	14125000	29.074020255311666	14122500
chr11	14125000	14130000	7.886298119984718	14127500
chr11	14130000	14135000	5.359597114963333	14132500
chr11	14135000	14140000	7.20388500032351	14137500
chr11	14140000	14145000	11.450329736526482	14142500
chr11	14145000	14150000	10.394320377149727	14147500
chr11	14150000	14155000	9.191424276843593	14152500
chr11	14155000	14160000	9.597746162571067	14157500
chr11	14160000	14165000	4.6191572096278355	14162500
chr11	14165000	14170000	9.538115744479608	14167500
chr11	14170000	14175000	4.737965195385794	14172500
chr11	14175000	14180000	3.2847966325103957	14177500
chr11	14180000	14185000	3.3252457206485633	14182500
chr11	14185000	14190000	3.175344247225933	14187500
chr11	14190000	14195000	3.668191359294688	14192500
chr11	14195000	14200000	2.5729199542371575	14197500
chr11	14200000	14205000	3.3110238805257106	14202500
chr11	14205000	14210000	3.0736509903079132	14207500
chr11	14210000	14215000	6.215991308217394	14212500
chr11	14215000	14220000	8.090478272309696	14217500
chr11	14220000	14225000	8.419696425936529	14222500
chr11	14225000	14230000	5.602713346173913	14227500
chr11	14230000	14235000	4.127412563901487	14232500
chr11	14235000	14240000	7.387490643654268	14237500
chr11	14240000	14245000	5.590805666933588	14242500
chr11	14245000	14250000	7.368601272975854	14247500
chr11	14250000	14255000	4.927674860910707	14252500
chr11	14255000	14260000	3.640822254510559	14257500
chr11	14260000	14265000	2.2218859307209087	14262500
chr11	14265000	14270000	2.754966129760102	14267500
chr11	14270000	14275000	1.4600744411348996	14272500
chr11	14275000	14280000	1.0299085883564185	14277500
chr11	14280000	14285000	3.0237704978766775	14282500
chr11	14285000	14290000	3.9919264208662963	14287500
chr11	14290000	14295000	2.6608000791196553	14292500
chr11	14295000	14300000	7.775787844278769	14297500
chr11	14300000	14305000	5.148144989780726	14302500
chr11	14305000	14310000	3.99177338466066	14307500
chr11	14310000	14315000	5.638950022832201	14312500
chr11	14315000	14320000	4.430858834977323	14317500
chr11	14320000	14325000	6.574789689487278	14322500
chr11	14325000	14330000	4.329617160336244	14327500
chr11	14330000	14335000	4.128225088085844	14332500
chr11	14335000	14340000	4.151380993333119	14337500
chr11	14340000	14345000	4.493400906187235	14342500
chr11	14345000	14350000	3.6815195577590853	14347500
chr11	14350000	14355000	12.421665019542877	14352500
chr11	14355000	14360000	6.930169545961937	14357500
chr11	14360000	14365000	3.3752338340355243	14362500
chr11	14365000	14370000	1.9987217067427148	14367500
chr11	14370000	14375000	2.5161924926621104	14372500
chr11	14375000	14380000	2.781450167686544	14377500
chr11	14380000	14385000	4.565099910264425	14382500
chr11	14385000	14390000	5.775399890404018	14387500
chr11	14390000	14395000	19.548970704677966	14392500
chr11	14395000	14400000	6.950812507556461	14397500
chr11	14400000	14405000	3.9425616746287475	14402500
chr11	14405000	14410000	3.829072828677392	14407500
chr11	14410000	14415000	3.1054617936490447	14412500
chr11	14415000	14420000	3.0901493966061553	14417500
chr11	14420000	14425000	4.102726544881495	14422500
chr11	14425000	14430000	5.805184324700251	14427500
chr11	14430000	14435000	8.478398398301602	14432500
chr11	14435000	14440000	9.07491465026452	14437500
chr11	14440000	14445000	3.8298153569221194	14442500
chr11	14445000	14450000	3.6649274146449895	14447500
chr11	14450000	14455000	2.3683502766168036	14452500
chr11	14455000	14460000	2.749422185640227	14457500
chr11	14460000	14465000	3.418644658416319	14462500
chr11	14465000	14470000	2.4685709813631718	14467500
chr11	14470000	14475000	8.72579300614027	14472500
chr11	14475000	14480000	5.13361359840652	14477500
chr11	14480000	14485000	3.6139043878204813	14482500
chr11	14485000	14490000	2.766481276712173	14487500
chr11	14490000	14495000	2.0010084749324037	14492500
chr11	14495000	14500000	3.7816571007837068	14497500
chr11	14500000	14505000	3.936705886571037	14502500
chr11	14505000	14510000	4.849799089018993	14507500
chr11	14510000	14515000	4.988791864736049	14512500
chr11	14515000	14520000	6.948548314165568	14517500
chr11	14520000	14525000	1.8698212353964994	14522500
chr11	14525000	14530000	1.5782011911839051	14527500
chr11	14530000	14535000	2.64843690872654	14532500
chr11	14535000	14540000	2.4239113429872767	14537500
chr11	14540000	14545000	3.5835449807000597	14542500
chr11	14545000	14550000	4.830252876999251	14547500
chr11	14550000	14555000	8.130554164945114	14552500
chr11	14555000	14560000	6.8718285394708785	14557500
chr11	14560000	14565000	2.2647898466596335	14562500
chr11	14565000	14570000	1.3976932736854348	14567500
chr11	14570000	14575000	1.3287936131797913	14572500
chr11	14575000	14580000	2.4953223444543924	14577500
chr11	14580000	14585000	3.48012790834072	14582500
chr11	14585000	14590000	11.977264745494374	14587500
chr11	14590000	14595000	10.262667704284675	14592500
chr11	14595000	14600000	7.461391654940514	14597500
chr11	14600000	14605000	9.034809956893165	14602500
chr11	14605000	14610000	7.7622824604624	14607500
chr11	14610000	14615000	8.366413470569503	14612500
chr11	14615000	14620000	5.341249032212162	14617500
chr11	14620000	14625000	8.116057013481372	14622500
chr11	14625000	14630000	5.899247047209648	14627500
chr11	14630000	14635000	8.233965662363488	14632500
chr11	14635000	14640000	7.849478825208481	14637500
chr11	14640000	14645000	9.918010644429996	14642500
chr11	14645000	14650000	5.106614638481826	14647500
chr11	14650000	14655000	5.5421961899325956	14652500
chr11	14655000	14660000	11.315422879712726	14657500
chr11	14660000	14665000	11.019122862714342	14662500
chr11	14665000	14670000	4.08340142256148	14667500
chr11	14670000	14675000	9.731233902356893	14672500
chr11	14675000	14680000	4.996747445666973	14677500
chr11	14680000	14685000	8.840362342580676	14682500
chr11	14685000	14690000	9.110027763833175	14687500
chr11	14690000	14695000	12.363325518696394	14692500
chr11	14695000	14700000	6.985271108457488	14697500
chr11	14700000	14705000	7.135248812658215	14702500
chr11	14705000	14710000	3.1119369272647566	14707500
chr11	14710000	14715000	17.990004322910018	14712500
chr11	14715000	14720000	8.401833696288689	14717500
chr11	14720000	14725000	4.70614011612352	14722500
chr11	14725000	14730000	4.621771266496112	14727500
chr11	14730000	14735000	8.503475890086731	14732500
chr11	14735000	14740000	6.852976349118873	14737500
chr11	14740000	14745000	3.863787220533191	14742500
chr11	14745000	14750000	4.887588095379184	14747500
chr11	14750000	14755000	10.351370991029762	14752500
chr11	14755000	14760000	25.808297464025518	14757500
chr11	14760000	14765000	13.48430847761415	14762500
chr11	14765000	14770000	13.292695670087575	14767500
chr11	14770000	14775000	12.576010946106868	14772500
chr11	14775000	14780000	8.141791555847844	14777500
chr11	14780000	14785000	6.40599701874152	14782500
chr11	14785000	14790000	6.095413590638991	14787500
chr11	14790000	14795000	18.25003863181608	14792500
chr11	14795000	14800000	7.098646299949819	14797500
chr11	14800000	14805000	4.412206828345098	14802500
chr11	14805000	14810000	4.947525359310496	14807500
chr11	14810000	14815000	15.17170336313164	14812500
chr11	14815000	14820000	17.348110955209478	14817500
chr11	14820000	14825000	14.186100362876578	14822500
chr11	14825000	14830000	7.518724959904202	14827500
chr11	14830000	14835000	8.586359919246057	14832500
chr11	14835000	14840000	18.363024491510387	14837500
chr11	14840000	14845000	2.825127042316819	14842500
chr11	14845000	14850000	4.256767165515443	14847500
chr11	14850000	14855000	2.6587533212228243	14852500
chr11	14855000	14860000	1.4376906115595405	14857500
chr11	14860000	14865000	2.0523494689275483	14862500
chr11	14865000	14870000	2.679533448504755	14867500
chr11	14870000	14875000	2.827068077301267	14872500
chr11	14875000	14880000	2.144280678541439	14877500
chr11	14880000	14885000	2.2961654491117582	14882500
chr11	14885000	14890000	1.7963823967542376	14887500
chr11	14890000	14895000	1.5282722034021443	14892500
chr11	14895000	14900000	2.9035830703685455	14897500
chr11	14900000	14905000	3.228083166149367	14902500
chr11	14905000	14910000	3.640565226370064	14907500
chr11	14910000	14915000	2.680544613820651	14912500
chr11	14915000	14920000	8.741106679611091	14917500
chr11	14920000	14925000	9.95684599064374	14922500
chr11	14925000	14930000	4.083408928318502	14927500
chr11	14930000	14935000	5.175617896415654	14932500
chr11	14935000	14940000	6.952417698045612	14937500
chr11	14940000	14945000	7.181098948537607	14942500
chr11	14945000	14950000	8.289258448557371	14947500
chr11	14950000	14955000	20.393637034730535	14952500
chr11	14955000	14960000	14.171555810971233	14957500
chr11	14960000	14965000	7.74298790363517	14962500
chr11	14965000	14970000	3.155908997255191	14967500
chr11	14970000	14975000	3.6734074418423925	14972500
chr11	14975000	14980000	6.676360049503291	14977500
chr11	14980000	14985000	12.064323298257978	14982500
chr11	14985000	14990000	7.330648694348019	14987500
chr11	14990000	14995000	5.4372018703299085	14992500
chr11	14995000	15000000	4.123199114178491	14997500
chr11	15000000	15005000	5.293711040762422	15002500
chr11	15005000	15010000	15.096259699473253	15007500
chr11	15010000	15015000	16.325795620109535	15012500
chr11	15015000	15020000	21.946181341620424	15017500
chr11	15020000	15025000	12.38279518126313	15022500
chr11	15025000	15030000	16.10068661115982	15027500
chr11	15030000	15035000	8.756170151309481	15032500
chr11	15035000	15040000	12.929133634513164	15037500
chr11	15040000	15045000	16.920287808940493	15042500
chr11	15045000	15050000	6.9790474438829735	15047500
chr11	15050000	15055000	6.843669314959661	15052500
chr11	15055000	15060000	4.330979295887643	15057500
chr11	15060000	15065000	6.089619667600015	15062500
chr11	15065000	15070000	7.168178512341	15067500
chr11	15070000	15075000	9.11082441878413	15072500
chr11	15075000	15080000	6.7994921293310755	15077500
chr11	15080000	15085000	7.223453625821245	15082500
chr11	15085000	15090000	2.0500739921697164	15087500
chr11	15090000	15095000	3.884160712126798	15092500
chr11	15095000	15100000	4.40426470378186	15097500
chr11	15100000	15105000	8.23181668066683	15102500
chr11	15105000	15110000	4.796378741841612	15107500
chr11	15110000	15115000	5.2954325003642575	15112500
chr11	15115000	15120000	4.4972589823934195	15117500
chr11	15120000	15125000	5.070380069458802	15122500
chr11	15125000	15130000	3.4394542281777376	15127500
chr11	15130000	15135000	5.684883116984098	15132500
chr11	15135000	15140000	3.7043065830115047	15137500
chr11	15140000	15145000	4.9936032864448	15142500
chr11	15145000	15150000	8.247186777989604	15147500
chr11	15150000	15155000	8.56764229129913	15152500
chr11	15155000	15160000	7.000863613330529	15157500
chr11	15160000	15165000	13.711059824659605	15162500
chr11	15165000	15170000	11.454297906305335	15167500
chr11	15170000	15175000	7.202850112739007	15172500
chr11	15175000	15180000	17.343354125352747	15177500
chr11	15180000	15185000	7.158908626634078	15182500
chr11	15185000	15190000	6.187442399829601	15187500
chr11	15190000	15195000	3.163306124059559	15192500
chr11	15195000	15200000	2.710569838552926	15197500
chr11	15200000	15205000	4.7468235692619345	15202500
chr11	15205000	15210000	5.918916550329331	15207500
chr11	15210000	15215000	6.139542388142274	15212500
chr11	15215000	15220000	6.767875942748118	15217500
chr11	15220000	15225000	6.785113216273361	15222500
chr11	15225000	15230000	4.78852399375785	15227500
chr11	15230000	15235000	5.867321762613222	15232500
chr11	15235000	15240000	6.42220485001435	15237500
chr11	15240000	15245000	5.277828729314139	15242500
chr11	15245000	15250000	5.656909243348519	15247500
chr11	15250000	15255000	7.553672528884756	15252500
chr11	15255000	15260000	8.299232023856955	15257500
chr11	15260000	15265000	5.329664731716669	15262500
chr11	15265000	15270000	7.257109314149774	15267500
chr11	15270000	15275000	10.03924097949842	15272500
chr11	15275000	15280000	9.459737769670214	15277500
chr11	15280000	15285000	4.666701406794795	15282500
chr11	15285000	15290000	6.563886383625202	15287500
chr11	15290000	15295000	7.731852905233569	15292500
chr11	15295000	15300000	7.1964351915524105	15297500
chr11	15300000	15305000	12.505272468027224	15302500
chr11	15305000	15310000	9.07219868490525	15307500
chr11	15310000	15315000	8.957350842562349	15312500
chr11	15315000	15320000	11.927419614585265	15317500
chr11	15320000	15325000	9.00583946974408	15322500
chr11	15325000	15330000	15.124658260836089	15327500
chr11	15330000	15335000	10.392176805765782	15332500
chr11	15335000	15340000	12.884031512982105	15337500
chr11	15340000	15345000	14.317889559234331	15342500
chr11	15345000	15350000	14.289262255485554	15347500
chr11	15350000	15355000	13.0385381314117	15352500
chr11	15355000	15360000	25.839772341786155	15357500
chr11	15360000	15365000	13.675569561876658	15362500
chr11	15365000	15370000	13.794033545565457	15367500
chr11	15370000	15375000	16.83646859648763	15372500
chr11	15375000	15380000	14.844294120658201	15377500
chr11	15380000	15385000	16.022823583755258	15382500
chr11	15385000	15390000	16.06682685455247	15387500
chr11	15390000	15395000	19.932190024358636	15392500
chr11	15395000	15400000	17.34487109504882	15397500
chr11	15400000	15405000	19.72618928487985	15402500
chr11	15405000	15410000	13.766223128713609	15407500
chr11	15410000	15415000	17.399806578324874	15412500
chr11	15415000	15420000	15.293407781040871	15417500
chr11	15420000	15425000	20.546317590903467	15422500
chr11	15425000	15430000	17.78856172587727	15427500
chr11	15430000	15435000	15.91121337207352	15432500
chr11	15435000	15440000	13.474703911408628	15437500
chr11	15440000	15445000	19.08032486122261	15442500
chr11	15445000	15450000	23.166874435231914	15447500
chr11	15450000	15455000	25.455375729061156	15452500
chr11	15455000	15460000	23.275983148619982	15457500
chr11	15460000	15465000	19.544458671653867	15462500
chr11	15465000	15470000	21.02380403247673	15467500
chr11	15470000	15475000	20.862014638984906	15472500
chr11	15475000	15480000	14.209061958823574	15477500
chr11	15480000	15485000	20.12792363620737	15482500
chr11	15485000	15490000	18.03800151385531	15487500
chr11	15490000	15495000	40.412222847551284	15492500
chr11	15495000	15500000	13.32378117985865	15497500
chr11	15500000	15505000	4.5744322325033036	15502500
chr11	15505000	15510000	6.855333879090363	15507500
chr11	15510000	15515000	7.945777289412047	15512500
chr11	15515000	15520000	8.035045376401271	15517500
chr11	15520000	15525000	6.149124741519651	15522500
chr11	15525000	15530000	4.051631976681704	15527500
chr11	15530000	15535000	4.316081691439449	15532500
chr11	15535000	15540000	4.982083854096429	15537500
chr11	15540000	15545000	6.680176699916067	15542500
chr11	15545000	15550000	6.209564741650419	15547500
chr11	15550000	15555000	3.402517016591105	15552500
chr11	15555000	15560000	8.875924783402798	15557500
chr11	15560000	15565000	7.368819632489487	15562500
chr11	15565000	15570000	10.166474560636294	15567500
chr11	15570000	15575000	12.381169176831634	15572500
chr11	15575000	15580000	7.880367685941607	15577500
chr11	15580000	15585000	13.259536781200428	15582500
chr11	15585000	15590000	9.2513970214323	15587500
chr11	15590000	15595000	6.93054848390282	15592500
chr11	15595000	15600000	6.219070251895125	15597500
chr11	15600000	15605000	8.606341862901957	15602500
chr11	15605000	15610000	22.418482581649958	15607500
chr11	15610000	15615000	26.576351113256667	15612500
chr11	15615000	15620000	6.945113336370327	15617500
chr11	15620000	15625000	6.883772445952146	15622500
chr11	15625000	15630000	4.380038968710943	15627500
chr11	15630000	15635000	3.5122843889239	15632500
chr11	15635000	15640000	2.472625604897424	15637500
chr11	15640000	15645000	4.919935266461129	15642500
chr11	15645000	15650000	3.1188012228214133	15647500
chr11	15650000	15655000	5.9937384404983725	15652500
chr11	15655000	15660000	6.096359748598413	15657500
chr11	15660000	15665000	7.264383187208517	15662500
chr11	15665000	15670000	7.709048257537661	15667500
chr11	15670000	15675000	13.820610043911644	15672500
chr11	15675000	15680000	5.065488730149415	15677500
chr11	15680000	15685000	4.060297685235183	15682500
chr11	15685000	15690000	20.86904478084625	15687500
chr11	15690000	15695000	6.147535519354835	15692500
chr11	15695000	15700000	3.83254750393706	15697500
chr11	15700000	15705000	5.848220754499446	15702500
chr11	15705000	15710000	15.147936029445582	15707500
chr11	15710000	15715000	4.071347794132962	15712500
chr11	15715000	15720000	3.1717222443378037	15717500
chr11	15720000	15725000	3.068810944159294	15722500
chr11	15725000	15730000	3.1635481716303415	15727500
chr11	15730000	15735000	3.083250666198124	15732500
chr11	15735000	15740000	3.7699829811739813	15737500
chr11	15740000	15745000	5.369060531948499	15742500
chr11	15745000	15750000	8.570817448124552	15747500
chr11	15750000	15755000	20.04185728660418	15752500
chr11	15755000	15760000	6.853726206765227	15757500
chr11	15760000	15765000	5.268305346118387	15762500
chr11	15765000	15770000	6.2946992538353825	15767500
chr11	15770000	15775000	7.328404451392343	15772500
chr11	15775000	15780000	9.462784228103875	15777500
chr11	15780000	15785000	10.598661722822946	15782500
chr11	15785000	15790000	17.44281300476704	15787500
chr11	15790000	15795000	18.717998696524482	15792500
chr11	15795000	15800000	6.903070037874157	15797500
chr11	15800000	15805000	7.250597924173663	15802500
chr11	15805000	15810000	5.890812522930987	15807500
chr11	15810000	15815000	19.28988533211086	15812500
chr11	15815000	15820000	15.87479257775807	15817500
chr11	15820000	15825000	11.565536422675637	15822500
chr11	15825000	15830000	31.07291525223864	15827500
chr11	15830000	15835000	38.91539373850939	15832500
chr11	15835000	15840000	21.487073539563127	15837500
chr11	15840000	15845000	16.497183924374095	15842500
chr11	15845000	15850000	8.793834280021557	15847500
chr11	15850000	15855000	10.81385428083966	15852500
chr11	15855000	15860000	14.493364368763912	15857500
chr11	15860000	15865000	17.800154527409212	15862500
chr11	15865000	15870000	17.540422362969082	15867500
chr11	15870000	15875000	10.972012312790504	15872500
chr11	15875000	15880000	19.881666833937057	15877500
chr11	15880000	15885000	12.08194744102937	15882500
chr11	15885000	15890000	15.109009522816464	15887500
chr11	15890000	15895000	18.73951846140984	15892500
chr11	15895000	15900000	11.082113211344412	15897500
chr11	15900000	15905000	9.577546346503878	15902500
chr11	15905000	15910000	12.432945081408823	15907500
chr11	15910000	15915000	10.808049916463666	15912500
chr11	15915000	15920000	12.952849542537134	15917500
chr11	15920000	15925000	16.50173723012379	15922500
chr11	15925000	15930000	17.57637878950098	15927500
chr11	15930000	15935000	17.09950275233156	15932500
chr11	15935000	15940000	13.818372617347082	15937500
chr11	15940000	15945000	12.221630996316847	15942500
chr11	15945000	15950000	11.252496406899699	15947500
chr11	15950000	15955000	10.974356914587782	15952500
chr11	15955000	15960000	12.432745470739656	15957500
chr11	15960000	15965000	8.805601669157253	15962500
chr11	15965000	15970000	8.64711316001878	15967500
chr11	15970000	15975000	8.20334340207816	15972500
chr11	15975000	15980000	11.77115342720872	15977500
chr11	15980000	15985000	10.429607615641729	15982500
chr11	15985000	15990000	8.608889148460213	15987500
chr11	15990000	15995000	9.068019749217404	15992500
chr11	15995000	16000000	7.37018061427238	15997500
chr11	16000000	16005000	9.165215010534201	16002500
chr11	16005000	16010000	6.91096592515181	16007500
chr11	16010000	16015000	8.282769362580323	16012500
chr11	16015000	16020000	6.497287110511564	16017500
chr11	16020000	16025000	7.874243908193777	16022500
chr11	16025000	16030000	7.594774598266428	16027500
chr11	16030000	16035000	4.6249962055653855	16032500
chr11	16035000	16040000	7.8008816655119775	16037500
chr11	16040000	16045000	6.236459005770131	16042500
chr11	16045000	16050000	5.550112592284364	16047500
chr11	16050000	16055000	5.724764509713155	16052500
chr11	16055000	16060000	4.580733197539708	16057500
chr11	16060000	16065000	7.894699829073019	16062500
chr11	16065000	16070000	5.516317338205214	16067500
chr11	16070000	16075000	4.947824536543794	16072500
chr11	16075000	16080000	4.818689347029253	16077500
chr11	16080000	16085000	6.317044607448599	16082500
chr11	16085000	16090000	9.140695571539997	16087500
chr11	16090000	16095000	10.717101168678568	16092500
chr11	16095000	16100000	6.923143876669215	16097500
chr11	16100000	16105000	4.7206687474641456	16102500
chr11	16105000	16110000	5.176480128130437	16107500
chr11	16110000	16115000	7.712963634061806	16112500
chr11	16115000	16120000	3.1081828690329716	16117500
chr11	16120000	16125000	6.366465256221091	16122500
chr11	16125000	16130000	5.3146640503964795	16127500
chr11	16130000	16135000	10.546384529093727	16132500
chr11	16135000	16140000	9.50926090958894	16137500
chr11	16140000	16145000	11.24308434550069	16142500
chr11	16145000	16150000	12.099769710542903	16147500
chr11	16150000	16155000	22.717850028472792	16152500
chr11	16155000	16160000	20.616970856153717	16157500
chr11	16160000	16165000	22.97467572672562	16162500
chr11	16165000	16170000	13.31875821402397	16167500
chr11	16170000	16175000	14.190541526346577	16172500
chr11	16175000	16180000	14.340654408593917	16177500
chr11	16180000	16185000	11.395330403954821	16182500
chr11	16185000	16190000	15.597698357916373	16187500
chr11	16190000	16195000	13.544311877681466	16192500
chr11	16195000	16200000	12.646649689967683	16197500
chr11	16200000	16205000	11.09183416104319	16202500
chr11	16205000	16210000	9.753697655155163	16207500
chr11	16210000	16215000	10.225313458919594	16212500
chr11	16215000	16220000	19.70621047468248	16217500
chr11	16220000	16225000	18.991793111669683	16222500
chr11	16225000	16230000	21.795535433972876	16227500
chr11	16230000	16235000	17.90792819137172	16232500
chr11	16235000	16240000	14.290932434290994	16237500
chr11	16240000	16245000	20.071633433645747	16242500
chr11	16245000	16250000	23.879506231302333	16247500
chr11	16250000	16255000	32.08203899442001	16252500
chr11	16255000	16260000	16.084901722152278	16257500
chr11	16260000	16265000	26.242906969832458	16262500
chr11	16265000	16270000	26.25154019958694	16267500
chr11	16270000	16275000	24.717969913373416	16272500
chr11	16275000	16280000	10.744295183627496	16277500
chr11	16280000	16285000	15.965265965572677	16282500
chr11	16285000	16290000	16.845085014683338	16287500
chr11	16290000	16295000	17.00058810211239	16292500
chr11	16295000	16300000	18.69028348246487	16297500
chr11	16300000	16305000	7.097726356178698	16302500
chr11	16305000	16310000	9.374012060357556	16307500
chr11	16310000	16315000	23.931198004055428	16312500
chr11	16315000	16320000	24.868183836843766	16317500
chr11	16320000	16325000	31.785119896127128	16322500
chr11	16325000	16330000	16.909274087058545	16327500
chr11	16330000	16335000	19.333174248885598	16332500
chr11	16335000	16340000	21.478048418372815	16337500
chr11	16340000	16345000	20.80965283990646	16342500
chr11	16345000	16350000	23.048352989660838	16347500
chr11	16350000	16355000	32.09302213764333	16352500
chr11	16355000	16360000	53.2594574986245	16357500
chr11	16360000	16365000	33.042348927299166	16362500
chr11	16365000	16370000	20.8573244964107	16367500
chr11	16370000	16375000	15.14798092177597	16372500
chr11	16375000	16380000	22.759421316001077	16377500
chr11	16380000	16385000	28.076782234920355	16382500
chr11	16385000	16390000	23.10036647927825	16387500
chr11	16390000	16395000	17.780132005104104	16392500
chr11	16395000	16400000	21.648823614894898	16397500
chr11	16400000	16405000	18.087493981414518	16402500
chr11	16405000	16410000	17.220548243574665	16407500
chr11	16410000	16415000	23.099487271054155	16412500
chr11	16415000	16420000	21.627093496636846	16417500
chr11	16420000	16425000	17.96012123585879	16422500
chr11	16425000	16430000	13.25333885290406	16427500
chr11	16430000	16435000	9.50481136340431	16432500
chr11	16435000	16440000	10.947558673322824	16437500
chr11	16440000	16445000	13.935063239049555	16442500
chr11	16445000	16450000	10.268656333588263	16447500
chr11	16450000	16455000	13.40891801817876	16452500
chr11	16455000	16460000	14.12124205259738	16457500
chr11	16460000	16465000	11.050231059922515	16462500
chr11	16465000	16470000	10.297521423096038	16467500
chr11	16470000	16475000	10.658018411989042	16472500
chr11	16475000	16480000	11.58530987381045	16477500
chr11	16480000	16485000	12.68705606273757	16482500
chr11	16485000	16490000	9.462655606925491	16487500
chr11	16490000	16495000	9.988247248398533	16492500
chr11	16495000	16500000	9.623560046999486	16497500
chr11	16500000	16505000	8.88941975959712	16502500
chr11	16505000	16510000	8.789541723844783	16507500
chr11	16510000	16515000	8.772023518427824	16512500
chr11	16515000	16520000	9.277736034952328	16517500
chr11	16520000	16525000	8.017791890782624	16522500
chr11	16525000	16530000	11.359167308675957	16527500
chr11	16530000	16535000	13.417842226755468	16532500
chr11	16535000	16540000	5.182376391995099	16537500
chr11	16540000	16545000	4.792011920200451	16542500
chr11	16545000	16550000	2.8251828496490328	16547500
chr11	16550000	16555000	4.3167763821521135	16552500
chr11	16555000	16560000	8.41945599468228	16557500
chr11	16560000	16565000	13.934079366192549	16562500
chr11	16565000	16570000	6.49693241376397	16567500
chr11	16570000	16575000	3.4356735937520417	16572500
chr11	16575000	16580000	3.6912637588461816	16577500
chr11	16580000	16585000	2.9023663375358537	16582500
chr11	16585000	16590000	3.5474189649528047	16587500
chr11	16590000	16595000	3.724574928317549	16592500
chr11	16595000	16600000	4.651594393486711	16597500
chr11	16600000	16605000	3.253882093763602	16602500
chr11	16605000	16610000	3.2852939843558864	16607500
chr11	16610000	16615000	4.093674421992221	16612500
chr11	16615000	16620000	3.4905129800155676	16617500
chr11	16620000	16625000	6.062914510222065	16622500
chr11	16625000	16630000	14.331184495130906	16627500
chr11	16630000	16635000	7.334155993509136	16632500
chr11	16635000	16640000	14.472806864242537	16637500
chr11	16640000	16645000	6.127029353994701	16642500
chr11	16645000	16650000	11.313112232559545	16647500
chr11	16650000	16655000	14.007866182621983	16652500
chr11	16655000	16660000	11.583956290446592	16657500
chr11	16660000	16665000	13.230958497432644	16662500
chr11	16665000	16670000	10.091404353961277	16667500
chr11	16670000	16675000	10.693427105469524	16672500
chr11	16675000	16680000	10.045403597220337	16677500
chr11	16680000	16685000	15.860721901414898	16682500
chr11	16685000	16690000	14.367369801711275	16687500
chr11	16690000	16695000	8.13233729117177	16692500
chr11	16695000	16700000	5.833618467268621	16697500
chr11	16700000	16705000	8.765578041307268	16702500
chr11	16705000	16710000	8.07427549138108	16707500
chr11	16710000	16715000	11.072237411364071	16712500
chr11	16715000	16720000	24.719151380855013	16717500
chr11	16720000	16725000	6.353492782845838	16722500
chr11	16725000	16730000	6.449805058568846	16727500
chr11	16730000	16735000	6.615187360236531	16732500
chr11	16735000	16740000	5.644747733692736	16737500
chr11	16740000	16745000	6.884903989677813	16742500
chr11	16745000	16750000	5.872835611118043	16747500
chr11	16750000	16755000	6.26686814458112	16752500
chr11	16755000	16760000	5.419969004471119	16757500
chr11	16760000	16765000	6.616605475082675	16762500
chr11	16765000	16770000	5.504380389481811	16767500
chr11	16770000	16775000	5.471220293708611	16772500
chr11	16775000	16780000	5.832856502988518	16777500
chr11	16780000	16785000	3.995859135827206	16782500
chr11	16785000	16790000	3.9037562149308522	16787500
chr11	16790000	16795000	5.550548535458317	16792500
chr11	16795000	16800000	5.041741164620658	16797500
chr11	16800000	16805000	12.187521557396126	16802500
chr11	16805000	16810000	12.114118061915022	16807500
chr11	16810000	16815000	5.186935879008738	16812500
chr11	16815000	16820000	7.9622793685329585	16817500
chr11	16820000	16825000	8.970166299156826	16822500
chr11	16825000	16830000	7.069838250214614	16827500
chr11	16830000	16835000	8.299202270986376	16832500
chr11	16835000	16840000	9.57175931642604	16837500
chr11	16840000	16845000	8.751200590924714	16842500
chr11	16845000	16850000	10.487862013386353	16847500
chr11	16850000	16855000	7.959530264019512	16852500
chr11	16855000	16860000	11.891492565701478	16857500
chr11	16860000	16865000	11.794899047298141	16862500
chr11	16865000	16870000	12.168720912093764	16867500
chr11	16870000	16875000	9.645680927515112	16872500
chr11	16875000	16880000	11.63519278587057	16877500
chr11	16880000	16885000	16.15983747570388	16882500
chr11	16885000	16890000	12.656619887043414	16887500
chr11	16890000	16895000	6.386857452724385	16892500
chr11	16895000	16900000	11.38741494701076	16897500
chr11	16900000	16905000	9.347912971199623	16902500
chr11	16905000	16910000	12.457072025377201	16907500
chr11	16910000	16915000	10.092882308707686	16912500
chr11	16915000	16920000	12.559393005892485	16917500
chr11	16920000	16925000	10.703404068195239	16922500
chr11	16925000	16930000	13.067006449067309	16927500
chr11	16930000	16935000	11.078700881766656	16932500
chr11	16935000	16940000	9.730985920946262	16937500
chr11	16940000	16945000	7.225500177431055	16942500
chr11	16945000	16950000	5.780578158916771	16947500
chr11	16950000	16955000	4.720081097650012	16952500
chr11	16955000	16960000	6.580211273215692	16957500
chr11	16960000	16965000	8.177954017705032	16962500
chr11	16965000	16970000	6.338561976313746	16967500
chr11	16970000	16975000	5.347976776576387	16972500
chr11	16975000	16980000	6.520079868319165	16977500
chr11	16980000	16985000	9.444499754862045	16982500
chr11	16985000	16990000	5.98091651554491	16987500
chr11	16990000	16995000	7.806621698980243	16992500
chr11	16995000	17000000	12.489774485213603	16997500
chr11	17000000	17005000	7.345463352246463	17002500
chr11	17005000	17010000	10.3685849968683	17007500
chr11	17010000	17015000	8.191883745218208	17012500
chr11	17015000	17020000	7.8794233843606065	17017500
chr11	17020000	17025000	8.176499265163146	17022500
chr11	17025000	17030000	6.264703349225651	17027500
chr11	17030000	17035000	8.303795360258404	17032500
chr11	17035000	17040000	9.667937593370333	17037500
chr11	17040000	17045000	7.353772380735996	17042500
chr11	17045000	17050000	7.480245063602119	17047500
chr11	17050000	17055000	8.062102140963741	17052500
chr11	17055000	17060000	5.219752382125185	17057500
chr11	17060000	17065000	3.15674991860016	17062500
chr11	17065000	17070000	4.915549193840661	17067500
chr11	17070000	17075000	3.5130648015980435	17072500
chr11	17075000	17080000	5.285338020100531	17077500
chr11	17080000	17085000	4.304821055506478	17082500
chr11	17085000	17090000	8.037576545056009	17087500
chr11	17090000	17095000	11.242718097259297	17092500
chr11	17095000	17100000	15.395855763351564	17097500
chr11	17100000	17105000	10.573050991273268	17102500
chr11	17105000	17110000	7.68530440453651	17107500
chr11	17110000	17115000	4.436186715165542	17112500
chr11	17115000	17120000	2.820291924701001	17117500
chr11	17120000	17125000	5.3439965797949265	17122500
chr11	17125000	17130000	9.342782480662377	17127500
chr11	17130000	17135000	4.000569943397298	17132500
chr11	17135000	17140000	7.249537054829685	17137500
chr11	17140000	17145000	6.539378527140345	17142500
chr11	17145000	17150000	8.432567480196562	17147500
chr11	17150000	17155000	15.383112527351004	17152500
chr11	17155000	17160000	28.13445834379037	17157500
chr11	17160000	17165000	11.633087027412456	17162500
chr11	17165000	17170000	21.577377723392324	17167500
chr11	17170000	17175000	12.754319751462797	17172500
chr11	17175000	17180000	28.083364795666157	17177500
chr11	17180000	17185000	24.109710623313802	17182500
chr11	17185000	17190000	15.88386544544572	17187500
chr11	17190000	17195000	10.788833546002676	17192500
chr11	17195000	17200000	8.913140794018293	17197500
chr11	17200000	17205000	4.660674403804303	17202500
chr11	17205000	17210000	4.064405637820361	17207500
chr11	17210000	17215000	4.51475962021529	17212500
chr11	17215000	17220000	6.530845763816129	17217500
chr11	17220000	17225000	7.111724379308567	17222500
chr11	17225000	17230000	10.127816284690892	17227500
chr11	17230000	17235000	4.534599219932359	17232500
chr11	17235000	17240000	6.265992969939383	17237500
chr11	17240000	17245000	3.143784965299452	17242500
chr11	17245000	17250000	2.3428389479200256	17247500
chr11	17250000	17255000	4.571207292051752	17252500
chr11	17255000	17260000	4.072428044529474	17257500
chr11	17260000	17265000	5.478414419641738	17262500
chr11	17265000	17270000	2.931922140105987	17267500
chr11	17270000	17275000	6.858376532133875	17272500
chr11	17275000	17280000	5.505600691825883	17277500
chr11	17280000	17285000	1.9550971594950939	17282500
chr11	17285000	17290000	2.559292387832736	17287500
chr11	17290000	17295000	3.549450104023861	17292500
chr11	17295000	17300000	4.450051196495737	17297500
chr11	17300000	17305000	10.60698667964522	17302500
chr11	17305000	17310000	4.319883465879058	17307500
chr11	17310000	17315000	10.366586361425387	17312500
chr11	17315000	17320000	13.533225401662477	17317500
chr11	17320000	17325000	10.032930879699368	17322500
chr11	17325000	17330000	5.039602727602901	17327500
chr11	17330000	17335000	4.966799128864544	17332500
chr11	17335000	17340000	6.013715815408894	17337500
chr11	17340000	17345000	7.507254178747648	17342500
chr11	17345000	17350000	14.914384315917532	17347500
chr11	17350000	17355000	6.309201262863896	17352500
chr11	17355000	17360000	4.665215033628786	17357500
chr11	17360000	17365000	9.3399876800948	17362500
chr11	17365000	17370000	13.03626352544116	17367500
chr11	17370000	17375000	10.335645878102282	17372500
chr11	17375000	17380000	21.293001993319347	17377500
chr11	17380000	17385000	23.183372246851267	17382500
chr11	17385000	17390000	11.78923080500988	17387500
chr11	17390000	17395000	12.282207144453176	17392500
chr11	17395000	17400000	17.029066149246308	17397500
chr11	17400000	17405000	8.868284005739316	17402500
chr11	17405000	17410000	16.100089731153307	17407500
chr11	17410000	17415000	18.115582229509368	17412500
chr11	17415000	17420000	14.336807588169506	17417500
chr11	17420000	17425000	12.400968104974103	17422500
chr11	17425000	17430000	15.700469661467478	17427500
chr11	17430000	17435000	20.220866511227143	17432500
chr11	17435000	17440000	12.203759701313139	17437500
chr11	17440000	17445000	17.35762346423774	17442500
chr11	17445000	17450000	8.044399732779967	17447500
chr11	17450000	17455000	11.302802069134573	17452500
chr11	17455000	17460000	13.353016310058214	17457500
chr11	17460000	17465000	9.806510451976372	17462500
chr11	17465000	17470000	9.369665917327039	17467500
chr11	17470000	17475000	7.262972209397805	17472500
chr11	17475000	17480000	9.003973311300983	17477500
chr11	17480000	17485000	12.188177217416424	17482500
chr11	17485000	17490000	15.130541716972814	17487500
chr11	17490000	17495000	29.56959965545931	17492500
chr11	17495000	17500000	18.456534106739845	17497500
chr11	17500000	17505000	23.112894152393046	17502500
chr11	17505000	17510000	17.18599611993434	17507500
chr11	17510000	17515000	15.070305470568844	17512500
chr11	17515000	17520000	20.42542550980589	17517500
chr11	17520000	17525000	29.453584267944848	17522500
chr11	17525000	17530000	17.627123150602653	17527500
chr11	17530000	17535000	28.189273490022604	17532500
chr11	17535000	17540000	18.35902041518544	17537500
chr11	17540000	17545000	16.67396132556195	17542500
chr11	17545000	17550000	34.937530572992394	17547500
chr11	17550000	17555000	27.216797917179846	17552500
chr11	17555000	17560000	26.435646135190943	17557500
chr11	17560000	17565000	26.644132055585015	17562500
chr11	17565000	17570000	28.31448332163178	17567500
chr11	17570000	17575000	17.604755633939014	17572500
chr11	17575000	17580000	26.236653960492006	17577500
chr11	17580000	17585000	29.421024092178538	17582500
chr11	17585000	17590000	19.29143846069958	17587500
chr11	17590000	17595000	23.27405430846353	17592500
chr11	17595000	17600000	19.305208163827853	17597500
chr11	17600000	17605000	16.65085819437745	17602500
chr11	17605000	17610000	17.368595595845914	17607500
chr11	17610000	17615000	22.022877306652724	17612500
chr11	17615000	17620000	23.173511203426056	17617500
chr11	17620000	17625000	21.812385113166727	17622500
chr11	17625000	17630000	24.846951929868425	17627500
chr11	17630000	17635000	45.30315034197323	17632500
chr11	17635000	17640000	40.22057273763245	17637500
chr11	17640000	17645000	32.16120011121059	17642500
chr11	17645000	17650000	26.361389498299715	17647500
chr11	17650000	17655000	24.394624467584094	17652500
chr11	17655000	17660000	41.19386422755057	17657500
chr11	17660000	17665000	44.12591512964665	17662500
chr11	17665000	17670000	19.647141048254575	17667500
chr11	17670000	17675000	31.895881478759566	17672500
chr11	17675000	17680000	19.121532951719303	17677500
chr11	17680000	17685000	24.867513100570662	17682500
chr11	17685000	17690000	26.706804553368446	17687500
chr11	17690000	17695000	18.057489907557006	17692500
chr11	17695000	17700000	22.556902237901838	17697500
chr11	17700000	17705000	46.349397357327334	17702500
chr11	17705000	17710000	45.85175731265753	17707500
chr11	17710000	17715000	29.144721404072648	17712500
chr11	17715000	17720000	35.73732429870167	17717500
chr11	17720000	17725000	23.20269686493473	17722500
chr11	17725000	17730000	30.568775614082714	17727500
chr11	17730000	17735000	21.395073168041858	17732500
chr11	17735000	17740000	36.96460856954312	17737500
chr11	17740000	17745000	36.345764224600416	17742500
chr11	17745000	17750000	34.15537524072979	17747500
chr11	17750000	17755000	27.229657701668415	17752500
chr11	17755000	17760000	38.04102740974818	17757500
chr11	17760000	17765000	40.13510487941936	17762500
chr11	17765000	17770000	43.0606941214954	17767500
chr11	17770000	17775000	28.348771031245825	17772500
chr11	17775000	17780000	37.06565898557764	17777500
chr11	17780000	17785000	35.028153920961564	17782500
chr11	17785000	17790000	36.935123326084074	17787500
chr11	17790000	17795000	26.7910229623522	17792500
chr11	17795000	17800000	23.259475207367526	17797500
chr11	17800000	17805000	22.122912234547638	17802500
chr11	17805000	17810000	16.087945292108767	17807500
chr11	17810000	17815000	20.506408383555144	17812500
chr11	17815000	17820000	21.176815194132757	17817500
chr11	17820000	17825000	19.714551351755514	17822500
chr11	17825000	17830000	19.510240420311394	17827500
chr11	17830000	17835000	19.502773111042927	17832500
chr11	17835000	17840000	17.578349595572526	17837500
chr11	17840000	17845000	16.75398042262268	17842500
chr11	17845000	17850000	20.560866758922703	17847500
chr11	17850000	17855000	24.109020435445867	17852500
chr11	17855000	17860000	23.31312475505137	17857500
chr11	17860000	17865000	18.322879394250553	17862500
chr11	17865000	17870000	18.119367957660916	17867500
chr11	17870000	17875000	15.676542738154982	17872500
chr11	17875000	17880000	16.5006272967338	17877500
chr11	17880000	17885000	21.7677188317792	17882500
chr11	17885000	17890000	35.38193395971066	17887500
chr11	17890000	17895000	38.46490333459175	17892500
chr11	17895000	17900000	40.916427265909626	17897500
chr11	17900000	17905000	24.583721536124372	17902500
chr11	17905000	17910000	18.199655766094136	17907500
chr11	17910000	17915000	26.037822354167346	17912500
chr11	17915000	17920000	41.754248290047215	17917500
chr11	17920000	17925000	16.246875420546978	17922500
chr11	17925000	17930000	14.787226131581724	17927500
chr11	17930000	17935000	14.680155327115758	17932500
chr11	17935000	17940000	19.45905569040257	17937500
chr11	17940000	17945000	17.756188374027186	17942500
chr11	17945000	17950000	19.798704300648126	17947500
chr11	17950000	17955000	18.92815580380335	17952500
chr11	17955000	17960000	17.485154313267728	17957500
chr11	17960000	17965000	19.334193126498437	17962500
chr11	17965000	17970000	19.395478530026196	17967500
chr11	17970000	17975000	19.025051064738467	17972500
chr11	17975000	17980000	20.30266666516853	17977500
chr11	17980000	17985000	19.84288268027671	17982500
chr11	17985000	17990000	20.28572882527545	17987500
chr11	17990000	17995000	20.284051224166635	17992500
chr11	17995000	18000000	21.58121219144286	17997500
chr11	18000000	18005000	21.62678964890704	18002500
chr11	18005000	18010000	26.96890829737496	18007500
chr11	18010000	18015000	17.946840521437704	18012500
chr11	18015000	18020000	33.21156788207896	18017500
chr11	18020000	18025000	24.878534685673248	18022500
chr11	18025000	18030000	19.777362185014667	18027500
chr11	18030000	18035000	30.974572472496618	18032500
chr11	18035000	18040000	35.083776002190206	18037500
chr11	18040000	18045000	17.903761263586585	18042500
chr11	18045000	18050000	22.48485431668233	18047500
chr11	18050000	18055000	18.554855433349292	18052500
chr11	18055000	18060000	32.268112668897686	18057500
chr11	18060000	18065000	28.740732342896653	18062500
chr11	18065000	18070000	30.61944301145115	18067500
chr11	18070000	18075000	23.315878313426825	18072500
chr11	18075000	18080000	26.867477884776505	18077500
chr11	18080000	18085000	35.345688486988855	18082500
chr11	18085000	18090000	26.756191490559367	18087500
chr11	18090000	18095000	20.458041075565877	18092500
chr11	18095000	18100000	29.036796733515565	18097500
chr11	18100000	18105000	21.515778104148612	18102500
chr11	18105000	18110000	27.393374222607658	18107500
chr11	18110000	18115000	28.501617705866746	18112500
chr11	18115000	18120000	24.526774792593546	18117500
chr11	18120000	18125000	24.70999032159984	18122500
chr11	18125000	18130000	26.994107245362148	18127500
chr11	18130000	18135000	21.903426559711697	18132500
chr11	18135000	18140000	15.02019739014523	18137500
chr11	18140000	18145000	21.99578113162128	18142500
chr11	18145000	18150000	25.214264886060146	18147500
chr11	18150000	18155000	20.900709319743665	18152500
chr11	18155000	18160000	15.221102402404401	18157500
chr11	18160000	18165000	13.697606151516732	18162500
chr11	18165000	18170000	19.966431472398554	18167500
chr11	18170000	18175000	19.418859555787062	18172500
chr11	18175000	18180000	19.07235018854185	18177500
chr11	18180000	18185000	19.659192544828837	18182500
chr11	18185000	18190000	19.713399611422865	18187500
chr11	18190000	18195000	23.614126225344577	18192500
chr11	18195000	18200000	23.68007336143014	18197500
chr11	18200000	18205000	18.42605645742106	18202500
chr11	18205000	18210000	15.934158872129414	18207500
chr11	18210000	18215000	18.235533013671002	18212500
chr11	18215000	18220000	21.337902247328834	18217500
chr11	18220000	18225000	32.860212379145864	18222500
chr11	18225000	18230000	41.42339182451668	18227500
chr11	18230000	18235000	40.05544529243732	18232500
chr11	18235000	18240000	41.10793835475354	18237500
chr11	18240000	18245000	20.38479414971265	18242500
chr11	18245000	18250000	26.52985627399761	18247500
chr11	18250000	18255000	17.325298263118416	18252500
chr11	18255000	18260000	31.020642121121085	18257500
chr11	18260000	18265000	24.215213319929276	18262500
chr11	18265000	18270000	22.397874843922306	18267500
chr11	18270000	18275000	52.346221454907635	18272500
chr11	18275000	18280000	20.574343675771072	18277500
chr11	18280000	18285000	20.846459066397063	18282500
chr11	18285000	18290000	22.442235575556705	18287500
chr11	18290000	18295000	21.36715079398026	18292500
chr11	18295000	18300000	19.410294674115075	18297500
chr11	18300000	18305000	23.950633362657953	18302500
chr11	18305000	18310000	20.151915462691935	18307500
chr11	18310000	18315000	20.314969678589765	18312500
chr11	18315000	18320000	15.249291614535169	18317500
chr11	18320000	18325000	13.869511854844843	18322500
chr11	18325000	18330000	15.392346444264424	18327500
chr11	18330000	18335000	31.628395768034903	18332500
chr11	18335000	18340000	56.17251442793549	18337500
chr11	18340000	18345000	62.94701322863465	18342500
chr11	18345000	18350000	40.87099975960965	18347500
chr11	18350000	18355000	43.14425412230679	18352500
chr11	18355000	18360000	24.557802576702844	18357500
chr11	18360000	18365000	24.34814100301243	18362500
chr11	18365000	18370000	14.95097144773498	18367500
chr11	18370000	18375000	26.43258866257899	18372500
chr11	18375000	18380000	30.520730173883678	18377500
chr11	18380000	18385000	24.83377671006776	18382500
chr11	18385000	18390000	24.312630341822036	18387500
chr11	18390000	18395000	41.6950597150297	18392500
chr11	18395000	18400000	28.785676427498018	18397500
chr11	18400000	18405000	39.022739385067254	18402500
chr11	18405000	18410000	37.282732322395425	18407500
chr11	18410000	18415000	50.97573493749932	18412500
chr11	18415000	18420000	24.2027824862655	18417500
chr11	18420000	18425000	40.78885785389841	18422500
chr11	18425000	18430000	97.71072511333924	18427500
chr11	18430000	18435000	27.52789769806018	18432500
chr11	18435000	18440000	16.663545535209437	18437500
chr11	18440000	18445000	18.243087408151997	18442500
chr11	18445000	18450000	16.06484602346737	18447500
chr11	18450000	18455000	24.938167201116364	18452500
chr11	18455000	18460000	27.063125515443957	18457500
chr11	18460000	18465000	13.361621523262148	18462500
chr11	18465000	18470000	12.361620753099563	18467500
chr11	18470000	18475000	20.521742986107792	18472500
chr11	18475000	18480000	16.65705304364861	18477500
chr11	18480000	18485000	30.293450621005455	18482500
chr11	18485000	18490000	31.710073445212586	18487500
chr11	18490000	18495000	33.9441352065534	18492500
chr11	18495000	18500000	24.817403610285734	18497500
chr11	18500000	18505000	57.13573876840553	18502500
chr11	18505000	18510000	46.439444400870435	18507500
chr11	18510000	18515000	45.81592427280139	18512500
chr11	18515000	18520000	41.23449447178854	18517500
chr11	18520000	18525000	23.50644087591314	18522500
chr11	18525000	18530000	34.62253369498186	18527500
chr11	18530000	18535000	42.70816499271416	18532500
chr11	18535000	18540000	20.297129683602513	18537500
chr11	18540000	18545000	32.361040199994086	18542500
chr11	18545000	18550000	23.272475336036205	18547500
chr11	18550000	18555000	34.51354046931115	18552500
chr11	18555000	18560000	34.40689715057817	18557500
chr11	18560000	18565000	24.0408845864103	18562500
chr11	18565000	18570000	25.230645074539922	18567500
chr11	18570000	18575000	12.221834146389245	18572500
chr11	18575000	18580000	22.53535634094033	18577500
chr11	18580000	18585000	35.27254401206878	18582500
chr11	18585000	18590000	33.3511515673259	18587500
chr11	18590000	18595000	20.073269362575296	18592500
chr11	18595000	18600000	12.671117914948132	18597500
chr11	18600000	18605000	11.524339815586114	18602500
chr11	18605000	18610000	21.787847659055444	18607500
chr11	18610000	18615000	25.07801181841527	18612500
chr11	18615000	18620000	30.194322566848943	18617500
chr11	18620000	18625000	36.58372641085582	18622500
chr11	18625000	18630000	39.544444359870205	18627500
chr11	18630000	18635000	26.29503366870514	18632500
chr11	18635000	18640000	31.053616380689324	18637500
chr11	18640000	18645000	28.882065022908375	18642500
chr11	18645000	18650000	29.08242915893655	18647500
chr11	18650000	18655000	36.6776115117913	18652500
chr11	18655000	18660000	31.59069731620946	18657500
chr11	18660000	18665000	19.952273152273378	18662500
chr11	18665000	18670000	14.239066456911253	18667500
chr11	18670000	18675000	26.777626668572516	18672500
chr11	18675000	18680000	25.276552522157882	18677500
chr11	18680000	18685000	31.939129611457695	18682500
chr11	18685000	18690000	27.208643001680503	18687500
chr11	18690000	18695000	24.414755431018865	18692500
chr11	18695000	18700000	27.622498229515212	18697500
chr11	18700000	18705000	16.057987559353844	18702500
chr11	18705000	18710000	10.082390079965105	18707500
chr11	18710000	18715000	15.282099019963338	18712500
chr11	18715000	18720000	16.80433499109485	18717500
chr11	18720000	18725000	21.925112029220887	18722500
chr11	18725000	18730000	61.97252419061227	18727500
chr11	18730000	18735000	25.208321811588537	18732500
chr11	18735000	18740000	18.701747630001837	18737500
chr11	18740000	18745000	16.70143577803047	18742500
chr11	18745000	18750000	23.66589996485646	18747500
chr11	18750000	18755000	14.574301633171903	18752500
chr11	18755000	18760000	15.62966425882052	18757500
chr11	18760000	18765000	21.127307998762614	18762500
chr11	18765000	18770000	34.28912989177797	18767500
chr11	18770000	18775000	39.4035149372251	18772500
chr11	18775000	18780000	34.963131375779334	18777500
chr11	18780000	18785000	42.48652587546306	18782500
chr11	18785000	18790000	53.58075013476647	18787500
chr11	18790000	18795000	25.257132154882175	18792500
chr11	18795000	18800000	20.011297484601705	18797500
chr11	18800000	18805000	21.915209085092695	18802500
chr11	18805000	18810000	30.48240275927781	18807500
chr11	18810000	18815000	18.134576040621994	18812500
chr11	18815000	18820000	18.579439387010353	18817500
chr11	18820000	18825000	12.247914995984294	18822500
chr11	18825000	18830000	12.29367423891576	18827500
chr11	18830000	18835000	17.31045833927014	18832500
chr11	18835000	18840000	24.8159489244613	18837500
chr11	18840000	18845000	20.56755932686057	18842500
chr11	18845000	18850000	40.436570797839096	18847500
chr11	18850000	18855000	27.439401021497112	18852500
chr11	18855000	18860000	28.483271425693953	18857500
chr11	18860000	18865000	26.47645427745945	18862500
chr11	18865000	18870000	33.21915226479207	18867500
chr11	18870000	18875000	94.01859592823476	18872500
chr11	18875000	18880000	46.19883936252475	18877500
chr11	18880000	18885000	40.71987023691738	18882500
chr11	18885000	18890000	69.65502784672738	18887500
chr11	18890000	18895000	22.852855664793058	18892500
chr11	18895000	18900000	25.9169285477392	18897500
chr11	18900000	18905000	13.015571867503386	18902500
chr11	18905000	18910000	11.808213299082439	18907500
chr11	18910000	18915000	11.33079435556458	18912500
chr11	18915000	18920000	21.42590895498887	18917500
chr11	18920000	18925000	26.36337714831111	18922500
chr11	18925000	18930000	33.025460004132455	18927500
chr11	18930000	18935000	30.064329337956124	18932500
chr11	18935000	18940000	13.128061304801816	18937500
chr11	18940000	18945000	23.43183659920381	18942500
chr11	18945000	18950000	44.40060527705356	18947500
chr11	18950000	18955000	30.401384015296372	18952500
chr11	18955000	18960000	41.33742580391867	18957500
chr11	18960000	18965000	45.22983306248268	18962500
chr11	18965000	18970000	51.06145119800043	18967500
chr11	18970000	18975000	40.59138492488618	18972500
chr11	18975000	18980000	42.72873359627987	18977500
chr11	18980000	18985000	39.56708361508053	18982500
chr11	18985000	18990000	52.467541705606145	18987500
chr11	18990000	18995000	46.72453112457808	18992500
chr11	18995000	19000000	19.171320229716468	18997500
chr11	19000000	19005000	4.2720390626490214	19002500
chr11	19375000	19380000	4.272039062649021	19377500
chr11	19755000	19760000	2.784306860632844	19757500
chr11	19760000	19765000	79.04670493476328	19762500
chr11	19765000	19770000	42.95473990637713	19767500
chr11	19770000	19775000	14.069284918703492	19772500
chr11	19775000	19780000	18.201630171919362	19777500
chr11	19780000	19785000	13.19448264205172	19782500
chr11	19785000	19790000	3.0087026328175583	19787500
chr11	19790000	19795000	6.095647782122784	19792500
chr11	19795000	19800000	1.4581356724304821	19797500
chr11	19800000	19805000	3.019080088878745	19802500
chr11	19805000	19810000	13.825141633387691	19807500
chr11	19810000	19815000	6.489230073110918	19812500
chr11	19815000	19820000	11.817422223056191	19817500
chr11	19820000	19825000	7.706609649202549	19822500
chr11	19825000	19830000	11.52980315117578	19827500
chr11	19830000	19835000	9.558643336284218	19832500
chr11	19835000	19840000	17.814595493633846	19837500
chr11	19840000	19845000	21.139867873871008	19842500
chr11	19845000	19850000	29.766069807903843	19847500
chr11	19850000	19855000	22.523073571358974	19852500
chr11	19855000	19860000	22.554090189790827	19857500
chr11	19860000	19865000	11.539761615852147	19862500
chr11	19865000	19870000	15.919147593495264	19867500
chr11	19870000	19875000	11.488730657507721	19872500
chr11	19875000	19880000	11.78312531717889	19877500
chr11	19880000	19885000	14.564755752022378	19882500
chr11	19885000	19890000	27.74604875781607	19887500
chr11	19890000	19895000	31.559807129607922	19892500
chr11	19895000	19900000	31.275663576262048	19897500
chr11	19900000	19905000	32.07270609870585	19902500
chr11	19905000	19910000	37.965480319511144	19907500
chr11	19910000	19915000	47.13923594194076	19912500
chr11	19915000	19920000	32.43171520613789	19917500
chr11	19920000	19925000	39.79836889379332	19922500
chr11	19925000	19930000	34.42851193915554	19927500
chr11	19930000	19935000	35.72881739340413	19932500
chr11	19935000	19940000	35.78620879628177	19937500
chr11	19940000	19945000	26.691002507669847	19942500
chr11	19945000	19950000	29.733118533835672	19947500
chr11	19950000	19955000	26.884796875401182	19952500
chr11	19955000	19960000	26.26245636593766	19957500
chr11	19960000	19965000	24.078801392844536	19962500
chr11	19965000	19970000	15.244906358645139	19967500
chr11	19970000	19975000	17.478002235625254	19972500
chr11	19975000	19980000	24.200383936030068	19977500
chr11	19980000	19985000	36.952791081104294	19982500
chr11	19985000	19990000	33.713145644009636	19987500
chr11	19990000	19995000	26.65676368253959	19992500
chr11	19995000	20000000	17.235451175149294	19997500
chr11	20000000	20005000	35.238588361275895	20002500
chr11	20005000	20010000	22.65929981585961	20007500
chr11	20010000	20015000	38.277561218048035	20012500
chr11	20015000	20020000	34.42157717429255	20017500
chr11	20020000	20025000	29.146667674458126	20022500
chr11	20025000	20030000	40.112292992418205	20027500
chr11	20030000	20035000	46.08399090344051	20032500
chr11	20035000	20040000	25.231768116249178	20037500
chr11	20040000	20045000	26.05577741173727	20042500
chr11	20045000	20050000	27.98806136842372	20047500
chr11	20050000	20055000	26.7463110881713	20052500
chr11	20055000	20060000	18.294119378107883	20057500
chr11	20060000	20065000	105.35525856869423	20062500
chr11	20065000	20070000	22.079880789305726	20067500
chr11	20070000	20075000	21.188137538890203	20072500
chr11	20075000	20080000	17.7811897695222	20077500
chr11	20080000	20085000	25.007321812007234	20082500
chr11	20085000	20090000	23.084991649535514	20087500
chr11	20090000	20095000	27.414660112992276	20092500
chr11	20095000	20100000	22.632654122422394	20097500
chr11	20100000	20105000	17.17373105853944	20102500
chr11	20105000	20110000	9.320022115217649	20107500
chr11	20110000	20115000	20.240494911583074	20112500
chr11	20115000	20120000	20.040751623668797	20117500
chr11	20120000	20125000	15.957380873898027	20122500
chr11	20125000	20130000	16.3881993743512	20127500
chr11	20130000	20135000	12.676869488805641	20132500
chr11	20135000	20140000	13.071043210721024	20137500
chr11	20140000	20145000	15.14096559280397	20142500
chr11	20145000	20150000	11.063495538220455	20147500
chr11	20150000	20155000	14.468030405622931	20152500
chr11	20155000	20160000	10.507239592130567	20157500
chr11	20160000	20165000	11.471138193020643	20162500
chr11	20165000	20170000	19.45865750315817	20167500
chr11	20170000	20175000	14.66403708735514	20172500
chr11	20175000	20180000	14.18603189480932	20177500
chr11	20180000	20185000	14.39306439440366	20182500
chr11	20185000	20190000	11.569729460498214	20187500
chr11	20190000	20195000	34.702649609596364	20192500
chr11	20195000	20200000	18.648243672230244	20197500
chr11	20200000	20205000	17.797092652112642	20202500
chr11	20205000	20210000	17.79709265211264	20207500
chr11	20210000	20215000	17.79709265211264	20212500
chr11	20215000	20220000	17.79709265211264	20217500
chr11	20220000	20225000	11.025169240379201	20222500
chr11	20225000	20230000	1.5312926063732428	20227500
chr11	20230000	20235000	16.279608192214646	20232500
chr11	20235000	20240000	22.78946853201729	20237500
chr11	20240000	20245000	18.266640951302545	20242500
chr11	20245000	20250000	18.266640951302577	20247500
chr11	20250000	20255000	21.660262912134122	20252500
chr11	20255000	20260000	25.362876341950965	20257500
chr11	20260000	20265000	13.952723598451755	20262500
chr11	20265000	20270000	7.212590142828411	20267500
chr11	20270000	20275000	4.881477273036715	20272500
chr11	20275000	20280000	6.458718245068652	20277500
chr11	20280000	20285000	5.8816542544798125	20282500
chr11	20285000	20290000	4.428950786562958	20287500
chr11	20290000	20295000	3.379890730448053	20292500
chr11	20295000	20300000	2.0463320429262155	20297500
chr11	20300000	20305000	5.870928831838774	20302500
chr11	20305000	20310000	2.7429950885898733	20307500
chr11	20310000	20315000	1.620955843887343	20312500
chr11	20315000	20320000	5.251329135690234	20317500
chr11	20320000	20325000	2.526269490142497	20322500
chr11	20325000	20330000	3.4647226606261885	20327500
chr11	20330000	20335000	2.710326855678497	20332500
chr11	20335000	20340000	2.2663618050246472	20337500
chr11	20340000	20345000	1.246223821363805	20342500
chr11	20345000	20350000	2.661541653313545	20347500
chr11	20350000	20355000	2.80155728049254	20352500
chr11	20465000	20470000	2.80155728049254	20467500
chr11	20580000	20585000	2.8015572804925397	20582500
chr11	20585000	20590000	2.8015572804925397	20587500
chr11	20590000	20595000	2.80155728049254	20592500
chr11	20595000	20600000	2.8015572804925397	20597500
chr11	20600000	20605000	2.80155728049254	20602500
chr11	20605000	20610000	2.8015572804925397	20607500
chr11	20610000	20615000	2.499605334893556	20612500
chr11	20615000	20620000	1.3983940989762722	20617500
chr11	20620000	20625000	1.704004864463968	20622500
chr11	20625000	20630000	2.314865953030966	20627500
chr11	20630000	20635000	6.056276139322163	20632500
chr11	20635000	20640000	5.592813705707764	20637500
chr11	20640000	20645000	7.683582672655629	20642500
chr11	20645000	20650000	8.024639064742722	20647500
chr11	20650000	20655000	7.564111070711189	20652500
chr11	20655000	20660000	11.899295317990054	20657500
chr11	20660000	20665000	5.061928904211396	20662500
chr11	20665000	20670000	19.89043850196043	20667500
chr11	20670000	20675000	11.210916095067251	20672500
chr11	20675000	20680000	14.069001291981788	20677500
chr11	20680000	20685000	8.355120422942294	20682500
chr11	20685000	20690000	5.752130192765031	20687500
chr11	20690000	20695000	13.957675742045591	20692500
chr11	20695000	20700000	11.172697042563614	20697500
chr11	20700000	20705000	20.618899861030588	20702500
chr11	20705000	20710000	18.262483537365487	20707500
chr11	20710000	20715000	16.38612718852685	20712500
chr11	20715000	20720000	20.04880877942716	20717500
chr11	20720000	20725000	15.711217981750233	20722500
chr11	20725000	20730000	8.562706292558248	20727500
chr11	20730000	20735000	7.128560985650601	20732500
chr11	20735000	20740000	9.70096571754329	20737500
chr11	20740000	20745000	9.522044781985482	20742500
chr11	20745000	20750000	15.283967799227629	20747500
chr11	20750000	20755000	9.780694818532059	20752500
chr11	20755000	20760000	18.01296540859128	20757500
chr11	20760000	20765000	19.30161438777648	20762500
chr11	20765000	20770000	21.498381899717067	20767500
chr11	20770000	20775000	20.46613940206158	20772500
chr11	20775000	20780000	24.00162454056302	20777500
chr11	20780000	20785000	30.407529445138707	20782500
chr11	20785000	20790000	15.499311070794759	20787500
chr11	20790000	20795000	21.87772016253012	20792500
chr11	20795000	20800000	27.649838431958994	20797500
chr11	20800000	20805000	17.097141068065067	20802500
chr11	20805000	20810000	12.648691956218228	20807500
chr11	20810000	20815000	15.364067981091305	20812500
chr11	20815000	20820000	8.818646545601542	20817500
chr11	20820000	20825000	13.616062939877978	20822500
chr11	20825000	20830000	18.162059147819456	20827500
chr11	20830000	20835000	14.472812632115469	20832500
chr11	20835000	20840000	9.554284577759693	20837500
chr11	20840000	20845000	11.298138810627341	20842500
chr11	20845000	20850000	12.59188518820016	20847500
chr11	20850000	20855000	13.875342051229135	20852500
chr11	20855000	20860000	12.084916384663826	20857500
chr11	20860000	20865000	13.86178331131561	20862500
chr11	20865000	20870000	13.841043414421037	20867500
chr11	20870000	20875000	11.817213283245934	20872500
chr11	20875000	20880000	11.953658242984018	20877500
chr11	20880000	20885000	12.456683438318274	20882500
chr11	20885000	20890000	9.573162033778434	20887500
chr11	20890000	20895000	13.159564924951203	20892500
chr11	20895000	20900000	11.364562035696146	20897500
chr11	20900000	20905000	10.898491107995396	20902500
chr11	20905000	20910000	8.047674410296896	20907500
chr11	20910000	20915000	11.51482555337161	20912500
chr11	20915000	20920000	14.898450608277752	20917500
chr11	20920000	20925000	14.608213660742003	20922500
chr11	20925000	20930000	11.463915617041529	20927500
chr11	20930000	20935000	8.963358703792455	20932500
chr11	20935000	20940000	8.487907015154768	20937500
chr11	20940000	20945000	11.075917729762805	20942500
chr11	20945000	20950000	17.20804363511576	20947500
chr11	20950000	20955000	17.443789087268783	20952500
chr11	20955000	20960000	1.0772401857897114	20957500
chr11	20960000	20965000	2.3866714841453933	20962500
chr11	20965000	20970000	2.5596459843190456	20967500
chr11	20970000	20975000	5.961252634520481	20972500
chr11	20975000	20980000	32.86289213147078	20977500
chr11	20980000	20985000	36.52127362242128	20982500
chr11	20985000	20990000	36.52127362242128	20987500
chr11	20990000	20995000	36.52127362242128	20992500
chr11	20995000	21000000	36.52127362242129	20997500
chr11	21000000	21005000	36.52127362242126	21002500
chr11	21005000	21010000	26.702546645799032	21007500
chr11	21010000	21015000	27.856857144886135	21012500
chr11	21015000	21020000	24.978884988104788	21017500
chr11	21020000	21025000	4.266568905813111	21022500
chr11	21025000	21030000	4.843269838137255	21027500
chr11	21030000	21035000	8.454297766141838	21032500
chr11	21035000	21040000	10.423488806120266	21037500
chr11	21040000	21045000	12.17797562597136	21042500
chr11	21045000	21050000	14.326592089631458	21047500
chr11	21050000	21055000	32.457102416989386	21052500
chr11	21055000	21060000	30.910642092128445	21057500
chr11	21060000	21065000	28.213257352697447	21062500
chr11	21065000	21070000	17.19079595243302	21067500
chr11	21070000	21075000	14.940596459737263	21072500
chr11	21075000	21080000	14.8724482478279	21077500
chr11	21080000	21085000	15.746884300220474	21082500
chr11	21085000	21090000	17.808304269685145	21087500
chr11	21090000	21095000	19.484228944588082	21092500
chr11	21095000	21100000	17.175610882146263	21097500
chr11	21100000	21105000	17.84389646490582	21102500
chr11	21105000	21110000	16.71844109155436	21107500
chr11	21110000	21115000	16.217491404207454	21112500
chr11	21115000	21120000	15.69825052430314	21117500
chr11	21120000	21125000	15.473883518054127	21122500
chr11	21125000	21130000	17.915595309452982	21127500
chr11	21130000	21135000	15.798590458504878	21132500
chr11	21135000	21140000	16.285593741638046	21137500
chr11	21140000	21145000	17.144225947581077	21142500
chr11	21145000	21150000	16.701853782767632	21147500
chr11	21150000	21155000	16.78654420066067	21152500
chr11	21155000	21160000	16.176301278828532	21157500
chr11	21160000	21165000	15.692875370332022	21162500
chr11	21165000	21170000	17.267412125925084	21167500
chr11	21170000	21175000	16.35498136062109	21172500
chr11	21175000	21180000	16.12095431917794	21177500
chr11	21180000	21185000	12.613068253685297	21182500
chr11	21185000	21190000	11.048369938256736	21187500
chr11	21190000	21195000	7.614944322595826	21192500
chr11	21195000	21200000	9.211941847689134	21197500
chr11	21200000	21205000	8.2707067322656	21202500
chr11	21205000	21210000	14.65901318437877	21207500
chr11	21210000	21215000	11.306175290890703	21212500
chr11	21215000	21220000	24.88158120053204	21217500
chr11	21220000	21225000	12.61203220367575	21222500
chr11	21225000	21230000	24.244235657647184	21227500
chr11	21230000	21235000	23.88003672497976	21232500
chr11	21235000	21240000	8.389286007078509	21237500
chr11	21240000	21245000	5.455140413430092	21242500
chr11	21245000	21250000	3.954021009677752	21247500
chr11	21250000	21255000	1.872498827674525	21252500
chr11	21255000	21260000	3.408186494171019	21257500
chr11	21260000	21265000	6.582608742067765	21262500
chr11	21265000	21270000	9.150131084660897	21267500
chr11	21270000	21275000	5.9677551251926975	21272500
chr11	21275000	21280000	9.510219203310022	21277500
chr11	21280000	21285000	13.533886924387586	21282500
chr11	21285000	21290000	13.00067669421542	21287500
chr11	21290000	21295000	12.133840696458343	21292500
chr11	21295000	21300000	8.011763741375571	21297500
chr11	21300000	21305000	25.090310498696827	21302500
chr11	21305000	21310000	10.716243016836454	21307500
chr11	21310000	21315000	8.253807294866526	21312500
chr11	21315000	21320000	8.624207247077988	21317500
chr11	21320000	21325000	4.285534413615529	21322500
chr11	21325000	21330000	5.4909472443531095	21327500
chr11	21330000	21335000	6.282792975356881	21332500
chr11	21335000	21340000	9.547415697361858	21337500
chr11	21340000	21345000	3.1849594313228184	21342500
chr11	21345000	21350000	6.0432481079329365	21347500
chr11	21350000	21355000	5.670604619879163	21352500
chr11	21355000	21360000	5.650329155765914	21357500
chr11	21360000	21365000	5.5446081111184355	21362500
chr11	21365000	21370000	10.50941932068464	21367500
chr11	21370000	21375000	10.701721282718157	21372500
chr11	21375000	21380000	13.608186067118197	21377500
chr11	21380000	21385000	10.429040597402777	21382500
chr11	21385000	21390000	12.663294018360181	21387500
chr11	21390000	21395000	11.094626006094932	21392500
chr11	21395000	21400000	9.135280740479926	21397500
chr11	21400000	21405000	11.855023344901133	21402500
chr11	21405000	21410000	17.037045310846604	21407500
chr11	21410000	21415000	18.860828100931965	21412500
chr11	21415000	21420000	13.140002224274557	21417500
chr11	21420000	21425000	12.48444302211458	21422500
chr11	21425000	21430000	9.006621438576627	21427500
chr11	21430000	21435000	10.71566579699197	21432500
chr11	21435000	21440000	5.661707926918141	21437500
chr11	21440000	21445000	7.1353072451604564	21442500
chr11	21445000	21450000	7.220508008482638	21447500
chr11	21450000	21455000	9.946580356434314	21452500
chr11	21455000	21460000	6.389511136572934	21457500
chr11	21460000	21465000	6.455408481137786	21462500
chr11	21465000	21470000	12.486026069934761	21467500
chr11	21470000	21475000	5.514544574902127	21472500
chr11	21475000	21480000	9.574052375577677	21477500
chr11	21480000	21485000	3.282955049139208	21482500
chr11	21485000	21490000	11.395743502235927	21487500
chr11	21490000	21495000	7.332747102819163	21492500
chr11	21495000	21500000	4.9267136173670565	21497500
chr11	21500000	21505000	7.304787180602707	21502500
chr11	21505000	21510000	3.3122432573645586	21507500
chr11	21510000	21515000	3.6629030235457756	21512500
chr11	21515000	21520000	8.750782930438076	21517500
chr11	21520000	21525000	3.334255220642763	21522500
chr11	21525000	21530000	5.13493508609803	21527500
chr11	21530000	21535000	2.5080146173756024	21532500
chr11	21535000	21540000	2.8619443156695654	21537500
chr11	21540000	21545000	2.6157639006183633	21542500
chr11	21545000	21550000	5.651303477685701	21547500
chr11	21550000	21555000	3.4052103331784846	21552500
chr11	21555000	21560000	5.935063197542583	21557500
chr11	21560000	21565000	8.262641363120743	21562500
chr11	21565000	21570000	5.9384288993294865	21567500
chr11	21570000	21575000	4.930986861787309	21572500
chr11	21575000	21580000	5.315338663051669	21577500
chr11	21580000	21585000	6.005278113523188	21582500
chr11	21585000	21590000	10.91863675222226	21587500
chr11	21590000	21595000	10.152696830679103	21592500
chr11	21595000	21600000	3.0043138477660127	21597500
chr11	21600000	21605000	3.241005392780066	21602500
chr11	21605000	21610000	3.4699264493378603	21607500
chr11	21610000	21615000	3.052360257097048	21612500
chr11	21615000	21620000	1.987611536182357	21617500
chr11	21620000	21625000	1.4376486456914612	21622500
chr11	21625000	21630000	1.7649209991009833	21627500
chr11	21630000	21635000	2.460506128370617	21632500
chr11	21635000	21640000	3.022029881635667	21637500
chr11	21640000	21645000	2.6779444120095053	21642500
chr11	21645000	21650000	2.289133234328929	21647500
chr11	21650000	21655000	7.025223480368574	21652500
chr11	21655000	21660000	14.518088582618706	21657500
chr11	21660000	21665000	11.251771625062565	21662500
chr11	21665000	21670000	3.4036783183989363	21667500
chr11	21670000	21675000	1.3482520324163545	21672500
chr11	21675000	21680000	1.387222363500104	21677500
chr11	21680000	21685000	9.545346791487376	21682500
chr11	21685000	21690000	8.708623145437333	21687500
chr11	21690000	21695000	1.1805750152861425	21692500
chr11	21695000	21700000	3.372890190364713	21697500
chr11	21700000	21705000	12.286727936840878	21702500
chr11	21705000	21710000	2.597450018176812	21707500
chr11	21710000	21715000	1.8782745461464043	21712500
chr11	21715000	21720000	2.235084360277056	21717500
chr11	21720000	21725000	1.5812427342246442	21722500
chr11	21725000	21730000	2.1565437447249156	21727500
chr11	21730000	21735000	2.1651578924470525	21732500
chr11	21735000	21740000	4.618459728589534	21737500
chr11	21740000	21745000	4.76804360474692	21742500
chr11	21745000	21750000	4.922167296289306	21747500
chr11	21750000	21755000	0.4264837841459873	21752500
chr11	21755000	21760000	0.3670643460252133	21757500
chr11	21760000	21765000	0.43923097431576424	21762500
chr11	21765000	21770000	0.9292946710805157	21767500
chr11	21770000	21775000	1.2410278063520928	21772500
chr11	21775000	21780000	1.164354226032201	21777500
chr11	21780000	21785000	1.3299819590864461	21782500
chr11	21785000	21790000	1.6722005140475606	21787500
chr11	21790000	21795000	2.0350087744896155	21792500
chr11	21795000	21800000	2.230487927959888	21797500
chr11	21800000	21805000	1.3494404064208083	21802500
chr11	21805000	21810000	1.1037936473620886	21807500
chr11	21810000	21815000	1.098878513403207	21812500
chr11	21815000	21820000	0.5748943989789151	21817500
chr11	21820000	21825000	0.5324414015193712	21822500
chr11	21825000	21830000	0.5129869505270428	21827500
chr11	21830000	21835000	2.926535462980794	21832500
chr11	21835000	21840000	2.15822460804095	21837500
chr11	21840000	21845000	2.0605528530863872	21842500
chr11	21845000	21850000	2.0605528530863886	21847500
chr11	21850000	21855000	4.99470060923354	21852500
chr11	21855000	21860000	2.6070715336152426	21857500
chr11	21860000	21865000	1.430781258763744	21862500
chr11	21865000	21870000	0.2128091409420384	21867500
chr11	21870000	21875000	0.47809989055443214	21872500
chr11	21875000	21880000	0.48834464615411916	21877500
chr11	21880000	21885000	0.48834464615411893	21882500
chr11	21885000	21890000	0.48834464615411904	21887500
chr11	21890000	21895000	0.48834464615411893	21892500
chr11	21895000	21900000	0.33612868340768554	21897500
chr11	21900000	21905000	0.2207139901575714	21902500
chr11	21905000	21910000	0.6611693095360084	21907500
chr11	21910000	21915000	1.0348889744631675	21912500
chr11	21915000	21920000	1.0348889744631675	21917500
chr11	21920000	21925000	1.0348889744631675	21922500
chr11	21925000	21930000	0.45821072297559945	21927500
chr11	21930000	21935000	0.15575850218961657	21932500
chr11	21935000	21940000	0.15575850218961634	21937500
chr11	21940000	21945000	0.15575850218961657	21942500
chr11	21945000	21950000	0.15575850218961632	21947500
chr11	21950000	21955000	0.15575850218961637	21952500
chr11	21955000	21960000	0.15575850218961645	21957500
chr11	21960000	21965000	0.15575850218961645	21962500
chr11	21965000	21970000	0.15575850218961632	21967500
chr11	21970000	21975000	0.3198365088656375	21972500
chr11	21975000	21980000	0.38820234498064615	21977500
chr11	21980000	21985000	0.3882023449806463	21982500
chr11	21985000	21990000	0.38820234498064604	21987500
chr11	21990000	21995000	0.38820234498064615	21992500
chr11	21995000	22000000	0.38820234498064643	21997500
chr11	22000000	22005000	0.3882023449806466	22002500
chr11	22005000	22010000	0.5021559768497741	22007500
chr11	22010000	22015000	0.5660281705581325	22012500
chr11	22015000	22020000	0.44816672863257656	22017500
chr11	22020000	22025000	0.3095587927365779	22022500
chr11	22025000	22030000	0.3095587927365779	22027500
chr11	22030000	22035000	0.3095587927365779	22032500
chr11	22035000	22040000	0.3095587927365779	22037500
chr11	22040000	22045000	0.2637538272050246	22042500
chr11	22045000	22050000	0.25842766842227644	22047500
chr11	22050000	22055000	0.12003304782883398	22052500
chr11	22055000	22060000	0.04333020671575549	22057500
chr11	22060000	22065000	0.04333020671575549	22062500
chr11	22065000	22070000	0.04542049314555357	22067500
chr11	22070000	22075000	0.04573403611002332	22072500
chr11	22075000	22080000	0.20310182317080655	22077500
chr11	22080000	22085000	0.18201480262529732	22082500
chr11	22085000	22090000	0.10808630602527965	22087500
chr11	22090000	22095000	0.09626250947595122	22092500
chr11	22095000	22100000	0.09416776382308086	22097500
chr11	22100000	22105000	0.09416776382308084	22102500
chr11	22105000	22110000	0.09416776382308092	22107500
chr11	22110000	22115000	0.09416776382308084	22112500
chr11	22115000	22120000	0.09416776382308084	22117500
chr11	22120000	22125000	0.09416776382308084	22122500
chr11	22125000	22130000	0.09416776382308088	22127500
chr11	22130000	22135000	0.19836393682720552	22132500
chr11	22135000	22140000	0.3210376183523515	22137500
chr11	22140000	22145000	0.32103761835235156	22142500
chr11	22145000	22150000	0.3210376183523515	22147500
chr11	22150000	22155000	0.24119096879109797	22152500
chr11	22155000	22160000	0.12823800074003935	22157500
chr11	22160000	22165000	0.0878954736509289	22162500
chr11	22165000	22170000	0.04326045228043248	22167500
chr11	22170000	22175000	0.037948689543877485	22172500
chr11	22175000	22180000	0.037948689543877485	22177500
chr11	22180000	22185000	0.037948689543877485	22182500
chr11	22185000	22190000	0.037948689543877485	22187500
chr11	22190000	22195000	0.03453776199686632	22192500
chr11	22195000	22200000	0.02601044312933811	22197500
chr11	22200000	22205000	0.02601044312933811	22202500
chr11	22205000	22210000	0.02601044312933811	22207500
chr11	22210000	22215000	0.02601044312933811	22212500
chr11	22215000	22220000	0.02601044312933811	22217500
chr11	22220000	22225000	0.5199094579065714	22222500
chr11	22225000	22230000	8.71993044140047	22227500
chr11	22230000	22235000	15.421851682793081	22232500
chr11	22235000	22240000	0.7638566640709498	22237500
chr11	22240000	22245000	2.3840358416968614	22242500
chr11	22245000	22250000	0.5056974791386626	22247500
chr11	22250000	22255000	3.98626362378438	22252500
chr11	22255000	22260000	0.9956896572451414	22257500
chr11	22260000	22265000	30.085245096682808	22262500
chr11	22265000	22270000	4.222374256056938	22267500
chr11	22270000	22275000	10.013097957658266	22272500
chr11	22275000	22280000	31.655167406871367	22277500
chr11	22280000	22285000	20.895768222693285	22282500
chr11	22285000	22290000	21.675583520899057	22287500
chr11	22290000	22295000	0.2953641170190281	22292500
chr11	22295000	22300000	5.5833542979346324	22297500
chr11	22300000	22305000	4.078497484165976	22302500
chr11	22305000	22310000	1.1476607993165961	22307500
chr11	22310000	22315000	4.686023865721343	22312500
chr11	22315000	22320000	1.7209166421185262	22317500
chr11	22320000	22325000	1.0801878420817514	22322500
chr11	22325000	22330000	0.04259324887792348	22327500
chr11	22330000	22335000	0.04528309364097198	22332500
chr11	22335000	22340000	0.007251180461399262	22337500
chr11	22340000	22345000	0.005449818465905734	22342500
