chr5	0	10000	10.006159810058275	5000
chr5	10000	20000	3.9120118525343126	15000
chr5	20000	30000	4.661920031804066	25000
chr5	30000	40000	6.006925822727947	35000
chr5	40000	50000	6.716932021360273	45000
chr5	50000	60000	5.3119426304121244	55000
chr5	60000	70000	9.242400563859675	65000
chr5	70000	80000	6.15581399426589	75000
chr5	80000	90000	5.925795144384496	85000
chr5	90000	100000	32.230047431100495	95000
chr5	100000	110000	5.549684733615514	105000
chr5	110000	120000	11.500620261304096	115000
chr5	120000	130000	10.613546370625588	125000
chr5	130000	140000	11.644415280628529	135000
chr5	140000	150000	14.384071760126215	145000
chr5	150000	160000	19.742344830020475	155000
chr5	160000	170000	24.270404547323263	165000
chr5	170000	180000	19.908338971174622	175000
chr5	180000	190000	19.14972433693514	185000
chr5	190000	200000	20.76621717401072	195000
chr5	200000	210000	18.662148655130828	205000
chr5	210000	220000	19.910997028052478	215000
chr5	220000	230000	19.47027793139927	225000
chr5	230000	240000	19.881719650584124	235000
chr5	240000	250000	23.96917796756078	245000
chr5	250000	260000	45.26033849458624	255000
chr5	260000	270000	24.35933367155983	265000
chr5	270000	280000	24.96165187154842	275000
chr5	280000	290000	26.870173041093462	285000
chr5	290000	300000	30.076369888012056	295000
chr5	300000	310000	34.71145484786465	305000
chr5	310000	320000	18.11967969769154	315000
chr5	320000	330000	23.588578643869024	325000
chr5	330000	340000	25.778926024336542	335000
chr5	340000	350000	26.89903198623017	345000
chr5	350000	360000	28.245510755621957	355000
chr5	360000	370000	29.466481958513143	365000
chr5	370000	380000	25.191046623879966	375000
chr5	380000	390000	18.013940001271592	385000
chr5	390000	400000	19.45391173243591	395000
chr5	400000	410000	24.897666370497927	405000
chr5	410000	420000	25.36685366188703	415000
chr5	420000	430000	27.400568886293815	425000
chr5	430000	440000	24.61080634124247	435000
chr5	440000	450000	22.146943241350428	445000
chr5	450000	460000	35.25727308814004	455000
chr5	460000	470000	28.649971117365226	465000
chr5	470000	480000	37.83205776793275	475000
chr5	480000	490000	63.46713880674605	485000
chr5	490000	500000	23.715992298305082	495000
chr5	500000	510000	31.411406801818945	505000
chr5	510000	520000	31.47696984467077	515000
chr5	520000	530000	30.77358929875353	525000
chr5	530000	540000	30.082242595589708	535000
chr5	540000	550000	30.892651269405654	545000
chr5	550000	560000	31.98871688419722	555000
chr5	560000	570000	30.8703847568361	565000
chr5	570000	580000	32.91287403440059	575000
chr5	580000	590000	31.03072591618792	585000
chr5	590000	600000	28.680531912417973	595000
chr5	600000	610000	26.920185102013907	605000
chr5	610000	620000	30.35048681596687	615000
chr5	620000	630000	28.516610797756016	625000
chr5	630000	640000	35.3685070016326	635000
chr5	640000	650000	37.755230771879994	645000
chr5	650000	660000	36.9497933709059	655000
chr5	660000	670000	34.88260545530394	665000
chr5	670000	680000	45.995103074621035	675000
chr5	680000	690000	50.13118370119831	685000
chr5	690000	700000	34.78652071299962	695000
chr5	700000	710000	46.115091619955166	705000
chr5	710000	720000	36.80597144863533	715000
chr5	720000	730000	31.2826377805256	725000
chr5	730000	740000	27.815835541776877	735000
chr5	740000	750000	67.06616930226161	745000
chr5	750000	760000	93.19421840587844	755000
chr5	760000	770000	101.44511633504021	765000
chr5	770000	780000	69.80561673757694	775000
chr5	780000	790000	33.82881211031096	785000
chr5	790000	800000	57.236582876293724	795000
chr5	800000	810000	55.574045374747826	805000
chr5	810000	820000	53.82108550385121	815000
chr5	820000	830000	44.95869947906713	825000
chr5	830000	840000	52.767990801862574	835000
chr5	840000	850000	52.620233247269724	845000
chr5	850000	860000	60.34085095222387	855000
chr5	860000	870000	63.91060632266501	865000
chr5	870000	880000	54.50664456288807	875000
chr5	880000	890000	35.808736910764445	885000
chr5	890000	900000	26.434982733786203	895000
chr5	900000	910000	28.491307617988515	905000
chr5	910000	920000	29.00948487086752	915000
chr5	920000	930000	29.413504633704292	925000
chr5	930000	940000	34.938037689069446	935000
chr5	940000	950000	37.58915663855953	945000
chr5	950000	960000	53.690335624351064	955000
chr5	960000	970000	74.29571868421304	965000
chr5	970000	980000	43.251968398270044	975000
chr5	980000	990000	47.20717088237374	985000
chr5	990000	1000000	34.79624752740864	995000
chr5	1000000	1010000	37.596593014901785	1005000
chr5	1010000	1020000	36.42721191419136	1015000
chr5	1020000	1030000	38.18086090974587	1025000
chr5	1030000	1040000	44.33951349570822	1035000
chr5	1040000	1050000	39.781978021741956	1045000
chr5	1050000	1060000	38.90962324365694	1055000
chr5	1060000	1070000	47.80378023010706	1065000
chr5	1070000	1080000	60.758331430405654	1075000
chr5	1080000	1090000	61.830387549615224	1085000
chr5	1090000	1100000	70.36705834670171	1095000
chr5	1100000	1110000	69.93139108484921	1105000
chr5	1110000	1120000	65.4620231614054	1115000
chr5	1120000	1130000	64.55473255119792	1125000
chr5	1130000	1140000	35.84501002289579	1135000
chr5	1140000	1150000	39.00782495132668	1145000
chr5	1150000	1160000	55.721373154879515	1155000
chr5	1160000	1170000	67.46992730746759	1165000
chr5	1170000	1180000	83.7565747737383	1175000
chr5	1180000	1190000	77.2224234082539	1185000
chr5	1190000	1200000	53.216379198167644	1195000
chr5	1200000	1210000	47.57992626525106	1205000
chr5	1210000	1220000	61.99240838127511	1215000
chr5	1220000	1230000	57.067480219458886	1225000
chr5	1230000	1240000	55.296031309588905	1235000
chr5	1240000	1250000	59.36619232973064	1245000
chr5	1250000	1260000	56.03869801775148	1255000
chr5	1260000	1270000	57.85033718777809	1265000
chr5	1270000	1280000	57.65458876114654	1275000
chr5	1280000	1290000	56.580838228259566	1285000
chr5	1290000	1300000	55.677225354354576	1295000
chr5	1300000	1310000	51.825327316071096	1305000
chr5	1310000	1320000	48.041967803424896	1315000
chr5	1320000	1330000	35.20086496475016	1325000
chr5	1330000	1340000	66.15558126067721	1335000
chr5	1340000	1350000	69.89539376814467	1345000
chr5	1350000	1360000	82.7058881043556	1355000
chr5	1360000	1370000	86.14473314435146	1365000
chr5	1370000	1380000	98.16494352176278	1375000
chr5	1380000	1390000	92.16134979334674	1385000
chr5	1390000	1400000	90.78323630709471	1395000
chr5	1400000	1410000	90.20791211598429	1405000
chr5	1410000	1420000	89.05490782964522	1415000
chr5	1420000	1430000	90.71876498060108	1425000
chr5	1430000	1440000	97.01635181682934	1435000
chr5	1440000	1450000	136.49711334558646	1445000
chr5	1450000	1460000	117.66868824724743	1455000
chr5	1460000	1470000	121.5337212950058	1465000
chr5	1470000	1480000	134.0321313141456	1475000
chr5	1480000	1490000	131.4048621873051	1485000
chr5	1490000	1500000	181.96481697834227	1495000
chr5	1500000	1510000	208.7175712304492	1505000
chr5	1510000	1520000	206.67933885054754	1515000
chr5	1520000	1530000	143.45325073646282	1525000
chr5	1530000	1540000	157.45953319544154	1535000
chr5	1540000	1550000	126.96493769587914	1545000
chr5	1550000	1560000	95.99264385154963	1555000
chr5	1560000	1570000	74.4414189006783	1565000
chr5	1570000	1580000	149.38536430327937	1575000
chr5	1580000	1590000	190.60603837950725	1585000
chr5	1590000	1600000	73.13169460004823	1595000
chr5	1600000	1610000	91.93294417567122	1605000
chr5	1610000	1620000	119.90050222606133	1615000
chr5	1620000	1630000	105.80192241302916	1625000
chr5	1630000	1640000	84.68937119089875	1635000
chr5	1640000	1650000	74.11719311119703	1645000
chr5	1650000	1660000	84.47259188210182	1655000
chr5	1660000	1670000	85.91666716228424	1665000
chr5	1670000	1680000	81.97735074117047	1675000
chr5	1680000	1690000	78.70856678999716	1685000
chr5	1690000	1700000	61.89234957070513	1695000
chr5	1700000	1710000	111.46346720849468	1705000
chr5	1710000	1720000	126.8450367668402	1715000
chr5	1720000	1730000	97.07315739978806	1725000
chr5	1730000	1740000	85.53825185068607	1735000
chr5	1740000	1750000	62.72098092590685	1745000
chr5	1750000	1760000	53.70846246501148	1755000
chr5	1760000	1770000	64.96795647549497	1765000
chr5	1770000	1780000	64.09530450625127	1775000
chr5	1780000	1790000	43.979774135936374	1785000
chr5	1790000	1800000	44.67623363538067	1795000
chr5	1800000	1810000	49.49498392269563	1805000
chr5	1810000	1820000	47.10332455656492	1815000
chr5	1820000	1830000	80.55562446936541	1825000
chr5	1830000	1840000	84.8543359262489	1835000
chr5	1840000	1850000	88.5214320126106	1845000
chr5	1850000	1860000	102.47992438277986	1855000
chr5	1860000	1870000	86.53071353606029	1865000
chr5	1870000	1880000	52.92760278245938	1875000
chr5	1880000	1890000	53.03312630773436	1885000
chr5	1890000	1900000	48.216996595637326	1895000
chr5	1900000	1910000	54.86732777696252	1905000
chr5	1910000	1920000	49.040283094957104	1915000
chr5	1920000	1930000	47.74902495631171	1925000
chr5	1930000	1940000	47.408431079036795	1935000
chr5	1940000	1950000	53.50166719036565	1945000
chr5	1950000	1960000	51.55329550973337	1955000
chr5	1960000	1970000	59.30591545958558	1965000
chr5	1970000	1980000	63.075829754727046	1975000
chr5	1980000	1990000	68.34903602056555	1985000
chr5	1990000	2000000	38.49751739091784	1995000
chr5	2000000	2010000	57.57150802330158	2005000
chr5	2010000	2020000	61.39068153511303	2015000
chr5	2020000	2030000	76.43486215217737	2025000
chr5	2030000	2040000	106.73772993537392	2035000
chr5	2040000	2050000	108.85075143106526	2045000
chr5	2050000	2060000	52.88723423877998	2055000
chr5	2060000	2070000	59.81964793542475	2065000
chr5	2070000	2080000	43.81887719056394	2075000
chr5	2080000	2090000	38.090727791454725	2085000
chr5	2090000	2100000	21.3272577722637	2095000
chr5	2100000	2110000	24.238716465484423	2105000
chr5	2110000	2120000	35.015204804646665	2115000
chr5	2120000	2130000	62.62514477058616	2125000
chr5	2130000	2140000	55.991902867270916	2135000
chr5	2140000	2150000	37.011847822350035	2145000
chr5	2150000	2160000	46.68366624156914	2155000
chr5	2160000	2170000	38.395604707258535	2165000
chr5	2170000	2180000	62.905693060827375	2175000
chr5	2180000	2190000	60.8239508772402	2185000
chr5	2190000	2200000	30.262558753360427	2195000
chr5	2200000	2210000	34.245826486913316	2205000
chr5	2210000	2220000	29.281740671281927	2215000
chr5	2220000	2230000	51.754314264102184	2225000
chr5	2230000	2240000	71.4507478150597	2235000
chr5	2240000	2250000	66.80164739145678	2245000
chr5	2250000	2260000	86.16359920295902	2255000
chr5	2260000	2270000	47.56071697240724	2265000
chr5	2270000	2280000	37.74295520569489	2275000
chr5	2280000	2290000	33.569690236095475	2285000
chr5	2290000	2300000	36.246412635054064	2295000
chr5	2300000	2310000	32.94888960814741	2305000
chr5	2310000	2320000	34.75609780289127	2315000
chr5	2320000	2330000	31.271005737009954	2325000
chr5	2330000	2340000	37.560405495668384	2335000
chr5	2340000	2350000	38.07428393660618	2345000
chr5	2350000	2360000	23.211230050250922	2355000
chr5	2360000	2370000	23.36526983896214	2365000
chr5	2370000	2380000	40.05418708987015	2375000
chr5	2380000	2390000	28.91547419627594	2385000
chr5	2390000	2400000	33.549697764436054	2395000
chr5	2400000	2410000	23.056467485051105	2405000
chr5	2410000	2420000	15.577710586468292	2415000
chr5	2420000	2430000	16.941149497164925	2425000
chr5	2430000	2440000	19.05222148375829	2435000
chr5	2440000	2450000	21.130049943934512	2445000
chr5	2450000	2460000	31.320377651974876	2455000
chr5	2460000	2470000	30.897307067078213	2465000
chr5	2470000	2480000	30.788818523344446	2475000
chr5	2480000	2490000	30.781839004088685	2485000
chr5	2490000	2500000	28.65943546207961	2495000
chr5	2500000	2510000	31.096801384309465	2505000
chr5	2510000	2520000	38.969598458838014	2515000
chr5	2520000	2530000	28.526835635672615	2525000
chr5	2530000	2540000	22.92486318456971	2535000
chr5	2540000	2550000	26.122232667081363	2545000
chr5	2550000	2560000	25.84718125211152	2555000
chr5	2560000	2570000	52.58811969324002	2565000
chr5	2570000	2580000	67.87674795519064	2575000
chr5	2580000	2590000	26.763003530641697	2585000
chr5	2590000	2600000	22.73872531328528	2595000
chr5	2600000	2610000	22.546499407395356	2605000
chr5	2610000	2620000	19.13339770638657	2615000
chr5	2620000	2630000	22.838954616139038	2625000
chr5	2630000	2640000	25.295329286324097	2635000
chr5	2640000	2650000	28.013337262738652	2645000
chr5	2650000	2660000	29.285783231402323	2655000
chr5	2660000	2670000	27.629687006476715	2665000
chr5	2670000	2680000	26.791074680406087	2675000
chr5	2680000	2690000	25.85915869867822	2685000
chr5	2690000	2700000	29.056285749145694	2695000
chr5	2700000	2710000	27.07589038745492	2705000
chr5	2710000	2720000	27.852723837488092	2715000
chr5	2720000	2730000	36.61826730089393	2725000
chr5	2730000	2740000	27.387904019510234	2735000
chr5	2740000	2750000	16.449203367678436	2745000
chr5	2750000	2760000	24.395729365304398	2755000
chr5	2760000	2770000	16.946238933355037	2765000
chr5	2770000	2780000	22.323263321903255	2775000
chr5	2780000	2790000	28.426347077645637	2785000
chr5	2790000	2800000	28.50654766373318	2795000
chr5	2800000	2810000	23.17375367160594	2805000
chr5	2810000	2820000	23.03274149265281	2815000
chr5	2820000	2830000	13.453001921525326	2825000
chr5	2830000	2840000	14.990528506434625	2835000
chr5	2840000	2850000	19.1933521288557	2845000
chr5	2850000	2860000	20.957660332332036	2855000
chr5	2860000	2870000	13.017886581248888	2865000
chr5	2870000	2880000	21.5651790268082	2875000
chr5	2880000	2890000	17.20053019584113	2885000
chr5	2890000	2900000	19.550321533557558	2895000
chr5	2900000	2910000	17.15345645801621	2905000
chr5	2910000	2920000	24.737101571709015	2915000
chr5	2920000	2930000	17.413942170074456	2925000
chr5	2930000	2940000	12.260775901280173	2935000
chr5	2940000	2950000	21.38415604007131	2945000
chr5	2950000	2960000	24.023366513006106	2955000
chr5	2960000	2970000	18.354688966464952	2965000
chr5	2970000	2980000	26.103663095336625	2975000
chr5	2980000	2990000	24.124799218445794	2985000
chr5	2990000	3000000	26.195596569822516	2995000
chr5	3000000	3010000	21.928937765180876	3005000
chr5	3010000	3020000	17.646477728983665	3015000
chr5	3020000	3030000	26.861181308732423	3025000
chr5	3030000	3040000	33.93051768297946	3035000
chr5	3040000	3050000	30.888910317335455	3045000
chr5	3050000	3060000	21.624771848540792	3055000
chr5	3060000	3070000	17.30842697154095	3065000
chr5	3070000	3080000	17.40679429329516	3075000
chr5	3080000	3090000	17.165217540204004	3085000
chr5	3090000	3100000	20.150122597163758	3095000
chr5	3100000	3110000	17.11856065404835	3105000
chr5	3110000	3120000	16.66699016724504	3115000
chr5	3120000	3130000	19.999606532772187	3125000
chr5	3130000	3140000	20.536658722478077	3135000
chr5	3140000	3150000	18.54937395513966	3145000
chr5	3150000	3160000	19.74041999524682	3155000
chr5	3160000	3170000	17.91466274692319	3165000
chr5	3170000	3180000	21.253149432862195	3175000
chr5	3180000	3190000	19.273249855409386	3185000
chr5	3190000	3200000	25.617134715110087	3195000
chr5	3200000	3210000	30.072761566103182	3205000
chr5	3210000	3220000	24.35107709896972	3215000
chr5	3220000	3230000	41.36674035822199	3225000
chr5	3230000	3240000	29.49576434969878	3235000
chr5	3240000	3250000	31.916991289528536	3245000
chr5	3250000	3260000	29.098639267475352	3255000
chr5	3260000	3270000	31.053658560608476	3265000
chr5	3270000	3280000	30.561592146377777	3275000
chr5	3280000	3290000	31.626147651416815	3285000
chr5	3290000	3300000	34.618559025029995	3295000
chr5	3300000	3310000	33.38223456447432	3305000
chr5	3310000	3320000	32.884476076997174	3315000
chr5	3320000	3330000	39.71804342666228	3325000
chr5	3330000	3340000	39.416344750083915	3335000
chr5	3340000	3350000	32.34502661560941	3345000
chr5	3350000	3360000	34.999831799302335	3355000
chr5	3360000	3370000	38.638025015452406	3365000
chr5	3370000	3380000	32.92688339353597	3375000
chr5	3380000	3390000	31.847641520056488	3385000
chr5	3390000	3400000	31.80776122557576	3395000
chr5	3400000	3410000	31.9132269961126	3405000
chr5	3410000	3420000	30.89757757828388	3415000
chr5	3420000	3430000	32.09553032390803	3425000
chr5	3430000	3440000	29.81381021500657	3435000
chr5	3440000	3450000	32.66945211806785	3445000
chr5	3450000	3460000	45.220547132229925	3455000
chr5	3460000	3470000	41.11560366028166	3465000
chr5	3470000	3480000	30.712441813100835	3475000
chr5	3480000	3490000	36.509294338023274	3485000
chr5	3490000	3500000	60.20954357110419	3495000
chr5	3500000	3510000	27.550125209758342	3505000
chr5	3510000	3520000	40.841922035805396	3515000
chr5	3520000	3530000	26.285528704546216	3525000
chr5	3530000	3540000	32.148578455529375	3535000
chr5	3540000	3550000	31.36001216111549	3545000
chr5	3550000	3560000	32.90373113249213	3555000
chr5	3560000	3570000	40.239670253170274	3565000
chr5	3570000	3580000	46.44746743336992	3575000
chr5	3580000	3590000	44.45813206988071	3585000
chr5	3590000	3600000	34.53033171671857	3595000
chr5	3600000	3610000	34.295917922089366	3605000
chr5	3610000	3620000	41.83127025629891	3615000
chr5	3620000	3630000	36.7101330947921	3625000
chr5	3630000	3640000	38.180402199470024	3635000
chr5	3640000	3650000	38.95766234279062	3645000
chr5	3650000	3660000	39.77177225185284	3655000
chr5	3660000	3670000	35.022030360157075	3665000
chr5	3670000	3680000	34.71849431307893	3675000
chr5	3680000	3690000	43.38149238034402	3685000
chr5	3690000	3700000	39.6720545536139	3695000
chr5	3700000	3710000	34.37565543518363	3705000
chr5	3710000	3720000	47.412476958450554	3715000
chr5	3720000	3730000	39.95749731981971	3725000
chr5	3730000	3740000	41.09030486122897	3735000
chr5	3740000	3750000	43.11825838430518	3745000
chr5	3750000	3760000	39.119989033325176	3755000
chr5	3760000	3770000	37.89502140608973	3765000
chr5	3770000	3780000	41.13318313636559	3775000
chr5	3780000	3790000	43.48463369842955	3785000
chr5	3790000	3800000	45.1684569581382	3795000
chr5	3800000	3810000	45.40966996699309	3805000
chr5	3810000	3820000	39.69416640948251	3815000
chr5	3820000	3830000	38.61156979082155	3825000
chr5	3830000	3840000	38.16937510618978	3835000
chr5	3840000	3850000	35.52096959142905	3845000
chr5	3850000	3860000	16.875130732926678	3855000
chr5	3860000	3870000	43.65923726193336	3865000
chr5	3870000	3880000	26.501955029127963	3875000
chr5	3880000	3890000	9.745583969947953	3885000
chr5	3890000	3900000	32.66288078468434	3895000
chr5	3900000	3910000	58.290802662396615	3905000
chr5	3910000	3920000	35.59494791510874	3915000
chr5	3920000	3930000	23.631800451808495	3925000
chr5	3930000	3940000	27.622979278321985	3935000
chr5	3940000	3950000	41.91524902705178	3945000
chr5	3950000	3960000	26.863727952265148	3955000
chr5	3960000	3970000	28.510325705979596	3965000
chr5	3970000	3980000	35.47435133726662	3975000
chr5	3980000	3990000	24.173037504962704	3985000
chr5	3990000	4000000	14.166393605588176	3995000
chr5	4000000	4010000	37.052853994315754	4005000
chr5	4010000	4020000	17.837109629216837	4015000
chr5	4020000	4030000	12.55870217228611	4025000
chr5	4030000	4040000	26.37242880372733	4035000
chr5	4040000	4050000	22.339597354707152	4045000
chr5	4050000	4060000	24.37761145150111	4055000
chr5	4060000	4070000	39.45595203715252	4065000
chr5	4070000	4080000	32.5781787549562	4075000
chr5	4080000	4090000	22.231462020665948	4085000
chr5	4090000	4100000	21.40341775178029	4095000
chr5	4100000	4110000	20.078733887907195	4105000
chr5	4110000	4120000	24.796883453206345	4115000
chr5	4120000	4130000	31.766066422630356	4125000
chr5	4130000	4140000	19.24575475518623	4135000
chr5	4140000	4150000	22.834036320064687	4145000
chr5	4150000	4160000	15.722759113847909	4155000
chr5	4160000	4170000	22.07232277889234	4165000
chr5	4170000	4180000	15.823115334567655	4175000
chr5	4180000	4190000	31.10202375780354	4185000
chr5	4190000	4200000	15.118014146829625	4195000
chr5	4200000	4210000	10.03761307494173	4205000
chr5	4210000	4220000	13.801010861886832	4215000
chr5	4220000	4230000	24.76737704717336	4225000
chr5	4230000	4240000	28.258321003230066	4235000
chr5	4240000	4250000	36.11660980538144	4245000
chr5	4250000	4260000	38.28744237481239	4255000
chr5	4260000	4270000	30.877784498064873	4265000
chr5	4270000	4280000	23.32643567573623	4275000
chr5	4280000	4290000	30.647236125128448	4285000
chr5	4290000	4300000	16.59024298389945	4295000
chr5	4300000	4310000	20.108775316701482	4305000
chr5	4310000	4320000	21.3575706997684	4315000
chr5	4320000	4330000	13.574540897010442	4325000
chr5	4330000	4340000	33.93363472469485	4335000
chr5	4340000	4350000	8.301359183545271	4345000
chr5	4350000	4360000	11.449071249062154	4355000
chr5	4360000	4370000	19.55743153053976	4365000
chr5	4370000	4380000	17.593396368359155	4375000
chr5	4380000	4390000	21.19970941626976	4385000
chr5	4390000	4400000	25.67409696941503	4395000
chr5	4400000	4410000	27.780067731545174	4405000
chr5	4410000	4420000	18.921201672544573	4415000
chr5	4420000	4430000	22.416351848899662	4425000
chr5	4430000	4440000	31.914510581853254	4435000
chr5	4440000	4450000	14.979375016482404	4445000
chr5	4450000	4460000	13.462221590446426	4455000
chr5	4460000	4470000	12.684648763013652	4465000
chr5	4470000	4480000	12.586045173767388	4475000
chr5	4480000	4490000	18.25648162379776	4485000
chr5	4490000	4500000	17.379333179689617	4495000
chr5	4500000	4510000	15.770639176667604	4505000
chr5	4510000	4520000	16.801456230243026	4515000
chr5	4520000	4530000	18.103862800905706	4525000
chr5	4530000	4540000	24.50700854060106	4535000
chr5	4540000	4550000	22.87552245393562	4545000
chr5	4550000	4560000	26.69315820513312	4555000
chr5	4560000	4570000	24.57375459480404	4565000
chr5	4570000	4580000	25.384841524630488	4575000
chr5	4580000	4590000	19.74885662056577	4585000
chr5	4590000	4600000	22.952741172667977	4595000
chr5	4600000	4610000	26.974137647416914	4605000
chr5	4610000	4620000	27.477135602452545	4615000
chr5	4620000	4630000	25.735943360059583	4625000
chr5	4630000	4640000	30.863637785407317	4635000
chr5	4640000	4650000	27.74388477604817	4645000
chr5	4650000	4660000	26.704898661954623	4655000
chr5	4660000	4670000	31.300978592140414	4665000
chr5	4670000	4680000	28.59538523536754	4675000
chr5	4680000	4690000	39.09698864066351	4685000
chr5	4690000	4700000	46.704108635927554	4695000
chr5	4700000	4710000	44.81328831984435	4705000
chr5	4710000	4720000	47.09325850734202	4715000
chr5	4720000	4730000	47.35464691283066	4725000
chr5	4730000	4740000	42.482001856104915	4735000
chr5	4740000	4750000	32.06804345543829	4745000
chr5	4750000	4760000	33.819174093941584	4755000
chr5	4760000	4770000	28.396902781083007	4765000
chr5	4770000	4780000	31.484503914151265	4775000
chr5	4780000	4790000	31.18232404693415	4785000
chr5	4790000	4800000	31.11970450286062	4795000
chr5	4800000	4810000	35.9628297541293	4805000
chr5	4810000	4820000	24.2890602744388	4815000
chr5	4820000	4830000	16.843733985120608	4825000
chr5	4830000	4840000	19.66153411763486	4835000
chr5	4840000	4850000	14.310164365141016	4845000
chr5	4850000	4860000	13.197031891942949	4855000
chr5	4860000	4870000	13.293563205710006	4865000
chr5	4870000	4880000	1.3308852092517554	4875000
chr5	4880000	4890000	2.5260752362824404	4885000
chr5	4890000	4900000	1.7498342064099643	4895000
chr5	4900000	4910000	2.1935332778491814	4905000
chr5	4910000	4920000	2.4233148839710443	4915000
chr5	4920000	4930000	2.0061815417407347	4925000
chr5	4930000	4940000	1.094418437540914	4935000
chr5	4940000	4950000	2.2797312811024883	4945000
chr5	4950000	4960000	2.6017130100874257	4955000
chr5	4960000	4970000	2.0872464522130723	4965000
chr5	4970000	4980000	1.9831877897870762	4975000
chr5	4980000	4990000	1.1057247088427866	4985000
chr5	4990000	5000000	1.73375261093827	4995000
chr5	5000000	5010000	3.0551501342404888	5005000
chr5	5010000	5020000	4.0870829595025295	5015000
chr5	5020000	5030000	3.9891062742806103	5025000
chr5	5030000	5040000	5.872138094538197	5035000
chr5	5040000	5050000	3.4959693276360615	5045000
chr5	5050000	5060000	2.331708480792234	5055000
chr5	5060000	5070000	1.9684003278058673	5065000
chr5	5070000	5080000	2.7018731303193366	5075000
chr5	5080000	5090000	5.391062364640882	5085000
chr5	5090000	5100000	4.8521920725450185	5095000
chr5	5100000	5110000	5.816888021064688	5105000
chr5	5110000	5120000	4.537731993135567	5115000
chr5	5120000	5130000	5.281624316487462	5125000
chr5	5130000	5140000	8.630635871400974	5135000
chr5	5140000	5150000	9.158679059774139	5145000
chr5	5150000	5160000	5.459802569809124	5155000
chr5	5160000	5170000	6.173366422750678	5165000
chr5	5170000	5180000	5.204179414874694	5175000
chr5	5180000	5190000	7.2002108979306945	5185000
chr5	5190000	5200000	11.142149124942067	5195000
chr5	5200000	5210000	5.282855500741835	5205000
chr5	5210000	5220000	7.3168124375829136	5215000
chr5	5220000	5230000	7.694838231772224	5225000
chr5	5230000	5240000	6.679427108927143	5235000
chr5	5240000	5250000	22.48295677761335	5245000
chr5	5250000	5260000	11.60981835519987	5255000
chr5	5260000	5270000	10.636535826456107	5265000
chr5	5270000	5280000	4.584241653959893	5275000
chr5	5280000	5290000	7.441089329974629	5285000
chr5	5290000	5300000	9.362203566916394	5295000
chr5	5300000	5310000	15.971391880043111	5305000
chr5	5310000	5320000	12.64806401741118	5315000
chr5	5320000	5330000	12.860144826472155	5325000
chr5	5330000	5340000	12.208813810106324	5335000
chr5	5340000	5350000	9.10015470671344	5345000
chr5	5350000	5360000	14.107876938335107	5355000
chr5	5360000	5370000	7.354069356318437	5365000
chr5	5370000	5380000	9.083093400937088	5375000
chr5	5380000	5390000	7.099853585595429	5385000
chr5	5390000	5400000	8.918668375920232	5395000
chr5	5400000	5410000	6.222551511334312	5405000
chr5	5410000	5420000	8.350842144275108	5415000
chr5	5420000	5430000	23.62103549281593	5425000
chr5	5430000	5440000	6.532324251156432	5435000
chr5	5440000	5450000	8.595091209171425	5445000
chr5	5450000	5460000	9.612258535052424	5455000
chr5	5460000	5470000	9.939229570432483	5465000
chr5	5470000	5480000	9.796279472869772	5475000
chr5	5480000	5490000	12.558915294169422	5485000
chr5	5490000	5500000	11.248985220152198	5495000
chr5	5500000	5510000	9.007105724258112	5505000
chr5	5510000	5520000	11.090100247397588	5515000
chr5	5520000	5530000	10.41668346341895	5525000
chr5	5530000	5540000	6.545260983861834	5535000
chr5	5540000	5550000	17.131820892531906	5545000
chr5	5550000	5560000	4.659089804067645	5555000
chr5	5560000	5570000	3.745300550940622	5565000
chr5	5570000	5580000	6.084681792987979	5575000
chr5	5580000	5590000	10.935919812083782	5585000
chr5	5590000	5600000	15.396897523327668	5595000
chr5	5600000	5610000	9.37832766687805	5605000
chr5	5610000	5620000	10.90294166282598	5615000
chr5	5620000	5630000	5.963529984134394	5625000
chr5	5630000	5640000	7.934933843640049	5635000
chr5	5640000	5650000	7.665960017166611	5645000
chr5	5650000	5660000	5.327792198350263	5655000
chr5	5660000	5670000	13.689361887733874	5665000
chr5	5670000	5680000	12.81083821191194	5675000
chr5	5680000	5690000	20.493634065958606	5685000
chr5	5690000	5700000	14.321630590132607	5695000
chr5	5700000	5710000	12.989737379136177	5705000
chr5	5710000	5720000	9.487397821330367	5715000
chr5	5720000	5730000	19.851735633443912	5725000
chr5	5730000	5740000	10.598337630621405	5735000
chr5	5740000	5750000	6.077974263314054	5745000
chr5	5750000	5760000	5.05570444280719	5755000
chr5	5760000	5770000	6.042457213572393	5765000
chr5	5770000	5780000	5.934783148163734	5775000
chr5	5780000	5790000	9.758264764875102	5785000
chr5	5790000	5800000	8.135631015901367	5795000
chr5	5800000	5810000	11.048829506385449	5805000
chr5	5810000	5820000	6.436191676588079	5815000
chr5	5820000	5830000	5.652435184962741	5825000
chr5	5830000	5840000	6.995158186465657	5835000
chr5	5840000	5850000	5.951992699884201	5845000
chr5	5850000	5860000	7.192358798537793	5855000
chr5	5860000	5870000	7.652865825578408	5865000
chr5	5870000	5880000	5.976811448398997	5875000
chr5	5880000	5890000	6.10966665437864	5885000
chr5	5890000	5900000	6.289278262612586	5895000
chr5	5900000	5910000	9.512868116872136	5905000
chr5	5910000	5920000	7.587345779059743	5915000
chr5	5920000	5930000	7.61179509327013	5925000
chr5	5930000	5940000	8.339953038808245	5935000
chr5	5940000	5950000	6.408223327885418	5945000
chr5	5950000	5960000	7.885826999877118	5955000
chr5	5960000	5970000	7.148337438662505	5965000
chr5	5970000	5980000	7.382082278156539	5975000
chr5	5980000	5990000	8.964951469687389	5985000
chr5	5990000	6000000	8.961067904035845	5995000
chr5	6000000	6010000	7.326771830609782	6005000
chr5	6010000	6020000	9.214388499613937	6015000
chr5	6020000	6030000	4.769255694628848	6025000
chr5	6030000	6040000	7.355440609447614	6035000
chr5	6040000	6050000	8.30186118291328	6045000
chr5	6050000	6060000	11.545082813811101	6055000
chr5	6060000	6070000	10.17078376329754	6065000
chr5	6070000	6080000	6.064757446927758	6075000
chr5	6080000	6090000	5.0756519964545905	6085000
chr5	6090000	6100000	6.402223747060568	6095000
chr5	6100000	6110000	5.215246018037696	6105000
chr5	6110000	6120000	6.4855828294142075	6115000
chr5	6120000	6130000	6.074658060445484	6125000
chr5	6130000	6140000	6.427010129372797	6135000
chr5	6140000	6150000	6.28663708381888	6145000
chr5	6150000	6160000	5.648620437845625	6155000
chr5	6160000	6170000	6.925351827002904	6165000
chr5	6170000	6180000	5.41305612751679	6175000
chr5	6180000	6190000	5.124326607306666	6185000
chr5	6190000	6200000	5.929859814010815	6195000
chr5	6200000	6210000	2.787943970958333	6205000
chr5	6210000	6220000	4.310861378879433	6215000
chr5	6220000	6230000	5.263140227803343	6225000
chr5	6230000	6240000	4.02413080126936	6235000
chr5	6240000	6250000	3.025910717704729	6245000
chr5	6250000	6260000	5.476554262771471	6255000
chr5	6260000	6270000	3.2027113985751012	6265000
chr5	6270000	6280000	4.342830336582848	6275000
chr5	6280000	6290000	5.731851308711633	6285000
chr5	6290000	6300000	4.5050469239728175	6295000
chr5	6300000	6310000	3.1470264169660407	6305000
chr5	6310000	6320000	4.996022015901709	6315000
chr5	6320000	6330000	4.77743215483946	6325000
chr5	6330000	6340000	3.206356294546245	6335000
chr5	6340000	6350000	5.0944807626687165	6345000
chr5	6350000	6360000	6.488094273756344	6355000
chr5	6360000	6370000	6.926749397094559	6365000
chr5	6370000	6380000	7.15158042209716	6375000
chr5	6380000	6390000	6.615322234286451	6385000
chr5	6390000	6400000	5.529534076307022	6395000
chr5	6400000	6410000	5.237179397620471	6405000
chr5	6410000	6420000	4.709968319418774	6415000
chr5	6420000	6430000	4.708579834330736	6425000
chr5	6430000	6440000	5.828084689541493	6435000
chr5	6440000	6450000	7.756627957080237	6445000
chr5	6450000	6460000	6.904293856812933	6455000
chr5	6460000	6470000	4.6267438937315974	6465000
chr5	6470000	6480000	4.701752876323296	6475000
chr5	6480000	6490000	4.381161499522435	6485000
chr5	6490000	6500000	5.042252725525382	6495000
chr5	6500000	6510000	4.166572666976234	6505000
chr5	6510000	6520000	6.062654650695725	6515000
chr5	6520000	6530000	5.405427745956694	6525000
chr5	6530000	6540000	6.723205151727091	6535000
chr5	6540000	6550000	6.8394688056201005	6545000
chr5	6550000	6560000	8.133202395539959	6555000
chr5	6560000	6570000	4.352726455913695	6565000
chr5	6570000	6580000	6.4887801625201424	6575000
chr5	6580000	6590000	10.177788405588876	6585000
chr5	6590000	6600000	9.040888518992741	6595000
chr5	6600000	6610000	6.0918129391109	6605000
chr5	6610000	6620000	5.832553322777706	6615000
chr5	6620000	6630000	5.238733812114123	6625000
chr5	6630000	6640000	3.8771219839522804	6635000
chr5	6640000	6650000	4.326888714203344	6645000
chr5	6650000	6660000	5.76758617994649	6655000
chr5	6660000	6670000	6.649510073654385	6665000
chr5	6670000	6680000	7.015890231150256	6675000
chr5	6680000	6690000	4.892057773699012	6685000
chr5	6690000	6700000	4.647035853890979	6695000
chr5	6700000	6710000	6.456443654442511	6705000
chr5	6710000	6720000	4.148497767500354	6715000
chr5	6720000	6730000	6.7226284232731945	6725000
chr5	6730000	6740000	5.455999345850896	6735000
chr5	6740000	6750000	3.256450236675346	6745000
chr5	6750000	6760000	1.9004645225180876	6755000
chr5	6760000	6770000	3.335969607115212	6765000
chr5	6770000	6780000	3.239390006420686	6775000
chr5	6780000	6790000	7.803114733560666	6785000
chr5	6790000	6800000	5.827584866522099	6795000
chr5	6800000	6810000	5.38852687708781	6805000
chr5	6810000	6820000	4.7765051629414215	6815000
chr5	6820000	6830000	4.073957488682719	6825000
chr5	6830000	6840000	6.088715160503752	6835000
chr5	6840000	6850000	6.663549877641996	6845000
chr5	6850000	6860000	5.976844812552413	6855000
chr5	6860000	6870000	6.875612242855284	6865000
chr5	6870000	6880000	5.6486088570341195	6875000
chr5	6880000	6890000	6.585362087756848	6885000
chr5	6890000	6900000	4.475105118158364	6895000
chr5	6900000	6910000	7.199042035369855	6905000
chr5	6910000	6920000	7.8305774127671715	6915000
chr5	6920000	6930000	4.314597915411024	6925000
chr5	6930000	6940000	4.620758431183874	6935000
chr5	6940000	6950000	4.227121079906164	6945000
chr5	6950000	6960000	12.881059457156564	6955000
chr5	6960000	6970000	9.22496510677735	6965000
chr5	6970000	6980000	12.57401227510871	6975000
chr5	6980000	6990000	7.600233182772315	6985000
chr5	6990000	7000000	7.379223827807363	6995000
chr5	7000000	7010000	9.223302449075248	7005000
chr5	7010000	7020000	8.564941821127771	7015000
chr5	7020000	7030000	10.442756288918108	7025000
chr5	7030000	7040000	7.691628785480467	7035000
chr5	7040000	7050000	6.06011622694678	7045000
chr5	7050000	7060000	8.264201481741305	7055000
chr5	7060000	7070000	12.552043059013501	7065000
chr5	7070000	7080000	12.164671676260939	7075000
chr5	7080000	7090000	11.111831475267106	7085000
chr5	7090000	7100000	11.74781131352779	7095000
chr5	7100000	7110000	9.0627610490803	7105000
chr5	7110000	7120000	16.4827199983	7115000
chr5	7120000	7130000	14.2089736881065	7125000
chr5	7130000	7140000	18.94017670224588	7135000
chr5	7140000	7150000	17.60428195140336	7145000
chr5	7150000	7160000	11.198331552015627	7155000
chr5	7160000	7170000	29.3911754264687	7165000
chr5	7170000	7180000	13.4373781108748	7175000
chr5	7180000	7190000	11.089492176388186	7185000
chr5	7190000	7200000	8.951472919977219	7195000
chr5	7200000	7210000	9.087238312468651	7205000
chr5	7210000	7220000	12.08523664528613	7215000
chr5	7220000	7230000	11.673390521725118	7225000
chr5	7230000	7240000	13.030414597754472	7235000
chr5	7240000	7250000	10.621654033205894	7245000
chr5	7250000	7260000	11.136579379253925	7255000
chr5	7260000	7270000	9.197277204907344	7265000
chr5	7270000	7280000	17.736366141645078	7275000
chr5	7280000	7290000	8.17643179736743	7285000
chr5	7290000	7300000	6.45937707419609	7295000
chr5	7300000	7310000	13.587598100475951	7305000
chr5	7310000	7320000	9.919256794219796	7315000
chr5	7320000	7330000	7.779993569540957	7325000
chr5	7330000	7340000	5.867209016850871	7335000
chr5	7340000	7350000	8.431381591126707	7345000
chr5	7350000	7360000	8.118770277592892	7355000
chr5	7360000	7370000	11.456549668894914	7365000
chr5	7370000	7380000	6.713549921090692	7375000
chr5	7380000	7390000	5.4411006570835525	7385000
chr5	7390000	7400000	8.199132476909735	7395000
chr5	7400000	7410000	8.230873454302541	7405000
chr5	7410000	7420000	5.528349155711504	7415000
chr5	7420000	7430000	6.7139190231647	7425000
chr5	7430000	7440000	7.119302769370494	7435000
chr5	7440000	7450000	8.748432390187784	7445000
chr5	7450000	7460000	5.91290746749349	7455000
chr5	7460000	7470000	9.025312560086943	7465000
chr5	7470000	7480000	6.090617322729595	7475000
chr5	7480000	7490000	7.009273920068529	7485000
chr5	7490000	7500000	6.179923302191337	7495000
chr5	7500000	7510000	7.720004289555904	7505000
chr5	7510000	7520000	5.512997130295597	7515000
chr5	7520000	7530000	3.7480655795017475	7525000
chr5	7530000	7540000	3.8784563292850485	7535000
chr5	7540000	7550000	7.318612568771621	7545000
chr5	7550000	7560000	8.631239184355527	7555000
chr5	7560000	7570000	9.53044192549766	7565000
chr5	7570000	7580000	8.614554133002818	7575000
chr5	7580000	7590000	9.32273625734657	7585000
chr5	7590000	7600000	5.499765194904872	7595000
chr5	7600000	7610000	7.939340342872299	7605000
chr5	7610000	7620000	8.813744837447429	7615000
chr5	7620000	7630000	3.751391703748457	7625000
chr5	7630000	7640000	7.166037146130489	7635000
chr5	7640000	7650000	6.381630374795331	7645000
chr5	7650000	7660000	6.120485082551982	7655000
chr5	7660000	7670000	8.484322500798612	7665000
chr5	7670000	7680000	9.295770123918517	7675000
chr5	7680000	7690000	8.356439348110847	7685000
chr5	7690000	7700000	4.6087435048079275	7695000
chr5	7700000	7710000	6.678413707089808	7705000
chr5	7710000	7720000	7.221757967693862	7715000
chr5	7720000	7730000	4.9554972165496025	7725000
chr5	7730000	7740000	5.444065352220115	7735000
chr5	7740000	7750000	6.371900211488663	7745000
chr5	7750000	7760000	8.98228454483684	7755000
chr5	7760000	7770000	6.240937297713112	7765000
chr5	7770000	7780000	8.110750519697255	7775000
chr5	7780000	7790000	5.66858034730234	7785000
chr5	7790000	7800000	6.504383121756989	7795000
chr5	7800000	7810000	13.266732885374442	7805000
chr5	7810000	7820000	7.581540815932637	7815000
chr5	7820000	7830000	10.295206891596218	7825000
chr5	7830000	7840000	8.422140209814435	7835000
chr5	7840000	7850000	7.844787697979241	7845000
chr5	7850000	7860000	7.042377165075154	7855000
chr5	7860000	7870000	4.63799000415015	7865000
chr5	7870000	7880000	7.5357750970677095	7875000
chr5	7880000	7890000	5.5167606178570425	7885000
chr5	7890000	7900000	12.426410958110614	7895000
chr5	7900000	7910000	14.544298538981645	7905000
chr5	7910000	7920000	10.538227777989182	7915000
chr5	7920000	7930000	7.359617374597736	7925000
chr5	7930000	7940000	7.274734611773199	7935000
chr5	7940000	7950000	8.10925886345875	7945000
chr5	7950000	7960000	4.625086011759535	7955000
chr5	7960000	7970000	9.725608582009846	7965000
chr5	7970000	7980000	14.053834815882198	7975000
chr5	7980000	7990000	12.849638829117065	7985000
chr5	7990000	8000000	10.429277384726134	7995000
chr5	8000000	8010000	12.933270076436331	8005000
chr5	8010000	8020000	8.008890750985977	8015000
chr5	8020000	8030000	5.4721839740143405	8025000
chr5	8030000	8040000	4.151404244172302	8035000
chr5	8040000	8050000	5.72460538975373	8045000
chr5	8050000	8060000	5.338814554580459	8055000
chr5	8060000	8070000	5.7289360610872615	8065000
chr5	8070000	8080000	3.0251832187723324	8075000
chr5	8080000	8090000	3.021242169728087	8085000
chr5	8090000	8100000	4.528225479186318	8095000
chr5	8100000	8110000	3.342124523982128	8105000
chr5	8110000	8120000	3.2926105753909796	8115000
chr5	8120000	8130000	4.067377241442264	8125000
chr5	8130000	8140000	2.5943174263489133	8135000
chr5	8140000	8150000	8.106467666744498	8145000
chr5	8150000	8160000	4.222153817959478	8155000
chr5	8160000	8170000	4.2533487496317015	8165000
chr5	8170000	8180000	13.60828459386023	8175000
chr5	8180000	8190000	6.564991763909378	8185000
chr5	8190000	8200000	5.049462070602374	8195000
chr5	8200000	8210000	5.829151212058933	8205000
chr5	8210000	8220000	14.770775549561247	8215000
chr5	8220000	8230000	20.167675640911206	8225000
chr5	8230000	8240000	11.356061974630084	8235000
chr5	8240000	8250000	10.747335675264704	8245000
chr5	8250000	8260000	8.298554519953319	8255000
chr5	8260000	8270000	6.331270777819069	8265000
chr5	8270000	8280000	7.882239942203843	8275000
chr5	8280000	8290000	4.92332880321021	8285000
chr5	8290000	8300000	3.6434985202380945	8295000
chr5	8300000	8310000	6.120653335114396	8305000
chr5	8310000	8320000	6.632152860063523	8315000
chr5	8320000	8330000	17.2241247846681	8325000
chr5	8330000	8340000	10.267508695786242	8335000
chr5	8340000	8350000	10.800221443190123	8345000
chr5	8350000	8360000	10.91781858023105	8355000
chr5	8360000	8370000	7.562510202617951	8365000
chr5	8370000	8380000	12.017647463734637	8375000
chr5	8380000	8390000	13.802332999577647	8385000
chr5	8390000	8400000	17.92445061493543	8395000
chr5	8400000	8410000	16.178454044158617	8405000
chr5	8410000	8420000	11.071235640496443	8415000
chr5	8420000	8430000	10.092784196919043	8425000
chr5	8430000	8440000	42.415086359657344	8435000
chr5	8440000	8450000	15.020895331533746	8445000
chr5	8450000	8460000	23.139371263197017	8455000
chr5	8460000	8470000	16.679916641427507	8465000
chr5	8470000	8480000	17.253471931924	8475000
chr5	8480000	8490000	15.36857630047197	8485000
chr5	8490000	8500000	13.955499165227376	8495000
chr5	8500000	8510000	12.533456482971902	8505000
chr5	8510000	8520000	12.209458175975461	8515000
chr5	8520000	8530000	14.920075240913164	8525000
chr5	8530000	8540000	13.636523202359504	8535000
chr5	8540000	8550000	12.05083753407475	8545000
chr5	8550000	8560000	12.35856221641672	8555000
chr5	8560000	8570000	16.09919967765121	8565000
chr5	8570000	8580000	8.749461345960516	8575000
chr5	8580000	8590000	11.668238778296635	8585000
chr5	8590000	8600000	6.556941240028946	8595000
chr5	8600000	8610000	5.999297897128825	8605000
chr5	8610000	8620000	8.716759658151643	8615000
chr5	8620000	8630000	13.743205324043322	8625000
chr5	8630000	8640000	17.718057169406183	8635000
chr5	8640000	8650000	14.447897275557143	8645000
chr5	8650000	8660000	14.248707651719323	8655000
chr5	8660000	8670000	20.544253313787422	8665000
chr5	8670000	8680000	8.18502855052477	8675000
chr5	8680000	8690000	10.774058929068692	8685000
chr5	8690000	8700000	13.905449227781226	8695000
chr5	8700000	8710000	11.076028968473427	8705000
chr5	8710000	8720000	13.17791827755404	8715000
chr5	8720000	8730000	16.280794560350785	8725000
chr5	8730000	8740000	21.116038251925872	8735000
chr5	8740000	8750000	17.591969648398685	8745000
chr5	8750000	8760000	13.167315972671332	8755000
chr5	8760000	8770000	5.652396414809881	8765000
chr5	8770000	8780000	7.44025871145113	8775000
chr5	8780000	8790000	5.971236825486651	8785000
chr5	8790000	8800000	5.351771737496889	8795000
chr5	8800000	8810000	3.8202552105224674	8805000
chr5	8810000	8820000	5.048041291496378	8815000
chr5	8820000	8830000	6.891773927058485	8825000
chr5	8830000	8840000	25.52329653771358	8835000
chr5	8840000	8850000	12.89834642902897	8845000
chr5	8850000	8860000	16.29620394146365	8855000
chr5	8860000	8870000	9.114601606381632	8865000
chr5	8870000	8880000	10.627036915363023	8875000
chr5	8880000	8890000	12.289231313885697	8885000
chr5	8890000	8900000	8.294978949507612	8895000
chr5	8900000	8910000	11.916320836709495	8905000
chr5	8910000	8920000	9.73157988817364	8915000
chr5	8920000	8930000	10.280128891222127	8925000
chr5	8930000	8940000	8.122672879355342	8935000
chr5	8940000	8950000	11.97474205315823	8945000
chr5	8950000	8960000	16.394312583522765	8955000
chr5	8960000	8970000	13.697907307474292	8965000
chr5	8970000	8980000	20.672986977187264	8975000
chr5	8980000	8990000	12.677114632349198	8985000
chr5	8990000	9000000	13.056209079909124	8995000
chr5	9000000	9010000	10.428980199702385	9005000
chr5	9010000	9020000	12.61603507639693	9015000
chr5	9020000	9030000	14.477785926179996	9025000
chr5	9030000	9040000	15.14618188717175	9035000
chr5	9040000	9050000	22.58623002937055	9045000
chr5	9050000	9060000	23.618246452497136	9055000
chr5	9060000	9070000	23.775196673440288	9065000
chr5	9070000	9080000	15.709229710653258	9075000
chr5	9080000	9090000	22.228354284488038	9085000
chr5	9090000	9100000	11.248088246545318	9095000
chr5	9100000	9110000	11.570695591177358	9105000
chr5	9110000	9120000	10.302440169235624	9115000
chr5	9120000	9130000	10.193398305631202	9125000
chr5	9130000	9140000	11.643027751179986	9135000
chr5	9140000	9150000	24.07745858403313	9145000
chr5	9150000	9160000	3.271181728909115	9155000
chr5	9160000	9170000	7.851930870680781	9165000
chr5	9170000	9180000	10.884836466349833	9175000
chr5	9180000	9190000	12.82128275098646	9185000
chr5	9190000	9200000	11.86127970598425	9195000
chr5	9200000	9210000	11.931108317926308	9205000
chr5	9210000	9220000	9.50800359738117	9215000
chr5	9220000	9230000	8.84506662523616	9225000
chr5	9230000	9240000	12.325275993555493	9235000
chr5	9240000	9250000	9.931771932312497	9245000
chr5	9250000	9260000	9.348655833130639	9255000
chr5	9260000	9270000	9.615140824515317	9265000
chr5	9270000	9280000	8.192061973148453	9275000
chr5	9280000	9290000	10.101060538541393	9285000
chr5	9290000	9300000	7.3796342855068575	9295000
chr5	9300000	9310000	9.520461857611382	9305000
chr5	9310000	9320000	13.324915116345192	9315000
chr5	9320000	9330000	7.48706906882778	9325000
chr5	9330000	9340000	3.451042459384052	9335000
chr5	9340000	9350000	4.844122848191606	9345000
chr5	9350000	9360000	10.998023185937758	9355000
chr5	9360000	9370000	21.89126529599911	9365000
chr5	9370000	9380000	7.620501520721479	9375000
chr5	9380000	9390000	5.888074351403199	9385000
chr5	9390000	9400000	8.209541229465932	9395000
chr5	9400000	9410000	11.022152521547488	9405000
chr5	9410000	9420000	9.292473459483066	9415000
chr5	9420000	9430000	7.127139217287154	9425000
chr5	9430000	9440000	10.129106202357892	9435000
chr5	9440000	9450000	5.153651532217518	9445000
chr5	9450000	9460000	18.573899418107764	9455000
chr5	9460000	9470000	9.90845436661935	9465000
chr5	9470000	9480000	14.216759029459608	9475000
chr5	9480000	9490000	24.16882293840187	9485000
chr5	9490000	9500000	19.29891923395335	9495000
chr5	9500000	9510000	13.897910698396164	9505000
chr5	9510000	9520000	21.223979606068465	9515000
chr5	9520000	9530000	26.26327845653232	9525000
chr5	9530000	9540000	19.68330446431194	9535000
chr5	9540000	9550000	17.60886247889453	9545000
chr5	9550000	9560000	25.250640316868424	9555000
chr5	9560000	9570000	18.692592511986216	9565000
chr5	9570000	9580000	11.285277187762697	9575000
chr5	9580000	9590000	9.53206957117765	9585000
chr5	9590000	9600000	13.186838297985874	9595000
chr5	9600000	9610000	8.543734422242723	9605000
chr5	9610000	9620000	11.573796371460716	9615000
chr5	9620000	9630000	15.059944073877316	9625000
chr5	9630000	9640000	18.25294566132066	9635000
chr5	9640000	9650000	8.132340843205242	9645000
chr5	9650000	9660000	14.838742037219935	9655000
chr5	9660000	9670000	8.165016173905672	9665000
chr5	9670000	9680000	9.014341574562028	9675000
chr5	9680000	9690000	9.686935015538593	9685000
chr5	9690000	9700000	7.511348251609399	9695000
chr5	9700000	9710000	9.37748293848463	9705000
chr5	9710000	9720000	6.156598231716073	9715000
chr5	9720000	9730000	7.570053508570818	9725000
chr5	9730000	9740000	6.590860557511611	9735000
chr5	9740000	9750000	6.343420204774455	9745000
chr5	9750000	9760000	6.257454597989016	9755000
chr5	9760000	9770000	7.345804540303942	9765000
chr5	9770000	9780000	6.35116121440548	9775000
chr5	9780000	9790000	9.408773425258419	9785000
chr5	9790000	9800000	7.61275734181597	9795000
chr5	9800000	9810000	11.59361918411726	9805000
chr5	9810000	9820000	8.304912351589726	9815000
chr5	9820000	9830000	9.37978048234163	9825000
chr5	9830000	9840000	10.49392122420513	9835000
chr5	9840000	9850000	9.827899471981667	9845000
chr5	9850000	9860000	8.795120943928437	9855000
chr5	9860000	9870000	11.043027123864178	9865000
chr5	9870000	9880000	13.038461430641542	9875000
chr5	9880000	9890000	7.39291616457211	9885000
chr5	9890000	9900000	14.046946096082833	9895000
chr5	9900000	9910000	8.53473746866973	9905000
chr5	9910000	9920000	4.363048630648672	9915000
chr5	9920000	9930000	5.129606856407545	9925000
chr5	9930000	9940000	5.825202083354748	9935000
chr5	9940000	9950000	5.989785075528504	9945000
chr5	9950000	9960000	7.423676254282164	9955000
chr5	9960000	9970000	10.492510807357428	9965000
chr5	9970000	9980000	11.26889488963266	9975000
chr5	9980000	9990000	13.47296104118	9985000
chr5	9990000	10000000	15.275631956577337	9995000
chr5	10000000	10010000	9.047148725196964	10005000
chr5	10010000	10020000	9.187439448739703	10015000
chr5	10020000	10030000	7.271702577630861	10025000
chr5	10030000	10040000	15.349096087748954	10035000
chr5	10040000	10050000	86.32212709014837	10045000
chr5	10050000	10060000	3.7623821447295533	10055000
chr5	10060000	10070000	14.91015880418008	10065000
chr5	10070000	10080000	10.532531132759354	10075000
chr5	10080000	10090000	18.374650363744937	10085000
chr5	10090000	10100000	16.801671772976935	10095000
chr5	10100000	10110000	17.11286149752657	10105000
chr5	10110000	10120000	7.6477200695638015	10115000
chr5	10120000	10130000	12.691288264388614	10125000
chr5	10130000	10140000	31.241956802018752	10135000
chr5	10140000	10150000	17.923358522858056	10145000
chr5	10150000	10160000	15.613823150529697	10155000
chr5	10160000	10170000	10.994383030021211	10165000
chr5	10170000	10180000	11.114979897799623	10175000
chr5	10180000	10190000	22.91110763438425	10185000
chr5	10190000	10200000	12.544879006597077	10195000
chr5	10200000	10210000	7.370609578874612	10205000
chr5	10210000	10220000	9.12283176140858	10215000
chr5	10220000	10230000	18.55612448033651	10225000
chr5	10230000	10240000	40.385003254533096	10235000
chr5	10240000	10250000	21.699131199837602	10245000
chr5	10250000	10260000	15.912874349365106	10255000
chr5	10260000	10270000	18.51600384059181	10265000
chr5	10270000	10280000	13.538391470451112	10275000
chr5	10280000	10290000	12.00720343765068	10285000
chr5	10290000	10300000	12.26930781654552	10295000
chr5	10300000	10310000	8.327913599674982	10305000
chr5	10310000	10320000	11.830758546853279	10315000
chr5	10320000	10330000	10.757169933318147	10325000
chr5	10330000	10340000	5.095812250473209	10335000
chr5	10340000	10350000	8.42286153274133	10345000
chr5	10350000	10360000	6.61739911756575	10355000
chr5	10360000	10370000	7.017428592982762	10365000
chr5	10370000	10380000	9.928740851777778	10375000
chr5	10380000	10390000	10.704448856772878	10385000
chr5	10390000	10400000	5.800700782633176	10395000
chr5	10400000	10410000	3.5562251233367137	10405000
chr5	10410000	10420000	6.285287192139739	10415000
chr5	10420000	10430000	5.010171180261359	10425000
chr5	10430000	10440000	11.061862883858064	10435000
chr5	10440000	10450000	10.357450687650811	10445000
chr5	10450000	10460000	16.598837738293568	10455000
chr5	10460000	10470000	10.294321071413194	10465000
chr5	10470000	10480000	16.51760528907249	10475000
chr5	10480000	10490000	7.614103871209946	10485000
chr5	10490000	10500000	9.051943838815689	10495000
chr5	10500000	10510000	13.955992434808058	10505000
chr5	10510000	10520000	13.04747952253158	10515000
chr5	10520000	10530000	6.90324343764919	10525000
chr5	10530000	10540000	10.120716506686993	10535000
chr5	10540000	10550000	20.23450536120147	10545000
chr5	10550000	10560000	12.194764753313153	10555000
chr5	10560000	10570000	11.861532794461716	10565000
chr5	10570000	10580000	8.294295185410572	10575000
chr5	10580000	10590000	11.275379130220047	10585000
chr5	10590000	10600000	8.604905697021648	10595000
chr5	10600000	10610000	9.073986335173984	10605000
chr5	10610000	10620000	10.901684734841428	10615000
chr5	10620000	10630000	14.991679154819371	10625000
chr5	10630000	10640000	5.199541027062851	10635000
chr5	10640000	10650000	2.6587717468659133	10645000
chr5	10650000	10660000	2.784014714861734	10655000
chr5	10660000	10670000	2.9630982198795963	10665000
chr5	10670000	10680000	3.8428511141255504	10675000
chr5	10680000	10690000	9.232156533823245	10685000
chr5	10690000	10700000	4.9041521609361975	10695000
chr5	10700000	10710000	5.768018053266037	10705000
chr5	10710000	10720000	5.246725407231197	10715000
chr5	10720000	10730000	8.375816723913761	10725000
chr5	10730000	10740000	13.418432699214154	10735000
chr5	10740000	10750000	17.6348481821031	10745000
chr5	10750000	10760000	19.746948371651087	10755000
chr5	10760000	10770000	17.240298130681154	10765000
chr5	10770000	10780000	14.261730096184966	10775000
chr5	10780000	10790000	14.007373299648393	10785000
chr5	10790000	10800000	8.304301111354683	10795000
chr5	10800000	10810000	11.877748181905119	10805000
chr5	10810000	10820000	13.427856084682944	10815000
chr5	10820000	10830000	11.486786582100926	10825000
chr5	10830000	10840000	12.18957819166395	10835000
chr5	10840000	10850000	7.373410931010897	10845000
chr5	10850000	10860000	13.528249435296388	10855000
chr5	10860000	10870000	10.762306758103229	10865000
chr5	10870000	10880000	9.331544479708382	10875000
chr5	10880000	10890000	7.11598924695413	10885000
chr5	10890000	10900000	4.722030388196913	10895000
chr5	10900000	10910000	7.496488842551294	10905000
chr5	10910000	10920000	6.746932348722037	10915000
chr5	10920000	10930000	17.26174891546181	10925000
chr5	10930000	10940000	7.167625058305626	10935000
chr5	10940000	10950000	9.019118135780475	10945000
chr5	10950000	10960000	8.181418921499139	10955000
chr5	10960000	10970000	10.179901542687396	10965000
chr5	10970000	10980000	10.99592248328436	10975000
chr5	10980000	10990000	15.28607172492804	10985000
chr5	10990000	11000000	8.76855888683877	10995000
chr5	11000000	11010000	7.243500894369499	11005000
chr5	11010000	11020000	6.075594278140162	11015000
chr5	11020000	11030000	4.948557405113748	11025000
chr5	11030000	11040000	13.718234174317553	11035000
chr5	11040000	11050000	3.8355760513749373	11045000
chr5	11050000	11060000	3.5419167538159027	11055000
chr5	11060000	11070000	2.602333671472696	11065000
chr5	11070000	11080000	2.647712295389339	11075000
chr5	11080000	11090000	3.9710621999375704	11085000
chr5	11090000	11100000	2.6516307388824107	11095000
chr5	11100000	11110000	5.582980363714369	11105000
chr5	11110000	11120000	7.365457031078859	11115000
chr5	11120000	11130000	13.758525711691892	11125000
chr5	11130000	11140000	16.788198923798348	11135000
chr5	11140000	11150000	18.34730424079505	11145000
chr5	11150000	11160000	16.04333717418355	11155000
chr5	11160000	11170000	16.300237153809324	11165000
chr5	11170000	11180000	16.6972441455851	11175000
chr5	11180000	11190000	16.798318244158974	11185000
chr5	11190000	11200000	15.829667362670829	11195000
chr5	11200000	11210000	15.697952836624141	11205000
chr5	11210000	11220000	11.261198519352918	11215000
chr5	11220000	11230000	13.127852938873094	11225000
chr5	11230000	11240000	16.977920824213168	11235000
chr5	11240000	11250000	13.700418383494547	11245000
chr5	11250000	11260000	10.712322482353185	11255000
chr5	11260000	11270000	7.377278321958687	11265000
chr5	11270000	11280000	13.469128585898329	11275000
chr5	11280000	11290000	5.713638711747137	11285000
chr5	11290000	11300000	4.968757050297197	11295000
chr5	11300000	11310000	8.912697566922333	11305000
chr5	11310000	11320000	5.834028362674062	11315000
chr5	11320000	11330000	5.379148577970968	11325000
chr5	11330000	11340000	8.621437976551821	11335000
chr5	11340000	11350000	5.3102796441980376	11345000
chr5	11350000	11360000	4.159364034054682	11355000
chr5	11360000	11370000	4.860666782257675	11365000
chr5	11370000	11380000	8.957003406112488	11375000
chr5	11380000	11390000	4.994742573169044	11385000
chr5	11390000	11400000	5.108978878363436	11395000
chr5	11400000	11410000	24.148930306354554	11405000
chr5	11410000	11420000	6.265436301036974	11415000
chr5	11420000	11430000	4.559048357986206	11425000
chr5	11430000	11440000	4.52848784994066	11435000
chr5	11440000	11450000	5.2780236156190385	11445000
chr5	11450000	11460000	9.830658624495312	11455000
chr5	11460000	11470000	1.8258503635148378	11465000
chr5	11470000	11480000	5.458932370967581	11475000
chr5	11480000	11490000	1.8388864779652763	11485000
chr5	11490000	11500000	11.240126205525993	11495000
chr5	11500000	11510000	3.0665864799513165	11505000
chr5	11510000	11520000	4.079720504679153	11515000
chr5	11520000	11530000	10.570471364164504	11525000
chr5	11530000	11540000	3.765060408405886	11535000
chr5	11540000	11550000	2.7957128391833077	11545000
chr5	11550000	11560000	2.1425794176776694	11555000
chr5	11560000	11570000	3.515542012308596	11565000
chr5	11570000	11580000	1.9798538152049134	11575000
chr5	11580000	11590000	3.491141801665206	11585000
chr5	11590000	11600000	3.4767006960322266	11595000
chr5	11600000	11610000	2.8495129416231513	11605000
chr5	11610000	11620000	3.781404916418026	11615000
chr5	11620000	11630000	19.221974023592825	11625000
chr5	11630000	11640000	1.303728711997388	11635000
chr5	11640000	11650000	0.9486981345480732	11645000
chr5	11650000	11660000	1.3196732111200802	11655000
chr5	11660000	11670000	2.1628963965067864	11665000
chr5	11670000	11680000	2.3614407910656285	11675000
chr5	11680000	11690000	2.266927655991544	11685000
chr5	11690000	11700000	4.1169745435447025	11695000
chr5	11700000	11710000	3.9459623192445954	11705000
chr5	11710000	11720000	3.9552074462982367	11715000
chr5	11720000	11730000	4.59033035262953	11725000
chr5	11730000	11740000	16.301265038125976	11735000
chr5	11740000	11750000	15.2052690789593	11745000
chr5	11750000	11760000	8.690026646730011	11755000
chr5	11760000	11770000	7.944432629028239	11765000
chr5	11770000	11780000	10.67186367676301	11775000
chr5	11780000	11790000	10.244054672271453	11785000
chr5	11790000	11800000	8.562209181219355	11795000
chr5	11800000	11810000	7.787842909929897	11805000
chr5	11810000	11820000	7.229579090956619	11815000
chr5	11820000	11830000	7.474021500634727	11825000
chr5	11830000	11840000	5.181960532725512	11835000
chr5	11840000	11850000	5.223289483720356	11845000
chr5	11850000	11860000	5.737445578286567	11855000
chr5	11860000	11870000	17.420735418265004	11865000
chr5	11870000	11880000	3.971501629654947	11875000
chr5	11880000	11890000	4.4176948945186885	11885000
chr5	11890000	11900000	4.402600006746036	11895000
chr5	11900000	11910000	5.808350371516971	11905000
chr5	11910000	11920000	18.09020280617338	11915000
chr5	11920000	11930000	18.83308020363006	11925000
chr5	11930000	11940000	10.169386997277316	11935000
chr5	11940000	11950000	11.116952466580399	11945000
chr5	11950000	11960000	7.783223642135405	11955000
chr5	11960000	11970000	4.981781997982322	11965000
chr5	11970000	11980000	7.466508858633307	11975000
chr5	11980000	11990000	12.490825767795068	11985000
chr5	11990000	12000000	7.337150739617357	11995000
chr5	12000000	12010000	10.231311401682449	12005000
chr5	12010000	12020000	5.895537721849772	12015000
chr5	12020000	12030000	5.107341292415197	12025000
chr5	12030000	12040000	5.077026775148684	12035000
chr5	12040000	12050000	2.5512786902761126	12045000
chr5	12050000	12060000	3.737030690127401	12055000
chr5	12060000	12070000	4.381156055276581	12065000
chr5	12070000	12080000	4.255522650202237	12075000
chr5	12080000	12090000	7.0724593870106895	12085000
chr5	12090000	12100000	7.009042698534629	12095000
chr5	12100000	12110000	8.561696697988822	12105000
chr5	12110000	12120000	8.080888546789954	12115000
chr5	12120000	12130000	3.9206239160255985	12125000
chr5	12130000	12140000	6.450820168452238	12135000
chr5	12140000	12150000	7.672760255886808	12145000
chr5	12150000	12160000	9.535389815878313	12155000
chr5	12160000	12170000	13.027655272486363	12165000
chr5	12170000	12180000	11.39023204633434	12175000
chr5	12180000	12190000	8.504139355588867	12185000
chr5	12190000	12200000	9.760458333513773	12195000
chr5	12200000	12210000	8.421897596236485	12205000
chr5	12210000	12220000	7.7352121699553305	12215000
chr5	12220000	12230000	6.930225952806401	12225000
chr5	12230000	12240000	8.975198890760677	12235000
chr5	12240000	12250000	8.131517192990811	12245000
chr5	12250000	12260000	6.52950212955631	12255000
chr5	12260000	12270000	8.033083597539873	12265000
chr5	12270000	12280000	6.5516940969653685	12275000
chr5	12280000	12290000	7.80979149498984	12285000
chr5	12290000	12300000	6.358464869304361	12295000
chr5	12300000	12310000	10.279087063228417	12305000
chr5	12310000	12320000	6.132413844416442	12315000
chr5	12320000	12330000	6.158851319701002	12325000
chr5	12330000	12340000	7.568960555573426	12335000
chr5	12340000	12350000	6.71745021561548	12345000
chr5	12350000	12360000	8.263032160155202	12355000
chr5	12360000	12370000	12.064892343608268	12365000
chr5	12370000	12380000	11.04168458479438	12375000
chr5	12380000	12390000	10.653091554507059	12385000
chr5	12390000	12400000	6.136526221373232	12395000
chr5	12400000	12410000	8.072564252047691	12405000
chr5	12410000	12420000	13.783613195271467	12415000
chr5	12420000	12430000	8.863266992706587	12425000
chr5	12430000	12440000	9.248238053865194	12435000
chr5	12440000	12450000	10.55454784769324	12445000
chr5	12450000	12460000	10.624886635909204	12455000
chr5	12460000	12470000	9.607682686509934	12465000
chr5	12470000	12480000	7.149413591274017	12475000
chr5	12480000	12490000	8.670282161036429	12485000
chr5	12490000	12500000	6.376110995863034	12495000
chr5	12500000	12510000	8.99310700680552	12505000
chr5	12510000	12520000	10.3919589115684	12515000
chr5	12520000	12530000	8.682963634908088	12525000
chr5	12530000	12540000	11.458396267611688	12535000
chr5	12540000	12550000	9.117872249438836	12545000
chr5	12550000	12560000	14.934264310149898	12555000
chr5	12560000	12570000	14.48043116892692	12565000
chr5	12570000	12580000	14.087376051368095	12575000
chr5	12580000	12590000	12.436616846520764	12585000
chr5	12590000	12600000	10.568147677466712	12595000
chr5	12600000	12610000	11.254145035460148	12605000
chr5	12610000	12620000	13.06666003072606	12615000
chr5	12620000	12630000	10.120704597961351	12625000
chr5	12630000	12640000	13.16211803886563	12635000
chr5	12640000	12650000	12.639805259458308	12645000
chr5	12650000	12660000	8.633258839505569	12655000
chr5	12660000	12670000	4.6573990482705705	12665000
chr5	12670000	12680000	6.509856241127814	12675000
chr5	12680000	12690000	8.5530202906635	12685000
chr5	12690000	12700000	15.51906463451812	12695000
chr5	12700000	12710000	15.31874617944686	12705000
chr5	12710000	12720000	12.099088868732583	12715000
chr5	12720000	12730000	5.351264149588775	12725000
chr5	12730000	12740000	25.575438698242234	12735000
chr5	12740000	12750000	11.123656256303292	12745000
chr5	12750000	12760000	8.876075958074761	12755000
chr5	12760000	12770000	7.259178883622365	12765000
chr5	12770000	12780000	7.26321408074261	12775000
chr5	12780000	12790000	5.084241755206563	12785000
chr5	12790000	12800000	6.731357985777604	12795000
chr5	12800000	12810000	5.939049940002873	12805000
chr5	12810000	12820000	7.276885292734608	12815000
chr5	12820000	12830000	7.214031485529308	12825000
chr5	12830000	12840000	5.071014912497875	12835000
chr5	12840000	12850000	7.581730687904138	12845000
chr5	12850000	12860000	11.758640813860097	12855000
chr5	12860000	12870000	8.956840368247436	12865000
chr5	12870000	12880000	6.760607200878818	12875000
chr5	12880000	12890000	5.105196388309151	12885000
chr5	12890000	12900000	5.619505941997433	12895000
chr5	12900000	12910000	6.436087207354627	12905000
chr5	12910000	12920000	7.81743799315265	12915000
chr5	12920000	12930000	7.5042745784034075	12925000
chr5	12930000	12940000	7.734770525217333	12935000
chr5	12940000	12950000	9.616756022641596	12945000
chr5	12950000	12960000	11.163504174306636	12955000
chr5	12960000	12970000	10.504854082107022	12965000
chr5	12970000	12980000	12.622396539982166	12975000
chr5	12980000	12990000	10.02377525616596	12985000
chr5	12990000	13000000	7.695354727459546	12995000
chr5	13000000	13010000	21.734241458614616	13005000
chr5	13010000	13020000	6.387240421288622	13015000
chr5	13020000	13030000	3.5711068088045286	13025000
chr5	13030000	13040000	3.9526942558409446	13035000
chr5	13040000	13050000	6.796770567027982	13045000
chr5	13050000	13060000	10.411993456618982	13055000
chr5	13060000	13070000	9.6050421346901	13065000
chr5	13070000	13080000	8.684560564346798	13075000
chr5	13080000	13090000	7.0145872395100355	13085000
chr5	13090000	13100000	6.979022481468429	13095000
chr5	13100000	13110000	11.064506173987075	13105000
chr5	13110000	13120000	9.973004713107688	13115000
chr5	13120000	13130000	8.921632255526388	13125000
chr5	13130000	13140000	10.686176557152132	13135000
chr5	13140000	13150000	9.211874068453158	13145000
chr5	13150000	13160000	6.662991913906493	13155000
chr5	13160000	13170000	3.2070625510863917	13165000
chr5	13170000	13180000	4.311272413783294	13175000
chr5	13180000	13190000	4.284965886103595	13185000
chr5	13190000	13200000	7.6917310780599655	13195000
chr5	13200000	13210000	5.948422559207694	13205000
chr5	13210000	13220000	9.244189541350394	13215000
chr5	13220000	13230000	8.273602957209528	13225000
chr5	13230000	13240000	9.30459773457546	13235000
chr5	13240000	13250000	8.719680357017337	13245000
chr5	13250000	13260000	6.525956793487399	13255000
chr5	13260000	13270000	4.6027396653785155	13265000
chr5	13270000	13280000	5.290047123519312	13275000
chr5	13280000	13290000	6.903522577269368	13285000
chr5	13290000	13300000	8.633603271871715	13295000
chr5	13300000	13310000	6.032042935969935	13305000
chr5	13310000	13320000	7.708307407444955	13315000
chr5	13320000	13330000	6.762978197876254	13325000
chr5	13330000	13340000	6.39071213502255	13335000
chr5	13340000	13350000	7.938859259444883	13345000
chr5	13350000	13360000	8.794237434078292	13355000
chr5	13360000	13370000	7.16550665408248	13365000
chr5	13370000	13380000	4.553295240183432	13375000
chr5	13380000	13390000	3.327708235327352	13385000
chr5	13390000	13400000	4.1124460929959845	13395000
chr5	13400000	13410000	8.423603617534845	13405000
chr5	13410000	13420000	5.230682059140646	13415000
chr5	13420000	13430000	4.461558628169037	13425000
chr5	13430000	13440000	6.534398295661561	13435000
chr5	13440000	13450000	6.071169053224359	13445000
chr5	13450000	13460000	4.961467362199312	13455000
chr5	13460000	13470000	4.122422855452246	13465000
chr5	13470000	13480000	4.542488048515735	13475000
chr5	13480000	13490000	3.955589828287415	13485000
chr5	13490000	13500000	6.813138060854902	13495000
chr5	13500000	13510000	9.365329938993087	13505000
chr5	13510000	13520000	4.4774667429707895	13515000
chr5	13520000	13530000	5.2742813539279245	13525000
chr5	13530000	13540000	5.519162449194205	13535000
chr5	13540000	13550000	4.915080300250016	13545000
chr5	13550000	13560000	6.768652899258339	13555000
chr5	13560000	13570000	7.654371127913728	13565000
chr5	13570000	13580000	7.194136586487208	13575000
chr5	13580000	13590000	4.807715081353451	13585000
chr5	13590000	13600000	7.7638743994648385	13595000
chr5	13600000	13610000	7.159993767653115	13605000
chr5	13610000	13620000	11.536235364607181	13615000
chr5	13620000	13630000	7.1328455755095295	13625000
chr5	13630000	13640000	6.089359039019425	13635000
chr5	13640000	13650000	9.092118141479055	13645000
chr5	13650000	13660000	7.077117153749062	13655000
chr5	13660000	13670000	8.471117718729284	13665000
chr5	13670000	13680000	3.9079635158579404	13675000
chr5	13680000	13690000	4.290227293012781	13685000
chr5	13690000	13700000	5.079443208663496	13695000
chr5	13700000	13710000	2.999692757482986	13705000
chr5	13710000	13720000	3.016925181857526	13715000
chr5	13720000	13730000	2.3727778519142904	13725000
chr5	13730000	13740000	11.80418549091463	13735000
chr5	13740000	13750000	5.932604440902701	13745000
chr5	13750000	13760000	13.695852221046852	13755000
chr5	13760000	13770000	3.4846637566083642	13765000
chr5	13770000	13780000	2.487141301005669	13775000
chr5	13780000	13790000	6.058681596572189	13785000
chr5	13790000	13800000	7.415252935751052	13795000
chr5	13800000	13810000	6.1748125067056305	13805000
chr5	13810000	13820000	4.305538782214539	13815000
chr5	13820000	13830000	3.462833494881779	13825000
chr5	13830000	13840000	5.550026247440183	13835000
chr5	13840000	13850000	6.8672596847078555	13845000
chr5	13850000	13860000	10.050341219016449	13855000
chr5	13860000	13870000	10.941964799750242	13865000
chr5	13870000	13880000	19.832995236506246	13875000
chr5	13880000	13890000	8.141841465424049	13885000
chr5	13890000	13900000	13.928501486612804	13895000
chr5	13900000	13910000	10.693850005737595	13905000
chr5	13910000	13920000	11.770105274302017	13915000
chr5	13920000	13930000	13.146994245000762	13925000
chr5	13930000	13940000	3.8337919862879284	13935000
chr5	13940000	13950000	2.5530233592718443	13945000
chr5	13950000	13960000	7.037184719383732	13955000
chr5	13960000	13970000	7.380520441229211	13965000
chr5	13970000	13980000	9.454057395416841	13975000
chr5	13980000	13990000	12.192873501652047	13985000
chr5	13990000	14000000	9.650198614408998	13995000
chr5	14000000	14010000	14.109288796967888	14005000
chr5	14010000	14020000	13.560923469051856	14015000
chr5	14020000	14030000	8.406522244707434	14025000
chr5	14030000	14040000	5.836879200630203	14035000
chr5	14040000	14050000	3.440190397298355	14045000
chr5	14050000	14060000	6.877386325044017	14055000
chr5	14060000	14070000	6.642706398107586	14065000
chr5	14070000	14080000	5.341181186755398	14075000
chr5	14080000	14090000	14.181040458384716	14085000
chr5	14090000	14100000	10.936581432509751	14095000
chr5	14100000	14110000	12.18143292018139	14105000
chr5	14110000	14120000	10.386383447118476	14115000
chr5	14120000	14130000	8.753366894142102	14125000
chr5	14130000	14140000	13.572052768524678	14135000
chr5	14140000	14150000	8.789313991871614	14145000
chr5	14150000	14160000	14.367707369819298	14155000
chr5	14160000	14170000	8.527052628280792	14165000
chr5	14170000	14180000	6.299200047936234	14175000
chr5	14180000	14190000	7.948958624753945	14185000
chr5	14190000	14200000	12.44393713223839	14195000
chr5	14200000	14210000	11.564311603642036	14205000
chr5	14210000	14220000	6.777289777036083	14215000
chr5	14220000	14230000	13.882199525062578	14225000
chr5	14230000	14240000	14.678295630291748	14235000
chr5	14240000	14250000	13.502936073208888	14245000
chr5	14250000	14260000	10.6104532844346	14255000
chr5	14260000	14270000	17.86536065236395	14265000
chr5	14270000	14280000	9.317822140389943	14275000
chr5	14280000	14290000	7.21144759242365	14285000
chr5	14290000	14300000	4.7952815934338044	14295000
chr5	14300000	14310000	3.3374157665388737	14305000
chr5	14310000	14320000	12.245596292067649	14315000
chr5	14320000	14330000	5.419554725188753	14325000
chr5	14330000	14340000	2.8367786069289247	14335000
chr5	14340000	14350000	5.751466182974238	14345000
chr5	14350000	14360000	4.258258166693534	14355000
chr5	14360000	14370000	6.370908528122919	14365000
chr5	14370000	14380000	5.251580159883574	14375000
chr5	14380000	14390000	4.841675199486978	14385000
chr5	14390000	14400000	2.3705254343045747	14395000
chr5	14400000	14410000	6.741997469654631	14405000
chr5	14410000	14420000	7.432595832674397	14415000
chr5	14420000	14430000	2.285227490206633	14425000
chr5	14430000	14440000	2.8057783780308188	14435000
chr5	14440000	14450000	4.459737326530235	14445000
chr5	14450000	14460000	5.078175514125773	14455000
chr5	14460000	14470000	3.5038807719592167	14465000
chr5	14470000	14480000	3.6630572386439555	14475000
chr5	14480000	14490000	2.689872841438498	14485000
chr5	14490000	14500000	3.903606517305221	14495000
chr5	14500000	14510000	4.401712702266823	14505000
chr5	14510000	14520000	2.9143565764020876	14515000
chr5	14520000	14530000	2.01094289427595	14525000
chr5	14530000	14540000	3.1036555900007103	14535000
chr5	14540000	14550000	1.7843568292735534	14545000
chr5	14550000	14560000	2.087823930185754	14555000
chr5	14560000	14570000	2.9617598518194246	14565000
chr5	14570000	14580000	0.9468365707128253	14575000
chr5	14580000	14590000	1.0008714943543053	14585000
chr5	14590000	14600000	2.1822715496333522	14595000
chr5	14600000	14610000	2.273215842063976	14605000
chr5	14610000	14620000	2.6346598069733727	14615000
chr5	14620000	14630000	3.679042699696046	14625000
chr5	14630000	14640000	3.898555901061383	14635000
chr5	14640000	14650000	2.7693434498827685	14645000
chr5	14650000	14660000	2.0707210058179086	14655000
chr5	14660000	14670000	4.5908340997286246	14665000
chr5	14670000	14680000	5.314956666076108	14675000
chr5	14680000	14690000	5.054223552594502	14685000
chr5	14690000	14700000	3.0777689402393036	14695000
chr5	14700000	14710000	3.7787049547914906	14705000
chr5	14710000	14720000	7.4063774099226025	14715000
chr5	14720000	14730000	4.137404163962816	14725000
chr5	14730000	14740000	13.083255145303403	14735000
chr5	14740000	14750000	2.633695385561928	14745000
chr5	14750000	14760000	1.9896168092593474	14755000
chr5	14760000	14770000	3.5170597501628738	14765000
chr5	14770000	14780000	2.402988994205773	14775000
chr5	14780000	14790000	5.342985749393256	14785000
chr5	14790000	14800000	3.0313166780382925	14795000
chr5	14800000	14810000	33.588209364351215	14805000
chr5	14810000	14820000	3.7938043880433954	14815000
chr5	14820000	14830000	3.442025476719077	14825000
chr5	14830000	14840000	4.178950089765137	14835000
chr5	14840000	14850000	3.1345317544865567	14845000
chr5	14850000	14860000	2.467926113469842	14855000
chr5	14860000	14870000	2.8165905757409995	14865000
chr5	14870000	14880000	3.321116629043896	14875000
chr5	14880000	14890000	1.5875098071163767	14885000
chr5	14890000	14900000	3.420556503021773	14895000
chr5	14900000	14910000	2.8154795106140553	14905000
chr5	14910000	14920000	2.7046113125085522	14915000
chr5	14920000	14930000	3.225748718474661	14925000
chr5	14930000	14940000	4.023698086178715	14935000
chr5	14940000	14950000	3.2041095177431775	14945000
chr5	14950000	14960000	4.683204063047425	14955000
chr5	14960000	14970000	3.3003087662007973	14965000
chr5	14970000	14980000	2.9844693712163615	14975000
chr5	14980000	14990000	3.5588203307614417	14985000
chr5	14990000	15000000	3.1069622907877603	14995000
chr5	15000000	15010000	2.143182869456886	15005000
chr5	15010000	15020000	3.5405968983423914	15015000
chr5	15020000	15030000	2.7665611534094094	15025000
chr5	15030000	15040000	4.235329046550249	15035000
chr5	15040000	15050000	5.801885696226174	15045000
chr5	15050000	15060000	4.505050397482617	15055000
chr5	15060000	15070000	3.0709327388955328	15065000
chr5	15070000	15080000	1.8716000026954136	15075000
chr5	15080000	15090000	2.4886289776858046	15085000
chr5	15090000	15100000	2.9488059867986003	15095000
chr5	15100000	15110000	3.7570246212767775	15105000
chr5	15110000	15120000	3.264396148550637	15115000
chr5	15120000	15130000	2.455002649330156	15125000
chr5	15130000	15140000	2.5200932214033203	15135000
chr5	15140000	15150000	3.0011402058351795	15145000
chr5	15150000	15160000	1.9816814525417823	15155000
chr5	15160000	15170000	4.020233509161784	15165000
chr5	15170000	15180000	5.136863475250367	15175000
chr5	15180000	15190000	3.6791246005016007	15185000
chr5	15190000	15200000	3.0462204736297767	15195000
chr5	15200000	15210000	2.7520034800578466	15205000
chr5	15210000	15220000	3.301326002684877	15215000
chr5	15220000	15230000	4.250231496296153	15225000
chr5	15230000	15240000	9.131745518039924	15235000
chr5	15240000	15250000	4.224333186684246	15245000
chr5	15250000	15260000	2.697089468511741	15255000
chr5	15260000	15270000	3.3188252468192863	15265000
chr5	15270000	15280000	3.2851974237675505	15275000
chr5	15280000	15290000	3.288627822861814	15285000
chr5	15290000	15300000	3.748841473038538	15295000
chr5	15300000	15310000	3.5416391266173224	15305000
chr5	15310000	15320000	3.516347217374204	15315000
chr5	15320000	15330000	3.4284443229058352	15325000
chr5	15330000	15340000	3.0994210851193666	15335000
chr5	15340000	15350000	3.0801102159935754	15345000
chr5	15350000	15360000	3.2696974303619797	15355000
chr5	15360000	15370000	2.709649031939091	15365000
chr5	15370000	15380000	3.565983498774307	15375000
chr5	15380000	15390000	2.548718659327492	15385000
chr5	15390000	15400000	4.460034026056415	15395000
chr5	15400000	15410000	3.332650258867854	15405000
chr5	15410000	15420000	2.283427666445277	15415000
chr5	15420000	15430000	2.239488909482708	15425000
chr5	15430000	15440000	2.06792832229986	15435000
chr5	15440000	15450000	3.6895844670978493	15445000
chr5	15450000	15460000	4.01037483363301	15455000
chr5	15460000	15470000	4.134302809081003	15465000
chr5	15470000	15480000	3.49974952536299	15475000
chr5	15480000	15490000	3.3382127828368535	15485000
chr5	15490000	15500000	3.10888656104946	15495000
chr5	15500000	15510000	3.2023166301528723	15505000
chr5	15510000	15520000	4.044040736960143	15515000
chr5	15520000	15530000	3.8237424903298525	15525000
chr5	15530000	15540000	4.5501301037320605	15535000
chr5	15540000	15550000	3.1807117187511453	15545000
chr5	15550000	15560000	4.700874012888215	15555000
chr5	15560000	15570000	3.6141412749667454	15565000
chr5	15570000	15580000	5.51699243154966	15575000
chr5	15580000	15590000	5.216787836367128	15585000
chr5	15590000	15600000	5.1162102939785346	15595000
chr5	15600000	15610000	4.413724266788582	15605000
chr5	15610000	15620000	4.037715014031563	15615000
chr5	15620000	15630000	3.433575883100517	15625000
chr5	15630000	15640000	5.066048821769311	15635000
chr5	15640000	15650000	3.4839944991126908	15645000
chr5	15650000	15660000	2.7522002310818117	15655000
chr5	15660000	15670000	31.904702832921497	15665000
chr5	15670000	15680000	15.874400510742106	15675000
chr5	15680000	15690000	1.9151884213870087	15685000
chr5	15690000	15700000	5.932830243638226	15695000
chr5	15700000	15710000	6.168843857970814	15705000
chr5	15710000	15720000	10.649156679270716	15715000
chr5	15720000	15730000	4.049040179564614	15725000
chr5	15730000	15740000	3.500448195608748	15735000
chr5	15740000	15750000	3.5650629440572303	15745000
chr5	15750000	15760000	4.067466308508724	15755000
chr5	15760000	15770000	3.9339102036836824	15765000
chr5	15770000	15780000	2.3218504263817636	15775000
chr5	15780000	15790000	2.533146640080685	15785000
chr5	15790000	15800000	1.3804800952853773	15795000
chr5	15800000	15810000	41.43316174656979	15805000
chr5	15810000	15820000	2.727070641932987	15815000
chr5	15820000	15830000	5.866709721697987	15825000
chr5	15830000	15840000	2.28354439495246	15835000
chr5	15840000	15850000	3.3143679127130805	15845000
chr5	15850000	15860000	2.97923953909638	15855000
chr5	15860000	15870000	1.3220903748955317	15865000
chr5	15870000	15880000	3.508329161901013	15875000
chr5	15880000	15890000	4.484497713834815	15885000
chr5	15890000	15900000	4.489855549776497	15895000
chr5	15900000	15910000	5.7294650633382025	15905000
chr5	15910000	15920000	6.340277983666824	15915000
chr5	15920000	15930000	5.862953897970238	15925000
chr5	15930000	15940000	4.622840501359929	15935000
chr5	15940000	15950000	4.54513678359384	15945000
chr5	15950000	15960000	5.431622367223665	15955000
chr5	15960000	15970000	7.430620032372115	15965000
chr5	15970000	15980000	6.279576873390622	15975000
chr5	15980000	15990000	4.307996376488319	15985000
chr5	15990000	16000000	4.511395747409377	15995000
chr5	16000000	16010000	4.838481466324503	16005000
chr5	16010000	16020000	3.351221693002422	16015000
chr5	16020000	16030000	4.039545670527421	16025000
chr5	16030000	16040000	27.77469538353346	16035000
chr5	16040000	16050000	15.427641464050946	16045000
chr5	16050000	16060000	1.8386089074159182	16055000
chr5	16060000	16070000	3.509128700587216	16065000
chr5	16070000	16080000	3.893824351045871	16075000
chr5	16080000	16090000	2.6235702308323394	16085000
chr5	16090000	16100000	4.544460085592061	16095000
chr5	16100000	16110000	4.273526953165291	16105000
chr5	16110000	16120000	4.4635175678255194	16115000
chr5	16120000	16130000	5.044751440875278	16125000
chr5	16130000	16140000	3.5102167245289806	16135000
chr5	16140000	16150000	7.960821087722226	16145000
chr5	16150000	16160000	3.9561593707640603	16155000
chr5	16160000	16170000	2.093723191188012	16165000
chr5	16170000	16180000	5.21483016860315	16175000
chr5	16180000	16190000	7.207550993475801	16185000
chr5	16190000	16200000	6.376139996422762	16195000
chr5	16200000	16210000	8.734270085355272	16205000
chr5	16210000	16220000	17.363027284368403	16215000
chr5	16220000	16230000	2.466245146432673	16225000
chr5	16230000	16240000	2.9384624564320707	16235000
chr5	16240000	16250000	5.175076126138572	16245000
chr5	16250000	16260000	2.2054823722448744	16255000
chr5	16260000	16270000	2.687185079767628	16265000
chr5	16270000	16280000	5.319440223052719	16275000
chr5	16280000	16290000	7.688529171442452	16285000
chr5	16290000	16300000	5.555807526664705	16295000
chr5	16300000	16310000	4.450621447573894	16305000
chr5	16310000	16320000	3.6124154941420126	16315000
chr5	16320000	16330000	5.472007442462844	16325000
chr5	16330000	16340000	5.420115473366864	16335000
chr5	16340000	16350000	6.453767726275035	16345000
chr5	16350000	16360000	5.023607443937951	16355000
chr5	16360000	16370000	7.577832229918944	16365000
chr5	16370000	16380000	6.197346901247685	16375000
chr5	16380000	16390000	4.51775469863898	16385000
chr5	16390000	16400000	4.884125253418815	16395000
chr5	16400000	16410000	6.632520340516024	16405000
chr5	16410000	16420000	6.2869286403209905	16415000
chr5	16420000	16430000	7.319946502820645	16425000
chr5	16430000	16440000	6.5149967323255815	16435000
chr5	16440000	16450000	9.306095272189804	16445000
chr5	16450000	16460000	6.975003104182986	16455000
chr5	16460000	16470000	13.626328393254497	16465000
chr5	16470000	16480000	9.802149412007312	16475000
chr5	16480000	16490000	10.226205289471459	16485000
chr5	16490000	16500000	11.745269836364283	16495000
chr5	16500000	16510000	5.657345576161261	16505000
chr5	16510000	16520000	4.880243714556459	16515000
chr5	16520000	16530000	11.130244740321864	16525000
chr5	16530000	16540000	10.974962479905296	16535000
chr5	16540000	16550000	3.8827666021534086	16545000
chr5	16550000	16560000	3.305289152646714	16555000
chr5	16560000	16570000	4.605956124707718	16565000
chr5	16570000	16580000	0.6983162971414166	16575000
chr5	16580000	16590000	4.531436898382361	16585000
chr5	16590000	16600000	1.2286533361092	16595000
chr5	16600000	16610000	1.6058179826274688	16605000
chr5	16610000	16620000	5.383647487722549	16615000
chr5	16620000	16630000	4.7272352848219015	16625000
chr5	16630000	16640000	3.2336757247349586	16635000
chr5	16640000	16650000	4.915526402069811	16645000
chr5	16650000	16660000	3.5087165054152822	16655000
chr5	16660000	16670000	5.443152133557513	16665000
chr5	16670000	16680000	4.848934661649721	16675000
chr5	16680000	16690000	3.2408770309734347	16685000
chr5	16690000	16700000	3.1653307046664	16695000
chr5	16700000	16710000	8.917162443469627	16705000
chr5	16710000	16720000	4.342844942705318	16715000
chr5	16720000	16730000	2.7643016443279853	16725000
chr5	16730000	16740000	3.236839423909032	16735000
chr5	16740000	16750000	4.59684978881463	16745000
chr5	16750000	16760000	3.4449274303491033	16755000
chr5	16760000	16770000	5.185601047731715	16765000
chr5	16770000	16780000	16.626499522376076	16775000
chr5	16780000	16790000	11.340155405402927	16785000
chr5	16790000	16800000	7.686382325887963	16795000
chr5	16800000	16810000	9.1870213657588	16805000
chr5	16810000	16820000	11.722152310576787	16815000
chr5	16820000	16830000	10.042302316745607	16825000
chr5	16830000	16840000	8.718198858302491	16835000
chr5	16840000	16850000	8.520294949116723	16845000
chr5	16850000	16860000	5.875924672544958	16855000
chr5	16860000	16870000	5.281913929033089	16865000
chr5	16870000	16880000	5.926177044745517	16875000
chr5	16880000	16890000	9.219586537830663	16885000
chr5	16890000	16900000	8.168171816427602	16895000
chr5	16900000	16910000	6.308591044042986	16905000
chr5	16910000	16920000	7.553420400358246	16915000
chr5	16920000	16930000	6.833076350436298	16925000
chr5	16930000	16940000	7.909134580338009	16935000
chr5	16940000	16950000	7.519116046542277	16945000
chr5	16950000	16960000	7.860716354172454	16955000
chr5	16960000	16970000	6.613554688395433	16965000
chr5	16970000	16980000	6.040039041722746	16975000
chr5	16980000	16990000	2.5587829155921624	16985000
chr5	16990000	17000000	5.033082341883571	16995000
chr5	17000000	17010000	6.822897221364028	17005000
chr5	17010000	17020000	4.48878324266871	17015000
chr5	17020000	17030000	4.421312301011337	17025000
chr5	17030000	17040000	2.4312713278479885	17035000
chr5	17040000	17050000	2.393537847866145	17045000
chr5	17050000	17060000	2.7082712754652856	17055000
chr5	17060000	17070000	2.8165875380175485	17065000
chr5	17070000	17080000	1.9456216797006258	17075000
chr5	17080000	17090000	1.8024994616335797	17085000
chr5	17090000	17100000	1.2864068284877375	17095000
chr5	17100000	17110000	1.7080242479120795	17105000
chr5	17110000	17120000	2.869803267370195	17115000
chr5	17120000	17130000	9.386716901661618	17125000
chr5	17130000	17140000	2.1983865183402256	17135000
chr5	17140000	17150000	1.513662300973903	17145000
chr5	17150000	17160000	4.202919301498843	17155000
chr5	17160000	17170000	2.238344730889986	17165000
chr5	17170000	17180000	2.116883921427462	17175000
chr5	17180000	17190000	1.2344066251200307	17185000
chr5	17190000	17200000	3.8428586680033083	17195000
chr5	17200000	17210000	3.8037114277230484	17205000
chr5	17210000	17220000	5.409615525080846	17215000
chr5	17220000	17230000	4.328196495537065	17225000
chr5	17230000	17240000	6.068487504883767	17235000
chr5	17240000	17250000	1.7200908039126026	17245000
chr5	17250000	17260000	1.3945120057099138	17255000
chr5	17260000	17270000	1.2296923354163194	17265000
chr5	17270000	17280000	3.191434849034049	17275000
chr5	17280000	17290000	4.422538076054121	17285000
chr5	17290000	17300000	5.912266991172538	17295000
chr5	17300000	17310000	1.4253705279706421	17305000
chr5	17310000	17320000	3.264198803020497	17315000
chr5	17320000	17330000	7.4216096446503705	17325000
chr5	17330000	17340000	2.018790171568318	17335000
chr5	17340000	17350000	1.7548971230037917	17345000
chr5	17350000	17360000	5.084801840444724	17355000
chr5	17360000	17370000	2.9262838709450922	17365000
chr5	17370000	17380000	9.158246470593225	17375000
chr5	17380000	17390000	4.589977212059422	17385000
chr5	17390000	17400000	3.161963157967691	17395000
chr5	17400000	17410000	2.9807666384407057	17405000
chr5	17410000	17420000	2.825549274355992	17415000
chr5	17420000	17430000	8.65245844313222	17425000
chr5	17430000	17440000	2.9205188969283644	17435000
chr5	17440000	17450000	2.44870573228392	17445000
chr5	17450000	17460000	3.762837749923608	17455000
chr5	17460000	17470000	4.82167600881488	17465000
chr5	17470000	17480000	5.8801100278665865	17475000
chr5	17480000	17490000	5.79124892975995	17485000
chr5	17490000	17500000	6.1151932588464835	17495000
chr5	17500000	17510000	5.726096755656898	17505000
chr5	17510000	17520000	6.317504892373234	17515000
chr5	17520000	17530000	6.501000291665855	17525000
chr5	17530000	17540000	5.498767115939108	17535000
chr5	17540000	17550000	5.234754693105539	17545000
chr5	17550000	17560000	3.583778994625695	17555000
chr5	17560000	17570000	3.4491083554516755	17565000
chr5	17570000	17580000	3.8125967006789923	17575000
chr5	17580000	17590000	4.614861265055188	17585000
chr5	17590000	17600000	4.256152691779256	17595000
chr5	17600000	17610000	3.566326933309779	17605000
chr5	17610000	17620000	3.41410224542372	17615000
chr5	17620000	17630000	3.826015216219343	17625000
chr5	17630000	17640000	2.145666687441755	17635000
chr5	17640000	17650000	2.9867832034547863	17645000
chr5	17650000	17660000	3.73396695962711	17655000
chr5	17660000	17670000	2.1106624898349797	17665000
chr5	17670000	17680000	1.6021031264427068	17675000
chr5	17680000	17690000	1.7027532727146648	17685000
chr5	17690000	17700000	2.561084797761362	17695000
chr5	17700000	17710000	2.9581577217860366	17705000
chr5	17710000	17720000	9.872878268368728	17715000
chr5	17720000	17730000	2.785735788314632	17725000
chr5	17730000	17740000	7.936878779943916	17735000
chr5	17740000	17750000	5.523922666790867	17745000
chr5	17750000	17760000	1.8952572206993665	17755000
chr5	17760000	17770000	8.176292388681476	17765000
chr5	17770000	17780000	2.5911412613937	17775000
chr5	17780000	17790000	2.1049397433290795	17785000
chr5	17790000	17800000	3.351283127041487	17795000
chr5	17800000	17810000	2.0787848155654562	17805000
chr5	17810000	17820000	3.126574839065218	17815000
chr5	17820000	17830000	6.7363296744499825	17825000
chr5	17830000	17840000	4.77369542745639	17835000
chr5	17840000	17850000	4.161009891079422	17845000
chr5	17850000	17860000	8.087736501342679	17855000
chr5	17860000	17870000	3.4141977273096566	17865000
chr5	17870000	17880000	9.736334177058524	17875000
chr5	17880000	17890000	2.24596164576302	17885000
chr5	17890000	17900000	6.160627196160801	17895000
chr5	17900000	17910000	3.4571519752842037	17905000
chr5	17910000	17920000	2.1694045554555803	17915000
chr5	17920000	17930000	3.9786907272312946	17925000
chr5	17930000	17940000	2.1470989490468373	17935000
chr5	17940000	17950000	1.663952122312692	17945000
chr5	17950000	17960000	1.9374791805225011	17955000
chr5	17960000	17970000	1.9663794762419962	17965000
chr5	17970000	17980000	1.183098358135563	17975000
chr5	17980000	17990000	2.0831342557954295	17985000
chr5	17990000	18000000	1.5005784640833824	17995000
chr5	18000000	18010000	1.5806722108246878	18005000
chr5	18010000	18020000	2.0034716374724097	18015000
chr5	18020000	18030000	4.134757388242445	18025000
chr5	18030000	18040000	5.26576894480123	18035000
chr5	18040000	18050000	3.9301072231204595	18045000
chr5	18050000	18060000	4.27465206310305	18055000
chr5	18060000	18070000	3.7232585567703174	18065000
chr5	18070000	18080000	1.7454661835304637	18075000
chr5	18080000	18090000	3.5549318711856404	18085000
chr5	18090000	18100000	1.9269920502963713	18095000
chr5	18100000	18110000	1.44723855161416	18105000
chr5	18110000	18120000	1.573122608343156	18115000
chr5	18120000	18130000	2.341372394891514	18125000
chr5	18130000	18140000	1.660312020239257	18135000
chr5	18140000	18150000	2.0003469555273936	18145000
chr5	18150000	18160000	2.2293373490562747	18155000
chr5	18160000	18170000	3.049197083477627	18165000
chr5	18170000	18180000	2.413228440380655	18175000
chr5	18180000	18190000	1.123189645549431	18185000
chr5	18190000	18200000	1.5275576497196472	18195000
chr5	18200000	18210000	2.7657510273413366	18205000
chr5	18210000	18220000	1.6116612828509866	18215000
chr5	18220000	18230000	2.2614644051147827	18225000
chr5	18230000	18240000	1.8264088203760107	18235000
chr5	18240000	18250000	1.9879846653596867	18245000
chr5	18250000	18260000	2.110129781559876	18255000
chr5	18260000	18270000	4.6335681583525306	18265000
chr5	18270000	18280000	3.141440225521356	18275000
chr5	18280000	18290000	2.8888887925664712	18285000
chr5	18290000	18300000	0.9886289276497187	18295000
chr5	18300000	18310000	3.910890482519813	18305000
chr5	18310000	18320000	1.9996888317451256	18315000
chr5	18320000	18330000	1.184698715996444	18325000
chr5	18330000	18340000	1.307913891202985	18335000
chr5	18340000	18350000	1.1637414841694973	18345000
chr5	18350000	18360000	1.0783157023185301	18355000
chr5	18360000	18370000	1.509455409092359	18365000
chr5	18370000	18380000	1.7097522272330286	18375000
chr5	18380000	18390000	3.501826178267265	18385000
chr5	18390000	18400000	5.357708035610309	18395000
chr5	18400000	18410000	3.49957133048002	18405000
chr5	18410000	18420000	2.2100979005103936	18415000
chr5	18420000	18430000	3.1255997886038496	18425000
chr5	18430000	18440000	1.9494828471611445	18435000
chr5	18440000	18450000	3.7394806910052094	18445000
chr5	18450000	18460000	2.540212872132404	18455000
chr5	18460000	18470000	2.734682239711824	18465000
chr5	18470000	18480000	1.2804977860598659	18475000
chr5	18480000	18490000	1.8080579134128492	18485000
chr5	18490000	18500000	0.815546960500182	18495000
chr5	18500000	18510000	0.6036808801695922	18505000
chr5	18510000	18520000	0.8722288472718256	18515000
chr5	18520000	18530000	1.8315985411255524	18525000
chr5	18530000	18540000	2.5065619679796574	18535000
chr5	18540000	18550000	2.2345081591218308	18545000
chr5	18550000	18560000	1.7523116633028477	18555000
chr5	18560000	18570000	3.419287944633499	18565000
chr5	18570000	18580000	1.2071427010011189	18575000
chr5	18580000	18590000	0.8388003662702712	18585000
chr5	18590000	18600000	0.9487100832811727	18595000
chr5	18600000	18610000	1.52647061837108	18605000
chr5	18610000	18620000	1.560606729050232	18615000
chr5	18620000	18630000	1.6307622712684917	18625000
chr5	18630000	18640000	2.100107162560577	18635000
chr5	18640000	18650000	1.7266033770347107	18645000
chr5	18650000	18660000	1.6868282911646473	18655000
chr5	18660000	18670000	3.894082769707619	18665000
chr5	18670000	18680000	1.773445710154439	18675000
chr5	18680000	18690000	1.4160831807012828	18685000
chr5	18690000	18700000	1.538037397582564	18695000
chr5	18700000	18710000	2.074023043868973	18705000
chr5	18710000	18720000	2.62971619204273	18715000
chr5	18720000	18730000	2.4444384942821737	18725000
chr5	18730000	18740000	1.8205001726861505	18735000
chr5	18740000	18750000	1.6886364381823251	18745000
chr5	18750000	18760000	1.0972132497591072	18755000
chr5	18760000	18770000	1.8922292563451708	18765000
chr5	18770000	18780000	2.997788592828768	18775000
chr5	18780000	18790000	2.2638429679184413	18785000
chr5	18790000	18800000	0.9557645264347089	18795000
chr5	18800000	18810000	2.9834551477419216	18805000
chr5	18810000	18820000	4.9480253800603515	18815000
chr5	18820000	18830000	3.0338665379356513	18825000
chr5	18830000	18840000	1.4262107981637493	18835000
chr5	18840000	18850000	1.4905411905932326	18845000
chr5	18850000	18860000	2.530145853145126	18855000
chr5	18860000	18870000	1.5319432415697671	18865000
chr5	18870000	18880000	1.4427280913944074	18875000
chr5	18880000	18890000	1.7000901411613718	18885000
chr5	18890000	18900000	4.176920566906936	18895000
chr5	18900000	18910000	3.902111228129213	18905000
chr5	18910000	18920000	3.5466225843660384	18915000
chr5	18920000	18930000	9.498029491719386	18925000
chr5	18930000	18940000	14.146926133623635	18935000
chr5	18940000	18950000	5.124979056754436	18945000
chr5	18950000	18960000	4.7222586026453435	18955000
chr5	18960000	18970000	4.20473787332468	18965000
chr5	18970000	18980000	2.516760524856178	18975000
chr5	18980000	18990000	0.9973119038526482	18985000
chr5	18990000	19000000	1.3238453062012472	18995000
chr5	19000000	19010000	3.1324084310604112	19005000
chr5	19010000	19020000	3.544863673817561	19015000
chr5	19020000	19030000	1.7191111567653956	19025000
chr5	19030000	19040000	1.0944364169468592	19035000
chr5	19040000	19050000	2.0489985719707793	19045000
chr5	19050000	19060000	3.640808720569316	19055000
chr5	19060000	19070000	1.7078123699514	19065000
chr5	19070000	19080000	2.8192206326881455	19075000
chr5	19080000	19090000	3.0979016720526125	19085000
chr5	19090000	19100000	2.583832566106363	19095000
chr5	19100000	19110000	1.5619441569898647	19105000
chr5	19110000	19120000	1.1179877137085783	19115000
chr5	19120000	19130000	1.2800517531612479	19125000
chr5	19130000	19140000	0.8941408483043153	19135000
chr5	19140000	19150000	1.3586999894344072	19145000
chr5	19150000	19160000	1.1864597522254132	19155000
chr5	19160000	19170000	1.8545432383558504	19165000
chr5	19170000	19180000	2.8902867205781533	19175000
chr5	19180000	19190000	1.4184466077940794	19185000
chr5	19190000	19200000	1.1025952517857005	19195000
chr5	19200000	19210000	2.019537963930729	19205000
chr5	19210000	19220000	1.6290256358751953	19215000
chr5	19220000	19230000	2.1651512495859966	19225000
chr5	19230000	19240000	1.4716542058068078	19235000
chr5	19240000	19250000	2.072787066150789	19245000
chr5	19250000	19260000	2.039671382486424	19255000
chr5	19260000	19270000	2.0074041824344304	19265000
chr5	19270000	19280000	3.9664263181255275	19275000
chr5	19280000	19290000	3.528966629233463	19285000
chr5	19290000	19300000	2.034110116282461	19295000
chr5	19300000	19310000	0.892292863660605	19305000
chr5	19310000	19320000	3.623286548734067	19315000
chr5	19320000	19330000	2.3074635268807824	19325000
chr5	19330000	19340000	1.6417986827157505	19335000
chr5	19340000	19350000	2.0399113184203395	19345000
chr5	19350000	19360000	3.1789065876562015	19355000
chr5	19360000	19370000	4.236030226543125	19365000
chr5	19370000	19380000	3.478541403766915	19375000
chr5	19380000	19390000	2.7064274449146914	19385000
chr5	19390000	19400000	3.0499855701197958	19395000
chr5	19400000	19410000	2.1669012516021566	19405000
chr5	19410000	19420000	0.8052744410301977	19415000
chr5	19420000	19430000	2.3203948988360628	19425000
chr5	19430000	19440000	3.7043489114241837	19435000
chr5	19440000	19450000	3.022952196297473	19445000
chr5	19450000	19460000	4.52350459282496	19455000
chr5	19460000	19470000	2.2723054156372435	19465000
chr5	19470000	19480000	2.961616544472262	19475000
chr5	19480000	19490000	3.827741758255805	19485000
chr5	19490000	19500000	1.7775383557048197	19495000
chr5	19500000	19510000	2.6139503154066532	19505000
chr5	19510000	19520000	1.9625830660901444	19515000
chr5	19520000	19530000	3.94277843547415	19525000
chr5	19530000	19540000	5.064276101906817	19535000
chr5	19540000	19550000	21.86903807709126	19545000
chr5	19550000	19560000	17.771852141223786	19555000
chr5	19560000	19570000	4.468043605785663	19565000
chr5	19570000	19580000	3.121192227726659	19575000
chr5	19580000	19590000	3.2489271234925923	19585000
chr5	19590000	19600000	3.4501054137744007	19595000
chr5	19600000	19610000	1.2131477618889193	19605000
chr5	19610000	19620000	1.4527412860818667	19615000
chr5	19620000	19630000	1.848293012728295	19625000
chr5	19630000	19640000	2.201273199684868	19635000
chr5	19640000	19650000	1.7562101158619587	19645000
chr5	19650000	19660000	3.6946520840831547	19655000
chr5	19660000	19670000	2.778560517250156	19665000
chr5	19670000	19680000	2.3762757312521456	19675000
chr5	19680000	19690000	9.952667536341854	19685000
chr5	19690000	19700000	9.827663286626263	19695000
chr5	19700000	19710000	4.3622899254118765	19705000
chr5	19710000	19720000	3.232093473422866	19715000
chr5	19720000	19730000	4.534647504637608	19725000
chr5	19730000	19740000	13.094416141605898	19735000
chr5	19740000	19750000	9.617758933091181	19745000
chr5	19750000	19760000	8.75892809397353	19755000
chr5	19760000	19770000	2.46395461029857	19765000
chr5	19770000	19780000	1.5211140712137445	19775000
chr5	19780000	19790000	2.926690487355042	19785000
chr5	19790000	19800000	1.8709751002737076	19795000
chr5	19800000	19810000	4.713959660299686	19805000
chr5	19810000	19820000	6.09174546522805	19815000
chr5	19820000	19830000	9.901155597288913	19825000
chr5	19830000	19840000	9.049216662468856	19835000
chr5	19840000	19850000	9.838450938004604	19845000
chr5	19850000	19860000	14.267595113844559	19855000
chr5	19860000	19870000	19.073984811137443	19865000
chr5	19870000	19880000	7.673209175006781	19875000
chr5	19880000	19890000	12.534445632273295	19885000
chr5	19890000	19900000	8.761305753050431	19895000
chr5	19900000	19910000	8.847396672750536	19905000
chr5	19910000	19920000	9.448709057687157	19915000
chr5	19920000	19930000	10.58317515197067	19925000
chr5	19930000	19940000	9.202056064431227	19935000
chr5	19940000	19950000	6.83331559684742	19945000
chr5	19950000	19960000	5.473500583114968	19955000
chr5	19960000	19970000	10.31384772276818	19965000
chr5	19970000	19980000	11.384555323963198	19975000
chr5	19980000	19990000	8.827002970814114	19985000
chr5	19990000	20000000	7.590486540098817	19995000
chr5	20000000	20010000	6.866263509686797	20005000
chr5	20010000	20020000	10.558249595596392	20015000
chr5	20020000	20030000	10.04556044043733	20025000
chr5	20030000	20040000	16.564960792030828	20035000
chr5	20040000	20050000	24.80853474206226	20045000
chr5	20050000	20060000	5.156825170785619	20055000
chr5	20060000	20070000	7.044867889449243	20065000
chr5	20070000	20080000	8.009592504843216	20075000
chr5	20080000	20090000	4.784383228013846	20085000
chr5	20090000	20100000	12.363726494380188	20095000
chr5	20100000	20110000	9.359518701622711	20105000
chr5	20110000	20120000	18.748321801388787	20115000
chr5	20120000	20130000	5.577972298530382	20125000
chr5	20130000	20140000	7.160985662026896	20135000
chr5	20140000	20150000	10.574394487715471	20145000
chr5	20150000	20160000	9.351190591798904	20155000
chr5	20160000	20170000	3.4741872654826937	20165000
chr5	20170000	20180000	3.5295677381687836	20175000
chr5	20180000	20190000	6.497174211617654	20185000
chr5	20190000	20200000	4.352441516733182	20195000
chr5	20200000	20210000	9.65726279742029	20205000
chr5	20210000	20220000	5.959081313838119	20215000
chr5	20220000	20230000	7.42626934586334	20225000
chr5	20230000	20240000	8.027698736972058	20235000
chr5	20240000	20250000	8.32002478652472	20245000
chr5	20250000	20260000	14.265408914109983	20255000
chr5	20260000	20270000	10.748957233285207	20265000
chr5	20270000	20280000	14.684386959402175	20275000
chr5	20280000	20290000	11.100203581635462	20285000
chr5	20290000	20300000	9.140164256988744	20295000
chr5	20300000	20310000	15.990214496274747	20305000
chr5	20310000	20320000	10.632200132904913	20315000
chr5	20320000	20330000	10.497395123705731	20325000
chr5	20330000	20340000	3.875426989577203	20335000
chr5	20340000	20350000	10.199257795613367	20345000
chr5	20350000	20360000	3.5020706212298305	20355000
chr5	20360000	20370000	3.662381138688419	20365000
chr5	20370000	20380000	4.3120081006175415	20375000
chr5	20380000	20390000	9.299761281584251	20385000
chr5	20390000	20400000	15.224777175524043	20395000
chr5	20400000	20410000	5.579028798143361	20405000
chr5	20410000	20420000	8.309178325617866	20415000
chr5	20420000	20430000	8.557596714462711	20425000
chr5	20430000	20440000	14.191492983621877	20435000
chr5	20440000	20450000	5.776655006957789	20445000
chr5	20450000	20460000	4.386326960996162	20455000
chr5	20460000	20470000	4.391736167825698	20465000
chr5	20470000	20480000	5.503175643817672	20475000
chr5	20480000	20490000	1.8346279808166779	20485000
chr5	20490000	20500000	2.9124031802359385	20495000
chr5	20500000	20510000	3.245094568589044	20505000
chr5	20510000	20520000	5.237364399718581	20515000
chr5	20520000	20530000	3.991420250837349	20525000
chr5	20530000	20540000	2.2804833508481828	20535000
chr5	20540000	20550000	4.113487817816604	20545000
chr5	20550000	20560000	3.270679140747909	20555000
chr5	20560000	20570000	3.1130765098553073	20565000
chr5	20570000	20580000	5.516423373631121	20575000
chr5	20580000	20590000	5.42225244533069	20585000
chr5	20590000	20600000	2.8881834414194354	20595000
chr5	20600000	20610000	5.111878041107412	20605000
chr5	20610000	20620000	2.0592169147626898	20615000
chr5	20620000	20630000	3.6287473307218194	20625000
chr5	20630000	20640000	4.5030571791657	20635000
chr5	20640000	20650000	8.845237969984522	20645000
chr5	20650000	20660000	6.160218009212212	20655000
chr5	20660000	20670000	2.437429112501961	20665000
chr5	20670000	20680000	7.812850203623118	20675000
chr5	20680000	20690000	7.3013678398473	20685000
chr5	20690000	20700000	2.4160544204076757	20695000
chr5	20700000	20710000	2.2059310933024556	20705000
chr5	20710000	20720000	1.7782634996276732	20715000
chr5	20720000	20730000	2.395666346269653	20725000
chr5	20730000	20740000	2.4224956995047036	20735000
chr5	20740000	20750000	2.2050161814933738	20745000
chr5	20750000	20760000	3.8301671621697397	20755000
chr5	20760000	20770000	3.443651671475827	20765000
chr5	20770000	20780000	6.650410236511383	20775000
chr5	20780000	20790000	5.670729315688591	20785000
chr5	20790000	20800000	6.535339121661282	20795000
chr5	20800000	20810000	17.00105519714708	20805000
chr5	20810000	20820000	21.70108836164582	20815000
chr5	20820000	20830000	19.62365170512617	20825000
chr5	20830000	20840000	8.370871488614709	20835000
chr5	20840000	20850000	11.004437559978019	20845000
chr5	20850000	20860000	9.57482487498194	20855000
chr5	20860000	20870000	10.453394510467845	20865000
chr5	20870000	20880000	10.762990949345923	20875000
chr5	20880000	20890000	14.487628685078516	20885000
chr5	20890000	20900000	13.574228443836061	20895000
chr5	20900000	20910000	11.803827744794045	20905000
chr5	20910000	20920000	13.930063829866649	20915000
chr5	20920000	20930000	12.897351914899149	20925000
chr5	20930000	20940000	9.629426942479224	20935000
chr5	20940000	20950000	13.848812237122086	20945000
chr5	20950000	20960000	13.951839991298193	20955000
chr5	20960000	20970000	15.938183013402192	20965000
chr5	20970000	20980000	11.002759844393946	20975000
chr5	20980000	20990000	16.625399930627985	20985000
chr5	20990000	21000000	18.060892658107388	20995000
chr5	21000000	21010000	14.717109826116781	21005000
chr5	21010000	21020000	14.474781308173801	21015000
chr5	21020000	21030000	14.007432983590688	21025000
chr5	21030000	21040000	12.741180598949	21035000
chr5	21040000	21050000	11.768710245158347	21045000
chr5	21050000	21060000	11.02421967480405	21055000
chr5	21060000	21070000	33.7102272750392	21065000
chr5	21070000	21080000	8.938476258372534	21075000
chr5	21080000	21090000	6.979697258237289	21085000
chr5	21090000	21100000	9.936814873220213	21095000
chr5	21100000	21110000	16.160186854302037	21105000
chr5	21110000	21120000	10.784575287251803	21115000
chr5	21120000	21130000	7.82248630351488	21125000
chr5	21130000	21140000	8.344259439132369	21135000
chr5	21140000	21150000	7.894646725244464	21145000
chr5	21150000	21160000	16.794175296413815	21155000
chr5	21160000	21170000	9.042340812975175	21165000
chr5	21170000	21180000	9.36678934301311	21175000
chr5	21180000	21190000	11.321542701108068	21185000
chr5	21190000	21200000	9.269776705117234	21195000
chr5	21200000	21210000	10.901959754239028	21205000
chr5	21210000	21220000	12.206683766139664	21215000
chr5	21220000	21230000	9.045347146178072	21225000
chr5	21230000	21240000	11.021724336437444	21235000
chr5	21240000	21250000	11.099959918298591	21245000
chr5	21250000	21260000	12.080181944817673	21255000
chr5	21260000	21270000	15.720834144310935	21265000
chr5	21270000	21280000	17.446915634600984	21275000
chr5	21280000	21290000	17.767267448291555	21285000
chr5	21290000	21300000	11.298187663492547	21295000
chr5	21300000	21310000	8.033905244013363	21305000
chr5	21310000	21320000	11.84906193569578	21315000
chr5	21320000	21330000	17.20015487011219	21325000
chr5	21330000	21340000	13.793945436678642	21335000
chr5	21340000	21350000	13.328508822197174	21345000
chr5	21350000	21360000	11.929696654601448	21355000
chr5	21360000	21370000	12.9873146034176	21365000
chr5	21370000	21380000	12.25620017830047	21375000
chr5	21380000	21390000	13.25970110047247	21385000
chr5	21390000	21400000	11.38343323460708	21395000
chr5	21400000	21410000	10.661675723880077	21405000
chr5	21410000	21420000	11.933127278605046	21415000
chr5	21420000	21430000	15.61801958248062	21425000
chr5	21430000	21440000	13.747617570997429	21435000
chr5	21440000	21450000	12.504296527194363	21445000
chr5	21450000	21460000	13.198359620472235	21455000
chr5	21460000	21470000	11.615496153886722	21465000
chr5	21470000	21480000	12.758615919981004	21475000
chr5	21480000	21490000	13.618864659607338	21485000
chr5	21490000	21500000	15.119543446216165	21495000
chr5	21500000	21510000	14.258516789255397	21505000
chr5	21510000	21520000	17.803315411051333	21515000
chr5	21520000	21530000	16.87943462012463	21525000
chr5	21530000	21540000	14.808330848102731	21535000
chr5	21540000	21550000	15.743120565036197	21545000
chr5	21550000	21560000	20.40451740245025	21555000
chr5	21560000	21570000	21.983451761441206	21565000
chr5	21570000	21580000	22.805518126793157	21575000
chr5	21580000	21590000	18.62563154614294	21585000
chr5	21590000	21600000	19.63828909726638	21595000
chr5	21600000	21610000	30.18225439381222	21605000
chr5	21610000	21620000	16.389584292785493	21615000
chr5	21620000	21630000	23.63211777477914	21625000
chr5	21630000	21640000	28.162600605655097	21635000
chr5	21640000	21650000	24.881523791485996	21645000
chr5	21650000	21660000	25.404366073052703	21655000
chr5	21660000	21670000	14.893715331214434	21665000
chr5	21670000	21680000	23.051450646898964	21675000
chr5	21680000	21690000	13.646609052211566	21685000
chr5	21690000	21700000	15.128994148892568	21695000
chr5	21700000	21710000	13.453221001007345	21705000
chr5	21710000	21720000	12.847708994918532	21715000
chr5	21720000	21730000	20.287785287799082	21725000
chr5	21730000	21740000	15.519272510042288	21735000
chr5	21740000	21750000	20.039826231137873	21745000
chr5	21750000	21760000	11.176959424956513	21755000
chr5	21760000	21770000	14.880542090211444	21765000
chr5	21770000	21780000	26.43508948895404	21775000
chr5	21780000	21790000	26.52656922330739	21785000
chr5	21790000	21800000	16.01866523274461	21795000
chr5	21800000	21810000	12.568079676134138	21805000
chr5	21810000	21820000	15.95063216958035	21815000
chr5	21820000	21830000	17.831702812743895	21825000
chr5	21830000	21840000	24.202027091649583	21835000
chr5	21840000	21850000	14.810454159005717	21845000
chr5	21850000	21860000	12.813701532164993	21855000
chr5	21860000	21870000	13.42050385383337	21865000
chr5	21870000	21880000	17.976907894879616	21875000
chr5	21880000	21890000	13.416041936666755	21885000
chr5	21890000	21900000	17.444410787078418	21895000
chr5	21900000	21910000	15.86787344308708	21905000
chr5	21910000	21920000	19.838193737535683	21915000
chr5	21920000	21930000	19.67789466472069	21925000
chr5	21930000	21940000	11.413910975370328	21935000
chr5	21940000	21950000	16.82068367349383	21945000
chr5	21950000	21960000	19.768931235687973	21955000
chr5	21960000	21970000	21.525789640793707	21965000
chr5	21970000	21980000	23.38273766121786	21975000
chr5	21980000	21990000	25.74890729532254	21985000
chr5	21990000	22000000	24.08916469195672	21995000
chr5	22000000	22010000	32.20488043381483	22005000
chr5	22010000	22020000	28.406579620406145	22015000
chr5	22020000	22030000	18.94915337326633	22025000
chr5	22030000	22040000	26.320232616198044	22035000
chr5	22040000	22050000	33.43065070318158	22045000
chr5	22050000	22060000	44.01725093196004	22055000
chr5	22060000	22070000	48.92820296596812	22065000
chr5	22070000	22080000	45.49271998493677	22075000
chr5	22080000	22090000	43.001718605628014	22085000
chr5	22090000	22100000	36.7712191360405	22095000
chr5	22100000	22110000	62.56174545887894	22105000
chr5	22110000	22120000	54.871908486464044	22115000
chr5	22120000	22130000	31.599585926654026	22125000
chr5	22130000	22140000	31.924085561025265	22135000
chr5	22140000	22150000	42.12500037257209	22145000
chr5	22150000	22160000	21.608207816675115	22155000
chr5	22160000	22170000	21.696977564342408	22165000
chr5	22170000	22180000	18.0291224152176	22175000
chr5	22180000	22190000	25.601996390857536	22185000
chr5	22190000	22200000	32.153532688021585	22195000
chr5	22200000	22210000	40.73299095351834	22205000
chr5	22210000	22220000	35.5515694502099	22215000
chr5	22220000	22230000	15.421890350284842	22225000
chr5	22230000	22240000	23.39489125837914	22235000
chr5	22240000	22250000	27.72242904603634	22245000
chr5	22250000	22260000	17.619007542863024	22255000
chr5	22260000	22270000	22.37913442545757	22265000
chr5	22270000	22280000	16.979391762936235	22275000
chr5	22280000	22290000	22.11959849754	22285000
chr5	22290000	22300000	19.3812626021618	22295000
chr5	22300000	22310000	19.761314965249714	22305000
chr5	22310000	22320000	21.02597900869449	22315000
chr5	22320000	22330000	28.656200295400215	22325000
chr5	22330000	22340000	28.566579398040275	22335000
chr5	22340000	22350000	23.981058378742123	22345000
chr5	22350000	22360000	20.97384175527393	22355000
chr5	22360000	22370000	21.232779471975814	22365000
chr5	22370000	22380000	19.331784976139634	22375000
chr5	22380000	22390000	32.42809453511454	22385000
chr5	22390000	22400000	45.24459150054817	22395000
chr5	22400000	22410000	37.81803778880845	22405000
chr5	22410000	22420000	12.66864533011007	22415000
chr5	22420000	22430000	17.152701442773637	22425000
chr5	22430000	22440000	14.640391725518013	22435000
chr5	22440000	22450000	8.684889821139262	22445000
chr5	22450000	22460000	12.612790399827036	22455000
chr5	22460000	22470000	17.849129336750206	22465000
chr5	22470000	22480000	21.626033124025742	22475000
chr5	22480000	22490000	19.553960410190417	22485000
chr5	22490000	22500000	18.54717221864891	22495000
chr5	22500000	22510000	10.511493416701846	22505000
chr5	22510000	22520000	16.641616459697573	22515000
chr5	22520000	22530000	15.2668308498958	22525000
chr5	22530000	22540000	9.914475259889885	22535000
chr5	22540000	22550000	10.9848605544699	22545000
chr5	22550000	22560000	9.446943952629574	22555000
chr5	22560000	22570000	9.811097734696123	22565000
chr5	22570000	22580000	10.02078536899657	22575000
chr5	22580000	22590000	21.01230128124625	22585000
chr5	22590000	22600000	17.834144717542813	22595000
chr5	22600000	22610000	8.297898059169789	22605000
chr5	22610000	22620000	13.471218039640048	22615000
chr5	22620000	22630000	13.611245499643656	22625000
chr5	22630000	22640000	17.758943535217114	22635000
chr5	22640000	22650000	12.793655996680906	22645000
chr5	22650000	22660000	7.956580080352451	22655000
chr5	22660000	22670000	11.100223185368549	22665000
chr5	22670000	22680000	24.036297914828282	22675000
chr5	22680000	22690000	33.34470045082369	22685000
chr5	22690000	22700000	10.647643274718538	22695000
chr5	22700000	22710000	10.934819596841642	22705000
chr5	22710000	22720000	15.730613381291173	22715000
chr5	22720000	22730000	16.88240615732857	22725000
chr5	22730000	22740000	12.573324533019512	22735000
chr5	22740000	22750000	11.224515609870117	22745000
chr5	22750000	22760000	15.99404095392408	22755000
chr5	22760000	22770000	11.180819940163714	22765000
chr5	22770000	22780000	8.176219348492992	22775000
chr5	22780000	22790000	4.978309393155044	22785000
chr5	22790000	22800000	16.86844976230735	22795000
chr5	22800000	22810000	15.710468689615402	22805000
chr5	22810000	22820000	16.469276335668013	22815000
chr5	22820000	22830000	14.810736080101936	22825000
chr5	22830000	22840000	17.39304003956014	22835000
chr5	22840000	22850000	17.99694718531421	22845000
chr5	22850000	22860000	28.860539959983452	22855000
chr5	22860000	22870000	27.470090485690164	22865000
chr5	22870000	22880000	26.098415125799434	22875000
chr5	22880000	22890000	15.617497964659139	22885000
chr5	22890000	22900000	15.111375113784991	22895000
chr5	22900000	22910000	24.01733795106584	22905000
chr5	22910000	22920000	38.678203285175734	22915000
chr5	22920000	22930000	64.79501531377345	22925000
chr5	22930000	22940000	59.24266643655807	22935000
chr5	22940000	22950000	34.29339664102017	22945000
chr5	22950000	22960000	27.507398273086412	22955000
chr5	22960000	22970000	21.436753458721586	22965000
chr5	22970000	22980000	38.79890161505812	22975000
chr5	22980000	22990000	23.40273892855383	22985000
chr5	22990000	23000000	15.637936726359325	22995000
chr5	23000000	23010000	21.980147316929585	23005000
chr5	23010000	23020000	19.287950079208617	23015000
chr5	23020000	23030000	26.288574941026734	23025000
chr5	23030000	23040000	18.19580859448026	23035000
chr5	23040000	23050000	17.04190325979606	23045000
chr5	23050000	23060000	41.88179788504804	23055000
chr5	23060000	23070000	41.52164378349748	23065000
chr5	23070000	23080000	32.462399947397365	23075000
chr5	23080000	23090000	38.89299422907902	23085000
chr5	23090000	23100000	47.56621839598343	23095000
chr5	23100000	23110000	21.887494738908938	23105000
chr5	23110000	23120000	17.40999179337495	23115000
chr5	23120000	23130000	23.280996256395447	23125000
chr5	23130000	23140000	19.782189347552524	23135000
chr5	23140000	23150000	15.130328976858465	23145000
chr5	23150000	23160000	11.988626899679948	23155000
chr5	23160000	23170000	14.349909202938209	23165000
chr5	23170000	23180000	20.851517581195807	23175000
chr5	23180000	23190000	12.505606925405548	23185000
chr5	23190000	23200000	8.12418843094334	23195000
chr5	23200000	23210000	5.871978076584748	23205000
chr5	23210000	23220000	6.044866853228354	23215000
chr5	23220000	23230000	7.38848820174186	23225000
chr5	23230000	23240000	8.240507763068225	23235000
chr5	23240000	23250000	13.468295449421687	23245000
chr5	23250000	23260000	23.95877502453723	23255000
chr5	23260000	23270000	7.168947169103781	23265000
chr5	23270000	23280000	16.097912538181312	23275000
chr5	23280000	23290000	19.708085702584683	23285000
chr5	23290000	23300000	17.886931766813706	23295000
chr5	23300000	23310000	11.747797707976	23305000
chr5	23310000	23320000	6.4608993347170784	23315000
chr5	23320000	23330000	6.226058744198856	23325000
chr5	23330000	23340000	5.337894938050109	23335000
chr5	23340000	23350000	5.917636273330894	23345000
chr5	23350000	23360000	11.72253197092784	23355000
chr5	23360000	23370000	15.881109570858046	23365000
chr5	23370000	23380000	13.619802203615984	23375000
chr5	23380000	23390000	16.9018155864212	23385000
chr5	23390000	23400000	14.17054269993216	23395000
chr5	23400000	23410000	24.958474675643025	23405000
chr5	23410000	23420000	15.160963497108522	23415000
chr5	23420000	23430000	6.192526433795066	23425000
chr5	23430000	23440000	3.798440988801631	23435000
chr5	23440000	23450000	11.929246963079947	23445000
chr5	23450000	23460000	11.842286157015511	23455000
chr5	23460000	23470000	4.611897376120106	23465000
chr5	23470000	23480000	12.205385239693173	23475000
chr5	23480000	23490000	8.88030689626948	23485000
chr5	23490000	23500000	5.458217273322283	23495000
chr5	23500000	23510000	14.288643657097918	23505000
chr5	23510000	23520000	5.735252136318125	23515000
chr5	23520000	23530000	5.124101805040046	23525000
chr5	23530000	23540000	12.511215177536075	23535000
chr5	23540000	23550000	6.696557943671978	23545000
chr5	23550000	23560000	15.501238094163254	23555000
chr5	23560000	23570000	5.335299819706962	23565000
chr5	23570000	23580000	2.921722973554075	23575000
chr5	23580000	23590000	3.1104362279811615	23585000
chr5	23590000	23600000	9.446992933516956	23595000
chr5	23600000	23610000	4.655718332329529	23605000
chr5	23610000	23620000	10.075575612867684	23615000
chr5	23620000	23630000	5.0394906102008505	23625000
chr5	23630000	23640000	9.498603912517074	23635000
chr5	23640000	23650000	4.150513756975707	23645000
chr5	23650000	23660000	2.034512601977084	23655000
chr5	23660000	23670000	3.0698986386788953	23665000
chr5	23670000	23680000	2.9375262963589583	23675000
chr5	23680000	23690000	7.7168566614507474	23685000
chr5	23690000	23700000	4.3049028818799595	23695000
chr5	23700000	23710000	14.599417533911001	23705000
chr5	23710000	23720000	1.5920203680966845	23715000
chr5	23720000	23730000	1.896980756214896	23725000
chr5	23730000	23740000	8.15595578785156	23735000
chr5	23740000	23750000	2.0366262936931743	23745000
chr5	23750000	23760000	1.7692087192956751	23755000
chr5	23760000	23770000	2.3203161861762718	23765000
chr5	23770000	23780000	2.72242074548817	23775000
chr5	23780000	23790000	3.322921389014416	23785000
chr5	23790000	23800000	3.1806187884950337	23795000
chr5	23800000	23810000	3.006622962167452	23805000
chr5	23810000	23820000	3.2374738710765247	23815000
chr5	23820000	23830000	4.788748322048106	23825000
chr5	23830000	23840000	10.233473247271457	23835000
chr5	23840000	23850000	4.552686041405155	23845000
chr5	23850000	23860000	4.8126622015768055	23855000
chr5	23860000	23870000	3.368207812219133	23865000
chr5	23870000	23880000	4.645211118223013	23875000
chr5	23880000	23890000	5.592443868137782	23885000
chr5	23890000	23900000	7.374151507890924	23895000
chr5	23900000	23910000	7.027888384642028	23905000
chr5	23910000	23920000	10.961242081273928	23915000
chr5	23920000	23930000	5.865497739149291	23925000
chr5	23930000	23940000	2.4328438508927395	23935000
chr5	23940000	23950000	2.7919256781137674	23945000
chr5	23950000	23960000	1.9094891026952303	23955000
chr5	23960000	23970000	2.9339600412041538	23965000
chr5	23970000	23980000	2.439353871813469	23975000
chr5	23980000	23990000	2.629736589077866	23985000
chr5	23990000	24000000	7.0668403469402525	23995000
chr5	24000000	24010000	5.729182868400485	24005000
chr5	24010000	24020000	3.24164110476901	24015000
chr5	24020000	24030000	6.94941219454247	24025000
chr5	24030000	24040000	3.8758647983384575	24035000
chr5	24040000	24050000	2.541309190458122	24045000
chr5	24050000	24060000	2.4995970478806195	24055000
chr5	24060000	24070000	7.81315691315269	24065000
chr5	24070000	24080000	4.33419108965006	24075000
chr5	24080000	24090000	8.484149839887886	24085000
chr5	24090000	24100000	5.213898940209665	24095000
chr5	24100000	24110000	5.850312280243879	24105000
chr5	24110000	24120000	2.4841954551584253	24115000
chr5	24120000	24130000	2.4636509406943	24125000
chr5	24130000	24140000	6.0475170813836945	24135000
chr5	24140000	24150000	7.00824264717655	24145000
chr5	24150000	24160000	3.4533977005097505	24155000
chr5	24160000	24170000	4.486961766207077	24165000
chr5	24170000	24180000	8.799411768166944	24175000
chr5	24180000	24190000	7.236040769133217	24185000
chr5	24190000	24200000	5.311853729769725	24195000
chr5	24200000	24210000	6.822224424821024	24205000
chr5	24210000	24220000	6.405086565286428	24215000
chr5	24220000	24230000	14.199165269308532	24225000
chr5	24230000	24240000	3.1476232136138105	24235000
chr5	24240000	24250000	1.3503130258109988	24245000
chr5	24250000	24260000	1.888144564226955	24255000
chr5	24260000	24270000	9.8380833719067	24265000
chr5	24270000	24280000	2.7930237477575983	24275000
chr5	24280000	24290000	1.4278154552627338	24285000
chr5	24290000	24300000	1.3833670665776965	24295000
chr5	24300000	24310000	1.8219463903379214	24305000
chr5	24310000	24320000	3.4094430046222484	24315000
chr5	24320000	24330000	3.9889729356823342	24325000
chr5	24330000	24340000	5.785392823725317	24335000
chr5	24340000	24350000	5.08071795940207	24345000
chr5	24350000	24360000	4.496553610834772	24355000
chr5	24360000	24370000	5.655921105885432	24365000
chr5	24370000	24380000	9.623803686482022	24375000
chr5	24380000	24390000	10.48461830272937	24385000
chr5	24390000	24400000	6.787201979026414	24395000
chr5	24400000	24410000	5.667151353449766	24405000
chr5	24410000	24420000	3.7281597943464693	24415000
chr5	24420000	24430000	13.250947880495927	24425000
chr5	24430000	24440000	2.9438057526180867	24435000
chr5	24440000	24450000	9.202821458204514	24445000
chr5	24450000	24460000	14.29474040750491	24455000
chr5	24460000	24470000	8.56286329498537	24465000
chr5	24470000	24480000	9.461555437892422	24475000
chr5	24480000	24490000	6.440787139024404	24485000
chr5	24490000	24500000	10.81659106935535	24495000
chr5	24500000	24510000	7.980481417367169	24505000
chr5	24510000	24520000	15.019372656322371	24515000
chr5	24520000	24530000	6.566959713750855	24525000
chr5	24530000	24540000	6.922629901202845	24535000
chr5	24540000	24550000	3.1481093277000824	24545000
chr5	24550000	24560000	3.1020336014785648	24555000
chr5	24560000	24570000	3.535840369289678	24565000
chr5	24570000	24580000	12.24567183661298	24575000
chr5	24580000	24590000	2.1454479494462233	24585000
chr5	24590000	24600000	3.078412820892981	24595000
chr5	24600000	24610000	5.774844160601649	24605000
chr5	24610000	24620000	5.797125264366494	24615000
chr5	24620000	24630000	4.891054213750355	24625000
chr5	24630000	24640000	3.7565970679320317	24635000
chr5	24640000	24650000	3.3411134351118394	24645000
chr5	24650000	24660000	2.785784298139155	24655000
chr5	24660000	24670000	5.408182573246006	24665000
chr5	24670000	24680000	2.525145627649302	24675000
chr5	24680000	24690000	4.393472941661961	24685000
chr5	24690000	24700000	2.555619498177542	24695000
chr5	24700000	24710000	2.6987273583181044	24705000
chr5	24710000	24720000	2.058202448379401	24715000
chr5	24720000	24730000	2.689616665435221	24725000
chr5	24730000	24740000	3.013855785370047	24735000
chr5	24740000	24750000	6.69954100123218	24745000
chr5	24750000	24760000	5.566430813891533	24755000
chr5	24760000	24770000	2.33942551808262	24765000
chr5	24770000	24780000	2.146394511846172	24775000
chr5	24780000	24790000	2.006091237976779	24785000
chr5	24790000	24800000	1.2065148842924744	24795000
chr5	24800000	24810000	2.082857688271006	24805000
chr5	24810000	24820000	2.35012991040402	24815000
chr5	24820000	24830000	3.5399570815432826	24825000
chr5	24830000	24840000	2.4839763296688493	24835000
chr5	24840000	24850000	1.8019163663105087	24845000
chr5	24850000	24860000	1.7863934047385495	24855000
chr5	24860000	24870000	2.6750771455878217	24865000
chr5	24870000	24880000	3.024021085911944	24875000
chr5	24880000	24890000	3.053244414285561	24885000
chr5	24890000	24900000	1.8414531883512046	24895000
chr5	24900000	24910000	3.766286209207097	24905000
chr5	24910000	24920000	2.170891434887619	24915000
chr5	24920000	24930000	2.073397785142447	24925000
chr5	24930000	24940000	2.2456859354098735	24935000
chr5	24940000	24950000	1.0960539593971097	24945000
chr5	24950000	24960000	9.100566696653368	24955000
chr5	24960000	24970000	3.986839020570595	24965000
chr5	24970000	24980000	2.584916071957541	24975000
chr5	24980000	24990000	2.5467075121722074	24985000
chr5	24990000	25000000	2.4381013953950093	24995000
chr5	25000000	25010000	3.2137492479980203	25005000
chr5	25010000	25020000	1.5920826908219512	25015000
chr5	25020000	25030000	1.618062889101891	25025000
chr5	25030000	25040000	2.77534676990891	25035000
chr5	25040000	25050000	3.5927857254309763	25045000
chr5	25050000	25060000	0.851731423602985	25055000
chr5	25060000	25070000	2.400647356455909	25065000
chr5	25070000	25080000	2.8786624791325686	25075000
chr5	25080000	25090000	2.050753216997596	25085000
chr5	25090000	25100000	1.4703542803302831	25095000
chr5	25100000	25110000	3.259138896002987	25105000
chr5	25110000	25120000	2.8288922148473903	25115000
chr5	25120000	25130000	2.33281381737071	25125000
chr5	25130000	25140000	2.3290206238227023	25135000
chr5	25140000	25150000	1.4233717670225094	25145000
chr5	25150000	25160000	3.1594069674571914	25155000
chr5	25160000	25170000	3.527650197178757	25165000
chr5	25170000	25180000	3.1260273768012667	25175000
chr5	25180000	25190000	4.499674746836936	25185000
chr5	25190000	25200000	7.861647900121136	25195000
chr5	25200000	25210000	4.243608447742449	25205000
chr5	25210000	25220000	3.5954911903989113	25215000
chr5	25220000	25230000	2.211400953623144	25225000
chr5	25230000	25240000	1.7524591521150783	25235000
chr5	25240000	25250000	3.372999651696947	25245000
chr5	25250000	25260000	2.251288086673228	25255000
chr5	25260000	25270000	2.0076102017493276	25265000
chr5	25270000	25280000	2.7161572142247583	25275000
chr5	25280000	25290000	1.347812874705756	25285000
chr5	25290000	25300000	1.4464692623477502	25295000
chr5	25300000	25310000	1.4410244801595695	25305000
chr5	25310000	25320000	0.8964285393973975	25315000
chr5	25320000	25330000	1.9507658763945026	25325000
chr5	25330000	25340000	1.7859206649687696	25335000
chr5	25340000	25350000	1.6504836479144431	25345000
chr5	25350000	25360000	1.3296117094680824	25355000
chr5	25360000	25370000	1.0838482872707498	25365000
chr5	25370000	25380000	1.0539651573727153	25375000
chr5	25380000	25390000	0.7924794193564624	25385000
chr5	25390000	25400000	0.6000169621123057	25395000
chr5	25400000	25410000	0.8706186257026222	25405000
chr5	25410000	25420000	2.1750427706950983	25415000
chr5	25420000	25430000	1.1622036912172409	25425000
chr5	25430000	25440000	1.1028365158536604	25435000
chr5	25440000	25450000	0.6704681195888224	25445000
chr5	25450000	25460000	0.5974997070342261	25455000
chr5	25460000	25470000	0.5247094365939025	25465000
chr5	25470000	25480000	2.512716472688923	25475000
chr5	25480000	25490000	4.016435200008034	25485000
chr5	25490000	25500000	2.644244175992278	25495000
chr5	25500000	25510000	1.5001569904858179	25505000
chr5	25510000	25520000	2.5856887854810497	25515000
chr5	25520000	25530000	1.9421534333972057	25525000
chr5	25530000	25540000	1.5730603764249331	25535000
chr5	25540000	25550000	3.148626830533432	25545000
chr5	25550000	25560000	1.5493492456215432	25555000
chr5	25560000	25570000	3.645158460999326	25565000
chr5	25570000	25580000	2.1302121153664677	25575000
chr5	25580000	25590000	1.6827305683658993	25585000
chr5	25590000	25600000	2.8347381260446873	25595000
chr5	25600000	25610000	1.8202125482248026	25605000
chr5	25610000	25620000	2.234899216635261	25615000
chr5	25620000	25630000	0.9790235792158529	25625000
chr5	25630000	25640000	2.3700844920776647	25635000
chr5	25640000	25650000	3.9414435623811084	25645000
chr5	25650000	25660000	3.6419737101133136	25655000
chr5	25660000	25670000	2.010326943839859	25665000
chr5	25670000	25680000	4.096903398326602	25675000
chr5	25680000	25690000	5.677123745876717	25685000
chr5	25690000	25700000	12.152701005279797	25695000
chr5	25700000	25710000	1.8848935850846817	25705000
chr5	25710000	25720000	7.3905104311129755	25715000
chr5	25720000	25730000	1.341477062453798	25725000
chr5	25730000	25740000	1.6120203313098906	25735000
chr5	25740000	25750000	3.036336142015462	25745000
chr5	25750000	25760000	1.4329438338284899	25755000
chr5	25760000	25770000	2.4632338898360007	25765000
chr5	25770000	25780000	2.8740250020136413	25775000
chr5	25780000	25790000	4.926609918856762	25785000
chr5	25790000	25800000	5.715113675665045	25795000
chr5	25800000	25810000	5.328979256191103	25805000
chr5	25810000	25820000	7.244203257297863	25815000
chr5	25820000	25830000	3.7537088204003823	25825000
chr5	25830000	25840000	5.048947210297946	25835000
chr5	25840000	25850000	4.909539294974522	25845000
chr5	25850000	25860000	23.0171256267101	25855000
chr5	25860000	25870000	4.21957573767379	25865000
chr5	25870000	25880000	1.2941210739404412	25875000
chr5	25880000	25890000	0.8268300173240775	25885000
chr5	25890000	25900000	4.02566918175975	25895000
chr5	25900000	25910000	2.5478739452118853	25905000
chr5	25910000	25920000	3.097708268146622	25915000
chr5	25920000	25930000	3.5938383779104663	25925000
chr5	25930000	25940000	1.4232075254173748	25935000
chr5	25940000	25950000	2.569258570160531	25945000
chr5	25950000	25960000	3.3724868703083417	25955000
chr5	25960000	25970000	2.0425112271058077	25965000
chr5	25970000	25980000	2.025747271811879	25975000
chr5	25980000	25990000	3.7224107867144847	25985000
chr5	25990000	26000000	1.8957473435103158	25995000
chr5	26000000	26010000	1.3574400354912264	26005000
chr5	26010000	26020000	1.5021494015454746	26015000
chr5	26020000	26030000	5.100127015751612	26025000
chr5	26030000	26040000	0.8777722823244057	26035000
chr5	26040000	26050000	7.18649370744594	26045000
chr5	26050000	26060000	2.4363393714776174	26055000
chr5	26060000	26070000	2.3801228386253035	26065000
chr5	26070000	26080000	2.529427153749173	26075000
chr5	26080000	26090000	2.4158346433952564	26085000
chr5	26090000	26100000	1.6405454293292445	26095000
chr5	26100000	26110000	2.4122802089038515	26105000
chr5	26110000	26120000	3.852062324525833	26115000
chr5	26120000	26130000	1.824747953160267	26125000
chr5	26130000	26140000	2.0148316366195758	26135000
chr5	26140000	26150000	12.616214133582945	26145000
chr5	26150000	26160000	1.2080448380762248	26155000
chr5	26160000	26170000	0.5426492078644515	26165000
chr5	26170000	26180000	5.541173201764921	26175000
chr5	26180000	26190000	1.3486356833709496	26185000
chr5	26190000	26200000	0.839688640891174	26195000
chr5	26200000	26210000	0.7712921304131548	26205000
chr5	26210000	26220000	0.6682679477606597	26215000
chr5	26220000	26230000	1.6649716239643377	26225000
chr5	26230000	26240000	1.1250451226146632	26235000
chr5	26240000	26250000	0.8801770693729117	26245000
chr5	26250000	26260000	3.6553028759387014	26255000
chr5	26260000	26270000	0.41230272947150387	26265000
chr5	26270000	26280000	2.2611099015809577	26275000
chr5	26280000	26290000	12.523327810439463	26285000
chr5	26290000	26300000	1.1347398673693516	26295000
chr5	26300000	26310000	1.4926851077101404	26305000
chr5	26310000	26320000	0.7039084983532613	26315000
chr5	26320000	26330000	1.1926541480177877	26325000
chr5	26330000	26340000	0.8700627092399005	26335000
chr5	26340000	26350000	1.9294540927179433	26345000
chr5	26350000	26360000	2.495378964944781	26355000
chr5	26360000	26370000	8.016200768140273	26365000
chr5	26370000	26380000	5.08734708533945	26375000
chr5	26380000	26390000	9.73181710451402	26385000
chr5	26390000	26400000	4.636667002840079	26395000
chr5	26400000	26410000	2.0629061949072454	26405000
chr5	26410000	26420000	3.3880354996040536	26415000
chr5	26420000	26430000	3.6597510345823365	26425000
chr5	26430000	26440000	6.952003559945364	26435000
chr5	26440000	26450000	3.58735928980295	26445000
chr5	26450000	26460000	0.6173013148663232	26455000
chr5	26460000	26470000	0.5467657694579753	26465000
chr5	26470000	26480000	0.6407936715995514	26475000
chr5	26480000	26490000	1.242111596172149	26485000
chr5	26490000	26500000	1.0202891224340471	26495000
chr5	26500000	26510000	1.1661231150724758	26505000
chr5	26510000	26520000	0.9243233151460025	26515000
chr5	26520000	26530000	1.217712646339918	26525000
chr5	26530000	26540000	1.571964245126106	26535000
chr5	26540000	26550000	2.252656819614331	26545000
chr5	26550000	26560000	1.2316118975699089	26555000
chr5	26560000	26570000	1.9537711601518093	26565000
chr5	26570000	26580000	0.7059756916878294	26575000
chr5	26580000	26590000	1.3098630485458274	26585000
chr5	26590000	26600000	1.9942757797854418	26595000
chr5	26600000	26610000	6.599007275567397	26605000
chr5	26610000	26620000	9.768901478183555	26615000
chr5	26620000	26630000	0.559387227283832	26625000
chr5	26630000	26640000	0.3820787449469325	26635000
chr5	26640000	26650000	0.7295714410717309	26645000
chr5	26650000	26660000	0.4124226135448317	26655000
chr5	26660000	26670000	0.36974841065247316	26665000
chr5	26670000	26680000	1.0873544760568958	26675000
chr5	26680000	26690000	0.2879927177232452	26685000
chr5	26690000	26700000	1.4243412498352581	26695000
chr5	26700000	26710000	0.42931646564150977	26705000
chr5	26710000	26720000	0.9040034272086722	26715000
chr5	26720000	26730000	0.8881916183432451	26725000
chr5	26730000	26740000	0.35427895203874327	26735000
chr5	26740000	26750000	0.3811649366960282	26745000
chr5	26750000	26760000	1.968401349378425	26755000
chr5	26760000	26770000	2.033616114011573	26765000
chr5	26770000	26780000	0.784242810133887	26775000
chr5	26780000	26790000	0.7183312544553616	26785000
chr5	26790000	26800000	1.1118156818947482	26795000
chr5	26800000	26810000	1.458341396670898	26805000
chr5	26810000	26820000	3.253935859243873	26815000
chr5	26820000	26830000	1.524096345274312	26825000
chr5	26830000	26840000	3.2410263190722084	26835000
chr5	26840000	26850000	0.4706607791851533	26845000
chr5	26850000	26860000	0.5198559643034153	26855000
chr5	26860000	26870000	0.9155446066811103	26865000
chr5	26870000	26880000	1.2064953921704467	26875000
chr5	26880000	26890000	0.84200376232988	26885000
chr5	26890000	26900000	0.8031958085773365	26895000
chr5	26900000	26910000	0.5257388172424652	26905000
chr5	26910000	26920000	0.8324147171778549	26915000
chr5	26920000	26930000	0.9374334174253801	26925000
chr5	26930000	26940000	1.300807793989443	26935000
chr5	26940000	26950000	1.114681628235198	26945000
chr5	26950000	26960000	1.1067510502796805	26955000
chr5	26960000	26970000	0.7221095225863279	26965000
chr5	26970000	26980000	0.8312611200955394	26975000
chr5	26980000	26990000	0.45883332716390124	26985000
chr5	26990000	27000000	0.7063198167568296	26995000
chr5	27000000	27010000	0.6903554356528673	27005000
chr5	27010000	27020000	0.4147002507837761	27015000
chr5	27020000	27030000	0.30773849405083475	27025000
chr5	27030000	27040000	0.5422709883585787	27035000
chr5	27040000	27050000	0.732172994869267	27045000
chr5	27050000	27060000	0.2241890969051113	27055000
chr5	27060000	27070000	0.772356767885174	27065000
chr5	27070000	27080000	0.30087201803034885	27075000
chr5	27080000	27090000	0.2917998682186914	27085000
chr5	27090000	27100000	0.22454762657931984	27095000
chr5	27100000	27110000	0.5849565197596116	27105000
chr5	27110000	27120000	3.5664963169763855	27115000
chr5	27120000	27130000	0.21729268431723617	27125000
chr5	27130000	27140000	0.2269974612463014	27135000
chr5	27140000	27150000	0.5153778325413301	27145000
chr5	27150000	27160000	0.4015867330901167	27155000
chr5	27160000	27170000	0.5221009010919043	27165000
chr5	27170000	27180000	0.4862665543769245	27175000
chr5	27180000	27190000	0.22837259564979237	27185000
chr5	27190000	27200000	0.5247816029940542	27195000
chr5	27200000	27210000	0.21381832586825436	27205000
chr5	27210000	27220000	0.3458907710611546	27215000
chr5	27220000	27230000	0.9098222250664711	27225000
chr5	27230000	27240000	0.505689567094172	27235000
chr5	27240000	27250000	0.8143667010071508	27245000
chr5	27250000	27260000	0.219315981153049	27255000
chr5	27260000	27270000	0.4562982510187386	27265000
chr5	27270000	27280000	0.23265727890924057	27275000
chr5	27280000	27290000	0.16047881205327866	27285000
chr5	27290000	27300000	0.18507220829693077	27295000
chr5	27300000	27310000	0.26335144432309515	27305000
chr5	27310000	27320000	0.5470404851646206	27315000
chr5	27320000	27330000	0.3929946272985409	27325000
chr5	27330000	27340000	0.14548035296575026	27335000
chr5	27340000	27350000	0.1333461082837455	27345000
chr5	27350000	27360000	0.2622065560260245	27355000
chr5	27360000	27370000	0.28144165026433343	27365000
chr5	27370000	27380000	0.3219495129901903	27375000
chr5	27380000	27390000	0.23646867218657897	27385000
chr5	27390000	27400000	0.3767886843389979	27395000
chr5	27400000	27410000	0.13663639692900587	27405000
chr5	27410000	27420000	0.3365640440070879	27415000
chr5	27420000	27430000	0.39419120763301424	27425000
chr5	27430000	27440000	0.1548702418115752	27435000
chr5	27440000	27450000	0.1822392363794247	27445000
chr5	27450000	27460000	0.18500708565856472	27455000
chr5	27460000	27470000	0.0991428247711909	27465000
chr5	27470000	27480000	0.18053646433685583	27475000
chr5	27480000	27490000	0.604651773790639	27485000
chr5	27490000	27500000	0.171929789628937	27495000
chr5	27500000	27510000	0.19636784850212657	27505000
chr5	27510000	27520000	0.24354157477679986	27515000
chr5	27520000	27530000	0.34458852078047697	27525000
chr5	27530000	27540000	0.270435687266593	27535000
chr5	27540000	27550000	0.17658667636096068	27545000
chr5	27550000	27560000	0.17658667636096068	27555000
chr5	27560000	27570000	0.17658667636096068	27565000
chr5	27570000	27580000	0.18635034400776943	27575000
chr5	27580000	27590000	0.1697102052466487	27585000
chr5	27590000	27600000	0.2189616841138441	27595000
chr5	27600000	27610000	0.35721782930713286	27605000
chr5	27610000	27620000	0.3603940823299982	27615000
chr5	27620000	27630000	0.46051382587102563	27625000
chr5	27630000	27640000	0.697736999137647	27635000
chr5	27640000	27650000	3.61810888068543	27645000
chr5	27650000	27660000	1.8365987331753484	27655000
chr5	27660000	27670000	0.4843437704877357	27665000
chr5	27670000	27680000	0.35654798548196404	27675000
chr5	27680000	27690000	0.5959805042266065	27685000
chr5	27690000	27700000	0.5208479263713255	27695000
chr5	27700000	27710000	0.6274731780513245	27705000
chr5	27710000	27720000	0.424206163075738	27715000
chr5	27720000	27730000	5.314236997805151	27725000
chr5	27730000	27740000	0.9574388832498053	27735000
chr5	27740000	27750000	0.46540822535486226	27745000
chr5	27750000	27760000	0.23517887414704833	27755000
chr5	27760000	27770000	0.2213369132257221	27765000
chr5	27770000	27780000	3.9401039482401248	27775000
chr5	27780000	27790000	1.2175641343299624	27785000
chr5	27790000	27800000	1.3971023612574793	27795000
chr5	27800000	27810000	1.247708176409279	27805000
chr5	27810000	27820000	1.396101977343885	27815000
chr5	27820000	27830000	2.5059119838346864	27825000
chr5	27830000	27840000	0.8984762350546599	27835000
chr5	27840000	27850000	1.3554197240093138	27845000
chr5	27850000	27860000	1.1610750800744885	27855000
chr5	27860000	27870000	1.9601234287331344	27865000
chr5	27870000	27880000	1.324903352721151	27875000
chr5	27880000	27890000	1.3455455983173121	27885000
chr5	27890000	27900000	1.343544807591696	27895000
chr5	27900000	27910000	1.3361505822736843	27905000
chr5	27910000	27920000	0.513651305718002	27915000
chr5	27920000	27930000	2.1744247622294393	27925000
chr5	27930000	27940000	1.1564433501048916	27935000
chr5	27940000	27950000	0.7356911651233885	27945000
chr5	27950000	27960000	7.430148223512813	27955000
chr5	27960000	27970000	0.7422642204988177	27965000
chr5	27970000	27980000	1.566533726504915	27975000
chr5	27980000	27990000	1.7660021225538756	27985000
chr5	27990000	28000000	1.5634338367588656	27995000
chr5	28000000	28010000	2.16038760957031	28005000
chr5	28010000	28020000	1.5043289221545413	28015000
chr5	28020000	28030000	0.9426760206811846	28025000
chr5	28030000	28040000	1.2612791435912785	28035000
chr5	28040000	28050000	6.948918277339556	28045000
chr5	28050000	28060000	1.2664652023684495	28055000
chr5	28060000	28070000	1.3678957601548463	28065000
chr5	28070000	28080000	1.2396857751668307	28075000
chr5	28080000	28090000	1.0203305246822476	28085000
chr5	28090000	28100000	1.0349926696663263	28095000
chr5	28100000	28110000	1.044843526689099	28105000
chr5	28110000	28120000	1.3383435925537717	28115000
chr5	28120000	28130000	1.1597105272803598	28125000
chr5	28130000	28140000	1.7629002102172266	28135000
chr5	28140000	28150000	1.0792400309296593	28145000
chr5	28150000	28160000	1.110254235766547	28155000
chr5	28160000	28170000	0.4969920714540159	28165000
chr5	28170000	28180000	1.0064164048399906	28175000
chr5	28180000	28190000	1.9520201624168898	28185000
chr5	28190000	28200000	2.1809787135188228	28195000
chr5	28200000	28210000	1.6519174422253307	28205000
chr5	28210000	28220000	11.825269131736428	28215000
chr5	28220000	28230000	1.530507624633032	28225000
chr5	28230000	28240000	1.6953766353828892	28235000
chr5	28240000	28250000	3.9702121506227055	28245000
chr5	28250000	28260000	3.9143207438524357	28255000
chr5	28260000	28270000	1.3865900659851225	28265000
chr5	28270000	28280000	0.960236893137576	28275000
chr5	28280000	28290000	0.25567890427742423	28285000
chr5	28290000	28300000	0.575799076846749	28295000
chr5	28300000	28310000	1.0269367976167543	28305000
chr5	28310000	28320000	1.8672035429555578	28315000
chr5	28320000	28330000	2.6094786064816726	28325000
chr5	28330000	28340000	1.2376085265687329	28335000
chr5	28340000	28350000	1.059014000634038	28345000
chr5	28350000	28360000	2.4071864506304697	28355000
chr5	28360000	28370000	2.1555134930202846	28365000
chr5	28370000	28380000	1.6586013967124245	28375000
chr5	28380000	28390000	2.013464742732732	28385000
chr5	28390000	28400000	2.2226758856660234	28395000
chr5	28400000	28410000	1.5193252520410243	28405000
chr5	28410000	28420000	3.7132486912361924	28415000
chr5	28420000	28430000	1.946493698642248	28425000
chr5	28430000	28440000	1.6348223425659285	28435000
chr5	28440000	28450000	1.4024326283269086	28445000
chr5	28450000	28460000	1.7314192743436014	28455000
chr5	28460000	28470000	1.7564440102657934	28465000
chr5	28470000	28480000	1.3279777539584456	28475000
chr5	28480000	28490000	1.317186341092032	28485000
chr5	28490000	28500000	1.59022352611997	28495000
chr5	28500000	28510000	1.0517611533192097	28505000
chr5	28510000	28520000	0.9684626847887577	28515000
chr5	28520000	28530000	1.1531380087665255	28525000
chr5	28530000	28540000	2.6158483924744194	28535000
chr5	28540000	28550000	1.2030154189261337	28545000
chr5	28550000	28560000	0.7019985668348985	28555000
chr5	28560000	28570000	1.6729375786891028	28565000
chr5	28570000	28580000	2.344304211069922	28575000
chr5	28580000	28590000	4.7192741711816755	28585000
chr5	28590000	28600000	4.431996917729852	28595000
chr5	28600000	28610000	2.1443785695215003	28605000
chr5	28610000	28620000	3.9020162276284407	28615000
chr5	28620000	28630000	3.6284058698071098	28625000
chr5	28630000	28640000	1.3449107200971724	28635000
chr5	28640000	28650000	1.8350655640374085	28645000
chr5	28650000	28660000	9.766586664867534	28655000
chr5	28660000	28670000	1.1030205726034448	28665000
chr5	28670000	28680000	0.5649574417286145	28675000
chr5	28680000	28690000	2.107303769136839	28685000
chr5	28690000	28700000	4.886094009515737	28695000
chr5	28700000	28710000	2.398666222596857	28705000
chr5	28710000	28720000	8.359453563417715	28715000
chr5	28720000	28730000	1.4488910555907966	28725000
chr5	28730000	28740000	4.2234117808501015	28735000
chr5	28740000	28750000	6.4436812251898266	28745000
chr5	28750000	28760000	3.6839338538891737	28755000
chr5	28760000	28770000	1.6668107973074409	28765000
chr5	28770000	28780000	1.559630562361486	28775000
chr5	28780000	28790000	2.4648770053719518	28785000
chr5	28790000	28800000	1.3415019013615779	28795000
chr5	28800000	28810000	2.166743976133187	28805000
chr5	28810000	28820000	4.300082778445092	28815000
chr5	28820000	28830000	6.868844989207873	28825000
chr5	28830000	28840000	3.3188603487914783	28835000
chr5	28840000	28850000	2.254087351751076	28845000
chr5	28850000	28860000	8.104162215648746	28855000
chr5	28860000	28870000	3.159305693928635	28865000
chr5	28870000	28880000	6.992852323395046	28875000
chr5	28880000	28890000	2.3479123322948503	28885000
chr5	28890000	28900000	2.0757703131539165	28895000
chr5	28900000	28910000	2.5171461350218545	28905000
chr5	28910000	28920000	4.355213984252402	28915000
chr5	28920000	28930000	3.2404737647144173	28925000
chr5	28930000	28940000	5.098597268359264	28935000
chr5	28940000	28950000	4.0706106145568555	28945000
chr5	28950000	28960000	2.3715805348752386	28955000
chr5	28960000	28970000	3.1397915656857625	28965000
chr5	28970000	28980000	2.2546357307434457	28975000
chr5	28980000	28990000	1.1154804944535144	28985000
chr5	28990000	29000000	3.4588645445688013	28995000
chr5	29000000	29010000	1.962427375378772	29005000
chr5	29010000	29020000	1.8159188069940304	29015000
chr5	29020000	29030000	3.331524678340505	29025000
chr5	29030000	29040000	1.8107093516039892	29035000
chr5	29040000	29050000	2.560224286529371	29045000
chr5	29050000	29060000	3.8451291606669313	29055000
chr5	29060000	29070000	2.506127547589198	29065000
chr5	29070000	29080000	3.6510611946861884	29075000
chr5	29080000	29090000	4.470742849681901	29085000
chr5	29090000	29100000	4.143696388816264	29095000
chr5	29100000	29110000	1.56065887567653	29105000
chr5	29110000	29120000	1.9806813141399093	29115000
chr5	29120000	29130000	0.4487200554250451	29125000
chr5	29130000	29140000	0.9040124921595587	29135000
chr5	29140000	29150000	0.5226267792673892	29145000
chr5	29150000	29160000	1.0051642963713179	29155000
chr5	29160000	29170000	1.3258238931302961	29165000
chr5	29170000	29180000	1.6185769200198965	29175000
chr5	29180000	29190000	5.540274607874987	29185000
chr5	29190000	29200000	2.568895576997345	29195000
chr5	29200000	29210000	2.2565247409240565	29205000
chr5	29210000	29220000	2.25230071897705	29215000
chr5	29220000	29230000	2.6659974102622246	29225000
chr5	29230000	29240000	1.4964934539407824	29235000
chr5	29240000	29250000	0.9190153098450478	29245000
chr5	29250000	29260000	5.801923328058021	29255000
chr5	29260000	29270000	2.355451522664954	29265000
chr5	29270000	29280000	0.3654107495270324	29275000
chr5	29280000	29290000	0.6655520909649181	29285000
chr5	29290000	29300000	2.2642294944542245	29295000
chr5	29300000	29310000	2.5878963946731823	29305000
chr5	29310000	29320000	4.126733983749784	29315000
chr5	29320000	29330000	1.941482398542812	29325000
chr5	29330000	29340000	2.3441167867298627	29335000
chr5	29340000	29350000	4.455395912717881	29345000
chr5	29350000	29360000	1.7508344658178705	29355000
chr5	29360000	29370000	1.7964373464533774	29365000
chr5	29370000	29380000	4.391557621956708	29375000
chr5	29380000	29390000	2.7810090450993434	29385000
chr5	29390000	29400000	2.198875800483744	29395000
chr5	29400000	29410000	2.0029472697713206	29405000
chr5	29410000	29420000	1.4432392194001837	29415000
chr5	29420000	29430000	2.1395127558147022	29425000
chr5	29430000	29440000	5.256826966610223	29435000
chr5	29440000	29450000	3.2003052098050353	29445000
chr5	29450000	29460000	3.5912440716766625	29455000
chr5	29460000	29470000	3.240932968196941	29465000
chr5	29470000	29480000	3.897611749637672	29475000
chr5	29480000	29490000	0.9733745375512458	29485000
chr5	29490000	29500000	1.526529416982675	29495000
chr5	29500000	29510000	1.1503869836388774	29505000
chr5	29510000	29520000	0.9039603873318677	29515000
chr5	29520000	29530000	1.721342082037262	29525000
chr5	29530000	29540000	2.1557484865340983	29535000
chr5	29540000	29550000	2.6948855290860947	29545000
chr5	29550000	29560000	3.767821999409446	29555000
chr5	29560000	29570000	3.1578981935051944	29565000
chr5	29570000	29580000	2.899630704947769	29575000
chr5	29580000	29590000	1.8299370506536556	29585000
chr5	29590000	29600000	2.6655104826837186	29595000
chr5	29600000	29610000	2.239781070597205	29605000
chr5	29610000	29620000	2.3377518782909763	29615000
chr5	29620000	29630000	3.3563578933428366	29625000
chr5	29630000	29640000	2.787262616196338	29635000
chr5	29640000	29650000	3.2132156863547268	29645000
chr5	29650000	29660000	6.647740826735628	29655000
chr5	29660000	29670000	2.6235272116187476	29665000
chr5	29670000	29680000	2.7372868197944897	29675000
chr5	29680000	29690000	3.1924161738175054	29685000
chr5	29690000	29700000	1.4374771422023946	29695000
chr5	29700000	29710000	7.03431716456093	29705000
chr5	29710000	29720000	0.7305843661352811	29715000
chr5	29720000	29730000	0.933995593131648	29725000
chr5	29730000	29740000	6.218119543421814	29735000
chr5	29740000	29750000	3.0287007073023138	29745000
chr5	29750000	29760000	5.320206277619241	29755000
chr5	29760000	29770000	3.0365008043212183	29765000
chr5	29770000	29780000	9.259937129062433	29775000
chr5	29780000	29790000	2.54455554312345	29785000
chr5	29790000	29800000	3.22593639106425	29795000
chr5	29800000	29810000	7.061481003443701	29805000
chr5	29810000	29820000	3.7698095803635265	29815000
chr5	29820000	29830000	2.6809762195558706	29825000
chr5	29830000	29840000	4.224301088964499	29835000
chr5	29840000	29850000	7.456283606961493	29845000
chr5	29850000	29860000	2.4833994537376567	29855000
chr5	29860000	29870000	1.9858330247766212	29865000
chr5	29870000	29880000	1.2229743256504038	29875000
chr5	29880000	29890000	1.121597767934591	29885000
chr5	29890000	29900000	1.834983063581546	29895000
chr5	29900000	29910000	0.3664590793265628	29905000
chr5	29910000	29920000	0.5046063373540849	29915000
chr5	29920000	29930000	2.3826353991399487	29925000
chr5	29930000	29940000	0.89868889304576	29935000
chr5	29940000	29950000	1.0357803475004863	29945000
chr5	29950000	29960000	0.3338801893181575	29955000
chr5	29960000	29970000	0.4575038844405642	29965000
chr5	29970000	29980000	0.36313611745149155	29975000
chr5	29980000	29990000	0.4898859292093354	29985000
chr5	29990000	30000000	0.17944778229737057	29995000
chr5	30000000	30010000	0.3249074249224062	30005000
chr5	30010000	30020000	0.7556975197349262	30015000
chr5	30020000	30030000	1.4768497997316221	30025000
chr5	30030000	30040000	0.5939543170637258	30035000
chr5	30040000	30050000	0.6006652150476207	30045000
chr5	30050000	30060000	1.0145349760388893	30055000
chr5	30060000	30070000	0.7781370503900672	30065000
chr5	30070000	30080000	8.807465721285475	30075000
chr5	30080000	30090000	0.9128555016765767	30085000
chr5	30090000	30100000	0.4254155437150575	30095000
chr5	30100000	30110000	0.7475998769552717	30105000
chr5	30110000	30120000	1.3257861823825052	30115000
chr5	30120000	30130000	1.6471695431170044	30125000
chr5	30130000	30140000	1.5965243146709769	30135000
chr5	30140000	30150000	5.723559713034759	30145000
chr5	30150000	30160000	10.149304968384625	30155000
chr5	30160000	30170000	2.9806708111717217	30165000
chr5	30170000	30180000	0.7094431871329152	30175000
chr5	30180000	30190000	8.059668874900618	30185000
chr5	30190000	30200000	0.7576379621522639	30195000
chr5	30200000	30210000	1.470460688894219	30205000
chr5	30210000	30220000	1.6270375065633704	30215000
chr5	30220000	30230000	3.733033000112984	30225000
chr5	30230000	30240000	1.972719681014396	30235000
chr5	30240000	30250000	1.25310652187275	30245000
chr5	30250000	30260000	2.462570535749132	30255000
chr5	30260000	30270000	2.799501809632335	30265000
chr5	30270000	30280000	1.7687142521274508	30275000
chr5	30280000	30290000	3.441693953395473	30285000
chr5	30290000	30300000	1.5337136951236034	30295000
chr5	30300000	30310000	2.675990503226969	30305000
chr5	30310000	30320000	4.633168508308971	30315000
chr5	30320000	30330000	4.402489636419596	30325000
chr5	30330000	30340000	2.696394641404926	30335000
chr5	30340000	30350000	10.634627336589915	30345000
chr5	30350000	30360000	2.8937458209426845	30355000
chr5	30360000	30370000	1.5245055523863258	30365000
chr5	30370000	30380000	2.078159077374552	30375000
chr5	30380000	30390000	2.0355335394083816	30385000
chr5	30390000	30400000	2.8469666039894075	30395000
chr5	30400000	30410000	4.367746049295223	30405000
chr5	30410000	30420000	3.2235779567210847	30415000
chr5	30420000	30430000	3.3357827046630217	30425000
chr5	30430000	30440000	6.582961587268528	30435000
chr5	30440000	30450000	10.477555770572366	30445000
chr5	30450000	30460000	2.338011656986881	30455000
chr5	30460000	30470000	3.0384986248124095	30465000
chr5	30470000	30480000	2.811229381334954	30475000
chr5	30480000	30490000	2.5635607074996765	30485000
chr5	30490000	30500000	4.210265674687288	30495000
chr5	30500000	30510000	3.946833137671451	30505000
chr5	30510000	30520000	2.48811203051644	30515000
chr5	30520000	30530000	1.6870764797854794	30525000
chr5	30530000	30540000	2.882934298051217	30535000
chr5	30540000	30550000	2.211089003257903	30545000
chr5	30550000	30560000	2.2428634925455597	30555000
chr5	30560000	30570000	2.3404449748154845	30565000
chr5	30570000	30580000	2.3736737367329446	30575000
chr5	30580000	30590000	2.0159392690466986	30585000
chr5	30590000	30600000	3.739007580622068	30595000
chr5	30600000	30610000	1.23520009023214	30605000
chr5	30610000	30620000	1.5717203394576256	30615000
chr5	30620000	30630000	12.256922876851537	30625000
chr5	30630000	30640000	3.347224828605575	30635000
chr5	30640000	30650000	3.2862015482688753	30645000
chr5	30650000	30660000	3.850985482052083	30655000
chr5	30660000	30670000	2.6616292823616194	30665000
chr5	30670000	30680000	1.761187502331477	30675000
chr5	30680000	30690000	2.393796705592705	30685000
chr5	30690000	30700000	1.7036055833452364	30695000
chr5	30700000	30710000	4.277621982333081	30705000
chr5	30710000	30720000	1.6919751989069798	30715000
chr5	30720000	30730000	1.678060076950277	30725000
chr5	30730000	30740000	1.7317099253697297	30735000
chr5	30740000	30750000	1.4038302548821573	30745000
chr5	30750000	30760000	3.326525736393282	30755000
chr5	30760000	30770000	6.655528794634462	30765000
chr5	30770000	30780000	1.8016518536248745	30775000
chr5	30780000	30790000	2.249223594556919	30785000
chr5	30790000	30800000	0.8109404927884025	30795000
chr5	30800000	30810000	0.9170950035294126	30805000
chr5	30810000	30820000	1.8289610279608897	30815000
chr5	30820000	30830000	2.3623788246973647	30825000
chr5	30830000	30840000	1.7708764687718737	30835000
chr5	30840000	30850000	1.5572611159357537	30845000
chr5	30850000	30860000	2.331835045408802	30855000
chr5	30860000	30870000	2.153188212216591	30865000
chr5	30870000	30880000	3.0793941066574333	30875000
chr5	30880000	30890000	3.456212492353461	30885000
chr5	30890000	30900000	1.9875550013993446	30895000
chr5	30900000	30910000	0.9917696853597654	30905000
chr5	30910000	30920000	0.9917696853597637	30915000
chr5	30920000	30930000	1.7799112052834167	30925000
chr5	30930000	30940000	5.988878305284308	30935000
chr5	30940000	30950000	3.162684094488176	30945000
chr5	30950000	30960000	2.0009081902874573	30955000
chr5	30960000	30970000	2.0583451024416273	30965000
chr5	30970000	30980000	1.93333674223721	30975000
chr5	30980000	30990000	1.8599669197039008	30985000
chr5	30990000	31000000	2.960993413863031	30995000
chr5	31000000	31010000	2.677703998041169	31005000
chr5	31010000	31020000	2.075472343069817	31015000
chr5	31020000	31030000	1.8919545967216997	31025000
chr5	31030000	31040000	3.769902046051757	31035000
chr5	31040000	31050000	4.901835718845908	31045000
chr5	31050000	31060000	4.178331216849007	31055000
chr5	31060000	31070000	12.379997741539736	31065000
chr5	31070000	31080000	3.182953590902022	31075000
chr5	31080000	31090000	2.1494458241816115	31085000
chr5	31090000	31100000	1.5337502208025788	31095000
chr5	31100000	31110000	2.4522412742427973	31105000
chr5	31110000	31120000	1.5662722469085524	31115000
chr5	31120000	31130000	1.7329094232827935	31125000
chr5	31130000	31140000	0.6848036114184213	31135000
chr5	31140000	31150000	1.1531530411954058	31145000
chr5	31150000	31160000	1.9188746060260713	31155000
chr5	31160000	31170000	4.19293968327947	31165000
chr5	31170000	31180000	1.6720629438407826	31175000
chr5	31180000	31190000	1.0462844815085353	31185000
chr5	31190000	31200000	1.679384110137148	31195000
chr5	31200000	31210000	7.4588129370840575	31205000
chr5	31210000	31220000	1.817598491221957	31215000
chr5	31220000	31230000	0.9824892359352675	31225000
chr5	31230000	31240000	0.21935987469387228	31235000
chr5	31240000	31250000	0.9728449562128906	31245000
chr5	31250000	31260000	1.3339452917767889	31255000
chr5	31260000	31270000	1.9893904816334487	31265000
chr5	31270000	31280000	1.804793107924589	31275000
chr5	31280000	31290000	2.5388398118881326	31285000
chr5	31290000	31300000	1.1805423674701683	31295000
chr5	31300000	31310000	1.170415216355008	31305000
chr5	31310000	31320000	2.6969372288055675	31315000
chr5	31320000	31330000	3.940745626129234	31325000
chr5	31330000	31340000	0.9392845565308365	31335000
chr5	31340000	31350000	1.1138897466783917	31345000
chr5	31350000	31360000	1.3107527934924332	31355000
chr5	31360000	31370000	1.562822973555328	31365000
chr5	31370000	31380000	0.8053251168881763	31375000
chr5	31380000	31390000	1.4506146373631892	31385000
chr5	31390000	31400000	1.330797366667907	31395000
chr5	31400000	31410000	1.955231348781992	31405000
chr5	31410000	31420000	2.0972438854828783	31415000
chr5	31420000	31430000	0.5022256130606398	31425000
chr5	31430000	31440000	0.7615748475367934	31435000
chr5	31440000	31450000	0.7564124479899917	31445000
chr5	31450000	31460000	1.1613144057091431	31455000
chr5	31460000	31470000	1.0192023749825474	31465000
chr5	31470000	31480000	0.883940689838175	31475000
chr5	31480000	31490000	0.48847353054436793	31485000
chr5	31490000	31500000	0.7574457169248043	31495000
chr5	31500000	31510000	0.4853822326102511	31505000
chr5	31510000	31520000	0.6303687945541336	31515000
chr5	31520000	31530000	1.1041020002017976	31525000
chr5	31530000	31540000	1.3918523478880145	31535000
chr5	31540000	31550000	1.5082117688871217	31545000
chr5	31550000	31560000	0.6385448639340298	31555000
chr5	31560000	31570000	0.946925712243098	31565000
chr5	31570000	31580000	1.245288941547528	31575000
chr5	31580000	31590000	1.8439332231717236	31585000
chr5	31590000	31600000	1.1754211231391256	31595000
chr5	31600000	31610000	0.7502628577997849	31605000
chr5	31610000	31620000	0.5384301756845781	31615000
chr5	31620000	31630000	1.1222708571111708	31625000
chr5	31630000	31640000	0.8169223019262933	31635000
chr5	31640000	31650000	1.771894091180945	31645000
chr5	31650000	31660000	1.29083629156999	31655000
chr5	31660000	31670000	0.6306579354324825	31665000
chr5	31670000	31680000	1.4813887631269025	31675000
chr5	31680000	31690000	1.7391703845537354	31685000
chr5	31690000	31700000	1.1218867384606108	31695000
chr5	31700000	31710000	2.208834465875805	31705000
chr5	31710000	31720000	0.902258761594135	31715000
chr5	31720000	31730000	0.5489863758021393	31725000
chr5	31730000	31740000	3.4960564589780763	31735000
chr5	31740000	31750000	1.7023722812237454	31745000
chr5	31750000	31760000	1.0436677632968727	31755000
chr5	31760000	31770000	0.9093935160800216	31765000
chr5	31770000	31780000	1.060101428494153	31775000
chr5	31780000	31790000	0.8487169857702582	31785000
chr5	31790000	31800000	1.9041640724364075	31795000
chr5	31800000	31810000	2.1640135134533973	31805000
chr5	31810000	31820000	2.823929249547598	31815000
chr5	31820000	31830000	2.6462901301156734	31825000
chr5	31830000	31840000	1.7651786063641384	31835000
chr5	31840000	31850000	0.9983453708286584	31845000
chr5	31850000	31860000	1.2755991526905426	31855000
chr5	31860000	31870000	2.084712605335308	31865000
chr5	31870000	31880000	4.251517630843854	31875000
chr5	31880000	31890000	2.1982027023386084	31885000
chr5	31890000	31900000	1.9999248609635976	31895000
chr5	31900000	31910000	1.4779347162639218	31905000
chr5	31910000	31920000	1.2081771583447494	31915000
chr5	31920000	31930000	1.8051481541961953	31925000
chr5	31930000	31940000	1.4832770851479489	31935000
chr5	31940000	31950000	2.503040868130613	31945000
chr5	31950000	31960000	2.179346584297726	31955000
chr5	31960000	31970000	1.1353111255544954	31965000
chr5	31970000	31980000	1.793741991202218	31975000
chr5	31980000	31990000	1.8843843402816258	31985000
chr5	31990000	32000000	4.071710959083302	31995000
chr5	32000000	32010000	3.0924274888520187	32005000
chr5	32010000	32020000	4.579492211080001	32015000
chr5	32020000	32030000	5.831430663559653	32025000
chr5	32030000	32040000	2.839290097589659	32035000
chr5	32040000	32050000	4.773577802652954	32045000
chr5	32050000	32060000	1.545906453391709	32055000
chr5	32060000	32070000	0.5132042012430554	32065000
chr5	32070000	32080000	0.5252795557876326	32075000
chr5	32080000	32090000	0.6622205314821262	32085000
chr5	32090000	32100000	0.7585521012253825	32095000
chr5	32100000	32110000	1.502458049373529	32105000
chr5	32110000	32120000	11.480419322269844	32115000
chr5	32120000	32130000	3.2234828497147445	32125000
chr5	32130000	32140000	0.7290254651288552	32135000
chr5	32140000	32150000	0.9767731330504555	32145000
chr5	32150000	32160000	0.6565349882813412	32155000
chr5	32160000	32170000	0.11439492224238533	32165000
chr5	32170000	32180000	0.2573590243545796	32175000
chr5	32180000	32190000	0.40064081973269616	32185000
chr5	32190000	32200000	3.3984604363616557	32195000
chr5	32200000	32210000	2.2327874666097984	32205000
chr5	32210000	32220000	2.5906294580399942	32215000
chr5	32220000	32230000	1.3824965906898499	32225000
chr5	32230000	32240000	0.9499565532488747	32235000
chr5	32240000	32250000	0.895033026912276	32245000
chr5	32250000	32260000	0.6817953941086257	32255000
chr5	32260000	32270000	0.48330111265258424	32265000
chr5	32270000	32280000	0.9484592228085392	32275000
chr5	32280000	32290000	1.1820429361777098	32285000
chr5	32290000	32300000	1.246967189049166	32295000
chr5	32300000	32310000	2.2519515924977362	32305000
chr5	32310000	32320000	2.643083700834537	32315000
chr5	32320000	32330000	4.322978514675423	32325000
chr5	32330000	32340000	3.1386650939499665	32335000
chr5	32340000	32350000	7.830843259836439	32345000
chr5	32350000	32360000	2.1608556889042188	32355000
chr5	32360000	32370000	2.3985536829636884	32365000
chr5	32370000	32380000	1.74697074534734	32375000
chr5	32380000	32390000	6.056496974523055	32385000
chr5	32390000	32400000	2.8234487917160296	32395000
chr5	32400000	32410000	4.866162681406252	32405000
chr5	32410000	32420000	6.7024943030822985	32415000
chr5	32420000	32430000	2.8740790728643937	32425000
chr5	32430000	32440000	7.76187084387319	32435000
chr5	32440000	32450000	1.7281191351945497	32445000
chr5	32450000	32460000	1.5500725805331768	32455000
chr5	32460000	32470000	3.0082696044982855	32465000
chr5	32470000	32480000	2.415562769793768	32475000
chr5	32480000	32490000	3.207554746411894	32485000
chr5	32490000	32500000	1.8363884963538757	32495000
chr5	32500000	32510000	0.6855020995591401	32505000
chr5	32510000	32520000	1.033954572613176	32515000
chr5	32520000	32530000	10.743028197252702	32525000
chr5	32530000	32540000	0.7024738255753632	32535000
chr5	32540000	32550000	1.4683133371687478	32545000
chr5	32550000	32560000	0.6032467782687356	32555000
chr5	32560000	32570000	3.4122609445475263	32565000
chr5	32570000	32580000	1.5096364662571478	32575000
chr5	32580000	32590000	0.6198513347667831	32585000
chr5	32590000	32600000	0.7405710940516859	32595000
chr5	32600000	32610000	0.3849955837743022	32605000
chr5	32610000	32620000	0.5403851630665162	32615000
chr5	32620000	32630000	1.0036557199879843	32625000
chr5	32630000	32640000	1.5870647261314208	32635000
chr5	32640000	32650000	1.1097580448226367	32645000
chr5	32650000	32660000	1.4210298176802014	32655000
chr5	32660000	32670000	1.2778286595808594	32665000
chr5	32670000	32680000	1.6305712510945058	32675000
chr5	32680000	32690000	1.1535184905261362	32685000
chr5	32690000	32700000	0.6142593832971537	32695000
chr5	32700000	32710000	1.6311766888589678	32705000
chr5	32710000	32720000	7.402847691631815	32715000
chr5	32720000	32730000	5.277428075138852	32725000
chr5	32730000	32740000	3.7250809384741475	32735000
chr5	32740000	32750000	5.981965782383871	32745000
chr5	32750000	32760000	0.848050996592467	32755000
chr5	32760000	32770000	0.3551603132348452	32765000
chr5	32770000	32780000	3.1268410057749425	32775000
chr5	32780000	32790000	3.215848157573018	32785000
chr5	32790000	32800000	1.006832320659874	32795000
chr5	32800000	32810000	8.946121070419732	32805000
chr5	32810000	32820000	2.1971728183437538	32815000
chr5	32820000	32830000	1.6223745904544289	32825000
chr5	32830000	32840000	0.7448526189224158	32835000
chr5	32840000	32850000	1.1189148380618252	32845000
chr5	32850000	32860000	2.2289973043822418	32855000
chr5	32860000	32870000	5.556762821560249	32865000
chr5	32870000	32880000	0.9996733259704205	32875000
chr5	32880000	32890000	1.3818258673412174	32885000
chr5	32890000	32900000	2.7515458308810685	32895000
chr5	32900000	32910000	2.013443872695276	32905000
chr5	32910000	32920000	2.784645681754709	32915000
chr5	32920000	32930000	0.5900281847267385	32925000
chr5	32930000	32940000	4.442768310654524	32935000
chr5	32940000	32950000	6.03643925924419	32945000
chr5	32950000	32960000	1.1742962510237558	32955000
chr5	32960000	32970000	2.1386212263589446	32965000
chr5	32970000	32980000	1.810569355967162	32975000
chr5	32980000	32990000	2.126653085916484	32985000
chr5	32990000	33000000	1.638167351416143	32995000
chr5	33000000	33010000	2.6480954966491237	33005000
chr5	33010000	33020000	1.3348979238037029	33015000
chr5	33020000	33030000	7.2904000293308	33025000
chr5	33030000	33040000	3.7197446896645316	33035000
chr5	33040000	33050000	2.141139699829285	33045000
chr5	33050000	33060000	2.596221087665986	33055000
chr5	33060000	33070000	3.006265001250358	33065000
chr5	33070000	33080000	19.034702718045256	33075000
chr5	33080000	33090000	0.7869833545344062	33085000
chr5	33090000	33100000	6.675167302031901	33095000
chr5	33100000	33110000	1.8679734006836608	33105000
chr5	33110000	33120000	0.8050175996585044	33115000
chr5	33120000	33130000	0.8742204150082261	33125000
chr5	33130000	33140000	6.269458899803293	33135000
chr5	33140000	33150000	5.131453308143828	33145000
chr5	33150000	33160000	6.244087900311344	33155000
chr5	33160000	33170000	4.343605642335099	33165000
chr5	33170000	33180000	5.659437166678	33175000
chr5	33180000	33190000	0.6614195040492084	33185000
chr5	33190000	33200000	3.8335394999944152	33195000
chr5	33200000	33210000	2.5633313784927174	33205000
chr5	33210000	33220000	1.3559776883405783	33215000
chr5	33220000	33230000	2.004749267151775	33225000
chr5	33230000	33240000	2.4304264507852853	33235000
chr5	33240000	33250000	4.070631401887231	33245000
chr5	33250000	33260000	3.1184627450008064	33255000
chr5	33260000	33270000	1.6135338187017318	33265000
chr5	33270000	33280000	2.6035810397304484	33275000
chr5	33280000	33290000	2.2685546369737017	33285000
chr5	33290000	33300000	1.3767040536818322	33295000
chr5	33300000	33310000	5.594750464928072	33305000
chr5	33310000	33320000	0.8391158732207268	33315000
chr5	33320000	33330000	7.959338311252115	33325000
chr5	33330000	33340000	1.9267671156707067	33335000
chr5	33340000	33350000	1.4508709164512343	33345000
chr5	33350000	33360000	7.202280363617026	33355000
chr5	33360000	33370000	3.664571715213305	33365000
chr5	33370000	33380000	0.8207960608580286	33375000
chr5	33380000	33390000	1.2337259695657052	33385000
chr5	33390000	33400000	1.3025439869855058	33395000
chr5	33400000	33410000	1.6635857447024727	33405000
chr5	33410000	33420000	2.706465873691053	33415000
chr5	33420000	33430000	1.3011466188533478	33425000
chr5	33430000	33440000	1.3352535557271625	33435000
chr5	33440000	33450000	1.9491720160027373	33445000
chr5	33450000	33460000	2.4294675684304377	33455000
chr5	33460000	33470000	5.665863257392459	33465000
chr5	33470000	33480000	4.172402089539941	33475000
chr5	33480000	33490000	3.3321776567577337	33485000
chr5	33490000	33500000	2.0552570218033646	33495000
chr5	33500000	33510000	2.2505534624918773	33505000
chr5	33510000	33520000	2.7051909653800355	33515000
chr5	33520000	33530000	7.841369924154628	33525000
chr5	33530000	33540000	6.482474753386046	33535000
chr5	33540000	33550000	6.589146728130221	33545000
chr5	33550000	33560000	3.4657640030955195	33555000
chr5	33560000	33570000	0.9786926935394705	33565000
chr5	33570000	33580000	4.9500645321089225	33575000
chr5	33580000	33590000	3.0841846102994577	33585000
chr5	33590000	33600000	2.3826300589805687	33595000
chr5	33600000	33610000	1.678817757901609	33605000
chr5	33610000	33620000	1.717800061178339	33615000
chr5	33620000	33630000	3.207161759601284	33625000
chr5	33630000	33640000	2.1805935528792793	33635000
chr5	33640000	33650000	2.7521645110392257	33645000
chr5	33650000	33660000	2.1409769806023595	33655000
chr5	33660000	33670000	4.60285276200124	33665000
chr5	33670000	33680000	1.5634784935508759	33675000
chr5	33680000	33690000	1.9541548864474136	33685000
chr5	33690000	33700000	1.629459871046219	33695000
chr5	33700000	33710000	2.0938246125208146	33705000
chr5	33710000	33720000	2.928291665741093	33715000
chr5	33720000	33730000	1.393371044829167	33725000
chr5	33730000	33740000	1.569536771903893	33735000
chr5	33740000	33750000	2.720992099447234	33745000
chr5	33750000	33760000	2.0970266319941344	33755000
chr5	33760000	33770000	4.383612540889143	33765000
chr5	33770000	33780000	2.12616599154369	33775000
chr5	33780000	33790000	1.9854575362892635	33785000
chr5	33790000	33800000	1.8692719239396263	33795000
chr5	33800000	33810000	2.780418189559698	33805000
chr5	33810000	33820000	2.551204065528105	33815000
chr5	33820000	33830000	1.5596348328834695	33825000
chr5	33830000	33840000	1.9600961004994102	33835000
chr5	33840000	33850000	1.1721651160005258	33845000
chr5	33850000	33860000	0.9065818256781562	33855000
chr5	33860000	33870000	3.1082839860961617	33865000
chr5	33870000	33880000	3.092945634613996	33875000
chr5	33880000	33890000	1.0832713144681005	33885000
chr5	33890000	33900000	2.903936971714062	33895000
chr5	33900000	33910000	6.079273850222272	33905000
chr5	33910000	33920000	2.8284148217145115	33915000
chr5	33920000	33930000	1.9309706894908691	33925000
chr5	33930000	33940000	0.7507884916138091	33935000
chr5	33940000	33950000	4.935678001271576	33945000
chr5	33950000	33960000	2.1905572127700674	33955000
chr5	33960000	33970000	0.6546532798330609	33965000
chr5	33970000	33980000	0.9740049517242562	33975000
chr5	33980000	33990000	2.937431357040884	33985000
chr5	33990000	34000000	1.8605377124499134	33995000
chr5	34000000	34010000	2.7044775130951364	34005000
chr5	34010000	34020000	3.992890620358958	34015000
chr5	34020000	34030000	3.838562337436909	34025000
chr5	34030000	34040000	2.613690735404778	34035000
chr5	34040000	34050000	2.062844208651739	34045000
chr5	34050000	34060000	1.0983714055229754	34055000
chr5	34060000	34070000	3.4504995660590465	34065000
chr5	34070000	34080000	2.308225033264712	34075000
chr5	34080000	34090000	6.627489178150652	34085000
chr5	34090000	34100000	2.9622595717685085	34095000
chr5	34100000	34110000	8.131136540253937	34105000
chr5	34110000	34120000	3.7111904740807056	34115000
chr5	34120000	34130000	2.4367145236956893	34125000
chr5	34130000	34140000	3.1205403086447103	34135000
chr5	34140000	34150000	5.09888777903311	34145000
chr5	34150000	34160000	4.288191840747593	34155000
chr5	34160000	34170000	1.7038211008800062	34165000
chr5	34170000	34180000	3.3126772884996667	34175000
chr5	34180000	34190000	2.6929428130949686	34185000
chr5	34190000	34200000	1.0155973842441133	34195000
chr5	34200000	34210000	1.9483472685118282	34205000
chr5	34210000	34220000	1.3434376238045063	34215000
chr5	34220000	34230000	2.780685481964022	34225000
chr5	34230000	34240000	1.4527719271619453	34235000
chr5	34240000	34250000	2.3251304591084745	34245000
chr5	34250000	34260000	1.6969242206762165	34255000
chr5	34260000	34270000	3.3342622781709093	34265000
chr5	34270000	34280000	2.9721556253537242	34275000
chr5	34280000	34290000	0.8175800664469488	34285000
chr5	34290000	34300000	2.024652185515586	34295000
chr5	34300000	34310000	5.599637352889642	34305000
chr5	34310000	34320000	2.2769628702205273	34315000
chr5	34320000	34330000	4.489914130578355	34325000
chr5	34330000	34340000	2.964562062988398	34335000
chr5	34340000	34350000	3.4829633668145927	34345000
chr5	34350000	34360000	3.7045656555124147	34355000
chr5	34360000	34370000	2.671666856055453	34365000
chr5	34370000	34380000	7.125624764128451	34375000
chr5	34380000	34390000	0.4572834892953759	34385000
chr5	34390000	34400000	0.5259819425723099	34395000
chr5	34400000	34410000	0.9599212706512554	34405000
chr5	34410000	34420000	6.6303628271553965	34415000
chr5	34420000	34430000	1.0630735223578247	34425000
chr5	34430000	34440000	3.6785328025360426	34435000
chr5	34440000	34450000	1.1627716113368893	34445000
chr5	34450000	34460000	4.98411689320462	34455000
chr5	34460000	34470000	2.752034436400323	34465000
chr5	34470000	34480000	1.670049179671608	34475000
chr5	34480000	34490000	2.7969324579598576	34485000
chr5	34490000	34500000	1.9944946459341457	34495000
chr5	34500000	34510000	7.5912124666853185	34505000
chr5	34510000	34520000	1.1834818342329392	34515000
chr5	34520000	34530000	0.8304894320278732	34525000
chr5	34530000	34540000	0.5573952213275479	34535000
chr5	34540000	34550000	13.1626900551021	34545000
chr5	34550000	34560000	0.8511239951658276	34555000
chr5	34560000	34570000	0.8920403536681093	34565000
chr5	34570000	34580000	1.066298659668771	34575000
chr5	34580000	34590000	11.864380876662427	34585000
chr5	34590000	34600000	13.131425605224138	34595000
chr5	34600000	34610000	6.621730057891748	34605000
chr5	34610000	34620000	15.07716051301242	34615000
chr5	34620000	34630000	3.462738606393468	34625000
chr5	34630000	34640000	2.9352612388569175	34635000
chr5	34640000	34650000	3.419387363962477	34645000
chr5	34650000	34660000	1.2628615290011789	34655000
chr5	34660000	34670000	4.014225781437245	34665000
chr5	34670000	34680000	1.15475938711938	34675000
chr5	34680000	34690000	2.177748868153729	34685000
chr5	34690000	34700000	2.705808586306772	34695000
chr5	34700000	34710000	0.915225348810526	34705000
chr5	34710000	34720000	0.6440149901436715	34715000
chr5	34720000	34730000	0.7764385165659978	34725000
chr5	34730000	34740000	8.538423064894316	34735000
chr5	34740000	34750000	0.9586773133405496	34745000
chr5	34750000	34760000	0.9850707671350021	34755000
chr5	34760000	34770000	0.6835388029431908	34765000
chr5	34770000	34780000	0.3018592375218587	34775000
chr5	34780000	34790000	0.5591099681252253	34785000
chr5	34790000	34800000	0.6511734642236887	34795000
chr5	34800000	34810000	0.7098547306495575	34805000
chr5	34810000	34820000	1.9377099633408281	34815000
chr5	34820000	34830000	1.2937434163851307	34825000
chr5	34830000	34840000	3.307995333566971	34835000
chr5	34840000	34850000	2.6743162779206786	34845000
chr5	34850000	34860000	2.704843751679869	34855000
chr5	34860000	34870000	1.0106141950559477	34865000
chr5	34870000	34880000	2.819035982383085	34875000
chr5	34880000	34890000	1.5866113194056826	34885000
chr5	34890000	34900000	4.378737928657533	34895000
chr5	34900000	34910000	1.338576330691	34905000
chr5	34910000	34920000	0.7223943118575229	34915000
chr5	34920000	34930000	1.0376498401542646	34925000
chr5	34930000	34940000	0.7357428588829102	34935000
chr5	34940000	34950000	0.7555030756414288	34945000
chr5	34950000	34960000	0.7942400427208741	34955000
chr5	34960000	34970000	0.9927172890323	34965000
chr5	34970000	34980000	0.8990540360862436	34975000
chr5	34980000	34990000	3.939352732165063	34985000
chr5	34990000	35000000	4.515129496599594	34995000
chr5	35000000	35010000	5.75785368947596	35005000
chr5	35010000	35020000	2.535941737670049	35015000
chr5	35020000	35030000	3.225561688595023	35025000
chr5	35030000	35040000	0.3792490114020215	35035000
chr5	35040000	35050000	0.9484655913297615	35045000
chr5	35050000	35060000	1.1320540130524206	35055000
chr5	35060000	35070000	4.161866436978722	35065000
chr5	35070000	35080000	1.357295364669092	35075000
chr5	35080000	35090000	0.8020973980128587	35085000
chr5	35090000	35100000	1.5885804440697218	35095000
chr5	35100000	35110000	1.0898247480035697	35105000
chr5	35110000	35120000	0.8438049003764406	35115000
chr5	35120000	35130000	2.105231831838662	35125000
chr5	35130000	35140000	2.9717306384642646	35135000
chr5	35140000	35150000	2.688907971388964	35145000
chr5	35150000	35160000	1.866797406357876	35155000
chr5	35160000	35170000	2.5583258875948047	35165000
chr5	35170000	35180000	2.554615388165246	35175000
chr5	35180000	35190000	2.4294434370512294	35185000
chr5	35190000	35200000	1.143436733831826	35195000
chr5	35200000	35210000	1.809026717305487	35205000
chr5	35210000	35220000	2.7136031873703566	35215000
chr5	35220000	35230000	7.139658942996278	35225000
chr5	35230000	35240000	1.9477913204157167	35235000
chr5	35240000	35250000	1.7514024795359238	35245000
chr5	35250000	35260000	2.611299616649454	35255000
chr5	35260000	35270000	1.7728647195689602	35265000
chr5	35270000	35280000	1.6252877022865215	35275000
chr5	35280000	35290000	1.5467648316002853	35285000
chr5	35290000	35300000	3.08725082111459	35295000
chr5	35300000	35310000	1.0636664579548516	35305000
chr5	35310000	35320000	3.4129657779277376	35315000
chr5	35320000	35330000	2.8952300947973937	35325000
chr5	35330000	35340000	1.2172906553799734	35335000
chr5	35340000	35350000	0.8848655707474585	35345000
chr5	35350000	35360000	0.8755350185773411	35355000
chr5	35360000	35370000	3.9669468995457646	35365000
chr5	35370000	35380000	1.0178233283944387	35375000
chr5	35380000	35390000	1.0630536347109991	35385000
chr5	35390000	35400000	7.738143718768193	35395000
chr5	35400000	35410000	2.4467586926666027	35405000
chr5	35410000	35420000	1.567210594919113	35415000
chr5	35420000	35430000	0.6593774463872996	35425000
chr5	35430000	35440000	0.7057770332333041	35435000
chr5	35440000	35450000	2.0731559106318507	35445000
chr5	35450000	35460000	2.4831350411038597	35455000
chr5	35460000	35470000	1.4273644032207402	35465000
chr5	35470000	35480000	0.633057043704838	35475000
chr5	35480000	35490000	1.327059864565646	35485000
chr5	35490000	35500000	0.7378016616644226	35495000
chr5	35500000	35510000	0.08754626182413518	35505000
chr5	35510000	35520000	0.225608288327052	35515000
chr5	35520000	35530000	0.37521656302644013	35525000
chr5	35530000	35540000	0.9895284046660816	35535000
chr5	35540000	35550000	3.213828914281555	35545000
chr5	35550000	35560000	1.4428243788551367	35555000
chr5	35560000	35570000	2.2818845986167373	35565000
chr5	35570000	35580000	0.6007890366682865	35575000
chr5	35580000	35590000	4.90404223213267	35585000
chr5	35590000	35600000	0.6760983734198489	35595000
chr5	35600000	35610000	2.8392315181653305	35605000
chr5	35610000	35620000	1.6178389512733882	35615000
chr5	35620000	35630000	0.7283928940624966	35625000
chr5	35630000	35640000	0.719068431952425	35635000
chr5	35640000	35650000	0.7370113352260159	35645000
chr5	35650000	35660000	3.8033129368344825	35655000
chr5	35660000	35670000	1.112309725961175	35665000
chr5	35670000	35680000	1.1470204362648584	35675000
chr5	35680000	35690000	0.9030645763021393	35685000
chr5	35690000	35700000	2.119220094966828	35695000
chr5	35700000	35710000	1.5876360510813263	35705000
chr5	35710000	35720000	2.4909289906847594	35715000
chr5	35720000	35730000	2.3255342100610745	35725000
chr5	35730000	35740000	2.2311441869418256	35735000
chr5	35740000	35750000	2.567950953505351	35745000
chr5	35750000	35760000	1.34862129246304	35755000
chr5	35760000	35770000	1.3378142735595848	35765000
chr5	35770000	35780000	5.195663636297871	35775000
chr5	35780000	35790000	1.727901125681745	35785000
chr5	35790000	35800000	1.0330488254932797	35795000
chr5	35800000	35810000	1.380384229938932	35805000
chr5	35810000	35820000	0.7842383943402368	35815000
chr5	35820000	35830000	1.0974106797621643	35825000
chr5	35830000	35840000	3.94234733555375	35835000
chr5	35840000	35850000	0.8617044263592512	35845000
chr5	35850000	35860000	1.4611022540483602	35855000
chr5	35860000	35870000	0.7339250613129742	35865000
chr5	35870000	35880000	0.701290237242668	35875000
chr5	35880000	35890000	1.0018809569982212	35885000
chr5	35890000	35900000	1.0877585591840127	35895000
chr5	35900000	35910000	1.2785706258264424	35905000
chr5	35910000	35920000	3.6344494234195404	35915000
chr5	35920000	35930000	0.8658489036085775	35925000
chr5	35930000	35940000	0.8574556288901091	35935000
chr5	35940000	35950000	1.8058683537469211	35945000
chr5	35950000	35960000	0.5032606101606901	35955000
chr5	35960000	35970000	0.7751468292410147	35965000
chr5	35970000	35980000	0.33153679379850703	35975000
chr5	35980000	35990000	0.7971550222711316	35985000
chr5	35990000	36000000	1.7662805753729476	35995000
chr5	36000000	36010000	4.722946359675372	36005000
chr5	36010000	36020000	2.606501979434153	36015000
chr5	36020000	36030000	2.44714550175294	36025000
chr5	36030000	36040000	1.1701734330254108	36035000
chr5	36040000	36050000	1.7141287303449575	36045000
chr5	36050000	36060000	2.8387604449574186	36055000
chr5	36060000	36070000	1.7168905908528527	36065000
chr5	36070000	36080000	1.381821040786429	36075000
chr5	36080000	36090000	1.3034172114605338	36085000
chr5	36090000	36100000	1.2787236897666812	36095000
chr5	36100000	36110000	0.4711019458337246	36105000
chr5	36110000	36120000	1.0715046373414754	36115000
chr5	36120000	36130000	0.8756656393131805	36125000
chr5	36130000	36140000	1.603834001404002	36135000
chr5	36140000	36150000	1.596249538125696	36145000
chr5	36150000	36160000	1.4682609074728474	36155000
chr5	36160000	36170000	1.1439203260566495	36165000
chr5	36170000	36180000	0.8670199321769583	36175000
chr5	36180000	36190000	0.9764846344376226	36185000
chr5	36190000	36200000	0.562363432798517	36195000
chr5	36200000	36210000	0.33169417452453503	36205000
chr5	36210000	36220000	0.7268590995870612	36215000
chr5	36220000	36230000	2.5968432422475316	36225000
chr5	36230000	36240000	0.8530311498342928	36235000
chr5	36240000	36250000	0.6752079925869241	36245000
chr5	36250000	36260000	0.9021539696481317	36255000
chr5	36260000	36270000	0.7538025651841367	36265000
chr5	36270000	36280000	1.349642850792132	36275000
chr5	36280000	36290000	0.8115171166451598	36285000
chr5	36290000	36300000	0.3949668409534786	36295000
chr5	36300000	36310000	0.23074951460533874	36305000
chr5	36310000	36320000	1.1290572248356583	36315000
chr5	36320000	36330000	0.3650219527082383	36325000
chr5	36330000	36340000	1.127485513745277	36335000
chr5	36340000	36350000	0.6348907963502051	36345000
chr5	36350000	36360000	0.9191172276595241	36355000
chr5	36360000	36370000	1.366852609517811	36365000
chr5	36370000	36380000	1.5580527527876697	36375000
chr5	36380000	36390000	1.279283838136755	36385000
chr5	36390000	36400000	1.678570985838679	36395000
chr5	36400000	36410000	1.2134497932331263	36405000
chr5	36410000	36420000	0.6334836841620375	36415000
chr5	36420000	36430000	0.8176519030090984	36425000
chr5	36430000	36440000	1.1659149940473612	36435000
chr5	36440000	36450000	1.5587701787656034	36445000
chr5	36450000	36460000	1.0366483136578823	36455000
chr5	36460000	36470000	2.4381267225557592	36465000
chr5	36470000	36480000	1.9732469300556774	36475000
chr5	36480000	36490000	1.3646859177012243	36485000
chr5	36490000	36500000	6.234766733993153	36495000
chr5	36500000	36510000	4.945754578802325	36505000
chr5	36510000	36520000	4.526813612109008	36515000
chr5	36520000	36530000	5.125023234259739	36525000
chr5	36530000	36540000	3.3190113584827055	36535000
chr5	36540000	36550000	2.6984262748190737	36545000
chr5	36550000	36560000	1.8837936051253235	36555000
chr5	36560000	36570000	2.8377191745379604	36565000
chr5	36570000	36580000	4.593069186840919	36575000
chr5	36580000	36590000	4.625354183919828	36585000
chr5	36590000	36600000	3.358258912867814	36595000
chr5	36600000	36610000	2.3866035585254766	36605000
chr5	36610000	36620000	1.509538629144814	36615000
chr5	36620000	36630000	2.6505419069303686	36625000
chr5	36630000	36640000	1.655069813946776	36635000
chr5	36640000	36650000	2.110487625472161	36645000
chr5	36650000	36660000	1.4443828532181178	36655000
chr5	36660000	36670000	3.9073412249483113	36665000
chr5	36670000	36680000	1.590365871161822	36675000
chr5	36680000	36690000	0.9808364618384582	36685000
chr5	36690000	36700000	0.9814435951815453	36695000
chr5	36700000	36710000	1.0558653034817433	36705000
chr5	36710000	36720000	0.8180614204166554	36715000
chr5	36720000	36730000	1.3140552565106338	36725000
chr5	36730000	36740000	1.4647755156278501	36735000
chr5	36740000	36750000	2.0235353910835747	36745000
chr5	36750000	36760000	1.9375516630970873	36755000
chr5	36760000	36770000	3.358020010565913	36765000
chr5	36770000	36780000	1.9556991372302446	36775000
chr5	36780000	36790000	0.8786761270001939	36785000
chr5	36790000	36800000	1.1483168340524714	36795000
chr5	36800000	36810000	2.1251135387873363	36805000
chr5	36810000	36820000	1.495783390403628	36815000
chr5	36820000	36830000	0.9726437863820432	36825000
chr5	36830000	36840000	1.3153052881042735	36835000
chr5	36840000	36850000	4.12679638928826	36845000
chr5	36850000	36860000	2.469141183435775	36855000
chr5	36860000	36870000	2.6425131894658387	36865000
chr5	36870000	36880000	8.39454662039204	36875000
chr5	36880000	36890000	1.9406267800134325	36885000
chr5	36890000	36900000	2.1429732855294823	36895000
chr5	36900000	36910000	1.5631484366256168	36905000
chr5	36910000	36920000	1.2403008260122133	36915000
chr5	36920000	36930000	8.743194106848065	36925000
chr5	36930000	36940000	5.445581354342813	36935000
chr5	36940000	36950000	6.375887093057884	36945000
chr5	36950000	36960000	2.9991479163826136	36955000
chr5	36960000	36970000	3.973615519272008	36965000
chr5	36970000	36980000	3.195512575133485	36975000
chr5	36980000	36990000	1.6384774796423014	36985000
chr5	36990000	37000000	2.604030448652531	36995000
chr5	37000000	37010000	5.884847161309322	37005000
chr5	37010000	37020000	4.10381973470473	37015000
chr5	37020000	37030000	4.165515801661779	37025000
chr5	37030000	37040000	4.3899197811349815	37035000
chr5	37040000	37050000	2.2904258968605307	37045000
chr5	37050000	37060000	4.520698479331894	37055000
chr5	37060000	37070000	2.2764463748552815	37065000
chr5	37070000	37080000	2.8086816477024175	37075000
chr5	37080000	37090000	4.923689401085308	37085000
chr5	37090000	37100000	3.7910945020371045	37095000
chr5	37100000	37110000	2.8658799684933105	37105000
chr5	37110000	37120000	0.3502336849551843	37115000
chr5	37120000	37130000	0.29461093284978124	37125000
chr5	37130000	37140000	0.9144218143930881	37135000
chr5	37140000	37150000	2.5335325377342692	37145000
chr5	37150000	37160000	1.0018962057096752	37155000
chr5	37160000	37170000	2.031061677889186	37165000
chr5	37170000	37180000	2.5407468590278945	37175000
chr5	37180000	37190000	4.812479634158743	37185000
chr5	37190000	37200000	11.935033754696216	37195000
chr5	37200000	37210000	8.817945471921366	37205000
chr5	37210000	37220000	5.043589032001329	37215000
chr5	37220000	37230000	3.8765141203127595	37225000
chr5	37230000	37240000	0.9265345495260681	37235000
chr5	37240000	37250000	2.442439845282251	37245000
chr5	37250000	37260000	1.2636817673820275	37255000
chr5	37260000	37270000	2.4555978346410896	37265000
chr5	37270000	37280000	2.247743090451348	37275000
chr5	37280000	37290000	2.8924921259270002	37285000
chr5	37290000	37300000	8.848709095858316	37295000
chr5	37300000	37310000	2.798095221881891	37305000
chr5	37310000	37320000	4.0424288033185	37315000
chr5	37320000	37330000	3.658003845135557	37325000
chr5	37330000	37340000	1.6909643919848385	37335000
chr5	37340000	37350000	11.103109801884214	37345000
chr5	37350000	37360000	2.2333044180008916	37355000
chr5	37360000	37370000	1.014787271803143	37365000
chr5	37370000	37380000	1.133285190492087	37375000
chr5	37380000	37390000	0.66042347575402	37385000
chr5	37390000	37400000	0.6166746068381123	37395000
chr5	37400000	37410000	0.7709629517627928	37405000
chr5	37410000	37420000	1.6686540753589492	37415000
chr5	37420000	37430000	10.079264746059943	37425000
chr5	37430000	37440000	3.0709263413623202	37435000
chr5	37440000	37450000	3.5165023827555713	37445000
chr5	37450000	37460000	2.887935331256394	37455000
chr5	37460000	37470000	2.112423284654863	37465000
chr5	37470000	37480000	7.257935253076456	37475000
chr5	37480000	37490000	1.095191477859546	37485000
chr5	37490000	37500000	0.658500513300875	37495000
chr5	37500000	37510000	4.149507470306545	37505000
chr5	37510000	37520000	1.3022579649853552	37515000
chr5	37520000	37530000	6.378736828780519	37525000
chr5	37530000	37540000	4.775151525508843	37535000
chr5	37540000	37550000	2.712851345077116	37545000
chr5	37550000	37560000	3.6108952009326645	37555000
chr5	37560000	37570000	10.261897503417115	37565000
chr5	37570000	37580000	7.981195616298924	37575000
chr5	37580000	37590000	10.73600636178471	37585000
chr5	37590000	37600000	3.0204917946426724	37595000
chr5	37600000	37610000	4.251885889908801	37605000
chr5	37610000	37620000	9.84002970936404	37615000
chr5	37620000	37630000	4.766309096782139	37625000
chr5	37630000	37640000	3.482103249280449	37635000
chr5	37640000	37650000	2.6521390679406047	37645000
chr5	37650000	37660000	13.434463870058469	37655000
chr5	37660000	37670000	4.068659913499647	37665000
chr5	37670000	37680000	4.456421734988756	37675000
chr5	37680000	37690000	4.079402109895237	37685000
chr5	37690000	37700000	3.7280032516786386	37695000
chr5	37700000	37710000	3.3467350767188138	37705000
chr5	37710000	37720000	14.621730125103875	37715000
chr5	37720000	37730000	3.703812801767082	37725000
chr5	37730000	37740000	1.4615359976674376	37735000
chr5	37740000	37750000	2.7914727064299263	37745000
chr5	37750000	37760000	2.7742455681132965	37755000
chr5	37760000	37770000	2.767307814486234	37765000
chr5	37770000	37780000	1.4383622860977643	37775000
chr5	37780000	37790000	1.5651253527128628	37785000
chr5	37790000	37800000	2.994067709278443	37795000
chr5	37800000	37810000	2.5433428533850484	37805000
chr5	37810000	37820000	1.9125521750679946	37815000
chr5	37820000	37830000	3.080118727856042	37825000
chr5	37830000	37840000	2.1242732431538704	37835000
chr5	37840000	37850000	1.5923518152229457	37845000
chr5	37850000	37860000	1.3245297051465887	37855000
chr5	37860000	37870000	1.6687983829538178	37865000
chr5	37870000	37880000	2.3418338245681265	37875000
chr5	37880000	37890000	1.2491932261578296	37885000
chr5	37890000	37900000	1.6156509794880218	37895000
chr5	37900000	37910000	1.4038978976867809	37905000
chr5	37910000	37920000	1.588281459321117	37915000
chr5	37920000	37930000	1.7219250584880692	37925000
chr5	37930000	37940000	2.414869418026619	37935000
chr5	37940000	37950000	5.084858600604352	37945000
chr5	37950000	37960000	1.824800820151438	37955000
chr5	37960000	37970000	1.6882080663729224	37965000
chr5	37970000	37980000	1.9439101806789991	37975000
chr5	37980000	37990000	1.7428455822175417	37985000
chr5	37990000	38000000	2.6661751598146606	37995000
chr5	38000000	38010000	1.7100891414890764	38005000
chr5	38010000	38020000	2.128088593495358	38015000
chr5	38020000	38030000	1.2081025437872241	38025000
chr5	38030000	38040000	2.668690207953982	38035000
chr5	38040000	38050000	3.9762188207026625	38045000
chr5	38050000	38060000	2.6352096289102396	38055000
chr5	38060000	38070000	3.8305510383165258	38065000
chr5	38070000	38080000	1.9379905867671186	38075000
chr5	38080000	38090000	1.9896128971456444	38085000
chr5	38090000	38100000	1.3476708766006928	38095000
chr5	38100000	38110000	2.186963511736644	38105000
chr5	38110000	38120000	2.050610893072558	38115000
chr5	38120000	38130000	1.6474795721934652	38125000
chr5	38130000	38140000	1.8820497388775785	38135000
chr5	38140000	38150000	1.321703619441059	38145000
chr5	38150000	38160000	1.9591162310386514	38155000
chr5	38160000	38170000	1.4438858744476175	38165000
chr5	38170000	38180000	2.9312688791834347	38175000
chr5	38180000	38190000	2.8644612835141476	38185000
chr5	38190000	38200000	1.676090998606879	38195000
chr5	38200000	38210000	2.009630239926326	38205000
chr5	38210000	38220000	1.57257488924552	38215000
chr5	38220000	38230000	0.9707993454403732	38225000
chr5	38230000	38240000	1.3254602660707617	38235000
chr5	38240000	38250000	3.5555225575532363	38245000
chr5	38250000	38260000	5.871208069751431	38255000
chr5	38260000	38270000	2.0336349565408147	38265000
chr5	38270000	38280000	3.751811829248526	38275000
chr5	38280000	38290000	3.115693207252884	38285000
chr5	38290000	38300000	3.6812280392379937	38295000
chr5	38300000	38310000	2.657699633791146	38305000
chr5	38310000	38320000	5.270083242084129	38315000
chr5	38320000	38330000	9.684310790960943	38325000
chr5	38330000	38340000	6.846401530727116	38335000
chr5	38340000	38350000	2.7149115959796917	38345000
chr5	38350000	38360000	3.4749360038747117	38355000
chr5	38360000	38370000	2.2287280487563517	38365000
chr5	38370000	38380000	3.561279660444551	38375000
chr5	38380000	38390000	2.7041523068131483	38385000
chr5	38390000	38400000	2.91141183507844	38395000
chr5	38400000	38410000	3.6937071513363953	38405000
chr5	38410000	38420000	2.3424128563911726	38415000
chr5	38420000	38430000	2.015723526590397	38425000
chr5	38430000	38440000	2.679905924169939	38435000
chr5	38440000	38450000	2.418149296406138	38445000
chr5	38450000	38460000	1.6341596662664608	38455000
chr5	38460000	38470000	3.3277043945835962	38465000
chr5	38470000	38480000	7.186151174492842	38475000
chr5	38480000	38490000	2.8518355435122107	38485000
chr5	38490000	38500000	0.9569792957743531	38495000
chr5	38500000	38510000	2.2583142991366283	38505000
chr5	38510000	38520000	2.034314844340056	38515000
chr5	38520000	38530000	1.774140026452065	38525000
chr5	38530000	38540000	8.867146484728956	38535000
chr5	38540000	38550000	1.0679264227931187	38545000
chr5	38550000	38560000	2.0124926500406723	38555000
chr5	38560000	38570000	3.0292086859926166	38565000
chr5	38570000	38580000	1.558929782818421	38575000
chr5	38580000	38590000	2.411421737708602	38585000
chr5	38590000	38600000	2.4334770281933698	38595000
chr5	38600000	38610000	5.685878758305417	38605000
chr5	38610000	38620000	2.5995125392156417	38615000
chr5	38620000	38630000	4.671333668356928	38625000
chr5	38630000	38640000	3.337666803795544	38635000
chr5	38640000	38650000	2.9680031572958314	38645000
chr5	38650000	38660000	2.1698812295856285	38655000
chr5	38660000	38670000	1.2987090440319164	38665000
chr5	38670000	38680000	1.3468502450099373	38675000
chr5	38680000	38690000	2.137314300511763	38685000
chr5	38690000	38700000	1.4238588193582924	38695000
chr5	38700000	38710000	2.6224745174146165	38705000
chr5	38710000	38720000	3.043475996456675	38715000
chr5	38720000	38730000	3.2391617532833994	38725000
chr5	38730000	38740000	2.737796195518894	38735000
chr5	38740000	38750000	7.42061559252019	38745000
chr5	38750000	38760000	6.491685396210814	38755000
chr5	38760000	38770000	4.678856000060981	38765000
chr5	38770000	38780000	1.4197647705101475	38775000
chr5	38780000	38790000	3.0519091786774624	38785000
chr5	38790000	38800000	0.5493030005359257	38795000
chr5	38800000	38810000	1.2231441787196349	38805000
chr5	38810000	38820000	1.6964551667914167	38815000
chr5	38820000	38830000	1.9476814919349807	38825000
chr5	38830000	38840000	1.316532152876278	38835000
chr5	38840000	38850000	0.7630516178404961	38845000
chr5	38850000	38860000	3.4640604948069957	38855000
chr5	38860000	38870000	2.0130805742397113	38865000
chr5	38870000	38880000	2.440615548446079	38875000
chr5	38880000	38890000	3.7766832759982902	38885000
chr5	38890000	38900000	1.459279421061757	38895000
chr5	38900000	38910000	4.110367622340996	38905000
chr5	38910000	38920000	2.7649315142397697	38915000
chr5	38920000	38930000	2.431487434717641	38925000
chr5	38930000	38940000	1.4816541284774973	38935000
chr5	38940000	38950000	2.2203213302887264	38945000
chr5	38950000	38960000	6.106690272270269	38955000
chr5	38960000	38970000	1.0421158207884227	38965000
chr5	38970000	38980000	0.9516814130896063	38975000
chr5	38980000	38990000	0.6377193054895042	38985000
chr5	38990000	39000000	0.9358782869610816	38995000
chr5	39000000	39010000	1.1494046854947069	39005000
chr5	39010000	39020000	0.53461024071038	39015000
chr5	39020000	39030000	1.9315465333931099	39025000
chr5	39030000	39040000	0.1253257979286016	39035000
chr5	39040000	39050000	0.6775035188553147	39045000
chr5	39050000	39060000	1.3823772814547455	39055000
chr5	39060000	39070000	2.017469527150574	39065000
chr5	39070000	39080000	0.9739747393365773	39075000
chr5	39080000	39090000	7.6801104208074	39085000
chr5	39090000	39100000	0.9189424584268189	39095000
chr5	39100000	39110000	0.692186200103451	39105000
chr5	39110000	39120000	0.17677088828300092	39115000
chr5	39120000	39130000	0.7605382086247415	39125000
chr5	39130000	39140000	2.3042770072024004	39135000
chr5	39140000	39150000	0.9998434570946271	39145000
chr5	39150000	39160000	0.7107171045025528	39155000
chr5	39160000	39170000	0.7648597856590941	39165000
chr5	39170000	39180000	1.5279710855772972	39175000
chr5	39180000	39190000	1.871730161570805	39185000
chr5	39190000	39200000	10.711437065761425	39195000
chr5	39200000	39210000	6.1583060097747975	39205000
chr5	39210000	39220000	3.777753422953092	39215000
chr5	39220000	39230000	2.784826083637951	39225000
chr5	39230000	39240000	5.270521148021872	39235000
chr5	39240000	39250000	2.6726207833328197	39245000
chr5	39250000	39260000	1.8497649666043412	39255000
chr5	39260000	39270000	7.3147002452207	39265000
chr5	39270000	39280000	1.812650708637249	39275000
chr5	39280000	39290000	1.8839652087273617	39285000
chr5	39290000	39300000	1.7283012486759193	39295000
chr5	39300000	39310000	6.682251078699983	39305000
chr5	39310000	39320000	3.773191322720058	39315000
chr5	39320000	39330000	1.0267675727462882	39325000
chr5	39330000	39340000	1.6606803692862953	39335000
chr5	39340000	39350000	2.4042065652909947	39345000
chr5	39350000	39360000	1.6885209881773824	39355000
chr5	39360000	39370000	1.652795616958292	39365000
chr5	39370000	39380000	2.8693121414866507	39375000
chr5	39380000	39390000	2.659357486075803	39385000
chr5	39390000	39400000	2.1948816537721334	39395000
chr5	39400000	39410000	4.24711783905619	39405000
chr5	39410000	39420000	2.9694142391713036	39415000
chr5	39420000	39430000	1.83286890622213	39425000
chr5	39430000	39440000	2.0051278822824483	39435000
chr5	39440000	39450000	2.442068555589649	39445000
chr5	39450000	39460000	2.2138571928205666	39455000
chr5	39460000	39470000	1.9803246623900423	39465000
chr5	39470000	39480000	3.6553046331167547	39475000
chr5	39480000	39490000	5.605832629713697	39485000
chr5	39490000	39500000	1.6180817902266513	39495000
chr5	39500000	39510000	1.8010577316410863	39505000
chr5	39510000	39520000	2.9371437352563285	39515000
chr5	39520000	39530000	4.598002937816672	39525000
chr5	39530000	39540000	2.056003473136382	39535000
chr5	39540000	39550000	1.7589025458784389	39545000
chr5	39550000	39560000	4.0367372819422584	39555000
chr5	39560000	39570000	2.2412033648262795	39565000
chr5	39570000	39580000	1.2345408059554217	39575000
chr5	39580000	39590000	0.8214647883956913	39585000
chr5	39590000	39600000	3.2212528449757407	39595000
chr5	39600000	39610000	3.590294908345614	39605000
chr5	39610000	39620000	0.8384524747774962	39615000
chr5	39620000	39630000	2.1980684847428535	39625000
chr5	39630000	39640000	1.550579756579286	39635000
chr5	39640000	39650000	1.7455736028646378	39645000
chr5	39650000	39660000	1.0148518857627427	39655000
chr5	39660000	39670000	8.95728599855045	39665000
chr5	39670000	39680000	2.4976375908285338	39675000
chr5	39680000	39690000	1.254151436339826	39685000
chr5	39690000	39700000	0.6862894994722756	39695000
chr5	39700000	39710000	0.8887699161765419	39705000
chr5	39710000	39720000	1.4091263419427205	39715000
chr5	39720000	39730000	2.0154216572048944	39725000
chr5	39730000	39740000	1.4921389204669286	39735000
chr5	39740000	39750000	1.0741963453853531	39745000
chr5	39750000	39760000	2.78268837061486	39755000
chr5	39760000	39770000	6.515694709985999	39765000
chr5	39770000	39780000	4.4913357625547965	39775000
chr5	39780000	39790000	4.108514260046912	39785000
chr5	39790000	39800000	1.5907385667142375	39795000
chr5	39800000	39810000	7.660765919081479	39805000
chr5	39810000	39820000	1.2977402336320887	39815000
chr5	39820000	39830000	3.0234142973823217	39825000
chr5	39830000	39840000	0.7985334917980964	39835000
chr5	39840000	39850000	1.3153913197699472	39845000
chr5	39850000	39860000	6.8745511821785925	39855000
chr5	39860000	39870000	1.4906696495138811	39865000
chr5	39870000	39880000	0.9368230801971131	39875000
chr5	39880000	39890000	0.7887921086776186	39885000
chr5	39890000	39900000	1.253654003991352	39895000
chr5	39900000	39910000	2.148292740088328	39905000
chr5	39910000	39920000	4.063351519214243	39915000
chr5	39920000	39930000	1.1443356467912196	39925000
chr5	39930000	39940000	0.4795324394159613	39935000
chr5	39940000	39950000	2.0395857261737094	39945000
chr5	39950000	39960000	6.147800200444546	39955000
chr5	39960000	39970000	2.421312148984308	39965000
chr5	39970000	39980000	1.315204568462835	39975000
chr5	39980000	39990000	1.2924402278044311	39985000
chr5	39990000	40000000	1.2507587681802619	39995000
chr5	40000000	40010000	1.016481244290137	40005000
chr5	40010000	40020000	1.0881043595677637	40015000
chr5	40020000	40030000	1.3446556631966926	40025000
chr5	40030000	40040000	0.8402715362680233	40035000
chr5	40040000	40050000	0.9962308666305055	40045000
chr5	40050000	40060000	1.2850386549487018	40055000
chr5	40060000	40070000	1.4825404716032295	40065000
chr5	40070000	40080000	0.3518490585860271	40075000
chr5	40080000	40090000	0.8547966226460372	40085000
chr5	40090000	40100000	0.9800439989182117	40095000
chr5	40100000	40110000	1.038775074181385	40105000
chr5	40110000	40120000	0.7766798098622182	40115000
chr5	40120000	40130000	0.5219227514209175	40125000
chr5	40130000	40140000	0.6450289294479571	40135000
chr5	40140000	40150000	1.369561166856815	40145000
chr5	40150000	40160000	0.7567232930911816	40155000
chr5	40160000	40170000	0.783044173809107	40165000
chr5	40170000	40180000	0.7739810959284767	40175000
chr5	40180000	40190000	0.7407101477894561	40185000
chr5	40190000	40200000	1.590953093441939	40195000
chr5	40200000	40210000	1.5535229557881225	40205000
chr5	40210000	40220000	2.3180142359305513	40215000
chr5	40220000	40230000	2.4705245715548614	40225000
chr5	40230000	40240000	0.7978550579220318	40235000
chr5	40240000	40250000	1.2614229749702703	40245000
chr5	40250000	40260000	1.0576764454866423	40255000
chr5	40260000	40270000	0.5154959791150199	40265000
chr5	40270000	40280000	0.7056985413206391	40275000
chr5	40280000	40290000	1.6521904029250496	40285000
chr5	40290000	40300000	1.425993180556041	40295000
chr5	40300000	40310000	1.4400386826242884	40305000
chr5	40310000	40320000	1.175272738327976	40315000
chr5	40320000	40330000	1.5105494472119185	40325000
chr5	40330000	40340000	1.7158162285482712	40335000
chr5	40340000	40350000	1.9300046471702539	40345000
chr5	40350000	40360000	1.8713337711745854	40355000
chr5	40360000	40370000	3.195168291751776	40365000
chr5	40370000	40380000	1.215547477582145	40375000
chr5	40380000	40390000	0.6941989594047924	40385000
chr5	40390000	40400000	0.48607454362607805	40395000
chr5	40400000	40410000	0.9315816831658719	40405000
chr5	40410000	40420000	0.8190123295512813	40415000
chr5	40420000	40430000	0.9266585732157394	40425000
chr5	40430000	40440000	0.6867937091770508	40435000
chr5	40440000	40450000	1.1642219364034871	40445000
chr5	40450000	40460000	0.48896114345678354	40455000
chr5	40460000	40470000	0.8163135008420532	40465000
chr5	40470000	40480000	11.559270463408012	40475000
chr5	40480000	40490000	1.0074993417648428	40485000
chr5	40490000	40500000	1.4270729575721524	40495000
chr5	40500000	40510000	0.6737555795973919	40505000
chr5	40510000	40520000	8.58994390164523	40515000
chr5	40520000	40530000	4.9409480407537245	40525000
chr5	40530000	40540000	2.2423276665348597	40535000
chr5	40540000	40550000	1.5969660478602907	40545000
chr5	40550000	40560000	1.2127860525439162	40555000
chr5	40560000	40570000	1.154175677192983	40565000
chr5	40570000	40580000	1.2850102120965712	40575000
chr5	40580000	40590000	0.6246846024988633	40585000
chr5	40590000	40600000	1.896965926385458	40595000
chr5	40600000	40610000	1.0145729361390778	40605000
chr5	40610000	40620000	3.041755469302166	40615000
chr5	40620000	40630000	2.2048186874621507	40625000
chr5	40630000	40640000	1.5312473271281133	40635000
chr5	40640000	40650000	2.6325713671749895	40645000
chr5	40650000	40660000	1.8280077186081063	40655000
chr5	40660000	40670000	1.1072706794811868	40665000
chr5	40670000	40680000	6.967557837850416	40675000
chr5	40680000	40690000	0.7987697423866684	40685000
chr5	40690000	40700000	1.2227484957063892	40695000
chr5	40700000	40710000	1.9797446042238454	40705000
chr5	40710000	40720000	1.26156784238574	40715000
chr5	40720000	40730000	0.9549930557714487	40725000
chr5	40730000	40740000	1.4328859839219321	40735000
chr5	40740000	40750000	1.6970126093224207	40745000
chr5	40750000	40760000	1.3398848958690246	40755000
chr5	40760000	40770000	4.4575362442024336	40765000
chr5	40770000	40780000	1.572678317404858	40775000
chr5	40780000	40790000	0.47580346097972454	40785000
chr5	40790000	40800000	1.1350161808568282	40795000
chr5	40800000	40810000	5.389884224724031	40805000
chr5	40810000	40820000	1.6255291233321647	40815000
chr5	40820000	40830000	1.4461893291504377	40825000
chr5	40830000	40840000	1.4080102261134537	40835000
chr5	40840000	40850000	0.8617133405680979	40845000
chr5	40850000	40860000	0.9545029118322501	40855000
chr5	40860000	40870000	2.1741277286964986	40865000
chr5	40870000	40880000	2.385620323910811	40875000
chr5	40880000	40890000	1.0085985688313723	40885000
chr5	40890000	40900000	0.6303915115616636	40895000
chr5	40900000	40910000	1.63246385088814	40905000
chr5	40910000	40920000	1.0504776370703974	40915000
chr5	40920000	40930000	0.9897805050116437	40925000
chr5	40930000	40940000	0.48987335870736026	40935000
chr5	40940000	40950000	0.2136662953929749	40945000
chr5	40950000	40960000	0.6127703228836876	40955000
chr5	40960000	40970000	1.1622177736864603	40965000
chr5	40970000	40980000	1.7548891433350198	40975000
chr5	40980000	40990000	1.514295436878764	40985000
chr5	40990000	41000000	7.169756780478894	40995000
chr5	41000000	41010000	1.9480363066400423	41005000
chr5	41010000	41020000	2.562532356991117	41015000
chr5	41020000	41030000	1.9739803276101415	41025000
chr5	41030000	41040000	1.4757498394756532	41035000
chr5	41040000	41050000	1.6029060506389468	41045000
chr5	41050000	41060000	0.8811725557669282	41055000
chr5	41060000	41070000	4.45536558867775	41065000
chr5	41070000	41080000	0.8745516786764203	41075000
chr5	41080000	41090000	0.5887657697117699	41085000
chr5	41090000	41100000	0.8429638726379219	41095000
chr5	41100000	41110000	0.380184514009085	41105000
chr5	41110000	41120000	0.8445145421273577	41115000
chr5	41120000	41130000	0.9235582205947751	41125000
chr5	41130000	41140000	0.9389024843757584	41135000
chr5	41140000	41150000	0.7609049025341306	41145000
chr5	41150000	41160000	0.5835515540113585	41155000
chr5	41160000	41170000	0.5373428370674768	41165000
chr5	41170000	41180000	1.5828678220775976	41175000
chr5	41180000	41190000	1.8901022890407797	41185000
chr5	41190000	41200000	1.0489659488454313	41195000
chr5	41200000	41210000	1.3456912959939842	41205000
chr5	41210000	41220000	1.2934095296536312	41215000
chr5	41220000	41230000	0.9360011285434495	41225000
chr5	41230000	41240000	1.5470510169997507	41235000
chr5	41240000	41250000	2.164028499374775	41245000
chr5	41250000	41260000	2.7458143186729873	41255000
chr5	41260000	41270000	6.660753753082534	41265000
chr5	41270000	41280000	1.4337823369912934	41275000
chr5	41280000	41290000	1.7852147444541742	41285000
chr5	41290000	41300000	2.066130761552797	41295000
chr5	41300000	41310000	1.1299722810753303	41305000
chr5	41310000	41320000	0.9631296717845832	41315000
chr5	41320000	41330000	3.483713874476137	41325000
chr5	41330000	41340000	0.7122873171355295	41335000
chr5	41340000	41350000	0.8998024735901192	41345000
chr5	41350000	41360000	0.9012182891745653	41355000
chr5	41360000	41370000	0.7156316366916974	41365000
chr5	41370000	41380000	7.39412002822573	41375000
chr5	41380000	41390000	1.0418241352721211	41385000
chr5	41390000	41400000	0.7582755647785215	41395000
chr5	41400000	41410000	0.48713589205647756	41405000
chr5	41410000	41420000	0.242890168626223	41415000
chr5	41420000	41430000	1.0695599946690533	41425000
chr5	41430000	41440000	2.103081986172016	41435000
chr5	41440000	41450000	1.9218403340035422	41445000
chr5	41450000	41460000	1.48738948958461	41455000
chr5	41460000	41470000	2.167718629152331	41465000
chr5	41470000	41480000	1.0210714736604887	41475000
chr5	41480000	41490000	1.2676609877311558	41485000
chr5	41490000	41500000	1.1063825514146444	41495000
chr5	41500000	41510000	0.39049489956955685	41505000
chr5	41510000	41520000	0.47937932811628375	41515000
chr5	41520000	41530000	1.4799048621675368	41525000
chr5	41530000	41540000	1.3204841684477333	41535000
chr5	41540000	41550000	0.28283949452713414	41545000
chr5	41550000	41560000	0.42117348181311237	41555000
chr5	41560000	41570000	0.6778270713495497	41565000
chr5	41570000	41580000	2.174829608179338	41575000
chr5	41580000	41590000	0.6880125705915873	41585000
chr5	41590000	41600000	1.1834412042424702	41595000
chr5	41600000	41610000	2.198796198402514	41605000
chr5	41610000	41620000	1.4561557669837528	41615000
chr5	41620000	41630000	0.67686165063379	41625000
chr5	41630000	41640000	1.4393311114807716	41635000
chr5	41640000	41650000	1.9188985753144614	41645000
chr5	41650000	41660000	1.840863167620975	41655000
chr5	41660000	41670000	0.611771752704554	41665000
chr5	41670000	41680000	1.1246079661307686	41675000
chr5	41680000	41690000	0.6339271271758679	41685000
chr5	41690000	41700000	0.4643367696276351	41695000
chr5	41700000	41710000	1.0478135874310956	41705000
chr5	41710000	41720000	1.5657249150944659	41715000
chr5	41720000	41730000	0.9509985382559106	41725000
chr5	41730000	41740000	0.9894472591132573	41735000
chr5	41740000	41750000	1.6796976000747252	41745000
chr5	41750000	41760000	1.6444173057986777	41755000
chr5	41760000	41770000	0.6656722470825511	41765000
chr5	41770000	41780000	0.6074746275936306	41775000
chr5	41780000	41790000	1.4286473796217387	41785000
chr5	41790000	41800000	0.40630161501574663	41795000
chr5	41800000	41810000	0.7605089774250751	41805000
chr5	41810000	41820000	1.4402252760367626	41815000
chr5	41820000	41830000	0.3884419792701942	41825000
chr5	41830000	41840000	0.6865374131478975	41835000
chr5	41840000	41850000	1.5221968026571346	41845000
chr5	41850000	41860000	2.5025917585996775	41855000
chr5	41860000	41870000	0.999131638065909	41865000
chr5	41870000	41880000	1.60154133919951	41875000
chr5	41880000	41890000	1.4665243936607406	41885000
chr5	41890000	41900000	1.874599409652512	41895000
chr5	41900000	41910000	0.9692434805227961	41905000
chr5	41910000	41920000	1.3063493595357676	41915000
chr5	41920000	41930000	3.30590273288648	41925000
chr5	41930000	41940000	0.9711754574590084	41935000
chr5	41940000	41950000	0.5373981577630741	41945000
chr5	41950000	41960000	0.42342867420962427	41955000
chr5	41960000	41970000	2.289469288128223	41965000
chr5	41970000	41980000	0.8645654788326819	41975000
chr5	41980000	41990000	2.170462287399831	41985000
chr5	41990000	42000000	1.7094218220603028	41995000
chr5	42000000	42010000	1.8654581965187684	42005000
chr5	42010000	42020000	0.4895745316707328	42015000
chr5	42020000	42030000	0.4457019470009829	42025000
chr5	42030000	42040000	0.4370068401143035	42035000
chr5	42040000	42050000	1.0912244409380534	42045000
chr5	42050000	42060000	0.8662212337921901	42055000
chr5	42060000	42070000	1.0517017636870263	42065000
chr5	42070000	42080000	2.2261289245725933	42075000
chr5	42080000	42090000	0.6774088627524035	42085000
chr5	42090000	42100000	1.8884940265713848	42095000
chr5	42100000	42110000	0.9708599003321148	42105000
chr5	42110000	42120000	1.5319609434251042	42115000
chr5	42120000	42130000	1.4023303340475233	42125000
chr5	42130000	42140000	0.7218241179646799	42135000
chr5	42140000	42150000	1.5257098604665444	42145000
chr5	42150000	42160000	3.0092114433810417	42155000
chr5	42160000	42170000	6.606806190348966	42165000
chr5	42170000	42180000	1.5896264178318376	42175000
chr5	42180000	42190000	1.171687325769561	42185000
chr5	42190000	42200000	0.7647071983188737	42195000
chr5	42200000	42210000	1.407481893849648	42205000
chr5	42210000	42220000	0.6289492168274317	42215000
chr5	42220000	42230000	0.659374109942175	42225000
chr5	42230000	42240000	1.2382575376580325	42235000
chr5	42240000	42250000	0.5118559443230077	42245000
chr5	42250000	42260000	0.8463260334830378	42255000
chr5	42260000	42270000	0.47182723148256045	42265000
chr5	42270000	42280000	0.8650676387833839	42275000
chr5	42280000	42290000	1.4711644403341726	42285000
chr5	42290000	42300000	3.7713590199289384	42295000
chr5	42300000	42310000	1.885042166684417	42305000
chr5	42310000	42320000	2.565060772941762	42315000
chr5	42320000	42330000	1.7440835902708227	42325000
chr5	42330000	42340000	0.6419825676996248	42335000
chr5	42340000	42350000	2.661605133543047	42345000
chr5	42350000	42360000	1.3633550503426906	42355000
chr5	42360000	42370000	1.3830188440842448	42365000
chr5	42370000	42380000	0.7468678532904136	42375000
chr5	42380000	42390000	0.44795427489963974	42385000
chr5	42390000	42400000	1.233060308832037	42395000
chr5	42400000	42410000	2.6183343244482415	42405000
chr5	42410000	42420000	6.2689614831104965	42415000
chr5	42420000	42430000	5.837080319083205	42425000
chr5	42430000	42440000	1.2024427526823285	42435000
chr5	42440000	42450000	0.924728149200871	42445000
chr5	42450000	42460000	1.1887947675492647	42455000
chr5	42460000	42470000	0.8833198343836104	42465000
chr5	42470000	42480000	0.5821040881247366	42475000
chr5	42480000	42490000	0.9050055603434786	42485000
chr5	42490000	42500000	0.5851167591239665	42495000
chr5	42500000	42510000	1.5325412730528336	42505000
chr5	42510000	42520000	2.6871486456632185	42515000
chr5	42520000	42530000	0.45030660544227247	42525000
chr5	42530000	42540000	0.659099249808642	42535000
chr5	42540000	42550000	0.5648027438987735	42545000
chr5	42550000	42560000	0.7029645539292008	42555000
chr5	42560000	42570000	1.2717385574845508	42565000
chr5	42570000	42580000	1.2879260741111442	42575000
chr5	42580000	42590000	3.46791015702408	42585000
chr5	42590000	42600000	2.599202034792126	42595000
chr5	42600000	42610000	1.8041835133024904	42605000
chr5	42610000	42620000	1.0805282629851887	42615000
chr5	42620000	42630000	0.9175628871444116	42625000
chr5	42630000	42640000	3.200901588761116	42635000
chr5	42640000	42650000	1.4667315793677969	42645000
chr5	42650000	42660000	0.71527601451436	42655000
chr5	42660000	42670000	0.9954115942211001	42665000
chr5	42670000	42680000	2.910090987810589	42675000
chr5	42680000	42690000	1.1314537475951223	42685000
chr5	42690000	42700000	2.1840263261156436	42695000
chr5	42700000	42710000	1.838830571879378	42705000
chr5	42710000	42720000	1.234225851582356	42715000
chr5	42720000	42730000	0.8118377322565493	42725000
chr5	42730000	42740000	0.8316949644409819	42735000
chr5	42740000	42750000	0.7083182746263395	42745000
chr5	42750000	42760000	0.9854042753903429	42755000
chr5	42760000	42770000	1.7485664402305547	42765000
chr5	42770000	42780000	1.0892759673728776	42775000
chr5	42780000	42790000	1.4611157183748347	42785000
chr5	42790000	42800000	1.753582817667093	42795000
chr5	42800000	42810000	1.2122652509545448	42805000
chr5	42810000	42820000	1.935449527831059	42815000
chr5	42820000	42830000	1.2977206109507404	42825000
chr5	42830000	42840000	2.8975743025916825	42835000
chr5	42840000	42850000	1.5464560255872375	42845000
chr5	42850000	42860000	1.3832917425619329	42855000
chr5	42860000	42870000	2.0052489297196185	42865000
chr5	42870000	42880000	1.5794020039622318	42875000
chr5	42880000	42890000	2.7926997543401137	42885000
chr5	42890000	42900000	1.4411918946672884	42895000
chr5	42900000	42910000	1.4260429380819435	42905000
chr5	42910000	42920000	1.7790061540350566	42915000
chr5	42920000	42930000	0.9211736608944047	42925000
chr5	42930000	42940000	1.3769219711253702	42935000
chr5	42940000	42950000	2.2340810408564047	42945000
chr5	42950000	42960000	1.4833168555003386	42955000
chr5	42960000	42970000	1.6514140045628105	42965000
chr5	42970000	42980000	0.6199098038215398	42975000
chr5	42980000	42990000	1.217693489280399	42985000
chr5	42990000	43000000	1.3758703990676853	42995000
chr5	43000000	43010000	1.2845031463309842	43005000
chr5	43010000	43020000	5.276756929006255	43015000
chr5	43020000	43030000	2.1282619524751962	43025000
chr5	43030000	43040000	0.3558363899142434	43035000
chr5	43040000	43050000	0.9345591537343657	43045000
chr5	43050000	43060000	0.8294703010681328	43055000
chr5	43060000	43070000	1.1314052788778284	43065000
chr5	43070000	43080000	0.9134199681829468	43075000
chr5	43080000	43090000	1.678649838646697	43085000
chr5	43090000	43100000	1.2897805403062172	43095000
chr5	43100000	43110000	1.7583028193931618	43105000
chr5	43110000	43120000	1.937216049368339	43115000
chr5	43120000	43130000	2.1436321323687446	43125000
chr5	43130000	43140000	3.66177373682787	43135000
chr5	43140000	43150000	3.077541340215884	43145000
chr5	43150000	43160000	2.3657674691141186	43155000
chr5	43160000	43170000	4.3518978313295404	43165000
chr5	43170000	43180000	1.1720640711188481	43175000
chr5	43180000	43190000	4.0665094074240935	43185000
chr5	43190000	43200000	3.6111928310271506	43195000
chr5	43200000	43210000	9.794578620602001	43205000
chr5	43210000	43220000	2.730253442470566	43215000
chr5	43220000	43230000	2.9268012367179366	43225000
chr5	43230000	43240000	3.890236854783944	43235000
chr5	43240000	43250000	4.670538674651817	43245000
chr5	43250000	43260000	1.504927208984005	43255000
chr5	43260000	43270000	2.4708503275095253	43265000
chr5	43270000	43280000	2.8241774567563374	43275000
chr5	43280000	43290000	2.01189897010873	43285000
chr5	43290000	43300000	1.469613843727964	43295000
chr5	43300000	43310000	3.6514325103952143	43305000
chr5	43310000	43320000	2.4607980997775347	43315000
chr5	43320000	43330000	4.483039539539617	43325000
chr5	43330000	43340000	3.1584772421204734	43335000
chr5	43340000	43350000	2.220476754093932	43345000
chr5	43350000	43360000	2.3602567023117107	43355000
chr5	43360000	43370000	1.8249813498093224	43365000
chr5	43370000	43380000	1.5414876276035365	43375000
chr5	43380000	43390000	1.384326951867701	43385000
chr5	43390000	43400000	13.16091986898699	43395000
chr5	43400000	43410000	0.620067929938678	43405000
chr5	43410000	43420000	0.7108168957426405	43415000
chr5	43420000	43430000	1.2290239751634566	43425000
chr5	43430000	43440000	2.4602524575010207	43435000
chr5	43440000	43450000	4.1644904709110335	43445000
chr5	43450000	43460000	6.248857368644271	43455000
chr5	43460000	43470000	6.1199524540255705	43465000
chr5	43470000	43480000	5.474416321275034	43475000
chr5	43480000	43490000	2.4489979522413408	43485000
chr5	43490000	43500000	1.6274495574403307	43495000
chr5	43500000	43510000	2.3351670581314186	43505000
chr5	43510000	43520000	2.7284837268121946	43515000
chr5	43520000	43530000	2.117194861763728	43525000
chr5	43530000	43540000	2.956893946892096	43535000
chr5	43540000	43550000	2.86562424686647	43545000
chr5	43550000	43560000	2.1656539812406685	43555000
chr5	43560000	43570000	2.1290680544471785	43565000
chr5	43570000	43580000	2.2227205336967204	43575000
chr5	43580000	43590000	3.7173646518578423	43585000
chr5	43590000	43600000	2.5593540612115153	43595000
chr5	43600000	43610000	2.225084807992582	43605000
chr5	43610000	43620000	2.6405081667457297	43615000
chr5	43620000	43630000	1.8444465270459738	43625000
chr5	43630000	43640000	2.466296433453822	43635000
chr5	43640000	43650000	3.0855863768471212	43645000
chr5	43650000	43660000	5.148477237008894	43655000
chr5	43660000	43670000	2.705537766996972	43665000
chr5	43670000	43680000	2.1939405885155243	43675000
chr5	43680000	43690000	0.8755720295343775	43685000
chr5	43690000	43700000	4.062338035265801	43695000
chr5	43700000	43710000	1.8785841073802265	43705000
chr5	43710000	43720000	2.058103392277801	43715000
chr5	43720000	43730000	3.5785304717305766	43725000
chr5	43730000	43740000	2.194036365527534	43735000
chr5	43740000	43750000	6.557661756324634	43745000
chr5	43750000	43760000	1.5914633576154746	43755000
chr5	43760000	43770000	1.906337412683145	43765000
chr5	43770000	43780000	1.8109260409492864	43775000
chr5	43780000	43790000	1.4363747274245107	43785000
chr5	43790000	43800000	1.0826208137594802	43795000
chr5	43800000	43810000	0.7911823741476913	43805000
chr5	43810000	43820000	0.6507347548344478	43815000
chr5	43820000	43830000	0.5405516435802997	43825000
chr5	43830000	43840000	0.6935649357861764	43835000
chr5	43840000	43850000	0.6138800310944212	43845000
chr5	43850000	43860000	1.2593387619005567	43855000
chr5	43860000	43870000	5.595303608171006	43865000
chr5	43870000	43880000	4.665600886939037	43875000
chr5	43880000	43890000	1.6435226731705612	43885000
chr5	43890000	43900000	1.406748722878144	43895000
chr5	43900000	43910000	2.5389141763947074	43905000
chr5	43910000	43920000	2.8376501920441375	43915000
chr5	43920000	43930000	7.745431269431304	43925000
chr5	43930000	43940000	2.724105801932338	43935000
chr5	43940000	43950000	2.470395186296794	43945000
chr5	43950000	43960000	6.185219161008125	43955000
chr5	43960000	43970000	4.075369886209656	43965000
chr5	43970000	43980000	0.8728763104627021	43975000
chr5	43980000	43990000	1.7444027407584692	43985000
chr5	43990000	44000000	0.9582750890982205	43995000
chr5	44000000	44010000	0.8123379422642739	44005000
chr5	44010000	44020000	0.974925460430755	44015000
chr5	44020000	44030000	0.983135617975327	44025000
chr5	44030000	44040000	1.040362909581112	44035000
chr5	44040000	44050000	0.48982416209563356	44045000
chr5	44050000	44060000	0.6841788503471955	44055000
chr5	44060000	44070000	0.8400593581777224	44065000
chr5	44070000	44080000	0.3428588216752909	44075000
chr5	44080000	44090000	0.8394716169187447	44085000
chr5	44090000	44100000	1.564020502068956	44095000
chr5	44100000	44110000	2.882700022019637	44105000
chr5	44110000	44120000	2.5214240070199123	44115000
chr5	44120000	44130000	4.008161880269922	44125000
chr5	44130000	44140000	1.6000501190577008	44135000
chr5	44140000	44150000	1.2173580131847122	44145000
chr5	44150000	44160000	2.424720507355233	44155000
chr5	44160000	44170000	2.0957069047877295	44165000
chr5	44170000	44180000	1.087885403701556	44175000
chr5	44180000	44190000	0.7552242621778591	44185000
chr5	44190000	44200000	0.8022168110526997	44195000
chr5	44200000	44210000	0.6055763258077205	44205000
chr5	44210000	44220000	2.113182865109062	44215000
chr5	44220000	44230000	19.466405729278293	44225000
chr5	44230000	44240000	1.553380877747777	44235000
chr5	44240000	44250000	1.6125000379272727	44245000
chr5	44250000	44260000	3.5605367208016188	44255000
chr5	44260000	44270000	3.005913089754696	44265000
chr5	44270000	44280000	4.309710824226749	44275000
chr5	44280000	44290000	4.144035759060576	44285000
chr5	44290000	44300000	1.245061508503174	44295000
chr5	44300000	44310000	0.5154462222147892	44305000
chr5	44310000	44320000	0.26681966063427626	44315000
chr5	44320000	44330000	0.3711856029754554	44325000
chr5	44330000	44340000	0.6376710637214724	44335000
chr5	44340000	44350000	0.7352783095744797	44345000
chr5	44350000	44360000	1.2305891910952462	44355000
chr5	44360000	44370000	6.305841431736405	44365000
chr5	44370000	44380000	1.19032295046779	44375000
chr5	44380000	44390000	1.3870742664128504	44385000
chr5	44390000	44400000	4.2398540373240685	44395000
chr5	44400000	44410000	1.1851797677778548	44405000
chr5	44410000	44420000	0.6621280988567145	44415000
chr5	44420000	44430000	1.014218288142694	44425000
chr5	44430000	44440000	1.8323270390928503	44435000
chr5	44440000	44450000	1.9785892155407	44445000
chr5	44450000	44460000	9.327944196517349	44455000
chr5	44460000	44470000	1.0091642458217716	44465000
chr5	44470000	44480000	0.7219981283890328	44475000
chr5	44480000	44490000	1.1094069895424377	44485000
chr5	44490000	44500000	1.6289916772902384	44495000
chr5	44500000	44510000	2.646273393406756	44505000
chr5	44510000	44520000	2.5086282790719205	44515000
chr5	44520000	44530000	2.5535645770747997	44525000
chr5	44530000	44540000	13.959158107736577	44535000
chr5	44540000	44550000	0.7336428770425734	44545000
chr5	44550000	44560000	0.5760923806134103	44555000
chr5	44560000	44570000	0.17437047269327938	44565000
chr5	44570000	44580000	0.387468772063567	44575000
chr5	44580000	44590000	0.6106493042764656	44585000
chr5	44590000	44600000	0.6013664696739465	44595000
chr5	44600000	44610000	0.5654644961252351	44605000
chr5	44610000	44620000	0.9180869821807932	44615000
chr5	44620000	44630000	5.14800388812073	44625000
chr5	44630000	44640000	0.7402565898724135	44635000
chr5	44640000	44650000	0.5246543966241495	44645000
chr5	44650000	44660000	0.5472070065154367	44655000
chr5	44660000	44670000	7.654213085186689	44665000
chr5	44670000	44680000	2.779991852618801	44675000
chr5	44680000	44690000	2.608092941617226	44685000
chr5	44690000	44700000	5.2543070917626125	44695000
chr5	44700000	44710000	2.3167466515515	44705000
chr5	44710000	44720000	2.581610667550311	44715000
chr5	44720000	44730000	1.491642866847071	44725000
chr5	44730000	44740000	3.9752886602447983	44735000
chr5	44740000	44750000	9.29317213467055	44745000
chr5	44750000	44760000	2.406134886388664	44755000
chr5	44760000	44770000	1.36427519390174	44765000
chr5	44770000	44780000	1.287772157705836	44775000
chr5	44780000	44790000	3.315958576273361	44785000
chr5	44790000	44800000	4.663279478182008	44795000
chr5	44800000	44810000	1.7615984974827779	44805000
chr5	44810000	44820000	0.9257853004790878	44815000
chr5	44820000	44830000	1.796533939514729	44825000
chr5	44830000	44840000	7.446910366377958	44835000
chr5	44840000	44850000	1.7326861244322005	44845000
chr5	44850000	44860000	2.496779888355584	44855000
chr5	44860000	44870000	1.598253881857364	44865000
chr5	44870000	44880000	7.697714446191133	44875000
chr5	44880000	44890000	2.8986567631739026	44885000
chr5	44890000	44900000	2.041379466866361	44895000
chr5	44900000	44910000	2.773944487661648	44905000
chr5	44910000	44920000	1.9028353612688451	44915000
chr5	44920000	44930000	0.6286645405008606	44925000
chr5	44930000	44940000	0.7219971191291494	44935000
chr5	44940000	44950000	0.7539950848611624	44945000
chr5	44950000	44960000	0.45131614968831607	44955000
chr5	44960000	44970000	0.5549943086636724	44965000
chr5	44970000	44980000	1.04393232424218	44975000
chr5	44980000	44990000	0.5630047497047951	44985000
chr5	44990000	45000000	0.8418471574467692	44995000
chr5	45000000	45010000	3.1539350829646566	45005000
chr5	45010000	45020000	1.3607642249312506	45015000
chr5	45020000	45030000	0.7503233483803954	45025000
chr5	45030000	45040000	4.47751085137648	45035000
chr5	45040000	45050000	0.7825718393265496	45045000
chr5	45050000	45060000	0.3327317213573054	45055000
chr5	45060000	45070000	0.3504694722810922	45065000
chr5	45070000	45080000	0.5101093911634357	45075000
chr5	45080000	45090000	0.30319085852652333	45085000
chr5	45090000	45100000	0.3050842505051195	45095000
chr5	45100000	45110000	0.666942689699283	45105000
chr5	45110000	45120000	0.7064686705353878	45115000
chr5	45120000	45130000	1.7962731680303048	45125000
chr5	45130000	45140000	0.6737520627390238	45135000
chr5	45140000	45150000	5.730751900438359	45145000
chr5	45150000	45160000	0.39412299433649406	45155000
chr5	45160000	45170000	1.1072103374433138	45165000
chr5	45170000	45180000	5.114593544322386	45175000
chr5	45180000	45190000	2.2404399547851397	45185000
chr5	45190000	45200000	1.9206098778535086	45195000
chr5	45200000	45210000	1.7291171314618372	45205000
chr5	45210000	45220000	1.6425460760330342	45215000
chr5	45220000	45230000	1.249989423258776	45225000
chr5	45230000	45240000	1.6618931397036139	45235000
chr5	45240000	45250000	2.3858562717624	45245000
chr5	45250000	45260000	0.8593170593433124	45255000
chr5	45260000	45270000	0.8107846460081823	45265000
chr5	45270000	45280000	2.272294797890595	45275000
chr5	45280000	45290000	0.7749296474088945	45285000
chr5	45290000	45300000	0.9898538808209008	45295000
chr5	45300000	45310000	2.6854463988550603	45305000
chr5	45310000	45320000	1.392141761521876	45315000
chr5	45320000	45330000	0.682095628614389	45325000
chr5	45330000	45340000	1.62788124745295	45335000
chr5	45340000	45350000	1.0015078214537723	45345000
chr5	45350000	45360000	1.400157414956003	45355000
chr5	45360000	45370000	0.6191040139067897	45365000
chr5	45370000	45380000	0.8586585808235891	45375000
chr5	45380000	45390000	0.4670992604271602	45385000
chr5	45390000	45400000	1.0296348291233741	45395000
chr5	45400000	45410000	1.4862674685906492	45405000
chr5	45410000	45420000	3.87031577708866	45415000
chr5	45420000	45430000	0.8795432634475657	45425000
chr5	45430000	45440000	2.779020631945076	45435000
chr5	45440000	45450000	2.2346810603744216	45445000
chr5	45450000	45460000	1.0764752879768924	45455000
chr5	45460000	45470000	1.2648097699719114	45465000
chr5	45470000	45480000	0.8806141366075245	45475000
chr5	45480000	45490000	1.7593393815081833	45485000
chr5	45490000	45500000	1.0992764811660227	45495000
chr5	45500000	45510000	1.2916872695140529	45505000
chr5	45510000	45520000	1.0212593016847271	45515000
chr5	45520000	45530000	1.2397079581295818	45525000
chr5	45530000	45540000	1.8132501245175716	45535000
chr5	45540000	45550000	7.118285816769034	45545000
chr5	45550000	45560000	0.24887593253539445	45555000
chr5	45560000	45570000	1.3136696927331317	45565000
chr5	45570000	45580000	1.327339672701384	45575000
chr5	45580000	45590000	1.7579878669852216	45585000
chr5	45590000	45600000	1.0095244389680729	45595000
chr5	45600000	45610000	0.891068904252494	45605000
chr5	45610000	45620000	2.6464211153356936	45615000
chr5	45620000	45630000	3.050290416073518	45625000
chr5	45630000	45640000	1.1573999940965176	45635000
chr5	45640000	45650000	1.854941940935555	45645000
chr5	45650000	45660000	1.5249721623679422	45655000
chr5	45660000	45670000	0.3896702606344994	45665000
chr5	45670000	45680000	3.445375029531801	45675000
chr5	45680000	45690000	1.3739216022863368	45685000
chr5	45690000	45700000	0.6122623156417729	45695000
chr5	45700000	45710000	0.6807572489636818	45705000
chr5	45710000	45720000	1.05906137662913	45715000
chr5	45720000	45730000	0.6198308441889123	45725000
chr5	45730000	45740000	3.4276323709863767	45735000
chr5	45740000	45750000	3.2050958986841036	45745000
chr5	45750000	45760000	0.6202426552861872	45755000
chr5	45760000	45770000	3.9209840797167548	45765000
chr5	45770000	45780000	1.5845518586528997	45775000
chr5	45780000	45790000	2.0323986163105947	45785000
chr5	45790000	45800000	16.844591985088595	45795000
chr5	45800000	45810000	1.3695034304986369	45805000
chr5	45810000	45820000	1.072006698850978	45815000
chr5	45820000	45830000	1.8943367643212854	45825000
chr5	45830000	45840000	1.0036076803908833	45835000
chr5	45840000	45850000	1.2184294607400834	45845000
chr5	45850000	45860000	2.5990803174704906	45855000
chr5	45860000	45870000	1.9167321266170039	45865000
chr5	45870000	45880000	2.2028189588363563	45875000
chr5	45880000	45890000	2.632450360005706	45885000
chr5	45890000	45900000	2.0776387591437033	45895000
chr5	45900000	45910000	1.9410698231335635	45905000
chr5	45910000	45920000	2.1393612629508363	45915000
chr5	45920000	45930000	5.418789402264157	45925000
chr5	45930000	45940000	5.76748019503846	45935000
chr5	45940000	45950000	2.527995841177267	45945000
chr5	45950000	45960000	2.3382571642200007	45955000
chr5	45960000	45970000	2.7349329462459466	45965000
chr5	45970000	45980000	2.1445420625774263	45975000
chr5	45980000	45990000	2.684692908417133	45985000
chr5	45990000	46000000	2.05425604440455	45995000
chr5	46000000	46010000	1.0288382796634996	46005000
chr5	46010000	46020000	0.7532836955238889	46015000
chr5	46020000	46030000	1.1346083632533728	46025000
chr5	46030000	46040000	1.156519428483833	46035000
chr5	46040000	46050000	0.5995491962398704	46045000
chr5	46050000	46060000	0.7848729866119255	46055000
chr5	46060000	46070000	0.9760793354350527	46065000
chr5	46070000	46080000	1.0995917885654227	46075000
chr5	46080000	46090000	1.0441303252638987	46085000
chr5	46090000	46100000	1.0221406173121461	46095000
chr5	46100000	46110000	0.5791108389415371	46105000
chr5	46110000	46120000	0.5247005294468507	46115000
chr5	46120000	46130000	1.5477087624785102	46125000
chr5	46130000	46140000	0.6933275259184709	46135000
chr5	46140000	46150000	1.4528005367986103	46145000
chr5	46150000	46160000	0.8043702974423397	46155000
chr5	46160000	46170000	0.6760923723630694	46165000
chr5	46170000	46180000	0.5303370648623774	46175000
chr5	46180000	46190000	0.5849022695582347	46185000
chr5	46190000	46200000	0.45821858747609817	46195000
chr5	46200000	46210000	0.7943519986945049	46205000
chr5	46210000	46220000	0.7602090463620275	46215000
chr5	46220000	46230000	0.8813328805672764	46225000
chr5	46230000	46240000	0.6206752700645942	46235000
chr5	46240000	46250000	1.5750144614767005	46245000
chr5	46250000	46260000	5.172020217030611	46255000
chr5	46260000	46270000	2.215359749802165	46265000
chr5	46270000	46280000	0.9278850853571293	46275000
chr5	46280000	46290000	0.46210459235793594	46285000
chr5	46290000	46300000	0.3206629075355675	46295000
chr5	46300000	46310000	2.9200187697617004	46305000
chr5	46310000	46320000	5.249642080716408	46315000
chr5	46320000	46330000	7.130454930836402	46325000
chr5	46330000	46340000	1.8289496634519997	46335000
chr5	46340000	46350000	6.995204051366366	46345000
chr5	46350000	46360000	2.015483384822198	46355000
chr5	46360000	46370000	1.392006242191584	46365000
chr5	46370000	46380000	0.9531670675975031	46375000
chr5	46380000	46390000	2.961672005065034	46385000
chr5	46390000	46400000	3.656376002074435	46395000
chr5	46400000	46410000	1.1521478020852247	46405000
chr5	46410000	46420000	1.3478603468965533	46415000
chr5	46420000	46430000	3.3270534084715893	46425000
chr5	46430000	46440000	1.3920195987465738	46435000
chr5	46440000	46450000	3.5892221557367936	46445000
chr5	46450000	46460000	2.106836766523876	46455000
chr5	46460000	46470000	3.340554374991753	46465000
chr5	46470000	46480000	7.203175669242456	46475000
chr5	46480000	46490000	2.044438656150762	46485000
chr5	46490000	46500000	6.311417726691254	46495000
chr5	46500000	46510000	2.2200528979826237	46505000
chr5	46510000	46520000	4.071539129660654	46515000
chr5	46520000	46530000	14.730669551316131	46525000
chr5	46530000	46540000	5.443327497997237	46535000
chr5	46540000	46550000	3.9023078786061687	46545000
chr5	46550000	46560000	5.222059427880147	46555000
chr5	46560000	46570000	5.617309960286584	46565000
chr5	46570000	46580000	2.48529159255901	46575000
chr5	46580000	46590000	1.5943279841689852	46585000
chr5	46590000	46600000	1.4305744839847314	46595000
chr5	46600000	46610000	8.733989448277075	46605000
chr5	46610000	46620000	1.6215467887841233	46615000
chr5	46620000	46630000	1.4993129756260617	46625000
chr5	46630000	46640000	1.0094655112824402	46635000
chr5	46640000	46650000	4.3171210123013735	46645000
chr5	46650000	46660000	1.8449792933733389	46655000
chr5	46660000	46670000	2.246368229328869	46665000
chr5	46670000	46680000	2.1882086104602374	46675000
chr5	46680000	46690000	3.379212567078206	46685000
chr5	46690000	46700000	4.338308608438373	46695000
chr5	46700000	46710000	3.183744948646	46705000
chr5	46710000	46720000	1.320401983319987	46715000
chr5	46720000	46730000	1.3163745089971362	46725000
chr5	46730000	46740000	2.2480280411844276	46735000
chr5	46740000	46750000	5.707300895975413	46745000
chr5	46750000	46760000	1.7809258267730372	46755000
chr5	46760000	46770000	1.41548925558662	46765000
chr5	46770000	46780000	1.1012598456892928	46775000
chr5	46780000	46790000	1.346247817112849	46785000
chr5	46790000	46800000	0.966962734830935	46795000
chr5	46800000	46810000	1.0308162915962553	46805000
chr5	46810000	46820000	6.262138613156685	46815000
chr5	46820000	46830000	0.7898040073911984	46825000
chr5	46830000	46840000	0.7151948646445062	46835000
chr5	46840000	46850000	1.3274654771421177	46845000
chr5	46850000	46860000	1.7931455884000436	46855000
chr5	46860000	46870000	10.507140577830462	46865000
chr5	46870000	46880000	4.192460080026869	46875000
chr5	46880000	46890000	1.3602595199575198	46885000
chr5	46890000	46900000	1.1350043705428086	46895000
chr5	46900000	46910000	3.6266471411349746	46905000
chr5	46910000	46920000	1.7444416724546368	46915000
chr5	46920000	46930000	1.3933399559178679	46925000
chr5	46930000	46940000	0.7303076691183696	46935000
chr5	46940000	46950000	0.8895400992988184	46945000
chr5	46950000	46960000	4.5131621680700285	46955000
chr5	46960000	46970000	24.126268779486143	46965000
chr5	46970000	46980000	3.0105364142745397	46975000
chr5	46980000	46990000	3.9392811515572084	46985000
chr5	46990000	47000000	5.4151629437770445	46995000
chr5	47000000	47010000	4.76765412089925	47005000
chr5	47010000	47020000	2.2157763758727262	47015000
chr5	47020000	47030000	4.147666813828544	47025000
chr5	47030000	47040000	0.9902005000257572	47035000
chr5	47040000	47050000	4.58058354790461	47045000
chr5	47050000	47060000	0.9272596048197399	47055000
chr5	47060000	47070000	1.7399668012229264	47065000
chr5	47070000	47080000	1.9654383798634694	47075000
chr5	47080000	47090000	3.480277256970334	47085000
chr5	47090000	47100000	4.52543466140617	47095000
chr5	47100000	47110000	10.024364007383413	47105000
chr5	47110000	47120000	12.422627918535442	47115000
chr5	47120000	47130000	4.062354933285904	47125000
chr5	47130000	47140000	1.5205650315615082	47135000
chr5	47140000	47150000	2.559130954957743	47145000
chr5	47150000	47160000	2.919674571942126	47155000
chr5	47160000	47170000	7.5786196151356835	47165000
chr5	47170000	47180000	3.8893824921674027	47175000
chr5	47180000	47190000	2.9724312119882303	47185000
chr5	47190000	47200000	2.3469866757833517	47195000
chr5	47200000	47210000	3.416951686464255	47205000
chr5	47210000	47220000	2.562258368164402	47215000
chr5	47220000	47230000	2.113287805099968	47225000
chr5	47230000	47240000	2.0632628980932095	47235000
chr5	47240000	47250000	2.380559270907123	47245000
chr5	47250000	47260000	1.6771682842949274	47255000
chr5	47260000	47270000	1.2492321016418786	47265000
chr5	47270000	47280000	2.019068874572465	47275000
chr5	47280000	47290000	2.6057913229385683	47285000
chr5	47290000	47300000	3.1828247288525917	47295000
chr5	47300000	47310000	0.7442817838012531	47305000
chr5	47310000	47320000	1.9740788631119035	47315000
chr5	47320000	47330000	0.8979318231963025	47325000
chr5	47330000	47340000	1.7044347348692892	47335000
chr5	47340000	47350000	1.5584653671959123	47345000
chr5	47350000	47360000	1.788923476168785	47355000
chr5	47360000	47370000	1.0001295354825825	47365000
chr5	47370000	47380000	2.405523258887977	47375000
chr5	47380000	47390000	3.26310279058397	47385000
chr5	47390000	47400000	2.8526534055993973	47395000
chr5	47400000	47410000	2.8982263550649443	47405000
chr5	47410000	47420000	3.6345720009062013	47415000
chr5	47420000	47430000	3.774883053709356	47425000
chr5	47430000	47440000	3.0374277548735713	47435000
chr5	47440000	47450000	5.485697958749606	47445000
chr5	47450000	47460000	15.072469834096825	47455000
chr5	47460000	47470000	9.908479432418812	47465000
chr5	47470000	47480000	13.532802533360814	47475000
chr5	47480000	47490000	10.975925478996023	47485000
chr5	47490000	47500000	5.31837443451493	47495000
chr5	47500000	47510000	5.618166281493322	47505000
chr5	47510000	47520000	14.231937716860239	47515000
chr5	47520000	47530000	8.749631313591987	47525000
chr5	47530000	47540000	14.016111814320157	47535000
chr5	47540000	47550000	6.557376954283157	47545000
chr5	47550000	47560000	6.629466560146042	47555000
chr5	47560000	47570000	3.5264505743445156	47565000
chr5	47570000	47580000	4.557732878384022	47575000
chr5	47580000	47590000	15.861435755279526	47585000
chr5	47590000	47600000	7.323291771870061	47595000
chr5	47600000	47610000	7.201753241276426	47605000
chr5	47610000	47620000	3.734807017792599	47615000
chr5	47620000	47630000	2.762064135287228	47625000
chr5	47630000	47640000	3.323234470890759	47635000
chr5	47640000	47650000	3.5927107036155177	47645000
chr5	47650000	47660000	3.9454101184915578	47655000
chr5	47660000	47670000	1.1865637304639267	47665000
chr5	47670000	47680000	1.7685704222482486	47675000
chr5	47680000	47690000	1.8374687080203942	47685000
chr5	47690000	47700000	2.937985720772334	47695000
chr5	47700000	47710000	4.047728272730445	47705000
chr5	47710000	47720000	7.917249569087863	47715000
chr5	47720000	47730000	11.89228499828952	47725000
chr5	47730000	47740000	7.395214845276435	47735000
chr5	47740000	47750000	4.257374038478041	47745000
chr5	47750000	47760000	3.5720570851344737	47755000
chr5	47760000	47770000	4.043382262799319	47765000
chr5	47770000	47780000	12.528347259677332	47775000
chr5	47780000	47790000	4.759072374093335	47785000
chr5	47790000	47800000	2.1199128479215705	47795000
chr5	47800000	47810000	6.623543929886758	47805000
chr5	47810000	47820000	5.748271963282575	47815000
chr5	47820000	47830000	5.119869947054005	47825000
chr5	47830000	47840000	3.200301541229632	47835000
chr5	47840000	47850000	5.7934180000317665	47845000
chr5	47850000	47860000	3.9139125340579692	47855000
chr5	47860000	47870000	2.5185849954083213	47865000
chr5	47870000	47880000	3.939829569161022	47875000
chr5	47880000	47890000	2.328046542809489	47885000
chr5	47890000	47900000	5.316286816291118	47895000
chr5	47900000	47910000	6.083164876798695	47905000
chr5	47910000	47920000	8.061577001835603	47915000
chr5	47920000	47930000	15.38823728519917	47925000
chr5	47930000	47940000	15.977271961039195	47935000
chr5	47940000	47950000	7.8904317582135155	47945000
chr5	47950000	47960000	7.175769472210822	47955000
chr5	47960000	47970000	8.031066989746654	47965000
chr5	47970000	47980000	5.963967380613387	47975000
chr5	47980000	47990000	5.281405790661895	47985000
chr5	47990000	48000000	14.793371336028983	47995000
chr5	48000000	48010000	7.842928681922677	48005000
chr5	48010000	48020000	11.464260467479772	48015000
chr5	48020000	48030000	9.553609069132905	48025000
chr5	48030000	48040000	8.298017567774693	48035000
chr5	48040000	48050000	4.775478762118593	48045000
chr5	48050000	48060000	20.265475639208102	48055000
chr5	48060000	48070000	2.4167328871800065	48065000
chr5	48070000	48080000	5.198666126368875	48075000
chr5	48080000	48090000	5.924413949815628	48085000
chr5	48090000	48100000	3.37791893472954	48095000
chr5	48100000	48110000	4.731534534952283	48105000
chr5	48110000	48120000	4.426463210216064	48115000
chr5	48120000	48130000	3.640984917425849	48125000
chr5	48130000	48140000	3.0648174997250037	48135000
chr5	48140000	48150000	4.2713848054435815	48145000
chr5	48150000	48160000	4.226359226400057	48155000
chr5	48160000	48170000	2.7713189856219795	48165000
chr5	48170000	48180000	5.07628393995964	48175000
chr5	48180000	48190000	4.1412219592984165	48185000
chr5	48190000	48200000	4.201575609824286	48195000
chr5	48200000	48210000	7.318046212085479	48205000
chr5	48210000	48220000	6.334674992736982	48215000
chr5	48220000	48230000	17.744576234567052	48225000
chr5	48230000	48240000	22.44468027549818	48235000
chr5	48240000	48250000	5.762634991156205	48245000
chr5	48250000	48260000	8.051413192125352	48255000
chr5	48260000	48270000	6.7957539120885135	48265000
chr5	48270000	48280000	9.506223967486008	48275000
chr5	48280000	48290000	4.638295455119588	48285000
chr5	48290000	48300000	6.39134875150037	48295000
chr5	48300000	48310000	6.016730603323659	48305000
chr5	48310000	48320000	6.226501756367704	48315000
chr5	48320000	48330000	7.029791033349502	48325000
chr5	48330000	48340000	6.18675741478483	48335000
chr5	48340000	48350000	4.956450199151332	48345000
chr5	48350000	48360000	6.785089933240152	48355000
chr5	48360000	48370000	7.519477286644777	48365000
chr5	48370000	48380000	8.807115039354265	48375000
chr5	48380000	48390000	5.342038186006585	48385000
chr5	48390000	48400000	4.610900327079396	48395000
chr5	48400000	48410000	3.638718432116494	48405000
chr5	48410000	48420000	5.835950506370999	48415000
chr5	48420000	48430000	6.649026297575641	48425000
chr5	48430000	48440000	4.574494998188951	48435000
chr5	48440000	48450000	14.722923468579692	48445000
chr5	48450000	48460000	6.145108710061902	48455000
chr5	48460000	48470000	4.94074844096503	48465000
chr5	48470000	48480000	3.148144004265864	48475000
chr5	48480000	48490000	3.185837934405146	48485000
chr5	48490000	48500000	9.837227035551326	48495000
chr5	48500000	48510000	12.370856601450003	48505000
chr5	48510000	48520000	2.0946113221241993	48515000
chr5	48520000	48530000	1.7735256747744745	48525000
chr5	48530000	48540000	2.6285218489164874	48535000
chr5	48540000	48550000	1.9250853665808927	48545000
chr5	48550000	48560000	3.1827209738527533	48555000
chr5	48560000	48570000	4.646767123784454	48565000
chr5	48570000	48580000	5.173541128458376	48575000
chr5	48580000	48590000	2.0165868516205494	48585000
chr5	48590000	48600000	2.324439656758569	48595000
chr5	48600000	48610000	2.8056444259026807	48605000
chr5	48610000	48620000	2.822702684974293	48615000
chr5	48620000	48630000	2.7668793810516683	48625000
chr5	48630000	48640000	2.7829578359406497	48635000
chr5	48640000	48650000	2.2895302106117357	48645000
chr5	48650000	48660000	6.223658986787231	48655000
chr5	48660000	48670000	6.223294443651132	48665000
chr5	48670000	48680000	4.706392809316388	48675000
chr5	48680000	48690000	7.071917989027794	48685000
chr5	48690000	48700000	8.305289284707879	48695000
chr5	48700000	48710000	6.676385244973751	48705000
chr5	48710000	48720000	9.239009327023854	48715000
chr5	48720000	48730000	5.392299655231466	48725000
chr5	48730000	48740000	13.205294865946863	48735000
chr5	48740000	48750000	4.972789151926042	48745000
chr5	48750000	48760000	3.305578594162648	48755000
chr5	48760000	48770000	3.4073957998200544	48765000
chr5	48770000	48780000	3.920938206820936	48775000
chr5	48780000	48790000	5.711025383462749	48785000
chr5	48790000	48800000	6.585628085361043	48795000
chr5	48800000	48810000	3.0007877633922777	48805000
chr5	48810000	48820000	3.9258645249228064	48815000
chr5	48820000	48830000	2.532303147784314	48825000
chr5	48830000	48840000	3.5746226849288805	48835000
chr5	48840000	48850000	3.2361093158938448	48845000
chr5	48850000	48860000	4.83775351014665	48855000
chr5	48860000	48870000	5.902214411252604	48865000
chr5	48870000	48880000	2.7273311407707648	48875000
chr5	48880000	48890000	7.264020903912023	48885000
chr5	48890000	48900000	2.343915932086443	48895000
chr5	48900000	48910000	3.4146524460704115	48905000
chr5	48910000	48920000	2.8346060812427925	48915000
chr5	48920000	48930000	4.1466812853927975	48925000
chr5	48930000	48940000	2.264939846020545	48935000
chr5	48940000	48950000	2.709801434053645	48945000
chr5	48950000	48960000	2.0157964727819206	48955000
chr5	48960000	48970000	1.805992274362555	48965000
chr5	48970000	48980000	1.893833647994358	48975000
chr5	48980000	48990000	2.68248413445296	48985000
chr5	48990000	49000000	4.245613112338901	48995000
chr5	49000000	49010000	8.643432030425735	49005000
chr5	49010000	49020000	3.894832507123841	49015000
chr5	49020000	49030000	2.9691419403458537	49025000
chr5	49030000	49040000	8.978192658697346	49035000
chr5	49040000	49050000	2.3095152646092627	49045000
chr5	49050000	49060000	2.7626907735729747	49055000
chr5	49060000	49070000	1.41165772146719	49065000
chr5	49070000	49080000	1.1478927499213885	49075000
chr5	49080000	49090000	2.4150531150950143	49085000
chr5	49090000	49100000	2.624702249026311	49095000
chr5	49100000	49110000	2.9318450173291213	49105000
chr5	49110000	49120000	3.5986443328218227	49115000
chr5	49120000	49130000	2.602889765862776	49125000
chr5	49130000	49140000	4.685811659732315	49135000
chr5	49140000	49150000	4.543423574406487	49145000
chr5	49150000	49160000	2.1389085813962345	49155000
chr5	49160000	49170000	3.5588392798000728	49165000
chr5	49170000	49180000	7.60417776464865	49175000
chr5	49180000	49190000	4.03475736793864	49185000
chr5	49190000	49200000	7.428571723387476	49195000
chr5	49200000	49210000	12.682535862809624	49205000
chr5	49210000	49220000	3.3188785566939565	49215000
chr5	49220000	49230000	1.5816469608002086	49225000
chr5	49230000	49240000	1.9081951601748466	49235000
chr5	49240000	49250000	5.814353694294419	49245000
chr5	49250000	49260000	8.859901623652807	49255000
chr5	49260000	49270000	3.3755317075799347	49265000
chr5	49270000	49280000	4.254560920233405	49275000
chr5	49280000	49290000	2.8209766878511995	49285000
chr5	49290000	49300000	2.1901223986461478	49295000
chr5	49300000	49310000	8.159300632914409	49305000
chr5	49310000	49320000	2.628837386179806	49315000
chr5	49320000	49330000	2.586108466772483	49325000
chr5	49330000	49340000	8.099585315106097	49335000
chr5	49340000	49350000	2.8738154201159123	49345000
chr5	49350000	49360000	1.7163684294781054	49355000
chr5	49360000	49370000	3.2203318837252515	49365000
chr5	49370000	49380000	3.8560595965593922	49375000
chr5	49380000	49390000	5.740447362167667	49385000
chr5	49390000	49400000	3.2709903572648362	49395000
chr5	49400000	49410000	4.136820537656886	49405000
chr5	49410000	49420000	7.477664640470238	49415000
chr5	49420000	49430000	5.595632994211385	49425000
chr5	49430000	49440000	5.31929139683974	49435000
chr5	49440000	49450000	5.852000655778705	49445000
chr5	49450000	49460000	7.1607020722832555	49455000
chr5	49460000	49470000	3.524169017883239	49465000
chr5	49470000	49480000	3.4135975562195418	49475000
chr5	49480000	49490000	4.225694711217882	49485000
chr5	49490000	49500000	4.299099787555614	49495000
chr5	49500000	49510000	2.325833588308404	49505000
chr5	49510000	49520000	4.082075967745234	49515000
chr5	49520000	49530000	5.757021627908347	49525000
chr5	49530000	49540000	2.1988115933629158	49535000
chr5	49540000	49550000	5.165976923975708	49545000
chr5	49550000	49560000	1.7153264688775856	49555000
chr5	49560000	49570000	3.202202780864384	49565000
chr5	49570000	49580000	8.690390620970833	49575000
chr5	49580000	49590000	5.532625276108221	49585000
chr5	49590000	49600000	4.491420074488326	49595000
chr5	49600000	49610000	4.74075305118474	49605000
chr5	49610000	49620000	7.094885632269817	49615000
chr5	49620000	49630000	4.77800966451846	49625000
chr5	49630000	49640000	17.344227284375183	49635000
chr5	49640000	49650000	9.798578831050355	49645000
chr5	49650000	49660000	2.3398066691201165	49655000
chr5	49660000	49670000	2.394029111865691	49665000
chr5	49670000	49680000	1.6626279228883536	49675000
chr5	49680000	49690000	1.3238503948846274	49685000
chr5	49690000	49700000	1.4771235704197976	49695000
chr5	49700000	49710000	1.9588485226654415	49705000
chr5	49710000	49720000	2.590906215364584	49715000
chr5	49720000	49730000	1.7869888087622714	49725000
chr5	49730000	49740000	4.6689769494821105	49735000
chr5	49740000	49750000	3.84676741817817	49745000
chr5	49750000	49760000	6.293908536216599	49755000
chr5	49760000	49770000	5.468367335826151	49765000
chr5	49770000	49780000	2.5639403573362247	49775000
chr5	49780000	49790000	2.3707471699807066	49785000
chr5	49790000	49800000	2.8684652172845926	49795000
chr5	49800000	49810000	2.323055566706413	49805000
chr5	49810000	49820000	1.556083700878977	49815000
chr5	49820000	49830000	0.7903899481689951	49825000
chr5	49830000	49840000	0.7196306147120588	49835000
chr5	49840000	49850000	0.6106748432108186	49845000
chr5	49850000	49860000	0.5572802583071566	49855000
chr5	49860000	49870000	1.7842460747826978	49865000
chr5	49870000	49880000	1.3470695682852274	49875000
chr5	49880000	49890000	2.562593112441522	49885000
chr5	49890000	49900000	1.3956974276071494	49895000
chr5	49900000	49910000	1.278823485613992	49905000
chr5	49910000	49920000	2.1364545115149696	49915000
chr5	49920000	49930000	12.478802527318548	49925000
chr5	49930000	49940000	2.976138236075828	49935000
chr5	49940000	49950000	4.580063713462376	49945000
chr5	49950000	49960000	4.701494997263202	49955000
chr5	49960000	49970000	3.61892927201259	49965000
chr5	49970000	49980000	3.203637159621568	49975000
chr5	49980000	49990000	2.248807337055042	49985000
chr5	49990000	50000000	1.8282232649332002	49995000
chr5	50000000	50010000	3.4478691700578037	50005000
chr5	50010000	50020000	1.9280209660523941	50015000
chr5	50020000	50030000	3.511205613666467	50025000
chr5	50030000	50040000	1.7179253558381231	50035000
chr5	50040000	50050000	1.6920619438648907	50045000
chr5	50050000	50060000	0.9296245700203768	50055000
chr5	50060000	50070000	2.4382860722456625	50065000
chr5	50070000	50080000	18.6776178720961	50075000
chr5	50080000	50090000	1.651492579046889	50085000
chr5	50090000	50100000	2.007613339054273	50095000
chr5	50100000	50110000	2.132342079895627	50105000
chr5	50110000	50120000	6.4144276456308225	50115000
chr5	50120000	50130000	3.331369207612227	50125000
chr5	50130000	50140000	11.684830887930676	50135000
chr5	50140000	50150000	2.7266656730228815	50145000
chr5	50150000	50160000	3.3141640859376356	50155000
chr5	50160000	50170000	6.150891119295227	50165000
chr5	50170000	50180000	1.8588998462593607	50175000
chr5	50180000	50190000	1.0666598640262666	50185000
chr5	50190000	50200000	4.391739280628383	50195000
chr5	50200000	50210000	2.239940172879674	50205000
chr5	50210000	50220000	1.3545468296125645	50215000
chr5	50220000	50230000	10.000840743205938	50225000
chr5	50230000	50240000	7.030330014241843	50235000
chr5	50240000	50250000	3.1080687799622977	50245000
chr5	50250000	50260000	3.1184289343810576	50255000
chr5	50260000	50270000	1.9804665435342323	50265000
chr5	50270000	50280000	2.322397078822816	50275000
chr5	50280000	50290000	6.135290095899149	50285000
chr5	50290000	50300000	3.838044386812965	50295000
chr5	50300000	50310000	3.268796941247273	50305000
chr5	50310000	50320000	3.29849470704872	50315000
chr5	50320000	50330000	7.77987850987198	50325000
chr5	50330000	50340000	3.0255355456597197	50335000
chr5	50340000	50350000	4.237991607472214	50345000
chr5	50350000	50360000	6.135731527715846	50355000
chr5	50360000	50370000	4.117807809017521	50365000
chr5	50370000	50380000	10.826478152033507	50375000
chr5	50380000	50390000	3.456884325868339	50385000
chr5	50390000	50400000	2.4479498155548107	50395000
chr5	50400000	50410000	3.6283995717737656	50405000
chr5	50410000	50420000	3.762194910015004	50415000
chr5	50420000	50430000	3.0179196928722756	50425000
chr5	50430000	50440000	2.6207362113991595	50435000
chr5	50440000	50450000	4.5951034106210376	50445000
chr5	50450000	50460000	8.249004915968598	50455000
chr5	50460000	50470000	8.23685511989847	50465000
chr5	50470000	50480000	6.520357060974994	50475000
chr5	50480000	50490000	4.97201952117996	50485000
chr5	50490000	50500000	5.853107666366517	50495000
chr5	50500000	50510000	6.721217339226217	50505000
chr5	50510000	50520000	6.529489456416688	50515000
chr5	50520000	50530000	4.184512939834633	50525000
chr5	50530000	50540000	4.273562955919232	50535000
chr5	50540000	50550000	3.546094393957388	50545000
chr5	50550000	50560000	3.4293728141538544	50555000
chr5	50560000	50570000	2.4883196973884885	50565000
chr5	50570000	50580000	4.974292830123913	50575000
chr5	50580000	50590000	7.486770422487582	50585000
chr5	50590000	50600000	6.816979269756308	50595000
chr5	50600000	50610000	5.247949463250321	50605000
chr5	50610000	50620000	9.366069309425262	50615000
chr5	50620000	50630000	7.340881204524091	50625000
chr5	50630000	50640000	6.311188171491862	50635000
chr5	50640000	50650000	11.05516104236756	50645000
chr5	50650000	50660000	7.071746720566325	50655000
chr5	50660000	50670000	8.964841713907047	50665000
chr5	50670000	50680000	10.22527430275114	50675000
chr5	50680000	50690000	9.098477094593642	50685000
chr5	50690000	50700000	6.445453450152132	50695000
chr5	50700000	50710000	8.34172323243419	50705000
chr5	50710000	50720000	11.520163892740426	50715000
chr5	50720000	50730000	8.245328441559625	50725000
chr5	50730000	50740000	7.830425831104397	50735000
chr5	50740000	50750000	7.755306801707897	50745000
chr5	50750000	50760000	5.615456487231772	50755000
chr5	50760000	50770000	6.180667404964006	50765000
chr5	50770000	50780000	7.244535366088207	50775000
chr5	50780000	50790000	8.049463569714671	50785000
chr5	50790000	50800000	9.568817863155354	50795000
chr5	50800000	50810000	8.225403808512748	50805000
chr5	50810000	50820000	2.26730784456414	50815000
chr5	50820000	50830000	1.8889704818788016	50825000
chr5	50830000	50840000	2.0342045292466406	50835000
chr5	50840000	50850000	1.581050841845217	50845000
chr5	50850000	50860000	0.9876754209826475	50855000
chr5	50860000	50870000	8.92072645125326	50865000
chr5	50870000	50880000	11.590110600454201	50875000
chr5	50880000	50890000	2.123123455550946	50885000
chr5	50890000	50900000	12.374510815124331	50895000
chr5	50900000	50910000	5.0884623978470485	50905000
chr5	50910000	50920000	5.243862715007209	50915000
chr5	50920000	50930000	7.149240221366067	50925000
chr5	50930000	50940000	6.192391247263339	50935000
chr5	50940000	50950000	13.295175392856105	50945000
chr5	50950000	50960000	4.351372762135919	50955000
chr5	50960000	50970000	4.148233529155184	50965000
chr5	50970000	50980000	2.8858895454008002	50975000
chr5	50980000	50990000	2.984021947613965	50985000
chr5	50990000	51000000	2.6225843740781642	50995000
chr5	51000000	51010000	1.9578238431899304	51005000
chr5	51010000	51020000	2.2711786142161468	51015000
chr5	51020000	51030000	2.5644786793043006	51025000
chr5	51030000	51040000	3.639432282093242	51035000
chr5	51040000	51050000	5.013398027277447	51045000
chr5	51050000	51060000	5.875644799682378	51055000
chr5	51060000	51070000	2.101838025613899	51065000
chr5	51070000	51080000	1.829651473257797	51075000
chr5	51080000	51090000	2.228442267095408	51085000
chr5	51090000	51100000	2.0056688921657515	51095000
chr5	51100000	51110000	1.680651828908603	51105000
chr5	51110000	51120000	2.7302307772343415	51115000
chr5	51120000	51130000	2.8609627209510387	51125000
chr5	51130000	51140000	2.640192191105372	51135000
chr5	51140000	51150000	6.689077568664286	51145000
chr5	51150000	51160000	15.134017637835184	51155000
chr5	51160000	51170000	7.954264117823426	51165000
chr5	51170000	51180000	9.486640254430021	51175000
chr5	51180000	51190000	9.080893253110217	51185000
chr5	51190000	51200000	5.041756944948707	51195000
chr5	51200000	51210000	8.694352673753366	51205000
chr5	51210000	51220000	6.4701011060047415	51215000
chr5	51220000	51230000	5.308808405421466	51225000
chr5	51230000	51240000	5.168896062800126	51235000
chr5	51240000	51250000	4.9446261354228	51245000
chr5	51250000	51260000	4.5984364998567795	51255000
chr5	51260000	51270000	4.13592449589754	51265000
chr5	51270000	51280000	5.82350034203365	51275000
chr5	51280000	51290000	5.288193059095147	51285000
chr5	51290000	51300000	7.220343676014974	51295000
chr5	51300000	51310000	7.916474416157831	51305000
chr5	51310000	51320000	7.292641145819638	51315000
chr5	51320000	51330000	3.777415539496269	51325000
chr5	51330000	51340000	3.102262869918475	51335000
chr5	51340000	51350000	6.499650492956844	51345000
chr5	51350000	51360000	8.180743518207393	51355000
chr5	51360000	51370000	6.6456337915760395	51365000
chr5	51370000	51380000	6.181120619035878	51375000
chr5	51380000	51390000	3.5842282088813806	51385000
chr5	51390000	51400000	2.9349562938296962	51395000
chr5	51400000	51410000	3.246953396076585	51405000
chr5	51410000	51420000	6.477365215584258	51415000
chr5	51420000	51430000	5.319305133786946	51425000
chr5	51430000	51440000	4.694371313726515	51435000
chr5	51440000	51450000	14.335338532648217	51445000
chr5	51450000	51460000	2.904664970886946	51455000
chr5	51460000	51470000	3.3259391751150114	51465000
chr5	51470000	51480000	8.257454942416755	51475000
chr5	51480000	51490000	3.9473178657990386	51485000
chr5	51490000	51500000	5.328479543666546	51495000
chr5	51500000	51510000	3.7246629606338373	51505000
chr5	51510000	51520000	5.646614042953436	51515000
chr5	51520000	51530000	5.892722671144023	51525000
chr5	51530000	51540000	8.567850214992214	51535000
chr5	51540000	51550000	8.642147461823525	51545000
chr5	51550000	51560000	3.51041843962708	51555000
chr5	51560000	51570000	4.629658368202748	51565000
chr5	51570000	51580000	2.8463685337998568	51575000
chr5	51580000	51590000	4.865351886413839	51585000
chr5	51590000	51600000	3.387479764419992	51595000
chr5	51600000	51610000	12.937412175487447	51605000
chr5	51610000	51620000	7.326859190085487	51615000
chr5	51620000	51630000	6.166537279161634	51625000
chr5	51630000	51640000	4.706681673192533	51635000
chr5	51640000	51650000	5.114574816605308	51645000
chr5	51650000	51660000	5.788945150015477	51655000
chr5	51660000	51670000	5.060615142232266	51665000
chr5	51670000	51680000	7.872977551144756	51675000
chr5	51680000	51690000	7.570998642932181	51685000
chr5	51690000	51700000	6.4889573172084996	51695000
chr5	51700000	51710000	6.431692321476786	51705000
chr5	51710000	51720000	8.24167477672355	51715000
chr5	51720000	51730000	8.031528406438685	51725000
chr5	51730000	51740000	5.8677673184874	51735000
chr5	51740000	51750000	7.0732983581538775	51745000
chr5	51750000	51760000	5.779814955821915	51755000
chr5	51760000	51770000	7.160558805533567	51765000
chr5	51770000	51780000	7.7032917209247325	51775000
chr5	51780000	51790000	6.395383329048132	51785000
chr5	51790000	51800000	5.718453036531548	51795000
chr5	51800000	51810000	4.6778296226770095	51805000
chr5	51810000	51820000	2.3228355724686374	51815000
chr5	51820000	51830000	4.195334282412723	51825000
chr5	51830000	51840000	3.080926361565104	51835000
chr5	51840000	51850000	2.2931535835171197	51845000
chr5	51850000	51860000	11.731133639076242	51855000
chr5	51860000	51870000	9.806984806532917	51865000
chr5	51870000	51880000	1.9073693204227922	51875000
chr5	51880000	51890000	2.4724750528059323	51885000
chr5	51890000	51900000	2.144040984217048	51895000
chr5	51900000	51910000	3.185804000806981	51905000
chr5	51910000	51920000	3.5785105390711176	51915000
chr5	51920000	51930000	5.826215343959519	51925000
chr5	51930000	51940000	11.687160789530205	51935000
chr5	51940000	51950000	2.1585260549378296	51945000
chr5	51950000	51960000	7.230399448431689	51955000
chr5	51960000	51970000	1.4788605553544178	51965000
chr5	51970000	51980000	2.318735108803407	51975000
chr5	51980000	51990000	33.350930144829945	51985000
chr5	51990000	52000000	12.958541420061472	51995000
chr5	52000000	52010000	4.645573304449774	52005000
chr5	52010000	52020000	5.290595035907676	52015000
chr5	52020000	52030000	6.876588175766793	52025000
chr5	52030000	52040000	8.762545932894275	52035000
chr5	52040000	52050000	7.213660563504154	52045000
chr5	52050000	52060000	13.608583448122316	52055000
chr5	52060000	52070000	7.535992128410908	52065000
chr5	52070000	52080000	7.309564847409735	52075000
chr5	52080000	52090000	7.794464316075807	52085000
chr5	52090000	52100000	7.6196769902649235	52095000
chr5	52100000	52110000	4.641182028754155	52105000
chr5	52110000	52120000	8.682979703380788	52115000
chr5	52120000	52130000	3.52280610534971	52125000
chr5	52130000	52140000	4.540055387567248	52135000
chr5	52140000	52150000	9.001774274144575	52145000
chr5	52150000	52160000	3.391812661297163	52155000
chr5	52160000	52170000	4.926110765330903	52165000
chr5	52170000	52180000	4.522487288543231	52175000
chr5	52180000	52190000	3.9489480166039024	52185000
chr5	52190000	52200000	5.261479671929015	52195000
chr5	52200000	52210000	3.3375674395042787	52205000
chr5	52210000	52220000	3.7045615372505534	52215000
chr5	52220000	52230000	6.576419403965322	52225000
chr5	52230000	52240000	2.607291492172252	52235000
chr5	52240000	52250000	1.971886880284983	52245000
chr5	52250000	52260000	4.367990781682476	52255000
chr5	52260000	52270000	5.2118801065098985	52265000
chr5	52270000	52280000	3.3296833539350534	52275000
chr5	52280000	52290000	3.604542012483129	52285000
chr5	52290000	52300000	7.381781618007308	52295000
chr5	52300000	52310000	7.480185739657244	52305000
chr5	52310000	52320000	6.718337263294652	52315000
chr5	52320000	52330000	6.164120005283101	52325000
chr5	52330000	52340000	3.1978986425114124	52335000
chr5	52340000	52350000	3.625290191452691	52345000
chr5	52350000	52360000	4.079800134261632	52355000
chr5	52360000	52370000	5.400926504445245	52365000
chr5	52370000	52380000	6.342698217591204	52375000
chr5	52380000	52390000	4.50667120456717	52385000
chr5	52390000	52400000	3.3746337883649544	52395000
chr5	52400000	52410000	2.3332237548912707	52405000
chr5	52410000	52420000	3.1558254848413267	52415000
chr5	52420000	52430000	11.56393054342982	52425000
chr5	52430000	52440000	7.474525403960765	52435000
chr5	52440000	52450000	3.1940012696308	52445000
chr5	52450000	52460000	3.476079995957453	52455000
chr5	52460000	52470000	3.230539337642431	52465000
chr5	52470000	52480000	3.7497271071015805	52475000
chr5	52480000	52490000	5.157225216269293	52485000
chr5	52490000	52500000	4.1734163290618405	52495000
chr5	52500000	52510000	4.188861504935167	52505000
chr5	52510000	52520000	2.4214955014526467	52515000
chr5	52520000	52530000	4.158092132090991	52525000
chr5	52530000	52540000	4.089187368715021	52535000
chr5	52540000	52550000	4.367287088298374	52545000
chr5	52550000	52560000	4.316025975092079	52555000
chr5	52560000	52570000	3.464034987495613	52565000
chr5	52570000	52580000	7.049794545399141	52575000
chr5	52580000	52590000	5.42140227352876	52585000
chr5	52590000	52600000	2.5270976428320537	52595000
chr5	52600000	52610000	3.5105122895195082	52605000
chr5	52610000	52620000	5.100650672299277	52615000
chr5	52620000	52630000	4.1685899226742995	52625000
chr5	52630000	52640000	6.153303325899805	52635000
chr5	52640000	52650000	5.5577341146320585	52645000
chr5	52650000	52660000	12.436451881542435	52655000
chr5	52660000	52670000	5.592577418827573	52665000
chr5	52670000	52680000	10.05835617492758	52675000
chr5	52680000	52690000	6.69670106412072	52685000
chr5	52690000	52700000	11.218043991110346	52695000
chr5	52700000	52710000	5.57829695633324	52705000
chr5	52710000	52720000	5.337777984034893	52715000
chr5	52720000	52730000	2.079511974970756	52725000
chr5	52730000	52740000	1.9018039715545232	52735000
chr5	52740000	52750000	4.7093333969471285	52745000
chr5	52750000	52760000	6.643474733938195	52755000
chr5	52760000	52770000	6.156699742232899	52765000
chr5	52770000	52780000	6.9455747113767785	52775000
chr5	52780000	52790000	3.506271642420458	52785000
chr5	52790000	52800000	5.8761979937085025	52795000
chr5	52800000	52810000	2.8309187007762975	52805000
chr5	52810000	52820000	3.516902663331033	52815000
chr5	52820000	52830000	2.7439631425074986	52825000
chr5	52830000	52840000	4.309394264061017	52835000
chr5	52840000	52850000	5.945526974675881	52845000
chr5	52850000	52860000	5.717972286272048	52855000
chr5	52860000	52870000	6.037859048603928	52865000
chr5	52870000	52880000	7.315594773458988	52875000
chr5	52880000	52890000	8.258231748263011	52885000
chr5	52890000	52900000	7.41598898109118	52895000
chr5	52900000	52910000	12.236281712852785	52905000
chr5	52910000	52920000	10.322557568134936	52915000
chr5	52920000	52930000	6.671353895881247	52925000
chr5	52930000	52940000	10.019570994181011	52935000
chr5	52940000	52950000	5.3939672607492035	52945000
chr5	52950000	52960000	6.667697300857822	52955000
chr5	52960000	52970000	11.361903778043088	52965000
chr5	52970000	52980000	7.060746199864979	52975000
chr5	52980000	52990000	2.492311338902311	52985000
chr5	52990000	53000000	1.7441240734788208	52995000
chr5	53000000	53010000	3.0810481015607474	53005000
chr5	53010000	53020000	3.730325187317227	53015000
chr5	53020000	53030000	5.085620133106318	53025000
chr5	53030000	53040000	1.8483008127285285	53035000
chr5	53040000	53050000	3.9709363327797487	53045000
chr5	53050000	53060000	5.590532887853547	53055000
chr5	53060000	53070000	4.034224023421282	53065000
chr5	53070000	53080000	5.053953958441799	53075000
chr5	53080000	53090000	4.4623793044760385	53085000
chr5	53090000	53100000	3.5029549673534386	53095000
chr5	53100000	53110000	3.270159886422125	53105000
chr5	53110000	53120000	3.4348364840546926	53115000
chr5	53120000	53130000	5.161173479826325	53125000
chr5	53130000	53140000	4.092468139383357	53135000
chr5	53140000	53150000	3.2267667141161986	53145000
chr5	53150000	53160000	2.136685167618373	53155000
chr5	53160000	53170000	2.115309024147572	53165000
chr5	53170000	53180000	4.212216059050661	53175000
chr5	53180000	53190000	2.9043682359522838	53185000
chr5	53190000	53200000	4.015465847962298	53195000
chr5	53200000	53210000	5.896405094345339	53205000
chr5	53210000	53220000	7.24676921102608	53215000
chr5	53220000	53230000	4.711763787687658	53225000
chr5	53230000	53240000	5.9347129372267595	53235000
chr5	53240000	53250000	7.077554754177775	53245000
chr5	53250000	53260000	3.008856942406104	53255000
chr5	53260000	53270000	3.749571726335021	53265000
chr5	53270000	53280000	6.099372604479314	53275000
chr5	53280000	53290000	12.126867786842475	53285000
chr5	53290000	53300000	6.181035649670169	53295000
chr5	53300000	53310000	4.844276868801872	53305000
chr5	53310000	53320000	5.899876121095885	53315000
chr5	53320000	53330000	6.66797854982225	53325000
chr5	53330000	53340000	7.083005995228634	53335000
chr5	53340000	53350000	12.566348395142484	53345000
chr5	53350000	53360000	4.557196876358116	53355000
chr5	53360000	53370000	4.945737917768806	53365000
chr5	53370000	53380000	4.0791923809479025	53375000
chr5	53380000	53390000	5.651162659079729	53385000
chr5	53390000	53400000	6.592116598043113	53395000
chr5	53400000	53410000	2.3614877246269272	53405000
chr5	53410000	53420000	4.664721239905358	53415000
chr5	53420000	53430000	6.158745026125016	53425000
chr5	53430000	53440000	6.27578991446026	53435000
chr5	53440000	53450000	2.7391126128614713	53445000
chr5	53450000	53460000	4.010382803230089	53455000
chr5	53460000	53470000	5.351056113907805	53465000
chr5	53470000	53480000	6.048234399816102	53475000
chr5	53480000	53490000	4.792232742447524	53485000
chr5	53490000	53500000	7.8317577230759525	53495000
chr5	53500000	53510000	4.744081451740179	53505000
chr5	53510000	53520000	4.721434934859453	53515000
chr5	53520000	53530000	3.4795637926843406	53525000
chr5	53530000	53540000	3.827441148872069	53535000
chr5	53540000	53550000	2.369847164516113	53545000
chr5	53550000	53560000	4.807350256470266	53555000
chr5	53560000	53570000	5.611666931161383	53565000
chr5	53570000	53580000	3.4215921590174414	53575000
chr5	53580000	53590000	3.502408771242566	53585000
chr5	53590000	53600000	2.557198985808891	53595000
chr5	53600000	53610000	1.9462744099735905	53605000
chr5	53610000	53620000	4.372004365345482	53615000
chr5	53620000	53630000	2.1578861948199837	53625000
chr5	53630000	53640000	1.8123154840396285	53635000
chr5	53640000	53650000	1.7043219737872792	53645000
chr5	53650000	53660000	1.1604187798853367	53655000
chr5	53660000	53670000	2.0806513514740264	53665000
chr5	53670000	53680000	3.8858938665062257	53675000
chr5	53680000	53690000	2.2472782408256506	53685000
chr5	53690000	53700000	1.4517403479599962	53695000
chr5	53700000	53710000	4.091221683946949	53705000
chr5	53710000	53720000	3.0705711936764817	53715000
chr5	53720000	53730000	2.2619904200838445	53725000
chr5	53730000	53740000	2.5667219872126696	53735000
chr5	53740000	53750000	3.440227539466558	53745000
chr5	53750000	53760000	2.068651225859233	53755000
chr5	53760000	53770000	3.1581079514497334	53765000
chr5	53770000	53780000	2.6160655858341015	53775000
chr5	53780000	53790000	5.47098196351841	53785000
chr5	53790000	53800000	5.654560977673991	53795000
chr5	53800000	53810000	2.868686435198325	53805000
chr5	53810000	53820000	3.1527632399738854	53815000
chr5	53820000	53830000	2.0142956632996967	53825000
chr5	53830000	53840000	3.165393330015397	53835000
chr5	53840000	53850000	5.993649405049382	53845000
chr5	53850000	53860000	3.4769156755143977	53855000
chr5	53860000	53870000	6.057858748770873	53865000
chr5	53870000	53880000	3.7452017452430426	53875000
chr5	53880000	53890000	3.623809135661531	53885000
chr5	53890000	53900000	5.611130404759635	53895000
chr5	53900000	53910000	3.7470682915247604	53905000
chr5	53910000	53920000	10.943446755169449	53915000
chr5	53920000	53930000	1.75687148560481	53925000
chr5	53930000	53940000	1.4995474204171289	53935000
chr5	53940000	53950000	0.8018437799333272	53945000
chr5	53950000	53960000	2.3601499578013656	53955000
chr5	53960000	53970000	2.1512814059677905	53965000
chr5	53970000	53980000	1.8729344896733489	53975000
chr5	53980000	53990000	2.0991389247473227	53985000
chr5	53990000	54000000	4.685021063254791	53995000
chr5	54000000	54010000	4.963952117807294	54005000
chr5	54010000	54020000	9.385865961413398	54015000
chr5	54020000	54030000	2.7894727112268374	54025000
chr5	54030000	54040000	2.534378082221394	54035000
chr5	54040000	54050000	3.000370368712135	54045000
chr5	54050000	54060000	3.819862191390884	54055000
chr5	54060000	54070000	8.872961944940625	54065000
chr5	54070000	54080000	6.529129138087432	54075000
chr5	54080000	54090000	2.328862840726807	54085000
chr5	54090000	54100000	2.7511176513025157	54095000
chr5	54100000	54110000	3.9095605903037227	54105000
chr5	54110000	54120000	2.8047055500668803	54115000
chr5	54120000	54130000	2.793513327045343	54125000
chr5	54130000	54140000	2.025374227089541	54135000
chr5	54140000	54150000	3.079750412255254	54145000
chr5	54150000	54160000	1.6990540507825593	54155000
chr5	54160000	54170000	1.605715318736209	54165000
chr5	54170000	54180000	1.0009795369640202	54175000
chr5	54180000	54190000	1.4777323015055357	54185000
chr5	54190000	54200000	1.7058378286441682	54195000
chr5	54200000	54210000	2.8785907422366757	54205000
chr5	54210000	54220000	4.399505614908423	54215000
chr5	54220000	54230000	5.645396237532013	54225000
chr5	54230000	54240000	9.671888005850299	54235000
chr5	54240000	54250000	7.5469429285024034	54245000
chr5	54250000	54260000	5.8785918622710085	54255000
chr5	54260000	54270000	4.655210592836248	54265000
chr5	54270000	54280000	3.7907487771980377	54275000
chr5	54280000	54290000	4.423169210132909	54285000
chr5	54290000	54300000	3.784561237676911	54295000
chr5	54300000	54310000	2.560507996025374	54305000
chr5	54310000	54320000	4.939043672722317	54315000
chr5	54320000	54330000	3.9951314743001185	54325000
chr5	54330000	54340000	4.20167052984894	54335000
chr5	54340000	54350000	4.742719180311066	54345000
chr5	54350000	54360000	5.331645871100273	54355000
chr5	54360000	54370000	4.632264482167638	54365000
chr5	54370000	54380000	6.6388649285491885	54375000
chr5	54380000	54390000	6.959160761929394	54385000
chr5	54390000	54400000	3.476848581698063	54395000
chr5	54400000	54410000	4.200443166488529	54405000
chr5	54410000	54420000	2.3775564508276243	54415000
chr5	54420000	54430000	3.599112836593461	54425000
chr5	54430000	54440000	3.1125857800574575	54435000
chr5	54440000	54450000	2.9614652415274394	54445000
chr5	54450000	54460000	4.579914587049466	54455000
chr5	54460000	54470000	3.3521679949190766	54465000
chr5	54470000	54480000	4.630065410373727	54475000
chr5	54480000	54490000	2.577113013743129	54485000
chr5	54490000	54500000	1.985140542305887	54495000
chr5	54500000	54510000	2.165242280877452	54505000
chr5	54510000	54520000	2.710855553260002	54515000
chr5	54520000	54530000	2.4585892092765174	54525000
chr5	54530000	54540000	2.1302627562477165	54535000
chr5	54540000	54550000	2.063469896749824	54545000
chr5	54550000	54560000	3.428198437802058	54555000
chr5	54560000	54570000	3.7366664648245687	54565000
chr5	54570000	54580000	3.062738134067517	54575000
chr5	54580000	54590000	5.531614986363231	54585000
chr5	54590000	54600000	18.69489224302342	54595000
chr5	54600000	54610000	3.550243597320163	54605000
chr5	54610000	54620000	5.653906290738433	54615000
chr5	54620000	54630000	10.956290497109372	54625000
chr5	54630000	54640000	5.081885211452695	54635000
chr5	54640000	54650000	4.145746464373207	54645000
chr5	54650000	54660000	5.012284425243252	54655000
chr5	54660000	54670000	4.917873197174551	54665000
chr5	54670000	54680000	9.912486182947386	54675000
chr5	54680000	54690000	6.8885181189936215	54685000
chr5	54690000	54700000	8.654230706606718	54695000
chr5	54700000	54710000	8.347548152543352	54705000
chr5	54710000	54720000	7.688785978736893	54715000
chr5	54720000	54730000	11.670051053729015	54725000
chr5	54730000	54740000	5.639579841852137	54735000
chr5	54740000	54750000	4.215133652499421	54745000
chr5	54750000	54760000	7.634832585688856	54755000
chr5	54760000	54770000	10.238671891372132	54765000
chr5	54770000	54780000	5.969508827923414	54775000
chr5	54780000	54790000	5.252223506214289	54785000
chr5	54790000	54800000	5.417981547739682	54795000
chr5	54800000	54810000	7.51627094181313	54805000
chr5	54810000	54820000	3.7665994514542267	54815000
chr5	54820000	54830000	3.9195452821999446	54825000
chr5	54830000	54840000	4.3594241156785305	54835000
chr5	54840000	54850000	3.7441045942301647	54845000
chr5	54850000	54860000	3.0842644920124833	54855000
chr5	54860000	54870000	2.9325806509691943	54865000
chr5	54870000	54880000	4.924308550257805	54875000
chr5	54880000	54890000	4.043108667845392	54885000
chr5	54890000	54900000	6.601454461495336	54895000
chr5	54900000	54910000	6.036160959727821	54905000
chr5	54910000	54920000	10.465945688185023	54915000
chr5	54920000	54930000	2.9361385376350166	54925000
chr5	54930000	54940000	8.255826456134118	54935000
chr5	54940000	54950000	2.386470631708181	54945000
chr5	54950000	54960000	10.318475246564557	54955000
chr5	54960000	54970000	4.1061788371025765	54965000
chr5	54970000	54980000	20.451489235542166	54975000
chr5	54980000	54990000	1.436150315994982	54985000
chr5	54990000	55000000	2.415722792380422	54995000
chr5	55000000	55010000	3.772405292983257	55005000
chr5	55010000	55020000	3.3790674185792273	55015000
chr5	55020000	55030000	8.478453885311257	55025000
chr5	55030000	55040000	5.645901268525919	55035000
chr5	55040000	55050000	4.361841403121144	55045000
chr5	55050000	55060000	6.235540415767075	55055000
chr5	55060000	55070000	6.75725485294545	55065000
chr5	55070000	55080000	19.47417927651434	55075000
chr5	55080000	55090000	31.150655300998142	55085000
chr5	55090000	55100000	10.295485481840666	55095000
chr5	55100000	55110000	9.56357561433189	55105000
chr5	55110000	55120000	8.830051529167708	55115000
chr5	55120000	55130000	11.395357640321615	55125000
chr5	55130000	55140000	14.480371157140821	55135000
chr5	55140000	55150000	6.906934657289809	55145000
chr5	55150000	55160000	9.797267242806575	55155000
chr5	55160000	55170000	9.327904572867944	55165000
chr5	55170000	55180000	7.6046352648680555	55175000
chr5	55180000	55190000	6.892121499264032	55185000
chr5	55190000	55200000	4.099903122359916	55195000
chr5	55200000	55210000	4.460218641417119	55205000
chr5	55210000	55220000	7.281912533278264	55215000
chr5	55220000	55230000	4.344672403765013	55225000
chr5	55230000	55240000	6.37501862342839	55235000
chr5	55240000	55250000	8.002195946675654	55245000
chr5	55250000	55260000	5.2305210463566665	55255000
chr5	55260000	55270000	8.423248962299764	55265000
chr5	55270000	55280000	6.654190597679494	55275000
chr5	55280000	55290000	4.8784814544672095	55285000
chr5	55290000	55300000	7.0314427352434485	55295000
chr5	55300000	55310000	4.791111635074863	55305000
chr5	55310000	55320000	3.7092222733813847	55315000
chr5	55320000	55330000	8.085791286698642	55325000
chr5	55330000	55340000	17.794913125321703	55335000
chr5	55340000	55350000	5.835675967583469	55345000
chr5	55350000	55360000	8.790858423195173	55355000
chr5	55360000	55370000	5.873474475932244	55365000
chr5	55370000	55380000	7.262471472389147	55375000
chr5	55380000	55390000	4.837632315315503	55385000
chr5	55390000	55400000	4.5351201897462365	55395000
chr5	55400000	55410000	3.787965905777322	55405000
chr5	55410000	55420000	6.409371807281077	55415000
chr5	55420000	55430000	5.796861045394864	55425000
chr5	55430000	55440000	5.833734598316793	55435000
chr5	55440000	55450000	4.375154280006159	55445000
chr5	55450000	55460000	1.959638657443756	55455000
chr5	55460000	55470000	15.71522562787947	55465000
chr5	55470000	55480000	6.545089412247495	55475000
chr5	55480000	55490000	4.7002961161084995	55485000
chr5	55490000	55500000	6.489264345859587	55495000
chr5	55500000	55510000	5.107546443410989	55505000
chr5	55510000	55520000	5.277743862132099	55515000
chr5	55520000	55530000	3.406932004043521	55525000
chr5	55530000	55540000	4.968908246111819	55535000
chr5	55540000	55550000	3.6131689729673773	55545000
chr5	55550000	55560000	12.18322358734428	55555000
chr5	55560000	55570000	4.701411872262883	55565000
chr5	55570000	55580000	10.666796809491078	55575000
chr5	55580000	55590000	7.370511814499342	55585000
chr5	55590000	55600000	3.90631931488777	55595000
chr5	55600000	55610000	5.728183810535154	55605000
chr5	55610000	55620000	3.088889421032242	55615000
chr5	55620000	55630000	3.6135416787515635	55625000
chr5	55630000	55640000	4.793034267973882	55635000
chr5	55640000	55650000	5.181846614149311	55645000
chr5	55650000	55660000	7.548363226059363	55655000
chr5	55660000	55670000	5.006821521770083	55665000
chr5	55670000	55680000	19.73323178852324	55675000
chr5	55680000	55690000	4.588478695993397	55685000
chr5	55690000	55700000	7.744761452811772	55695000
chr5	55700000	55710000	2.3440263484192516	55705000
chr5	55710000	55720000	6.401926334903537	55715000
chr5	55720000	55730000	6.158901113651931	55725000
chr5	55730000	55740000	5.557478530299512	55735000
chr5	55740000	55750000	4.883202575741	55745000
chr5	55750000	55760000	7.051092234922251	55755000
chr5	55760000	55770000	15.79619329192581	55765000
chr5	55770000	55780000	5.139886481990583	55775000
chr5	55780000	55790000	3.46485143675994	55785000
chr5	55790000	55800000	4.228800418170614	55795000
chr5	55800000	55810000	3.9950761638392116	55805000
chr5	55810000	55820000	4.108315806686699	55815000
chr5	55820000	55830000	3.7979656147612357	55825000
chr5	55830000	55840000	3.244600680543172	55835000
chr5	55840000	55850000	3.098569669177891	55845000
chr5	55850000	55860000	6.333727544391854	55855000
chr5	55860000	55870000	6.499263424892073	55865000
chr5	55870000	55880000	4.03634607945605	55875000
chr5	55880000	55890000	4.03260402637	55885000
chr5	55890000	55900000	5.123934149525198	55895000
chr5	55900000	55910000	4.796058563439322	55905000
chr5	55910000	55920000	4.586422693035966	55915000
chr5	55920000	55930000	3.2948444575864406	55925000
chr5	55930000	55940000	3.3982525598837436	55935000
chr5	55940000	55950000	2.092138755027527	55945000
chr5	55950000	55960000	2.7873734062908113	55955000
chr5	55960000	55970000	1.3461204238475097	55965000
chr5	55970000	55980000	1.626161658860819	55975000
chr5	55980000	55990000	3.6138745534893015	55985000
chr5	55990000	56000000	2.528862336690306	55995000
chr5	56000000	56010000	1.7282401218785526	56005000
chr5	56010000	56020000	3.4149721317433843	56015000
chr5	56020000	56030000	11.050517059576542	56025000
chr5	56030000	56040000	3.944252126858143	56035000
chr5	56040000	56050000	14.776239271367464	56045000
chr5	56050000	56060000	2.7706904592990544	56055000
chr5	56060000	56070000	3.9605978083853675	56065000
chr5	56070000	56080000	3.487379938976771	56075000
chr5	56080000	56090000	5.058936394264578	56085000
chr5	56090000	56100000	3.728730921989392	56095000
chr5	56100000	56110000	2.905747363602851	56105000
chr5	56110000	56120000	4.381503531072256	56115000
chr5	56120000	56130000	3.3968923917496436	56125000
chr5	56130000	56140000	4.232973675973991	56135000
chr5	56140000	56150000	3.0427895268634786	56145000
chr5	56150000	56160000	4.1467308914094065	56155000
chr5	56160000	56170000	4.71502813832368	56165000
chr5	56170000	56180000	23.500229707390332	56175000
chr5	56180000	56190000	10.11023982149939	56185000
chr5	56190000	56200000	3.916893859135662	56195000
chr5	56200000	56210000	6.1838707109048485	56205000
chr5	56210000	56220000	3.1758571107820726	56215000
chr5	56220000	56230000	2.9691419725402737	56225000
chr5	56230000	56240000	15.229667398182695	56235000
chr5	56240000	56250000	4.689642477735985	56245000
chr5	56250000	56260000	3.3427661155772204	56255000
chr5	56260000	56270000	4.396365866635653	56265000
chr5	56270000	56280000	5.5781933765333065	56275000
chr5	56280000	56290000	21.03082610610025	56285000
chr5	56290000	56300000	10.628632045662574	56295000
chr5	56300000	56310000	6.4297726064213565	56305000
chr5	56310000	56320000	4.204441388402272	56315000
chr5	56320000	56330000	5.834654328602412	56325000
chr5	56330000	56340000	3.9460301402953726	56335000
chr5	56340000	56350000	3.4079700863732265	56345000
chr5	56350000	56360000	5.02836490521648	56355000
chr5	56360000	56370000	2.313236260643432	56365000
chr5	56370000	56380000	2.6779140025272503	56375000
chr5	56380000	56390000	1.6305869123617995	56385000
chr5	56390000	56400000	2.4370417533821094	56395000
chr5	56400000	56410000	3.648008925657166	56405000
chr5	56410000	56420000	3.420663771018443	56415000
chr5	56420000	56430000	2.628452664975511	56425000
chr5	56430000	56440000	3.068016781584621	56435000
chr5	56440000	56450000	6.338587640433137	56445000
chr5	56450000	56460000	6.066374808263714	56455000
chr5	56460000	56470000	5.517661835195377	56465000
chr5	56470000	56480000	6.2643159554827506	56475000
chr5	56480000	56490000	5.343861996973924	56485000
chr5	56490000	56500000	6.557478137531878	56495000
chr5	56500000	56510000	1.9164657225195012	56505000
chr5	56510000	56520000	3.542518775224799	56515000
chr5	56520000	56530000	2.0077229944636947	56525000
chr5	56530000	56540000	2.7424954356123346	56535000
chr5	56540000	56550000	3.5164483452733277	56545000
chr5	56550000	56560000	5.682572089804691	56555000
chr5	56560000	56570000	5.859484088762229	56565000
chr5	56570000	56580000	4.961420840046763	56575000
chr5	56580000	56590000	8.612111615144302	56585000
chr5	56590000	56600000	11.695929176434328	56595000
chr5	56600000	56610000	5.198273534557766	56605000
chr5	56610000	56620000	8.084033406936648	56615000
chr5	56620000	56630000	4.590882981810337	56625000
chr5	56630000	56640000	4.491383500713642	56635000
chr5	56640000	56650000	5.925897582007662	56645000
chr5	56650000	56660000	3.1506995687811012	56655000
chr5	56660000	56670000	5.774731282927415	56665000
chr5	56670000	56680000	9.316284801233937	56675000
chr5	56680000	56690000	6.317446091086555	56685000
chr5	56690000	56700000	6.8806946528485895	56695000
chr5	56700000	56710000	5.201281564729668	56705000
chr5	56710000	56720000	3.58932607566712	56715000
chr5	56720000	56730000	5.880274164403156	56725000
chr5	56730000	56740000	2.581711163245708	56735000
chr5	56740000	56750000	8.542281840280763	56745000
chr5	56750000	56760000	6.6285913747163	56755000
chr5	56760000	56770000	5.6004139181372254	56765000
chr5	56770000	56780000	5.7194553055271	56775000
chr5	56780000	56790000	6.3366025090005955	56785000
chr5	56790000	56800000	5.208199826685144	56795000
chr5	56800000	56810000	15.147716154154292	56805000
chr5	56810000	56820000	9.403754374866894	56815000
chr5	56820000	56830000	5.899764740069289	56825000
chr5	56830000	56840000	8.66250169945299	56835000
chr5	56840000	56850000	15.169784633795482	56845000
chr5	56850000	56860000	10.146073127454455	56855000
chr5	56860000	56870000	12.632811756566268	56865000
chr5	56870000	56880000	5.6335830838947585	56875000
chr5	56880000	56890000	11.81313956465826	56885000
chr5	56890000	56900000	11.35194907227355	56895000
chr5	56900000	56910000	7.356808185819234	56905000
chr5	56910000	56920000	5.055827072601368	56915000
chr5	56920000	56930000	5.153316320361155	56925000
chr5	56930000	56940000	3.7799905111623966	56935000
chr5	56940000	56950000	4.764178439543642	56945000
chr5	56950000	56960000	4.879913047184667	56955000
chr5	56960000	56970000	4.702229228849344	56965000
chr5	56970000	56980000	5.992432293409973	56975000
chr5	56980000	56990000	6.188138160983539	56985000
chr5	56990000	57000000	7.658306372269915	56995000
chr5	57000000	57010000	3.2893629873685377	57005000
chr5	57010000	57020000	12.875700584855023	57015000
chr5	57020000	57030000	7.4660164263719935	57025000
chr5	57030000	57040000	8.499654933380018	57035000
chr5	57040000	57050000	7.194201877731227	57045000
chr5	57050000	57060000	5.775078158034282	57055000
chr5	57060000	57070000	4.817526706608931	57065000
chr5	57070000	57080000	4.112170284652421	57075000
chr5	57080000	57090000	3.4316290149358206	57085000
chr5	57090000	57100000	9.922010642589429	57095000
chr5	57100000	57110000	4.771542466971365	57105000
chr5	57110000	57120000	5.252001336557234	57115000
chr5	57120000	57130000	5.911342112381069	57125000
chr5	57130000	57140000	3.9848151216814442	57135000
chr5	57140000	57150000	2.9330510263019116	57145000
chr5	57150000	57160000	1.3462246453774815	57155000
chr5	57160000	57170000	2.0587189009136164	57165000
chr5	57170000	57180000	0.9290037602842828	57175000
chr5	57180000	57190000	2.239289755051606	57185000
chr5	57190000	57200000	1.5061646815365892	57195000
chr5	57200000	57210000	2.19834597715619	57205000
chr5	57210000	57220000	1.4496725502589356	57215000
chr5	57220000	57230000	9.424712655060512	57225000
chr5	57230000	57240000	4.566524825898542	57235000
chr5	57240000	57250000	3.364957324494041	57245000
chr5	57250000	57260000	4.025423662518957	57255000
chr5	57260000	57270000	2.9129212149509316	57265000
chr5	57270000	57280000	6.848611641944973	57275000
chr5	57280000	57290000	6.773425370986993	57285000
chr5	57290000	57300000	3.448834249669177	57295000
chr5	57300000	57310000	4.185077315168749	57305000
chr5	57310000	57320000	4.3086146410466775	57315000
chr5	57320000	57330000	6.921843175954672	57325000
chr5	57330000	57340000	5.925977360975633	57335000
chr5	57340000	57350000	5.2895081056323034	57345000
chr5	57350000	57360000	7.01527255086427	57355000
chr5	57360000	57370000	5.840856588640351	57365000
chr5	57370000	57380000	6.220806781895325	57375000
chr5	57380000	57390000	6.5464738454272675	57385000
chr5	57390000	57400000	4.809682464671039	57395000
chr5	57400000	57410000	6.58548483045722	57405000
chr5	57410000	57420000	5.77551584551893	57415000
chr5	57420000	57430000	3.2797593632377717	57425000
chr5	57430000	57440000	3.466514033022183	57435000
chr5	57440000	57450000	3.0480839263254027	57445000
chr5	57450000	57460000	2.6496500749121368	57455000
chr5	57460000	57470000	2.117853179933669	57465000
chr5	57470000	57480000	1.9990816300493741	57475000
chr5	57480000	57490000	5.241276379156239	57485000
chr5	57490000	57500000	7.127392679929868	57495000
chr5	57500000	57510000	5.035588124719224	57505000
chr5	57510000	57520000	6.992840778032614	57515000
chr5	57520000	57530000	7.5446416296625145	57525000
chr5	57530000	57540000	8.565908235710506	57535000
chr5	57540000	57550000	11.277303116100438	57545000
chr5	57550000	57560000	14.433066166312374	57555000
chr5	57560000	57570000	4.608034295948488	57565000
chr5	57570000	57580000	7.142784082905249	57575000
chr5	57580000	57590000	4.811449295191377	57585000
chr5	57590000	57600000	13.771054146201527	57595000
chr5	57600000	57610000	9.85210083916649	57605000
chr5	57610000	57620000	8.431038934508374	57615000
chr5	57620000	57630000	7.611849241798837	57625000
chr5	57630000	57640000	7.073755127723827	57635000
chr5	57640000	57650000	6.940458287333881	57645000
chr5	57650000	57660000	12.329681364967453	57655000
chr5	57660000	57670000	9.445335118241237	57665000
chr5	57670000	57680000	4.786650006537302	57675000
chr5	57680000	57690000	4.396669532416073	57685000
chr5	57690000	57700000	6.664816310959813	57695000
chr5	57700000	57710000	9.632377340914072	57705000
chr5	57710000	57720000	5.6966422836707755	57715000
chr5	57720000	57730000	7.76257673029563	57725000
chr5	57730000	57740000	6.743363314193771	57735000
chr5	57740000	57750000	6.385604725572299	57745000
chr5	57750000	57760000	7.815665417104217	57755000
chr5	57760000	57770000	5.5910978633584225	57765000
chr5	57770000	57780000	6.128468803862371	57775000
chr5	57780000	57790000	5.688886993742719	57785000
chr5	57790000	57800000	3.3856189578903026	57795000
chr5	57800000	57810000	3.679600455695724	57805000
chr5	57810000	57820000	3.928168796073393	57815000
chr5	57820000	57830000	7.006364859548832	57825000
chr5	57830000	57840000	7.511972437033125	57835000
chr5	57840000	57850000	12.051887563632494	57845000
chr5	57850000	57860000	2.3720349497476594	57855000
chr5	57860000	57870000	2.76261157102208	57865000
chr5	57870000	57880000	5.6899230783405885	57875000
chr5	57880000	57890000	2.9266568158696287	57885000
chr5	57890000	57900000	3.1366286299970985	57895000
chr5	57900000	57910000	3.069229058509052	57905000
chr5	57910000	57920000	2.3210270633497996	57915000
chr5	57920000	57930000	1.6409332918528294	57925000
chr5	57930000	57940000	2.212452049034734	57935000
chr5	57940000	57950000	1.5479272228568826	57945000
chr5	57950000	57960000	1.5843053311499415	57955000
chr5	57960000	57970000	2.74062868183329	57965000
chr5	57970000	57980000	3.3601782338962467	57975000
chr5	57980000	57990000	2.9601575953946337	57985000
chr5	57990000	58000000	2.947260784208888	57995000
chr5	58000000	58010000	2.549879869159779	58005000
chr5	58010000	58020000	1.8526486846249246	58015000
chr5	58020000	58030000	2.327682664550625	58025000
chr5	58030000	58040000	6.5154789146396315	58035000
chr5	58040000	58050000	5.146695014653027	58045000
chr5	58050000	58060000	3.1526704595556123	58055000
chr5	58060000	58070000	3.8787718565612623	58065000
chr5	58070000	58080000	15.447755443459622	58075000
chr5	58080000	58090000	4.342947251848971	58085000
chr5	58090000	58100000	2.156479783695467	58095000
chr5	58100000	58110000	2.3398705779979507	58105000
chr5	58110000	58120000	6.185851718156651	58115000
chr5	58120000	58130000	6.57778458093538	58125000
chr5	58130000	58140000	14.512538185608083	58135000
chr5	58140000	58150000	4.4350789128714165	58145000
chr5	58150000	58160000	11.321100765191408	58155000
chr5	58160000	58170000	7.395751461743509	58165000
chr5	58170000	58180000	8.747796395968138	58175000
chr5	58180000	58190000	6.961409514767894	58185000
chr5	58190000	58200000	5.391108301757735	58195000
chr5	58200000	58210000	4.33953244256096	58205000
chr5	58210000	58220000	3.032261423803225	58215000
chr5	58220000	58230000	9.900165633135092	58225000
chr5	58230000	58240000	10.420923802550945	58235000
chr5	58240000	58250000	1.460116410118716	58245000
chr5	58250000	58260000	12.455547352095257	58255000
chr5	58260000	58270000	1.8050939145315916	58265000
chr5	58270000	58280000	1.7727960689978397	58275000
chr5	58280000	58290000	2.2615731683164175	58285000
chr5	58290000	58300000	4.451428341251503	58295000
chr5	58300000	58310000	10.665035066112809	58305000
chr5	58310000	58320000	4.941992372392949	58315000
chr5	58320000	58330000	7.058970560078503	58325000
chr5	58330000	58340000	6.40195189033534	58335000
chr5	58340000	58350000	14.300197087533856	58345000
chr5	58350000	58360000	2.524251319147652	58355000
chr5	58360000	58370000	4.488356494106972	58365000
chr5	58370000	58380000	4.416139735762874	58375000
chr5	58380000	58390000	3.86365072927641	58385000
chr5	58390000	58400000	2.4018732665191376	58395000
chr5	58400000	58410000	2.1804596184813447	58405000
chr5	58410000	58420000	2.2239494720298434	58415000
chr5	58420000	58430000	1.5508010422995417	58425000
chr5	58430000	58440000	1.5594522064460925	58435000
chr5	58440000	58450000	3.3112583637843764	58445000
chr5	58450000	58460000	2.945066318898233	58455000
chr5	58460000	58470000	6.22417858573164	58465000
chr5	58470000	58480000	4.945924177630129	58475000
chr5	58480000	58490000	4.01541378343902	58485000
chr5	58490000	58500000	4.583350415850402	58495000
chr5	58500000	58510000	3.371815114530775	58505000
chr5	58510000	58520000	8.059548291188458	58515000
chr5	58520000	58530000	1.800434225707982	58525000
chr5	58530000	58540000	3.766251809053381	58535000
chr5	58540000	58550000	4.068277321342953	58545000
chr5	58550000	58560000	4.616034665221966	58555000
chr5	58560000	58570000	3.2409200668356295	58565000
chr5	58570000	58580000	8.27827971494542	58575000
chr5	58580000	58590000	17.409172912944396	58585000
chr5	58590000	58600000	15.343478352973177	58595000
chr5	58600000	58610000	10.304204756633421	58605000
chr5	58610000	58620000	7.437200427540978	58615000
chr5	58620000	58630000	18.34993781706638	58625000
chr5	58630000	58640000	29.032569179091993	58635000
chr5	58640000	58650000	9.082804898906284	58645000
chr5	58650000	58660000	6.215364640187244	58655000
chr5	58660000	58670000	4.620873104385645	58665000
chr5	58670000	58680000	10.227466350535847	58675000
chr5	58680000	58690000	10.350801703811086	58685000
chr5	58690000	58700000	5.464639433378769	58695000
chr5	58700000	58710000	5.566857644036363	58705000
chr5	58710000	58720000	11.173722016744579	58715000
chr5	58720000	58730000	5.196462134603143	58725000
chr5	58730000	58740000	7.022488878068851	58735000
chr5	58740000	58750000	5.516237214062716	58745000
chr5	58750000	58760000	4.109804195929892	58755000
chr5	58760000	58770000	4.7518673927379735	58765000
chr5	58770000	58780000	7.123979219011975	58775000
chr5	58780000	58790000	4.182677965521962	58785000
chr5	58790000	58800000	6.258884706602853	58795000
chr5	58800000	58810000	5.801056294193148	58805000
chr5	58810000	58820000	9.800981086535618	58815000
chr5	58820000	58830000	6.738706051145412	58825000
chr5	58830000	58840000	5.158252847757592	58835000
chr5	58840000	58850000	5.142447781861249	58845000
chr5	58850000	58860000	24.982956551785282	58855000
chr5	58860000	58870000	4.679237927222613	58865000
chr5	58870000	58880000	4.9579070355995505	58875000
chr5	58880000	58890000	3.9474522301704953	58885000
chr5	58890000	58900000	3.19023566821334	58895000
chr5	58900000	58910000	10.45815755563217	58905000
chr5	58910000	58920000	7.992694860677851	58915000
chr5	58920000	58930000	5.571325122258724	58925000
chr5	58930000	58940000	5.3010137956174725	58935000
chr5	58940000	58950000	5.194697198771985	58945000
chr5	58950000	58960000	5.369625379487982	58955000
chr5	58960000	58970000	32.35121901843081	58965000
chr5	58970000	58980000	8.099955599923064	58975000
chr5	58980000	58990000	4.649058539212364	58985000
chr5	58990000	59000000	8.198488053746454	58995000
chr5	59000000	59010000	7.469395038481678	59005000
chr5	59010000	59020000	6.975469820537196	59015000
chr5	59020000	59030000	10.362248199397277	59025000
chr5	59030000	59040000	7.073959291070822	59035000
chr5	59040000	59050000	4.499653920822166	59045000
chr5	59050000	59060000	11.087766592583522	59055000
chr5	59060000	59070000	6.056749599107056	59065000
chr5	59070000	59080000	11.534279990925523	59075000
chr5	59080000	59090000	6.042021506346784	59085000
chr5	59090000	59100000	4.009294989492124	59095000
chr5	59100000	59110000	3.960922075574634	59105000
chr5	59110000	59120000	7.812222009004829	59115000
chr5	59120000	59130000	5.085062002934539	59125000
chr5	59130000	59140000	5.700110017814022	59135000
chr5	59140000	59150000	5.818316323475884	59145000
chr5	59150000	59160000	6.481195306961193	59155000
chr5	59160000	59170000	9.65105774474444	59165000
chr5	59170000	59180000	8.204268959736412	59175000
chr5	59180000	59190000	10.007136797417598	59185000
chr5	59190000	59200000	13.795117176508851	59195000
chr5	59200000	59210000	6.2262443948216815	59205000
chr5	59210000	59220000	5.3538625963314495	59215000
chr5	59220000	59230000	9.877337599991137	59225000
chr5	59230000	59240000	4.693366026547513	59235000
chr5	59240000	59250000	6.157469890211493	59245000
chr5	59250000	59260000	4.711946074927049	59255000
chr5	59260000	59270000	7.090599290191371	59265000
chr5	59270000	59280000	6.572263035031952	59275000
chr5	59280000	59290000	10.324164443234944	59285000
chr5	59290000	59300000	9.002832526174016	59295000
chr5	59300000	59310000	32.376910922011504	59305000
chr5	59310000	59320000	16.100459609892773	59315000
chr5	59320000	59330000	29.673253176596255	59325000
chr5	59330000	59340000	19.603874714656246	59335000
chr5	59340000	59350000	22.123285973090226	59345000
chr5	59350000	59360000	16.636632764677085	59355000
chr5	59360000	59370000	16.90170126285977	59365000
chr5	59370000	59380000	41.57916679424838	59375000
chr5	59380000	59390000	8.287018937124842	59385000
chr5	59390000	59400000	9.01986138597471	59395000
chr5	59400000	59410000	5.812261333566568	59405000
chr5	59410000	59420000	5.492819925074501	59415000
chr5	59420000	59430000	6.01271529625268	59425000
chr5	59430000	59440000	11.045323174518883	59435000
chr5	59440000	59450000	10.884722458229769	59445000
chr5	59450000	59460000	10.667630630888144	59455000
chr5	59460000	59470000	27.018946271810602	59465000
chr5	59470000	59480000	11.550972982397022	59475000
chr5	59480000	59490000	8.644222629382092	59485000
chr5	59490000	59500000	17.93964685807521	59495000
chr5	59500000	59510000	11.119497342489073	59505000
chr5	59510000	59520000	7.548063121136162	59515000
chr5	59520000	59530000	5.684704833478715	59525000
chr5	59530000	59540000	6.902772104202186	59535000
chr5	59540000	59550000	7.491194523954645	59545000
chr5	59550000	59560000	7.034407398241586	59555000
chr5	59560000	59570000	10.323294773319487	59565000
chr5	59570000	59580000	10.478008486446734	59575000
chr5	59580000	59590000	15.919553634064332	59585000
chr5	59590000	59600000	7.1293867985067845	59595000
chr5	59600000	59610000	9.36387921537787	59605000
chr5	59610000	59620000	8.36634176954809	59615000
chr5	59620000	59630000	8.248523740064918	59625000
chr5	59630000	59640000	12.34217240458727	59635000
chr5	59640000	59650000	7.310772250225712	59645000
chr5	59650000	59660000	13.195270407970439	59655000
chr5	59660000	59670000	10.650761506029733	59665000
chr5	59670000	59680000	16.56446410925061	59675000
chr5	59680000	59690000	10.92773360959424	59685000
chr5	59690000	59700000	13.4372942347338	59695000
chr5	59700000	59710000	18.631183787316033	59705000
chr5	59710000	59720000	12.385953349782358	59715000
chr5	59720000	59730000	5.283939828753678	59725000
chr5	59730000	59740000	25.57428086863527	59735000
chr5	59740000	59750000	6.01523189078812	59745000
chr5	59750000	59760000	11.664669518824754	59755000
chr5	59760000	59770000	9.135264454583568	59765000
chr5	59770000	59780000	14.92574627566119	59775000
chr5	59780000	59790000	27.84288981568666	59785000
chr5	59790000	59800000	23.777588736985383	59795000
chr5	59800000	59810000	13.303981524503186	59805000
chr5	59810000	59820000	8.900590826871868	59815000
chr5	59820000	59830000	22.54753100790751	59825000
chr5	59830000	59840000	6.776966140550817	59835000
chr5	59840000	59850000	4.146742743387378	59845000
chr5	59850000	59860000	2.554926714205936	59855000
chr5	59860000	59870000	3.579428048125198	59865000
chr5	59870000	59880000	5.999405903445303	59875000
chr5	59880000	59890000	10.728412405122537	59885000
chr5	59890000	59900000	4.70446718174459	59895000
chr5	59900000	59910000	2.4944303958343226	59905000
chr5	59910000	59920000	3.73097630448206	59915000
chr5	59920000	59930000	2.504136451868126	59925000
chr5	59930000	59940000	4.69055661876156	59935000
chr5	59940000	59950000	6.014285154783766	59945000
chr5	59950000	59960000	17.31534807029225	59955000
chr5	59960000	59970000	10.134118599908247	59965000
chr5	59970000	59980000	9.259417266349663	59975000
chr5	59980000	59990000	13.592079210548452	59985000
chr5	59990000	60000000	11.720630429974475	59995000
chr5	60000000	60010000	16.87609175435172	60005000
chr5	60010000	60020000	10.03094131485618	60015000
chr5	60020000	60030000	3.7552559496503903	60025000
chr5	60030000	60040000	3.832155517307011	60035000
chr5	60040000	60050000	3.1023644096492027	60045000
chr5	60050000	60060000	9.252221494692684	60055000
chr5	60060000	60070000	6.111084943019782	60065000
chr5	60070000	60080000	7.026106621837559	60075000
chr5	60080000	60090000	5.68403813266399	60085000
chr5	60090000	60100000	5.512538858161023	60095000
chr5	60100000	60110000	5.891205047201551	60105000
chr5	60110000	60120000	5.866051960661419	60115000
chr5	60120000	60130000	16.307278455868623	60125000
chr5	60130000	60140000	8.350472409889242	60135000
chr5	60140000	60150000	5.99478782218374	60145000
chr5	60150000	60160000	13.341825423149889	60155000
chr5	60160000	60170000	10.820771301184445	60165000
chr5	60170000	60180000	13.048499591182827	60175000
chr5	60180000	60190000	12.92686470024518	60185000
chr5	60190000	60200000	14.826135572362702	60195000
chr5	60200000	60210000	8.908541152654077	60205000
chr5	60210000	60220000	7.719314015194576	60215000
chr5	60220000	60230000	7.217518484542744	60225000
chr5	60230000	60240000	8.605567698630956	60235000
chr5	60240000	60250000	8.38668236669698	60245000
chr5	60250000	60260000	6.437657745151833	60255000
chr5	60260000	60270000	4.4889281565979156	60265000
chr5	60270000	60280000	4.3104371458262465	60275000
chr5	60280000	60290000	9.419089446767725	60285000
chr5	60290000	60300000	8.849733270881048	60295000
chr5	60300000	60310000	6.686366994750694	60305000
chr5	60310000	60320000	4.734976003733181	60315000
chr5	60320000	60330000	6.086375554092144	60325000
chr5	60330000	60340000	4.952584524960672	60335000
chr5	60340000	60350000	3.850253693321632	60345000
chr5	60350000	60360000	5.774164629405655	60355000
chr5	60360000	60370000	7.520517475314851	60365000
chr5	60370000	60380000	18.791247123274502	60375000
chr5	60380000	60390000	8.507989121730347	60385000
chr5	60390000	60400000	11.884721296618148	60395000
chr5	60400000	60410000	14.515521189393338	60405000
chr5	60410000	60420000	22.606952075759555	60415000
chr5	60420000	60430000	17.30635814911141	60425000
chr5	60430000	60440000	10.479223296389215	60435000
chr5	60440000	60450000	4.809013248266492	60445000
chr5	60450000	60460000	4.254060064573005	60455000
chr5	60460000	60470000	8.224393581122769	60465000
chr5	60470000	60480000	8.385100466109254	60475000
chr5	60480000	60490000	12.753898062334128	60485000
chr5	60490000	60500000	22.498786900575663	60495000
chr5	60500000	60510000	11.225304881886375	60505000
chr5	60510000	60520000	15.70263422768717	60515000
chr5	60520000	60530000	12.001107731380003	60525000
chr5	60530000	60540000	13.599399744023405	60535000
chr5	60540000	60550000	17.31639208179318	60545000
chr5	60550000	60560000	4.4705983441143395	60555000
chr5	60560000	60570000	8.123066249179926	60565000
chr5	60570000	60580000	23.795448589084273	60575000
chr5	60580000	60590000	13.922559250844005	60585000
chr5	60590000	60600000	24.736077418215302	60595000
chr5	60600000	60610000	17.810481414631735	60605000
chr5	60610000	60620000	14.709032233556814	60615000
chr5	60620000	60630000	10.577691393907203	60625000
chr5	60630000	60640000	12.293686116649397	60635000
chr5	60640000	60650000	15.812829941604875	60645000
chr5	60650000	60660000	12.542593093405172	60655000
chr5	60660000	60670000	25.036707166609734	60665000
chr5	60670000	60680000	16.33696066437074	60675000
chr5	60680000	60690000	30.617576357802054	60685000
chr5	60690000	60700000	7.849985982971842	60695000
chr5	60700000	60710000	6.36388103853561	60705000
chr5	60710000	60720000	4.3463334285291335	60715000
chr5	60720000	60730000	3.5879239598783395	60725000
chr5	60730000	60740000	8.706493368138565	60735000
chr5	60740000	60750000	8.500379317180174	60745000
chr5	60750000	60760000	9.433995188232835	60755000
chr5	60760000	60770000	23.716991386391953	60765000
chr5	60770000	60780000	20.633233632587444	60775000
chr5	60780000	60790000	31.657909798607815	60785000
chr5	60790000	60800000	24.525699875930762	60795000
chr5	60800000	60810000	22.73693655054244	60805000
chr5	60810000	60820000	11.70267225761409	60815000
chr5	60820000	60830000	6.848956920661684	60825000
chr5	60830000	60840000	11.782554018294334	60835000
chr5	60840000	60850000	16.533662736711275	60845000
chr5	60850000	60860000	5.167417203709835	60855000
chr5	60860000	60870000	8.203453132778805	60865000
chr5	60870000	60880000	7.543669842532815	60875000
chr5	60880000	60890000	7.363944487571669	60885000
chr5	60890000	60900000	14.739544307975848	60895000
chr5	60900000	60910000	11.75793328701756	60905000
chr5	60910000	60920000	5.975064499788438	60915000
chr5	60920000	60930000	8.455073097325743	60925000
chr5	60930000	60940000	10.689128685200414	60935000
chr5	60940000	60950000	14.877690878602486	60945000
chr5	60950000	60960000	9.928357488720456	60955000
chr5	60960000	60970000	8.613885773149974	60965000
chr5	60970000	60980000	7.371514440366501	60975000
chr5	60980000	60990000	10.641115141581437	60985000
chr5	60990000	61000000	13.129790245477317	60995000
chr5	61000000	61010000	7.790321281217744	61005000
chr5	61010000	61020000	10.121693478112313	61015000
chr5	61020000	61030000	14.195034971294051	61025000
chr5	61030000	61040000	21.19353602412405	61035000
chr5	61040000	61050000	41.35650262431688	61045000
chr5	61050000	61060000	18.206793186285644	61055000
chr5	61060000	61070000	5.382377121567172	61065000
chr5	61070000	61080000	8.447900291574369	61075000
chr5	61080000	61090000	7.933240722134937	61085000
chr5	61090000	61100000	10.48528627410513	61095000
chr5	61100000	61110000	17.693903604359406	61105000
chr5	61110000	61120000	25.36247471997525	61115000
chr5	61120000	61130000	30.166594974935816	61125000
chr5	61130000	61140000	28.264445213101528	61135000
chr5	61140000	61150000	24.331042275782774	61145000
chr5	61150000	61160000	23.865140506489354	61155000
chr5	61160000	61170000	14.228304514591148	61165000
chr5	61170000	61180000	16.877744355736034	61175000
chr5	61180000	61190000	11.92231375757024	61185000
chr5	61190000	61200000	10.057127272751364	61195000
chr5	61200000	61210000	15.709119546173065	61205000
chr5	61210000	61220000	21.407907956585966	61215000
chr5	61220000	61230000	13.361018698745971	61225000
chr5	61230000	61240000	16.036757147163105	61235000
chr5	61240000	61250000	13.649489580361942	61245000
chr5	61250000	61260000	14.485616488690537	61255000
chr5	61260000	61270000	15.511382901099212	61265000
chr5	61270000	61280000	13.799773378895857	61275000
chr5	61280000	61290000	13.462778940625086	61285000
chr5	61290000	61300000	13.890529513506959	61295000
chr5	61300000	61310000	10.486962774520723	61305000
chr5	61310000	61320000	13.48416521409758	61315000
chr5	61320000	61330000	10.14776285136398	61325000
chr5	61330000	61340000	10.371003110741588	61335000
chr5	61340000	61350000	10.589288658779752	61345000
chr5	61350000	61360000	9.38301750631183	61355000
chr5	61360000	61370000	10.886487737389595	61365000
chr5	61370000	61380000	17.640277955109777	61375000
chr5	61380000	61390000	13.126248864941674	61385000
chr5	61390000	61400000	19.220313930459973	61395000
chr5	61400000	61410000	14.698562986983552	61405000
chr5	61410000	61420000	12.63524932900929	61415000
chr5	61420000	61430000	15.814613810429162	61425000
chr5	61430000	61440000	16.11450353568173	61435000
chr5	61440000	61450000	14.784705106889264	61445000
chr5	61450000	61460000	13.153905353828973	61455000
chr5	61460000	61470000	14.162707834623586	61465000
chr5	61470000	61480000	10.880055590068489	61475000
chr5	61480000	61490000	12.06756363569162	61485000
chr5	61490000	61500000	10.093464784745152	61495000
chr5	61500000	61510000	14.290804330014748	61505000
chr5	61510000	61520000	37.073186760938064	61515000
chr5	61520000	61530000	10.018996696223176	61525000
chr5	61530000	61540000	8.849931325012525	61535000
chr5	61540000	61550000	9.669333134136124	61545000
chr5	61550000	61560000	12.389113806340355	61555000
chr5	61560000	61570000	7.747430510182486	61565000
chr5	61570000	61580000	6.826982630602995	61575000
chr5	61580000	61590000	11.636905346195647	61585000
chr5	61590000	61600000	12.044951636358608	61595000
chr5	61600000	61610000	15.726430992759472	61605000
chr5	61610000	61620000	17.335227375215958	61615000
chr5	61620000	61630000	14.604702381836569	61625000
chr5	61630000	61640000	19.91310969755313	61635000
chr5	61640000	61650000	22.106239582332368	61645000
chr5	61650000	61660000	14.979104965519827	61655000
chr5	61660000	61670000	11.24935047910668	61665000
chr5	61670000	61680000	9.762546311835932	61675000
chr5	61680000	61690000	12.636605743455407	61685000
chr5	61690000	61700000	7.956615526145998	61695000
chr5	61700000	61710000	12.358261590914232	61705000
chr5	61710000	61720000	11.725871269228753	61715000
chr5	61720000	61730000	18.617291513231727	61725000
chr5	61730000	61740000	9.789670822977646	61735000
chr5	61740000	61750000	7.897780143822919	61745000
chr5	61750000	61760000	8.511753902070074	61755000
chr5	61760000	61770000	10.309616319037502	61765000
chr5	61770000	61780000	15.900115147304655	61775000
chr5	61780000	61790000	12.04456742312039	61785000
chr5	61790000	61800000	12.849790646518164	61795000
chr5	61800000	61810000	29.015714055558377	61805000
chr5	61810000	61820000	18.54752455553922	61815000
chr5	61820000	61830000	13.183942100487105	61825000
chr5	61830000	61840000	12.770148103673684	61835000
chr5	61840000	61850000	14.424582440980778	61845000
chr5	61850000	61860000	9.649411130649275	61855000
chr5	61860000	61870000	8.58726724357244	61865000
chr5	61870000	61880000	8.268721741671683	61875000
chr5	61880000	61890000	7.024987890173768	61885000
chr5	61890000	61900000	5.663011417605392	61895000
chr5	61900000	61910000	4.99603863829637	61905000
chr5	61910000	61920000	9.35254214538757	61915000
chr5	61920000	61930000	8.547165019850075	61925000
chr5	61930000	61940000	19.0848324618925	61935000
chr5	61940000	61950000	13.46660659019436	61945000
chr5	61950000	61960000	9.58965860466977	61955000
chr5	61960000	61970000	13.396728305253486	61965000
chr5	61970000	61980000	22.60179141994252	61975000
chr5	61980000	61990000	22.427475412207023	61985000
chr5	61990000	62000000	16.902803293689914	61995000
chr5	62000000	62010000	22.239667809805177	62005000
chr5	62010000	62020000	20.430127486889916	62015000
chr5	62020000	62030000	17.82531362810611	62025000
chr5	62030000	62040000	21.300254921609906	62035000
chr5	62040000	62050000	20.94173470465669	62045000
chr5	62050000	62060000	21.98841646934103	62055000
chr5	62060000	62070000	21.966190435259477	62065000
chr5	62070000	62080000	17.514179121731775	62075000
chr5	62080000	62090000	19.640085871019647	62085000
chr5	62090000	62100000	12.983651127712088	62095000
chr5	62100000	62110000	19.506508065573186	62105000
chr5	62110000	62120000	20.89894399044451	62115000
chr5	62120000	62130000	14.145482224208697	62125000
chr5	62130000	62140000	19.178260602397188	62135000
chr5	62140000	62150000	19.242555290330362	62145000
chr5	62150000	62160000	20.718420167971566	62155000
chr5	62160000	62170000	23.39749239915174	62165000
chr5	62170000	62180000	18.014319706642333	62175000
chr5	62180000	62190000	20.527731719321466	62185000
chr5	62190000	62200000	21.12171668050512	62195000
chr5	62200000	62210000	18.64625360970872	62205000
chr5	62210000	62220000	19.15164126859316	62215000
chr5	62220000	62230000	18.89737845906246	62225000
chr5	62230000	62240000	14.04306246587049	62235000
chr5	62240000	62250000	19.60631599517369	62245000
chr5	62250000	62260000	15.341702197393525	62255000
chr5	62260000	62270000	14.55180466482493	62265000
chr5	62270000	62280000	11.26879506688948	62275000
chr5	62280000	62290000	9.794434109041056	62285000
chr5	62290000	62300000	10.947830002310493	62295000
chr5	62300000	62310000	15.643530872204398	62305000
chr5	62310000	62320000	15.780872549185778	62315000
chr5	62320000	62330000	13.967523478438823	62325000
chr5	62330000	62340000	9.402413949059774	62335000
chr5	62340000	62350000	15.588783645451441	62345000
chr5	62350000	62360000	14.31800968488596	62355000
chr5	62360000	62370000	13.328914339189012	62365000
chr5	62370000	62380000	10.38687298829721	62375000
chr5	62380000	62390000	11.818172161177962	62385000
chr5	62390000	62400000	7.218967856046797	62395000
chr5	62400000	62410000	11.71211721046708	62405000
chr5	62410000	62420000	11.357320714950246	62415000
chr5	62420000	62430000	16.56410367093038	62425000
chr5	62430000	62440000	23.289880782062784	62435000
chr5	62440000	62450000	18.212729403263936	62445000
chr5	62450000	62460000	22.636006007970874	62455000
chr5	62460000	62470000	40.79625370411681	62465000
chr5	62470000	62480000	17.994693078564794	62475000
chr5	62480000	62490000	17.08954750501764	62485000
chr5	62490000	62500000	17.577856347094684	62495000
chr5	62500000	62510000	15.326877262730658	62505000
chr5	62510000	62520000	16.02142902727446	62515000
chr5	62520000	62530000	10.237865814484106	62525000
chr5	62530000	62540000	25.2943169610942	62535000
chr5	62540000	62550000	11.516976580957826	62545000
chr5	62550000	62560000	9.841814525817497	62555000
chr5	62560000	62570000	16.450475748413844	62565000
chr5	62570000	62580000	30.85995812100634	62575000
chr5	62580000	62590000	8.083981423743774	62585000
chr5	62590000	62600000	9.053159427227193	62595000
chr5	62600000	62610000	10.592410208037403	62605000
chr5	62610000	62620000	12.447708229996909	62615000
chr5	62620000	62630000	13.576166178996605	62625000
chr5	62630000	62640000	24.51545933644662	62635000
chr5	62640000	62650000	20.421308284336455	62645000
chr5	62650000	62660000	17.18370363012432	62655000
chr5	62660000	62670000	21.27327520103841	62665000
chr5	62670000	62680000	18.491866507055434	62675000
chr5	62680000	62690000	23.803812623123687	62685000
chr5	62690000	62700000	13.091280714750244	62695000
chr5	62700000	62710000	13.678693264864922	62705000
chr5	62710000	62720000	9.616947352028804	62715000
chr5	62720000	62730000	5.686828911436693	62725000
chr5	62730000	62740000	10.267214371960483	62735000
chr5	62740000	62750000	9.707375703662931	62745000
chr5	62750000	62760000	7.978992281231229	62755000
chr5	62760000	62770000	8.40794927090798	62765000
chr5	62770000	62780000	9.22698884853776	62775000
chr5	62780000	62790000	12.309924204716927	62785000
chr5	62790000	62800000	17.53759113960965	62795000
chr5	62800000	62810000	11.30755864336643	62805000
chr5	62810000	62820000	14.587626963382707	62815000
chr5	62820000	62830000	15.586415652067455	62825000
chr5	62830000	62840000	12.795048817844837	62835000
chr5	62840000	62850000	14.39841532884085	62845000
chr5	62850000	62860000	12.722061852711887	62855000
chr5	62860000	62870000	28.525301910945835	62865000
chr5	62870000	62880000	10.085612399059535	62875000
chr5	62880000	62890000	10.058953150585726	62885000
chr5	62890000	62900000	17.327415081361007	62895000
chr5	62900000	62910000	9.2633146628502	62905000
chr5	62910000	62920000	15.269434182613724	62915000
chr5	62920000	62930000	16.671729096575305	62925000
chr5	62930000	62940000	6.438060091673568	62935000
chr5	62940000	62950000	13.959582729780072	62945000
chr5	62950000	62960000	26.95838575799893	62955000
chr5	62960000	62970000	28.845714358533613	62965000
chr5	62970000	62980000	7.7107369311998	62975000
chr5	62980000	62990000	24.114064856733155	62985000
chr5	62990000	63000000	25.93049668590687	62995000
chr5	63000000	63010000	15.367287530644896	63005000
chr5	63010000	63020000	14.336606551865628	63015000
chr5	63020000	63030000	12.447304410859529	63025000
chr5	63030000	63040000	21.098470699830607	63035000
chr5	63040000	63050000	16.638374330619854	63045000
chr5	63050000	63060000	13.522161555535273	63055000
chr5	63060000	63070000	13.733111212486415	63065000
chr5	63070000	63080000	15.77211502287531	63075000
chr5	63080000	63090000	11.761408409339294	63085000
chr5	63090000	63100000	16.138434465927187	63095000
chr5	63100000	63110000	16.540717300490194	63105000
chr5	63110000	63120000	24.611217198548992	63115000
chr5	63120000	63130000	14.775154797750062	63125000
chr5	63130000	63140000	15.446013464508656	63135000
chr5	63140000	63150000	12.68708600159988	63145000
chr5	63150000	63160000	13.764687713496153	63155000
chr5	63160000	63170000	4.9276726951661765	63165000
chr5	63170000	63180000	4.5628798099564	63175000
chr5	63180000	63190000	5.172793531965005	63185000
chr5	63190000	63200000	10.191432172543335	63195000
chr5	63200000	63210000	5.993659157499929	63205000
chr5	63210000	63220000	4.294833763212376	63215000
chr5	63220000	63230000	4.936803829905199	63225000
chr5	63230000	63240000	3.5161803003488337	63235000
chr5	63240000	63250000	4.033814469725282	63245000
chr5	63250000	63260000	7.39325664348137	63255000
chr5	63260000	63270000	10.304056918782496	63265000
chr5	63270000	63280000	13.719379252046906	63275000
chr5	63280000	63290000	16.67033732098576	63285000
chr5	63290000	63300000	21.099598041434337	63295000
chr5	63300000	63310000	19.654071142599896	63305000
chr5	63310000	63320000	21.773710629413596	63315000
chr5	63320000	63330000	10.854462530253711	63325000
chr5	63330000	63340000	13.089696556899575	63335000
chr5	63340000	63350000	15.453645135322645	63345000
chr5	63350000	63360000	8.300539021322827	63355000
chr5	63360000	63370000	13.894935760526842	63365000
chr5	63370000	63380000	13.246454371113977	63375000
chr5	63380000	63390000	14.739549508216781	63385000
chr5	63390000	63400000	14.407295163037116	63395000
chr5	63400000	63410000	13.717605631878964	63405000
chr5	63410000	63420000	17.454311190885747	63415000
chr5	63420000	63430000	9.789277646537842	63425000
chr5	63430000	63440000	8.23201711285334	63435000
chr5	63440000	63450000	9.739236882667232	63445000
chr5	63450000	63460000	12.948797991362865	63455000
chr5	63460000	63470000	22.350190950063393	63465000
chr5	63470000	63480000	12.991045699368454	63475000
chr5	63480000	63490000	12.216609978489108	63485000
chr5	63490000	63500000	14.478299480383443	63495000
chr5	63500000	63510000	13.089024998864234	63505000
chr5	63510000	63520000	14.368169173715403	63515000
chr5	63520000	63530000	12.032557444862096	63525000
chr5	63530000	63540000	10.098562195443142	63535000
chr5	63540000	63550000	9.864668399652729	63545000
chr5	63550000	63560000	12.92679492920961	63555000
chr5	63560000	63570000	10.148179768976883	63565000
chr5	63570000	63580000	17.519410763827814	63575000
chr5	63580000	63590000	12.443941619817046	63585000
chr5	63590000	63600000	15.817623091048773	63595000
chr5	63600000	63610000	22.50595976275131	63605000
chr5	63610000	63620000	13.349478160091591	63615000
chr5	63620000	63630000	11.63029274251775	63625000
chr5	63630000	63640000	13.70898441215479	63635000
chr5	63640000	63650000	8.75746334250488	63645000
chr5	63650000	63660000	15.347561921343573	63655000
chr5	63660000	63670000	15.436493713119086	63665000
chr5	63670000	63680000	8.964528487231975	63675000
chr5	63680000	63690000	16.608890202649356	63685000
chr5	63690000	63700000	8.403393360123827	63695000
chr5	63700000	63710000	10.598975090402803	63705000
chr5	63710000	63720000	15.91612940464017	63715000
chr5	63720000	63730000	23.18752815088065	63725000
chr5	63730000	63740000	24.308155589581553	63735000
chr5	63740000	63750000	27.706450932268606	63745000
chr5	63750000	63760000	26.40727885332526	63755000
chr5	63760000	63770000	25.22545861232229	63765000
chr5	63770000	63780000	27.26402211118014	63775000
chr5	63780000	63790000	26.608162473942294	63785000
chr5	63790000	63800000	29.09661256941874	63795000
chr5	63800000	63810000	35.77291878451231	63805000
chr5	63810000	63820000	29.309885970080547	63815000
chr5	63820000	63830000	25.280138220942828	63825000
chr5	63830000	63840000	13.97564447100559	63835000
chr5	63840000	63850000	10.116544406785161	63845000
chr5	63850000	63860000	23.872810060322877	63855000
chr5	63860000	63870000	16.180711756738937	63865000
chr5	63870000	63880000	15.84238369340236	63875000
chr5	63880000	63890000	13.28450544035326	63885000
chr5	63890000	63900000	8.846728376650688	63895000
chr5	63900000	63910000	11.295731424566723	63905000
chr5	63910000	63920000	12.700825097747053	63915000
chr5	63920000	63930000	12.843774068906058	63925000
chr5	63930000	63940000	5.6445807078721595	63935000
chr5	63940000	63950000	5.884135981584707	63945000
chr5	63950000	63960000	4.7548807632426096	63955000
chr5	63960000	63970000	5.213148117297572	63965000
chr5	63970000	63980000	5.377123609163358	63975000
chr5	63980000	63990000	6.493303823473402	63985000
chr5	63990000	64000000	4.388138387293765	63995000
chr5	64000000	64010000	11.981862284893642	64005000
chr5	64010000	64020000	9.220879898274887	64015000
chr5	64020000	64030000	9.76981050101574	64025000
chr5	64030000	64040000	6.015545694776747	64035000
chr5	64040000	64050000	7.046914333280153	64045000
chr5	64050000	64060000	7.610047537094019	64055000
chr5	64060000	64070000	11.51774993893964	64065000
chr5	64070000	64080000	9.65603091150099	64075000
chr5	64080000	64090000	9.461061096826509	64085000
chr5	64090000	64100000	9.141442069049289	64095000
chr5	64100000	64110000	22.74637425772968	64105000
chr5	64110000	64120000	13.066781962957016	64115000
chr5	64120000	64130000	10.381999898554092	64125000
chr5	64130000	64140000	24.066771863237275	64135000
chr5	64140000	64150000	17.682699673240506	64145000
chr5	64150000	64160000	12.55306136362496	64155000
chr5	64160000	64170000	17.98678240434627	64165000
chr5	64170000	64180000	11.865893672365996	64175000
chr5	64180000	64190000	23.66529563326822	64185000
chr5	64190000	64200000	11.235760712729139	64195000
chr5	64200000	64210000	20.482110762645036	64205000
chr5	64210000	64220000	10.917504047442668	64215000
chr5	64220000	64230000	6.09238353776126	64225000
chr5	64230000	64240000	9.775103158148813	64235000
chr5	64240000	64250000	20.268459066714474	64245000
chr5	64250000	64260000	16.308402453196774	64255000
chr5	64260000	64270000	5.878969296844097	64265000
chr5	64270000	64280000	13.483831294392381	64275000
chr5	64280000	64290000	9.938482827102387	64285000
chr5	64290000	64300000	12.15498073322805	64295000
chr5	64300000	64310000	15.511397486560439	64305000
chr5	64310000	64320000	15.893062094311594	64315000
chr5	64320000	64330000	11.760304608663333	64325000
chr5	64330000	64340000	26.427964016259786	64335000
chr5	64340000	64350000	20.36705761537419	64345000
chr5	64350000	64360000	12.296493630747412	64355000
chr5	64360000	64370000	13.642784672109022	64365000
chr5	64370000	64380000	10.51215843901628	64375000
chr5	64380000	64390000	18.87228559740642	64385000
chr5	64390000	64400000	10.971562705937723	64395000
chr5	64400000	64410000	6.540909829661642	64405000
chr5	64410000	64420000	9.261433542588424	64415000
chr5	64420000	64430000	9.961701451301517	64425000
chr5	64430000	64440000	6.719486122892599	64435000
chr5	64440000	64450000	11.28802215643764	64445000
chr5	64450000	64460000	13.362604474971917	64455000
chr5	64460000	64470000	6.728058233683346	64465000
chr5	64470000	64480000	9.682977765960718	64475000
chr5	64480000	64490000	13.222500641124203	64485000
chr5	64490000	64500000	16.619210680430214	64495000
chr5	64500000	64510000	11.925618070503479	64505000
chr5	64510000	64520000	18.273154677956146	64515000
chr5	64520000	64530000	19.105949571022432	64525000
chr5	64530000	64540000	16.62900453050005	64535000
chr5	64540000	64550000	18.00089282140754	64545000
chr5	64550000	64560000	21.84948501879512	64555000
chr5	64560000	64570000	16.40043197779535	64565000
chr5	64570000	64580000	11.947132691397167	64575000
chr5	64580000	64590000	27.540576583446907	64585000
chr5	64590000	64600000	9.86704753525139	64595000
chr5	64600000	64610000	15.950661444575802	64605000
chr5	64610000	64620000	27.94625072489652	64615000
chr5	64620000	64630000	12.239923125987652	64625000
chr5	64630000	64640000	8.661146740423	64635000
chr5	64640000	64650000	12.189825244421911	64645000
chr5	64650000	64660000	20.641841277412762	64655000
chr5	64660000	64670000	6.009002437901488	64665000
chr5	64670000	64680000	6.689302262492949	64675000
chr5	64680000	64690000	4.630144778102873	64685000
chr5	64690000	64700000	4.336549180438556	64695000
chr5	64700000	64710000	14.691421191277808	64705000
chr5	64710000	64720000	24.965696263161735	64715000
chr5	64720000	64730000	12.321619069433739	64725000
chr5	64730000	64740000	8.044561913245165	64735000
chr5	64740000	64750000	7.360835866943597	64745000
chr5	64750000	64760000	11.016516003392699	64755000
chr5	64760000	64770000	13.984883518485105	64765000
chr5	64770000	64780000	4.20883831719334	64775000
chr5	64780000	64790000	4.329071477041399	64785000
chr5	64790000	64800000	4.007822382914247	64795000
chr5	64800000	64810000	2.7781975434128805	64805000
chr5	64810000	64820000	4.100493386392103	64815000
chr5	64820000	64830000	11.557752661881674	64825000
chr5	64830000	64840000	6.5239902051247425	64835000
chr5	64840000	64850000	6.140031721684595	64845000
chr5	64850000	64860000	4.090496398862289	64855000
chr5	64860000	64870000	4.166402964472939	64865000
chr5	64870000	64880000	3.96984469644888	64875000
chr5	64880000	64890000	12.802127024880951	64885000
chr5	64890000	64900000	3.9703367324559955	64895000
chr5	64900000	64910000	5.639099346992769	64905000
chr5	64910000	64920000	5.061753946352438	64915000
chr5	64920000	64930000	4.107440642147359	64925000
chr5	64930000	64940000	6.4677233005551855	64935000
chr5	64940000	64950000	5.097163543089423	64945000
chr5	64950000	64960000	3.175522117648371	64955000
chr5	64960000	64970000	3.289869800428315	64965000
chr5	64970000	64980000	17.12829950746146	64975000
chr5	64980000	64990000	16.960987593638425	64985000
chr5	64990000	65000000	8.056832389790475	64995000
chr5	65000000	65010000	11.773928756473317	65005000
chr5	65010000	65020000	9.68749586434422	65015000
chr5	65020000	65030000	6.758674489982325	65025000
chr5	65030000	65040000	5.641650830536392	65035000
chr5	65040000	65050000	18.87286229710083	65045000
chr5	65050000	65060000	5.884802558377875	65055000
chr5	65060000	65070000	3.8333173512305736	65065000
chr5	65070000	65080000	4.29250461704659	65075000
chr5	65080000	65090000	4.299022809110906	65085000
chr5	65090000	65100000	5.861360242079799	65095000
chr5	65100000	65110000	4.479119158758592	65105000
chr5	65110000	65120000	4.3649953969341855	65115000
chr5	65120000	65130000	9.837456407506734	65125000
chr5	65130000	65140000	5.993828074881357	65135000
chr5	65140000	65150000	6.098807476992808	65145000
chr5	65150000	65160000	5.746369818022666	65155000
chr5	65160000	65170000	6.66864340031119	65165000
chr5	65170000	65180000	5.450586043038814	65175000
chr5	65180000	65190000	6.214198288740997	65185000
chr5	65190000	65200000	9.81371944041747	65195000
chr5	65200000	65210000	8.030050561238316	65205000
chr5	65210000	65220000	8.763003286033738	65215000
chr5	65220000	65230000	10.755906027988287	65225000
chr5	65230000	65240000	7.962574845874401	65235000
chr5	65240000	65250000	8.180344248988073	65245000
chr5	65250000	65260000	9.643107780453285	65255000
chr5	65260000	65270000	8.786517195869738	65265000
chr5	65270000	65280000	9.046929510368793	65275000
chr5	65280000	65290000	9.917080497283177	65285000
chr5	65290000	65300000	9.941546666393208	65295000
chr5	65300000	65310000	7.6477158867734945	65305000
chr5	65310000	65320000	7.769219150461187	65315000
chr5	65320000	65330000	7.178444551049728	65325000
chr5	65330000	65340000	5.724793715908448	65335000
chr5	65340000	65350000	7.4411813815136565	65345000
chr5	65350000	65360000	12.106692155248654	65355000
chr5	65360000	65370000	8.659702917400132	65365000
chr5	65370000	65380000	11.690001956054148	65375000
chr5	65380000	65390000	11.485509579587434	65385000
chr5	65390000	65400000	9.200516202251073	65395000
chr5	65400000	65410000	12.138939763358739	65405000
chr5	65410000	65420000	5.7250628888154536	65415000
chr5	65420000	65430000	5.817506508678116	65425000
chr5	65430000	65440000	15.798876465678429	65435000
chr5	65440000	65450000	8.503570100967522	65445000
chr5	65450000	65460000	13.796725009873184	65455000
chr5	65460000	65470000	13.333481987710261	65465000
chr5	65470000	65480000	13.403874989122317	65475000
chr5	65480000	65490000	10.983031411530213	65485000
chr5	65490000	65500000	18.17225544165596	65495000
chr5	65500000	65510000	11.316781771557379	65505000
chr5	65510000	65520000	9.74587094707334	65515000
chr5	65520000	65530000	6.469392185148866	65525000
chr5	65530000	65540000	15.006567012400609	65535000
chr5	65540000	65550000	7.0313243574363415	65545000
chr5	65550000	65560000	9.822989871788689	65555000
chr5	65560000	65570000	12.834987140885513	65565000
chr5	65570000	65580000	16.638540192196693	65575000
chr5	65580000	65590000	13.073841503660024	65585000
chr5	65590000	65600000	12.670398921868179	65595000
chr5	65600000	65610000	14.080273821055195	65605000
chr5	65610000	65620000	9.236770529216924	65615000
chr5	65620000	65630000	11.771616439345392	65625000
chr5	65630000	65640000	16.615530902386272	65635000
chr5	65640000	65650000	15.29820241524611	65645000
chr5	65650000	65660000	19.31680775908924	65655000
chr5	65660000	65670000	15.129283903813457	65665000
chr5	65670000	65680000	18.47712343563955	65675000
chr5	65680000	65690000	16.89254460787289	65685000
chr5	65690000	65700000	13.854303307302946	65695000
chr5	65700000	65710000	20.670581425498955	65705000
chr5	65710000	65720000	22.39424660835205	65715000
chr5	65720000	65730000	28.290017411207177	65725000
chr5	65730000	65740000	22.7899066849396	65735000
chr5	65740000	65750000	20.7975989804929	65745000
chr5	65750000	65760000	13.04635242776911	65755000
chr5	65760000	65770000	11.67136722891646	65765000
chr5	65770000	65780000	15.671295279180574	65775000
chr5	65780000	65790000	10.332038794603628	65785000
chr5	65790000	65800000	5.981061485408361	65795000
chr5	65800000	65810000	6.275229971873188	65805000
chr5	65810000	65820000	6.796616102938591	65815000
chr5	65820000	65830000	5.062473669995174	65825000
chr5	65830000	65840000	6.845641040082597	65835000
chr5	65840000	65850000	12.23689225289381	65845000
chr5	65850000	65860000	11.801749562481326	65855000
chr5	65860000	65870000	11.261378734598576	65865000
chr5	65870000	65880000	13.757917848769019	65875000
chr5	65880000	65890000	9.639976682462962	65885000
chr5	65890000	65900000	10.268644649041892	65895000
chr5	65900000	65910000	9.481918937763183	65905000
chr5	65910000	65920000	7.213896066390079	65915000
chr5	65920000	65930000	4.7053947927891855	65925000
chr5	65930000	65940000	5.868147613656682	65935000
chr5	65940000	65950000	7.580305422589385	65945000
chr5	65950000	65960000	9.889747955464465	65955000
chr5	65960000	65970000	10.500694298606934	65965000
chr5	65970000	65980000	11.812151341536763	65975000
chr5	65980000	65990000	12.063442051655288	65985000
chr5	65990000	66000000	12.204339846384219	65995000
chr5	66000000	66010000	9.078755514139845	66005000
chr5	66010000	66020000	12.427594705318866	66015000
chr5	66020000	66030000	10.349624854401798	66025000
chr5	66030000	66040000	11.24052273311718	66035000
chr5	66040000	66050000	14.417784329736087	66045000
chr5	66050000	66060000	11.486917033578868	66055000
chr5	66060000	66070000	11.283389350382354	66065000
chr5	66070000	66080000	10.60534906982039	66075000
chr5	66080000	66090000	11.908673211100602	66085000
chr5	66090000	66100000	9.681106985173717	66095000
chr5	66100000	66110000	12.002964066459507	66105000
chr5	66110000	66120000	11.718093931710287	66115000
chr5	66120000	66130000	10.440156113601653	66125000
chr5	66130000	66140000	10.244268168600927	66135000
chr5	66140000	66150000	9.068965462054267	66145000
chr5	66150000	66160000	4.823773019526765	66155000
chr5	66160000	66170000	9.126377055165545	66165000
chr5	66170000	66180000	7.807840060166209	66175000
chr5	66180000	66190000	5.07542998976638	66185000
chr5	66190000	66200000	6.053275512440978	66195000
chr5	66200000	66210000	5.769378286704802	66205000
chr5	66210000	66220000	6.742735267683533	66215000
chr5	66220000	66230000	4.554371490436345	66225000
chr5	66230000	66240000	4.906613167595591	66235000
chr5	66240000	66250000	15.591885766769115	66245000
chr5	66250000	66260000	7.420231945122383	66255000
chr5	66260000	66270000	8.786966851186701	66265000
chr5	66270000	66280000	5.468330770815892	66275000
chr5	66280000	66290000	5.925118145140272	66285000
chr5	66290000	66300000	6.434645719411565	66295000
chr5	66300000	66310000	4.73677385967958	66305000
chr5	66310000	66320000	7.13026753879847	66315000
chr5	66320000	66330000	8.734992042777181	66325000
chr5	66330000	66340000	7.208856508437736	66335000
chr5	66340000	66350000	7.196565772283988	66345000
chr5	66350000	66360000	10.491957580929421	66355000
chr5	66360000	66370000	5.595763849042961	66365000
chr5	66370000	66380000	5.191817221794356	66375000
chr5	66380000	66390000	5.14778331958875	66385000
chr5	66390000	66400000	6.388236489981244	66395000
chr5	66400000	66410000	6.040695885265007	66405000
chr5	66410000	66420000	9.396522781603663	66415000
chr5	66420000	66430000	8.978302344762772	66425000
chr5	66430000	66440000	6.546274714310657	66435000
chr5	66440000	66450000	12.116254837422506	66445000
chr5	66450000	66460000	12.168276307866574	66455000
chr5	66460000	66470000	9.729562984275821	66465000
chr5	66470000	66480000	9.735733200420752	66475000
chr5	66480000	66490000	14.146300250886858	66485000
chr5	66490000	66500000	11.996252231738138	66495000
chr5	66500000	66510000	8.518890566920474	66505000
chr5	66510000	66520000	8.443129947785264	66515000
chr5	66520000	66530000	5.1824454563460165	66525000
chr5	66530000	66540000	10.611905905061887	66535000
chr5	66540000	66550000	11.501607932001317	66545000
chr5	66550000	66560000	14.624505605919172	66555000
chr5	66560000	66570000	14.596436605708503	66565000
chr5	66570000	66580000	12.401268680703984	66575000
chr5	66580000	66590000	12.975190845293312	66585000
chr5	66590000	66600000	11.730439976103357	66595000
chr5	66600000	66610000	11.630450954783022	66605000
chr5	66610000	66620000	11.276551928139956	66615000
chr5	66620000	66630000	12.956410275257555	66625000
chr5	66630000	66640000	21.48636797547008	66635000
chr5	66640000	66650000	13.310578489031547	66645000
chr5	66650000	66660000	9.664702224756123	66655000
chr5	66660000	66670000	4.072851071195944	66665000
chr5	66670000	66680000	3.85611833583174	66675000
chr5	66680000	66690000	6.299833322267201	66685000
chr5	66690000	66700000	10.536320357726057	66695000
chr5	66700000	66710000	9.334973367430408	66705000
chr5	66710000	66720000	8.44379479139828	66715000
chr5	66720000	66730000	8.08613147374941	66725000
chr5	66730000	66740000	11.112407819958387	66735000
chr5	66740000	66750000	6.720757769232253	66745000
chr5	66750000	66760000	3.992117224110631	66755000
chr5	66760000	66770000	6.361500616848847	66765000
chr5	66770000	66780000	4.719084646482269	66775000
chr5	66780000	66790000	2.830532108596248	66785000
chr5	66790000	66800000	7.238982254265482	66795000
chr5	66800000	66810000	2.2728646647274697	66805000
chr5	66810000	66820000	16.564487685448995	66815000
chr5	66820000	66830000	8.184882670006967	66825000
chr5	66830000	66840000	4.865106021030335	66835000
chr5	66840000	66850000	6.656030163253102	66845000
chr5	66850000	66860000	2.7449823666855204	66855000
chr5	66860000	66870000	2.008750756202456	66865000
chr5	66870000	66880000	1.1612265036627363	66875000
chr5	66880000	66890000	2.144891768374588	66885000
chr5	66890000	66900000	1.7943179320873532	66895000
chr5	66900000	66910000	6.852038215906055	66905000
chr5	66910000	66920000	2.8594957885514	66915000
chr5	66920000	66930000	2.6265601186130474	66925000
chr5	66930000	66940000	2.5481090667073873	66935000
chr5	66940000	66950000	2.3153637847678987	66945000
chr5	66950000	66960000	2.6120268484207076	66955000
chr5	66960000	66970000	8.86953923011424	66965000
chr5	66970000	66980000	11.369000463521528	66975000
chr5	66980000	66990000	2.5817344581710286	66985000
chr5	66990000	67000000	6.888576792221945	66995000
chr5	67000000	67010000	4.228042063850677	67005000
chr5	67010000	67020000	4.521253649699504	67015000
chr5	67020000	67030000	4.433289217488725	67025000
chr5	67030000	67040000	14.607927222457006	67035000
chr5	67040000	67050000	6.074774922497061	67045000
chr5	67050000	67060000	8.412203528923673	67055000
chr5	67060000	67070000	5.264065091838565	67065000
chr5	67070000	67080000	3.540553745209358	67075000
chr5	67080000	67090000	3.327094358882821	67085000
chr5	67090000	67100000	2.231696474487504	67095000
chr5	67100000	67110000	6.40846078287647	67105000
chr5	67110000	67120000	3.1534813638204335	67115000
chr5	67120000	67130000	1.8818121764578284	67125000
chr5	67130000	67140000	5.534177551049419	67135000
chr5	67140000	67150000	1.4072358532286091	67145000
chr5	67150000	67160000	1.4894137681562758	67155000
chr5	67160000	67170000	0.7610728749418829	67165000
chr5	67170000	67180000	1.51151273718971	67175000
chr5	67180000	67190000	0.36621799951148426	67185000
chr5	67190000	67200000	0.7970284383094502	67195000
chr5	67200000	67210000	0.3303829555748576	67205000
chr5	67210000	67220000	0.7277888161903079	67215000
chr5	67220000	67230000	2.1504834974015536	67225000
chr5	67230000	67240000	1.4195489271224193	67235000
chr5	67240000	67250000	0.3832608048138798	67245000
chr5	67250000	67260000	1.3796562662245393	67255000
chr5	67260000	67270000	0.6457402962125391	67265000
chr5	67270000	67280000	2.2376168125421914	67275000
chr5	67280000	67290000	2.25388968424392	67285000
chr5	67290000	67300000	1.4755760199338177	67295000
chr5	67300000	67310000	3.2667991939202605	67305000
chr5	67310000	67320000	4.936282904562605	67315000
chr5	67320000	67330000	2.7900899314720755	67325000
chr5	67330000	67340000	2.8650269838891136	67335000
chr5	67340000	67350000	1.92736917691581	67345000
chr5	67350000	67360000	4.084103822707093	67355000
chr5	67360000	67370000	3.341177842056077	67365000
chr5	67370000	67380000	4.544489401613828	67375000
chr5	67380000	67390000	7.0302505668848285	67385000
chr5	67390000	67400000	6.617721165824435	67395000
chr5	67400000	67410000	8.889633292883115	67405000
chr5	67410000	67420000	11.443568072919268	67415000
chr5	67420000	67430000	6.452274894872265	67425000
chr5	67430000	67440000	6.955350998477376	67435000
chr5	67440000	67450000	3.1806958155701306	67445000
chr5	67450000	67460000	3.8039577930477977	67455000
chr5	67460000	67470000	19.46329043556597	67465000
chr5	67470000	67480000	6.0208723423998265	67475000
chr5	67480000	67490000	6.028887114310214	67485000
chr5	67490000	67500000	6.385995990345667	67495000
chr5	67500000	67510000	5.1123183848490985	67505000
chr5	67510000	67520000	3.286969183079607	67515000
chr5	67520000	67530000	3.7110304504135505	67525000
chr5	67530000	67540000	4.807174569258664	67535000
chr5	67540000	67550000	5.308541819656037	67545000
chr5	67550000	67560000	4.703575686377523	67555000
chr5	67560000	67570000	3.1961603938048446	67565000
chr5	67570000	67580000	1.5668444454652728	67575000
chr5	67580000	67590000	1.5723875010736215	67585000
chr5	67590000	67600000	1.6221432224714236	67595000
chr5	67600000	67610000	1.5506140610787738	67605000
chr5	67610000	67620000	1.6266252145240088	67615000
chr5	67620000	67630000	0.6587549007226476	67625000
chr5	67630000	67640000	2.3079220543279173	67635000
chr5	67640000	67650000	2.140905579126201	67645000
chr5	67650000	67660000	2.8722341031438687	67655000
chr5	67660000	67670000	3.5581591085743454	67665000
chr5	67670000	67680000	2.288754301478315	67675000
chr5	67680000	67690000	2.3228622529161496	67685000
chr5	67690000	67700000	2.8274283890504464	67695000
chr5	67700000	67710000	2.754697028227782	67705000
chr5	67710000	67720000	5.058946630089841	67715000
chr5	67720000	67730000	1.7902301559897187	67725000
chr5	67730000	67740000	2.4200581514801476	67735000
chr5	67740000	67750000	1.1844000581649392	67745000
chr5	67750000	67760000	2.05950071723653	67755000
chr5	67760000	67770000	4.353308259716603	67765000
chr5	67770000	67780000	0.926242268491452	67775000
chr5	67780000	67790000	2.853455840885738	67785000
chr5	67790000	67800000	0.5334627055283018	67795000
chr5	67800000	67810000	1.0861104694288082	67805000
chr5	67810000	67820000	0.9834643291324117	67815000
chr5	67820000	67830000	2.443073531947952	67825000
chr5	67830000	67840000	0.3458942832702891	67835000
chr5	67840000	67850000	0.3226776940879362	67845000
chr5	67850000	67860000	0.46582231206904245	67855000
chr5	67860000	67870000	1.2866154315737113	67865000
chr5	67870000	67880000	0.2664419874075056	67875000
chr5	67880000	67890000	0.07594234704914501	67885000
chr5	67890000	67900000	0.10226242547383889	67895000
chr5	67900000	67910000	0.3277692540985534	67905000
chr5	67910000	67920000	1.1033504819110425	67915000
chr5	67920000	67930000	0.886766419588143	67925000
chr5	67930000	67940000	1.1666211455105848	67935000
chr5	67940000	67950000	1.2188080667271193	67945000
chr5	67950000	67960000	2.4328086267568763	67955000
chr5	67960000	67970000	0.25288957118759037	67965000
chr5	67970000	67980000	0.23538532509078955	67975000
chr5	67980000	67990000	0.2660792549634116	67985000
chr5	67990000	68000000	0.21511673973866946	67995000
chr5	68000000	68010000	0.26717033903983867	68005000
chr5	68010000	68020000	0.32137062903071867	68015000
chr5	68020000	68030000	0.3065310584956933	68025000
chr5	68030000	68040000	0.30002606420400546	68035000
chr5	68040000	68050000	0.23082771972726243	68045000
chr5	68050000	68060000	0.34987240567947336	68055000
chr5	68060000	68070000	0.37931555269160505	68065000
chr5	68070000	68080000	0.18046730056593197	68075000
chr5	68080000	68090000	0.3072193522351796	68085000
chr5	68090000	68100000	0.5054525696024381	68095000
chr5	68100000	68110000	0.3318363364923823	68105000
chr5	68110000	68120000	0.10637390776396448	68115000
chr5	68120000	68130000	0.09904927155043525	68125000
chr5	68130000	68140000	0.08119547077995731	68135000
chr5	68140000	68150000	0.0811954707799564	68145000
chr5	68150000	68160000	0.08836147378924822	68155000
chr5	68160000	68170000	0.14711508490751196	68165000
chr5	68170000	68180000	0.16967856634679487	68175000
chr5	68180000	68190000	0.16181127450317953	68185000
chr5	68190000	68200000	0.24053855639039373	68195000
chr5	68200000	68210000	0.4952583379783001	68205000
chr5	68210000	68220000	0.3376098342653062	68215000
chr5	68220000	68230000	0.13569068094637365	68225000
chr5	68230000	68240000	0.13569068094637363	68235000
chr5	68240000	68250000	0.1512134007374512	68245000
chr5	68250000	68260000	0.2038404560108979	68255000
chr5	68260000	68270000	1.9034651083281056	68265000
chr5	68270000	68280000	0.4191246099454196	68275000
chr5	68280000	68290000	0.3415890005029917	68285000
chr5	68290000	68300000	0.3464673292356916	68295000
chr5	68300000	68310000	0.3383178540918536	68305000
chr5	68310000	68320000	0.3356692746701067	68315000
chr5	68320000	68330000	0.3356692746701061	68325000
chr5	68330000	68340000	15.083056649985643	68335000
chr5	68340000	68350000	50.107638451704325	68345000
chr5	68350000	68360000	30.083865271019935	68355000
chr5	68360000	68370000	21.558956650113245	68365000
chr5	68370000	68380000	9.800034146508366	68375000
chr5	68380000	68390000	0.29216151397972345	68385000
chr5	68390000	68400000	0.283209637355735	68395000
chr5	68400000	68410000	0.23558937336133362	68405000
chr5	68410000	68420000	0.23558937336133362	68415000
chr5	68420000	68430000	0.21255283855670182	68425000
chr5	68430000	68440000	0.157079977326509	68435000
chr5	68440000	68450000	0.146152535261466	68445000
chr5	68450000	68460000	0.1446935800042594	68455000
chr5	68460000	68470000	0.13927465717125803	68465000
chr5	68470000	68480000	0.12571745948787721	68475000
chr5	68480000	68490000	0.061165204041472805	68485000
chr5	68490000	68500000	0.07748277799120776	68495000
chr5	68500000	68510000	0.1797636761946118	68505000
chr5	68510000	68520000	0.42534532174176803	68515000
chr5	68520000	68530000	0.558734563124463	68525000
chr5	68530000	68540000	1.1479681921216573	68535000
chr5	68540000	68550000	0.1715659325712255	68545000
chr5	68550000	68560000	0.08742124421955322	68555000
chr5	68560000	68570000	0.05586740172880433	68565000
chr5	68570000	68580000	0.04670899908266723	68575000
chr5	68580000	68590000	0.05252244664945259	68585000
chr5	68590000	68600000	0.7490660692534222	68595000
chr5	68600000	68610000	0.40997464933602046	68605000
chr5	68610000	68620000	0.5674997248436013	68615000
chr5	68620000	68630000	0.9751232314718277	68625000
chr5	68630000	68640000	0.6584514109056632	68635000
chr5	68640000	68650000	13.045623638123663	68645000
chr5	68650000	68660000	0.8101155667106067	68655000
chr5	68660000	68670000	0.31320751839920213	68665000
chr5	68670000	68680000	0.2993070503430776	68675000
chr5	68680000	68690000	0.2520224185249298	68685000
chr5	68690000	68700000	0.25214182990512424	68695000
chr5	68700000	68710000	0.26101211822057885	68705000
chr5	68710000	68720000	0.3435836730144317	68715000
chr5	68720000	68730000	0.9545013625004644	68725000
chr5	68730000	68740000	3.041781061407866	68735000
chr5	68740000	68750000	1.6194891981381445	68745000
chr5	68750000	68760000	2.566049123194377	68755000
chr5	68760000	68770000	1.7302176160453562	68765000
chr5	68770000	68780000	1.14488332942624	68775000
chr5	68780000	68790000	1.2862949076273296	68785000
chr5	68790000	68800000	0.6528272689601116	68795000
chr5	68800000	68810000	1.2322492492626964	68805000
chr5	68810000	68820000	3.4328725766026684	68815000
chr5	68820000	68830000	3.28950421386932	68825000
chr5	68830000	68840000	1.0109180470687342	68835000
chr5	68840000	68850000	1.0838829121732998	68845000
chr5	68850000	68860000	11.146427587755445	68855000
chr5	68860000	68870000	1.1807519321320439	68865000
chr5	68870000	68880000	3.4622278190532416	68875000
chr5	68880000	68890000	1.2448733999782053	68885000
chr5	68890000	68900000	1.3394960000304037	68895000
chr5	68900000	68910000	5.617767245752021	68905000
chr5	68910000	68920000	2.6713699230299737	68915000
chr5	68920000	68930000	0.942022443450818	68925000
chr5	68930000	68940000	0.7318534221779205	68935000
chr5	68940000	68950000	6.670933102842292	68945000
chr5	68950000	68960000	4.8036635292681265	68955000
chr5	68960000	68970000	5.983834858202037	68965000
chr5	68970000	68980000	5.090463695646591	68975000
chr5	68980000	68990000	7.9673322287988	68985000
chr5	68990000	69000000	6.801974216043105	68995000
chr5	69000000	69010000	13.855680078113407	69005000
chr5	69010000	69020000	8.955454606839337	69015000
chr5	69020000	69030000	7.99939050895443	69025000
chr5	69030000	69040000	9.594025623607635	69035000
chr5	69040000	69050000	4.974434550522124	69045000
chr5	69050000	69060000	7.43699485809236	69055000
chr5	69060000	69070000	7.698865625092956	69065000
chr5	69070000	69080000	8.561227154284527	69075000
chr5	69080000	69090000	9.75176598453936	69085000
chr5	69090000	69100000	7.269732128979337	69095000
chr5	69100000	69110000	7.678143236819564	69105000
chr5	69110000	69120000	7.3041865094926	69115000
chr5	69120000	69130000	7.572234804407734	69125000
chr5	69130000	69140000	5.538402120976736	69135000
chr5	69140000	69150000	5.504967944524192	69145000
chr5	69150000	69160000	4.933702733336442	69155000
chr5	69160000	69170000	4.271114363869543	69165000
chr5	69170000	69180000	4.929846685527097	69175000
chr5	69180000	69190000	7.448267402533043	69185000
chr5	69190000	69200000	1.7662025722316452	69195000
chr5	69200000	69210000	2.018150652405989	69205000
chr5	69210000	69220000	2.256988675274637	69215000
chr5	69220000	69230000	13.345841250288506	69225000
chr5	69230000	69240000	3.640949700004843	69235000
chr5	69240000	69250000	3.6472797795451197	69245000
chr5	69250000	69260000	9.704600861968828	69255000
chr5	69260000	69270000	16.21838652099919	69265000
chr5	69270000	69280000	36.20306413643977	69275000
chr5	69280000	69290000	5.824620368362547	69285000
chr5	69290000	69300000	2.6511069778426095	69295000
chr5	69300000	69310000	3.761407118672702	69305000
chr5	69310000	69320000	2.0879550725618445	69315000
chr5	69320000	69330000	2.9671801011852352	69325000
chr5	69330000	69340000	4.516707162907261	69335000
chr5	69340000	69350000	6.121958683850844	69345000
chr5	69350000	69360000	3.2081124407230437	69355000
chr5	69360000	69370000	5.414898757049237	69365000
chr5	69370000	69380000	7.3882483442009015	69375000
chr5	69380000	69390000	7.127353114677312	69385000
chr5	69390000	69400000	8.861428864327193	69395000
chr5	69400000	69410000	6.078842650542446	69405000
chr5	69410000	69420000	3.162457534482232	69415000
chr5	69420000	69430000	3.0524347055183565	69425000
chr5	69430000	69440000	7.147023249305565	69435000
chr5	69440000	69450000	1.3330290597892045	69445000
chr5	69450000	69460000	6.888505680784419	69455000
chr5	69460000	69470000	7.692933593199439	69465000
chr5	69470000	69480000	11.82116009930791	69475000
chr5	69480000	69490000	17.53069595603566	69485000
chr5	69490000	69500000	11.76181236500898	69495000
chr5	69500000	69510000	6.327715602000688	69505000
chr5	69510000	69520000	1.9730178963668925	69515000
chr5	69520000	69530000	8.734572818316602	69525000
chr5	69530000	69540000	11.243679120859452	69535000
chr5	69540000	69550000	8.690585310185648	69545000
chr5	69550000	69560000	8.026768630469403	69555000
chr5	69560000	69570000	6.5021616318974695	69565000
chr5	69570000	69580000	8.69018219114589	69575000
chr5	69580000	69590000	4.576912907343862	69585000
chr5	69590000	69600000	5.470828958705766	69595000
chr5	69600000	69610000	10.977680560477092	69605000
chr5	69610000	69620000	6.382012489449939	69615000
chr5	69620000	69630000	10.746434821723764	69625000
chr5	69630000	69640000	12.306097413341865	69635000
chr5	69640000	69650000	14.463817972695308	69645000
chr5	69650000	69660000	5.886358148860047	69655000
chr5	69660000	69670000	7.64653057195595	69665000
chr5	69670000	69680000	6.937979197538207	69675000
chr5	69680000	69690000	10.482774481621718	69685000
chr5	69690000	69700000	4.5497924053153875	69695000
chr5	69700000	69710000	5.440651835942275	69705000
chr5	69710000	69720000	9.332353355938281	69715000
chr5	69720000	69730000	16.878699681246246	69725000
chr5	69730000	69740000	22.20700695631366	69735000
chr5	69740000	69750000	16.033331418126846	69745000
chr5	69750000	69760000	13.181897831977626	69755000
chr5	69760000	69770000	19.165776200044817	69765000
chr5	69770000	69780000	8.274751642881899	69775000
chr5	69780000	69790000	15.546232098477658	69785000
chr5	69790000	69800000	15.201509476610305	69795000
chr5	69800000	69810000	11.107449472607028	69805000
chr5	69810000	69820000	6.48126814561154	69815000
chr5	69820000	69830000	13.207485599014177	69825000
chr5	69830000	69840000	5.5172628498525444	69835000
chr5	69840000	69850000	11.097619985791969	69845000
chr5	69850000	69860000	23.38953371468056	69855000
chr5	69860000	69870000	12.367736957031308	69865000
chr5	69870000	69880000	25.094545745517486	69875000
chr5	69880000	69890000	45.62667980326519	69885000
chr5	69890000	69900000	9.677452937545613	69895000
chr5	69900000	69910000	16.32083964920672	69905000
chr5	69910000	69920000	17.73402963290553	69915000
chr5	69920000	69930000	15.669280712816356	69925000
chr5	69930000	69940000	25.062474244604623	69935000
chr5	69940000	69950000	19.794845700789683	69945000
chr5	69950000	69960000	10.192376936415805	69955000
chr5	69960000	69970000	12.467426679572819	69965000
chr5	69970000	69980000	23.061711276023193	69975000
chr5	69980000	69990000	28.6118898712727	69985000
chr5	69990000	70000000	16.61019207360884	69995000
chr5	70000000	70010000	17.499132444128264	70005000
chr5	70010000	70020000	17.220871555822495	70015000
chr5	70020000	70030000	14.13192407717313	70025000
chr5	70030000	70040000	13.492564710927248	70035000
chr5	70040000	70050000	12.146387729365223	70045000
chr5	70050000	70060000	13.26165253677611	70055000
chr5	70060000	70070000	12.515849292276284	70065000
chr5	70070000	70080000	11.045359530288458	70075000
chr5	70080000	70090000	23.708206834133428	70085000
chr5	70090000	70100000	30.82266047083364	70095000
chr5	70100000	70110000	21.2296421258831	70105000
chr5	70110000	70120000	20.39267766932499	70115000
chr5	70120000	70130000	23.458304234719563	70125000
chr5	70130000	70140000	30.909013619966238	70135000
chr5	70140000	70150000	22.075890632231935	70145000
chr5	70150000	70160000	23.708261060785773	70155000
chr5	70160000	70170000	20.258759948493623	70165000
chr5	70170000	70180000	19.26968654335762	70175000
chr5	70180000	70190000	23.31757475230689	70185000
chr5	70190000	70200000	24.572873351492824	70195000
chr5	70200000	70210000	23.53360623826047	70205000
chr5	70210000	70220000	21.11873308720774	70215000
chr5	70220000	70230000	24.79726095002503	70225000
chr5	70230000	70240000	12.763638076860566	70235000
chr5	70240000	70250000	11.586979570552915	70245000
chr5	70250000	70260000	12.682296533323209	70255000
chr5	70260000	70270000	25.51483204079225	70265000
chr5	70270000	70280000	6.244148007452442	70275000
chr5	70280000	70290000	7.63201874373763	70285000
chr5	70290000	70300000	7.9099508519448225	70295000
chr5	70300000	70310000	7.780081249480814	70305000
chr5	70310000	70320000	14.32057068137695	70315000
chr5	70320000	70330000	15.933577031615863	70325000
chr5	70330000	70340000	8.501372662371129	70335000
chr5	70340000	70350000	4.766507886417398	70345000
chr5	70350000	70360000	7.553778873921939	70355000
chr5	70360000	70370000	5.2956280235117905	70365000
chr5	70370000	70380000	5.345953948649187	70375000
chr5	70380000	70390000	8.008700878602342	70385000
chr5	70390000	70400000	9.298100992479135	70395000
chr5	70400000	70410000	17.145377002407	70405000
chr5	70410000	70420000	12.108118433748391	70415000
chr5	70420000	70430000	31.563401010306574	70425000
chr5	70430000	70440000	19.906589244671647	70435000
chr5	70440000	70450000	19.73670412848308	70445000
chr5	70450000	70460000	14.615251625983346	70455000
chr5	70460000	70470000	10.645788015311604	70465000
chr5	70470000	70480000	8.649080242455703	70475000
chr5	70480000	70490000	7.381171585339535	70485000
chr5	70490000	70500000	12.603913226959564	70495000
chr5	70500000	70510000	14.978043813875102	70505000
chr5	70510000	70520000	4.528037710950947	70515000
chr5	70520000	70530000	9.229658024767032	70525000
chr5	70530000	70540000	9.833517598114659	70535000
chr5	70540000	70550000	8.285011146243255	70545000
chr5	70550000	70560000	25.875795392273776	70555000
chr5	70560000	70570000	14.857905453604708	70565000
chr5	70570000	70580000	25.01375874897211	70575000
chr5	70580000	70590000	21.627905082287146	70585000
chr5	70590000	70600000	12.0813443539874	70595000
chr5	70600000	70610000	18.62143984969312	70605000
chr5	70610000	70620000	25.732786799767815	70615000
chr5	70620000	70630000	9.831783903453674	70625000
chr5	70630000	70640000	6.473898711728271	70635000
chr5	70640000	70650000	26.51678541432333	70645000
chr5	70650000	70660000	9.57186739946314	70655000
chr5	70660000	70670000	14.046007696423624	70665000
chr5	70670000	70680000	12.90391420821429	70675000
chr5	70680000	70690000	6.012512009167937	70685000
chr5	70690000	70700000	12.885822980396311	70695000
chr5	70700000	70710000	11.911171847676952	70705000
chr5	70710000	70720000	11.503886251281982	70715000
chr5	70720000	70730000	19.54826532290486	70725000
chr5	70730000	70740000	29.03901130886982	70735000
chr5	70740000	70750000	14.506986884978042	70745000
chr5	70750000	70760000	10.518872351564331	70755000
chr5	70760000	70770000	6.081301093020073	70765000
chr5	70770000	70780000	9.767725233291035	70775000
chr5	70780000	70790000	7.184566286168136	70785000
chr5	70790000	70800000	18.48280309659236	70795000
chr5	70800000	70810000	18.004704494886486	70805000
chr5	70810000	70820000	4.0876279290029744	70815000
chr5	70820000	70830000	3.787013433601476	70825000
chr5	70830000	70840000	4.196017346504356	70835000
chr5	70840000	70850000	15.320959115057505	70845000
chr5	70850000	70860000	27.564553973388097	70855000
chr5	70860000	70870000	8.382271480396131	70865000
chr5	70870000	70880000	9.873763428466464	70875000
chr5	70880000	70890000	12.451600387113759	70885000
chr5	70890000	70900000	12.797073305491597	70895000
chr5	70900000	70910000	5.545439269255463	70905000
chr5	70910000	70920000	16.314261426779304	70915000
chr5	70920000	70930000	4.384728283503199	70925000
chr5	70930000	70940000	12.90980886806785	70935000
chr5	70940000	70950000	13.377342074195157	70945000
chr5	70950000	70960000	11.910731492836787	70955000
chr5	70960000	70970000	4.14461464119773	70965000
chr5	70970000	70980000	5.457420434079962	70975000
chr5	70980000	70990000	4.4483360486304075	70985000
chr5	70990000	71000000	7.662974884351005	70995000
chr5	71000000	71010000	7.199563941158695	71005000
chr5	71010000	71020000	6.810034739080184	71015000
chr5	71020000	71030000	9.50592993547838	71025000
chr5	71030000	71040000	9.361688283102804	71035000
chr5	71040000	71050000	29.817143906932685	71045000
chr5	71050000	71060000	42.63976637486374	71055000
chr5	71060000	71070000	47.386462972398625	71065000
chr5	71070000	71080000	48.873869248315046	71075000
chr5	71080000	71090000	34.62940529983896	71085000
chr5	71090000	71100000	27.731494439368884	71095000
chr5	71100000	71110000	28.837750389831598	71105000
chr5	71110000	71120000	30.861945248035838	71115000
chr5	71120000	71130000	38.539135772100984	71125000
chr5	71130000	71140000	38.25277172039088	71135000
chr5	71140000	71150000	21.675513471606752	71145000
chr5	71150000	71160000	22.230461589206733	71155000
chr5	71160000	71170000	22.573159831398122	71165000
chr5	71170000	71180000	40.794157681100565	71175000
chr5	71180000	71190000	16.31390185137641	71185000
chr5	71190000	71200000	27.243512374076623	71195000
chr5	71200000	71210000	17.67702172506602	71205000
chr5	71210000	71220000	12.651115410017951	71215000
chr5	71220000	71230000	15.133381963935859	71225000
chr5	71230000	71240000	18.56876747202527	71235000
chr5	71240000	71250000	18.21674064356723	71245000
chr5	71250000	71260000	26.07304164222353	71255000
chr5	71260000	71270000	52.31782356388796	71265000
chr5	71270000	71280000	50.81647237773574	71275000
chr5	71280000	71290000	72.44859928935004	71285000
chr5	71290000	71300000	77.36674651997222	71295000
chr5	71300000	71310000	70.32449560921062	71305000
chr5	71310000	71320000	69.05422362067642	71315000
chr5	71320000	71330000	71.81108005529757	71325000
chr5	71330000	71340000	68.82204670145295	71335000
chr5	71340000	71350000	73.08093448152884	71345000
chr5	71350000	71360000	60.55026642144723	71355000
chr5	71360000	71370000	73.8569079305397	71365000
chr5	71370000	71380000	91.36709166022393	71375000
chr5	71380000	71390000	42.810293748319	71385000
chr5	71390000	71400000	24.3978067130007	71395000
chr5	71400000	71410000	19.11468731732956	71405000
chr5	71410000	71420000	23.060441296992053	71415000
chr5	71420000	71430000	23.381097733440953	71425000
chr5	71430000	71440000	25.630883195830467	71435000
chr5	71440000	71450000	26.463140219071953	71445000
chr5	71450000	71460000	22.72419397628076	71455000
chr5	71460000	71470000	26.31388168416795	71465000
chr5	71470000	71480000	53.437135169681035	71475000
chr5	71480000	71490000	54.358764634598906	71485000
chr5	71490000	71500000	48.05752234150989	71495000
chr5	71500000	71510000	47.58572884989389	71505000
chr5	71510000	71520000	17.999137990767313	71515000
chr5	71520000	71530000	16.76646012914605	71525000
chr5	71530000	71540000	25.264095130441493	71535000
chr5	71540000	71550000	31.386827818717514	71545000
chr5	71550000	71560000	52.366458723629584	71555000
chr5	71560000	71570000	41.40989096728375	71565000
chr5	71570000	71580000	39.8501982402742	71575000
chr5	71580000	71590000	36.47966313479436	71585000
chr5	71590000	71600000	53.99631063823143	71595000
chr5	71600000	71610000	56.66243935394152	71605000
chr5	71610000	71620000	55.15577505315385	71615000
chr5	71620000	71630000	53.754574514588874	71625000
chr5	71630000	71640000	53.126182822078285	71635000
chr5	71640000	71650000	50.61925273831275	71645000
chr5	71650000	71660000	55.8940264005488	71655000
chr5	71660000	71670000	52.7330426209354	71665000
chr5	71670000	71680000	49.00558118538094	71675000
chr5	71680000	71690000	50.20402930681504	71685000
chr5	71690000	71700000	46.31314929653052	71695000
chr5	71700000	71710000	42.32449919607702	71705000
chr5	71710000	71720000	51.247980423280445	71715000
chr5	71720000	71730000	44.087338859853084	71725000
chr5	71730000	71740000	51.45391681691422	71735000
chr5	71740000	71750000	50.65748708161164	71745000
chr5	71750000	71760000	52.74998708783265	71755000
chr5	71760000	71770000	64.76691806692811	71765000
chr5	71770000	71780000	65.13284283809624	71775000
chr5	71780000	71790000	65.13284283809621	71785000
chr5	71790000	71800000	65.13284283809624	71795000
chr5	71800000	71810000	65.13284283809631	71805000
chr5	71810000	71820000	65.13284283809631	71815000
chr5	71820000	71830000	65.13284283809624	71825000
chr5	71830000	71840000	63.847104889511435	71835000
chr5	71840000	71850000	57.23037664922388	71845000
chr5	71850000	71860000	55.73781881849026	71855000
chr5	71860000	71870000	70.9275649023946	71865000
chr5	71870000	71880000	69.52465845470579	71875000
chr5	71880000	71890000	45.204385152934414	71885000
chr5	71890000	71900000	53.36237746332527	71895000
chr5	71900000	71910000	56.656327806642125	71905000
chr5	71910000	71920000	55.2956803404643	71915000
chr5	71920000	71930000	73.06081481645825	71925000
chr5	71930000	71940000	70.29360507302053	71935000
chr5	71940000	71950000	67.42306842693316	71945000
chr5	71950000	71960000	76.1110080943669	71955000
chr5	71960000	71970000	77.18718425107241	71965000
chr5	71970000	71980000	77.8250946792229	71975000
chr5	71980000	71990000	79.54584219501048	71985000
chr5	71990000	72000000	63.27037269624898	71995000
chr5	72000000	72010000	52.05956809049973	72005000
chr5	72010000	72020000	39.65565978916999	72015000
chr5	72020000	72030000	41.43986283469825	72025000
chr5	72030000	72040000	42.26127407668302	72035000
chr5	72040000	72050000	30.22340355392639	72045000
chr5	72050000	72060000	28.512392333080832	72055000
chr5	72060000	72070000	48.061300048397825	72065000
chr5	72070000	72080000	52.45706670785889	72075000
chr5	72080000	72090000	38.95078068572131	72085000
chr5	72090000	72100000	37.23086165936158	72095000
chr5	72100000	72110000	26.86595353435233	72105000
chr5	72110000	72120000	23.324098625004133	72115000
chr5	72120000	72130000	36.13537735963224	72125000
chr5	72130000	72140000	38.14595854830278	72135000
chr5	72140000	72150000	61.1208997688981	72145000
chr5	72150000	72160000	34.34528518088954	72155000
chr5	72160000	72170000	38.61643909281522	72165000
chr5	72170000	72180000	42.02855641507229	72175000
chr5	72180000	72190000	40.56505839388262	72185000
chr5	72190000	72200000	42.45974010985474	72195000
chr5	72200000	72210000	46.09634262047464	72205000
chr5	72210000	72220000	54.07319604636717	72215000
chr5	72220000	72230000	54.99516435914858	72225000
chr5	72230000	72240000	46.900003448952724	72235000
chr5	72240000	72250000	63.663848263988484	72245000
chr5	72250000	72260000	61.013095480563415	72255000
chr5	72260000	72270000	48.23456829203909	72265000
chr5	72270000	72280000	47.35660538389371	72275000
chr5	72280000	72290000	50.5402892975758	72285000
chr5	72290000	72300000	68.41014808977661	72295000
chr5	72300000	72310000	49.47732224606751	72305000
chr5	72310000	72320000	40.65515503416199	72315000
chr5	72320000	72330000	30.734813877028124	72325000
chr5	72330000	72340000	23.798803585078616	72335000
chr5	72340000	72350000	23.098239741524736	72345000
chr5	72350000	72360000	55.15588506726477	72355000
chr5	72360000	72370000	109.56320547928868	72365000
chr5	72370000	72380000	124.73021794142704	72375000
chr5	72380000	72390000	97.8946094112134	72385000
chr5	72390000	72400000	75.29708887266268	72395000
chr5	72400000	72410000	92.86010183619314	72405000
chr5	72410000	72420000	63.59501346253658	72415000
chr5	72420000	72430000	65.3397389398734	72425000
chr5	72430000	72440000	61.34093075497127	72435000
chr5	72440000	72450000	56.67209865735793	72445000
chr5	72450000	72460000	68.51339592411074	72455000
chr5	72460000	72470000	62.19771699130048	72465000
chr5	72470000	72480000	74.40940554026845	72475000
chr5	72480000	72490000	63.024491200471275	72485000
chr5	72490000	72500000	58.817331846043686	72495000
chr5	72500000	72510000	52.89148371560318	72505000
chr5	72510000	72520000	57.34788325963434	72515000
chr5	72520000	72530000	43.045848422382115	72525000
chr5	72530000	72540000	58.36018818893582	72535000
chr5	72540000	72550000	57.94409239051222	72545000
chr5	72550000	72560000	51.97511186009625	72555000
chr5	72560000	72570000	32.08067282247257	72565000
chr5	72570000	72580000	32.18848651539252	72575000
chr5	72580000	72590000	37.435316668038745	72585000
chr5	72590000	72600000	26.726305315909304	72595000
chr5	72600000	72610000	46.89501035515501	72605000
