chrom	start	end	cM/Mb	midpoint
chr2	0	10000	175.55791473987682	5000
chr2	10000	20000	180.18193283791112	15000
chr2	20000	30000	92.19370720421999	25000
chr2	30000	40000	36.02722742244568	35000
chr2	40000	50000	35.12664075848571	45000
chr2	50000	60000	27.614062731789705	55000
chr2	60000	70000	112.30420540843075	65000
chr2	70000	80000	195.04095956205592	75000
chr2	80000	90000	21.564097000902052	85000
chr2	90000	100000	1.7280851186342543	95000
chr2	100000	110000	0.41135910707826634	105000
chr2	110000	120000	2.812356978108601	115000
chr2	120000	130000	2.1847146060363385	125000
chr2	130000	140000	2.712203735382765	135000
chr2	140000	150000	2.770166982579967	145000
chr2	150000	160000	3.2177725395360457	155000
chr2	160000	170000	3.2146445707843094	165000
chr2	170000	180000	5.036229750274097	175000
chr2	180000	190000	2.5193682017512815	185000
chr2	190000	200000	3.4238017396991802	195000
chr2	200000	210000	10.3615056528644	205000
chr2	210000	220000	6.167969847189208	215000
chr2	220000	230000	8.881162858886846	225000
chr2	230000	240000	21.93874630124483	235000
chr2	260000	270000	69.45224297047378	265000
chr2	290000	300000	69.45224297047386	295000
chr2	300000	310000	80.59036435513553	305000
chr2	310000	320000	86.97612473358603	315000
chr2	320000	330000	82.78670723933341	325000
chr2	330000	340000	78.20436105582719	335000
chr2	340000	350000	75.94056801083184	345000
chr2	350000	360000	79.90436615344834	355000
chr2	360000	370000	96.98116690818847	365000
chr2	370000	380000	98.5090651695896	375000
chr2	380000	390000	88.06929872246106	385000
chr2	390000	400000	107.82554948198991	395000
chr2	400000	410000	136.32375396037932	405000
chr2	410000	420000	137.00288166038655	415000
chr2	420000	430000	140.3729155429877	425000
chr2	430000	440000	153.33361837432665	435000
chr2	440000	450000	153.33361837432787	445000
chr2	450000	460000	153.3336183743264	455000
chr2	460000	470000	153.33361837432716	465000
chr2	470000	480000	153.33361837432727	475000
chr2	480000	490000	193.8609655074629	485000
chr2	490000	500000	196.60398284398823	495000
chr2	500000	510000	199.8671272979563	505000
chr2	510000	520000	198.05521682032474	515000
chr2	520000	530000	197.4056547467143	525000
chr2	530000	540000	232.886910873744	535000
chr2	540000	550000	227.37505183586998	545000
chr2	550000	560000	210.77230281915325	555000
chr2	560000	570000	136.30523326349964	565000
chr2	570000	580000	106.82744168638796	575000
chr2	580000	590000	87.85513281145636	585000
chr2	590000	600000	62.682841082614516	595000
chr2	600000	610000	68.16882545114333	605000
chr2	610000	620000	51.93433701268701	615000
chr2	620000	630000	42.999607344868316	625000
chr2	630000	640000	39.80980329968039	635000
chr2	640000	650000	33.941184930016995	645000
chr2	650000	660000	32.400307450995626	655000
chr2	660000	670000	23.345511751812666	665000
chr2	670000	680000	28.29599678437909	675000
chr2	680000	690000	50.48935253988991	685000
chr2	690000	700000	47.234923848155546	695000
chr2	700000	710000	42.39109997868438	705000
chr2	710000	720000	48.9361559214884	715000
chr2	720000	730000	54.16955752741422	725000
chr2	730000	740000	65.53795030246661	735000
chr2	740000	750000	58.80319425683612	745000
chr2	750000	760000	53.8002509574353	755000
chr2	760000	770000	67.83897684100957	765000
chr2	770000	780000	60.32716488594641	775000
chr2	780000	790000	64.32579026016947	785000
chr2	790000	800000	60.37614441626235	795000
chr2	800000	810000	71.81920449960506	805000
chr2	810000	820000	89.13430611355909	815000
chr2	820000	830000	86.83090356563291	825000
chr2	830000	840000	86.40439542656367	835000
chr2	840000	850000	88.89388948851264	845000
chr2	850000	860000	90.35982058551556	855000
chr2	860000	870000	91.327018774128	865000
chr2	870000	880000	88.38671213765502	875000
chr2	880000	890000	91.73934527279063	885000
chr2	890000	900000	71.38860516387452	895000
chr2	900000	910000	78.38572388824396	905000
chr2	910000	920000	65.11646773242877	915000
chr2	920000	930000	72.26266516866679	925000
chr2	930000	940000	49.28920519868722	935000
chr2	940000	950000	52.247227666451124	945000
chr2	950000	960000	32.89223889889705	955000
chr2	960000	970000	31.324752830946068	965000
chr2	970000	980000	32.081656957834326	975000
chr2	980000	990000	38.47608697445136	985000
chr2	990000	1000000	45.34758443363949	995000
chr2	1000000	1010000	38.47354261038326	1005000
chr2	1010000	1020000	30.69821570020896	1015000
chr2	1020000	1030000	20.094889067425587	1025000
chr2	1030000	1040000	13.910946236303273	1035000
chr2	1040000	1050000	38.76078384579123	1045000
chr2	1050000	1060000	37.65687820584599	1055000
chr2	1060000	1070000	36.60213672770773	1065000
chr2	1070000	1080000	48.778448821365615	1075000
chr2	1080000	1090000	40.82205668590397	1085000
chr2	1090000	1100000	40.11812959973533	1095000
chr2	1100000	1110000	56.36205473846171	1105000
chr2	1110000	1120000	53.77120725551968	1115000
chr2	1120000	1130000	33.59563265225111	1125000
chr2	1130000	1140000	25.35621043347134	1135000
chr2	1140000	1150000	32.9095691366882	1145000
chr2	1150000	1160000	33.48676868036243	1155000
chr2	1160000	1170000	35.53983742136199	1165000
chr2	1170000	1180000	33.93495419849017	1175000
chr2	1180000	1190000	23.01853212555572	1185000
chr2	1190000	1200000	22.104586612072065	1195000
chr2	1200000	1210000	32.75633172468197	1205000
chr2	1210000	1220000	33.63438850284738	1215000
chr2	1220000	1230000	27.80666532486766	1225000
chr2	1230000	1240000	31.386143656201952	1235000
chr2	1240000	1250000	40.54308834078936	1245000
chr2	1250000	1260000	34.58959353188901	1255000
chr2	1260000	1270000	33.031920018736116	1265000
chr2	1270000	1280000	49.00369925260707	1275000
chr2	1280000	1290000	38.685301760733225	1285000
chr2	1290000	1300000	47.14068739632293	1295000
chr2	1300000	1310000	43.630731474490666	1305000
chr2	1310000	1320000	98.45789038487884	1315000
chr2	1320000	1330000	90.6951277001683	1325000
chr2	1330000	1340000	79.93787148754939	1335000
chr2	1340000	1350000	37.44748845697847	1345000
chr2	1350000	1360000	33.02417629702987	1355000
chr2	1360000	1370000	19.23018645684066	1365000
chr2	1370000	1380000	29.21546497070682	1375000
chr2	1380000	1390000	35.89766000943731	1385000
chr2	1390000	1400000	37.71755645194303	1395000
chr2	1400000	1410000	47.558849162720286	1405000
chr2	1410000	1420000	36.288722120275736	1415000
chr2	1420000	1430000	24.199058498445947	1425000
chr2	1430000	1440000	43.47028645481656	1435000
chr2	1440000	1450000	37.77090607537844	1445000
chr2	1450000	1460000	52.99392428749171	1455000
chr2	1460000	1470000	70.20932322989553	1465000
chr2	1470000	1480000	83.25327842515317	1475000
chr2	1480000	1490000	66.67358107442277	1485000
chr2	1490000	1500000	68.98345877381871	1495000
chr2	1500000	1510000	49.92787922337465	1505000
chr2	1510000	1520000	20.429812102333408	1515000
chr2	1520000	1530000	37.56131002768019	1525000
chr2	1530000	1540000	18.2373311778031	1535000
chr2	1540000	1550000	22.810259575246917	1545000
chr2	1550000	1560000	23.578888392124753	1555000
chr2	1560000	1570000	25.993483969205872	1565000
chr2	1570000	1580000	28.839366154704983	1575000
chr2	1580000	1590000	30.319858605253717	1585000
chr2	1590000	1600000	29.721155459699283	1595000
chr2	1600000	1610000	28.583416098598374	1605000
chr2	1610000	1620000	27.42102464567199	1615000
chr2	1620000	1630000	27.013506334382754	1625000
chr2	1630000	1640000	29.21277893198239	1635000
chr2	1640000	1650000	57.22366452317033	1645000
chr2	1650000	1660000	53.075834685143256	1655000
chr2	1660000	1670000	54.26969384714194	1665000
chr2	1670000	1680000	42.42786666614383	1675000
chr2	1680000	1690000	34.713036611625085	1685000
chr2	1690000	1700000	38.406539098702645	1695000
chr2	1700000	1710000	49.60197466256403	1705000
chr2	1710000	1720000	81.01346493453883	1715000
chr2	1720000	1730000	64.56216160588818	1725000
chr2	1730000	1740000	63.743813958503004	1735000
chr2	1740000	1750000	65.31523215134503	1745000
chr2	1750000	1760000	69.0654104821296	1755000
chr2	1760000	1770000	70.15648965253807	1765000
chr2	1770000	1780000	57.69889665762926	1775000
chr2	1780000	1790000	45.586203756832184	1785000
chr2	1790000	1800000	71.23437494669963	1795000
chr2	1800000	1810000	87.23924210908464	1805000
chr2	1810000	1820000	65.20987121041047	1815000
chr2	1820000	1830000	73.88056315980873	1825000
chr2	1830000	1840000	56.41543393076709	1835000
chr2	1840000	1850000	34.24104740167066	1845000
chr2	1850000	1860000	26.948895787066473	1855000
chr2	1860000	1870000	26.56914646216467	1865000
chr2	1870000	1880000	21.74216483533175	1875000
chr2	1880000	1890000	30.052709282129744	1885000
chr2	1890000	1900000	26.400957860222285	1895000
chr2	1900000	1910000	43.307502317555695	1905000
chr2	1910000	1920000	47.53729980545242	1915000
chr2	1920000	1930000	33.21509617386983	1925000
chr2	1930000	1940000	45.61468719133865	1935000
chr2	1940000	1950000	106.29841780522587	1945000
chr2	1950000	1960000	95.3337130494626	1955000
chr2	1960000	1970000	67.7740743820563	1965000
chr2	1970000	1980000	57.93457573064891	1975000
chr2	1980000	1990000	71.11582821977302	1985000
chr2	1990000	2000000	35.89132063096114	1995000
chr2	2000000	2010000	21.895292593026326	2005000
chr2	2010000	2020000	27.204429017850995	2015000
chr2	2020000	2030000	38.12276527846297	2025000
chr2	2030000	2040000	32.82868055036143	2035000
chr2	2040000	2050000	30.346673063739082	2045000
chr2	2050000	2060000	34.25964894256171	2055000
chr2	2060000	2070000	28.795008496169682	2065000
chr2	2070000	2080000	30.18287763974532	2075000
chr2	2080000	2090000	24.453119482631408	2085000
chr2	2090000	2100000	28.62606225002698	2095000
chr2	2100000	2110000	28.959983951494845	2105000
chr2	2110000	2120000	24.82697812022726	2115000
chr2	2120000	2130000	36.3977075610382	2125000
chr2	2130000	2140000	28.206999535018934	2135000
chr2	2140000	2150000	23.117421139214873	2145000
chr2	2150000	2160000	31.21318824726372	2155000
chr2	2160000	2170000	15.229687575101254	2165000
chr2	2170000	2180000	3.4980366067416164	2175000
chr2	2180000	2190000	3.805776593668733	2185000
chr2	2190000	2200000	27.541072282349507	2195000
chr2	2200000	2210000	29.017936470152804	2205000
chr2	2210000	2220000	46.14631878610416	2215000
chr2	2220000	2230000	39.51005256266871	2225000
chr2	2230000	2240000	31.429559630715108	2235000
chr2	2240000	2250000	41.71250858843502	2245000
chr2	2250000	2260000	86.81381697529923	2255000
chr2	2260000	2270000	66.52953706034644	2265000
chr2	2270000	2280000	27.08910178481017	2275000
chr2	2280000	2290000	23.618268480835976	2285000
chr2	2290000	2300000	26.41830012100985	2295000
chr2	2300000	2310000	23.1448359485451	2305000
chr2	2310000	2320000	33.81814205294209	2315000
chr2	2320000	2330000	25.035550280314347	2325000
chr2	2330000	2340000	33.145502925071185	2335000
chr2	2340000	2350000	53.52501373162608	2345000
chr2	2350000	2360000	45.837543366008425	2355000
chr2	2360000	2370000	39.7486139174786	2365000
chr2	2370000	2380000	35.869980525671515	2375000
chr2	2380000	2390000	38.958608653603505	2385000
chr2	2390000	2400000	36.72064289782468	2395000
chr2	2400000	2410000	41.3591114501327	2405000
chr2	2410000	2420000	40.8028103758371	2415000
chr2	2420000	2430000	44.8748060804185	2425000
chr2	2430000	2440000	50.71366861601213	2435000
chr2	2440000	2450000	45.82361896837063	2445000
chr2	2450000	2460000	43.9039136173722	2455000
chr2	2460000	2470000	49.76230722757089	2465000
chr2	2470000	2480000	44.07974778393068	2475000
chr2	2480000	2490000	30.53748003994016	2485000
chr2	2490000	2500000	30.715089226845464	2495000
chr2	2500000	2510000	38.23991925017199	2505000
chr2	2510000	2520000	46.455933106377955	2515000
chr2	2520000	2530000	34.60569772213098	2525000
chr2	2530000	2540000	31.81506255148301	2535000
chr2	2540000	2550000	53.998566738985254	2545000
chr2	2550000	2560000	34.79226575136338	2555000
chr2	2560000	2570000	15.424786412809757	2565000
chr2	2570000	2580000	17.8498754323599	2575000
chr2	2580000	2590000	15.766210096750555	2585000
chr2	2590000	2600000	12.605450167730233	2595000
chr2	2600000	2610000	13.75871866635299	2605000
chr2	2610000	2620000	13.451797426758286	2615000
chr2	2620000	2630000	6.33509044288685	2625000
chr2	2630000	2640000	5.0457408651369455	2635000
chr2	2640000	2650000	3.6981129641014245	2645000
chr2	2650000	2660000	5.796345135150958	2655000
chr2	2660000	2670000	4.127132677937392	2665000
chr2	2670000	2680000	6.609709332764299	2675000
chr2	2680000	2690000	4.991544285443932	2685000
chr2	2690000	2700000	6.635011534340413	2695000
chr2	2700000	2710000	3.751460772364322	2705000
chr2	2710000	2720000	3.5863069561661014	2715000
chr2	2720000	2730000	4.669160855727613	2725000
chr2	2730000	2740000	7.854449487062955	2735000
chr2	2740000	2750000	13.180464838285488	2745000
chr2	2750000	2760000	4.913007145868903	2755000
chr2	2760000	2770000	11.82851778758216	2765000
chr2	2770000	2780000	9.251057202433149	2775000
chr2	2780000	2790000	6.673007679662898	2785000
chr2	2790000	2800000	9.78488194332672	2795000
chr2	2800000	2810000	7.754481150012748	2805000
chr2	2810000	2820000	6.923644259481511	2815000
chr2	2820000	2830000	8.41596015156824	2825000
chr2	2830000	2840000	10.693875331961866	2835000
chr2	2840000	2850000	8.580973676405097	2845000
chr2	2850000	2860000	11.52224077953981	2855000
chr2	2860000	2870000	16.345623019118793	2865000
chr2	2870000	2880000	12.333336413058191	2875000
chr2	2880000	2890000	16.876711484260085	2885000
chr2	2890000	2900000	6.750206153963298	2895000
chr2	2900000	2910000	4.254267681960391	2905000
chr2	2910000	2920000	4.849521488298963	2915000
chr2	2920000	2930000	3.5716140808782604	2925000
chr2	2930000	2940000	4.5591871036766705	2935000
chr2	2940000	2950000	4.001672426825997	2945000
chr2	2950000	2960000	1.2247771799457297	2955000
chr2	2960000	2970000	3.9604157047386614	2965000
chr2	2970000	2980000	2.363909042357294	2975000
chr2	2980000	2990000	5.473046864639262	2985000
chr2	2990000	3000000	14.474641438913574	2995000
chr2	3000000	3010000	2.7651208010761477	3005000
chr2	3010000	3020000	4.88632975767278	3015000
chr2	3020000	3030000	11.67831785107642	3025000
chr2	3030000	3040000	7.002323222915115	3035000
chr2	3040000	3050000	5.817374597872278	3045000
chr2	3050000	3060000	8.474476102083116	3055000
chr2	3060000	3070000	8.586229939143292	3065000
chr2	3070000	3080000	8.866308538692897	3075000
chr2	3080000	3090000	8.585165661374768	3085000
chr2	3090000	3100000	10.909645615358192	3095000
chr2	3100000	3110000	9.416179791797932	3105000
chr2	3110000	3120000	9.10656661979863	3115000
chr2	3120000	3130000	10.132830567583342	3125000
chr2	3130000	3140000	8.334802325687107	3135000
chr2	3140000	3150000	9.227563550681927	3145000
chr2	3150000	3160000	10.387554599177621	3155000
chr2	3160000	3170000	9.999563482633253	3165000
chr2	3170000	3180000	15.802109048657748	3175000
chr2	3180000	3190000	7.830931565663946	3185000
chr2	3190000	3200000	9.487707831370514	3195000
chr2	3200000	3210000	12.242013678950354	3205000
chr2	3210000	3220000	11.335756933636063	3215000
chr2	3220000	3230000	11.531158469297713	3225000
chr2	3230000	3240000	13.742177769814251	3235000
chr2	3240000	3250000	12.64929925856985	3245000
chr2	3250000	3260000	27.62317696938752	3255000
chr2	3260000	3270000	9.885822999551104	3265000
chr2	3270000	3280000	9.42375347650979	3275000
chr2	3280000	3290000	13.811508809018742	3285000
chr2	3290000	3300000	6.895378071156924	3295000
chr2	3300000	3310000	5.97369612377376	3305000
chr2	3310000	3320000	8.468875533060412	3315000
chr2	3320000	3330000	9.323580321672765	3325000
chr2	3330000	3340000	5.863129872218364	3335000
chr2	3340000	3350000	8.563332127585312	3345000
chr2	3350000	3360000	12.198652889283139	3355000
chr2	3360000	3370000	12.6153844040021	3365000
chr2	3370000	3380000	14.395954992784654	3375000
chr2	3380000	3390000	19.384533581231434	3385000
chr2	3390000	3400000	27.611285510436456	3395000
chr2	3400000	3410000	22.95037222815961	3405000
chr2	3410000	3420000	19.580961585674466	3415000
chr2	3420000	3430000	19.23550152107023	3425000
chr2	3430000	3440000	24.452735268086492	3435000
chr2	3440000	3450000	13.365552570031369	3445000
chr2	3450000	3460000	25.13770792419582	3455000
chr2	3460000	3470000	21.47677699530747	3465000
chr2	3470000	3480000	14.687244760939555	3475000
chr2	3480000	3490000	20.20237596142272	3485000
chr2	3490000	3500000	19.244578272764453	3495000
chr2	3500000	3510000	21.93464861987194	3505000
chr2	3510000	3520000	21.628879122819292	3515000
chr2	3520000	3530000	24.19892185606628	3525000
chr2	3530000	3540000	28.556331416581337	3535000
chr2	3540000	3550000	25.9734715198061	3545000
chr2	3550000	3560000	26.67565785732979	3555000
chr2	3560000	3570000	26.347513239389745	3565000
chr2	3570000	3580000	26.739680159289897	3575000
chr2	3580000	3590000	24.47089208677725	3585000
chr2	3590000	3600000	21.684247228652783	3595000
chr2	3600000	3610000	25.71059012041645	3605000
chr2	3610000	3620000	32.30197467451692	3615000
chr2	3620000	3630000	19.961979984574274	3625000
chr2	3630000	3640000	22.43894371469199	3635000
chr2	3640000	3650000	44.55128588969587	3645000
chr2	3650000	3660000	31.1794808406071	3655000
chr2	3660000	3670000	28.462103748732297	3665000
chr2	3670000	3680000	32.295857797416474	3675000
chr2	3680000	3690000	38.84078187399388	3685000
chr2	3690000	3700000	33.26995069261511	3695000
chr2	3700000	3710000	36.387049175532795	3705000
chr2	3710000	3720000	40.87432522316926	3715000
chr2	3720000	3730000	40.29642696909038	3725000
chr2	3730000	3740000	29.688512425530412	3735000
chr2	3740000	3750000	19.498711791064515	3745000
chr2	3750000	3760000	24.30822878655249	3755000
chr2	3760000	3770000	32.0116331791205	3765000
chr2	3770000	3780000	46.07142884549544	3775000
chr2	3780000	3790000	32.79952696246288	3785000
chr2	3790000	3800000	33.63127955604081	3795000
chr2	3800000	3810000	23.232199962244184	3805000
chr2	3810000	3820000	26.12517179044067	3815000
chr2	3820000	3830000	29.67331369180631	3825000
chr2	3830000	3840000	28.429797638463143	3835000
chr2	3840000	3850000	16.696797868077816	3845000
chr2	3850000	3860000	19.08931706279411	3855000
chr2	3860000	3870000	24.61430401496454	3865000
chr2	3870000	3880000	25.224954069624808	3875000
chr2	3880000	3890000	24.88660058508153	3885000
chr2	3890000	3900000	18.3263779690613	3895000
chr2	3900000	3910000	30.36201176494399	3905000
chr2	3910000	3920000	21.379102522130903	3915000
chr2	3920000	3930000	18.848041052601022	3925000
chr2	3930000	3940000	11.543331696401566	3935000
chr2	3940000	3950000	19.723944505006372	3945000
chr2	3950000	3960000	17.41486073550406	3955000
chr2	3960000	3970000	15.265349816462297	3965000
chr2	3970000	3980000	20.174791963103736	3975000
chr2	3980000	3990000	21.92429605737043	3985000
chr2	3990000	4000000	19.937117298951673	3995000
chr2	4000000	4010000	22.008795069285377	4005000
chr2	4010000	4020000	20.248676118602464	4015000
chr2	4020000	4030000	18.406577471227394	4025000
chr2	4030000	4040000	17.494552793987797	4035000
chr2	4040000	4050000	30.75228578272187	4045000
chr2	4050000	4060000	20.41929564754756	4055000
chr2	4060000	4070000	23.84564722543674	4065000
chr2	4070000	4080000	19.05816922193049	4075000
chr2	4080000	4090000	20.703761799705614	4085000
chr2	4090000	4100000	17.198979606648454	4095000
chr2	4100000	4110000	19.626903259946037	4105000
chr2	4110000	4120000	21.834546464012476	4115000
chr2	4120000	4130000	21.63848190474141	4125000
chr2	4130000	4140000	24.000535003355278	4135000
chr2	4140000	4150000	16.33380016534751	4145000
chr2	4150000	4160000	30.82817142688473	4155000
chr2	4160000	4170000	18.002340725414214	4165000
chr2	4170000	4180000	16.22316597888279	4175000
chr2	4180000	4190000	19.886291336737983	4185000
chr2	4190000	4200000	14.75998692495453	4195000
chr2	4200000	4210000	17.419809269147823	4205000
chr2	4210000	4220000	13.431859077239158	4215000
chr2	4220000	4230000	16.770568702468488	4225000
chr2	4230000	4240000	13.921474426686732	4235000
chr2	4240000	4250000	13.736663932866522	4245000
chr2	4250000	4260000	18.272443600916716	4255000
chr2	4260000	4270000	20.75988517323487	4265000
chr2	4270000	4280000	16.46615826972243	4275000
chr2	4280000	4290000	19.915836002811517	4285000
chr2	4290000	4300000	16.324136502366013	4295000
chr2	4300000	4310000	17.86185160594446	4305000
chr2	4310000	4320000	19.637022552217555	4315000
chr2	4320000	4330000	19.67624300408295	4325000
chr2	4330000	4340000	15.625317382265973	4335000
chr2	4340000	4350000	15.96342264010461	4345000
chr2	4350000	4360000	17.921774061282665	4355000
chr2	4360000	4370000	17.502753866053315	4365000
chr2	4370000	4380000	14.953978124061589	4375000
chr2	4380000	4390000	24.449667538960227	4385000
chr2	4390000	4400000	18.216912753490192	4395000
chr2	4400000	4410000	15.448831329669295	4405000
chr2	4410000	4420000	14.26158069127349	4415000
chr2	4420000	4430000	8.672762432917365	4425000
chr2	4430000	4440000	11.394146270413557	4435000
chr2	4440000	4450000	11.6835992213377	4445000
chr2	4450000	4460000	15.310027911340418	4455000
chr2	4460000	4470000	15.063913406439053	4465000
chr2	4470000	4480000	16.08264863289408	4475000
chr2	4480000	4490000	12.263727342917397	4485000
chr2	4490000	4500000	12.9131975377818	4495000
chr2	4500000	4510000	12.129064050380803	4505000
chr2	4510000	4520000	11.494596967389686	4515000
chr2	4520000	4530000	11.224573930726086	4525000
chr2	4530000	4540000	11.882187236528253	4535000
chr2	4540000	4550000	16.39552178389586	4545000
chr2	4550000	4560000	10.555932459311402	4555000
chr2	4560000	4570000	9.036443739696825	4565000
chr2	4570000	4580000	10.796577124220873	4575000
chr2	4580000	4590000	9.96414268687886	4585000
chr2	4590000	4600000	5.025318276629575	4595000
chr2	4600000	4610000	11.679345255528855	4605000
chr2	4610000	4620000	13.854033608716684	4615000
chr2	4620000	4630000	9.455839827969585	4625000
chr2	4630000	4640000	25.866552098280547	4635000
chr2	4640000	4650000	10.515826387510533	4645000
chr2	4650000	4660000	9.084002120215063	4655000
chr2	4660000	4670000	9.787112142839808	4665000
chr2	4670000	4680000	9.991092645919643	4675000
chr2	4680000	4690000	9.829521500851639	4685000
chr2	4690000	4700000	7.980774518842172	4695000
chr2	4700000	4710000	6.4104920615081875	4705000
chr2	4710000	4720000	12.704589603009705	4715000
chr2	4720000	4730000	24.19500719365092	4725000
chr2	4730000	4740000	7.360959189530213	4735000
chr2	4740000	4750000	7.480703567818043	4745000
chr2	4750000	4760000	11.60980456509291	4755000
chr2	4760000	4770000	10.34359292543829	4765000
chr2	4770000	4780000	15.815366172387147	4775000
chr2	4780000	4790000	19.31860193510804	4785000
chr2	4790000	4800000	11.383560855774592	4795000
chr2	4800000	4810000	9.6896321742912	4805000
chr2	4810000	4820000	10.263305329211112	4815000
chr2	4820000	4830000	10.814011860966238	4825000
chr2	4830000	4840000	7.013575816962749	4835000
chr2	4840000	4850000	10.806152703299873	4845000
chr2	4850000	4860000	14.62987492504568	4855000
chr2	4860000	4870000	12.874212609951828	4865000
chr2	4870000	4880000	19.160757462856893	4875000
chr2	4880000	4890000	10.597206212085306	4885000
chr2	4890000	4900000	12.407655975257136	4895000
chr2	4900000	4910000	8.186319908037502	4905000
chr2	4910000	4920000	8.829938470997169	4915000
chr2	4920000	4930000	10.987367649800284	4925000
chr2	4930000	4940000	21.81633623373886	4935000
chr2	4940000	4950000	13.291174160590119	4945000
chr2	4950000	4960000	18.57389514971168	4955000
chr2	4960000	4970000	15.721007221542179	4965000
chr2	4970000	4980000	32.49378429820917	4975000
chr2	4980000	4990000	16.784384547955096	4985000
chr2	4990000	5000000	9.156389304831809	4995000
chr2	5000000	5010000	20.370350527479395	5005000
chr2	5010000	5020000	8.235722039016027	5015000
chr2	5020000	5030000	24.89170574693789	5025000
chr2	5030000	5040000	17.295273420962662	5035000
chr2	5040000	5050000	7.985549302965595	5045000
chr2	5050000	5060000	7.940756367725234	5055000
chr2	5060000	5070000	14.644409913688397	5065000
chr2	5070000	5080000	35.494935175769065	5075000
chr2	5080000	5090000	6.5110077021688415	5085000
chr2	5090000	5100000	4.944129396117865	5095000
chr2	5100000	5110000	3.9556104926771702	5105000
chr2	5110000	5120000	4.614629355076319	5115000
chr2	5120000	5130000	5.2975848957824105	5125000
chr2	5130000	5140000	7.777339365433279	5135000
chr2	5140000	5150000	8.165879529718435	5145000
chr2	5150000	5160000	10.109362070221856	5155000
chr2	5160000	5170000	16.546440268514992	5165000
chr2	5170000	5180000	18.155195515517583	5175000
chr2	5180000	5190000	12.068085682462998	5185000
chr2	5190000	5200000	19.58594573140075	5195000
chr2	5200000	5210000	16.484883176576922	5205000
chr2	5210000	5220000	11.250451210741081	5215000
chr2	5220000	5230000	13.147696787049895	5225000
chr2	5230000	5240000	11.870637153965667	5235000
chr2	5240000	5250000	7.094090822665656	5245000
chr2	5250000	5260000	6.616043629651601	5255000
chr2	5260000	5270000	22.336511593780678	5265000
chr2	5270000	5280000	11.366008327648291	5275000
chr2	5280000	5290000	9.900479786960506	5285000
chr2	5290000	5300000	6.468547730543785	5295000
chr2	5300000	5310000	7.194004547943552	5305000
chr2	5310000	5320000	6.950920187603077	5315000
chr2	5320000	5330000	9.714401746513047	5325000
chr2	5330000	5340000	10.801888013554107	5335000
chr2	5340000	5350000	10.726630290122019	5345000
chr2	5350000	5360000	5.960933809397437	5355000
chr2	5360000	5370000	4.911950788857361	5365000
chr2	5370000	5380000	6.70618925484582	5375000
chr2	5380000	5390000	8.033557470414765	5385000
chr2	5390000	5400000	14.410668187720743	5395000
chr2	5400000	5410000	19.124987243407695	5405000
chr2	5410000	5420000	10.125031320250141	5415000
chr2	5420000	5430000	8.304470751025764	5425000
chr2	5430000	5440000	32.49291663976179	5435000
chr2	5440000	5450000	14.55200468411389	5445000
chr2	5450000	5460000	9.660056918841319	5455000
chr2	5460000	5470000	16.650121086009342	5465000
chr2	5470000	5480000	12.411802669577298	5475000
chr2	5480000	5490000	13.758203804109208	5485000
chr2	5490000	5500000	12.24802014071402	5495000
chr2	5500000	5510000	12.86031571598333	5505000
chr2	5510000	5520000	10.048400805522384	5515000
chr2	5520000	5530000	16.96256278647961	5525000
chr2	5530000	5540000	16.931155889796973	5535000
chr2	5540000	5550000	11.104991937058115	5545000
chr2	5550000	5560000	17.15988637654886	5555000
chr2	5560000	5570000	16.686074514907464	5565000
chr2	5570000	5580000	21.445698271595955	5575000
chr2	5580000	5590000	18.189448294365775	5585000
chr2	5590000	5600000	20.361573096615025	5595000
chr2	5600000	5610000	13.08391117507611	5605000
chr2	5610000	5620000	8.628785170407111	5615000
chr2	5620000	5630000	7.246353493775465	5625000
chr2	5630000	5640000	11.072411066074984	5635000
chr2	5640000	5650000	11.156312724916445	5645000
chr2	5650000	5660000	8.900993088734323	5655000
chr2	5660000	5670000	6.350636748872537	5665000
chr2	5670000	5680000	12.764084952415345	5675000
chr2	5680000	5690000	11.457335093109966	5685000
chr2	5690000	5700000	10.915602667250075	5695000
chr2	5700000	5710000	10.900235968346815	5705000
chr2	5710000	5720000	14.583583413642758	5715000
chr2	5720000	5730000	6.565423000075801	5725000
chr2	5730000	5740000	13.055600482331656	5735000
chr2	5740000	5750000	11.82366605381703	5745000
chr2	5750000	5760000	7.6717010290439624	5755000
chr2	5760000	5770000	7.09683484748434	5765000
chr2	5770000	5780000	11.516078556177117	5775000
chr2	5780000	5790000	18.3202522211882	5785000
chr2	5790000	5800000	11.820374464191708	5795000
chr2	5800000	5810000	15.272089685913917	5805000
chr2	5810000	5820000	12.412033789663148	5815000
chr2	5820000	5830000	13.340498161169904	5825000
chr2	5830000	5840000	10.873032994713173	5835000
chr2	5840000	5850000	10.251195770891847	5845000
chr2	5850000	5860000	9.412047214348458	5855000
chr2	5860000	5870000	11.525826136745682	5865000
chr2	5870000	5880000	16.21233071928	5875000
chr2	5880000	5890000	18.006216637671677	5885000
chr2	5890000	5900000	13.63188277834957	5895000
chr2	5900000	5910000	8.204641985535952	5905000
chr2	5910000	5920000	8.665158733652017	5915000
chr2	5920000	5930000	14.224077580498202	5925000
chr2	5930000	5940000	16.326590080060903	5935000
chr2	5940000	5950000	11.94536574569377	5945000
chr2	5950000	5960000	16.743772704228334	5955000
chr2	5960000	5970000	10.228949431450978	5965000
chr2	5970000	5980000	11.853846504220202	5975000
chr2	5980000	5990000	19.791271068351584	5985000
chr2	5990000	6000000	19.661894299983533	5995000
chr2	6000000	6010000	29.422097859613675	6005000
chr2	6010000	6020000	28.007642769425175	6015000
chr2	6020000	6030000	32.36354217914494	6025000
chr2	6030000	6040000	23.31747681291621	6035000
chr2	6040000	6050000	15.809197311835216	6045000
chr2	6050000	6060000	16.622010631181677	6055000
chr2	6060000	6070000	32.05294200732897	6065000
chr2	6070000	6080000	34.95857259707191	6075000
chr2	6080000	6090000	19.75932498481196	6085000
chr2	6090000	6100000	12.84894666101768	6095000
chr2	6100000	6110000	21.79853723749963	6105000
chr2	6110000	6120000	41.74408075987846	6115000
chr2	6120000	6130000	13.433407419203954	6125000
chr2	6130000	6140000	26.99563650661825	6135000
chr2	6140000	6150000	32.47578209364769	6145000
chr2	6150000	6160000	21.752998777118464	6155000
chr2	6160000	6170000	18.28305056584987	6165000
chr2	6170000	6180000	31.01696754046928	6175000
chr2	6180000	6190000	18.91898652201989	6185000
chr2	6190000	6200000	17.501227219795386	6195000
chr2	6200000	6210000	14.47571632455377	6205000
chr2	6210000	6220000	15.751942356188987	6215000
chr2	6220000	6230000	12.203806441204568	6225000
chr2	6230000	6240000	18.165303425917656	6235000
chr2	6240000	6250000	11.161387486496823	6245000
chr2	6250000	6260000	29.887005979113507	6255000
chr2	6260000	6270000	16.338201145880774	6265000
chr2	6270000	6280000	10.740125524342812	6275000
chr2	6280000	6290000	12.924134865618237	6285000
chr2	6290000	6300000	10.035451090494975	6295000
chr2	6300000	6310000	6.86841644361942	6305000
chr2	6310000	6320000	8.220822697269401	6315000
chr2	6320000	6330000	18.46117186885489	6325000
chr2	6330000	6340000	14.419600096074213	6335000
chr2	6340000	6350000	13.18073292913231	6345000
chr2	6350000	6360000	16.79858352794591	6355000
chr2	6360000	6370000	9.849199740689293	6365000
chr2	6370000	6380000	9.35438096544606	6375000
chr2	6380000	6390000	8.868230481422216	6385000
chr2	6390000	6400000	11.139435021018793	6395000
chr2	6400000	6410000	12.369817541378676	6405000
chr2	6410000	6420000	5.793051319745912	6415000
chr2	6420000	6430000	7.9679134894335135	6425000
chr2	6430000	6440000	11.298427327211877	6435000
chr2	6440000	6450000	12.170320534370523	6445000
chr2	6450000	6460000	9.118267095124148	6455000
chr2	6460000	6470000	10.123486420033089	6465000
chr2	6470000	6480000	6.4091356181871175	6475000
chr2	6480000	6490000	6.683683326027429	6485000
chr2	6490000	6500000	8.491343787692163	6495000
chr2	6500000	6510000	10.27264748836916	6505000
chr2	6510000	6520000	16.48993187541647	6515000
chr2	6520000	6530000	15.030188057344501	6525000
chr2	6530000	6540000	10.051565113385713	6535000
chr2	6540000	6550000	6.3393216916498005	6545000
chr2	6550000	6560000	10.34961678562881	6555000
chr2	6560000	6570000	11.704284947718884	6565000
chr2	6570000	6580000	12.726671878148265	6575000
chr2	6580000	6590000	9.881281539593074	6585000
chr2	6590000	6600000	7.426918301472065	6595000
chr2	6600000	6610000	8.919259862061693	6605000
chr2	6610000	6620000	6.871905489324683	6615000
chr2	6620000	6630000	10.736814702254906	6625000
chr2	6630000	6640000	8.724155273032656	6635000
chr2	6640000	6650000	11.178106210552299	6645000
chr2	6650000	6660000	9.075524749232494	6655000
chr2	6660000	6670000	8.243894242797454	6665000
chr2	6670000	6680000	5.5497587230714664	6675000
chr2	6680000	6690000	7.64452730226596	6685000
chr2	6690000	6700000	6.887516856068981	6695000
chr2	6700000	6710000	16.687826337889305	6705000
chr2	6710000	6720000	9.081883673583539	6715000
chr2	6720000	6730000	8.09068247105437	6725000
chr2	6730000	6740000	9.145704357363794	6735000
chr2	6740000	6750000	7.05721300274439	6745000
chr2	6750000	6760000	8.231282771342586	6755000
chr2	6760000	6770000	6.911792397886782	6765000
chr2	6770000	6780000	6.355123137360303	6775000
chr2	6780000	6790000	8.91279652671335	6785000
chr2	6790000	6800000	7.253076522508358	6795000
chr2	6800000	6810000	7.72809418804393	6805000
chr2	6810000	6820000	8.215804174496524	6815000
chr2	6820000	6830000	8.180116739642228	6825000
chr2	6830000	6840000	6.685757135096726	6835000
chr2	6840000	6850000	7.577108095992955	6845000
chr2	6850000	6860000	7.1762130823498556	6855000
chr2	6860000	6870000	10.907102651379832	6865000
chr2	6870000	6880000	7.263715708058333	6875000
chr2	6880000	6890000	10.018599278721137	6885000
chr2	6890000	6900000	9.844284913524442	6895000
chr2	6900000	6910000	9.630626209465671	6905000
chr2	6910000	6920000	7.44069080470367	6915000
chr2	6920000	6930000	9.497365984825159	6925000
chr2	6930000	6940000	9.484034979047655	6935000
chr2	6940000	6950000	6.4497922319967165	6945000
chr2	6950000	6960000	5.340088351303194	6955000
chr2	6960000	6970000	7.080823219794056	6965000
chr2	6970000	6980000	7.159680568018194	6975000
chr2	6980000	6990000	8.829938401508388	6985000
chr2	6990000	7000000	9.171976554387756	6995000
chr2	7000000	7010000	7.092298781062546	7005000
chr2	7010000	7020000	9.41812751701366	7015000
chr2	7020000	7030000	10.0890015647593	7025000
chr2	7030000	7040000	8.738917978968198	7035000
chr2	7040000	7050000	11.300183862096672	7045000
chr2	7050000	7060000	8.019910903589398	7055000
chr2	7060000	7070000	8.26513344893845	7065000
chr2	7070000	7080000	7.834304506296129	7075000
chr2	7080000	7090000	8.972906724149723	7085000
chr2	7090000	7100000	9.245976038122254	7095000
chr2	7100000	7110000	9.653064702485473	7105000
chr2	7110000	7120000	6.150260981476902	7115000
chr2	7120000	7130000	8.882758627658438	7125000
chr2	7130000	7140000	13.477307491089254	7135000
chr2	7140000	7150000	10.165512663469752	7145000
chr2	7150000	7160000	9.721802219582935	7155000
chr2	7160000	7170000	13.432172009434005	7165000
chr2	7170000	7180000	9.269998390702566	7175000
chr2	7180000	7190000	10.135753546237686	7185000
chr2	7190000	7200000	9.57436094275839	7195000
chr2	7200000	7210000	7.172806397441856	7205000
chr2	7210000	7220000	12.645512329720711	7215000
chr2	7220000	7230000	11.744153287015775	7225000
chr2	7230000	7240000	9.638058321406975	7235000
chr2	7240000	7250000	7.849938940799649	7245000
chr2	7250000	7260000	14.762805059316534	7255000
chr2	7260000	7270000	8.777494780969418	7265000
chr2	7270000	7280000	5.4567862676200605	7275000
chr2	7280000	7290000	4.321332355376688	7285000
chr2	7290000	7300000	6.717478017902673	7295000
chr2	7300000	7310000	7.19072074103815	7305000
chr2	7310000	7320000	10.499829333868307	7315000
chr2	7320000	7330000	8.056887787169396	7325000
chr2	7330000	7340000	7.125750814690832	7335000
chr2	7340000	7350000	9.577824865321972	7345000
chr2	7350000	7360000	23.573647114224862	7355000
chr2	7360000	7370000	13.55224004283125	7365000
chr2	7370000	7380000	14.20942513427115	7375000
chr2	7380000	7390000	11.793657885906368	7385000
chr2	7390000	7400000	12.911394944812963	7395000
chr2	7400000	7410000	12.448557892491174	7405000
chr2	7410000	7420000	10.266732171625973	7415000
chr2	7420000	7430000	9.86148146375451	7425000
chr2	7430000	7440000	11.973085027747045	7435000
chr2	7440000	7450000	11.007506000140852	7445000
chr2	7450000	7460000	10.450249519499971	7455000
chr2	7460000	7470000	9.127684726577026	7465000
chr2	7470000	7480000	8.894301343707687	7475000
chr2	7480000	7490000	5.78102980407119	7485000
chr2	7490000	7500000	9.997055475712704	7495000
chr2	7500000	7510000	10.418655075978954	7505000
chr2	7510000	7520000	9.279351050703218	7515000
chr2	7520000	7530000	9.433387905465942	7525000
chr2	7530000	7540000	8.140792348590367	7535000
chr2	7540000	7550000	9.060361696109684	7545000
chr2	7550000	7560000	10.060546675951638	7555000
chr2	7560000	7570000	7.947703803661653	7565000
chr2	7570000	7580000	8.161775022572387	7575000
chr2	7580000	7590000	8.423527095428799	7585000
chr2	7590000	7600000	9.457926825237948	7595000
chr2	7600000	7610000	6.107092206464053	7605000
chr2	7610000	7620000	11.40763520718969	7615000
chr2	7620000	7630000	12.417982351118727	7625000
chr2	7630000	7640000	9.693252089466268	7635000
chr2	7640000	7650000	10.707088140770454	7645000
chr2	7650000	7660000	5.85558458458009	7655000
chr2	7660000	7670000	6.118065937473914	7665000
chr2	7670000	7680000	7.605371830372347	7675000
chr2	7680000	7690000	7.0847265933692665	7685000
chr2	7690000	7700000	6.94291594119375	7695000
chr2	7700000	7710000	7.903370720938409	7705000
chr2	7710000	7720000	7.868353787440143	7715000
chr2	7720000	7730000	8.102409298313301	7725000
chr2	7730000	7740000	6.904657594292717	7735000
chr2	7740000	7750000	7.067709546237223	7745000
chr2	7750000	7760000	7.421365343657353	7755000
chr2	7760000	7770000	5.099408646307314	7765000
chr2	7770000	7780000	5.885146478637651	7775000
chr2	7780000	7790000	5.598607000574626	7785000
chr2	7790000	7800000	10.080317706030606	7795000
chr2	7800000	7810000	11.22859696866383	7805000
chr2	7810000	7820000	10.918053373007192	7815000
chr2	7820000	7830000	7.083854938300641	7825000
chr2	7830000	7840000	10.907338192305286	7835000
chr2	7840000	7850000	5.865681803046753	7845000
chr2	7850000	7860000	7.77715784145831	7855000
chr2	7860000	7870000	6.786073103507321	7865000
chr2	7870000	7880000	6.602337153578211	7875000
chr2	7880000	7890000	7.069397394085179	7885000
chr2	7890000	7900000	8.218915911372632	7895000
chr2	7900000	7910000	9.623293512894739	7905000
chr2	7910000	7920000	8.900331861917506	7915000
chr2	7920000	7930000	9.52687876705046	7925000
chr2	7930000	7940000	9.16338711851828	7935000
chr2	7940000	7950000	9.262640973787978	7945000
chr2	7950000	7960000	4.602986782602308	7955000
chr2	7960000	7970000	11.364358535492789	7965000
chr2	7970000	7980000	3.8463453639395233	7975000
chr2	7980000	7990000	5.324418494592886	7985000
chr2	7990000	8000000	6.427937555970123	7995000
chr2	8000000	8010000	5.090870694414551	8005000
chr2	8010000	8020000	4.2995584071184405	8015000
chr2	8020000	8030000	7.20501947161895	8025000
chr2	8030000	8040000	4.539277041083892	8035000
chr2	8040000	8050000	17.650621190041537	8045000
chr2	8050000	8060000	5.145944367015407	8055000
chr2	8060000	8070000	7.838843212528925	8065000
chr2	8070000	8080000	6.178924256177531	8075000
chr2	8080000	8090000	11.738436316283575	8085000
chr2	8090000	8100000	9.860687706785916	8095000
chr2	8100000	8110000	7.67220070682299	8105000
chr2	8110000	8120000	5.418936848221519	8115000
chr2	8120000	8130000	4.794203670327354	8125000
chr2	8130000	8140000	10.187923132412159	8135000
chr2	8140000	8150000	3.8393847035318545	8145000
chr2	8150000	8160000	5.703146679262969	8155000
chr2	8160000	8170000	5.116021396883164	8165000
chr2	8170000	8180000	5.414506727905845	8175000
chr2	8180000	8190000	3.4034687281375997	8185000
chr2	8190000	8200000	8.363204263735717	8195000
chr2	8200000	8210000	8.422695573332966	8205000
chr2	8210000	8220000	6.029753053968318	8215000
chr2	8220000	8230000	10.928037071263418	8225000
chr2	8230000	8240000	7.427807359332769	8235000
chr2	8240000	8250000	9.280496650719753	8245000
chr2	8250000	8260000	6.821131779500971	8255000
chr2	8260000	8270000	9.53353290641235	8265000
chr2	8270000	8280000	9.205268036902213	8275000
chr2	8280000	8290000	7.853197325932257	8285000
chr2	8290000	8300000	8.790674158205048	8295000
chr2	8300000	8310000	10.289086726730364	8305000
chr2	8310000	8320000	13.16844960119937	8315000
chr2	8320000	8330000	11.562466128164942	8325000
chr2	8330000	8340000	11.60857422461685	8335000
chr2	8340000	8350000	8.11572470929832	8345000
chr2	8350000	8360000	6.675359770937234	8355000
chr2	8360000	8370000	8.088260814067034	8365000
chr2	8370000	8380000	10.134293605150965	8375000
chr2	8380000	8390000	12.200443089833223	8385000
chr2	8390000	8400000	8.780067454711446	8395000
chr2	8400000	8410000	15.253418611366833	8405000
chr2	8410000	8420000	15.690961327570982	8415000
chr2	8420000	8430000	8.715389113142955	8425000
chr2	8430000	8440000	9.185867839389042	8435000
chr2	8440000	8450000	7.701588524754517	8445000
chr2	8450000	8460000	8.179997582224589	8455000
chr2	8460000	8470000	7.387535885209418	8465000
chr2	8470000	8480000	12.5972644381723	8475000
chr2	8480000	8490000	15.497591185619658	8485000
chr2	8490000	8500000	7.905701223869489	8495000
chr2	8500000	8510000	5.714621941519074	8505000
chr2	8510000	8520000	9.026660148468286	8515000
chr2	8520000	8530000	20.784821638355478	8525000
chr2	8530000	8540000	17.98733701165113	8535000
chr2	8540000	8550000	8.618506280084596	8545000
chr2	8550000	8560000	4.7162088498740955	8555000
chr2	8560000	8570000	12.721080990112101	8565000
chr2	8570000	8580000	3.5611907889198906	8575000
chr2	8580000	8590000	3.0316496131290456	8585000
chr2	8590000	8600000	5.044631557610329	8595000
chr2	8600000	8610000	7.613943840836824	8605000
chr2	8610000	8620000	2.682955745485822	8615000
chr2	8620000	8630000	2.494705629192592	8625000
chr2	8630000	8640000	3.2726301552221018	8635000
chr2	8640000	8650000	3.667041183618835	8645000
chr2	8650000	8660000	11.512386351879773	8655000
chr2	8660000	8670000	4.005962300007789	8665000
chr2	8670000	8680000	7.172008040786419	8675000
chr2	8680000	8690000	5.428710769031293	8685000
chr2	8690000	8700000	6.959422632085325	8695000
chr2	8700000	8710000	31.26219721239416	8705000
chr2	8710000	8720000	10.239934931446642	8715000
chr2	8720000	8730000	7.757601266141326	8725000
chr2	8730000	8740000	7.292414338363702	8735000
chr2	8740000	8750000	7.637549758003725	8745000
chr2	8750000	8760000	17.002410681974165	8755000
chr2	8760000	8770000	14.266205294880395	8765000
chr2	8770000	8780000	27.84628384057013	8775000
chr2	8780000	8790000	25.841116141758185	8785000
chr2	8790000	8800000	7.073622412557859	8795000
chr2	8800000	8810000	15.781783391434772	8805000
chr2	8810000	8820000	11.48915088308677	8815000
chr2	8820000	8830000	11.374249483985114	8825000
chr2	8830000	8840000	13.826782616071828	8835000
chr2	8840000	8850000	21.974228522234572	8845000
chr2	8850000	8860000	8.726450711331056	8855000
chr2	8860000	8870000	10.051897214045699	8865000
chr2	8870000	8880000	12.2121545480057	8875000
chr2	8880000	8890000	11.071696755440318	8885000
chr2	8890000	8900000	17.674654863434853	8895000
chr2	8900000	8910000	6.747466286648837	8905000
chr2	8910000	8920000	5.586858207549272	8915000
chr2	8920000	8930000	16.183731232616005	8925000
chr2	8930000	8940000	15.255405232483115	8935000
chr2	8940000	8950000	19.495039313917122	8945000
chr2	8950000	8960000	26.933688601165652	8955000
chr2	8960000	8970000	28.8138405594442	8965000
chr2	8970000	8980000	21.886638719986873	8975000
chr2	8980000	8990000	28.57870113484777	8985000
chr2	8990000	9000000	24.27901994499756	8995000
chr2	9000000	9010000	29.87563504391086	9005000
chr2	9010000	9020000	29.900343458843917	9015000
chr2	9020000	9030000	14.613945976778966	9025000
chr2	9030000	9040000	11.935613777754638	9035000
chr2	9040000	9050000	9.657314652151006	9045000
chr2	9050000	9060000	31.142125427138776	9055000
chr2	9060000	9070000	12.213218381806357	9065000
chr2	9070000	9080000	10.449289280034623	9075000
chr2	9080000	9090000	11.247950629331278	9085000
chr2	9090000	9100000	11.984201213802377	9095000
chr2	9100000	9110000	8.595263995913017	9105000
chr2	9110000	9120000	19.503323113174016	9115000
chr2	9120000	9130000	18.73122646008351	9125000
chr2	9130000	9140000	32.92917733444874	9135000
chr2	9140000	9150000	18.258791123071962	9145000
chr2	9150000	9160000	52.149017067709394	9155000
chr2	9160000	9170000	52.7174911404782	9165000
chr2	9170000	9180000	37.1260911896381	9175000
chr2	9180000	9190000	32.23377851330331	9185000
chr2	9190000	9200000	23.10613686779691	9195000
chr2	9200000	9210000	14.881329059568479	9205000
chr2	9210000	9220000	17.31349915408553	9215000
chr2	9220000	9230000	16.32245706683812	9225000
chr2	9230000	9240000	13.052349960145728	9235000
chr2	9240000	9250000	11.99955859859821	9245000
chr2	9250000	9260000	12.983985556229902	9255000
chr2	9260000	9270000	12.7910473631641	9265000
chr2	9270000	9280000	9.750474536205427	9275000
chr2	9280000	9290000	12.041759997702465	9285000
chr2	9290000	9300000	13.173528815771645	9295000
chr2	9300000	9310000	11.557745612401854	9305000
chr2	9310000	9320000	17.121223092565696	9315000
chr2	9320000	9330000	13.29865804790021	9325000
chr2	9330000	9340000	15.812025860536961	9335000
chr2	9340000	9350000	16.092996631276293	9345000
chr2	9350000	9360000	20.253978712326695	9355000
chr2	9360000	9370000	8.132253160230027	9365000
chr2	9370000	9380000	6.701035730148663	9375000
chr2	9380000	9390000	6.175840711277387	9385000
chr2	9390000	9400000	31.82377795165976	9395000
chr2	9400000	9410000	38.12170663080152	9405000
chr2	9410000	9420000	29.352676787382823	9415000
chr2	9420000	9430000	13.762839387970432	9425000
chr2	9430000	9440000	12.244282217522557	9435000
chr2	9440000	9450000	7.142045272110859	9445000
chr2	9450000	9460000	5.412068113865088	9455000
chr2	9460000	9470000	6.333597369618428	9465000
chr2	9470000	9480000	11.859414362466218	9475000
chr2	9480000	9490000	8.343658208312194	9485000
chr2	9490000	9500000	11.489453609212044	9495000
chr2	9500000	9510000	26.088613318432273	9505000
chr2	9510000	9520000	7.271019524070166	9515000
chr2	9520000	9530000	10.113725027494116	9525000
chr2	9530000	9540000	27.484795150899537	9535000
chr2	9540000	9550000	17.86721929345721	9545000
chr2	9550000	9560000	11.255110273673951	9555000
chr2	9560000	9570000	13.420160466175489	9565000
chr2	9570000	9580000	15.238763404147702	9575000
chr2	9580000	9590000	20.67933762540806	9585000
chr2	9590000	9600000	19.89311542887851	9595000
chr2	9600000	9610000	14.488671068106704	9605000
chr2	9610000	9620000	29.860210737659813	9615000
chr2	9620000	9630000	11.728212848531127	9625000
chr2	9630000	9640000	10.254586033691517	9635000
chr2	9640000	9650000	8.469506895785466	9645000
chr2	9650000	9660000	6.456474275970963	9655000
chr2	9660000	9670000	9.615282391379012	9665000
chr2	9670000	9680000	11.462723621001707	9675000
chr2	9680000	9690000	14.1121687728674	9685000
chr2	9690000	9700000	13.280406774571485	9695000
chr2	9700000	9710000	11.602182592193282	9705000
chr2	9710000	9720000	11.812446646384595	9715000
chr2	9720000	9730000	17.989321135086218	9725000
chr2	9730000	9740000	18.007842317644172	9735000
chr2	9740000	9750000	18.287419316459726	9745000
chr2	9750000	9760000	16.71797968537507	9755000
chr2	9760000	9770000	23.3199237702023	9765000
chr2	9770000	9780000	25.80782356008053	9775000
chr2	9780000	9790000	30.47270596054729	9785000
chr2	9790000	9800000	23.698249074020776	9795000
chr2	9800000	9810000	20.919396809160137	9805000
chr2	9810000	9820000	21.449442190010377	9815000
chr2	9820000	9830000	16.403490404081754	9825000
chr2	9830000	9840000	10.37209597623034	9835000
chr2	9840000	9850000	9.384931891279189	9845000
chr2	9850000	9860000	8.166904774559837	9855000
chr2	9860000	9870000	9.5114856960087	9865000
chr2	9870000	9880000	13.217766416076252	9875000
chr2	9880000	9890000	11.765579860230476	9885000
chr2	9890000	9900000	10.080363693920013	9895000
chr2	9900000	9910000	10.59040151843229	9905000
chr2	9910000	9920000	14.462139270459579	9915000
chr2	9920000	9930000	10.51266475112456	9925000
chr2	9930000	9940000	10.339915622395168	9935000
chr2	9940000	9950000	8.881535997925646	9945000
chr2	9950000	9960000	15.382135203436256	9955000
chr2	9960000	9970000	8.193250275525296	9965000
chr2	9970000	9980000	15.090668381557673	9975000
chr2	9980000	9990000	15.35779034934067	9985000
chr2	9990000	10000000	27.014170175882462	9995000
chr2	10000000	10010000	24.88105528464171	10005000
chr2	10010000	10020000	24.813988764396306	10015000
chr2	10020000	10030000	25.65080169033188	10025000
chr2	10030000	10040000	25.284359232933056	10035000
chr2	10040000	10050000	23.90944632381371	10045000
chr2	10050000	10060000	26.371799061985875	10055000
chr2	10060000	10070000	23.058825970638367	10065000
chr2	10070000	10080000	23.243007459350903	10075000
chr2	10080000	10090000	26.447001447575808	10085000
chr2	10090000	10100000	29.311623476589805	10095000
chr2	10100000	10110000	90.6926401756905	10105000
chr2	10110000	10120000	49.15698682115321	10115000
chr2	10120000	10130000	38.29235372620923	10125000
chr2	10130000	10140000	35.39579329037251	10135000
chr2	10140000	10150000	25.369290733925617	10145000
chr2	10150000	10160000	14.34678128033527	10155000
chr2	10160000	10170000	17.5351512255367	10165000
chr2	10170000	10180000	23.848967253996463	10175000
chr2	10180000	10190000	31.24057624683998	10185000
chr2	10190000	10200000	30.580034874525985	10195000
chr2	10200000	10210000	27.80663521906572	10205000
chr2	10210000	10220000	18.82266726364334	10215000
chr2	10220000	10230000	28.593315733071414	10225000
chr2	10230000	10240000	22.912921510518515	10235000
chr2	10240000	10250000	20.68850742099791	10245000
chr2	10250000	10260000	16.44941455981321	10255000
chr2	10260000	10270000	17.66144478271706	10265000
chr2	10270000	10280000	19.15725319049067	10275000
chr2	10280000	10290000	21.3863357736698	10285000
chr2	10290000	10300000	22.69806783410364	10295000
chr2	10300000	10310000	15.234106819061287	10305000
chr2	10310000	10320000	19.674749718608535	10315000
chr2	10320000	10330000	20.81232286707204	10325000
chr2	10330000	10340000	20.538902583658203	10335000
chr2	10340000	10350000	16.864818717121597	10345000
chr2	10350000	10360000	18.8224187152644	10355000
chr2	10360000	10370000	18.317527814990303	10365000
chr2	10370000	10380000	14.554072414576835	10375000
chr2	10380000	10390000	12.982572137467015	10385000
chr2	10390000	10400000	10.435099782602974	10395000
chr2	10400000	10410000	8.953758080863654	10405000
chr2	10410000	10420000	5.253272935850373	10415000
chr2	10420000	10430000	8.949300127130368	10425000
chr2	10430000	10440000	9.131973144271376	10435000
chr2	10440000	10450000	8.602016635865601	10445000
chr2	10450000	10460000	9.60409163919268	10455000
chr2	10460000	10470000	8.105870710056745	10465000
chr2	10470000	10480000	6.741178436316142	10475000
chr2	10480000	10490000	8.178084078068665	10485000
chr2	10490000	10500000	15.954871620930685	10495000
chr2	10500000	10510000	10.66183426250871	10505000
chr2	10510000	10520000	15.981858183761066	10515000
chr2	10520000	10530000	12.590869030177473	10525000
chr2	10530000	10540000	15.413522371841356	10535000
chr2	10540000	10550000	13.684643192589109	10545000
chr2	10550000	10560000	8.68415584227563	10555000
chr2	10560000	10570000	19.145510084930102	10565000
chr2	10570000	10580000	13.119205731504278	10575000
chr2	10580000	10590000	12.207473459846218	10585000
chr2	10590000	10600000	15.15642469721655	10595000
chr2	10600000	10610000	13.726206136126699	10605000
chr2	10610000	10620000	12.998066547337649	10615000
chr2	10620000	10630000	21.374663123015267	10625000
chr2	10630000	10640000	11.733256312238675	10635000
chr2	10640000	10650000	22.104040170637514	10645000
chr2	10650000	10660000	19.692769332483383	10655000
chr2	10660000	10670000	25.142412594148077	10665000
chr2	10670000	10680000	24.89904294133496	10675000
chr2	10680000	10690000	13.884941583109512	10685000
chr2	10690000	10700000	12.087428034609351	10695000
chr2	10700000	10710000	11.128789620008556	10705000
chr2	10710000	10720000	29.005372740331588	10715000
chr2	10720000	10730000	20.563980107525374	10725000
chr2	10730000	10740000	22.23423692280416	10735000
chr2	10740000	10750000	9.024800727266708	10745000
chr2	10750000	10760000	9.337921052248698	10755000
chr2	10760000	10770000	36.47372542159104	10765000
chr2	10770000	10780000	19.351230166360313	10775000
chr2	10780000	10790000	20.223336056137505	10785000
chr2	10790000	10800000	20.528638027111263	10795000
chr2	10800000	10810000	15.90335299472908	10805000
chr2	10810000	10820000	8.694771656509436	10815000
chr2	10820000	10830000	13.758575595591992	10825000
chr2	10830000	10840000	15.116373179334765	10835000
chr2	10840000	10850000	12.737672566039743	10845000
chr2	10850000	10860000	15.148125467775031	10855000
chr2	10860000	10870000	17.696781642795795	10865000
chr2	10870000	10880000	36.47393734283773	10875000
chr2	10880000	10890000	16.81874881261644	10885000
chr2	10890000	10900000	15.515792593156291	10895000
chr2	10900000	10910000	27.103036431211635	10905000
chr2	10910000	10920000	19.18491596013256	10915000
chr2	10920000	10930000	19.413052621989927	10925000
chr2	10930000	10940000	20.43578289722457	10935000
chr2	10940000	10950000	17.671591278519486	10945000
chr2	10950000	10960000	25.6261947525314	10955000
chr2	10960000	10970000	24.06457652642303	10965000
chr2	10970000	10980000	14.870104221824635	10975000
chr2	10980000	10990000	21.932720838694724	10985000
chr2	10990000	11000000	16.040589857133902	10995000
chr2	11000000	11010000	15.467358967610705	11005000
chr2	11010000	11020000	15.542464140268581	11015000
chr2	11020000	11030000	13.114675610115363	11025000
chr2	11030000	11040000	15.848173794933913	11035000
chr2	11040000	11050000	16.993672823910742	11045000
chr2	11050000	11060000	19.55212378451145	11055000
chr2	11060000	11070000	19.146741091511906	11065000
chr2	11070000	11080000	17.033492023043088	11075000
chr2	11080000	11090000	19.78860087119999	11085000
chr2	11090000	11100000	21.55567149555465	11095000
chr2	11100000	11110000	19.681859801761128	11105000
chr2	11110000	11120000	14.351924147473257	11115000
chr2	11120000	11130000	17.89489567746839	11125000
chr2	11130000	11140000	21.6576489933092	11135000
chr2	11140000	11150000	20.71204020795581	11145000
chr2	11150000	11160000	27.344288768280457	11155000
chr2	11160000	11170000	20.11729853333719	11165000
chr2	11170000	11180000	29.72627030150346	11175000
chr2	11180000	11190000	14.147930696521483	11185000
chr2	11190000	11200000	11.288012045902605	11195000
chr2	11200000	11210000	11.426948891337775	11205000
chr2	11210000	11220000	12.952213599417252	11215000
chr2	11220000	11230000	11.365035906372041	11225000
chr2	11230000	11240000	21.963103090334922	11235000
chr2	11240000	11250000	17.193967617138476	11245000
chr2	11250000	11260000	17.91633102416325	11255000
chr2	11260000	11270000	15.791403056927937	11265000
chr2	11270000	11280000	18.070797735532775	11275000
chr2	11280000	11290000	17.614007040814606	11285000
chr2	11290000	11300000	16.838272494016646	11295000
chr2	11300000	11310000	13.24836951450885	11305000
chr2	11310000	11320000	14.118506127281716	11315000
chr2	11320000	11330000	18.54170336037119	11325000
chr2	11330000	11340000	13.002494183053296	11335000
chr2	11340000	11350000	14.90054602451076	11345000
chr2	11350000	11360000	10.712155837369659	11355000
chr2	11360000	11370000	8.497361644409	11365000
chr2	11370000	11380000	11.036441502792472	11375000
chr2	11380000	11390000	14.017232521432438	11385000
chr2	11390000	11400000	18.77925896660094	11395000
chr2	11400000	11410000	10.877319215854506	11405000
chr2	11410000	11420000	16.458435581930676	11415000
chr2	11420000	11430000	8.485733123339756	11425000
chr2	11430000	11440000	11.578194906657865	11435000
chr2	11440000	11450000	15.8619027881623	11445000
chr2	11450000	11460000	6.280601074791076	11455000
chr2	11460000	11470000	7.280216287865527	11465000
chr2	11470000	11480000	25.66327275783868	11475000
chr2	11480000	11490000	8.616426266416815	11485000
chr2	11490000	11500000	6.807600256114017	11495000
chr2	11500000	11510000	9.81997910178539	11505000
chr2	11510000	11520000	6.330513071047533	11515000
chr2	11520000	11530000	5.9257802560422945	11525000
chr2	11530000	11540000	19.54000793260938	11535000
chr2	11540000	11550000	12.16692866370967	11545000
chr2	11550000	11560000	13.65571769772949	11555000
chr2	11560000	11570000	15.6639094424523	11565000
chr2	11570000	11580000	17.945027738058613	11575000
chr2	11580000	11590000	13.731589932154217	11585000
chr2	11590000	11600000	13.53354889419142	11595000
chr2	11600000	11610000	10.048306558241705	11605000
chr2	11610000	11620000	10.996207076362806	11615000
chr2	11620000	11630000	6.764223502437014	11625000
chr2	11630000	11640000	9.963605711696664	11635000
chr2	11640000	11650000	14.442558299067656	11645000
chr2	11650000	11660000	12.99745151779333	11655000
chr2	11660000	11670000	10.866200323324703	11665000
chr2	11670000	11680000	13.371537508178514	11675000
chr2	11680000	11690000	11.960846387534934	11685000
chr2	11690000	11700000	14.501773502162974	11695000
chr2	11700000	11710000	11.569647653794101	11705000
chr2	11710000	11720000	11.937583730775684	11715000
chr2	11720000	11730000	12.297954751689161	11725000
chr2	11730000	11740000	20.59137891233616	11735000
chr2	11740000	11750000	12.062514590320092	11745000
chr2	11750000	11760000	11.427044536448868	11755000
chr2	11760000	11770000	16.738815670460838	11765000
chr2	11770000	11780000	11.350656852299027	11775000
chr2	11780000	11790000	8.96691420988793	11785000
chr2	11790000	11800000	15.212117318045127	11795000
chr2	11800000	11810000	12.520835982390397	11805000
chr2	11810000	11820000	11.908777793087365	11815000
chr2	11820000	11830000	12.696205842219753	11825000
chr2	11830000	11840000	7.860371402981956	11835000
chr2	11840000	11850000	15.500831072168962	11845000
chr2	11850000	11860000	15.297279448486368	11855000
chr2	11860000	11870000	18.49739502881854	11865000
chr2	11870000	11880000	16.27062749499327	11875000
chr2	11880000	11890000	8.249539129233645	11885000
chr2	11890000	11900000	9.213218422993297	11895000
chr2	11900000	11910000	10.980712458311539	11905000
chr2	11910000	11920000	16.813425560848714	11915000
chr2	11920000	11930000	10.437965915272843	11925000
chr2	11930000	11940000	9.351841780859777	11935000
chr2	11940000	11950000	12.43705962530132	11945000
chr2	11950000	11960000	11.72235730935604	11955000
chr2	11960000	11970000	11.615831371308575	11965000
chr2	11970000	11980000	12.704653557380865	11975000
chr2	11980000	11990000	11.460971677667702	11985000
chr2	11990000	12000000	12.990675390689319	11995000
chr2	12000000	12010000	10.364286554362973	12005000
chr2	12010000	12020000	10.093159121835322	12015000
chr2	12020000	12030000	9.18023242506581	12025000
chr2	12030000	12040000	10.925649539946859	12035000
chr2	12040000	12050000	11.437492497669858	12045000
chr2	12050000	12060000	8.237093456557819	12055000
chr2	12060000	12070000	13.036822073591795	12065000
chr2	12070000	12080000	9.256669227690248	12075000
chr2	12080000	12090000	10.377275233808199	12085000
chr2	12090000	12100000	5.657911612360619	12095000
chr2	12100000	12110000	6.375945367658984	12105000
chr2	12110000	12120000	7.661661365569145	12115000
chr2	12120000	12130000	9.703290737085169	12125000
chr2	12130000	12140000	12.2404235354152	12135000
chr2	12140000	12150000	8.210983774083628	12145000
chr2	12150000	12160000	7.942505975708193	12155000
chr2	12160000	12170000	14.105033348203072	12165000
chr2	12170000	12180000	8.2654557974837	12175000
chr2	12180000	12190000	10.562388865689153	12185000
chr2	12190000	12200000	11.180141756948883	12195000
chr2	12200000	12210000	9.813654142970709	12205000
chr2	12210000	12220000	8.793964844052569	12215000
chr2	12220000	12230000	5.108461525869851	12225000
chr2	12230000	12240000	7.01145971968501	12235000
chr2	12240000	12250000	8.678910141043007	12245000
chr2	12250000	12260000	4.714053403906588	12255000
chr2	12260000	12270000	7.238966474434285	12265000
chr2	12270000	12280000	9.862312434077698	12275000
chr2	12280000	12290000	9.889856694082876	12285000
chr2	12290000	12300000	8.991226753018287	12295000
chr2	12300000	12310000	7.065234028938626	12305000
chr2	12310000	12320000	10.498193789050204	12315000
chr2	12320000	12330000	12.012071140752987	12325000
chr2	12330000	12340000	13.49494494558044	12335000
chr2	12340000	12350000	14.964884667872235	12345000
chr2	12350000	12360000	14.598677392432137	12355000
chr2	12360000	12370000	14.585647133661348	12365000
chr2	12370000	12380000	8.483530154352941	12375000
chr2	12380000	12390000	12.001443293366151	12385000
chr2	12390000	12400000	11.823121741087968	12395000
chr2	12400000	12410000	9.08474250674376	12405000
chr2	12410000	12420000	11.167543198090833	12415000
chr2	12420000	12430000	9.471759343058542	12425000
chr2	12430000	12440000	12.163402193139548	12435000
chr2	12440000	12450000	10.036521295794813	12445000
chr2	12450000	12460000	13.85992773349842	12455000
chr2	12460000	12470000	10.080672707412486	12465000
chr2	12470000	12480000	10.964771537362324	12475000
chr2	12480000	12490000	12.728063224264849	12485000
chr2	12490000	12500000	12.729704563409506	12495000
chr2	12500000	12510000	16.01320112396283	12505000
chr2	12510000	12520000	14.936306546314304	12515000
chr2	12520000	12530000	9.80527853521997	12525000
chr2	12530000	12540000	8.187669395387433	12535000
chr2	12540000	12550000	5.483790971054915	12545000
chr2	12550000	12560000	4.41844205478714	12555000
chr2	12560000	12570000	2.863140762012772	12565000
chr2	12570000	12580000	16.63831068315676	12575000
chr2	12580000	12590000	2.182689156032903	12585000
chr2	12590000	12600000	3.5331580779253007	12595000
chr2	12600000	12610000	12.147673898886625	12605000
chr2	12610000	12620000	7.985158119821803	12615000
chr2	12620000	12630000	9.279783678983712	12625000
chr2	12630000	12640000	6.71352710584522	12635000
chr2	12640000	12650000	3.4581968233009235	12645000
chr2	12650000	12660000	5.0508937147892965	12655000
chr2	12660000	12670000	5.240719447728299	12665000
chr2	12670000	12680000	6.96981574659374	12675000
chr2	12680000	12690000	15.216906283576924	12685000
chr2	12690000	12700000	9.299542690540557	12695000
chr2	12700000	12710000	10.472457597624492	12705000
chr2	12710000	12720000	7.381819672181388	12715000
chr2	12720000	12730000	4.089503219526847	12725000
chr2	12730000	12740000	8.475376267097081	12735000
chr2	12740000	12750000	22.785001255429354	12745000
chr2	12750000	12760000	4.178988849358986	12755000
chr2	12760000	12770000	4.374457761244136	12765000
chr2	12770000	12780000	5.2613015422240474	12775000
chr2	12780000	12790000	4.683336481638293	12785000
chr2	12790000	12800000	8.391643055158573	12795000
chr2	12800000	12810000	6.986379107964766	12805000
chr2	12810000	12820000	8.096646206101154	12815000
chr2	12820000	12830000	9.800284975840087	12825000
chr2	12830000	12840000	19.360047279377234	12835000
chr2	12840000	12850000	5.613760453531459	12845000
chr2	12850000	12860000	4.274700986591004	12855000
chr2	12860000	12870000	2.528911496887278	12865000
chr2	12870000	12880000	5.211791712853111	12875000
chr2	12880000	12890000	13.830217018524353	12885000
chr2	12890000	12900000	5.4922626833793755	12895000
chr2	12900000	12910000	3.4778899920463395	12905000
chr2	12910000	12920000	6.822019158542015	12915000
chr2	12920000	12930000	12.808151064517968	12925000
chr2	12930000	12940000	8.300636763036257	12935000
chr2	12940000	12950000	10.657872903853846	12945000
chr2	12950000	12960000	4.203735201574735	12955000
chr2	12960000	12970000	7.437230554563703	12965000
chr2	12970000	12980000	10.08554112818093	12975000
chr2	12980000	12990000	6.889122744898233	12985000
chr2	12990000	13000000	4.712667751939193	12995000
chr2	13000000	13010000	1.9498661040538243	13005000
chr2	13010000	13020000	1.6992639645089413	13015000
chr2	13020000	13030000	3.161089155362457	13025000
chr2	13030000	13040000	1.6246131148296403	13035000
chr2	13040000	13050000	5.329975635312128	13045000
chr2	13050000	13060000	4.201770885841132	13055000
chr2	13060000	13070000	4.093691343881462	13065000
chr2	13070000	13080000	6.599964870006652	13075000
chr2	13080000	13090000	2.8552200756749473	13085000
chr2	13090000	13100000	2.738385276578326	13095000
chr2	13100000	13110000	7.357437241133173	13105000
chr2	13110000	13120000	1.5887084174072263	13115000
chr2	13120000	13130000	0.8123150661703822	13125000
chr2	13130000	13140000	2.849581022548991	13135000
chr2	13140000	13150000	2.0034364249292596	13145000
chr2	13150000	13160000	3.0617938184094737	13155000
chr2	13160000	13170000	11.778135235645292	13165000
chr2	13170000	13180000	10.925300359186332	13175000
chr2	13180000	13190000	7.914673353286436	13185000
chr2	13190000	13200000	4.324645016649231	13195000
chr2	13200000	13210000	1.7131746021730034	13205000
chr2	13210000	13220000	2.8817437045915972	13215000
chr2	13220000	13230000	8.108393216144782	13225000
chr2	13230000	13240000	10.74212941539832	13235000
chr2	13240000	13250000	6.044407363561185	13245000
chr2	13250000	13260000	12.057124979005291	13255000
chr2	13260000	13270000	7.675257542802778	13265000
chr2	13270000	13280000	8.131508831646986	13275000
chr2	13280000	13290000	11.798918812375913	13285000
chr2	13290000	13300000	14.035119342850834	13295000
chr2	13300000	13310000	6.405170395233904	13305000
chr2	13310000	13320000	6.710434100764934	13315000
chr2	13320000	13330000	2.1024611848845085	13325000
chr2	13330000	13340000	13.536926944680738	13335000
chr2	13340000	13350000	3.1838329804688343	13345000
chr2	13350000	13360000	2.3670577547246614	13355000
chr2	13360000	13370000	4.217139758695916	13365000
chr2	13370000	13380000	3.5029075381159065	13375000
chr2	13380000	13390000	4.727712966082724	13385000
chr2	13390000	13400000	3.916936858685305	13395000
chr2	13400000	13410000	8.019842869914763	13405000
chr2	13410000	13420000	7.717510181921184	13415000
chr2	13420000	13430000	7.462290963496349	13425000
chr2	13430000	13440000	4.907515284522764	13435000
chr2	13440000	13450000	9.191101191780346	13445000
chr2	13450000	13460000	7.963057297473013	13455000
chr2	13460000	13470000	7.500817239892596	13465000
chr2	13470000	13480000	4.086674594278246	13475000
chr2	13480000	13490000	6.809070729954527	13485000
chr2	13490000	13500000	9.406475912923376	13495000
chr2	13500000	13510000	8.362532466261634	13505000
chr2	13510000	13520000	10.188891073765204	13515000
chr2	13520000	13530000	9.579798493064587	13525000
chr2	13530000	13540000	13.73931115389155	13535000
chr2	13540000	13550000	8.927620916811602	13545000
chr2	13550000	13560000	4.739480707088689	13555000
chr2	13560000	13570000	3.2586028415759842	13565000
chr2	13570000	13580000	7.854446313409348	13575000
chr2	13580000	13590000	8.083571355036995	13585000
chr2	13590000	13600000	4.188257104087681	13595000
chr2	13600000	13610000	3.114589198976115	13605000
chr2	13610000	13620000	1.9981293228366948	13615000
chr2	13620000	13630000	2.729213357734351	13625000
chr2	13630000	13640000	8.669083866297667	13635000
chr2	13640000	13650000	3.1812874943325355	13645000
chr2	13650000	13660000	6.49415320013514	13655000
chr2	13660000	13670000	5.300838745833289	13665000
chr2	13670000	13680000	7.7592314420195665	13675000
chr2	13680000	13690000	11.814860936735899	13685000
chr2	13690000	13700000	7.117083808288611	13695000
chr2	13700000	13710000	5.32446521083716	13705000
chr2	13710000	13720000	8.573873150028472	13715000
chr2	13720000	13730000	8.261706673860386	13725000
chr2	13730000	13740000	5.634476220405986	13735000
chr2	13740000	13750000	2.6306669767348705	13745000
chr2	13750000	13760000	7.000109661398165	13755000
chr2	13760000	13770000	4.993892326065107	13765000
chr2	13770000	13780000	1.7218319284195391	13775000
chr2	13780000	13790000	2.0135851203432633	13785000
chr2	13790000	13800000	1.96727314316467	13795000
chr2	13800000	13810000	7.997857821601326	13805000
chr2	13810000	13820000	4.500028535525073	13815000
chr2	13820000	13830000	4.081803267526791	13825000
chr2	13830000	13840000	2.8363853033031283	13835000
chr2	13840000	13850000	6.057044963811733	13845000
chr2	13850000	13860000	5.403519108953289	13855000
chr2	13860000	13870000	3.184205255663612	13865000
chr2	13870000	13880000	9.676764786792397	13875000
chr2	13880000	13890000	3.044540563183802	13885000
chr2	13890000	13900000	3.1779518341111093	13895000
chr2	13900000	13910000	7.094868059914067	13905000
chr2	13910000	13920000	4.81492545682477	13915000
chr2	13920000	13930000	3.008178884257901	13925000
chr2	13930000	13940000	2.599134984109675	13935000
chr2	13940000	13950000	8.374657619005314	13945000
chr2	13950000	13960000	4.202812695796236	13955000
chr2	13960000	13970000	2.926193933618187	13965000
chr2	13970000	13980000	2.4777060101988533	13975000
chr2	13980000	13990000	2.702607430643584	13985000
chr2	13990000	14000000	4.618010679526685	13995000
chr2	14000000	14010000	4.546881705370401	14005000
chr2	14010000	14020000	2.811304886122105	14015000
chr2	14020000	14030000	2.6142819367128087	14025000
chr2	14030000	14040000	4.2686190953306165	14035000
chr2	14040000	14050000	3.4772314184893665	14045000
chr2	14050000	14060000	5.75529724947571	14055000
chr2	14060000	14070000	6.1244105212152675	14065000
chr2	14070000	14080000	5.652101426635895	14075000
chr2	14080000	14090000	7.017126570319876	14085000
chr2	14090000	14100000	9.541730233936336	14095000
chr2	14100000	14110000	8.244481594645606	14105000
chr2	14110000	14120000	8.390735892297242	14115000
chr2	14120000	14130000	6.523608002685362	14125000
chr2	14130000	14140000	9.078804612194663	14135000
chr2	14140000	14150000	13.9495630391072	14145000
chr2	14150000	14160000	3.734119968753429	14155000
chr2	14160000	14170000	6.977641645762926	14165000
chr2	14170000	14180000	7.467042062820941	14175000
chr2	14180000	14190000	8.68928596047335	14185000
chr2	14190000	14200000	6.043222787657995	14195000
chr2	14200000	14210000	7.809093217345785	14205000
chr2	14210000	14220000	4.533498843813881	14215000
chr2	14220000	14230000	12.418191548222275	14225000
chr2	14230000	14240000	5.373486584165228	14235000
chr2	14240000	14250000	3.96632858110728	14245000
chr2	14250000	14260000	4.4654796029911275	14255000
chr2	14260000	14270000	5.9021418960749505	14265000
chr2	14270000	14280000	6.679763275815736	14275000
chr2	14280000	14290000	14.645124681655439	14285000
chr2	14290000	14300000	11.72326348753287	14295000
chr2	14300000	14310000	9.453377940123136	14305000
chr2	14310000	14320000	6.543766483649123	14315000
chr2	14320000	14330000	10.078260040239096	14325000
chr2	14330000	14340000	7.366711900425806	14335000
chr2	14340000	14350000	5.251638902537935	14345000
chr2	14350000	14360000	3.5972163215266404	14355000
chr2	14360000	14370000	6.697635405548982	14365000
chr2	14370000	14380000	4.260845184204688	14375000
chr2	14380000	14390000	5.149475032617634	14385000
chr2	14390000	14400000	4.5747360924752245	14395000
chr2	14400000	14410000	2.7727637493093047	14405000
chr2	14410000	14420000	4.61881364155769	14415000
chr2	14420000	14430000	4.596111255715737	14425000
chr2	14430000	14440000	5.526987958405745	14435000
chr2	14440000	14450000	5.594165643701692	14445000
chr2	14450000	14460000	8.174852708238365	14455000
chr2	14460000	14470000	8.772796703502328	14465000
chr2	14470000	14480000	4.78446423129839	14475000
chr2	14480000	14490000	7.1808341964305225	14485000
chr2	14490000	14500000	5.052695888519377	14495000
chr2	14500000	14510000	9.217627337861055	14505000
chr2	14510000	14520000	9.26847856666343	14515000
chr2	14520000	14530000	7.2460351683309785	14525000
chr2	14530000	14540000	2.775430882862187	14535000
chr2	14540000	14550000	3.289051707582752	14545000
chr2	14550000	14560000	3.7557068724210723	14555000
chr2	14560000	14570000	4.796457144523698	14565000
chr2	14570000	14580000	5.679182642579336	14575000
chr2	14580000	14590000	10.544309294039122	14585000
chr2	14590000	14600000	8.225490082769754	14595000
chr2	14600000	14610000	6.1026983153342105	14605000
chr2	14610000	14620000	6.84514139486648	14615000
chr2	14620000	14630000	4.313334730119469	14625000
chr2	14630000	14640000	8.38515974433589	14635000
chr2	14640000	14650000	8.959911990845592	14645000
chr2	14650000	14660000	5.612799386259852	14655000
chr2	14660000	14670000	7.164021486137838	14665000
chr2	14670000	14680000	4.416616011353007	14675000
chr2	14680000	14690000	6.359297835699884	14685000
chr2	14690000	14700000	7.2423933670631175	14695000
chr2	14700000	14710000	4.995994446117698	14705000
chr2	14710000	14720000	4.3883480756748945	14715000
chr2	14720000	14730000	8.043168346900668	14725000
chr2	14730000	14740000	5.588437676243317	14735000
chr2	14740000	14750000	4.807561622380819	14745000
chr2	14750000	14760000	7.726940668402664	14755000
chr2	14760000	14770000	5.711651262041044	14765000
chr2	14770000	14780000	4.363925553447515	14775000
chr2	14780000	14790000	3.539104531689552	14785000
chr2	14790000	14800000	4.372420304813536	14795000
chr2	14800000	14810000	2.7296143685308585	14805000
chr2	14810000	14820000	3.9032351511283037	14815000
chr2	14820000	14830000	3.1589459692407336	14825000
chr2	14830000	14840000	3.7421738169437333	14835000
chr2	14840000	14850000	2.6842121486775956	14845000
chr2	14850000	14860000	5.20737161612493	14855000
chr2	14860000	14870000	4.135835718543683	14865000
chr2	14870000	14880000	3.417797451149156	14875000
chr2	14880000	14890000	7.45558302382068	14885000
chr2	14890000	14900000	3.7051450866617173	14895000
chr2	14900000	14910000	6.1468915347197	14905000
chr2	14910000	14920000	5.528761784855598	14915000
chr2	14920000	14930000	5.071831511754326	14925000
chr2	14930000	14940000	5.097079711347126	14935000
chr2	14940000	14950000	5.083458465302879	14945000
chr2	14950000	14960000	4.621366348619426	14955000
chr2	14960000	14970000	4.755300509782211	14965000
chr2	14970000	14980000	4.264739492497871	14975000
chr2	14980000	14990000	6.009448186150663	14985000
chr2	14990000	15000000	4.225012821891609	14995000
chr2	15000000	15010000	4.586234272451725	15005000
chr2	15010000	15020000	3.309734030185031	15015000
chr2	15020000	15030000	3.8439364923768378	15025000
chr2	15030000	15040000	6.354565356728402	15035000
chr2	15040000	15050000	4.161549076942604	15045000
chr2	15050000	15060000	4.616673570871711	15055000
chr2	15060000	15070000	2.3666424932296795	15065000
chr2	15070000	15080000	4.146973036542369	15075000
chr2	15080000	15090000	3.491875400180399	15085000
chr2	15090000	15100000	3.6953392527218902	15095000
chr2	15100000	15110000	3.4975017214455795	15105000
chr2	15110000	15120000	3.9890858821917767	15115000
chr2	15120000	15130000	4.887462756929453	15125000
chr2	15130000	15140000	4.500778140784865	15135000
chr2	15140000	15150000	7.629180677315874	15145000
chr2	15150000	15160000	7.277951790125346	15155000
chr2	15160000	15170000	9.119843685949032	15165000
chr2	15170000	15180000	5.663045577422827	15175000
chr2	15180000	15190000	7.044167418134622	15185000
chr2	15190000	15200000	8.463316063742733	15195000
chr2	15200000	15210000	5.3207003347084525	15205000
chr2	15210000	15220000	4.415766998251558	15215000
chr2	15220000	15230000	7.043584504002434	15225000
chr2	15230000	15240000	5.452762576237135	15235000
chr2	15240000	15250000	4.240532320197817	15245000
chr2	15250000	15260000	6.327654938552519	15255000
chr2	15260000	15270000	7.695155519131776	15265000
chr2	15270000	15280000	5.868619692435868	15275000
chr2	15280000	15290000	7.743861650891293	15285000
chr2	15290000	15300000	5.647700049035195	15295000
chr2	15300000	15310000	6.336915368767022	15305000
chr2	15310000	15320000	4.334259965422649	15315000
chr2	15320000	15330000	5.6709522790927	15325000
chr2	15330000	15340000	4.574900400023657	15335000
chr2	15340000	15350000	4.447113166154407	15345000
chr2	15350000	15360000	5.380771142947504	15355000
chr2	15360000	15370000	6.8114491428186	15365000
chr2	15370000	15380000	6.877896332778417	15375000
chr2	15380000	15390000	3.799644353564467	15385000
chr2	15390000	15400000	6.453168026483657	15395000
chr2	15400000	15410000	4.716298922609249	15405000
chr2	15410000	15420000	4.211353242435119	15415000
chr2	15420000	15430000	2.5415637956280324	15425000
chr2	15430000	15440000	4.998111878384632	15435000
chr2	15440000	15450000	6.874778613799973	15445000
chr2	15450000	15460000	6.682685085965816	15455000
chr2	15460000	15470000	5.813185411518715	15465000
chr2	15470000	15480000	4.371658542995427	15475000
chr2	15480000	15490000	5.037931563974556	15485000
chr2	15490000	15500000	6.730220635114262	15495000
chr2	15500000	15510000	1.9793798620019156	15505000
chr2	15510000	15520000	6.341507856995855	15515000
chr2	15520000	15530000	8.487580910883503	15525000
chr2	15530000	15540000	11.117975419020704	15535000
chr2	15540000	15550000	3.3282828080964264	15545000
chr2	15550000	15560000	4.142286471270628	15555000
chr2	15560000	15570000	6.713618110193483	15565000
chr2	15570000	15580000	10.731221854500495	15575000
chr2	15580000	15590000	7.976080377598597	15585000
chr2	15590000	15600000	5.657806247900695	15595000
chr2	15600000	15610000	9.438512555039583	15605000
chr2	15610000	15620000	5.56573623047241	15615000
chr2	15620000	15630000	7.346621010436257	15625000
chr2	15630000	15640000	4.4526529155129015	15635000
chr2	15640000	15650000	3.1952226062900038	15645000
chr2	15650000	15660000	5.2252284930232875	15655000
chr2	15660000	15670000	7.485793256818719	15665000
chr2	15670000	15680000	9.200958019586437	15675000
chr2	15680000	15690000	4.98940809114396	15685000
chr2	15690000	15700000	5.027460099522046	15695000
chr2	15700000	15710000	8.449294577133589	15705000
chr2	15710000	15720000	9.264089367841033	15715000
chr2	15720000	15730000	8.307610822688073	15725000
chr2	15730000	15740000	11.41952085171417	15735000
chr2	15740000	15750000	4.507925384924072	15745000
chr2	15750000	15760000	3.1914084626351826	15755000
chr2	15760000	15770000	2.7552451398050812	15765000
chr2	15770000	15780000	4.993597634743912	15775000
chr2	15780000	15790000	5.84535118050874	15785000
chr2	15790000	15800000	7.127424255488256	15795000
chr2	15800000	15810000	4.217957063558543	15805000
chr2	15810000	15820000	6.1387442329619555	15815000
chr2	15820000	15830000	11.653072844087491	15825000
chr2	15830000	15840000	11.248197691060787	15835000
chr2	15840000	15850000	13.406221351745561	15845000
chr2	15850000	15860000	9.752532751439023	15855000
chr2	15860000	15870000	9.74142593113087	15865000
chr2	15870000	15880000	7.037341501783246	15875000
chr2	15880000	15890000	6.252474020646611	15885000
chr2	15890000	15900000	6.89031584654115	15895000
chr2	15900000	15910000	6.759936555064966	15905000
chr2	15910000	15920000	6.41375349036416	15915000
chr2	15920000	15930000	4.536680629670586	15925000
chr2	15930000	15940000	5.708974401893176	15935000
chr2	15940000	15950000	3.4684917142417815	15945000
chr2	15950000	15960000	5.332700610292862	15955000
chr2	15960000	15970000	5.5902416582180114	15965000
chr2	15970000	15980000	8.545754529334614	15975000
chr2	15980000	15990000	7.803863834019974	15985000
chr2	15990000	16000000	6.9267694733338665	15995000
chr2	16000000	16010000	7.7090521882753364	16005000
chr2	16010000	16020000	7.019446382190433	16015000
chr2	16020000	16030000	8.188859689901976	16025000
chr2	16030000	16040000	8.853671990316135	16035000
chr2	16040000	16050000	11.789290047484684	16045000
chr2	16050000	16060000	5.648025434724832	16055000
chr2	16060000	16070000	5.961405305438367	16065000
chr2	16070000	16080000	7.568051909956771	16075000
chr2	16080000	16090000	5.584773325797193	16085000
chr2	16090000	16100000	7.426607699906941	16095000
chr2	16100000	16110000	9.098105706094692	16105000
chr2	16110000	16120000	5.028123415103749	16115000
chr2	16120000	16130000	5.651345905081828	16125000
chr2	16130000	16140000	4.7026253066123	16135000
chr2	16140000	16150000	5.007315558512616	16145000
chr2	16150000	16160000	4.799093863269477	16155000
chr2	16160000	16170000	4.848042978210901	16165000
chr2	16170000	16180000	4.4986970463229214	16175000
chr2	16180000	16190000	5.114142296339055	16185000
chr2	16190000	16200000	3.436191353938524	16195000
chr2	16200000	16210000	5.167155471717042	16205000
chr2	16210000	16220000	4.9109423645867185	16215000
chr2	16220000	16230000	4.760857882285093	16225000
chr2	16230000	16240000	5.575702213539542	16235000
chr2	16240000	16250000	5.635181806544846	16245000
chr2	16250000	16260000	7.3477750127061725	16255000
chr2	16260000	16270000	6.69455711554263	16265000
chr2	16270000	16280000	6.623574309545875	16275000
chr2	16280000	16290000	7.835573080703933	16285000
chr2	16290000	16300000	6.761202264120743	16295000
chr2	16300000	16310000	4.093655390334114	16305000
chr2	16310000	16320000	2.620630839939789	16315000
chr2	16320000	16330000	4.483121013024679	16325000
chr2	16330000	16340000	10.376127375207753	16335000
chr2	16340000	16350000	3.9696133323257814	16345000
chr2	16350000	16360000	6.974234153267329	16355000
chr2	16360000	16370000	8.217035237344415	16365000
chr2	16370000	16380000	4.699161331650166	16375000
chr2	16380000	16390000	4.587037155581461	16385000
chr2	16390000	16400000	3.986612871488632	16395000
chr2	16400000	16410000	5.329711653714226	16405000
chr2	16410000	16420000	2.83070918312625	16415000
chr2	16420000	16430000	3.4242030319105514	16425000
chr2	16430000	16440000	5.310166017769231	16435000
chr2	16440000	16450000	4.082758089624638	16445000
chr2	16450000	16460000	5.659843743029725	16455000
chr2	16460000	16470000	2.0336906166367545	16465000
chr2	16470000	16480000	5.523231728629366	16475000
chr2	16480000	16490000	3.709335489287366	16485000
chr2	16490000	16500000	3.287751683447427	16495000
chr2	16500000	16510000	5.8808287317879895	16505000
chr2	16510000	16520000	3.827026796897607	16515000
chr2	16520000	16530000	9.578391634712554	16525000
chr2	16530000	16540000	6.205261255670665	16535000
chr2	16540000	16550000	3.7267768873678246	16545000
chr2	16550000	16560000	2.4866404138656417	16555000
chr2	16560000	16570000	3.483231959426691	16565000
chr2	16570000	16580000	3.2335468305946358	16575000
chr2	16580000	16590000	5.382305858705515	16585000
chr2	16590000	16600000	6.520105546024604	16595000
chr2	16600000	16610000	2.428555335976139	16605000
chr2	16610000	16620000	4.826106879169996	16615000
chr2	16620000	16630000	5.043488592816207	16625000
chr2	16630000	16640000	4.955674188599846	16635000
chr2	16640000	16650000	21.34948345295396	16645000
chr2	16650000	16660000	5.793920223469498	16655000
chr2	16660000	16670000	11.872698832084117	16665000
chr2	16670000	16680000	3.0848741493009704	16675000
chr2	16680000	16690000	2.999164646597531	16685000
chr2	16690000	16700000	3.497762255245215	16695000
chr2	16700000	16710000	2.0839088961324674	16705000
chr2	16710000	16720000	2.0546742152512514	16715000
chr2	16720000	16730000	3.0524236717064173	16725000
chr2	16730000	16740000	5.711476031054316	16735000
chr2	16740000	16750000	8.46169339168822	16745000
chr2	16750000	16760000	2.8769287200948153	16755000
chr2	16760000	16770000	3.8793492257544586	16765000
chr2	16770000	16780000	4.576730332495984	16775000
chr2	16780000	16790000	4.80339494564054	16785000
chr2	16790000	16800000	5.658314578066722	16795000
chr2	16800000	16810000	6.496396717186446	16805000
chr2	16810000	16820000	4.074023468638415	16815000
chr2	16820000	16830000	3.516644669529135	16825000
chr2	16830000	16840000	3.318080990760649	16835000
chr2	16840000	16850000	1.9160012504568782	16845000
chr2	16850000	16860000	3.0594230025467577	16855000
chr2	16860000	16870000	2.802526621426231	16865000
chr2	16870000	16880000	1.4580093592017738	16875000
chr2	16880000	16890000	3.6880890536698545	16885000
chr2	16890000	16900000	2.840934665135834	16895000
chr2	16900000	16910000	2.401279333875111	16905000
chr2	16910000	16920000	1.5775684780958579	16915000
chr2	16920000	16930000	3.9768549772848076	16925000
chr2	16930000	16940000	3.203930247311682	16935000
chr2	16940000	16950000	2.2986283362254216	16945000
chr2	16950000	16960000	2.0772772662775427	16955000
chr2	16960000	16970000	2.4639750757573062	16965000
chr2	16970000	16980000	10.301569799902532	16975000
chr2	16980000	16990000	1.7232618662239025	16985000
chr2	16990000	17000000	3.383951698380468	16995000
chr2	17000000	17010000	3.3364048322008437	17005000
chr2	17010000	17020000	2.1979091763320397	17015000
chr2	17020000	17030000	2.967954188284878	17025000
chr2	17030000	17040000	2.1376625499268327	17035000
chr2	17040000	17050000	1.8611182670182933	17045000
chr2	17050000	17060000	1.8922648380978004	17055000
chr2	17060000	17070000	1.3414164852673964	17065000
chr2	17070000	17080000	2.1009383683318674	17075000
chr2	17080000	17090000	1.5721607343683122	17085000
chr2	17090000	17100000	1.7048990702140625	17095000
chr2	17100000	17110000	0.6111492927257666	17105000
chr2	17110000	17120000	0.7587648501473923	17115000
chr2	17120000	17130000	1.158756685692767	17125000
chr2	17130000	17140000	0.9639890074128499	17135000
chr2	17140000	17150000	1.9725773030087468	17145000
chr2	17150000	17160000	2.029459476121605	17155000
chr2	17160000	17170000	1.1216565624621075	17165000
chr2	17170000	17180000	1.445313603078522	17175000
chr2	17180000	17190000	1.0594655200698544	17185000
chr2	17190000	17200000	1.010253477662543	17195000
chr2	17200000	17210000	1.2232414922961126	17205000
chr2	17210000	17220000	0.9428883603495543	17215000
chr2	17220000	17230000	1.279787483120619	17225000
chr2	17230000	17240000	1.477437830760533	17235000
chr2	17240000	17250000	3.3058862659494745	17245000
chr2	17250000	17260000	1.1496990390971427	17255000
chr2	17260000	17270000	2.4086151506508022	17265000
chr2	17270000	17280000	1.7509935987023675	17275000
chr2	17280000	17290000	1.2914367159164077	17285000
chr2	17290000	17300000	0.7495048887629293	17295000
chr2	17300000	17310000	0.6375615708799046	17305000
chr2	17310000	17320000	4.1558816714318825	17315000
chr2	17320000	17330000	3.0040184918479933	17325000
chr2	17330000	17340000	1.7498832212482536	17335000
chr2	17340000	17350000	0.7903942392485922	17345000
chr2	17350000	17360000	1.0075220888067982	17355000
chr2	17360000	17370000	0.9075212069810007	17365000
chr2	17370000	17380000	1.8435897518345452	17375000
chr2	17380000	17390000	2.3448836400869153	17385000
chr2	17390000	17400000	0.937344211395518	17395000
chr2	17400000	17410000	1.449780395067236	17405000
chr2	17410000	17420000	0.8498011873201082	17415000
chr2	17420000	17430000	0.7710756165016561	17425000
chr2	17430000	17440000	2.2005769821149603	17435000
chr2	17440000	17450000	0.7023885130870908	17445000
chr2	17450000	17460000	1.0161697261430869	17455000
chr2	17460000	17470000	0.8427435361337028	17465000
chr2	17470000	17480000	0.6051897264847151	17475000
chr2	17480000	17490000	0.7350128715498713	17485000
chr2	17490000	17500000	1.06174749215591	17495000
chr2	17500000	17510000	1.2129579953398562	17505000
chr2	17510000	17520000	2.5750352187806738	17515000
chr2	17520000	17530000	1.2160023827738948	17525000
chr2	17530000	17540000	0.691377649308032	17535000
chr2	17540000	17550000	0.6705487804150835	17545000
chr2	17550000	17560000	0.9375463748032862	17555000
chr2	17560000	17570000	0.6918749063542503	17565000
chr2	17570000	17580000	0.9717767201179428	17575000
chr2	17580000	17590000	2.008896653724074	17585000
chr2	17590000	17600000	0.9218057704343172	17595000
chr2	17600000	17610000	0.6239094610572177	17605000
chr2	17610000	17620000	0.7421538981682693	17615000
chr2	17620000	17630000	0.6442854003495775	17625000
chr2	17630000	17640000	0.7630458919134125	17635000
chr2	17640000	17650000	0.7111875896468344	17645000
chr2	17650000	17660000	0.8792777008007692	17655000
chr2	17660000	17670000	0.21890863565310165	17665000
chr2	17670000	17680000	0.1817727581188707	17675000
chr2	17680000	17690000	0.31290798919004903	17685000
chr2	17690000	17700000	0.22291439411070005	17695000
chr2	17700000	17710000	0.3589015026466095	17705000
chr2	17710000	17720000	0.3415002414927711	17715000
chr2	17720000	17730000	0.3401674350184371	17725000
chr2	17730000	17740000	0.13328849811717644	17735000
chr2	17740000	17750000	0.22224241752608256	17745000
chr2	17750000	17760000	0.3085316321503958	17755000
chr2	17760000	17770000	0.5424432148495654	17765000
chr2	17770000	17780000	0.4479067459446782	17775000
chr2	17780000	17790000	0.39305837167059576	17785000
chr2	17790000	17800000	0.5379267009027987	17795000
chr2	17800000	17810000	1.1197192383733612	17805000
chr2	17810000	17820000	0.3596541637372139	17815000
chr2	17820000	17830000	0.15519470041181585	17825000
chr2	17830000	17840000	0.6094103029333624	17835000
chr2	17840000	17850000	0.8076592148217331	17845000
chr2	17850000	17860000	0.27345408330318854	17855000
chr2	17860000	17870000	0.6202150998227678	17865000
chr2	17870000	17880000	1.0679737920087602	17875000
chr2	17880000	17890000	0.35629405633529315	17885000
chr2	17890000	17900000	0.158392293618033	17895000
chr2	17900000	17910000	0.16460854958502893	17905000
chr2	17910000	17920000	0.15373452141038316	17915000
chr2	17920000	17930000	0.12650718272295225	17925000
chr2	17930000	17940000	0.23624230817842196	17935000
chr2	17940000	17950000	0.23033421554489203	17945000
chr2	17950000	17960000	0.10797441483584949	17955000
chr2	17960000	17970000	0.25570619989489274	17965000
chr2	17970000	17980000	0.322966417930531	17975000
chr2	17980000	17990000	0.22291799427025907	17985000
chr2	17990000	18000000	0.30007182994093645	17995000
chr2	18000000	18010000	0.22006331593867673	18005000
chr2	18010000	18020000	0.1165440006940056	18015000
chr2	18020000	18030000	0.24038475931899392	18025000
chr2	18030000	18040000	0.8148912705936723	18035000
chr2	18040000	18050000	0.15366583816548646	18045000
chr2	18050000	18060000	0.041740311665359964	18055000
chr2	18060000	18070000	0.15262768194478082	18065000
chr2	18070000	18080000	0.21351635055156926	18075000
chr2	18080000	18090000	0.3263901237826412	18085000
chr2	18090000	18100000	0.10096013380235266	18095000
chr2	18100000	18110000	0.13802606059400238	18105000
chr2	18110000	18120000	0.09874722668124321	18115000
chr2	18120000	18130000	0.08510795881006097	18125000
chr2	18130000	18140000	0.07947828950236376	18135000
chr2	18140000	18150000	0.5811940387251138	18145000
chr2	18150000	18160000	0.11187186073600154	18155000
chr2	18160000	18170000	0.11245233006720057	18165000
chr2	18170000	18180000	0.19552555258577184	18175000
chr2	18180000	18190000	0.12941966799225163	18185000
chr2	18190000	18200000	0.1989519790217122	18195000
chr2	18200000	18210000	0.19143434943562895	18205000
chr2	18210000	18220000	0.2625001506891431	18215000
chr2	18220000	18230000	0.06050624797526743	18225000
chr2	18230000	18240000	0.11295069901429566	18235000
chr2	18240000	18250000	0.10382109413010515	18245000
chr2	18250000	18260000	0.10909038920125169	18255000
chr2	18260000	18270000	0.11666980627160137	18265000
chr2	18270000	18280000	0.15733984828673334	18275000
chr2	18280000	18290000	0.09731619576912606	18285000
chr2	18290000	18300000	0.09025979228345446	18295000
chr2	18300000	18310000	0.07699551094479323	18305000
chr2	18310000	18320000	0.10093725697147889	18315000
chr2	18320000	18330000	0.19452839656405496	18325000
chr2	18330000	18340000	0.07138465573805988	18335000
chr2	18340000	18350000	0.05490047565832764	18345000
chr2	18350000	18360000	0.08455769783186827	18355000
chr2	18360000	18370000	0.22573066866980948	18365000
chr2	18370000	18380000	0.26886182811407167	18375000
chr2	18380000	18390000	0.14762772248017192	18385000
chr2	18390000	18400000	0.1554286488265601	18395000
chr2	18400000	18410000	0.09493753952687893	18405000
chr2	18410000	18420000	1.4693681618729912	18415000
chr2	18420000	18430000	0.15760114308145487	18425000
chr2	18430000	18440000	0.03367442423143279	18435000
chr2	18440000	18450000	0.10169082124884458	18445000
chr2	18450000	18460000	0.1879856786364049	18455000
chr2	18460000	18470000	0.051631185634615086	18465000
chr2	18470000	18480000	0.055632916143973456	18475000
chr2	18480000	18490000	0.05770144494121449	18485000
chr2	18490000	18500000	0.042236277092988335	18495000
chr2	18500000	18510000	8.010235093789706	18505000
chr2	18510000	18520000	2.3216409173144155	18515000
chr2	18520000	18530000	0.03134294674942002	18525000
chr2	18530000	18540000	0.025644468814946083	18535000
chr2	18540000	18550000	0.06293337543601066	18545000
chr2	18550000	18560000	0.05666649551391426	18555000
chr2	18560000	18570000	0.04003940306159864	18565000
chr2	18570000	18580000	0.030779349154265646	18575000
chr2	18580000	18590000	0.029375623115567583	18585000
chr2	18590000	18600000	0.028460258004306436	18595000
chr2	18600000	18610000	0.02837035243131117	18605000
chr2	18610000	18620000	0.02834919817884169	18615000
chr2	18620000	18630000	0.03698213132619808	18625000
chr2	18630000	18640000	0.053941473765721566	18635000
chr2	18640000	18650000	0.0602159001591703	18645000
chr2	18650000	18660000	0.03060839725126993	18655000
chr2	18660000	18670000	0.011617507491838932	18665000
chr2	18670000	18680000	0.008836796405130435	18675000
chr2	18680000	18690000	0.009497043049289026	18685000
chr2	18690000	18700000	0.03716825221875511	18695000
chr2	18700000	18710000	0.02121736555722881	18705000
chr2	18710000	18720000	0.023123479634552427	18715000
chr2	18720000	18730000	0.024029603881482092	18725000
chr2	18730000	18740000	0.024112965145202423	18735000
chr2	18740000	18750000	0.028356441396634492	18745000
chr2	18750000	18760000	0.0349990268393401	18755000
chr2	18760000	18770000	0.0349990268393401	18765000
chr2	18770000	18780000	0.0349990268393401	18775000
chr2	18780000	18790000	0.11187914769795133	18785000
chr2	18790000	18800000	0.08919365756139215	18795000
chr2	18800000	18810000	0.037264881916330435	18805000
chr2	18810000	18820000	0.03134059812618025	18815000
chr2	18820000	18830000	0.031199391755069736	18825000
chr2	18830000	18840000	0.029999137600630173	18835000
chr2	18840000	18850000	0.029999137600630194	18845000
chr2	18850000	18860000	0.02999913760063018	18855000
chr2	18860000	18870000	0.02999913760063016	18865000
chr2	18870000	18880000	0.03132133753314204	18875000
chr2	18880000	18890000	0.031742908526116845	18885000
chr2	18890000	18900000	0.03165562070434622	18895000
chr2	18900000	18910000	0.03127284166836936	18905000
chr2	18910000	18920000	0.031230354074646263	18915000
chr2	18920000	18930000	0.03126239581180857	18925000
chr2	18930000	18940000	0.0343813845092105	18935000
chr2	18940000	18950000	0.043561742996685346	18945000
chr2	18950000	18960000	0.0780921622400754	18955000
chr2	18960000	18970000	0.9090178913643548	18965000
chr2	18970000	18980000	7.203314410651425	18975000
chr2	18980000	18990000	1.06063681574919	18985000
chr2	18990000	19000000	11.537785970420604	18995000
chr2	19000000	19010000	4.024261422904023	19005000
chr2	19090000	19100000	0.1057100245889747	19095000
chr2	19190000	19200000	16.88674665750788	19195000
chr2	19200000	19210000	4.187941891949461	19205000
chr2	19210000	19220000	5.216402323696414	19215000
chr2	19220000	19230000	10.11087462570849	19225000
chr2	19230000	19240000	0.20008632599657125	19235000
chr2	19240000	19250000	0.4622350120506588	19245000
chr2	19250000	19260000	0.3488571420557478	19255000
chr2	19260000	19270000	0.48525127749345853	19265000
chr2	19270000	19280000	0.09906554874332615	19275000
chr2	19280000	19290000	0.0539214213454444	19285000
chr2	19290000	19300000	0.05392142134544442	19295000
chr2	19300000	19310000	0.053921421345444434	19305000
chr2	19310000	19320000	0.053921421345444434	19315000
chr2	19320000	19330000	0.05392142134544442	19325000
chr2	19330000	19340000	0.04988466307025712	19335000
chr2	19340000	19350000	0.047806399297078396	19345000
chr2	19350000	19360000	0.04780639929707842	19355000
chr2	19360000	19370000	0.047806399297078396	19365000
chr2	19370000	19380000	0.04780639929707842	19375000
chr2	19380000	19390000	0.0462527260794165	19385000
chr2	19390000	19400000	0.0430272796620516	19395000
chr2	19400000	19410000	0.03592591759462362	19405000
chr2	19410000	19420000	0.03257676625676663	19415000
chr2	19420000	19430000	0.032165339568252474	19425000
chr2	19430000	19440000	0.032165339568252474	19435000
chr2	19440000	19450000	0.03216533956825248	19445000
chr2	19450000	19460000	0.032165339568252495	19455000
chr2	19460000	19470000	0.052532168301652964	19465000
chr2	19470000	19480000	0.10432015586901157	19475000
chr2	19480000	19490000	0.11622587729426616	19485000
chr2	19490000	19500000	0.08116236380989747	19495000
chr2	19500000	19510000	0.02454365802991452	19505000
chr2	19510000	19520000	0.023016222871385748	19515000
chr2	19520000	19530000	0.023016222871385758	19525000
chr2	19530000	19540000	0.0245873652610098	19535000
chr2	19540000	19550000	0.03985183395577707	19545000
chr2	19550000	19560000	0.039851833955777065	19555000
chr2	19560000	19570000	0.03985183395577704	19565000
chr2	19570000	19580000	0.039851833955777065	19575000
chr2	19580000	19590000	0.03985183395577706	19585000
chr2	19590000	19600000	0.0594424535774466	19595000
chr2	19600000	19610000	0.27753054429831703	19605000
chr2	19610000	19620000	0.1138308426073114	19615000
chr2	19620000	19630000	0.04963717412033324	19625000
chr2	19630000	19640000	0.05115867934556646	19635000
chr2	19640000	19650000	2.634786704290525	19645000
chr2	19650000	19660000	0.4096247215423459	19655000
chr2	19660000	19670000	0.23837929753530973	19665000
chr2	19670000	19680000	0.06034285877292941	19675000
chr2	19680000	19690000	0.04901818944381091	19685000
chr2	19690000	19700000	0.04678120135249043	19695000
chr2	19700000	19710000	0.03650221284060535	19705000
chr2	19710000	19720000	0.03586063788027107	19715000
chr2	19720000	19730000	0.035860637880271135	19725000
chr2	19730000	19740000	0.04578766140044812	19735000
chr2	19740000	19750000	0.0476579701796119	19745000
chr2	19750000	19760000	0.047657970179611917	19755000
chr2	19760000	19770000	0.049185772302322704	19765000
chr2	19770000	19780000	0.04055701530992279	19775000
chr2	19780000	19790000	0.03135137407067131	19785000
chr2	19790000	19800000	0.031156017713472435	19795000
chr2	19800000	19810000	0.038483520516511695	19805000
chr2	19810000	19820000	0.038483520516511646	19815000
chr2	19820000	19830000	0.0410308846311623	19825000
chr2	19830000	19840000	0.02639261145276546	19835000
chr2	19840000	19850000	0.027814733743177715	19845000
chr2	19850000	19860000	0.03935437727966543	19855000
chr2	19860000	19870000	0.03866914432659134	19865000
chr2	19870000	19880000	0.07566216003317422	19875000
chr2	19880000	19890000	0.09997802752897704	19885000
chr2	19890000	19900000	0.09425752555258064	19895000
chr2	19900000	19910000	0.07982437662839269	19905000
chr2	19910000	19920000	0.5607414023207078	19915000
chr2	19920000	19930000	2.0518864182587206	19925000
chr2	19930000	19940000	1.6605858543572127	19935000
chr2	19940000	19950000	0.4526885356040658	19945000
chr2	19950000	19960000	0.4271300111717539	19955000
chr2	19960000	19970000	0.3949907249317741	19965000
chr2	19970000	19980000	0.6161324323913435	19975000
chr2	19980000	19990000	0.13864671768928188	19985000
chr2	19990000	20000000	0.16774105267456327	19995000
chr2	20000000	20010000	0.2276390986348659	20005000
chr2	20010000	20020000	0.193578115497922	20015000
chr2	20020000	20030000	0.955210249377426	20025000
chr2	20030000	20040000	0.19914788876342332	20035000
chr2	20040000	20050000	1.096223976653632	20045000
chr2	20050000	20060000	2.091722845738048	20055000
chr2	20060000	20070000	0.8829778447337933	20065000
chr2	20070000	20080000	0.5162168341852815	20075000
chr2	20080000	20090000	0.4578111801584591	20085000
chr2	20090000	20100000	1.7120272291883147	20095000
chr2	20100000	20110000	0.16038578768012396	20105000
chr2	20110000	20120000	0.4481283735204726	20115000
chr2	20120000	20130000	23.546290026267624	20125000
chr2	20130000	20140000	13.686087927438223	20135000
chr2	20140000	20150000	5.459655202278567	20145000
chr2	20150000	20160000	0.4304243852561152	20155000
chr2	20160000	20170000	0.7906917094965635	20165000
chr2	20170000	20180000	0.8058598107655776	20175000
chr2	20180000	20190000	1.2594137765654079	20185000
chr2	20190000	20200000	0.7069921089561954	20195000
chr2	20200000	20210000	1.0876353167160306	20205000
chr2	20210000	20220000	0.4026313473880458	20215000
chr2	20220000	20230000	0.5284844913886462	20225000
chr2	20230000	20240000	0.9127102515897807	20235000
chr2	20240000	20250000	0.5702984130429395	20245000
chr2	20250000	20260000	0.4039785001146547	20255000
chr2	20260000	20270000	0.6270953861045715	20265000
chr2	20270000	20280000	0.6467651269552601	20275000
chr2	20280000	20290000	0.5026758066685966	20285000
chr2	20290000	20300000	1.3979182000762234	20295000
chr2	20300000	20310000	1.5655017250875676	20305000
chr2	20310000	20320000	0.6077571173832897	20315000
chr2	20320000	20330000	0.325366118263086	20325000
chr2	20330000	20340000	0.3611211286374067	20335000
chr2	20340000	20350000	0.8292722108535645	20345000
chr2	20350000	20360000	0.785044898609948	20355000
chr2	20360000	20370000	1.0576622898963657	20365000
chr2	20370000	20380000	0.9554147282093501	20375000
chr2	20380000	20390000	1.0095529919591524	20385000
chr2	20390000	20400000	1.0963181470516945	20395000
chr2	20400000	20410000	3.2266106244445667	20405000
chr2	20410000	20420000	0.7229669620413529	20415000
chr2	20420000	20430000	0.5282198935540713	20425000
chr2	20430000	20440000	0.42183745523719757	20435000
chr2	20440000	20450000	0.8857948768254541	20445000
chr2	20450000	20460000	0.24041502150728736	20455000
chr2	20460000	20470000	0.27593328587961713	20465000
chr2	20470000	20480000	0.2573700123362542	20475000
chr2	20480000	20490000	0.46015529182887677	20485000
chr2	20490000	20500000	0.5374204639467562	20495000
chr2	20500000	20510000	1.0389963260650004	20505000
chr2	20510000	20520000	2.4765950223491475	20515000
chr2	20520000	20530000	1.7190987458457934	20525000
chr2	20530000	20540000	11.554401729054282	20535000
chr2	20540000	20550000	0.49451584143269395	20545000
chr2	20550000	20560000	1.0386847825871897	20555000
chr2	20560000	20570000	0.42144716263445414	20565000
chr2	20570000	20580000	0.21385751733302732	20575000
chr2	20580000	20590000	0.35930152439221824	20585000
chr2	20590000	20600000	0.16474852216611655	20595000
chr2	20600000	20610000	0.1598397969125226	20605000
chr2	20610000	20620000	0.3559295061854789	20615000
chr2	20620000	20630000	2.099831700847477	20625000
chr2	20630000	20640000	0.2460422077170969	20635000
chr2	20640000	20650000	0.1445457273880144	20645000
chr2	20650000	20660000	0.3129228753620118	20655000
chr2	20660000	20670000	0.6571188910282175	20665000
chr2	20670000	20680000	0.7388296098269226	20675000
chr2	20680000	20690000	1.1274515871839272	20685000
chr2	20690000	20700000	0.8300772262315146	20695000
chr2	20700000	20710000	1.4132942046016912	20705000
chr2	20710000	20720000	1.8622625860165554	20715000
chr2	20720000	20730000	2.651830326640166	20725000
chr2	20730000	20740000	1.0675599583773592	20735000
chr2	20740000	20750000	3.580648179174282	20745000
chr2	20750000	20760000	0.5243901082707598	20755000
chr2	20760000	20770000	0.7218746357067631	20765000
chr2	20770000	20780000	1.7000040946100048	20775000
chr2	20780000	20790000	5.256346682132962	20785000
chr2	20790000	20800000	1.8922513623469501	20795000
chr2	20800000	20810000	1.4066559194593549	20805000
chr2	20810000	20820000	0.415077344057827	20815000
chr2	20820000	20830000	0.7366486890580531	20825000
chr2	20830000	20840000	0.9295255291230979	20835000
chr2	20840000	20850000	2.1155320669645334	20845000
chr2	20850000	20860000	1.3507993420133022	20855000
chr2	20860000	20870000	1.476411632685677	20865000
chr2	20870000	20880000	1.3208881180580268	20875000
chr2	20880000	20890000	3.6933777769756846	20885000
chr2	20890000	20900000	1.1423328171562455	20895000
chr2	20900000	20910000	0.8790530270883482	20905000
chr2	20910000	20920000	2.0128611781817662	20915000
chr2	20920000	20930000	1.334728188031014	20925000
chr2	20930000	20940000	0.7322631815540133	20935000
chr2	20940000	20950000	0.5740993922128911	20945000
chr2	20950000	20960000	8.846485857203056	20955000
chr2	20960000	20970000	0.26674845559844	20965000
chr2	20970000	20980000	0.323961301511615	20975000
chr2	20980000	20990000	0.6116656602061793	20985000
chr2	20990000	21000000	3.1228271266977106	20995000
chr2	21000000	21010000	0.3325816425116713	21005000
chr2	21010000	21020000	1.3263468059899486	21015000
chr2	21020000	21030000	1.7260842306039608	21025000
chr2	21030000	21040000	3.6763590365258607	21035000
chr2	21040000	21050000	1.2593499775247687	21045000
chr2	21050000	21060000	1.0907303259731271	21055000
chr2	21060000	21070000	3.2043617035105885	21065000
chr2	21070000	21080000	1.3783777711677758	21075000
chr2	21080000	21090000	6.505739609773801	21085000
chr2	21090000	21100000	1.107121165658746	21095000
chr2	21100000	21110000	0.3661157217849951	21105000
chr2	21110000	21120000	0.6659469225719399	21115000
chr2	21120000	21130000	0.3248964797884794	21125000
chr2	21130000	21140000	1.2907296092436484	21135000
chr2	21140000	21150000	0.8736974467850154	21145000
chr2	21150000	21160000	0.39286836271828773	21155000
chr2	21160000	21170000	2.0992157466641386	21165000
chr2	21170000	21180000	4.062343961515936	21175000
chr2	21180000	21190000	1.2030644765064415	21185000
chr2	21190000	21200000	2.0899471074949263	21195000
chr2	21200000	21210000	7.735876771333973	21205000
chr2	21210000	21220000	4.378428690043531	21215000
chr2	21220000	21230000	2.4530035408865953	21225000
chr2	21230000	21240000	0.4357987193531869	21235000
chr2	21240000	21250000	0.43894169735447686	21245000
chr2	21250000	21260000	0.439360286314652	21255000
chr2	21260000	21270000	0.6393686110954188	21265000
chr2	21270000	21280000	2.3748169097246588	21275000
chr2	21280000	21290000	0.9405774347727017	21285000
chr2	21290000	21300000	0.048075053331754804	21295000
chr2	21300000	21310000	0.26567528883288866	21305000
chr2	21310000	21320000	0.34076203410311967	21315000
chr2	21320000	21330000	1.2407021571218588	21325000
chr2	21330000	21340000	2.353658035396404	21335000
chr2	21340000	21350000	3.719366802435841	21345000
chr2	21350000	21360000	1.4130891767581848	21355000
chr2	21360000	21370000	1.2296387371454869	21365000
chr2	21370000	21380000	1.2280432712673195	21375000
chr2	21380000	21390000	1.3697874666837735	21385000
chr2	21390000	21400000	0.9993343254444341	21395000
chr2	21400000	21410000	1.3828212947823821	21405000
chr2	21410000	21420000	1.044223097899694	21415000
chr2	21420000	21430000	1.1656580068410891	21425000
chr2	21430000	21440000	3.602027724787549	21435000
chr2	21440000	21450000	3.2234242831447575	21445000
chr2	21450000	21460000	3.419928311127842	21455000
chr2	21460000	21470000	2.352196379422587	21465000
chr2	21470000	21480000	1.6523945412670082	21475000
chr2	21480000	21490000	2.1360582149313543	21485000
chr2	21490000	21500000	2.3697187174475896	21495000
chr2	21500000	21510000	1.2331564764155938	21505000
chr2	21510000	21520000	0.7321236690701948	21515000
chr2	21520000	21530000	0.9788752214606011	21525000
chr2	21530000	21540000	1.890523308322519	21535000
chr2	21540000	21550000	3.4704661709257447	21545000
chr2	21550000	21560000	2.1629663046268965	21555000
chr2	21560000	21570000	2.3876474391432803	21565000
chr2	21570000	21580000	1.5112769852931687	21575000
chr2	21580000	21590000	2.0225180523314403	21585000
chr2	21590000	21600000	2.3724326746403332	21595000
chr2	21600000	21610000	1.9623737327419521	21605000
chr2	21610000	21620000	1.2515537523455122	21615000
chr2	21620000	21630000	1.1639222795208122	21625000
chr2	21630000	21640000	1.6896348051443508	21635000
chr2	21640000	21650000	1.7318549061638346	21645000
chr2	21650000	21660000	1.2720615269975744	21655000
chr2	21660000	21670000	1.5080756790612926	21665000
chr2	21670000	21680000	1.3578288106068122	21675000
chr2	21680000	21690000	1.338326971421289	21685000
chr2	21690000	21700000	5.321833078424706	21695000
chr2	21700000	21710000	1.4955339638089216	21705000
chr2	21710000	21720000	2.042013678976786	21715000
chr2	21720000	21730000	4.707035959208244	21725000
chr2	21730000	21740000	2.093748313910017	21735000
chr2	21740000	21750000	0.8750604913088195	21745000
chr2	21750000	21760000	0.6553437747743119	21755000
chr2	21760000	21770000	0.8723295384117105	21765000
chr2	21770000	21780000	3.435202801811905	21775000
chr2	21780000	21790000	1.33032588489646	21785000
chr2	21790000	21800000	1.7191224827643454	21795000
chr2	21800000	21810000	1.647076701635133	21805000
chr2	21810000	21820000	1.7052497138559288	21815000
chr2	21820000	21830000	1.4229870806844005	21825000
chr2	21830000	21840000	10.295012266127383	21835000
chr2	21840000	21850000	0.5697788178010503	21845000
chr2	21850000	21860000	0.5070445931276887	21855000
chr2	21860000	21870000	1.0679961721125433	21865000
chr2	21870000	21880000	1.145284664374731	21875000
chr2	21880000	21890000	1.04541901901167	21885000
chr2	21890000	21900000	0.8260061373828306	21895000
chr2	21900000	21910000	2.341910806033361	21905000
chr2	21910000	21920000	1.4237639518340346	21915000
chr2	21920000	21930000	1.8869948964230732	21925000
chr2	21930000	21940000	2.9006300940682253	21935000
chr2	21940000	21950000	3.0439461724441195	21945000
chr2	21950000	21960000	1.7345354709227894	21955000
chr2	21960000	21970000	1.3932100977733062	21965000
chr2	21970000	21980000	0.9166475083013222	21975000
chr2	21980000	21990000	1.5010189438637302	21985000
chr2	21990000	22000000	1.7355471895543086	21995000
chr2	22000000	22010000	1.1821478729216313	22005000
chr2	22010000	22020000	2.877112606312295	22015000
chr2	22020000	22030000	1.7060104075131892	22025000
chr2	22030000	22040000	1.3017926097368848	22035000
chr2	22040000	22050000	0.8909646137784871	22045000
chr2	22050000	22060000	1.334060049546216	22055000
chr2	22060000	22070000	1.511138103791655	22065000
chr2	22070000	22080000	1.9486126301556077	22075000
chr2	22080000	22090000	2.547785078329618	22085000
chr2	22090000	22100000	1.197123033252467	22095000
chr2	22100000	22110000	0.47029841859895255	22105000
chr2	22110000	22120000	6.205524942682895	22115000
chr2	22120000	22130000	1.7584415398633693	22125000
chr2	22130000	22140000	2.609942969543806	22135000
chr2	22140000	22150000	2.6341481844276724	22145000
chr2	22150000	22160000	4.15932608472719	22155000
chr2	22160000	22170000	3.769279960333908	22165000
chr2	22170000	22180000	3.471186846183859	22175000
chr2	22180000	22190000	2.746671115180019	22185000
chr2	22190000	22200000	2.1869006704737513	22195000
chr2	22200000	22210000	1.5402479567759542	22205000
chr2	22210000	22220000	1.4141051398867404	22215000
chr2	22220000	22230000	0.9063627501846498	22225000
chr2	22230000	22240000	2.0776951028617265	22235000
chr2	22240000	22250000	3.8780386434858602	22245000
chr2	22250000	22260000	2.8051287739553277	22255000
chr2	22260000	22270000	3.557347504576741	22265000
chr2	22270000	22280000	6.066355520592062	22275000
chr2	22280000	22290000	2.7902387228446908	22285000
chr2	22290000	22300000	3.7419079956392896	22295000
chr2	22300000	22310000	3.2686118875540897	22305000
chr2	22310000	22320000	3.9638229721565104	22315000
chr2	22320000	22330000	3.568133051044989	22325000
chr2	22330000	22340000	3.153544680106335	22335000
chr2	22340000	22350000	2.8670574351629217	22345000
chr2	22350000	22360000	3.7561183408676055	22355000
chr2	22360000	22370000	4.256831624183768	22365000
chr2	22370000	22380000	3.3339624781173733	22375000
chr2	22380000	22390000	3.2055834415268696	22385000
chr2	22390000	22400000	4.535164097087424	22395000
chr2	22400000	22410000	2.772465755232673	22405000
chr2	22410000	22420000	4.268434950323767	22415000
chr2	22420000	22430000	4.397275531051795	22425000
chr2	22430000	22440000	2.194419235493551	22435000
chr2	22440000	22450000	2.9568273244609227	22445000
chr2	22450000	22460000	4.233982141627364	22455000
chr2	22460000	22470000	2.4640137006400122	22465000
chr2	22470000	22480000	3.017599413258725	22475000
chr2	22480000	22490000	2.6208139033625666	22485000
chr2	22490000	22500000	2.142423075370817	22495000
chr2	22500000	22510000	2.791008634785173	22505000
chr2	22510000	22520000	3.6078372533015655	22515000
chr2	22520000	22530000	2.8721098351880334	22525000
chr2	22530000	22540000	3.4949879956757366	22535000
chr2	22540000	22550000	4.178515174110275	22545000
chr2	22550000	22560000	5.758070339425969	22555000
chr2	22560000	22570000	2.21833568902957	22565000
chr2	22570000	22580000	4.00476927261578	22575000
chr2	22580000	22590000	3.752177799253546	22585000
chr2	22590000	22600000	3.4247782796764517	22595000
chr2	22600000	22610000	2.284299246905167	22605000
chr2	22610000	22620000	1.8396828822616964	22615000
chr2	22620000	22630000	2.8043518573984447	22625000
chr2	22630000	22640000	2.6015230859064955	22635000
chr2	22640000	22650000	2.63683204461376	22645000
chr2	22650000	22660000	3.2309785232914527	22655000
chr2	22660000	22670000	5.535149779897558	22665000
chr2	22670000	22680000	3.767586567811848	22675000
chr2	22680000	22690000	2.0002470672572334	22685000
chr2	22690000	22700000	4.347825797587046	22695000
chr2	22700000	22710000	2.7751477377464475	22705000
chr2	22710000	22720000	3.901416337558703	22715000
chr2	22720000	22730000	4.34478745952973	22725000
chr2	22730000	22740000	3.913217284837756	22735000
chr2	22740000	22750000	3.251744756494265	22745000
chr2	22750000	22760000	4.446521897428075	22755000
chr2	22760000	22770000	4.46767205740957	22765000
chr2	22770000	22780000	3.0167452302750974	22775000
chr2	22780000	22790000	4.018418111696493	22785000
chr2	22790000	22800000	3.870943056950137	22795000
chr2	22800000	22810000	4.180309209297004	22805000
chr2	22810000	22820000	3.6096791289134194	22815000
chr2	22820000	22830000	4.0057461134919965	22825000
chr2	22830000	22840000	4.794607300042915	22835000
chr2	22840000	22850000	6.264197202349218	22845000
chr2	22850000	22860000	7.796696515310354	22855000
chr2	22860000	22870000	1.8480662768462475	22865000
chr2	22870000	22880000	2.580779701667762	22875000
chr2	22880000	22890000	2.6064315029630936	22885000
chr2	22890000	22900000	4.5385711249418605	22895000
chr2	22900000	22910000	3.3260106040505084	22905000
chr2	22910000	22920000	5.0894077513617635	22915000
chr2	22920000	22930000	5.285485301028557	22925000
chr2	22930000	22940000	9.351293090211863	22935000
chr2	22940000	22950000	6.5810248876163975	22945000
chr2	22950000	22960000	4.163839445063423	22955000
chr2	22960000	22970000	5.009917031814028	22965000
chr2	22970000	22980000	4.709893635014497	22975000
chr2	22980000	22990000	5.828284985488396	22985000
chr2	22990000	23000000	6.297358666075955	22995000
chr2	23000000	23010000	6.254511070160278	23005000
chr2	23010000	23020000	4.0454643479138	23015000
chr2	23020000	23030000	5.545385637866663	23025000
chr2	23030000	23040000	5.558837584976482	23035000
chr2	23040000	23050000	7.1849107618991646	23045000
chr2	23050000	23060000	5.940954254446982	23055000
chr2	23060000	23070000	3.2456684628656665	23065000
chr2	23070000	23080000	5.267465987236273	23075000
chr2	23080000	23090000	10.123248870550357	23085000
chr2	23090000	23100000	3.9642350001199524	23095000
chr2	23100000	23110000	5.716006722960434	23105000
chr2	23110000	23120000	7.6334349825594705	23115000
chr2	23120000	23130000	5.660545583885239	23125000
chr2	23130000	23140000	7.048603711121841	23135000
chr2	23140000	23150000	5.651958933129512	23145000
chr2	23150000	23160000	6.056591123449031	23155000
chr2	23160000	23170000	6.369170026145034	23165000
chr2	23170000	23180000	7.3931431183355825	23175000
chr2	23180000	23190000	3.7458922412906013	23185000
chr2	23190000	23200000	3.3650403325764535	23195000
chr2	23200000	23210000	5.643031533469701	23205000
chr2	23210000	23220000	4.96920186358341	23215000
chr2	23220000	23230000	5.8444237427217764	23225000
chr2	23230000	23240000	3.555328042411154	23235000
chr2	23240000	23250000	4.409766402532303	23245000
chr2	23250000	23260000	4.296753212740353	23255000
chr2	23260000	23270000	5.1764411891616255	23265000
chr2	23270000	23280000	7.338974072878492	23275000
chr2	23280000	23290000	9.405085118351284	23285000
chr2	23290000	23300000	6.931175488277883	23295000
chr2	23300000	23310000	6.356947261496294	23305000
chr2	23310000	23320000	6.840457147874038	23315000
chr2	23320000	23330000	10.112798385455935	23325000
chr2	23330000	23340000	13.598107513670202	23335000
chr2	23340000	23350000	7.11023359389776	23345000
chr2	23350000	23360000	3.4342898988740544	23355000
chr2	23360000	23370000	2.496341844265717	23365000
chr2	23370000	23380000	5.596211217926712	23375000
chr2	23380000	23390000	2.801812349872702	23385000
chr2	23390000	23400000	4.11768421370573	23395000
chr2	23400000	23410000	6.582619733555161	23405000
chr2	23410000	23420000	5.102260015814479	23415000
chr2	23420000	23430000	4.782167171583143	23425000
chr2	23430000	23440000	6.399781460060714	23435000
chr2	23440000	23450000	7.866218955493382	23445000
chr2	23450000	23460000	6.340473029711889	23455000
chr2	23460000	23470000	8.481358154206571	23465000
chr2	23470000	23480000	5.322553459930163	23475000
chr2	23480000	23490000	7.118631433743855	23485000
chr2	23490000	23500000	4.4059243108723365	23495000
chr2	23500000	23510000	2.9929973858387364	23505000
chr2	23510000	23520000	3.4000543100515155	23515000
chr2	23520000	23530000	4.292111367779723	23525000
chr2	23530000	23540000	2.739788130887051	23535000
chr2	23540000	23550000	3.0499782440170264	23545000
chr2	23550000	23560000	12.822986426892873	23555000
chr2	23560000	23570000	4.179918734918934	23565000
chr2	23570000	23580000	2.2211813393607254	23575000
chr2	23580000	23590000	5.391810075033618	23585000
chr2	23590000	23600000	10.475837398240744	23595000
chr2	23600000	23610000	5.8026252791422515	23605000
chr2	23610000	23620000	2.33508750244103	23615000
chr2	23620000	23630000	1.662262515031533	23625000
chr2	23630000	23640000	3.397286244518852	23635000
chr2	23640000	23650000	3.700287519306269	23645000
chr2	23650000	23660000	1.5315209043298348	23655000
chr2	23660000	23670000	3.6848574298840266	23665000
chr2	23670000	23680000	12.783336860092795	23675000
chr2	23680000	23690000	4.561318142568751	23685000
chr2	23690000	23700000	2.9015525405909983	23695000
chr2	23700000	23710000	8.962265704595314	23705000
chr2	23710000	23720000	7.482356548305359	23715000
chr2	23720000	23730000	6.953121555837365	23725000
chr2	23730000	23740000	3.1164264952580902	23735000
chr2	23740000	23750000	2.9116783953464	23745000
chr2	23750000	23760000	2.0889364168222815	23755000
chr2	23760000	23770000	2.024340187234312	23765000
chr2	23770000	23780000	3.0435556181709496	23775000
chr2	23780000	23790000	1.4828356842825379	23785000
chr2	23790000	23800000	5.0370856021217465	23795000
chr2	23800000	23810000	2.3948295116263854	23805000
chr2	23810000	23820000	3.359530900138155	23815000
chr2	23820000	23830000	2.5404440002270494	23825000
chr2	23830000	23840000	6.092339646897044	23835000
chr2	23840000	23850000	12.626728211409512	23845000
chr2	23850000	23860000	2.4070487208450513	23855000
chr2	23860000	23870000	3.1039833220367288	23865000
chr2	23870000	23880000	4.915320257041319	23875000
chr2	23880000	23890000	2.4456573165265714	23885000
chr2	23890000	23900000	2.6126325771011985	23895000
chr2	23900000	23910000	4.66378364852257	23905000
chr2	23910000	23920000	6.068242396552481	23915000
chr2	23920000	23930000	4.7178160558834366	23925000
chr2	23930000	23940000	5.898550916349131	23935000
chr2	23940000	23950000	7.384768695523174	23945000
chr2	23950000	23960000	4.013632544064977	23955000
chr2	23960000	23970000	6.448761421679741	23965000
chr2	23970000	23980000	1.637541222370142	23975000
chr2	23980000	23990000	4.527583865441663	23985000
chr2	23990000	24000000	7.3116119311422745	23995000
chr2	24000000	24010000	6.709516854532374	24005000
chr2	24010000	24020000	11.319070191016904	24015000
chr2	24020000	24030000	8.037706395791252	24025000
chr2	24030000	24040000	4.349312926091957	24035000
chr2	24040000	24050000	12.68461302300826	24045000
chr2	24050000	24060000	4.313430672179054	24055000
chr2	24060000	24070000	3.6047989272859158	24065000
chr2	24070000	24080000	3.9315759379101047	24075000
chr2	24080000	24090000	8.476077308787838	24085000
chr2	24090000	24100000	2.1867802693377336	24095000
chr2	24100000	24110000	4.542929286583026	24105000
chr2	24110000	24120000	2.8374981314095002	24115000
chr2	24120000	24130000	1.6358346946027156	24125000
chr2	24130000	24140000	4.52470714373045	24135000
chr2	24140000	24150000	2.1201665805224312	24145000
chr2	24150000	24160000	1.8853270665252844	24155000
chr2	24160000	24170000	1.1049494294244677	24165000
chr2	24170000	24180000	0.9767605169112967	24175000
chr2	24180000	24190000	1.1269125723787934	24185000
chr2	24190000	24200000	1.6147992405333587	24195000
chr2	24200000	24210000	3.37223198889639	24205000
chr2	24210000	24220000	1.3883785120610563	24215000
chr2	24220000	24230000	1.2057679768176188	24225000
chr2	24230000	24240000	1.904484765621155	24235000
chr2	24240000	24250000	2.2722258893836162	24245000
chr2	24250000	24260000	2.1706607100587116	24255000
chr2	24260000	24270000	2.1452933735199764	24265000
chr2	24270000	24280000	2.264473031491218	24275000
chr2	24280000	24290000	6.744919752674143	24285000
chr2	24290000	24300000	1.981090214613845	24295000
chr2	24300000	24310000	3.3222645617773714	24305000
chr2	24310000	24320000	3.9837124366944088	24315000
chr2	24320000	24330000	6.734985461845857	24325000
chr2	24330000	24340000	6.930673512672288	24335000
chr2	24340000	24350000	4.699701275124911	24345000
chr2	24350000	24360000	6.442449669551733	24355000
chr2	24360000	24370000	11.448222396294872	24365000
chr2	24370000	24380000	1.9070385690688925	24375000
chr2	24380000	24390000	2.2979545076620758	24385000
chr2	24390000	24400000	2.168741661540703	24395000
chr2	24400000	24410000	2.27575480442853	24405000
chr2	24410000	24420000	2.547644132452993	24415000
chr2	24420000	24430000	0.8571707592587728	24425000
chr2	24430000	24440000	1.7056667881767893	24435000
chr2	24440000	24450000	1.035635864903499	24445000
chr2	24450000	24460000	1.5399811971761455	24455000
chr2	24460000	24470000	7.196157340541625	24465000
chr2	24470000	24480000	3.839559340530179	24475000
chr2	24480000	24490000	6.492964091808009	24485000
chr2	24490000	24500000	2.996859047651419	24495000
chr2	24500000	24510000	4.637766285923658	24505000
chr2	24510000	24520000	5.10241006786212	24515000
chr2	24520000	24530000	2.033787507525735	24525000
chr2	24530000	24540000	3.6963241026372136	24535000
chr2	24540000	24550000	2.8353386798932614	24545000
chr2	24550000	24560000	2.274150055820572	24555000
chr2	24560000	24570000	6.132902879487854	24565000
chr2	24570000	24580000	9.2062641676991	24575000
chr2	24580000	24590000	5.851025263612585	24585000
chr2	24590000	24600000	3.1364304772319076	24595000
chr2	24600000	24610000	12.602530125610349	24605000
chr2	24610000	24620000	4.793254159662878	24615000
chr2	24620000	24630000	3.7544767525032223	24625000
chr2	24630000	24640000	3.8728306806777755	24635000
chr2	24640000	24650000	2.7809869692410283	24645000
chr2	24650000	24660000	3.4426387543167065	24655000
chr2	24660000	24670000	2.422491573536395	24665000
chr2	24670000	24680000	3.961231032597195	24675000
chr2	24680000	24690000	3.825711404621402	24685000
chr2	24690000	24700000	3.292779387583449	24695000
chr2	24700000	24710000	3.6077749745704164	24705000
chr2	24710000	24720000	2.681961672977677	24715000
chr2	24720000	24730000	3.1744067355273784	24725000
chr2	24730000	24740000	3.2913236804609096	24735000
chr2	24740000	24750000	3.1474363327697215	24745000
chr2	24750000	24760000	2.560544993772475	24755000
chr2	24760000	24770000	6.158543376765792	24765000
chr2	24770000	24780000	5.003528195842327	24775000
chr2	24780000	24790000	6.331343288806475	24785000
chr2	24790000	24800000	2.6115984372986842	24795000
chr2	24800000	24810000	1.7167798554555098	24805000
chr2	24810000	24820000	2.656753168724425	24815000
chr2	24820000	24830000	1.1894586142003325	24825000
chr2	24830000	24840000	1.6109002645357013	24835000
chr2	24840000	24850000	9.770001867821428	24845000
chr2	24850000	24860000	11.283427415406138	24855000
chr2	24860000	24870000	12.245748142486171	24865000
chr2	24870000	24880000	12.887896916043912	24875000
chr2	24880000	24890000	2.925337936568899	24885000
chr2	24890000	24900000	6.347995738343796	24895000
chr2	24900000	24910000	4.484759873387787	24905000
chr2	24910000	24920000	9.565891265281731	24915000
chr2	24920000	24930000	2.172416000373787	24925000
chr2	24930000	24940000	1.1096304872984493	24935000
chr2	24940000	24950000	7.2710926215928735	24945000
chr2	24950000	24960000	2.1772573207188723	24955000
chr2	24960000	24970000	2.0606043844578044	24965000
chr2	24970000	24980000	2.069029253566016	24975000
chr2	24980000	24990000	2.443891494390429	24985000
chr2	24990000	25000000	2.5800729639790814	24995000
chr2	25000000	25010000	2.462232384698639	25005000
chr2	25010000	25020000	3.868087972167406	25015000
chr2	25020000	25030000	6.199137541787547	25025000
chr2	25030000	25040000	3.182880158285138	25035000
chr2	25040000	25050000	6.326369531026399	25045000
chr2	25050000	25060000	4.028886292910142	25055000
chr2	25060000	25070000	3.334895961122589	25065000
chr2	25070000	25080000	1.6880096459392637	25075000
chr2	25080000	25090000	9.02008632599264	25085000
chr2	25090000	25100000	8.797420206274545	25095000
chr2	25100000	25110000	4.0419764242596345	25105000
chr2	25110000	25120000	3.272006473667204	25115000
chr2	25120000	25130000	8.203431892568272	25125000
chr2	25130000	25140000	3.9407485267237754	25135000
chr2	25140000	25150000	8.665438775814058	25145000
chr2	25150000	25160000	6.153553665879616	25155000
chr2	25160000	25170000	18.828263738364697	25165000
chr2	25170000	25180000	5.582710485524463	25175000
chr2	25180000	25190000	10.503294608398836	25185000
chr2	25190000	25200000	3.0267527325606	25195000
chr2	25200000	25210000	3.4732628799450307	25205000
chr2	25210000	25220000	2.740527125265532	25215000
chr2	25220000	25230000	2.1626283661009524	25225000
chr2	25230000	25240000	3.6084248232315117	25235000
chr2	25240000	25250000	1.9178040554102216	25245000
chr2	25250000	25260000	0.7023003938641553	25255000
chr2	25260000	25270000	0.7650224093165064	25265000
chr2	25270000	25280000	7.572212382652376	25275000
chr2	25280000	25290000	11.93662357152454	25285000
chr2	25290000	25300000	9.600381168018457	25295000
chr2	25300000	25310000	6.584067629900577	25305000
chr2	25310000	25320000	3.675200439894853	25315000
chr2	25320000	25330000	3.0412550877919284	25325000
chr2	25330000	25340000	9.308175772599927	25335000
chr2	25340000	25350000	3.6637564363685438	25345000
chr2	25350000	25360000	4.444455643396872	25355000
chr2	25360000	25370000	5.234367378559293	25365000
chr2	25370000	25380000	4.618677968075189	25375000
chr2	25380000	25390000	4.773206632967282	25385000
chr2	25390000	25400000	6.018744670364511	25395000
chr2	25400000	25410000	6.125336733994937	25405000
chr2	25410000	25420000	4.894853350621148	25415000
chr2	25420000	25430000	4.96261169289302	25425000
chr2	25430000	25440000	7.684863081508454	25435000
chr2	25440000	25450000	5.481495246166244	25445000
chr2	25450000	25460000	5.9479673082564	25455000
chr2	25460000	25470000	4.794833238927941	25465000
chr2	25470000	25480000	3.646265501508858	25475000
chr2	25480000	25490000	2.134358105535106	25485000
chr2	25490000	25500000	1.5769028261343445	25495000
chr2	25500000	25510000	1.166427921260235	25505000
chr2	25510000	25520000	5.73026979164321	25515000
chr2	25520000	25530000	2.324460675693236	25525000
chr2	25530000	25540000	6.5712046584	25535000
chr2	25540000	25550000	2.94465138258802	25545000
chr2	25550000	25560000	3.4697161396612484	25555000
chr2	25560000	25570000	4.4109888458810325	25565000
chr2	25570000	25580000	2.9701173389860562	25575000
chr2	25580000	25590000	3.1292013061103057	25585000
chr2	25590000	25600000	3.0065527438842685	25595000
chr2	25600000	25610000	5.563559432396325	25605000
chr2	25610000	25620000	5.645339874872692	25615000
chr2	25620000	25630000	4.634315401277159	25625000
chr2	25630000	25640000	3.493096617954753	25635000
chr2	25640000	25650000	4.247579582519608	25645000
chr2	25650000	25660000	6.322369124916835	25655000
chr2	25660000	25670000	2.5878102458073293	25665000
chr2	25670000	25680000	3.229522084255241	25675000
chr2	25680000	25690000	6.997669206165503	25685000
chr2	25690000	25700000	12.506592216351034	25695000
chr2	25700000	25710000	13.187983835560596	25705000
chr2	25710000	25720000	31.005699912755276	25715000
chr2	25720000	25730000	5.4822368436921565	25725000
chr2	25730000	25740000	23.803303476848285	25735000
chr2	25740000	25750000	31.106388553750083	25745000
chr2	25750000	25760000	17.36927519948245	25755000
chr2	25760000	25770000	13.692540375517304	25765000
chr2	25770000	25780000	16.449381406095853	25775000
chr2	25780000	25790000	18.813153283698924	25785000
chr2	25790000	25800000	7.594478127353519	25795000
chr2	25800000	25810000	9.129170942993369	25805000
chr2	25810000	25820000	1.3697368340174287	25815000
chr2	25820000	25830000	3.373575226746218	25825000
chr2	25830000	25840000	8.468162576776056	25835000
chr2	25840000	25850000	5.820810016857405	25845000
chr2	25850000	25860000	2.9828890963032917	25855000
chr2	25860000	25870000	4.865535508475267	25865000
chr2	25870000	25880000	10.673729859040082	25875000
chr2	25880000	25890000	5.6270668413301586	25885000
chr2	25890000	25900000	1.568381281891639	25895000
chr2	25900000	25910000	2.24249495413274	25905000
chr2	25910000	25920000	2.0218832831069564	25915000
chr2	25920000	25930000	2.2378758882791416	25925000
chr2	25930000	25940000	2.8141383683083165	25935000
chr2	25940000	25950000	1.3378621186862776	25945000
chr2	25950000	25960000	1.3500807428208728	25955000
chr2	25960000	25970000	3.481369864322106	25965000
chr2	25970000	25980000	4.8375847956328695	25975000
chr2	25980000	25990000	3.0895084236501957	25985000
chr2	25990000	26000000	2.1915383443707444	25995000
chr2	26000000	26010000	2.789011778954153	26005000
chr2	26010000	26020000	6.239637335637918	26015000
chr2	26020000	26030000	4.94747918503075	26025000
chr2	26030000	26040000	2.2813230241600073	26035000
chr2	26040000	26050000	3.647701981516365	26045000
chr2	26050000	26060000	1.4159281878113692	26055000
chr2	26060000	26070000	4.02123769200462	26065000
chr2	26070000	26080000	8.098820187027314	26075000
chr2	26080000	26090000	4.124862792510867	26085000
chr2	26090000	26100000	2.0299248551118043	26095000
chr2	26100000	26110000	2.4236384875683785	26105000
chr2	26110000	26120000	7.596821807350911	26115000
chr2	26120000	26130000	1.1659000008756557	26125000
chr2	26130000	26140000	1.2563154784643846	26135000
chr2	26140000	26150000	0.9409326993373943	26145000
chr2	26150000	26160000	1.970686198120626	26155000
chr2	26160000	26170000	5.996003896572675	26165000
chr2	26170000	26180000	4.166248734082792	26175000
chr2	26180000	26190000	9.1191650752602	26185000
chr2	26190000	26200000	9.341598090412521	26195000
chr2	26200000	26210000	4.067309017941443	26205000
chr2	26210000	26220000	1.652600259976553	26215000
chr2	26220000	26230000	1.296865057645487	26225000
chr2	26230000	26240000	4.052004782467449	26235000
chr2	26240000	26250000	0.9672435490064895	26245000
chr2	26250000	26260000	0.8260356621834323	26255000
chr2	26260000	26270000	0.9229515665132417	26265000
chr2	26270000	26280000	1.6203703994140979	26275000
chr2	26280000	26290000	5.102704617923802	26285000
chr2	26290000	26300000	3.7164993197683778	26295000
chr2	26300000	26310000	7.938416401119437	26305000
chr2	26310000	26320000	5.17206270935884	26315000
chr2	26320000	26330000	14.596370050545481	26325000
chr2	26330000	26340000	4.813745048958625	26335000
chr2	26340000	26350000	1.075947491033449	26345000
chr2	26350000	26360000	7.600796739514177	26355000
chr2	26360000	26370000	1.5836025913435223	26365000
chr2	26370000	26380000	5.922712410813011	26375000
chr2	26380000	26390000	6.4675668499035615	26385000
chr2	26390000	26400000	3.7982218221047064	26395000
chr2	26400000	26410000	12.215178351155888	26405000
chr2	26410000	26420000	13.462454467671952	26415000
chr2	26420000	26430000	31.016380970588106	26425000
chr2	26430000	26440000	11.419994337798427	26435000
chr2	26440000	26450000	2.9893959196074547	26445000
chr2	26450000	26460000	3.411158368861044	26455000
chr2	26460000	26470000	11.557514815516154	26465000
chr2	26470000	26480000	5.66671982216862	26475000
chr2	26480000	26490000	9.68560356667852	26485000
chr2	26490000	26500000	7.314890891307358	26495000
chr2	26500000	26510000	5.7518277609834065	26505000
chr2	26510000	26520000	7.0585677367998985	26515000
chr2	26520000	26530000	5.126000565774373	26525000
chr2	26530000	26540000	1.9550984445820336	26535000
chr2	26540000	26550000	1.30951618571692	26545000
chr2	26550000	26560000	1.584844244030772	26555000
chr2	26560000	26570000	8.596039947614049	26565000
chr2	26570000	26580000	6.7006358318083725	26575000
chr2	26580000	26590000	5.346321941885653	26585000
chr2	26590000	26600000	9.611304403934643	26595000
chr2	26600000	26610000	4.333309145058687	26605000
chr2	26610000	26620000	5.936109931282998	26615000
chr2	26620000	26630000	2.9781304167644436	26625000
chr2	26630000	26640000	6.5230347466444885	26635000
chr2	26640000	26650000	5.721873343946025	26645000
chr2	26650000	26660000	5.030860439966038	26655000
chr2	26660000	26670000	7.2096540384967085	26665000
chr2	26670000	26680000	3.767589199487671	26675000
chr2	26680000	26690000	5.035493694472751	26685000
chr2	26690000	26700000	5.535038211794626	26695000
chr2	26700000	26710000	11.26789771359597	26705000
chr2	26710000	26720000	10.080657506827082	26715000
chr2	26720000	26730000	12.526282215750996	26725000
chr2	26730000	26740000	3.405235773912359	26735000
chr2	26740000	26750000	4.735225767999612	26745000
chr2	26750000	26760000	2.680539688377653	26755000
chr2	26760000	26770000	6.613072329620683	26765000
chr2	26770000	26780000	3.0079246698780686	26775000
chr2	26780000	26790000	6.91931876248682	26785000
chr2	26790000	26800000	1.397594371341535	26795000
chr2	26800000	26810000	1.2043507427859153	26805000
chr2	26810000	26820000	1.5101602914612922	26815000
chr2	26820000	26830000	2.573555716744378	26825000
chr2	26830000	26840000	9.438496048611482	26835000
chr2	26840000	26850000	9.064418768484305	26845000
chr2	26850000	26860000	4.34598962575998	26855000
chr2	26860000	26870000	2.2622294656752935	26865000
chr2	26870000	26880000	6.133474190817624	26875000
chr2	26880000	26890000	5.375492541968487	26885000
chr2	26890000	26900000	1.1805395941566255	26895000
chr2	26900000	26910000	3.5248384314336563	26905000
chr2	26910000	26920000	6.580699723424405	26915000
chr2	26920000	26930000	7.088828068446349	26925000
chr2	26930000	26940000	3.358706098669125	26935000
chr2	26940000	26950000	7.8981529047760795	26945000
chr2	26950000	26960000	1.5900378770848693	26955000
chr2	26960000	26970000	1.6285919275088798	26965000
chr2	26970000	26980000	1.9133040864368904	26975000
chr2	26980000	26990000	4.8091424123080015	26985000
chr2	26990000	27000000	7.665738629560759	26995000
chr2	27000000	27010000	10.255935557867318	27005000
chr2	27010000	27020000	7.952147632859818	27015000
chr2	27020000	27030000	3.0009335007255875	27025000
chr2	27030000	27040000	7.243495444779835	27035000
chr2	27040000	27050000	1.9602855778906545	27045000
chr2	27050000	27060000	2.868271191605292	27055000
chr2	27060000	27070000	2.4500400081950464	27065000
chr2	27070000	27080000	2.473631333152759	27075000
chr2	27080000	27090000	3.0558951727717267	27085000
chr2	27090000	27100000	9.993918950841495	27095000
chr2	27100000	27110000	4.8213761082698	27105000
chr2	27110000	27120000	1.8876088272075495	27115000
chr2	27120000	27130000	8.047344608448817	27125000
chr2	27130000	27140000	1.2389464196019206	27135000
chr2	27140000	27150000	0.6541717866288786	27145000
chr2	27150000	27160000	1.3939745924953972	27155000
chr2	27160000	27170000	0.8748104242161318	27165000
chr2	27170000	27180000	0.8273574255220584	27175000
chr2	27180000	27190000	0.8275584198458473	27185000
chr2	27190000	27200000	0.9123112323174791	27195000
chr2	27200000	27210000	3.016490809180714	27205000
chr2	27210000	27220000	1.7010923247039496	27215000
chr2	27220000	27230000	4.327502103202776	27225000
chr2	27230000	27240000	1.5494558382991281	27235000
chr2	27240000	27250000	1.095510432828471	27245000
chr2	27250000	27260000	2.0688438582518223	27255000
chr2	27260000	27270000	5.618567832838077	27265000
chr2	27270000	27280000	6.455185511171424	27275000
chr2	27280000	27290000	2.259784048394182	27285000
chr2	27290000	27300000	2.262206741183751	27295000
chr2	27300000	27310000	3.9170832190673854	27305000
chr2	27310000	27320000	2.651360109298203	27315000
chr2	27320000	27330000	1.7214110094966906	27325000
chr2	27330000	27340000	2.084993819162389	27335000
chr2	27340000	27350000	2.041793556483536	27345000
chr2	27350000	27360000	1.6264346862197356	27355000
chr2	27360000	27370000	5.3121293230598825	27365000
chr2	27370000	27380000	3.45377095471883	27375000
chr2	27380000	27390000	2.0167985102374373	27385000
chr2	27390000	27400000	2.6841016721372095	27395000
chr2	27400000	27410000	4.225462023903791	27405000
chr2	27410000	27420000	10.553802645094233	27415000
chr2	27420000	27430000	12.014453971247367	27425000
chr2	27430000	27440000	6.5455758663112285	27435000
chr2	27440000	27450000	6.197456965690517	27445000
chr2	27450000	27460000	5.97452395049832	27455000
chr2	27460000	27470000	3.9201014018308564	27465000
chr2	27470000	27480000	9.25091514246765	27475000
chr2	27480000	27490000	7.794188220865279	27485000
chr2	27490000	27500000	5.486581579648659	27495000
chr2	27500000	27510000	4.461608381839002	27505000
chr2	27510000	27520000	2.8976084853522996	27515000
chr2	27520000	27530000	10.495325584922496	27525000
chr2	27530000	27540000	3.561750661888785	27535000
chr2	27540000	27550000	3.008853931382038	27545000
chr2	27550000	27560000	2.0635046050214387	27555000
chr2	27560000	27570000	3.314159061081917	27565000
chr2	27570000	27580000	12.371878158461312	27575000
chr2	27580000	27590000	19.435416786408467	27585000
chr2	27590000	27600000	12.306603207144555	27595000
chr2	27600000	27610000	4.246105214670015	27605000
chr2	27610000	27620000	4.51541421469691	27615000
chr2	27620000	27630000	6.7677500386602105	27625000
chr2	27630000	27640000	3.7498810427547307	27635000
chr2	27640000	27650000	3.9698176695031413	27645000
chr2	27650000	27660000	4.619442342468721	27655000
chr2	27660000	27670000	3.2435113837267253	27665000
chr2	27670000	27680000	3.9189635617263887	27675000
chr2	27680000	27690000	4.44603340616373	27685000
chr2	27690000	27700000	4.315079362626811	27695000
chr2	27700000	27710000	3.5171254506681144	27705000
chr2	27710000	27720000	4.6260555989744265	27715000
chr2	27720000	27730000	3.172024556943067	27725000
chr2	27730000	27740000	3.9463941828376075	27735000
chr2	27740000	27750000	3.1090134262623064	27745000
chr2	27750000	27760000	3.239504330524	27755000
chr2	27760000	27770000	3.690518237337494	27765000
chr2	27770000	27780000	3.2035151429103577	27775000
chr2	27780000	27790000	3.6081347421726186	27785000
chr2	27790000	27800000	2.5875764290992054	27795000
chr2	27800000	27810000	2.60071375529497	27805000
chr2	27810000	27820000	3.348792380313211	27815000
chr2	27820000	27830000	3.1014436734066138	27825000
chr2	27830000	27840000	6.350216036755837	27835000
chr2	27840000	27850000	3.499218382835431	27845000
chr2	27850000	27860000	2.1628009647264093	27855000
chr2	27860000	27870000	13.303323958828514	27865000
chr2	27870000	27880000	1.6829132126929942	27875000
chr2	27880000	27890000	1.3375470204465136	27885000
chr2	27890000	27900000	0.6045051629818197	27895000
chr2	27900000	27910000	0.4991206053182661	27905000
chr2	27910000	27920000	0.29585960918273446	27915000
chr2	27920000	27930000	0.32234890461321264	27925000
chr2	27930000	27940000	0.6795649678233024	27935000
chr2	27940000	27950000	1.8524570368750444	27945000
chr2	27950000	27960000	2.4780458453616485	27955000
chr2	27960000	27970000	2.668740159489284	27965000
chr2	27970000	27980000	9.389736621993766	27975000
chr2	27980000	27990000	4.160017266332862	27985000
chr2	27990000	28000000	1.9405392563449144	27995000
chr2	28000000	28010000	3.5308209939452477	28005000
chr2	28010000	28020000	9.538518316956814	28015000
chr2	28020000	28030000	14.010821349941576	28025000
chr2	28030000	28040000	14.996471749778555	28035000
chr2	28040000	28050000	4.1072272375964465	28045000
chr2	28050000	28060000	12.784290559004363	28055000
chr2	28060000	28070000	3.6689789447231704	28065000
chr2	28070000	28080000	7.528179012550671	28075000
chr2	28080000	28090000	1.074561048242306	28085000
chr2	28090000	28100000	1.0831746655324825	28095000
chr2	28100000	28110000	2.593190088019673	28105000
chr2	28110000	28120000	7.006728017575017	28115000
chr2	28120000	28130000	6.557535110901018	28125000
chr2	28130000	28140000	4.579948062037189	28135000
chr2	28140000	28150000	8.120902392440577	28145000
chr2	28150000	28160000	2.4726410033599615	28155000
chr2	28160000	28170000	3.0980717321223357	28165000
chr2	28170000	28180000	17.789163896520364	28175000
chr2	28180000	28190000	6.681032358378925	28185000
chr2	28190000	28200000	13.904260719515339	28195000
chr2	28200000	28210000	5.741051429599925	28205000
chr2	28210000	28220000	6.168571349465831	28215000
chr2	28220000	28230000	7.389147730202986	28225000
chr2	28230000	28240000	5.044253722138787	28235000
chr2	28240000	28250000	10.903564327401456	28245000
chr2	28250000	28260000	5.632065811485464	28255000
chr2	28260000	28270000	4.929664748944028	28265000
chr2	28270000	28280000	3.498379338775436	28275000
chr2	28280000	28290000	7.108005523380608	28285000
chr2	28290000	28300000	0.5233158218841002	28295000
chr2	28300000	28310000	1.0387273294834156	28305000
chr2	28310000	28320000	1.125972024394887	28315000
chr2	28320000	28330000	1.1668987114368112	28325000
chr2	28330000	28340000	3.719726157802901	28335000
chr2	28340000	28350000	6.517258943745336	28345000
chr2	28350000	28360000	7.097506047154067	28355000
chr2	28360000	28370000	4.497735294037057	28365000
chr2	28370000	28380000	2.539249154689417	28375000
chr2	28380000	28390000	1.8055367927589727	28385000
chr2	28390000	28400000	8.014400855215687	28395000
chr2	28400000	28410000	3.1327822207734966	28405000
chr2	28410000	28420000	3.20331678011495	28415000
chr2	28420000	28430000	3.894581880966098	28425000
chr2	28430000	28440000	1.1231488532728078	28435000
chr2	28440000	28450000	1.8700225159975916	28445000
chr2	28450000	28460000	3.8976809614747814	28455000
chr2	28460000	28470000	7.285522427275253	28465000
chr2	28470000	28480000	3.8733000442955183	28475000
chr2	28480000	28490000	5.574555606354334	28485000
chr2	28490000	28500000	1.4057361849377523	28495000
chr2	28500000	28510000	3.7082823719748124	28505000
chr2	28510000	28520000	2.6115223233080833	28515000
chr2	28520000	28530000	4.175056784259095	28525000
chr2	28530000	28540000	6.015193824778995	28535000
chr2	28540000	28550000	2.912634640234758	28545000
chr2	28550000	28560000	1.6699546645305445	28555000
chr2	28560000	28570000	8.84099355935935	28565000
chr2	28570000	28580000	6.8690652061165975	28575000
chr2	28580000	28590000	2.276000321542122	28585000
chr2	28590000	28600000	1.929810523160335	28595000
chr2	28600000	28610000	2.6597552364947377	28605000
chr2	28610000	28620000	4.571062214184864	28615000
chr2	28620000	28630000	3.235549866191421	28625000
chr2	28630000	28640000	5.633132531299495	28635000
chr2	28640000	28650000	3.873506456563514	28645000
chr2	28650000	28660000	4.12444202756441	28655000
chr2	28660000	28670000	5.101578733449431	28665000
chr2	28670000	28680000	3.6902444818339943	28675000
chr2	28680000	28690000	7.85685924927706	28685000
chr2	28690000	28700000	2.5983300695314617	28695000
chr2	28700000	28710000	3.6745763362369934	28705000
chr2	28710000	28720000	4.278548257306073	28715000
chr2	28720000	28730000	2.7725631726877222	28725000
chr2	28730000	28740000	3.5435033595501233	28735000
chr2	28740000	28750000	4.819746085230986	28745000
chr2	28750000	28760000	4.096962630577053	28755000
chr2	28760000	28770000	3.714984892722781	28765000
chr2	28770000	28780000	3.0868854642596895	28775000
chr2	28780000	28790000	5.001252849521072	28785000
chr2	28790000	28800000	4.2456250241142985	28795000
chr2	28800000	28810000	3.404423322406677	28805000
chr2	28810000	28820000	8.912034851467226	28815000
chr2	28820000	28830000	4.730673304488732	28825000
chr2	28830000	28840000	4.011155837420097	28835000
chr2	28840000	28850000	3.1928095254364544	28845000
chr2	28850000	28860000	2.177986140875916	28855000
chr2	28860000	28870000	1.8793593930883854	28865000
chr2	28870000	28880000	11.305875061569258	28875000
chr2	28880000	28890000	3.9621498668595954	28885000
chr2	28890000	28900000	2.2281397373221696	28895000
chr2	28900000	28910000	2.820931430570294	28905000
chr2	28910000	28920000	2.2783779983957073	28915000
chr2	28920000	28930000	4.530753334909583	28925000
chr2	28930000	28940000	3.674780916021895	28935000
chr2	28940000	28950000	7.876088977506257	28945000
chr2	28950000	28960000	5.6870616941830345	28955000
chr2	28960000	28970000	5.422311606515197	28965000
chr2	28970000	28980000	6.14415307538568	28975000
chr2	28980000	28990000	5.278271901902565	28985000
chr2	28990000	29000000	3.8364437035527383	28995000
chr2	29000000	29010000	9.376797657276517	29005000
chr2	29010000	29020000	5.371348642487099	29015000
chr2	29020000	29030000	3.8016693147018215	29025000
chr2	29030000	29040000	3.5685605996599956	29035000
chr2	29040000	29050000	3.1701920621771222	29045000
chr2	29050000	29060000	2.7445966137267668	29055000
chr2	29060000	29070000	2.8091782976583053	29065000
chr2	29070000	29080000	3.918070129706608	29075000
chr2	29080000	29090000	1.5939776374961596	29085000
chr2	29090000	29100000	1.6042387362912214	29095000
chr2	29100000	29110000	2.5713302024082534	29105000
chr2	29110000	29120000	1.6867968023871505	29115000
chr2	29120000	29130000	1.5112850244596152	29125000
chr2	29130000	29140000	3.9579656062447754	29135000
chr2	29140000	29150000	3.459100822145186	29145000
chr2	29150000	29160000	3.8697007732902042	29155000
chr2	29160000	29170000	4.406351368843207	29165000
chr2	29170000	29180000	4.8721183641732715	29175000
chr2	29180000	29190000	6.2438920121565635	29185000
chr2	29190000	29200000	7.74896604997678	29195000
chr2	29200000	29210000	9.368823625277415	29205000
chr2	29210000	29220000	5.906692743328148	29215000
chr2	29220000	29230000	6.82358044526135	29225000
chr2	29230000	29240000	4.597251489512934	29235000
chr2	29240000	29250000	4.446409763348031	29245000
chr2	29250000	29260000	7.89672830136839	29255000
chr2	29260000	29270000	2.511436187937541	29265000
chr2	29270000	29280000	7.378129321246137	29275000
chr2	29280000	29290000	3.7529195974432503	29285000
chr2	29290000	29300000	0.8649491627396003	29295000
chr2	29300000	29310000	0.999790258663969	29305000
chr2	29310000	29320000	0.9071587188195298	29315000
chr2	29320000	29330000	3.0079020047759935	29325000
chr2	29330000	29340000	3.0217481875346435	29335000
chr2	29340000	29350000	7.488160739954316	29345000
chr2	29350000	29360000	3.8927413518443985	29355000
chr2	29360000	29370000	1.3943258077568437	29365000
chr2	29370000	29380000	0.8098214728905649	29375000
chr2	29380000	29390000	1.418874822054998	29385000
chr2	29390000	29400000	8.635226833784934	29395000
chr2	29400000	29410000	3.209964132354858	29405000
chr2	29410000	29420000	5.163844215151766	29415000
chr2	29420000	29430000	7.812166378072115	29425000
chr2	29430000	29440000	4.223344071218861	29435000
chr2	29440000	29450000	9.550404208857355	29445000
chr2	29450000	29460000	8.60093182828426	29455000
chr2	29460000	29470000	5.768689948053436	29465000
chr2	29470000	29480000	4.7349452004298165	29475000
chr2	29480000	29490000	3.857409161920568	29485000
chr2	29490000	29500000	6.412564368230972	29495000
chr2	29500000	29510000	4.42499671341465	29505000
chr2	29510000	29520000	3.56668473247202	29515000
chr2	29520000	29530000	4.701900912020915	29525000
chr2	29530000	29540000	4.740577920493554	29535000
chr2	29540000	29550000	4.763646384917378	29545000
chr2	29550000	29560000	3.8246902716459252	29555000
chr2	29560000	29570000	4.671308251651588	29565000
chr2	29570000	29580000	8.306104359491755	29575000
chr2	29580000	29590000	3.2522734197789833	29585000
chr2	29590000	29600000	1.8156192769032216	29595000
chr2	29600000	29610000	2.717905720878502	29605000
chr2	29610000	29620000	2.196189310246368	29615000
chr2	29620000	29630000	3.5148633984403843	29625000
chr2	29630000	29640000	10.543396234773288	29635000
chr2	29640000	29650000	6.30335313477715	29645000
chr2	29650000	29660000	2.408714818298466	29655000
chr2	29660000	29670000	5.042136113677981	29665000
chr2	29670000	29680000	5.234143206281895	29675000
chr2	29680000	29690000	4.202502287591206	29685000
chr2	29690000	29700000	8.08474946910154	29695000
chr2	29700000	29710000	3.4161282820145304	29705000
chr2	29710000	29720000	2.1380534273609055	29715000
chr2	29720000	29730000	1.2091351781442983	29725000
chr2	29730000	29740000	1.7877164253484907	29735000
chr2	29740000	29750000	1.502908453365274	29745000
chr2	29750000	29760000	1.067898990912918	29755000
chr2	29760000	29770000	0.8273121496806567	29765000
chr2	29770000	29780000	1.0799783812810242	29775000
chr2	29780000	29790000	0.8569296189849672	29785000
chr2	29790000	29800000	1.4487486697849563	29795000
chr2	29800000	29810000	0.8041759691205111	29805000
chr2	29810000	29820000	1.0037808819927034	29815000
chr2	29820000	29830000	0.9216978563381081	29825000
chr2	29830000	29840000	1.4586779727291113	29835000
chr2	29840000	29850000	1.197937935984267	29845000
chr2	29850000	29860000	2.2847035640952336	29855000
chr2	29860000	29870000	0.8830807874882175	29865000
chr2	29870000	29880000	0.7183649317699176	29875000
chr2	29880000	29890000	0.8466485012943498	29885000
chr2	29890000	29900000	1.0602319005416112	29895000
chr2	29900000	29910000	1.501850656269875	29905000
chr2	29910000	29920000	1.450545163565749	29915000
chr2	29920000	29930000	1.6985925577744851	29925000
chr2	29930000	29940000	2.2168365266529833	29935000
chr2	29940000	29950000	1.5174760414872617	29945000
chr2	29950000	29960000	2.589531288511301	29955000
chr2	29960000	29970000	6.086097948855176	29965000
chr2	29970000	29980000	1.6717624591577414	29975000
chr2	29980000	29990000	1.7209655479332369	29985000
chr2	29990000	30000000	2.7793686543506593	29995000
chr2	30000000	30010000	2.4006701445877443	30005000
chr2	30010000	30020000	2.06426802485997	30015000
chr2	30020000	30030000	2.1942810928164227	30025000
chr2	30030000	30040000	2.872428619053074	30035000
chr2	30040000	30050000	1.8815796889278917	30045000
chr2	30050000	30060000	1.970235283664635	30055000
chr2	30060000	30070000	2.101904224152236	30065000
chr2	30070000	30080000	1.8722333800557809	30075000
chr2	30080000	30090000	2.652326390387942	30085000
chr2	30090000	30100000	2.2825199776932865	30095000
chr2	30100000	30110000	3.033878875577412	30105000
chr2	30110000	30120000	2.1882151166376023	30115000
chr2	30120000	30130000	2.884207063130746	30125000
chr2	30130000	30140000	3.5331163097422955	30135000
chr2	30140000	30150000	2.424163301123409	30145000
chr2	30150000	30160000	2.95757063486396	30155000
chr2	30160000	30170000	2.890473881278049	30165000
chr2	30170000	30180000	1.071796885695862	30175000
chr2	30180000	30190000	1.6913344546034585	30185000
chr2	30190000	30200000	1.3021538186045825	30195000
chr2	30200000	30210000	2.444189894776075	30205000
chr2	30210000	30220000	0.9458930721204246	30215000
chr2	30220000	30230000	1.6865481162591176	30225000
chr2	30230000	30240000	0.7926422819310874	30235000
chr2	30240000	30250000	2.651781048630975	30245000
chr2	30250000	30260000	3.0414372524272566	30255000
chr2	30260000	30270000	3.733130023817465	30265000
chr2	30270000	30280000	3.249929855711657	30275000
chr2	30280000	30290000	1.674269266049206	30285000
chr2	30290000	30300000	4.610206300953791	30295000
chr2	30300000	30310000	1.5759527179662756	30305000
chr2	30310000	30320000	1.8050956843046417	30315000
chr2	30320000	30330000	1.7967326640972348	30325000
chr2	30330000	30340000	1.7572567322525106	30335000
chr2	30340000	30350000	1.2655373161056247	30345000
chr2	30350000	30360000	1.3609569020561465	30355000
chr2	30360000	30370000	1.1072251980186165	30365000
chr2	30370000	30380000	0.8562037924609144	30375000
chr2	30380000	30390000	0.924610025352665	30385000
chr2	30390000	30400000	1.2453298736596832	30395000
chr2	30400000	30410000	1.1373689542898122	30405000
chr2	30410000	30420000	1.5716007779830177	30415000
chr2	30420000	30430000	1.9987204187710408	30425000
chr2	30430000	30440000	1.7237564664952947	30435000
chr2	30440000	30450000	1.3147780448719382	30445000
chr2	30450000	30460000	2.6074378903748427	30455000
chr2	30460000	30470000	1.2674034821711462	30465000
chr2	30470000	30480000	0.97170122263906	30475000
chr2	30480000	30490000	1.3003841463787211	30485000
chr2	30490000	30500000	1.7084969331117636	30495000
chr2	30500000	30510000	1.7924093489763413	30505000
chr2	30510000	30520000	1.4908135474644657	30515000
chr2	30520000	30530000	1.3781856065584859	30525000
chr2	30530000	30540000	1.8814792902138553	30535000
chr2	30540000	30550000	1.4562049905649719	30545000
chr2	30550000	30560000	1.6964219176007742	30555000
chr2	30560000	30570000	0.8334776319207619	30565000
chr2	30570000	30580000	0.7439992161763636	30575000
chr2	30580000	30590000	1.0430172644954558	30585000
chr2	30590000	30600000	1.0576347241560586	30595000
chr2	30600000	30610000	1.0953380369990835	30605000
chr2	30610000	30620000	1.4582713118891177	30615000
chr2	30620000	30630000	2.2494109255646384	30625000
chr2	30630000	30640000	1.683018173567118	30635000
chr2	30640000	30650000	2.3228166727082185	30645000
chr2	30650000	30660000	2.2530407781829025	30655000
chr2	30660000	30670000	3.1552915894791855	30665000
chr2	30670000	30680000	2.826128729116735	30675000
chr2	30680000	30690000	2.2094492480999754	30685000
chr2	30690000	30700000	2.032856642411575	30695000
chr2	30700000	30710000	1.8042605193100627	30705000
chr2	30710000	30720000	2.5129763545283668	30715000
chr2	30720000	30730000	2.378439483937397	30725000
chr2	30730000	30740000	2.7494535337941315	30735000
chr2	30740000	30750000	2.405778731266794	30745000
chr2	30750000	30760000	2.0304029103308316	30755000
chr2	30760000	30770000	0.9288024517149558	30765000
chr2	30770000	30780000	1.287303033601184	30775000
chr2	30780000	30790000	1.8441480355292508	30785000
chr2	30790000	30800000	1.9489327836941672	30795000
chr2	30800000	30810000	1.5853369332652496	30805000
chr2	30810000	30820000	2.133490039005839	30815000
chr2	30820000	30830000	2.2735433148881707	30825000
chr2	30830000	30840000	2.798098988563481	30835000
chr2	30840000	30850000	3.1473643116310273	30845000
chr2	30850000	30860000	4.4137170420296385	30855000
chr2	30860000	30870000	3.383936875630966	30865000
chr2	30870000	30880000	3.9787657043902738	30875000
chr2	30880000	30890000	2.9478281563493134	30885000
chr2	30890000	30900000	1.453753837002026	30895000
chr2	30900000	30910000	0.7411201355102909	30905000
chr2	30910000	30920000	2.5801603902976087	30915000
chr2	30920000	30930000	1.457920295589251	30925000
chr2	30930000	30940000	3.463569132992076	30935000
chr2	30940000	30950000	3.1904903667208226	30945000
chr2	30950000	30960000	5.849210152955063	30955000
chr2	30960000	30970000	4.679022282318813	30965000
chr2	30970000	30980000	3.6781416678343613	30975000
chr2	30980000	30990000	2.2044605773291317	30985000
chr2	30990000	31000000	3.1788353149385244	30995000
chr2	31000000	31010000	1.938566862597244	31005000
chr2	31010000	31020000	0.8576410145745531	31015000
chr2	31020000	31030000	0.6937658123534017	31025000
chr2	31030000	31040000	1.1823782731511479	31035000
chr2	31040000	31050000	2.4146056091366246	31045000
chr2	31050000	31060000	2.717850933486438	31055000
chr2	31060000	31070000	3.365828077659416	31065000
chr2	31070000	31080000	3.7801636021453233	31075000
chr2	31080000	31090000	3.0895905274423234	31085000
chr2	31090000	31100000	3.3522616625708967	31095000
chr2	31100000	31110000	2.3606473702027473	31105000
chr2	31110000	31120000	2.5229089213211733	31115000
chr2	31120000	31130000	2.103618425052951	31125000
chr2	31130000	31140000	2.3388425176237484	31135000
chr2	31140000	31150000	2.524741570806928	31145000
chr2	31150000	31160000	2.1723576126591446	31155000
chr2	31160000	31170000	2.087099181531442	31165000
chr2	31170000	31180000	2.865102232011681	31175000
chr2	31180000	31190000	2.7686593617600654	31185000
chr2	31190000	31200000	2.3524002424028394	31195000
chr2	31200000	31210000	1.6150524887587259	31205000
chr2	31210000	31220000	1.5055214389297418	31215000
chr2	31220000	31230000	3.1479596818827393	31225000
chr2	31230000	31240000	4.4261273697624075	31235000
chr2	31240000	31250000	2.7200404538393186	31245000
chr2	31250000	31260000	4.005054590631081	31255000
chr2	31260000	31270000	2.218779491918049	31265000
chr2	31270000	31280000	1.597769171612305	31275000
chr2	31280000	31290000	2.970458444788264	31285000
chr2	31290000	31300000	2.3263397880630086	31295000
chr2	31300000	31310000	1.7025365295859132	31305000
chr2	31310000	31320000	2.5268164063643828	31315000
chr2	31320000	31330000	3.149482173202211	31325000
chr2	31330000	31340000	4.655038927040365	31335000
chr2	31340000	31350000	5.952080276721859	31345000
chr2	31350000	31360000	2.9347673758552313	31355000
chr2	31360000	31370000	3.9033229211858473	31365000
chr2	31370000	31380000	3.3001352530524586	31375000
chr2	31380000	31390000	3.739579691946007	31385000
chr2	31390000	31400000	2.9489693773679213	31395000
chr2	31400000	31410000	4.429457495661588	31405000
chr2	31410000	31420000	3.7278988432813933	31415000
chr2	31420000	31430000	3.9942061289410766	31425000
chr2	31430000	31440000	3.278275443894993	31435000
chr2	31440000	31450000	4.007389780865706	31445000
chr2	31450000	31460000	2.9276587154190503	31455000
chr2	31460000	31470000	3.826066841757138	31465000
chr2	31470000	31480000	2.7497878940523517	31475000
chr2	31480000	31490000	2.8074845940315956	31485000
chr2	31490000	31500000	2.949428630263091	31495000
chr2	31500000	31510000	2.701226257461633	31505000
chr2	31510000	31520000	1.741107373034415	31515000
chr2	31520000	31530000	2.7963723194233827	31525000
chr2	31530000	31540000	2.6581317808230707	31535000
chr2	31540000	31550000	2.861744015968981	31545000
chr2	31550000	31560000	2.20862304187254	31555000
chr2	31560000	31570000	3.7185562870797115	31565000
chr2	31570000	31580000	2.0195663686361454	31575000
chr2	31580000	31590000	3.1821203317650295	31585000
chr2	31590000	31600000	2.337120745684151	31595000
chr2	31600000	31610000	1.688264521929806	31605000
chr2	31610000	31620000	1.6495658543654956	31615000
chr2	31620000	31630000	2.4331120717577943	31625000
chr2	31630000	31640000	6.814698817782355	31635000
chr2	31640000	31650000	2.4917963983146927	31645000
chr2	31650000	31660000	2.032117671068999	31655000
chr2	31660000	31670000	8.002488011359528	31665000
chr2	31670000	31680000	2.815392310895622	31675000
chr2	31680000	31690000	2.806738744359816	31685000
chr2	31690000	31700000	2.4487688457512053	31695000
chr2	31700000	31710000	3.773004055405961	31705000
chr2	31710000	31720000	10.129891616219055	31715000
chr2	31720000	31730000	2.898675820310587	31725000
chr2	31730000	31740000	2.1374908507536308	31735000
chr2	31740000	31750000	1.6214198681342658	31745000
chr2	31750000	31760000	2.9105733417043718	31755000
chr2	31760000	31770000	2.729640512701708	31765000
chr2	31770000	31780000	3.4392769345308243	31775000
chr2	31780000	31790000	3.632508181477629	31785000
chr2	31790000	31800000	2.1346091855681735	31795000
chr2	31800000	31810000	7.547875357428142	31805000
chr2	31810000	31820000	10.451461168204391	31815000
chr2	31820000	31830000	3.541735004308826	31825000
chr2	31830000	31840000	3.0241949689940144	31835000
chr2	31840000	31850000	3.0335115891484143	31845000
chr2	31850000	31860000	2.3536478180779783	31855000
chr2	31860000	31870000	2.7531094216651724	31865000
chr2	31870000	31880000	12.862290086294895	31875000
chr2	31880000	31890000	13.094317189396454	31885000
chr2	31890000	31900000	4.385849818816467	31895000
chr2	31900000	31910000	2.8260472761100126	31905000
chr2	31910000	31920000	3.51796167216625	31915000
chr2	31920000	31930000	3.226429605512056	31925000
chr2	31930000	31940000	2.3971758235688343	31935000
chr2	31940000	31950000	2.3574023956717345	31945000
chr2	31950000	31960000	3.7962925848005997	31955000
chr2	31960000	31970000	15.745236287974175	31965000
chr2	31970000	31980000	8.280165871470889	31975000
chr2	31980000	31990000	4.317027134015401	31985000
chr2	31990000	32000000	5.221654695370493	31995000
chr2	32000000	32010000	5.286192369816259	32005000
chr2	32010000	32020000	5.73267588584405	32015000
chr2	32020000	32030000	6.252635522468489	32025000
chr2	32030000	32040000	6.794320299254072	32035000
chr2	32040000	32050000	6.88582579959451	32045000
chr2	32050000	32060000	4.592988110486858	32055000
chr2	32060000	32070000	7.1134545826199895	32065000
chr2	32070000	32080000	4.739996346478074	32075000
chr2	32080000	32090000	6.914488219066173	32085000
chr2	32090000	32100000	6.94235723069191	32095000
chr2	32100000	32110000	8.98408865730948	32105000
chr2	32110000	32120000	11.341746572240355	32115000
chr2	32120000	32130000	4.52005201778681	32125000
chr2	32130000	32140000	6.557828931741314	32135000
chr2	32140000	32150000	8.928810584552597	32145000
chr2	32150000	32160000	8.465809602386253	32155000
chr2	32160000	32170000	5.757592743626881	32165000
chr2	32170000	32180000	7.067525545215428	32175000
chr2	32180000	32190000	6.3230034206312835	32185000
chr2	32190000	32200000	6.661340988689782	32195000
chr2	32200000	32210000	5.419276748010684	32205000
chr2	32210000	32220000	6.81367692967423	32215000
chr2	32220000	32230000	5.651323910876969	32225000
chr2	32230000	32240000	5.461412802736192	32235000
chr2	32240000	32250000	5.971916974791605	32245000
chr2	32250000	32260000	6.648820442902103	32255000
chr2	32260000	32270000	10.01318163124071	32265000
chr2	32270000	32280000	7.231089588130228	32275000
chr2	32280000	32290000	4.980357273219426	32285000
chr2	32290000	32300000	4.390755235441192	32295000
chr2	32300000	32310000	5.797570828139689	32305000
chr2	32310000	32320000	9.243113138129129	32315000
chr2	32320000	32330000	8.004400695862616	32325000
chr2	32330000	32340000	7.528453645633574	32335000
chr2	32340000	32350000	8.204358767480722	32345000
chr2	32350000	32360000	9.081886055198757	32355000
chr2	32360000	32370000	6.084867220349536	32365000
chr2	32370000	32380000	6.955400943786124	32375000
chr2	32380000	32390000	8.567097834617483	32385000
chr2	32390000	32400000	5.253611067990907	32395000
chr2	32400000	32410000	5.0426953648555655	32405000
chr2	32410000	32420000	6.642509398717071	32415000
chr2	32420000	32430000	7.146738102962434	32425000
chr2	32430000	32440000	8.072571790952166	32435000
chr2	32440000	32450000	5.698293269477837	32445000
chr2	32450000	32460000	11.047800355917813	32455000
chr2	32460000	32470000	9.916760428578137	32465000
chr2	32470000	32480000	4.69728719433405	32475000
chr2	32480000	32490000	6.4576225181536975	32485000
chr2	32490000	32500000	3.8246262047975557	32495000
chr2	32500000	32510000	5.600694557131765	32505000
chr2	32510000	32520000	3.7959725254087364	32515000
chr2	32520000	32530000	4.375132732977928	32525000
chr2	32530000	32540000	6.3559799708201234	32535000
chr2	32540000	32550000	9.73345894538635	32545000
chr2	32550000	32560000	6.85304108163383	32555000
chr2	32560000	32570000	12.785186618688332	32565000
chr2	32570000	32580000	6.470917022853471	32575000
chr2	32580000	32590000	6.741214914759456	32585000
chr2	32590000	32600000	7.744050231093791	32595000
chr2	32600000	32610000	5.753678157830395	32605000
chr2	32610000	32620000	5.425007609182955	32615000
chr2	32620000	32630000	8.20150565537039	32625000
chr2	32630000	32640000	6.6637356142620865	32635000
chr2	32640000	32650000	7.425985629663534	32645000
chr2	32650000	32660000	7.527637446862742	32655000
chr2	32660000	32670000	9.842795126021278	32665000
chr2	32670000	32680000	5.624002575310323	32675000
chr2	32680000	32690000	5.156003393081009	32685000
chr2	32690000	32700000	5.873608196917158	32695000
chr2	32700000	32710000	4.959894190999069	32705000
chr2	32710000	32720000	3.5064732792775666	32715000
chr2	32720000	32730000	5.855782303690287	32725000
chr2	32730000	32740000	6.826099449407343	32735000
chr2	32740000	32750000	4.647408314395209	32745000
chr2	32750000	32760000	3.6197578918329465	32755000
chr2	32760000	32770000	4.305719786981404	32765000
chr2	32770000	32780000	4.684206106619794	32775000
chr2	32780000	32790000	4.3174374215857725	32785000
chr2	32790000	32800000	5.374537107530198	32795000
chr2	32800000	32810000	4.752065047378903	32805000
chr2	32810000	32820000	4.67695079775706	32815000
chr2	32820000	32830000	5.421262154351875	32825000
chr2	32830000	32840000	8.712853845270184	32835000
chr2	32840000	32850000	9.559165339006483	32845000
chr2	32850000	32860000	8.050848204834837	32855000
chr2	32860000	32870000	5.474313817637562	32865000
chr2	32870000	32880000	4.330364443370697	32875000
chr2	32880000	32890000	4.546533418505901	32885000
chr2	32890000	32900000	3.8343219628007303	32895000
chr2	32900000	32910000	3.654175291518414	32905000
chr2	32910000	32920000	2.2644681195843144	32915000
chr2	32920000	32930000	3.5413437043728435	32925000
chr2	32930000	32940000	6.729517433762726	32935000
chr2	32940000	32950000	8.734997466144172	32945000
chr2	32950000	32960000	1.9645042958623837	32955000
chr2	32960000	32970000	17.042853592848857	32965000
chr2	32970000	32980000	1.2720072285067434	32975000
chr2	32980000	32990000	5.257232610974087	32985000
chr2	32990000	33000000	8.241640492802029	32995000
chr2	33000000	33010000	2.698989122289141	33005000
chr2	33010000	33020000	4.633908359100863	33015000
chr2	33020000	33030000	8.26369381190603	33025000
chr2	33030000	33040000	7.892995144871603	33035000
chr2	33040000	33050000	7.690861250784434	33045000
chr2	33050000	33060000	7.242110480043178	33055000
chr2	33060000	33070000	4.132556388364323	33065000
chr2	33070000	33080000	10.50195967966735	33075000
chr2	33080000	33090000	7.946193698071422	33085000
chr2	33090000	33100000	4.937463493620948	33095000
chr2	33100000	33110000	2.7341459060852973	33105000
chr2	33110000	33120000	7.181280837531115	33115000
chr2	33120000	33130000	7.722893059117013	33125000
chr2	33130000	33140000	10.883894540318424	33135000
chr2	33140000	33150000	5.763721776302054	33145000
chr2	33150000	33160000	3.219185750456415	33155000
chr2	33160000	33170000	1.8830311495346714	33165000
chr2	33170000	33180000	2.3251979268294383	33175000
chr2	33180000	33190000	1.5661280545866432	33185000
chr2	33190000	33200000	2.3852716812783927	33195000
chr2	33200000	33210000	4.217748397122243	33205000
chr2	33210000	33220000	3.1599440919034443	33215000
chr2	33220000	33230000	3.935689826093663	33225000
chr2	33230000	33240000	3.44917997610417	33235000
chr2	33240000	33250000	4.298862341108208	33245000
chr2	33250000	33260000	12.173897493547187	33255000
chr2	33260000	33270000	9.339838067524553	33265000
chr2	33270000	33280000	3.9489151170455465	33275000
chr2	33280000	33290000	3.9778819324476635	33285000
chr2	33290000	33300000	4.660360802468918	33295000
chr2	33300000	33310000	10.736950635141639	33305000
chr2	33310000	33320000	5.166595960577264	33315000
chr2	33320000	33330000	5.616620669513956	33325000
chr2	33330000	33340000	5.858862378916449	33335000
chr2	33340000	33350000	3.2118719648468	33345000
chr2	33350000	33360000	3.6324146832567896	33355000
chr2	33360000	33370000	4.466106846342897	33365000
chr2	33370000	33380000	12.099338124411695	33375000
chr2	33380000	33390000	6.138050985863094	33385000
chr2	33390000	33400000	6.220698265285801	33395000
chr2	33400000	33410000	2.7501102776350987	33405000
chr2	33410000	33420000	5.7817743563252835	33415000
chr2	33420000	33430000	1.8510459586619974	33425000
chr2	33430000	33440000	1.2456288475718482	33435000
chr2	33440000	33450000	1.8721999660913236	33445000
chr2	33450000	33460000	0.5732756443013878	33455000
chr2	33460000	33470000	1.4605638696814571	33465000
chr2	33470000	33480000	1.1215281312222072	33475000
chr2	33480000	33490000	1.2371386608635686	33485000
chr2	33490000	33500000	1.0305440025936725	33495000
chr2	33500000	33510000	2.6600031178011396	33505000
chr2	33510000	33520000	1.6579198679256035	33515000
chr2	33520000	33530000	1.9160326417753593	33525000
chr2	33530000	33540000	2.430850937698761	33535000
chr2	33540000	33550000	2.965580626230168	33545000
chr2	33550000	33560000	3.1601374409826075	33555000
chr2	33560000	33570000	2.262111669861241	33565000
chr2	33570000	33580000	9.539729770018322	33575000
chr2	33580000	33590000	6.843176317811135	33585000
chr2	33590000	33600000	4.556417800816078	33595000
chr2	33600000	33610000	2.2149829321382652	33605000
chr2	33610000	33620000	1.7530339839802718	33615000
chr2	33620000	33630000	2.572689467796058	33625000
chr2	33630000	33640000	3.4377894565199583	33635000
chr2	33640000	33650000	2.3312795901618513	33645000
chr2	33650000	33660000	4.027806845067391	33655000
chr2	33660000	33670000	1.6600247256814777	33665000
chr2	33670000	33680000	2.2665573936548746	33675000
chr2	33680000	33690000	3.7961791586037226	33685000
chr2	33690000	33700000	3.697629729393526	33695000
chr2	33700000	33710000	2.846085115949063	33705000
chr2	33710000	33720000	3.0873507750166507	33715000
chr2	33720000	33730000	1.4108347320384615	33725000
chr2	33730000	33740000	1.9224219815835897	33735000
chr2	33740000	33750000	2.377255133555284	33745000
chr2	33750000	33760000	4.74916086896672	33755000
chr2	33760000	33770000	3.3495496095775112	33765000
chr2	33770000	33780000	2.696214838314299	33775000
chr2	33780000	33790000	2.916504120764261	33785000
chr2	33790000	33800000	1.301884048471169	33795000
chr2	33800000	33810000	1.6001503158065113	33805000
chr2	33810000	33820000	1.9797951043746114	33815000
chr2	33820000	33830000	1.7578325949726892	33825000
chr2	33830000	33840000	2.2661320669896603	33835000
chr2	33840000	33850000	2.440166899210356	33845000
chr2	33850000	33860000	1.6504297634830676	33855000
chr2	33860000	33870000	8.270353415061633	33865000
chr2	33870000	33880000	3.373767220422666	33875000
chr2	33880000	33890000	2.3922542271817946	33885000
chr2	33890000	33900000	1.9102621019324708	33895000
chr2	33900000	33910000	2.4784613340127084	33905000
chr2	33910000	33920000	0.5511851497725306	33915000
chr2	33920000	33930000	1.1343028211977801	33925000
chr2	33930000	33940000	2.1416649798347693	33935000
chr2	33940000	33950000	1.4338555322513402	33945000
chr2	33950000	33960000	1.5467898553382822	33955000
chr2	33960000	33970000	2.4463156190496504	33965000
chr2	33970000	33980000	1.9433756951126286	33975000
chr2	33980000	33990000	2.040321235082173	33985000
chr2	33990000	34000000	1.9993353306719288	33995000
chr2	34000000	34010000	1.8376506817385596	34005000
chr2	34010000	34020000	1.1840726123887675	34015000
chr2	34020000	34030000	0.9305978502158389	34025000
chr2	34030000	34040000	1.7816870881510751	34035000
chr2	34040000	34050000	2.7254896369147814	34045000
chr2	34050000	34060000	2.952611841056594	34055000
chr2	34060000	34070000	1.4164301779249728	34065000
chr2	34070000	34080000	1.4019915781880974	34075000
chr2	34080000	34090000	1.61891211523726	34085000
chr2	34090000	34100000	1.7155678014231805	34095000
chr2	34100000	34110000	1.3095899980404135	34105000
chr2	34110000	34120000	1.7990485597296784	34115000
chr2	34120000	34130000	1.3268627379993958	34125000
chr2	34130000	34140000	1.6080915589461295	34135000
chr2	34140000	34150000	1.2879047601707485	34145000
chr2	34150000	34160000	2.091371900630609	34155000
chr2	34160000	34170000	1.4147763324831524	34165000
chr2	34170000	34180000	2.492436630144452	34175000
chr2	34180000	34190000	2.1089100233725024	34185000
chr2	34190000	34200000	1.1329058253003939	34195000
chr2	34200000	34210000	1.8732250964020032	34205000
chr2	34210000	34220000	1.9773263906567038	34215000
chr2	34220000	34230000	2.6167374436984208	34225000
chr2	34230000	34240000	2.5539432164287397	34235000
chr2	34240000	34250000	3.352007147393814	34245000
chr2	34250000	34260000	1.6643769722395791	34255000
chr2	34260000	34270000	2.2748492784365957	34265000
chr2	34270000	34280000	1.9009225112698263	34275000
chr2	34280000	34290000	2.4712705146842535	34285000
chr2	34290000	34300000	3.0461076214364673	34295000
chr2	34300000	34310000	2.4254055697285333	34305000
chr2	34310000	34320000	2.918570761121062	34315000
chr2	34320000	34330000	2.2143313070410953	34325000
chr2	34330000	34340000	6.898832754249562	34335000
chr2	34340000	34350000	5.2653249293567015	34345000
chr2	34350000	34360000	3.656163497877992	34355000
chr2	34360000	34370000	4.144879655988234	34365000
chr2	34370000	34380000	4.003736087720916	34375000
chr2	34380000	34390000	1.6614157897906436	34385000
chr2	34390000	34400000	1.8260784716049088	34395000
chr2	34400000	34410000	1.501142708901756	34405000
chr2	34410000	34420000	5.153795391311435	34415000
chr2	34420000	34430000	1.2196707064014864	34425000
chr2	34430000	34440000	0.6260212367487992	34435000
chr2	34440000	34450000	2.885125963817895	34445000
chr2	34450000	34460000	2.326213855072007	34455000
chr2	34460000	34470000	3.499921316200391	34465000
chr2	34470000	34480000	1.8061076987442828	34475000
chr2	34480000	34490000	1.6220057903532525	34485000
chr2	34490000	34500000	7.496971419567464	34495000
chr2	34500000	34510000	5.673574508833329	34505000
chr2	34510000	34520000	3.81730905539537	34515000
chr2	34520000	34530000	4.517586636769047	34525000
chr2	34530000	34540000	4.923746943193319	34535000
chr2	34540000	34550000	5.586568517364361	34545000
chr2	34550000	34560000	2.5920098286179947	34555000
chr2	34560000	34570000	6.110552839078079	34565000
chr2	34570000	34580000	2.569116599492697	34575000
chr2	34580000	34590000	3.3645884125160466	34585000
chr2	34590000	34600000	4.409932235741183	34595000
chr2	34600000	34610000	2.1256840223035485	34605000
chr2	34610000	34620000	5.263611593571381	34615000
chr2	34620000	34630000	2.144312394257771	34625000
chr2	34630000	34640000	1.7051238035466498	34635000
chr2	34640000	34650000	1.4668310166508696	34645000
chr2	34650000	34660000	0.9777950499730004	34655000
chr2	34660000	34670000	2.624868796982837	34665000
chr2	34670000	34680000	2.68290599571796	34675000
chr2	34680000	34690000	2.5806351211775795	34685000
chr2	34690000	34700000	2.204306106783975	34695000
chr2	34700000	34710000	2.7349393738163847	34705000
chr2	34710000	34720000	2.706860246060174	34715000
chr2	34720000	34730000	2.7131425521890162	34725000
chr2	34730000	34740000	3.4829772745081846	34735000
chr2	34740000	34750000	1.6246288344555038	34745000
chr2	34750000	34760000	4.562065818634128	34755000
chr2	34760000	34770000	4.02834194832755	34765000
chr2	34770000	34780000	2.3001152422225393	34775000
chr2	34780000	34790000	3.3750347069718454	34785000
chr2	34790000	34800000	3.08591978320934	34795000
chr2	34800000	34810000	2.599438128036741	34805000
chr2	34810000	34820000	4.464283648469603	34815000
chr2	34820000	34830000	2.8497111012868905	34825000
chr2	34830000	34840000	3.6113923983144987	34835000
chr2	34840000	34850000	3.0879772605835294	34845000
chr2	34850000	34860000	2.09549160868694	34855000
chr2	34860000	34870000	2.1025007055045153	34865000
chr2	34870000	34880000	3.4611026711370054	34875000
chr2	34880000	34890000	2.172832747426629	34885000
chr2	34890000	34900000	1.5098045765036847	34895000
chr2	34900000	34910000	1.8832218057631251	34905000
chr2	34910000	34920000	1.2808357597124058	34915000
chr2	34920000	34930000	1.7677505597560792	34925000
chr2	34930000	34940000	1.9176486447845917	34935000
chr2	34940000	34950000	2.3798531753529106	34945000
chr2	34950000	34960000	1.6309267487564534	34955000
chr2	34960000	34970000	5.205823491695932	34965000
chr2	34970000	34980000	2.34894774434104	34975000
chr2	34980000	34990000	2.133987963481936	34985000
chr2	34990000	35000000	1.9307614278855891	34995000
chr2	35000000	35010000	2.2078585490697917	35005000
chr2	35010000	35020000	1.4896768894388923	35015000
chr2	35020000	35030000	2.3831802077546906	35025000
chr2	35030000	35040000	2.3966385246367765	35035000
chr2	35040000	35050000	3.8037053729279	35045000
chr2	35050000	35060000	1.7206861246386318	35055000
chr2	35060000	35070000	3.6814977438039724	35065000
chr2	35070000	35080000	3.547061314937516	35075000
chr2	35080000	35090000	3.5179343318882617	35085000
chr2	35090000	35100000	3.064468255226462	35095000
chr2	35100000	35110000	3.2146919433276793	35105000
chr2	35110000	35120000	2.6383225473411414	35115000
chr2	35120000	35130000	3.7700590139528796	35125000
chr2	35130000	35140000	5.192853955980256	35135000
chr2	35140000	35150000	4.207567204879237	35145000
chr2	35150000	35160000	4.315721272891017	35155000
chr2	35160000	35170000	2.895198069416764	35165000
chr2	35170000	35180000	11.84918229219508	35175000
chr2	35180000	35190000	9.98808920808741	35185000
chr2	35190000	35200000	5.246390207916428	35195000
chr2	35200000	35210000	2.4339167506009964	35205000
chr2	35210000	35220000	4.676567695089177	35215000
chr2	35220000	35230000	3.926001884156268	35225000
chr2	35230000	35240000	3.2088445182905905	35235000
chr2	35240000	35250000	15.762658294453534	35245000
chr2	35250000	35260000	4.575669013715811	35255000
chr2	35260000	35270000	1.8446179401358769	35265000
chr2	35270000	35280000	3.785403232351179	35275000
chr2	35280000	35290000	4.790286153729424	35285000
chr2	35290000	35300000	3.7525337737949225	35295000
chr2	35300000	35310000	6.2573477680797955	35305000
chr2	35310000	35320000	6.274697177930072	35315000
chr2	35320000	35330000	3.9061341198553614	35325000
chr2	35330000	35340000	3.1269938949465965	35335000
chr2	35340000	35350000	3.254451487814261	35345000
chr2	35350000	35360000	6.422555245124745	35355000
chr2	35360000	35370000	5.350788198857201	35365000
chr2	35370000	35380000	3.973788517508893	35375000
chr2	35380000	35390000	3.77634566313797	35385000
chr2	35390000	35400000	4.001050901058591	35395000
chr2	35400000	35410000	1.4595418774698288	35405000
chr2	35410000	35420000	3.213271091091201	35415000
chr2	35420000	35430000	3.3216838341008557	35425000
chr2	35430000	35440000	3.424753695513102	35435000
chr2	35440000	35450000	1.6131518364041384	35445000
chr2	35450000	35460000	2.2735642902409867	35455000
chr2	35460000	35470000	2.5769016164828926	35465000
chr2	35470000	35480000	2.4142570808240245	35475000
chr2	35480000	35490000	1.6659512248035504	35485000
chr2	35490000	35500000	1.3933404446089053	35495000
chr2	35500000	35510000	1.9828910394512236	35505000
chr2	35510000	35520000	0.9232046645162203	35515000
chr2	35520000	35530000	2.4545374370744493	35525000
chr2	35530000	35540000	2.551299171086747	35535000
chr2	35540000	35550000	2.169633277000055	35545000
chr2	35550000	35560000	2.300686889884719	35555000
chr2	35560000	35570000	2.2148557919796863	35565000
chr2	35570000	35580000	3.114083952280317	35575000
chr2	35580000	35590000	3.2258153326789065	35585000
chr2	35590000	35600000	4.139177250659796	35595000
chr2	35600000	35610000	4.377649079388067	35605000
chr2	35610000	35620000	2.2664767915661574	35615000
chr2	35620000	35630000	3.5931457982869666	35625000
chr2	35630000	35640000	2.6017879601998253	35635000
chr2	35640000	35650000	1.6354073123135058	35645000
chr2	35650000	35660000	3.4695100714953178	35655000
chr2	35660000	35670000	1.1722769455909334	35665000
chr2	35670000	35680000	5.623874435586191	35675000
chr2	35680000	35690000	5.284586122387371	35685000
chr2	35690000	35700000	6.715158611356139	35695000
chr2	35700000	35710000	4.389996429504892	35705000
chr2	35710000	35720000	1.3429120775513195	35715000
chr2	35720000	35730000	3.184860331240809	35725000
chr2	35730000	35740000	4.185041042455663	35735000
chr2	35740000	35750000	45.907718428406824	35745000
chr2	35750000	35760000	0.00024026721765914853	35755000
chr2	35760000	35770000	0.0002270536773974523	35765000
chr2	35770000	35780000	4.233420625306275	35775000
chr2	35780000	35790000	2.3761528769335114	35785000
chr2	35790000	35800000	3.43341161670558	35795000
chr2	35800000	35810000	1.568258226808314	35805000
chr2	35810000	35820000	2.991405563961726	35815000
chr2	35820000	35830000	0.9489198042010184	35825000
chr2	35830000	35840000	1.6352231988374575	35835000
chr2	35840000	35850000	1.6456647970749558	35845000
chr2	35850000	35860000	1.4619032064069384	35855000
chr2	35860000	35870000	3.13413405297033	35865000
chr2	35870000	35880000	3.7216635669428926	35875000
chr2	35880000	35890000	6.234997532329154	35885000
chr2	35890000	35900000	6.749655983625924	35895000
chr2	35900000	35910000	1.8564155565008678	35905000
chr2	35910000	35920000	2.68341520382156	35915000
chr2	35920000	35930000	4.734296759967274	35925000
chr2	35930000	35940000	2.8308986100954314	35935000
chr2	35940000	35950000	1.1041328260097112	35945000
chr2	35950000	35960000	8.171158234017057	35955000
chr2	35960000	35970000	6.15001366481257	35965000
chr2	35970000	35980000	2.2561898786881973	35975000
chr2	35980000	35990000	1.9093247783506364	35985000
chr2	35990000	36000000	4.0123466106947125	35995000
chr2	36000000	36010000	5.920935011606819	36005000
chr2	36010000	36020000	4.256174865041545	36015000
chr2	36020000	36030000	4.390150726445687	36025000
chr2	36030000	36040000	5.317041963680774	36035000
chr2	36040000	36050000	2.6883979968387224	36045000
chr2	36050000	36060000	1.6668871967982088	36055000
chr2	36060000	36070000	7.563495463106278	36065000
chr2	36070000	36080000	1.038955163948593	36075000
chr2	36080000	36090000	0.5384036682179161	36085000
chr2	36090000	36100000	0.919532483234333	36095000
chr2	36100000	36110000	1.4941226069964568	36105000
chr2	36110000	36120000	5.347859704559889	36115000
chr2	36120000	36130000	3.015259660144766	36125000
chr2	36130000	36140000	1.4333308198186732	36135000
chr2	36140000	36150000	2.964616797458866	36145000
chr2	36150000	36160000	1.9370464308091633	36155000
chr2	36160000	36170000	0.7766477066744583	36165000
chr2	36170000	36180000	0.430508224577804	36175000
chr2	36180000	36190000	0.7902324447433082	36185000
chr2	36190000	36200000	1.0973013815705466	36195000
chr2	36200000	36210000	1.2203749579869518	36205000
chr2	36210000	36220000	1.9044677579307119	36215000
chr2	36220000	36230000	3.815454286545493	36225000
chr2	36230000	36240000	2.4298182732749964	36235000
chr2	36240000	36250000	13.074812039117491	36245000
chr2	36250000	36260000	3.631262933630051	36255000
chr2	36260000	36270000	4.5488511539473	36265000
chr2	36270000	36280000	7.226940145870532	36275000
chr2	36280000	36290000	1.6343238330151741	36285000
chr2	36290000	36300000	2.215010869076331	36295000
chr2	36300000	36310000	9.952492987437722	36305000
chr2	36310000	36320000	10.156287738530898	36315000
chr2	36320000	36330000	2.8115246428257095	36325000
chr2	36330000	36340000	6.268747410556554	36335000
chr2	36340000	36350000	9.4845446860255	36345000
chr2	36350000	36360000	8.612551711519975	36355000
chr2	36360000	36370000	3.848476525809079	36365000
chr2	36370000	36380000	4.413164523389999	36375000
chr2	36380000	36390000	19.604648251345644	36385000
chr2	36390000	36400000	3.7167312440431104	36395000
chr2	36400000	36410000	4.563914900630913	36405000
chr2	36410000	36420000	1.8176823839828757	36415000
chr2	36420000	36430000	2.9326008428504644	36425000
chr2	36430000	36440000	4.71496947246236	36435000
chr2	36440000	36450000	3.776763268001472	36445000
chr2	36450000	36460000	1.7001891764588346	36455000
chr2	36460000	36470000	6.647644233799975	36465000
chr2	36470000	36480000	2.5401002877513252	36475000
chr2	36480000	36490000	3.07907449687862	36485000
chr2	36490000	36500000	3.6799441951398686	36495000
chr2	36500000	36510000	3.3346879743740345	36505000
chr2	36510000	36520000	2.353430855529901	36515000
chr2	36520000	36530000	3.5217051818891685	36525000
chr2	36530000	36540000	9.730853246213565	36535000
chr2	36540000	36550000	10.914684696044159	36545000
chr2	36550000	36560000	4.62927176081014	36555000
chr2	36560000	36570000	3.243429569420207	36565000
chr2	36570000	36580000	3.966245243550903	36575000
chr2	36580000	36590000	5.65757049891311	36585000
chr2	36590000	36600000	5.307718933977204	36595000
chr2	36600000	36610000	4.733146569822276	36605000
chr2	36610000	36620000	4.531758062290552	36615000
chr2	36620000	36630000	5.178174882000808	36625000
chr2	36630000	36640000	5.257787889713097	36635000
chr2	36640000	36650000	5.218735164410206	36645000
chr2	36650000	36660000	7.3522618151776	36655000
chr2	36660000	36670000	3.5543645399912203	36665000
chr2	36670000	36680000	1.2123675051459637	36675000
chr2	36680000	36690000	10.019743089611431	36685000
chr2	36690000	36700000	4.044860774523548	36695000
chr2	36700000	36710000	1.7971085153030482	36705000
chr2	36710000	36720000	2.3187984126317023	36715000
chr2	36720000	36730000	3.443531575074898	36725000
chr2	36730000	36740000	4.060616938272117	36735000
chr2	36740000	36750000	4.244667729046465	36745000
chr2	36750000	36760000	3.5571028727749523	36755000
chr2	36760000	36770000	4.928506306909236	36765000
chr2	36770000	36780000	20.524418411801992	36775000
chr2	36780000	36790000	5.947478831879299	36785000
chr2	36790000	36800000	4.6889473528457435	36795000
chr2	36800000	36810000	4.349758876242114	36805000
chr2	36810000	36820000	4.164841570228967	36815000
chr2	36820000	36830000	5.131081809272086	36825000
chr2	36830000	36840000	6.631348808625687	36835000
chr2	36840000	36850000	6.287082189677897	36845000
chr2	36850000	36860000	4.884862850685541	36855000
chr2	36860000	36870000	4.843183542921192	36865000
chr2	36870000	36880000	4.975024938447896	36875000
chr2	36880000	36890000	4.130878204357199	36885000
chr2	36890000	36900000	7.468113622243163	36895000
chr2	36900000	36910000	6.756943569222433	36905000
chr2	36910000	36920000	4.345349945164558	36915000
chr2	36920000	36930000	5.291771228097713	36925000
chr2	36930000	36940000	6.052029927503502	36935000
chr2	36940000	36950000	5.172753270318044	36945000
chr2	36950000	36960000	6.356482653637009	36955000
chr2	36960000	36970000	7.035233233097384	36965000
chr2	36970000	36980000	5.964713412391332	36975000
chr2	36980000	36990000	3.57034124753833	36985000
chr2	36990000	37000000	4.890069627035587	36995000
chr2	37000000	37010000	5.454024927801315	37005000
chr2	37010000	37020000	3.5482152784066168	37015000
chr2	37020000	37030000	15.686491620964206	37025000
chr2	37030000	37040000	5.167958446919584	37035000
chr2	37040000	37050000	6.827011782219157	37045000
chr2	37050000	37060000	1.9358094245672122	37055000
chr2	37060000	37070000	4.531609063943879	37065000
chr2	37070000	37080000	5.662618336757469	37075000
chr2	37080000	37090000	3.008366534168092	37085000
chr2	37090000	37100000	3.7881954760492813	37095000
chr2	37100000	37110000	2.3130884521144446	37105000
chr2	37110000	37120000	2.424717270295687	37115000
chr2	37120000	37130000	3.016689537456679	37125000
chr2	37130000	37140000	2.399028409172876	37135000
chr2	37140000	37150000	5.788662820782226	37145000
chr2	37150000	37160000	2.6951484579934224	37155000
chr2	37160000	37170000	1.4965028361301094	37165000
chr2	37170000	37180000	2.258763173070341	37175000
chr2	37180000	37190000	2.2865285869363285	37185000
chr2	37190000	37200000	3.910633569121304	37195000
chr2	37200000	37210000	9.950516830415703	37205000
chr2	37210000	37220000	2.608261600138583	37215000
chr2	37220000	37230000	3.6670742950888746	37225000
chr2	37230000	37240000	4.29581763107639	37235000
chr2	37240000	37250000	1.6652019191017995	37245000
chr2	37250000	37260000	1.4067819038742204	37255000
chr2	37260000	37270000	2.072767500834541	37265000
chr2	37270000	37280000	2.1782338919159105	37275000
chr2	37280000	37290000	1.6082832774551992	37285000
chr2	37290000	37300000	3.7002298605703694	37295000
chr2	37300000	37310000	1.8130734638041142	37305000
chr2	37310000	37320000	1.721135260214237	37315000
chr2	37320000	37330000	1.7149192267760596	37325000
chr2	37330000	37340000	3.1193504251990043	37335000
chr2	37340000	37350000	1.7690646788331126	37345000
chr2	37350000	37360000	1.5214472172862508	37355000
chr2	37360000	37370000	1.4075666913275324	37365000
chr2	37370000	37380000	1.4651317728728415	37375000
chr2	37380000	37390000	1.7612432440537502	37385000
chr2	37390000	37400000	1.310844880416258	37395000
chr2	37400000	37410000	1.891047973172691	37405000
chr2	37410000	37420000	1.672536243423142	37415000
chr2	37420000	37430000	1.810197253019687	37425000
chr2	37430000	37440000	1.3434469058205756	37435000
chr2	37440000	37450000	1.2366011582897314	37445000
chr2	37450000	37460000	1.8015392234646643	37455000
chr2	37460000	37470000	0.9187044956797983	37465000
chr2	37470000	37480000	0.9130068832567706	37475000
chr2	37480000	37490000	2.501237145821354	37485000
chr2	37490000	37500000	1.9097780787436147	37495000
chr2	37500000	37510000	0.9756788477331361	37505000
chr2	37510000	37520000	1.0695692713787097	37515000
chr2	37520000	37530000	2.0180102288102226	37525000
chr2	37530000	37540000	1.3360756853291638	37535000
chr2	37540000	37550000	2.4761541102868914	37545000
chr2	37550000	37560000	2.2141883106392215	37555000
chr2	37560000	37570000	2.2890924195743607	37565000
chr2	37570000	37580000	2.624496169720922	37575000
chr2	37580000	37590000	0.5208500562638757	37585000
chr2	37590000	37600000	0.7985705728433524	37595000
chr2	37600000	37610000	2.796779378195373	37605000
chr2	37610000	37620000	2.690137295059817	37615000
chr2	37620000	37630000	1.3799685284924421	37625000
chr2	37630000	37640000	1.455537156099586	37635000
chr2	37640000	37650000	1.9076939516524107	37645000
chr2	37650000	37660000	0.9007301543309656	37655000
chr2	37660000	37670000	0.8337325191109873	37665000
chr2	37670000	37680000	1.2305887032541003	37675000
chr2	37680000	37690000	0.7592821766379134	37685000
chr2	37690000	37700000	1.7103124589995053	37695000
chr2	37700000	37710000	0.7872816860081175	37705000
chr2	37710000	37720000	0.9459972732091805	37715000
chr2	37720000	37730000	1.919530416892652	37725000
chr2	37730000	37740000	1.7373841137616426	37735000
chr2	37740000	37750000	1.2173285827943159	37745000
chr2	37750000	37760000	1.2720612295735625	37755000
chr2	37760000	37770000	1.9582178908857055	37765000
chr2	37770000	37780000	0.8798771585875743	37775000
chr2	37780000	37790000	1.46762377285288	37785000
chr2	37790000	37800000	1.5566250278849714	37795000
chr2	37800000	37810000	2.592503999340859	37805000
chr2	37810000	37820000	1.8700267714491918	37815000
chr2	37820000	37830000	2.75927984648009	37825000
chr2	37830000	37840000	2.920606009392208	37835000
chr2	37840000	37850000	2.528645679019061	37845000
chr2	37850000	37860000	9.098052425775073	37855000
chr2	37860000	37870000	3.086254516969829	37865000
chr2	37870000	37880000	4.33139336132564	37875000
chr2	37880000	37890000	2.06678056535047	37885000
chr2	37890000	37900000	2.52159319205616	37895000
chr2	37900000	37910000	3.8515500386427344	37905000
chr2	37910000	37920000	1.6561739285951953	37915000
chr2	37920000	37930000	2.2877073682235465	37925000
chr2	37930000	37940000	1.4750383160966587	37935000
chr2	37940000	37950000	1.4066825091913484	37945000
chr2	37950000	37960000	1.5419127614336434	37955000
chr2	37960000	37970000	1.4067058576670544	37965000
chr2	37970000	37980000	2.5079205742280126	37975000
chr2	37980000	37990000	1.422737047824454	37985000
chr2	37990000	38000000	1.098506024799934	37995000
chr2	38000000	38010000	0.7813992887540849	38005000
chr2	38010000	38020000	0.8969232890890985	38015000
chr2	38020000	38030000	0.9838374816740213	38025000
chr2	38030000	38040000	1.0019981321755012	38035000
chr2	38040000	38050000	1.2640123445430695	38045000
chr2	38050000	38060000	1.4590226340510484	38055000
chr2	38060000	38070000	1.75314827456495	38065000
chr2	38070000	38080000	1.3161467384097612	38075000
chr2	38080000	38090000	1.663986355585954	38085000
chr2	38090000	38100000	1.2581175665331714	38095000
chr2	38100000	38110000	1.4574910827996372	38105000
chr2	38110000	38120000	0.9351323480058058	38115000
chr2	38120000	38130000	0.9850542434389719	38125000
chr2	38130000	38140000	1.5445769922257855	38135000
chr2	38140000	38150000	0.9745188061874562	38145000
chr2	38150000	38160000	1.458476819546168	38155000
chr2	38160000	38170000	0.6879018061456744	38165000
chr2	38170000	38180000	1.976268412214142	38175000
chr2	38180000	38190000	2.0750946769843406	38185000
chr2	38190000	38200000	1.8477138790535819	38195000
chr2	38200000	38210000	1.6506830821841874	38205000
chr2	38210000	38220000	2.50354165681057	38215000
chr2	38220000	38230000	1.6913213992334304	38225000
chr2	38230000	38240000	2.823810886975147	38235000
chr2	38240000	38250000	1.8273253998373358	38245000
chr2	38250000	38260000	1.2233577421126816	38255000
chr2	38260000	38270000	2.458720754286414	38265000
chr2	38270000	38280000	2.118055929977406	38275000
chr2	38280000	38290000	1.9680457159212343	38285000
chr2	38290000	38300000	5.800967804049526	38295000
chr2	38300000	38310000	1.2407210777569233	38305000
chr2	38310000	38320000	1.4715558456181248	38315000
chr2	38320000	38330000	2.6994556440959045	38325000
chr2	38330000	38340000	2.2924895144078024	38335000
chr2	38340000	38350000	3.3262930676358966	38345000
chr2	38350000	38360000	1.5376198520357605	38355000
chr2	38360000	38370000	1.993031411399198	38365000
chr2	38370000	38380000	1.0183479140814027	38375000
chr2	38380000	38390000	1.7982291928686447	38385000
chr2	38390000	38400000	2.024047168241004	38395000
chr2	38400000	38410000	1.1735105670438062	38405000
chr2	38410000	38420000	1.8699356106513891	38415000
chr2	38420000	38430000	2.8355375936844918	38425000
chr2	38430000	38440000	1.585269753093725	38435000
chr2	38440000	38450000	1.8808944405326187	38445000
chr2	38450000	38460000	3.1766467724293195	38455000
chr2	38460000	38470000	1.6276718031113677	38465000
chr2	38470000	38480000	3.5584006608927803	38475000
chr2	38480000	38490000	2.1874797712286465	38485000
chr2	38490000	38500000	1.874638962905226	38495000
chr2	38500000	38510000	2.007081954194931	38505000
chr2	38510000	38520000	1.7129176273954454	38515000
chr2	38520000	38530000	2.7086318250572763	38525000
chr2	38530000	38540000	1.768387478516621	38535000
chr2	38540000	38550000	13.247718059475924	38545000
chr2	38550000	38560000	1.9312665106197413	38555000
chr2	38560000	38570000	2.962579573101997	38565000
chr2	38570000	38580000	2.836716216747283	38575000
chr2	38580000	38590000	1.6870688448989775	38585000
chr2	38590000	38600000	2.2276071244729607	38595000
chr2	38600000	38610000	4.140791152747005	38605000
chr2	38610000	38620000	1.355111412636461	38615000
chr2	38620000	38630000	2.32675483529723	38625000
chr2	38630000	38640000	1.9085173644751592	38635000
chr2	38640000	38650000	1.8412183053235744	38645000
chr2	38650000	38660000	3.1980100802594804	38655000
chr2	38660000	38670000	2.8970367728811572	38665000
chr2	38670000	38680000	2.534270619369567	38675000
chr2	38680000	38690000	3.2482938363698586	38685000
chr2	38690000	38700000	6.019022941346998	38695000
chr2	38700000	38710000	3.1368827758074493	38705000
chr2	38710000	38720000	1.24626513065296	38715000
chr2	38720000	38730000	1.0237882948658261	38725000
chr2	38730000	38740000	11.78860799188383	38735000
chr2	38740000	38750000	3.941929004270753	38745000
chr2	38750000	38760000	2.41561008938054	38755000
chr2	38760000	38770000	4.873067520728328	38765000
chr2	38770000	38780000	5.416024354378952	38775000
chr2	38780000	38790000	5.5940942290576885	38785000
chr2	38790000	38800000	5.490993448506526	38795000
chr2	38800000	38810000	2.904574935644968	38805000
chr2	38810000	38820000	2.268951016026524	38815000
chr2	38820000	38830000	2.604371589075456	38825000
chr2	38830000	38840000	3.947601712402883	38835000
chr2	38840000	38850000	2.455295848040664	38845000
chr2	38850000	38860000	2.1850768209606453	38855000
chr2	38860000	38870000	2.6905180931854784	38865000
chr2	38870000	38880000	4.997446081627026	38875000
chr2	38880000	38890000	11.43433427951989	38885000
chr2	38890000	38900000	2.2038003716045016	38895000
chr2	38900000	38910000	4.01294171000976	38905000
chr2	38910000	38920000	4.403658486827857	38915000
chr2	38920000	38930000	8.034423415125202	38925000
chr2	38930000	38940000	4.537823930518286	38935000
chr2	38940000	38950000	5.568757411922119	38945000
chr2	38950000	38960000	2.13268244071489	38955000
chr2	38960000	38970000	3.0403059789335547	38965000
chr2	38970000	38980000	1.4978418531943631	38975000
chr2	38980000	38990000	6.2556823758728015	38985000
chr2	38990000	39000000	1.5169881434292116	38995000
chr2	39000000	39010000	0.8639954061841326	39005000
chr2	39010000	39020000	0.30061280608576846	39015000
chr2	39020000	39030000	0.903695083765223	39025000
chr2	39030000	39040000	0.5926615760534752	39035000
chr2	39040000	39050000	0.9947528666277187	39045000
chr2	39050000	39060000	7.0737262353168004	39055000
chr2	39060000	39070000	1.1346073465689588	39065000
chr2	39070000	39080000	5.418623955175802	39075000
chr2	39080000	39090000	2.0082636999986145	39085000
chr2	39090000	39100000	0.8500069962149917	39095000
chr2	39100000	39110000	2.0579608266981464	39105000
chr2	39110000	39120000	1.1074630888293715	39115000
chr2	39120000	39130000	0.8486987637890249	39125000
chr2	39130000	39140000	0.9429173714815917	39135000
chr2	39140000	39150000	0.9432691837839945	39145000
chr2	39150000	39160000	0.9950410603015604	39155000
chr2	39160000	39170000	3.7272135127468813	39165000
chr2	39170000	39180000	5.867306502405184	39175000
chr2	39180000	39190000	3.7719948485056682	39185000
chr2	39190000	39200000	8.414631544932885	39195000
chr2	39200000	39210000	2.3450162727110104	39205000
chr2	39210000	39220000	1.3946373536579104	39215000
chr2	39220000	39230000	9.962747418868519	39225000
chr2	39230000	39240000	2.2795553774435224	39235000
chr2	39240000	39250000	3.197840779419096	39245000
chr2	39250000	39260000	2.814526523033715	39255000
chr2	39260000	39270000	4.529712144527827	39265000
chr2	39270000	39280000	3.8359911136401026	39275000
chr2	39280000	39290000	3.995135829646523	39285000
chr2	39290000	39300000	3.312130911797158	39295000
chr2	39300000	39310000	2.0826194436283725	39305000
chr2	39310000	39320000	2.7492933874831196	39315000
chr2	39320000	39330000	2.455888792122247	39325000
chr2	39330000	39340000	4.135135962203843	39335000
chr2	39340000	39350000	3.0338278759345974	39345000
chr2	39350000	39360000	3.759468585920794	39355000
chr2	39360000	39370000	2.4421862069969578	39365000
chr2	39370000	39380000	2.706970510302177	39375000
chr2	39380000	39390000	3.4583230236482683	39385000
chr2	39390000	39400000	6.786526876660637	39395000
chr2	39400000	39410000	0.9131440397131376	39405000
chr2	39410000	39420000	1.6209891735821642	39415000
chr2	39420000	39430000	7.448296527737264	39425000
chr2	39430000	39440000	1.2298438798139515	39435000
chr2	39440000	39450000	0.6800376168640423	39445000
chr2	39450000	39460000	1.63639953782495	39455000
chr2	39460000	39470000	1.1192839778646295	39465000
chr2	39470000	39480000	0.2905862455070957	39475000
chr2	39480000	39490000	0.7761433997043767	39485000
chr2	39490000	39500000	0.6696725019219023	39495000
chr2	39500000	39510000	0.46871483681598575	39505000
chr2	39510000	39520000	0.527390827924734	39515000
chr2	39520000	39530000	1.4271701941184711	39525000
chr2	39530000	39540000	1.3007866293533756	39535000
chr2	39540000	39550000	0.7458383096524211	39545000
chr2	39550000	39560000	0.8190041503392828	39555000
chr2	39560000	39570000	0.9442887587377288	39565000
chr2	39570000	39580000	1.8038905756870929	39575000
chr2	39580000	39590000	1.6528859102156601	39585000
chr2	39590000	39600000	1.579407031590449	39595000
chr2	39600000	39610000	4.308498470853207	39605000
chr2	39610000	39620000	1.9113742139243972	39615000
chr2	39620000	39630000	2.030573916884385	39625000
chr2	39630000	39640000	1.939154180732336	39635000
chr2	39640000	39650000	1.1052807410780923	39645000
chr2	39650000	39660000	2.3712733452557724	39655000
chr2	39660000	39670000	2.946723269348838	39665000
chr2	39670000	39680000	2.1421789190908607	39675000
chr2	39680000	39690000	2.3053838356205842	39685000
chr2	39690000	39700000	4.134595355378986	39695000
chr2	39700000	39710000	2.7724015126387194	39705000
chr2	39710000	39720000	2.303717825700294	39715000
chr2	39720000	39730000	5.339496656426166	39725000
chr2	39730000	39740000	6.1241258752794305	39735000
chr2	39740000	39750000	4.044800255278718	39745000
chr2	39750000	39760000	3.0404586048420645	39755000
chr2	39760000	39770000	6.547032510729217	39765000
chr2	39770000	39780000	3.82802645203616	39775000
chr2	39780000	39790000	3.556917383546912	39785000
chr2	39790000	39800000	2.6464730875269735	39795000
chr2	39800000	39810000	3.1885033026622174	39805000
chr2	39810000	39820000	2.629757892573383	39815000
chr2	39820000	39830000	2.5552459848643503	39825000
chr2	39830000	39840000	6.059186173174657	39835000
chr2	39840000	39850000	3.7760208374509094	39845000
chr2	39850000	39860000	4.103568492877704	39855000
chr2	39860000	39870000	9.895981061240192	39865000
chr2	39870000	39880000	1.020063339312294	39875000
chr2	39880000	39890000	1.4493565181167365	39885000
chr2	39890000	39900000	1.251268591531817	39895000
chr2	39900000	39910000	1.9348310495292482	39905000
chr2	39910000	39920000	1.3932043900063433	39915000
chr2	39920000	39930000	1.2791061139030178	39925000
chr2	39930000	39940000	1.8960282153453818	39935000
chr2	39940000	39950000	2.4839369314959274	39945000
chr2	39950000	39960000	2.9718897331396588	39955000
chr2	39960000	39970000	2.087942561842473	39965000
chr2	39970000	39980000	2.0208516947464337	39975000
chr2	39980000	39990000	2.625179544919736	39985000
chr2	39990000	40000000	4.153967876741816	39995000
chr2	40000000	40010000	3.245413940801905	40005000
chr2	40010000	40020000	2.548983677712595	40015000
chr2	40020000	40030000	2.3448140455262454	40025000
chr2	40030000	40040000	1.837491549048133	40035000
chr2	40040000	40050000	2.167114773750244	40045000
chr2	40050000	40060000	2.27506932142659	40055000
chr2	40060000	40070000	1.1779892311872964	40065000
chr2	40070000	40080000	2.1507362834911676	40075000
chr2	40080000	40090000	2.1634904405937774	40085000
chr2	40090000	40100000	3.129227929685949	40095000
chr2	40100000	40110000	2.9923739932293136	40105000
chr2	40110000	40120000	1.5884022486199663	40115000
chr2	40120000	40130000	1.3544084249071615	40125000
chr2	40130000	40140000	1.385237844272508	40135000
chr2	40140000	40150000	1.3225628460151149	40145000
chr2	40150000	40160000	3.0351425307157256	40155000
chr2	40160000	40170000	2.4538240775119986	40165000
chr2	40170000	40180000	3.423567577569285	40175000
chr2	40180000	40190000	2.7390591941160647	40185000
chr2	40190000	40200000	1.7862771539168145	40195000
chr2	40200000	40210000	2.388774336295873	40205000
chr2	40210000	40220000	2.355392157663671	40215000
chr2	40220000	40230000	2.446355056536441	40225000
chr2	40230000	40240000	1.8141795459471397	40235000
chr2	40240000	40250000	2.331901850262163	40245000
chr2	40250000	40260000	1.8614258357766365	40255000
chr2	40260000	40270000	3.150428965163976	40265000
chr2	40270000	40280000	2.572559232898741	40275000
chr2	40280000	40290000	1.855404983125314	40285000
chr2	40290000	40300000	2.4258713915631827	40295000
chr2	40300000	40310000	1.7310528379702401	40305000
chr2	40310000	40320000	6.152950672261022	40315000
chr2	40320000	40330000	5.0152871186865635	40325000
chr2	40330000	40340000	2.8398509609607356	40335000
chr2	40340000	40350000	3.66333741869839	40345000
chr2	40350000	40360000	2.7594258569220877	40355000
chr2	40360000	40370000	2.906175895300478	40365000
chr2	40370000	40380000	4.592403253539044	40375000
chr2	40380000	40390000	2.16963048778545	40385000
chr2	40390000	40400000	7.747196384711689	40395000
chr2	40400000	40410000	3.298767501231656	40405000
chr2	40410000	40420000	3.905976545444092	40415000
chr2	40420000	40430000	1.9831467295696361	40425000
chr2	40430000	40440000	5.0920642413436035	40435000
chr2	40440000	40450000	4.986349568949858	40445000
chr2	40450000	40460000	5.6482166278879875	40455000
chr2	40460000	40470000	3.9780392644308957	40465000
chr2	40470000	40480000	2.8107628776322278	40475000
chr2	40480000	40490000	4.20014755787856	40485000
chr2	40490000	40500000	3.9594242555807724	40495000
chr2	40500000	40510000	2.6960453910552244	40505000
chr2	40510000	40520000	3.1943726459082944	40515000
chr2	40520000	40530000	2.9482754941358693	40525000
chr2	40530000	40540000	3.4059523150167266	40535000
chr2	40540000	40550000	2.4006774778026823	40545000
chr2	40550000	40560000	1.7728592563122731	40555000
chr2	40560000	40570000	6.312255818976682	40565000
chr2	40570000	40580000	1.4905689741196009	40575000
chr2	40580000	40590000	5.60151954385378	40585000
chr2	40590000	40600000	2.43756043817588	40595000
chr2	40600000	40610000	0.9982647330115328	40605000
chr2	40610000	40620000	0.6219190598921387	40615000
chr2	40620000	40630000	0.8887784407336701	40625000
chr2	40630000	40640000	7.009889715854579	40635000
chr2	40640000	40650000	3.756224088718646	40645000
chr2	40650000	40660000	5.3578199872484	40655000
chr2	40660000	40670000	5.883085586929977	40665000
chr2	40670000	40680000	7.270451107395035	40675000
chr2	40680000	40690000	6.523905404245346	40685000
chr2	40690000	40700000	4.723286808360648	40695000
chr2	40700000	40710000	3.762460985095009	40705000
chr2	40710000	40720000	4.262577793626841	40715000
chr2	40720000	40730000	2.980382473144921	40725000
chr2	40730000	40740000	3.28469398914308	40735000
chr2	40740000	40750000	3.318337694408163	40745000
chr2	40750000	40760000	4.306595113743531	40755000
chr2	40760000	40770000	4.498170491266365	40765000
chr2	40770000	40780000	3.285229492343429	40775000
chr2	40780000	40790000	2.754063244431247	40785000
chr2	40790000	40800000	2.86907740138046	40795000
chr2	40800000	40810000	4.090196788198033	40805000
chr2	40810000	40820000	5.135670208895407	40815000
chr2	40820000	40830000	2.495634101927625	40825000
chr2	40830000	40840000	2.599698229061999	40835000
chr2	40840000	40850000	4.708399036005591	40845000
chr2	40850000	40860000	2.7894607659074895	40855000
chr2	40860000	40870000	1.1204299308329584	40865000
chr2	40870000	40880000	1.657693229512625	40875000
chr2	40880000	40890000	2.166221406910553	40885000
chr2	40890000	40900000	1.17469346159137	40895000
chr2	40900000	40910000	4.135042767926664	40905000
chr2	40910000	40920000	4.669222454856352	40915000
chr2	40920000	40930000	1.079083144959053	40925000
chr2	40930000	40940000	1.397504859345685	40935000
chr2	40940000	40950000	5.288941660938667	40945000
chr2	40950000	40960000	4.986126422712773	40955000
chr2	40960000	40970000	3.841108460186899	40965000
chr2	40970000	40980000	5.078244002675039	40975000
chr2	40980000	40990000	14.820030164184526	40985000
chr2	40990000	41000000	8.662432049267608	40995000
chr2	41000000	41010000	3.6891025909826594	41005000
chr2	41010000	41020000	1.5646603076312628	41015000
chr2	41020000	41030000	1.171246851702268	41025000
chr2	41030000	41040000	1.3502835161520466	41035000
chr2	41040000	41050000	1.147155705650435	41045000
chr2	41050000	41060000	1.7440606647944712	41055000
chr2	41060000	41070000	2.8830880650124406	41065000
chr2	41070000	41080000	10.055988952220487	41075000
chr2	41080000	41090000	1.8151327434815092	41085000
chr2	41090000	41100000	2.157512546302583	41095000
chr2	41100000	41110000	2.0306784315514017	41105000
chr2	41110000	41120000	1.8296995579440853	41115000
chr2	41120000	41130000	6.784875371902958	41125000
chr2	41130000	41140000	7.129120242090628	41135000
chr2	41140000	41150000	6.070330265739631	41145000
chr2	41150000	41160000	1.7115084115384065	41155000
chr2	41160000	41170000	1.5126871451017574	41165000
chr2	41170000	41180000	2.9197911629192403	41175000
chr2	41180000	41190000	5.254988560815257	41185000
chr2	41190000	41200000	5.721818843958514	41195000
chr2	41200000	41210000	6.119799235325288	41205000
chr2	41210000	41220000	7.4616281132232585	41215000
chr2	41220000	41230000	12.197545888861894	41225000
chr2	41230000	41240000	11.32052579818915	41235000
chr2	41240000	41250000	6.664388979297226	41245000
chr2	41250000	41260000	5.8872015172499	41255000
chr2	41260000	41270000	7.9725445480339445	41265000
chr2	41270000	41280000	7.314194300370091	41275000
chr2	41280000	41290000	10.952810426674677	41285000
chr2	41290000	41300000	10.70652288653258	41295000
chr2	41300000	41310000	8.080198353866063	41305000
chr2	41310000	41320000	2.4824046452934474	41315000
chr2	41320000	41330000	0.7506657351120479	41325000
chr2	41330000	41340000	0.9490639174687103	41335000
chr2	41340000	41350000	9.355264197219643	41345000
chr2	41350000	41360000	1.9614657080694422	41355000
chr2	41360000	41370000	1.7448665278969822	41365000
chr2	41370000	41380000	2.376009329344313	41375000
chr2	41380000	41390000	4.412876223056835	41385000
chr2	41390000	41400000	2.647791773332775	41395000
chr2	41400000	41410000	1.3117866550928854	41405000
chr2	41410000	41420000	1.3151987184612437	41415000
chr2	41420000	41430000	1.5994459795537228	41425000
chr2	41430000	41440000	1.5227119517722616	41435000
chr2	41440000	41450000	1.0403445101196116	41445000
chr2	41450000	41460000	0.8244528991962545	41455000
chr2	41460000	41470000	3.7725470244763053	41465000
chr2	41470000	41480000	4.039659234113209	41475000
chr2	41480000	41490000	5.173290556060973	41485000
chr2	41490000	41500000	7.443308098806677	41495000
chr2	41500000	41510000	10.484198222450559	41505000
chr2	41510000	41520000	6.121236389272889	41515000
chr2	41520000	41530000	5.661387407587247	41525000
chr2	41530000	41540000	11.216029705094845	41535000
chr2	41540000	41550000	22.187083291492012	41545000
chr2	41550000	41560000	4.272817145668103	41555000
chr2	41560000	41570000	4.424412709235886	41565000
chr2	41570000	41580000	13.810825894382189	41575000
chr2	41580000	41590000	18.926783624052433	41585000
chr2	41590000	41600000	13.502607795054237	41595000
chr2	41600000	41610000	11.93287747068503	41605000
chr2	41610000	41620000	15.195342720585723	41615000
chr2	41620000	41630000	21.65319622527008	41625000
chr2	41630000	41640000	3.839869686976085	41635000
chr2	41640000	41650000	2.812736603595139	41645000
chr2	41650000	41660000	2.3456011077149297	41655000
chr2	41660000	41670000	3.2480119378477075	41665000
chr2	41670000	41680000	2.9586414341000706	41675000
chr2	41680000	41690000	3.3381882549489585	41685000
chr2	41690000	41700000	2.1368237812719473	41695000
chr2	41700000	41710000	3.3157647691007117	41705000
chr2	41710000	41720000	1.7741748243039825	41715000
chr2	41720000	41730000	1.815166940114684	41725000
chr2	41730000	41740000	3.0917685519747304	41735000
chr2	41740000	41750000	3.1757423738202806	41745000
chr2	41750000	41760000	2.7654291070867405	41755000
chr2	41760000	41770000	1.4386435366860495	41765000
chr2	41770000	41780000	2.8488892091970794	41775000
chr2	41780000	41790000	7.215576604434349	41785000
chr2	41790000	41800000	5.970697147500469	41795000
chr2	41800000	41810000	10.012688851711872	41805000
chr2	41810000	41820000	7.3926731480422	41815000
chr2	41820000	41830000	4.370658800878094	41825000
chr2	41830000	41840000	4.340245180119131	41835000
chr2	41840000	41850000	4.934405292913221	41845000
chr2	41850000	41860000	5.933492962432383	41855000
chr2	41860000	41870000	2.8566005504520957	41865000
chr2	41870000	41880000	4.322736540037346	41875000
chr2	41880000	41890000	5.938369656308749	41885000
chr2	41890000	41900000	8.828124331390924	41895000
chr2	41900000	41910000	3.928698900912398	41905000
chr2	41910000	41920000	3.9286989009124	41915000
chr2	41920000	41930000	3.928698900912399	41925000
chr2	41930000	41940000	3.8870829904596143	41935000
chr2	41940000	41950000	3.4788425964939713	41945000
chr2	41950000	41960000	2.23883316845228	41955000
chr2	41960000	41970000	2.4459763906263334	41965000
chr2	41970000	41980000	8.118316006749371	41975000
chr2	41980000	41990000	5.355551304949582	41985000
chr2	41990000	42000000	5.391876199340368	41995000
chr2	42000000	42010000	6.556471047139443	42005000
chr2	42010000	42020000	8.51447101891661	42015000
chr2	42020000	42030000	20.75817051187091	42025000
chr2	42030000	42040000	4.580809454327134	42035000
chr2	42040000	42050000	6.091101240762103	42045000
chr2	42050000	42060000	4.28279548924318	42055000
chr2	42060000	42070000	5.756489142837615	42065000
chr2	42070000	42080000	4.089463728372148	42075000
chr2	42080000	42090000	2.9594331788167976	42085000
chr2	42090000	42100000	9.327574357737836	42095000
chr2	42100000	42110000	8.352287994310013	42105000
chr2	42110000	42120000	5.677848583900497	42115000
chr2	42120000	42130000	5.255834244811308	42125000
chr2	42130000	42140000	3.249373583986321	42135000
chr2	42140000	42150000	3.150673301415185	42145000
chr2	42150000	42160000	3.6964705249191185	42155000
chr2	42160000	42170000	10.874083636857376	42165000
chr2	42170000	42180000	0.8244822314641168	42175000
chr2	42180000	42190000	0.810377110838702	42185000
chr2	42190000	42200000	1.1965283310874266	42195000
chr2	42200000	42210000	4.3694086980516555	42205000
chr2	42210000	42220000	2.860675223387716	42215000
chr2	42220000	42230000	1.0337535531353317	42225000
chr2	42230000	42240000	1.2092795382733437	42235000
chr2	42240000	42250000	1.2432375995357872	42245000
chr2	42250000	42260000	12.716902003579753	42255000
chr2	42260000	42270000	5.374548019761727	42265000
chr2	42270000	42280000	17.793039853505768	42275000
chr2	42280000	42290000	2.1117376093266556	42285000
chr2	42290000	42300000	8.867588235232109	42295000
chr2	42300000	42310000	15.633055887057147	42305000
chr2	42310000	42320000	5.711415422979936	42315000
chr2	42320000	42330000	4.730087521660318	42325000
chr2	42330000	42340000	4.140042571659778	42335000
chr2	42340000	42350000	3.9623558218164154	42345000
chr2	42350000	42360000	17.417913596189344	42355000
chr2	42360000	42370000	6.728820685980698	42365000
chr2	42370000	42380000	10.805175433171147	42375000
chr2	42380000	42390000	4.035595928456319	42385000
chr2	42390000	42400000	5.812091824936615	42395000
chr2	42400000	42410000	3.1373392194800087	42405000
chr2	42410000	42420000	2.7299583108739074	42415000
chr2	42420000	42430000	2.4670832050424303	42425000
chr2	42430000	42440000	3.471020749417128	42435000
chr2	42440000	42450000	2.1196060967826402	42445000
chr2	42450000	42460000	2.417102152492991	42455000
chr2	42460000	42470000	1.7027712675498818	42465000
chr2	42470000	42480000	1.0442667126287126	42475000
chr2	42480000	42490000	2.94018142659147	42485000
chr2	42490000	42500000	1.1497236942342284	42495000
chr2	42500000	42510000	2.018174570161462	42505000
chr2	42510000	42520000	11.58877669235885	42515000
chr2	42520000	42530000	17.077312411762616	42525000
chr2	42530000	42540000	2.0725971735078543	42535000
chr2	42540000	42550000	1.3770059040218388	42545000
chr2	42550000	42560000	0.6105861709289251	42555000
chr2	42560000	42570000	0.5702915016562502	42565000
chr2	42570000	42580000	13.43575170219227	42575000
chr2	42580000	42590000	3.1521678025344406	42585000
chr2	42590000	42600000	10.14356284086388	42595000
chr2	42600000	42610000	2.064523066873139	42605000
chr2	42610000	42620000	1.3990725123457532	42615000
chr2	42620000	42630000	1.2263790521763542	42625000
chr2	42630000	42640000	0.7479065138650675	42635000
chr2	42640000	42650000	0.39900827299218367	42645000
chr2	42650000	42660000	0.19710301960744941	42655000
chr2	42660000	42670000	0.3812313719411621	42665000
chr2	42670000	42680000	4.690303023813411	42675000
chr2	42680000	42690000	7.781104531872782	42685000
chr2	42690000	42700000	1.9749811991724087	42695000
chr2	42700000	42710000	1.6252208396057273	42705000
chr2	42710000	42720000	9.275760850859246	42715000
chr2	42720000	42730000	2.7525732611666394	42725000
chr2	42730000	42740000	1.915687442864451	42735000
chr2	42740000	42750000	2.2589429982669293	42745000
chr2	42750000	42760000	2.282000693737328	42755000
chr2	42760000	42770000	2.6096132846648943	42765000
chr2	42770000	42780000	2.2132894455684853	42775000
chr2	42780000	42790000	5.990583842613028	42785000
chr2	42790000	42800000	4.229694556951072	42795000
chr2	42800000	42810000	2.5594092359488756	42805000
chr2	42810000	42820000	4.296055658207284	42815000
chr2	42820000	42830000	3.10378144812092	42825000
chr2	42830000	42840000	3.2396702248540348	42835000
chr2	42840000	42850000	16.941143122603766	42845000
chr2	42850000	42860000	1.6620347219793108	42855000
chr2	42860000	42870000	9.524636409290753	42865000
chr2	42870000	42880000	7.353658527148918	42875000
chr2	42880000	42890000	3.8619341241421	42885000
chr2	42890000	42900000	15.996880547310273	42895000
chr2	42900000	42910000	2.7478739906496785	42905000
chr2	42910000	42920000	2.5056953990096047	42915000
chr2	42920000	42930000	2.136159985251335	42925000
chr2	42930000	42940000	3.146169151009268	42935000
chr2	42940000	42950000	3.815615436238224	42945000
chr2	42950000	42960000	2.339782149179709	42955000
chr2	42960000	42970000	3.9883383745941816	42965000
chr2	42970000	42980000	14.894254871168174	42975000
chr2	42980000	42990000	4.547479807520624	42985000
chr2	42990000	43000000	2.2048359267545026	42995000
chr2	43000000	43010000	2.4603554039090065	43005000
chr2	43010000	43020000	3.2105683438709027	43015000
chr2	43020000	43030000	4.698396818330295	43025000
chr2	43030000	43040000	2.6901758053127915	43035000
chr2	43040000	43050000	3.4688111595059543	43045000
chr2	43050000	43060000	4.571971003724938	43055000
chr2	43060000	43070000	1.664176509030106	43065000
chr2	43070000	43080000	1.094160767245645	43075000
chr2	43080000	43090000	1.4930582480178347	43085000
chr2	43090000	43100000	0.8933805403631047	43095000
chr2	43100000	43110000	2.075851938307974	43105000
chr2	43110000	43120000	1.5697671114562213	43115000
chr2	43120000	43130000	2.9747628140106595	43125000
chr2	43130000	43140000	13.996636140881858	43135000
chr2	43140000	43150000	4.1719017119093476	43145000
chr2	43150000	43160000	8.383102032093719	43155000
chr2	43160000	43170000	2.8171357752680177	43165000
chr2	43170000	43180000	2.044107447845266	43175000
chr2	43180000	43190000	3.014358072144383	43185000
chr2	43190000	43200000	2.4804587224951664	43195000
chr2	43200000	43210000	10.83686979077051	43205000
chr2	43210000	43220000	1.0233755713540196	43215000
chr2	43220000	43230000	1.4102914765050891	43225000
chr2	43230000	43240000	5.231626126636078	43235000
chr2	43240000	43250000	1.1218010433961965	43245000
chr2	43250000	43260000	9.825738852928907	43255000
chr2	43260000	43270000	1.4335180289151248	43265000
chr2	43270000	43280000	2.7355909551687048	43275000
chr2	43280000	43290000	4.280631120135107	43285000
chr2	43290000	43300000	8.42898109979403	43295000
chr2	43300000	43310000	33.63638700815916	43305000
chr2	43310000	43320000	7.263037117734474	43315000
chr2	43320000	43330000	3.9015741131265766	43325000
chr2	43330000	43340000	3.09600822862602	43335000
chr2	43340000	43350000	3.2532190230087243	43345000
chr2	43350000	43360000	4.469656667327607	43355000
chr2	43360000	43370000	2.901505617901111	43365000
chr2	43370000	43380000	4.223436189735221	43375000
chr2	43380000	43390000	3.556930881861659	43385000
chr2	43390000	43400000	3.0662076108796903	43395000
chr2	43400000	43410000	4.2630738878856125	43405000
chr2	43410000	43420000	1.1872232574379047	43415000
chr2	43420000	43430000	1.0812165789361479	43425000
chr2	43430000	43440000	0.7544345297875826	43435000
chr2	43440000	43450000	6.76560607083031	43445000
chr2	43450000	43460000	4.99115795475803	43455000
chr2	43460000	43470000	4.87534762799783	43465000
chr2	43470000	43480000	16.120862970246396	43475000
chr2	43480000	43490000	5.672233246610064	43485000
chr2	43490000	43500000	3.5387568304631594	43495000
chr2	43500000	43510000	6.818304820455959	43505000
chr2	43510000	43520000	7.439747692061156	43515000
chr2	43520000	43530000	5.155253693675924	43525000
chr2	43530000	43540000	5.549203225268263	43535000
chr2	43540000	43550000	3.372427865059045	43545000
chr2	43550000	43560000	4.563777382079612	43555000
chr2	43560000	43570000	5.8874017689585925	43565000
chr2	43570000	43580000	3.766692492370033	43575000
chr2	43580000	43590000	3.048442634359078	43585000
chr2	43590000	43600000	3.5160212427590225	43595000
chr2	43600000	43610000	0.9381626654841566	43605000
chr2	43610000	43620000	5.0923482653686944	43615000
chr2	43620000	43630000	3.0638155903632613	43625000
chr2	43630000	43640000	3.2075355752771415	43635000
chr2	43640000	43650000	1.964371873785967	43645000
chr2	43650000	43660000	2.780585570312295	43655000
chr2	43660000	43670000	8.559780713075616	43665000
chr2	43670000	43680000	4.662502220938443	43675000
chr2	43680000	43690000	2.2283897984672634	43685000
chr2	43690000	43700000	1.7690351826194448	43695000
chr2	43700000	43710000	1.6784763007213774	43705000
chr2	43710000	43720000	1.6581054563835074	43715000
chr2	43720000	43730000	2.6682677903801837	43725000
chr2	43730000	43740000	1.6215123206214077	43735000
chr2	43740000	43750000	1.2089266993954944	43745000
chr2	43750000	43760000	5.137599779187384	43755000
chr2	43760000	43770000	1.2484442728227636	43765000
chr2	43770000	43780000	2.248162470875403	43775000
chr2	43780000	43790000	2.430279239718745	43785000
chr2	43790000	43800000	1.8169353074405974	43795000
chr2	43800000	43810000	2.5471916990028425	43805000
chr2	43810000	43820000	2.0292347833551556	43815000
chr2	43820000	43830000	2.668594412869181	43825000
chr2	43830000	43840000	1.6406444522769972	43835000
chr2	43840000	43850000	0.7787393987124847	43845000
chr2	43850000	43860000	3.6885649267686405	43855000
chr2	43860000	43870000	3.246571637643262	43865000
chr2	43870000	43880000	1.9001884733193692	43875000
chr2	43880000	43890000	1.9443856539135753	43885000
chr2	43890000	43900000	2.833550953669615	43895000
chr2	43900000	43910000	2.4431389093603926	43905000
chr2	43910000	43920000	5.437973669012254	43915000
chr2	43920000	43930000	4.4684844120149805	43925000
chr2	43930000	43940000	2.1072737511829187	43935000
chr2	43940000	43950000	1.133114215486417	43945000
chr2	43950000	43960000	1.6872578416336086	43955000
chr2	43960000	43970000	2.989881455768893	43965000
chr2	43970000	43980000	2.9126142073172745	43975000
chr2	43980000	43990000	4.368287076213568	43985000
chr2	43990000	44000000	3.052340628383749	43995000
chr2	44000000	44010000	2.839745178413771	44005000
chr2	44010000	44020000	1.9751925120315674	44015000
chr2	44020000	44030000	0.8303258994077877	44025000
chr2	44030000	44040000	10.350660816452702	44035000
chr2	44040000	44050000	2.993050928517247	44045000
chr2	44050000	44060000	1.413130684537032	44055000
chr2	44060000	44070000	0.9557386680793567	44065000
chr2	44070000	44080000	1.1243577158093248	44075000
chr2	44080000	44090000	1.7642043574231236	44085000
chr2	44090000	44100000	0.8956450335118262	44095000
chr2	44100000	44110000	1.3643876087482585	44105000
chr2	44110000	44120000	1.445475731644234	44115000
chr2	44120000	44130000	1.0886822148581337	44125000
chr2	44130000	44140000	0.7544530097971964	44135000
chr2	44140000	44150000	2.123571518972753	44145000
chr2	44150000	44160000	0.5251367757442172	44155000
chr2	44160000	44170000	0.5759868997339027	44165000
chr2	44170000	44180000	8.023618450964458	44175000
chr2	44180000	44190000	5.3733259356084195	44185000
chr2	44190000	44200000	1.0811632797752768	44195000
chr2	44200000	44210000	3.260395437083922	44205000
chr2	44210000	44220000	3.438924878222719	44215000
chr2	44220000	44230000	2.573810459786866	44225000
chr2	44230000	44240000	3.676873543032173	44235000
chr2	44240000	44250000	9.303781285095196	44245000
chr2	44250000	44260000	7.9994894884146746	44255000
chr2	44260000	44270000	4.422156687297566	44265000
chr2	44270000	44280000	1.7219650986162855	44275000
chr2	44280000	44290000	4.026152004410851	44285000
chr2	44290000	44300000	4.066671313741129	44295000
chr2	44300000	44310000	4.636589293213758	44305000
chr2	44310000	44320000	7.58513737528374	44315000
chr2	44320000	44330000	1.5043836209371575	44325000
chr2	44330000	44340000	1.0686833441744499	44335000
chr2	44340000	44350000	1.5501014969399398	44345000
chr2	44350000	44360000	1.2760055062728521	44355000
chr2	44360000	44370000	1.479949347828981	44365000
chr2	44370000	44380000	1.0656373272047026	44375000
chr2	44380000	44390000	15.094844063343489	44385000
chr2	44390000	44400000	3.6799318557821787	44395000
chr2	44400000	44410000	0.7899266175971769	44405000
chr2	44410000	44420000	1.9366238818908121	44415000
chr2	44420000	44430000	2.1782836861401202	44425000
chr2	44430000	44440000	2.0634822842513953	44435000
chr2	44440000	44450000	6.941275093723286	44445000
chr2	44450000	44460000	2.4181441176617597	44455000
chr2	44460000	44470000	4.157780615573126	44465000
chr2	44470000	44480000	6.319412617960955	44475000
chr2	44480000	44490000	1.588001109356961	44485000
chr2	44490000	44500000	1.5965240054595446	44495000
chr2	44500000	44510000	1.9385176751062234	44505000
chr2	44510000	44520000	1.275391975785871	44515000
chr2	44520000	44530000	2.8557337677459387	44525000
chr2	44530000	44540000	0.7250950295029542	44535000
chr2	44540000	44550000	1.2211481630109478	44545000
chr2	44550000	44560000	1.6038277850821385	44555000
chr2	44560000	44570000	8.332525867890883	44565000
chr2	44570000	44580000	4.437827464870574	44575000
chr2	44580000	44590000	2.169901528999976	44585000
chr2	44590000	44600000	4.1595991976519615	44595000
chr2	44600000	44610000	7.6253901028810125	44605000
chr2	44610000	44620000	5.320112377423384	44615000
chr2	44620000	44630000	8.728126131315157	44625000
chr2	44630000	44640000	8.251098487543462	44635000
chr2	44640000	44650000	4.995620482085104	44645000
chr2	44650000	44660000	3.0446667020623046	44655000
chr2	44660000	44670000	1.4792782867183267	44665000
chr2	44670000	44680000	3.969874578251515	44675000
chr2	44680000	44690000	10.628264775805503	44685000
chr2	44690000	44700000	0.8625387458506669	44695000
chr2	44700000	44710000	1.0769150431852845	44705000
chr2	44710000	44720000	1.0717284551589574	44715000
chr2	44720000	44730000	5.651788424531515	44725000
chr2	44730000	44740000	11.019710387676643	44735000
chr2	44740000	44750000	5.141728808717528	44745000
chr2	44750000	44760000	4.7390538993938796	44755000
chr2	44760000	44770000	6.890140735203467	44765000
chr2	44770000	44780000	3.698599544434712	44775000
chr2	44780000	44790000	4.916254341056641	44785000
chr2	44790000	44800000	3.390261484233176	44795000
chr2	44800000	44810000	2.3062438406320585	44805000
chr2	44810000	44820000	2.1136098824113727	44815000
chr2	44820000	44830000	0.9180488585128411	44825000
chr2	44830000	44840000	2.410616872072906	44835000
chr2	44840000	44850000	2.548594483908022	44845000
chr2	44850000	44860000	3.6544939444898312	44855000
chr2	44860000	44870000	1.733253423163459	44865000
chr2	44870000	44880000	3.366090972838665	44875000
chr2	44880000	44890000	1.795788969029922	44885000
chr2	44890000	44900000	1.2812999252103503	44895000
chr2	44900000	44910000	2.103208175079452	44905000
chr2	44910000	44920000	3.689104015369416	44915000
chr2	44920000	44930000	4.134206308877463	44925000
chr2	44930000	44940000	3.109027288321309	44935000
chr2	44940000	44950000	4.1856980938976	44945000
chr2	44950000	44960000	2.8316184408568046	44955000
chr2	44960000	44970000	2.257570694546269	44965000
chr2	44970000	44980000	2.327491723431953	44975000
chr2	44980000	44990000	1.587060420338916	44985000
chr2	44990000	45000000	2.3170556056634366	44995000
chr2	45000000	45010000	2.592572940708393	45005000
chr2	45010000	45020000	3.7326138034084484	45015000
chr2	45020000	45030000	17.556879825486178	45025000
chr2	45030000	45040000	4.75377025458902	45035000
chr2	45040000	45050000	3.144827699427846	45045000
chr2	45050000	45060000	1.7445783292851833	45055000
chr2	45060000	45070000	17.063607982275034	45065000
chr2	45070000	45080000	3.5866362306716617	45075000
chr2	45080000	45090000	10.338348692766065	45085000
chr2	45090000	45100000	4.4415250711044205	45095000
chr2	45100000	45110000	3.3427654761542054	45105000
chr2	45110000	45120000	1.7413739540508713	45115000
chr2	45120000	45130000	1.3812608282187298	45125000
chr2	45130000	45140000	0.8218565812181571	45135000
chr2	45140000	45150000	1.3615766411869592	45145000
chr2	45150000	45160000	2.0029295549893993	45155000
chr2	45160000	45170000	2.5540982717851546	45165000
chr2	45170000	45180000	10.189766271085134	45175000
chr2	45180000	45190000	5.334777167120366	45185000
chr2	45190000	45200000	7.627423202227495	45195000
chr2	45200000	45210000	14.83199434996075	45205000
chr2	45210000	45220000	4.762101403937528	45215000
chr2	45220000	45230000	3.4025348563202984	45225000
chr2	45230000	45240000	4.410156437610912	45235000
chr2	45240000	45250000	4.003146489642863	45245000
chr2	45250000	45260000	2.350503555121195	45255000
chr2	45260000	45270000	2.356339961219909	45265000
chr2	45270000	45280000	3.6245061590665633	45275000
chr2	45280000	45290000	5.067716145967929	45285000
chr2	45290000	45300000	5.097705244123729	45295000
chr2	45300000	45310000	14.260887928235237	45305000
chr2	45310000	45320000	4.853754680338436	45315000
chr2	45320000	45330000	1.9520377007589826	45325000
chr2	45330000	45340000	1.05579112708543	45335000
chr2	45340000	45350000	1.6354104660896	45345000
chr2	45350000	45360000	1.391559990076015	45355000
chr2	45360000	45370000	1.6848199160763602	45365000
chr2	45370000	45380000	2.9928213003434534	45375000
chr2	45380000	45390000	4.861447047978793	45385000
chr2	45390000	45400000	12.886512400803527	45395000
chr2	45400000	45410000	11.71428532116525	45405000
chr2	45410000	45420000	10.255850685457036	45415000
chr2	45420000	45430000	5.08459698131647	45425000
chr2	45430000	45440000	4.45435984153934	45435000
chr2	45440000	45450000	11.672016245799618	45445000
chr2	45450000	45460000	5.370140319753663	45455000
chr2	45460000	45470000	9.272992445315163	45465000
chr2	45470000	45480000	3.966659007688529	45475000
chr2	45480000	45490000	2.2819813980976904	45485000
chr2	45490000	45500000	1.0867606644198664	45495000
chr2	45500000	45510000	0.31821616651054546	45505000
chr2	45510000	45520000	1.0409499368653932	45515000
chr2	45520000	45530000	0.9308298187940106	45525000
chr2	45530000	45540000	3.843619486809706	45535000
chr2	45540000	45550000	15.720150864898741	45545000
chr2	45550000	45560000	8.881819521778304	45555000
chr2	45560000	45570000	3.6858137350060054	45565000
chr2	45570000	45580000	3.2572629323172975	45575000
chr2	45580000	45590000	6.454649038065636	45585000
chr2	45590000	45600000	3.1694340315861274	45595000
chr2	45600000	45610000	4.16238349186539	45605000
chr2	45610000	45620000	1.6072829652214922	45615000
chr2	45620000	45630000	3.868014987450968	45625000
chr2	45630000	45640000	3.899202434280063	45635000
chr2	45640000	45650000	2.1906957082851255	45645000
chr2	45650000	45660000	10.021099888366537	45655000
chr2	45660000	45670000	2.1197876835083043	45665000
chr2	45670000	45680000	8.142555036263307	45675000
chr2	45680000	45690000	4.667483250855529	45685000
chr2	45690000	45700000	10.450727661252802	45695000
chr2	45700000	45710000	7.3882669748726855	45705000
chr2	45710000	45720000	11.323529465303965	45715000
chr2	45720000	45730000	10.157844042453902	45725000
chr2	45730000	45740000	12.930202231336326	45735000
chr2	45740000	45750000	3.6304625583550494	45745000
chr2	45750000	45760000	16.799170626079693	45755000
chr2	45760000	45770000	13.680866032110352	45765000
chr2	45770000	45780000	25.06890760006646	45775000
chr2	45780000	45790000	9.265505534961427	45785000
chr2	45790000	45800000	4.494942351743574	45795000
chr2	45800000	45810000	2.351243459211514	45805000
chr2	45810000	45820000	3.074667782702378	45815000
chr2	45820000	45830000	10.759143281941897	45825000
chr2	45830000	45840000	4.509829341314062	45835000
chr2	45840000	45850000	1.6025218807895694	45845000
chr2	45850000	45860000	0.8544932230994613	45855000
chr2	45860000	45870000	0.9082515063295965	45865000
chr2	45870000	45880000	0.8097410057270873	45875000
chr2	45880000	45890000	0.5361798500853779	45885000
chr2	45890000	45900000	1.022610965634067	45895000
chr2	45900000	45910000	1.1572990628741662	45905000
chr2	45910000	45920000	1.6970534028982742	45915000
chr2	45920000	45930000	7.743776858678432	45925000
chr2	45930000	45940000	5.692297599604339	45935000
chr2	45940000	45950000	6.1213890463185905	45945000
chr2	45950000	45960000	3.0526437142083185	45955000
chr2	45960000	45970000	4.004517673678245	45965000
chr2	45970000	45980000	2.3790538930349068	45975000
chr2	45980000	45990000	3.5933254637430574	45985000
chr2	45990000	46000000	2.156762205121629	45995000
chr2	46000000	46010000	2.5626211962306793	46005000
chr2	46010000	46020000	2.277447513034621	46015000
chr2	46020000	46030000	4.354209851194601	46025000
chr2	46030000	46040000	5.44783678204847	46035000
chr2	46040000	46050000	1.0351381622384332	46045000
chr2	46050000	46060000	1.9726175179163514	46055000
chr2	46060000	46070000	6.830571617860037	46065000
chr2	46070000	46080000	0.9387816842813337	46075000
chr2	46080000	46090000	11.65586713908025	46085000
chr2	46090000	46100000	3.4624311541237334	46095000
chr2	46100000	46110000	6.05074199765248	46105000
chr2	46110000	46120000	25.636345157870025	46115000
chr2	46120000	46130000	4.737074389752541	46125000
chr2	46130000	46140000	3.4224358270204727	46135000
chr2	46140000	46150000	4.38038390911511	46145000
chr2	46150000	46160000	3.7594097658771672	46155000
chr2	46160000	46170000	5.294538987462582	46165000
chr2	46170000	46180000	3.1910979905456225	46175000
chr2	46180000	46190000	2.7641623333019223	46185000
chr2	46190000	46200000	1.956185823868811	46195000
chr2	46200000	46210000	2.8713194309006305	46205000
chr2	46210000	46220000	3.6228641135247717	46215000
chr2	46220000	46230000	3.016714623773686	46225000
chr2	46230000	46240000	2.5765542146336573	46235000
chr2	46240000	46250000	1.4845581716895513	46245000
chr2	46250000	46260000	2.424140188836519	46255000
chr2	46260000	46270000	2.5597746681605904	46265000
chr2	46270000	46280000	3.847847604573303	46275000
chr2	46280000	46290000	2.987909099507756	46285000
chr2	46290000	46300000	4.172899270189152	46295000
chr2	46300000	46310000	9.200027526057434	46305000
chr2	46310000	46320000	6.581419127243181	46315000
chr2	46320000	46330000	8.234754847327812	46325000
chr2	46330000	46340000	3.287743621697714	46335000
chr2	46340000	46350000	4.377065161716646	46345000
chr2	46350000	46360000	10.407121364241448	46355000
chr2	46360000	46370000	4.261068620430938	46365000
chr2	46370000	46380000	3.1338807516902487	46375000
chr2	46380000	46390000	1.5355043760420186	46385000
chr2	46390000	46400000	1.0027371580336437	46395000
chr2	46400000	46410000	1.2186124806186043	46405000
chr2	46410000	46420000	5.940721062098083	46415000
chr2	46420000	46430000	4.460980068717151	46425000
chr2	46430000	46440000	4.551988542086137	46435000
chr2	46440000	46450000	23.747953482194607	46445000
chr2	46450000	46460000	10.009900515212523	46455000
chr2	46460000	46470000	9.831762800895927	46465000
chr2	46470000	46480000	7.651283407263052	46475000
chr2	46480000	46490000	2.270210007397565	46485000
chr2	46490000	46500000	3.31620682280473	46495000
chr2	46500000	46510000	3.230416689970748	46505000
chr2	46510000	46520000	4.772116581076593	46515000
chr2	46520000	46530000	3.993046528761995	46525000
chr2	46530000	46540000	12.205676347672453	46535000
chr2	46540000	46550000	2.4216192129526917	46545000
chr2	46550000	46560000	3.2636719363082314	46555000
chr2	46560000	46570000	6.166113460233693	46565000
chr2	46570000	46580000	5.874350596719713	46575000
chr2	46580000	46590000	8.40506389801716	46585000
chr2	46590000	46600000	10.545121140027678	46595000
chr2	46600000	46610000	3.2668799506543653	46605000
chr2	46610000	46620000	1.701606257097558	46615000
chr2	46620000	46630000	3.7515110249970287	46625000
chr2	46630000	46640000	1.4179718470698384	46635000
chr2	46640000	46650000	1.9921377060808054	46645000
chr2	46650000	46660000	4.633568056907381	46655000
chr2	46660000	46670000	1.6703254342006342	46665000
chr2	46670000	46680000	1.2769276474527547	46675000
chr2	46680000	46690000	13.093684284132648	46685000
chr2	46690000	46700000	3.6481229072693546	46695000
chr2	46700000	46710000	4.139912832906922	46705000
chr2	46710000	46720000	4.3807222079643156	46715000
chr2	46720000	46730000	7.141469087043223	46725000
chr2	46730000	46740000	11.414944663480748	46735000
chr2	46740000	46750000	2.2680322136154527	46745000
chr2	46750000	46760000	3.652284326039045	46755000
chr2	46760000	46770000	2.6172287185037577	46765000
chr2	46770000	46780000	9.058931463028681	46775000
chr2	46780000	46790000	4.833234797095301	46785000
chr2	46790000	46800000	7.92090818095545	46795000
chr2	46800000	46810000	4.403685131031718	46805000
chr2	46810000	46820000	6.624385378798355	46815000
chr2	46820000	46830000	6.747849574365248	46825000
chr2	46830000	46840000	4.91769541666049	46835000
chr2	46840000	46850000	8.020819187948304	46845000
chr2	46850000	46860000	5.50632247115791	46855000
chr2	46860000	46870000	4.120121805362	46865000
chr2	46870000	46880000	2.6643975317342092	46875000
chr2	46880000	46890000	0.4601075165842944	46885000
chr2	46890000	46900000	6.310161811602277	46895000
chr2	46900000	46910000	4.2399878312316295	46905000
chr2	46910000	46920000	3.1870552658232425	46915000
chr2	46920000	46930000	2.8319863922861686	46925000
chr2	46930000	46940000	2.417191171381532	46935000
chr2	46940000	46950000	2.524983420700494	46945000
chr2	46950000	46960000	1.5395360542864474	46955000
chr2	46960000	46970000	3.158750695102228	46965000
chr2	46970000	46980000	8.93758963382648	46975000
chr2	46980000	46990000	4.358712331113501	46985000
chr2	46990000	47000000	4.858078577379677	46995000
chr2	47000000	47010000	9.097809913546186	47005000
chr2	47010000	47020000	5.812908587023116	47015000
chr2	47020000	47030000	5.086591795168207	47025000
chr2	47030000	47040000	5.22948356112583	47035000
chr2	47040000	47050000	4.6805850268824	47045000
chr2	47050000	47060000	19.170875494503886	47055000
chr2	47060000	47070000	4.735923745492271	47065000
chr2	47070000	47080000	8.987667422903833	47075000
chr2	47080000	47090000	6.862338669933482	47085000
chr2	47090000	47100000	3.7079178619580797	47095000
chr2	47100000	47110000	6.32897465875142	47105000
chr2	47110000	47120000	6.501476037608342	47115000
chr2	47120000	47130000	5.6834434871511705	47125000
chr2	47130000	47140000	2.192901323200245	47135000
chr2	47140000	47150000	3.383668742513394	47145000
chr2	47150000	47160000	2.483941256910477	47155000
chr2	47160000	47170000	3.3109052832884625	47165000
chr2	47170000	47180000	3.3054757406167483	47175000
chr2	47180000	47190000	2.900456514540234	47185000
chr2	47190000	47200000	2.5045444199388625	47195000
chr2	47200000	47210000	2.4732399144521957	47205000
chr2	47210000	47220000	2.7845699944801012	47215000
chr2	47220000	47230000	2.129027536121706	47225000
chr2	47230000	47240000	4.967766566029894	47235000
chr2	47240000	47250000	3.6716291969172987	47245000
chr2	47250000	47260000	4.661882380491833	47255000
chr2	47260000	47270000	2.7902323372605053	47265000
chr2	47270000	47280000	4.411790056896201	47275000
chr2	47280000	47290000	5.864931633921509	47285000
chr2	47290000	47300000	0.5470478357301027	47295000
chr2	47300000	47310000	0.6113689821569636	47305000
chr2	47310000	47320000	0.7535258447303212	47315000
chr2	47320000	47330000	4.269355136457568	47325000
chr2	47330000	47340000	4.686365937661756	47335000
chr2	47340000	47350000	2.175474246793412	47345000
chr2	47350000	47360000	2.3319457305296	47355000
chr2	47360000	47370000	8.386505430447377	47365000
chr2	47370000	47380000	7.521633968303669	47375000
chr2	47380000	47390000	4.073265691379449	47385000
chr2	47390000	47400000	1.4785323979145506	47395000
chr2	47400000	47410000	1.0936245615994564	47405000
chr2	47410000	47420000	1.469500991299788	47415000
chr2	47420000	47430000	1.189785501971998	47425000
chr2	47430000	47440000	1.1247841564288712	47435000
chr2	47440000	47450000	0.8474188409533313	47445000
chr2	47450000	47460000	0.9028647371606465	47455000
chr2	47460000	47470000	1.3063997163510528	47465000
chr2	47470000	47480000	1.6548175283042472	47475000
chr2	47480000	47490000	1.0301477652313298	47485000
chr2	47490000	47500000	18.49667662449352	47495000
chr2	47500000	47510000	3.473631789238636	47505000
chr2	47510000	47520000	1.7363014610305534	47515000
chr2	47520000	47530000	2.968490044918715	47525000
chr2	47530000	47540000	2.9472314386835836	47535000
chr2	47540000	47550000	1.6370413656306144	47545000
chr2	47550000	47560000	2.1023468313579765	47555000
chr2	47560000	47570000	2.446275948850698	47565000
chr2	47570000	47580000	2.4118557628695947	47575000
chr2	47580000	47590000	8.510722670574243	47585000
chr2	47590000	47600000	3.1301892269154195	47595000
chr2	47600000	47610000	3.74207526901097	47605000
chr2	47610000	47620000	1.9589404299799666	47615000
chr2	47620000	47630000	1.9797815567919208	47625000
chr2	47630000	47640000	4.132698579390039	47635000
chr2	47640000	47650000	5.842051479857309	47645000
chr2	47650000	47660000	4.284538625709992	47655000
chr2	47660000	47670000	3.0788751850352067	47665000
chr2	47670000	47680000	3.473963536564797	47675000
chr2	47680000	47690000	3.99589484487139	47685000
chr2	47690000	47700000	3.1235623776376396	47695000
chr2	47700000	47710000	2.5999084148620706	47705000
chr2	47710000	47720000	3.4786022171935294	47715000
chr2	47720000	47730000	9.45040383201342	47725000
chr2	47730000	47740000	5.405573422355519	47735000
chr2	47740000	47750000	3.825285471785191	47745000
chr2	47750000	47760000	5.322891383942056	47755000
chr2	47760000	47770000	3.15693065784515	47765000
chr2	47770000	47780000	3.3345565461658158	47775000
chr2	47780000	47790000	4.250760350856984	47785000
chr2	47790000	47800000	1.4809741111717774	47795000
chr2	47800000	47810000	2.0164830548187167	47805000
chr2	47810000	47820000	1.306567411473426	47815000
chr2	47820000	47830000	1.2751976219073327	47825000
chr2	47830000	47840000	0.985033374248479	47835000
chr2	47840000	47850000	0.996675767588899	47845000
chr2	47850000	47860000	1.5249674429911735	47855000
chr2	47860000	47870000	5.579102857028448	47865000
chr2	47870000	47880000	2.385181684126467	47875000
chr2	47880000	47890000	0.8357335760364055	47885000
chr2	47890000	47900000	1.253547851815098	47895000
chr2	47900000	47910000	2.1965868841830205	47905000
chr2	47910000	47920000	1.725360704217145	47915000
chr2	47920000	47930000	1.972426037977625	47925000
chr2	47930000	47940000	11.398788535892923	47935000
chr2	47940000	47950000	2.3353358349513864	47945000
chr2	47950000	47960000	3.1603951579571965	47955000
chr2	47960000	47970000	3.84958845738893	47965000
chr2	47970000	47980000	5.187309943178643	47975000
chr2	47980000	47990000	2.3186087465383864	47985000
chr2	47990000	48000000	4.140593331995982	47995000
chr2	48000000	48010000	2.9903034667089483	48005000
chr2	48010000	48020000	2.6823765947209597	48015000
chr2	48020000	48030000	5.352237049052651	48025000
chr2	48030000	48040000	2.0138039940430654	48035000
chr2	48040000	48050000	5.890033732434391	48045000
chr2	48050000	48060000	2.180296411614074	48055000
chr2	48060000	48070000	3.2460514592831693	48065000
chr2	48070000	48080000	2.8753810496959953	48075000
chr2	48080000	48090000	6.016113567689202	48085000
chr2	48090000	48100000	2.2429529340564587	48095000
chr2	48100000	48110000	1.9889555213983348	48105000
chr2	48110000	48120000	2.6709722637464703	48115000
chr2	48120000	48130000	2.9130386064453737	48125000
chr2	48130000	48140000	1.2806007615551798	48135000
chr2	48140000	48150000	3.862448786914118	48145000
chr2	48150000	48160000	4.952177344364378	48155000
chr2	48160000	48170000	3.184956241606071	48165000
chr2	48170000	48180000	2.0852090775170873	48175000
chr2	48180000	48190000	1.4725203678346994	48185000
chr2	48190000	48200000	2.361284768108666	48195000
chr2	48200000	48210000	2.3441137416117606	48205000
chr2	48210000	48220000	2.3056871039107967	48215000
chr2	48220000	48230000	0.9618725443628439	48225000
chr2	48230000	48240000	1.5219007439129149	48235000
chr2	48240000	48250000	2.0737725156738223	48245000
chr2	48250000	48260000	8.306502239249877	48255000
chr2	48260000	48270000	0.9931812483217082	48265000
chr2	48270000	48280000	1.432684106847587	48275000
chr2	48280000	48290000	1.3075395308461562	48285000
chr2	48290000	48300000	1.6753827473997973	48295000
chr2	48300000	48310000	2.8871287481172128	48305000
chr2	48310000	48320000	1.8169273950488782	48315000
chr2	48320000	48330000	1.8872737204101449	48325000
chr2	48330000	48340000	6.81603270587781	48335000
chr2	48340000	48350000	3.5641300236047804	48345000
chr2	48350000	48360000	1.6811757201863642	48355000
chr2	48360000	48370000	1.4064239180694456	48365000
chr2	48370000	48380000	3.001790606945104	48375000
chr2	48380000	48390000	2.7379432255646043	48385000
chr2	48390000	48400000	1.9853471341428406	48395000
chr2	48400000	48410000	1.4288769981883918	48405000
chr2	48410000	48420000	1.7541404422567182	48415000
chr2	48420000	48430000	3.952629433019999	48425000
chr2	48430000	48440000	2.370645791976241	48435000
chr2	48440000	48450000	1.6511732432227482	48445000
chr2	48450000	48460000	2.5076119242474815	48455000
chr2	48460000	48470000	3.521807806293275	48465000
chr2	48470000	48480000	1.9920355273029866	48475000
chr2	48480000	48490000	3.9480391790513547	48485000
chr2	48490000	48500000	4.047465130935029	48495000
chr2	48500000	48510000	1.7863854330549247	48505000
chr2	48510000	48520000	0.8932938134192077	48515000
chr2	48520000	48530000	0.7550772980934011	48525000
chr2	48530000	48540000	2.031768303682936	48535000
chr2	48540000	48550000	2.957967075374147	48545000
chr2	48550000	48560000	3.0775945862793064	48555000
chr2	48560000	48570000	2.205416096013591	48565000
chr2	48570000	48580000	1.4536575741075695	48575000
chr2	48580000	48590000	2.4200864024876525	48585000
chr2	48590000	48600000	1.6341967974246765	48595000
chr2	48600000	48610000	1.1953522462027304	48605000
chr2	48610000	48620000	1.9197772749046673	48615000
chr2	48620000	48630000	3.806446647894155	48625000
chr2	48630000	48640000	3.8413643171509992	48635000
chr2	48640000	48650000	14.10603632084691	48645000
chr2	48650000	48660000	11.17406563976003	48655000
chr2	48660000	48670000	0.9137935565561084	48665000
chr2	48670000	48680000	1.3215821828947112	48675000
chr2	48680000	48690000	1.7382020983998776	48685000
chr2	48690000	48700000	1.4819778834416306	48695000
chr2	48700000	48710000	2.3882294471503958	48705000
chr2	48710000	48720000	2.5843225763937343	48715000
chr2	48720000	48730000	1.7432172982580303	48725000
chr2	48730000	48740000	1.239675606547378	48735000
chr2	48740000	48750000	2.30057816859662	48745000
chr2	48750000	48760000	2.360468505929856	48755000
chr2	48760000	48770000	3.770656407909512	48765000
chr2	48770000	48780000	1.4265776540642074	48775000
chr2	48780000	48790000	2.389188837876841	48785000
chr2	48790000	48800000	1.9567832995052503	48795000
chr2	48800000	48810000	3.0146350506251065	48805000
chr2	48810000	48820000	1.0129144755116302	48815000
chr2	48820000	48830000	0.72264052806604	48825000
chr2	48830000	48840000	1.3399349959774691	48835000
chr2	48840000	48850000	2.1973901006908902	48845000
chr2	48850000	48860000	1.587206891039648	48855000
chr2	48860000	48870000	1.496893199635413	48865000
chr2	48870000	48880000	1.6205757478890188	48875000
chr2	48880000	48890000	1.8813844362830368	48885000
chr2	48890000	48900000	1.0422892155783583	48895000
chr2	48900000	48910000	1.5713448891260182	48905000
chr2	48910000	48920000	1.2100475665295771	48915000
chr2	48920000	48930000	0.9709442005419242	48925000
chr2	48930000	48940000	1.8130470500536404	48935000
chr2	48940000	48950000	1.4623893488470883	48945000
chr2	48950000	48960000	2.2688222593736365	48955000
chr2	48960000	48970000	3.0838731202111185	48965000
chr2	48970000	48980000	3.3517043286444466	48975000
chr2	48980000	48990000	1.6287864087234027	48985000
chr2	48990000	49000000	2.628451722290199	48995000
chr2	49000000	49010000	2.334046438513612	49005000
chr2	49010000	49020000	2.994359383688323	49015000
chr2	49020000	49030000	2.1838099247854985	49025000
chr2	49030000	49040000	2.1222806155826364	49035000
chr2	49040000	49050000	1.5317567965758319	49045000
chr2	49050000	49060000	3.4936212583400934	49055000
chr2	49060000	49070000	4.377991809547972	49065000
chr2	49070000	49080000	4.681875772920875	49075000
chr2	49080000	49090000	4.002504297711155	49085000
chr2	49090000	49100000	2.37887450255941	49095000
chr2	49100000	49110000	1.303935928358107	49105000
chr2	49110000	49120000	1.0321931983493589	49115000
chr2	49120000	49130000	0.9178913416797242	49125000
chr2	49130000	49140000	13.72594183508217	49135000
chr2	49140000	49150000	1.5512364886368248	49145000
chr2	49150000	49160000	11.04211479081439	49155000
chr2	49160000	49170000	3.4838018238025654	49165000
chr2	49170000	49180000	1.5764591724329367	49175000
chr2	49180000	49190000	0.9574274299555446	49185000
chr2	49190000	49200000	5.241146667918166	49195000
chr2	49200000	49210000	1.7495038215080552	49205000
chr2	49210000	49220000	2.464745521006208	49215000
chr2	49220000	49230000	2.5774919536029666	49225000
chr2	49230000	49240000	2.642750451057315	49235000
chr2	49240000	49250000	2.8003101612481376	49245000
chr2	49250000	49260000	2.3777598058383913	49255000
chr2	49260000	49270000	3.664193559065278	49265000
chr2	49270000	49280000	3.636252955438306	49275000
chr2	49280000	49290000	12.759209683450338	49285000
chr2	49290000	49300000	9.820761199350535	49295000
chr2	49300000	49310000	3.86648828796876	49305000
chr2	49310000	49320000	2.858861968899052	49315000
chr2	49320000	49330000	1.2762442385753228	49325000
chr2	49330000	49340000	1.2036702438351923	49335000
chr2	49340000	49350000	7.491120687089841	49345000
chr2	49350000	49360000	0.7580383876608732	49355000
chr2	49360000	49370000	0.5039169130508604	49365000
chr2	49370000	49380000	2.2108528381736354	49375000
chr2	49380000	49390000	2.7465692542149798	49385000
chr2	49390000	49400000	6.9913228195329555	49395000
chr2	49400000	49410000	4.099301339929859	49405000
chr2	49410000	49420000	3.1325025637832176	49415000
chr2	49420000	49430000	2.1852798212800852	49425000
chr2	49430000	49440000	11.757611680948186	49435000
chr2	49440000	49450000	1.1198139476824234	49445000
chr2	49450000	49460000	1.5268031676263785	49455000
chr2	49460000	49470000	1.9373113295227704	49465000
chr2	49470000	49480000	9.620966059191923	49475000
chr2	49480000	49490000	2.9489937971068563	49485000
chr2	49490000	49500000	1.401380905306875	49495000
chr2	49500000	49510000	1.800610897354797	49505000
chr2	49510000	49520000	1.2833458049681334	49515000
chr2	49520000	49530000	1.5249930080090732	49525000
chr2	49530000	49540000	3.1838533863363443	49535000
chr2	49540000	49550000	4.582493318818297	49545000
chr2	49550000	49560000	3.669015457608375	49555000
chr2	49560000	49570000	1.2359035418353639	49565000
chr2	49570000	49580000	3.169624211768893	49575000
chr2	49580000	49590000	0.9137053876045297	49585000
chr2	49590000	49600000	1.1180334694023442	49595000
chr2	49600000	49610000	2.623827032530919	49605000
chr2	49610000	49620000	2.5658796788096727	49615000
chr2	49620000	49630000	0.9847030833069336	49625000
chr2	49630000	49640000	1.070508653897543	49635000
chr2	49640000	49650000	2.9428195782580384	49645000
chr2	49650000	49660000	3.258667266070178	49655000
chr2	49660000	49670000	2.6425041341987163	49665000
chr2	49670000	49680000	2.5893466012734985	49675000
chr2	49680000	49690000	1.6213756815402762	49685000
chr2	49690000	49700000	1.976169609568938	49695000
chr2	49700000	49710000	2.5101533978772856	49705000
chr2	49710000	49720000	5.494293063367158	49715000
chr2	49720000	49730000	2.9834161712611937	49725000
chr2	49730000	49740000	4.06097127236314	49735000
chr2	49740000	49750000	2.267157651875917	49745000
chr2	49750000	49760000	3.2547814749718933	49755000
chr2	49760000	49770000	1.8430208683823315	49765000
chr2	49770000	49780000	2.2209769965538437	49775000
chr2	49780000	49790000	2.0203671311256874	49785000
chr2	49790000	49800000	1.9559988942925601	49795000
chr2	49800000	49810000	2.9506318793447575	49805000
chr2	49810000	49820000	2.460885138812513	49815000
chr2	49820000	49830000	2.3328272629741114	49825000
chr2	49830000	49840000	2.39461674157128	49835000
chr2	49840000	49850000	2.460493829488245	49845000
chr2	49850000	49860000	4.714642187281325	49855000
chr2	49860000	49870000	11.202155723225204	49865000
chr2	49870000	49880000	4.029654913827641	49875000
chr2	49880000	49890000	2.3088627163893243	49885000
chr2	49890000	49900000	2.2460343547035904	49895000
chr2	49900000	49910000	2.217319891094848	49905000
chr2	49910000	49920000	3.8009361276470885	49915000
chr2	49920000	49930000	2.0744233467691457	49925000
chr2	49930000	49940000	1.4614538506973331	49935000
chr2	49940000	49950000	1.3513842187609535	49945000
chr2	49950000	49960000	1.836787519324049	49955000
chr2	49960000	49970000	1.7739242562495177	49965000
chr2	49970000	49980000	4.871809121575281	49975000
chr2	49980000	49990000	3.724213637216797	49985000
chr2	49990000	50000000	4.638279860121887	49995000
chr2	50000000	50010000	2.9120096176083488	50005000
chr2	50010000	50020000	3.6279208127492373	50015000
chr2	50020000	50030000	1.7268005792138912	50025000
chr2	50030000	50040000	2.766269310344681	50035000
chr2	50040000	50050000	1.7174966181457982	50045000
chr2	50050000	50060000	2.1602434830226365	50055000
chr2	50060000	50070000	2.2176964056903294	50065000
chr2	50070000	50080000	9.645443954486531	50075000
chr2	50080000	50090000	1.0611539301071835	50085000
chr2	50090000	50100000	3.0963716019488863	50095000
chr2	50100000	50110000	2.7603171591166014	50105000
chr2	50110000	50120000	4.328141896110238	50115000
chr2	50120000	50130000	5.1001728701806135	50125000
chr2	50130000	50140000	3.088185331702356	50135000
chr2	50140000	50150000	3.3957029167127697	50145000
chr2	50150000	50160000	5.905767098784841	50155000
chr2	50160000	50170000	4.688368776123076	50165000
chr2	50170000	50180000	4.509047996835896	50175000
chr2	50180000	50190000	6.472011157891415	50185000
chr2	50190000	50200000	0.5823865032077807	50195000
chr2	50200000	50210000	3.109719276889834	50205000
chr2	50210000	50220000	2.360545699972752	50215000
chr2	50220000	50230000	2.970695803032668	50225000
chr2	50230000	50240000	1.837375708754768	50235000
chr2	50240000	50250000	2.9295347754977143	50245000
chr2	50250000	50260000	0.6481222645530835	50255000
chr2	50260000	50270000	1.073350649088716	50265000
chr2	50270000	50280000	1.1190110515642127	50275000
chr2	50280000	50290000	0.8780423603971773	50285000
chr2	50290000	50300000	1.2867818105204243	50295000
chr2	50300000	50310000	3.5572860032901596	50305000
chr2	50310000	50320000	5.368404798144093	50315000
chr2	50320000	50330000	4.586461599977724	50325000
chr2	50330000	50340000	4.483003160455546	50335000
chr2	50340000	50350000	4.925992621327822	50345000
chr2	50350000	50360000	3.6095430549227023	50355000
chr2	50360000	50370000	2.955740105846663	50365000
chr2	50370000	50380000	3.0458481546003315	50375000
chr2	50380000	50390000	1.2785620783740612	50385000
chr2	50390000	50400000	7.7910204907445	50395000
chr2	50400000	50410000	2.021396816340389	50405000
chr2	50410000	50420000	2.1629519450359758	50415000
chr2	50420000	50430000	9.794823111861989	50425000
chr2	50430000	50440000	2.9010006831344386	50435000
chr2	50440000	50450000	2.009164784016636	50445000
chr2	50450000	50460000	5.057388712874987	50455000
chr2	50460000	50470000	0.9868232898153189	50465000
chr2	50470000	50480000	2.8448089552029754	50475000
chr2	50480000	50490000	4.596168342107099	50485000
chr2	50490000	50500000	0.6755928663287452	50495000
chr2	50500000	50510000	1.5434090906777413	50505000
chr2	50510000	50520000	3.706882714322695	50515000
chr2	50520000	50530000	4.362311159644357	50525000
chr2	50530000	50540000	3.5350216307933584	50535000
chr2	50540000	50550000	2.693540030625066	50545000
chr2	50550000	50560000	2.6342982050037103	50555000
chr2	50560000	50570000	3.4527031627447236	50565000
chr2	50570000	50580000	5.872479484886043	50575000
chr2	50580000	50590000	3.2810794524375244	50585000
chr2	50590000	50600000	4.500756554931393	50595000
chr2	50600000	50610000	4.443339558004644	50605000
chr2	50610000	50620000	3.4337414166248013	50615000
chr2	50620000	50630000	6.417118494070936	50625000
chr2	50630000	50640000	2.915258633612284	50635000
chr2	50640000	50650000	2.824505308092294	50645000
chr2	50650000	50660000	1.6199807944213422	50655000
chr2	50660000	50670000	2.7676407109746646	50665000
chr2	50670000	50680000	2.0702689106917207	50675000
chr2	50680000	50690000	2.6831990018189313	50685000
chr2	50690000	50700000	4.203420797676839	50695000
chr2	50700000	50710000	3.7982657511717295	50705000
chr2	50710000	50720000	7.7443559486529585	50715000
chr2	50720000	50730000	5.348789800178152	50725000
chr2	50730000	50740000	2.3641044430817097	50735000
chr2	50740000	50750000	1.3663447664366806	50745000
chr2	50750000	50760000	0.6782949396431918	50755000
chr2	50760000	50770000	0.5385968428904114	50765000
chr2	50770000	50780000	0.8517975466236714	50775000
chr2	50780000	50790000	1.1779725169113797	50785000
chr2	50790000	50800000	3.4970654438386486	50795000
chr2	50800000	50810000	6.221977836467305	50805000
chr2	50810000	50820000	10.466348788025243	50815000
chr2	50820000	50830000	6.146656805890109	50825000
chr2	50830000	50840000	2.1523222625750034	50835000
chr2	50840000	50850000	1.52113331795115	50845000
chr2	50850000	50860000	1.4728797260449067	50855000
chr2	50860000	50870000	4.30363206042162	50865000
chr2	50870000	50880000	3.032538028921765	50875000
chr2	50880000	50890000	2.784645863384267	50885000
chr2	50890000	50900000	1.521209044581474	50895000
chr2	50900000	50910000	1.0032531223680758	50905000
chr2	50910000	50920000	2.1204939736669117	50915000
chr2	50920000	50930000	2.5422331307802213	50925000
chr2	50930000	50940000	3.7937318834693334	50935000
chr2	50940000	50950000	1.9033287167848887	50945000
chr2	50950000	50960000	0.8356987841703917	50955000
chr2	50960000	50970000	1.8380849420350962	50965000
chr2	50970000	50980000	3.027427305361225	50975000
chr2	50980000	50990000	2.507966264573594	50985000
chr2	50990000	51000000	4.897460163949943	50995000
chr2	51000000	51010000	5.4281217374072925	51005000
chr2	51010000	51020000	2.2366749097275846	51015000
chr2	51020000	51030000	2.543847027791284	51025000
chr2	51030000	51040000	1.92393359858935	51035000
chr2	51040000	51050000	3.711154352493967	51045000
chr2	51050000	51060000	4.455192649156811	51055000
chr2	51060000	51070000	3.784444676116057	51065000
chr2	51070000	51080000	3.6920955884754854	51075000
chr2	51080000	51090000	9.652889205376253	51085000
chr2	51090000	51100000	6.925490567564064	51095000
chr2	51100000	51110000	5.377657182818365	51105000
chr2	51110000	51120000	4.741831798115708	51115000
chr2	51120000	51130000	0.8271725198139755	51125000
chr2	51130000	51140000	11.54462587931756	51135000
chr2	51140000	51150000	1.5638589959786884	51145000
chr2	51150000	51160000	0.596257189385472	51155000
chr2	51160000	51170000	0.9552160808778277	51165000
chr2	51170000	51180000	7.402078086866736	51175000
chr2	51180000	51190000	1.555574896881358	51185000
chr2	51190000	51200000	2.5220127074703567	51195000
chr2	51200000	51210000	1.5849045984615169	51205000
chr2	51210000	51220000	4.595532913412728	51215000
chr2	51220000	51230000	5.011389355692368	51225000
chr2	51230000	51240000	1.2632194389895361	51235000
chr2	51240000	51250000	3.299684918961855	51245000
chr2	51250000	51260000	5.641443302641018	51255000
chr2	51260000	51270000	1.745120807283432	51265000
chr2	51270000	51280000	3.7008765409140856	51275000
chr2	51280000	51290000	1.89825623709815	51285000
chr2	51290000	51300000	1.7035804422938128	51295000
chr2	51300000	51310000	7.270051340842997	51305000
chr2	51310000	51320000	2.8119173899871672	51315000
chr2	51320000	51330000	2.0582776815788715	51325000
chr2	51330000	51340000	1.6676480335255301	51335000
chr2	51340000	51350000	1.2606410297676198	51345000
chr2	51350000	51360000	2.916385428418001	51355000
chr2	51360000	51370000	4.187884839200258	51365000
chr2	51370000	51380000	4.896496534493471	51375000
chr2	51380000	51390000	12.352539466252091	51385000
chr2	51390000	51400000	6.966719258590381	51395000
chr2	51400000	51410000	3.916221935663254	51405000
chr2	51410000	51420000	8.39207583849688	51415000
chr2	51420000	51430000	1.2917771104364808	51425000
chr2	51430000	51440000	2.259774023489489	51435000
chr2	51440000	51450000	0.5663265318635617	51445000
chr2	51450000	51460000	1.37591966655746	51455000
chr2	51460000	51470000	1.3729155609849366	51465000
chr2	51470000	51480000	2.5936189141689274	51475000
chr2	51480000	51490000	2.623196030300209	51485000
chr2	51490000	51500000	2.66932837873218	51495000
chr2	51500000	51510000	7.7432365593711365	51505000
chr2	51510000	51520000	2.2673351210336135	51515000
chr2	51520000	51530000	6.006266997301388	51525000
chr2	51530000	51540000	1.5541359296704518	51535000
chr2	51540000	51550000	0.6475396167286019	51545000
chr2	51550000	51560000	0.4049386256006333	51555000
chr2	51560000	51570000	0.6284738458832774	51565000
chr2	51570000	51580000	2.047436057106004	51575000
chr2	51580000	51590000	1.9126339102780103	51585000
chr2	51590000	51600000	4.9093528035597425	51595000
chr2	51600000	51610000	4.323103962795776	51605000
chr2	51610000	51620000	2.85418083156179	51615000
chr2	51620000	51630000	3.9499330718136973	51625000
chr2	51630000	51640000	5.6259650249239375	51635000
chr2	51640000	51650000	24.551240155506896	51645000
chr2	51650000	51660000	2.7426053732205804	51655000
chr2	51660000	51670000	2.843953250453714	51665000
chr2	51670000	51680000	2.8582541559268413	51675000
chr2	51680000	51690000	2.708426164094879	51685000
chr2	51690000	51700000	1.2816801970066876	51695000
chr2	51700000	51710000	1.4430924927962123	51705000
chr2	51710000	51720000	3.5056974760228368	51715000
chr2	51720000	51730000	0.8261974723980646	51725000
chr2	51730000	51740000	1.282425589716041	51735000
chr2	51740000	51750000	1.1732485920293751	51745000
chr2	51750000	51760000	5.009035534435003	51755000
chr2	51760000	51770000	15.303351798692665	51765000
chr2	51770000	51780000	2.85307011634922	51775000
chr2	51780000	51790000	2.321077356175272	51785000
chr2	51790000	51800000	3.3131307361985667	51795000
chr2	51800000	51810000	3.8786832622122285	51805000
chr2	51810000	51820000	5.3647929772899285	51815000
chr2	51820000	51830000	4.4726456174250595	51825000
chr2	51830000	51840000	2.8438320136867374	51835000
chr2	51840000	51850000	2.707643502426653	51845000
chr2	51850000	51860000	4.4413620743529085	51855000
chr2	51860000	51870000	2.3073102743090668	51865000
chr2	51870000	51880000	1.8829370213705623	51875000
chr2	51880000	51890000	4.139084898190747	51885000
chr2	51890000	51900000	2.7579836313412316	51895000
chr2	51900000	51910000	4.175676833888897	51905000
chr2	51910000	51920000	2.43087091472831	51915000
chr2	51920000	51930000	1.4264398109061232	51925000
chr2	51930000	51940000	2.773538463398779	51935000
chr2	51940000	51950000	0.8762429202551582	51945000
chr2	51950000	51960000	2.71463961039426	51955000
chr2	51960000	51970000	5.120565720245729	51965000
chr2	51970000	51980000	1.0192766062560794	51975000
chr2	51980000	51990000	1.142085072263267	51985000
chr2	51990000	52000000	3.1875020627099824	51995000
chr2	52000000	52010000	1.2095318095687655	52005000
chr2	52010000	52020000	1.261777579039828	52015000
chr2	52020000	52030000	1.7742455828626102	52025000
chr2	52030000	52040000	2.87388147369573	52035000
chr2	52040000	52050000	0.7191637545446513	52045000
chr2	52050000	52060000	1.3928921537078114	52055000
chr2	52060000	52070000	0.5831835387068011	52065000
chr2	52070000	52080000	1.3592708195779297	52075000
chr2	52080000	52090000	2.345515195333002	52085000
chr2	52090000	52100000	3.231788249643646	52095000
chr2	52100000	52110000	2.652698932873542	52105000
chr2	52110000	52120000	2.7535496191181825	52115000
chr2	52120000	52130000	3.3728007809463323	52125000
chr2	52130000	52140000	6.526360344066212	52135000
chr2	52140000	52150000	25.4092768871255	52145000
chr2	52150000	52160000	2.1473161475412144	52155000
chr2	52160000	52170000	0.6841409986196	52165000
chr2	52170000	52180000	0.32629956614727695	52175000
chr2	52180000	52190000	0.5934213341274694	52185000
chr2	52190000	52200000	3.704994387234483	52195000
chr2	52200000	52210000	3.709377460119565	52205000
chr2	52210000	52220000	1.690518177703326	52215000
chr2	52220000	52230000	0.9126670605362108	52225000
chr2	52230000	52240000	0.9267139742894547	52235000
chr2	52240000	52250000	3.672879013789457	52245000
chr2	52250000	52260000	7.2211211410981	52255000
chr2	52260000	52270000	3.982768947574646	52265000
chr2	52270000	52280000	1.7681580932983274	52275000
chr2	52280000	52290000	3.5015350569482226	52285000
chr2	52290000	52300000	4.142689009625297	52295000
chr2	52300000	52310000	4.796995509350328	52305000
chr2	52310000	52320000	0.7583945492072597	52315000
chr2	52320000	52330000	0.5810897010608056	52325000
chr2	52330000	52340000	0.7634161020814999	52335000
chr2	52340000	52350000	1.132249887742839	52345000
chr2	52350000	52360000	4.855421818074282	52355000
chr2	52360000	52370000	15.539197741984156	52365000
chr2	52370000	52380000	4.4698399681675935	52375000
chr2	52380000	52390000	2.103502459198577	52385000
chr2	52390000	52400000	1.063605531992436	52395000
chr2	52400000	52410000	2.8370764439767107	52405000
chr2	52410000	52420000	5.185971364089872	52415000
chr2	52420000	52430000	1.7010243493279706	52425000
chr2	52430000	52440000	9.763091147122921	52435000
chr2	52440000	52450000	5.266335436185124	52445000
chr2	52450000	52460000	6.056655235015177	52455000
chr2	52460000	52470000	2.8599909558489505	52465000
chr2	52470000	52480000	2.1952724898919733	52475000
chr2	52480000	52490000	2.1865320503169197	52485000
chr2	52490000	52500000	1.1512174154756842	52495000
chr2	52500000	52510000	1.0116076483828182	52505000
chr2	52510000	52520000	1.7358891205272045	52515000
chr2	52520000	52530000	4.736143858473786	52525000
chr2	52530000	52540000	2.7738384894978996	52535000
chr2	52540000	52550000	0.2322372005535001	52545000
chr2	52550000	52560000	0.2513495858174935	52555000
chr2	52560000	52570000	0.08187099998109106	52565000
chr2	52570000	52580000	0.27689653220361904	52575000
chr2	52580000	52590000	0.4948270403127045	52585000
chr2	52590000	52600000	0.41116847500026016	52595000
chr2	52600000	52610000	0.1659488368122889	52605000
chr2	52610000	52620000	0.16609303104545983	52615000
chr2	52620000	52630000	0.4112264353191498	52625000
chr2	52630000	52640000	0.4471356665055076	52635000
chr2	52640000	52650000	5.5593222676215985	52645000
chr2	52650000	52660000	2.6089036643943393	52655000
chr2	52660000	52670000	3.481457815616303	52665000
chr2	52670000	52680000	4.819231827384331	52675000
chr2	52680000	52690000	3.1862398162844605	52685000
chr2	52690000	52700000	3.8830754946878114	52695000
chr2	52700000	52710000	4.408167170054392	52705000
chr2	52710000	52720000	3.360583114241229	52715000
chr2	52720000	52730000	9.93681057128756	52725000
chr2	52730000	52740000	1.6441994803057929	52735000
chr2	52740000	52750000	2.078892440766735	52745000
chr2	52750000	52760000	1.0493991988865783	52755000
chr2	52760000	52770000	5.43018948562497	52765000
chr2	52770000	52780000	3.14149297456019	52775000
chr2	52780000	52790000	9.77317446546107	52785000
chr2	52790000	52800000	3.487774137284686	52795000
chr2	52800000	52810000	6.215400376592532	52805000
chr2	52810000	52820000	2.0937469357765393	52815000
chr2	52820000	52830000	2.935146960996788	52825000
chr2	52830000	52840000	2.397126271751701	52835000
chr2	52840000	52850000	2.271416410539818	52845000
chr2	52850000	52860000	2.452053815141107	52855000
chr2	52860000	52870000	2.041142631585693	52865000
chr2	52870000	52880000	2.295047758878142	52875000
chr2	52880000	52890000	4.606281962097089	52885000
chr2	52890000	52900000	17.8737005028991	52895000
chr2	52900000	52910000	2.548637066045426	52905000
chr2	52910000	52920000	2.0866761567039456	52915000
chr2	52920000	52930000	10.357314940233483	52925000
chr2	52930000	52940000	0.885019909785194	52935000
chr2	52940000	52950000	2.165682622202826	52945000
chr2	52950000	52960000	11.094218552227861	52955000
chr2	52960000	52970000	1.7047126570461928	52965000
chr2	52970000	52980000	10.9369016962937	52975000
chr2	52980000	52990000	3.260457005869598	52985000
chr2	52990000	53000000	0.9639419290707424	52995000
chr2	53000000	53010000	2.7840156130529716	53005000
chr2	53010000	53020000	3.3767557696278625	53015000
chr2	53020000	53030000	4.2957391858290395	53025000
chr2	53030000	53040000	4.513479269488283	53035000
chr2	53040000	53050000	7.053778505247139	53045000
chr2	53050000	53060000	3.0757893159120564	53055000
chr2	53060000	53070000	2.7899672266777844	53065000
chr2	53070000	53080000	4.636872580231614	53075000
chr2	53080000	53090000	3.059849848627274	53085000
chr2	53090000	53100000	2.893328828094863	53095000
chr2	53100000	53110000	2.3884071990242974	53105000
chr2	53110000	53120000	3.0107001292133315	53115000
chr2	53120000	53130000	2.264309081144824	53125000
chr2	53130000	53140000	1.8954250479029964	53135000
chr2	53140000	53150000	0.9979759249353511	53145000
chr2	53150000	53160000	0.8536428235934123	53155000
chr2	53160000	53170000	1.1136243467549414	53165000
chr2	53170000	53180000	3.481277263907242	53175000
chr2	53180000	53190000	1.920991847181634	53185000
chr2	53190000	53200000	1.2630637994815141	53195000
chr2	53200000	53210000	0.899452473393357	53205000
chr2	53210000	53220000	1.5758598379388644	53215000
chr2	53220000	53230000	1.995444734026997	53225000
chr2	53230000	53240000	1.260496648966963	53235000
chr2	53240000	53250000	0.622123514857626	53245000
chr2	53250000	53260000	1.064577381202314	53255000
chr2	53260000	53270000	0.8679321079103219	53265000
chr2	53270000	53280000	2.128368576842171	53275000
chr2	53280000	53290000	11.964652583412468	53285000
chr2	53290000	53300000	2.8842805735842365	53295000
chr2	53300000	53310000	2.330089922602451	53305000
chr2	53310000	53320000	1.8948542259706296	53315000
chr2	53320000	53330000	0.7013255595877658	53325000
chr2	53330000	53340000	2.425324961916716	53335000
chr2	53340000	53350000	2.1997656964871846	53345000
chr2	53350000	53360000	0.9653758595481611	53355000
chr2	53360000	53370000	1.6461274956993528	53365000
chr2	53370000	53380000	1.682040548503833	53375000
chr2	53380000	53390000	2.8794910129530775	53385000
chr2	53390000	53400000	1.7787271037007748	53395000
chr2	53400000	53410000	2.82294573330044	53405000
chr2	53410000	53420000	8.317964372514085	53415000
chr2	53420000	53430000	1.4036793056581225	53425000
chr2	53430000	53440000	4.467455381489177	53435000
chr2	53440000	53450000	1.434914440568915	53445000
chr2	53450000	53460000	9.936655501743717	53455000
chr2	53460000	53470000	2.4929277151220965	53465000
chr2	53470000	53480000	8.944055833504189	53475000
chr2	53480000	53490000	5.268286897170988	53485000
chr2	53490000	53500000	3.7211686784483478	53495000
chr2	53500000	53510000	7.990879312505216	53505000
chr2	53510000	53520000	5.3143518773473035	53515000
chr2	53520000	53530000	12.554152302778766	53525000
chr2	53530000	53540000	8.065531481040376	53535000
chr2	53540000	53550000	2.7199709165410133	53545000
chr2	53550000	53560000	2.92978502237375	53555000
chr2	53560000	53570000	3.1264908238678677	53565000
chr2	53570000	53580000	4.83974086638551	53575000
chr2	53580000	53590000	2.3696739629683488	53585000
chr2	53590000	53600000	8.29549153548683	53595000
chr2	53600000	53610000	0.6310329100376395	53605000
chr2	53610000	53620000	0.5257411348575532	53615000
chr2	53620000	53630000	0.5786525590707285	53625000
chr2	53630000	53640000	1.376664422109525	53635000
chr2	53640000	53650000	2.8296668028243914	53645000
chr2	53650000	53660000	8.035856120344175	53655000
chr2	53660000	53670000	7.753945032861836	53665000
chr2	53670000	53680000	10.2904036999653	53675000
chr2	53680000	53690000	5.729412507707802	53685000
chr2	53690000	53700000	4.835706717902758	53695000
chr2	53700000	53710000	2.943304729908288	53705000
chr2	53710000	53720000	4.149404505892708	53715000
chr2	53720000	53730000	3.6005073997193877	53725000
chr2	53730000	53740000	3.743808190970484	53735000
chr2	53740000	53750000	12.6528304816486	53745000
chr2	53750000	53760000	3.300420688349369	53755000
chr2	53760000	53770000	4.433500798699705	53765000
chr2	53770000	53780000	6.414811227023306	53775000
chr2	53780000	53790000	10.559208300180966	53785000
chr2	53790000	53800000	2.529771894495267	53795000
chr2	53800000	53810000	2.5168766537859133	53805000
chr2	53810000	53820000	1.6445642684145267	53815000
chr2	53820000	53830000	9.880304712172139	53825000
chr2	53830000	53840000	3.5617072588219907	53835000
chr2	53840000	53850000	2.4058775725729027	53845000
chr2	53850000	53860000	9.359470030859748	53855000
chr2	53860000	53870000	2.3796509410507993	53865000
chr2	53870000	53880000	1.8418434623633886	53875000
chr2	53880000	53890000	0.7926867669958186	53885000
chr2	53890000	53900000	0.4913277279145643	53895000
chr2	53900000	53910000	1.0669019661481327	53905000
chr2	53910000	53920000	0.8244546814317808	53915000
chr2	53920000	53930000	1.146173423930704	53925000
chr2	53930000	53940000	2.1193753079560413	53935000
chr2	53940000	53950000	3.475051560642198	53945000
chr2	53950000	53960000	4.511095400727719	53955000
chr2	53960000	53970000	2.9864873885841936	53965000
chr2	53970000	53980000	2.560280073777875	53975000
chr2	53980000	53990000	15.692378256082192	53985000
chr2	53990000	54000000	2.0867310026558785	53995000
chr2	54000000	54010000	3.2744175100901223	54005000
chr2	54010000	54020000	9.01910888117021	54015000
chr2	54020000	54030000	11.395589826320286	54025000
chr2	54030000	54040000	9.443498472357327	54035000
chr2	54040000	54050000	7.233105680684038	54045000
chr2	54050000	54060000	10.964850451139093	54055000
chr2	54060000	54070000	9.50867273911459	54065000
chr2	54070000	54080000	7.246324423250075	54075000
chr2	54080000	54090000	2.6512253742462453	54085000
chr2	54090000	54100000	3.003405969552171	54095000
chr2	54100000	54110000	4.549247600020769	54105000
chr2	54110000	54120000	13.079477910861108	54115000
chr2	54120000	54130000	2.3574553350657483	54125000
chr2	54130000	54140000	2.478875272611215	54135000
chr2	54140000	54150000	2.205899025006642	54145000
chr2	54150000	54160000	0.6362898698243622	54155000
chr2	54160000	54170000	2.2882950583974586	54165000
chr2	54170000	54180000	10.894322523919811	54175000
chr2	54180000	54190000	2.9573384119439017	54185000
chr2	54190000	54200000	1.914383652327309	54195000
chr2	54200000	54210000	4.912495576535836	54205000
chr2	54210000	54220000	6.9329923691939825	54215000
chr2	54220000	54230000	8.733844309053145	54225000
chr2	54230000	54240000	5.842819506238585	54235000
chr2	54240000	54250000	4.239111842864819	54245000
chr2	54250000	54260000	12.819910080514422	54255000
chr2	54260000	54270000	1.907784857653146	54265000
chr2	54270000	54280000	1.8520054987792203	54275000
chr2	54280000	54290000	3.036386067256328	54285000
chr2	54290000	54300000	2.2902349892398886	54295000
chr2	54300000	54310000	2.70350237264989	54305000
chr2	54310000	54320000	3.8653926837575017	54315000
chr2	54320000	54330000	2.311406601716194	54325000
chr2	54330000	54340000	6.443911156846537	54335000
chr2	54340000	54350000	2.6610617172176534	54345000
chr2	54350000	54360000	7.112322043304234	54355000
chr2	54360000	54370000	4.254234940429389	54365000
chr2	54370000	54380000	3.3888716723536882	54375000
chr2	54380000	54390000	4.984926889483083	54385000
chr2	54390000	54400000	3.7997535956833643	54395000
chr2	54400000	54410000	8.466824318053678	54405000
chr2	54410000	54420000	4.452074836643612	54415000
chr2	54420000	54430000	16.36444454518739	54425000
chr2	54430000	54440000	3.5531431185743174	54435000
chr2	54440000	54450000	2.031964749900768	54445000
chr2	54450000	54460000	9.123206591962228	54455000
chr2	54460000	54470000	2.892212639509804	54465000
chr2	54470000	54480000	1.7406012746105959	54475000
chr2	54480000	54490000	2.009141071257523	54485000
chr2	54490000	54500000	3.7422486265093697	54495000
chr2	54500000	54510000	2.0207950235801446	54505000
chr2	54510000	54520000	2.9085610385957272	54515000
chr2	54520000	54530000	2.648018697427102	54525000
chr2	54530000	54540000	3.058664034498433	54535000
chr2	54540000	54550000	1.684756736830977	54545000
chr2	54550000	54560000	3.411728517851365	54555000
chr2	54560000	54570000	2.538182241343382	54565000
chr2	54570000	54580000	2.83021325712185	54575000
chr2	54580000	54590000	3.3761260574316743	54585000
chr2	54590000	54600000	4.57398529362679	54595000
chr2	54600000	54610000	3.8920110522556746	54605000
chr2	54610000	54620000	2.1606483124598537	54615000
chr2	54620000	54630000	2.9646028217362757	54625000
chr2	54630000	54640000	1.3307816935818997	54635000
chr2	54640000	54650000	5.096650297188526	54645000
chr2	54650000	54660000	1.2311666598720468	54655000
chr2	54660000	54670000	1.8747880312516558	54665000
chr2	54670000	54680000	3.0301387740421277	54675000
chr2	54680000	54690000	1.6511622542437094	54685000
chr2	54690000	54700000	2.984155590140019	54695000
chr2	54700000	54710000	2.8933647044532025	54705000
chr2	54710000	54720000	3.403680386981303	54715000
chr2	54720000	54730000	1.3458228435704602	54725000
chr2	54730000	54740000	1.8358399075270146	54735000
chr2	54740000	54750000	0.8245744238216334	54745000
chr2	54750000	54760000	2.5994487154668415	54755000
chr2	54760000	54770000	1.1101191817069267	54765000
chr2	54770000	54780000	3.4605408920587544	54775000
chr2	54780000	54790000	3.4705815553868913	54785000
chr2	54790000	54800000	3.069595738255627	54795000
chr2	54800000	54810000	4.197871072795399	54805000
chr2	54810000	54820000	2.9556408849610407	54815000
chr2	54820000	54830000	2.35500170026146	54825000
chr2	54830000	54840000	3.243877118599329	54835000
chr2	54840000	54850000	2.1004094983305386	54845000
chr2	54850000	54860000	1.4213580670943808	54855000
chr2	54860000	54870000	7.979375337728999	54865000
chr2	54870000	54880000	4.792863709641052	54875000
chr2	54880000	54890000	2.6306686102797605	54885000
chr2	54890000	54900000	3.002572115166693	54895000
chr2	54900000	54910000	2.5175868415363127	54905000
chr2	54910000	54920000	2.9558171606576678	54915000
chr2	54920000	54930000	2.8667804791734834	54925000
chr2	54930000	54940000	2.3945966707656714	54935000
chr2	54940000	54950000	2.5623414627354086	54945000
chr2	54950000	54960000	3.489535928871871	54955000
chr2	54960000	54970000	2.830457320979272	54965000
chr2	54970000	54980000	4.8300128080436835	54975000
chr2	54980000	54990000	3.7368050609104673	54985000
chr2	54990000	55000000	3.029705438840044	54995000
chr2	55000000	55010000	1.8166369232173005	55005000
chr2	55010000	55020000	2.109331455197407	55015000
chr2	55020000	55030000	2.426025315166466	55025000
chr2	55030000	55040000	4.078042793170568	55035000
chr2	55040000	55050000	3.589291572765164	55045000
chr2	55050000	55060000	3.3717895735096612	55055000
chr2	55060000	55070000	8.220344763075403	55065000
chr2	55070000	55080000	2.0989458014056375	55075000
chr2	55080000	55090000	3.0203929069171846	55085000
chr2	55090000	55100000	2.894294734543115	55095000
chr2	55100000	55110000	0.983781869247738	55105000
chr2	55110000	55120000	1.1175304861270465	55115000
chr2	55120000	55130000	1.8182520587035125	55125000
chr2	55130000	55140000	1.718528910341805	55135000
chr2	55140000	55150000	0.9282520310405205	55145000
chr2	55150000	55160000	0.5584828747366904	55155000
chr2	55160000	55170000	0.4910948161149433	55165000
chr2	55170000	55180000	6.824694408155004	55175000
chr2	55180000	55190000	3.4802448402518245	55185000
chr2	55190000	55200000	1.3952761943000471	55195000
chr2	55200000	55210000	1.092263793563799	55205000
chr2	55210000	55220000	0.9642461940583111	55215000
chr2	55220000	55230000	1.2839597077906408	55225000
chr2	55230000	55240000	0.7595169223835123	55235000
chr2	55240000	55250000	0.7556094829226718	55245000
chr2	55250000	55260000	1.5783419711100337	55255000
chr2	55260000	55270000	2.827096559749191	55265000
chr2	55270000	55280000	0.6578782424354975	55275000
chr2	55280000	55290000	1.1828682206408798	55285000
chr2	55290000	55300000	1.4387119327342206	55295000
chr2	55300000	55310000	2.364138018148062	55305000
chr2	55310000	55320000	1.7409657366071039	55315000
chr2	55320000	55330000	1.0027025551755948	55325000
chr2	55330000	55340000	1.9385827297662321	55335000
chr2	55340000	55350000	9.816158304230472	55345000
chr2	55350000	55360000	3.3179749259677416	55355000
chr2	55360000	55370000	1.3570729296774888	55365000
chr2	55370000	55380000	2.645628059926842	55375000
chr2	55380000	55390000	16.965857553061	55385000
chr2	55390000	55400000	1.942758688902674	55395000
chr2	55400000	55410000	1.3751993729608172	55405000
chr2	55410000	55420000	0.8410532242391799	55415000
chr2	55420000	55430000	0.45499608878851244	55425000
chr2	55430000	55440000	0.794345528371662	55435000
chr2	55440000	55450000	1.5108781191053682	55445000
chr2	55450000	55460000	1.382213622013936	55455000
chr2	55460000	55470000	1.9125165451271329	55465000
chr2	55470000	55480000	1.4115945520822337	55475000
chr2	55480000	55490000	0.8707997963007389	55485000
chr2	55490000	55500000	0.9964773719636377	55495000
chr2	55500000	55510000	1.1749140056695921	55505000
chr2	55510000	55520000	1.3401812270389264	55515000
chr2	55520000	55530000	1.298262807223901	55525000
chr2	55530000	55540000	2.2555587066623595	55535000
chr2	55540000	55550000	1.855554177661324	55545000
chr2	55550000	55560000	1.4527500872341186	55555000
chr2	55560000	55570000	1.902004492819859	55565000
chr2	55570000	55580000	1.7194573232110346	55575000
chr2	55580000	55590000	3.7920448983186756	55585000
chr2	55590000	55600000	9.990501903884793	55595000
chr2	55600000	55610000	6.678505592672058	55605000
chr2	55610000	55620000	4.7638121472089585	55615000
chr2	55620000	55630000	0.719873921580136	55625000
chr2	55630000	55640000	0.8846525615119962	55635000
chr2	55640000	55650000	0.49886808692863127	55645000
chr2	55650000	55660000	0.6716388756170348	55655000
chr2	55660000	55670000	0.9756763766423933	55665000
chr2	55670000	55680000	2.8736776312768546	55675000
chr2	55680000	55690000	9.918275140958364	55685000
chr2	55690000	55700000	3.0058321382228166	55695000
chr2	55700000	55710000	3.8955928038624124	55705000
chr2	55710000	55720000	1.5441322490545568	55715000
chr2	55720000	55730000	8.11820839604098	55725000
chr2	55730000	55740000	2.3340919828202913	55735000
chr2	55740000	55750000	5.047458158269755	55745000
chr2	55750000	55760000	3.1653103024172657	55755000
chr2	55760000	55770000	2.2725420557131435	55765000
chr2	55770000	55780000	1.1971417456840583	55775000
chr2	55780000	55790000	2.188473037269491	55785000
chr2	55790000	55800000	1.0740527851546846	55795000
chr2	55800000	55810000	0.8176760596364342	55805000
chr2	55810000	55820000	8.565608201215564	55815000
chr2	55820000	55830000	1.3934744603432738	55825000
chr2	55830000	55840000	1.0711921590211992	55835000
chr2	55840000	55850000	1.5297003807146545	55845000
chr2	55850000	55860000	2.139892053107212	55855000
chr2	55860000	55870000	10.18621593150591	55865000
chr2	55870000	55880000	9.379804050883495	55875000
chr2	55880000	55890000	6.040693388814475	55885000
chr2	55890000	55900000	6.122169748948505	55895000
chr2	55900000	55910000	2.10177260517246	55905000
chr2	55910000	55920000	5.721053569608354	55915000
chr2	55920000	55930000	2.2549828935456637	55925000
chr2	55930000	55940000	1.9136860313564428	55935000
chr2	55940000	55950000	5.893434473951622	55945000
chr2	55950000	55960000	2.2115335209997156	55955000
chr2	55960000	55970000	1.4075838310107405	55965000
chr2	55970000	55980000	1.8660672445507456	55975000
chr2	55980000	55990000	1.9286157953931162	55985000
chr2	55990000	56000000	2.2754140971936807	55995000
chr2	56000000	56010000	2.8751827646300625	56005000
chr2	56010000	56020000	1.4508516835547522	56015000
chr2	56020000	56030000	8.257531682168505	56025000
chr2	56030000	56040000	3.316564193327114	56035000
chr2	56040000	56050000	1.4279038023150958	56045000
chr2	56050000	56060000	3.0974991230732507	56055000
chr2	56060000	56070000	5.354113608509534	56065000
chr2	56070000	56080000	1.7637305930051985	56075000
chr2	56080000	56090000	0.9376112003163711	56085000
chr2	56090000	56100000	3.0647009616730845	56095000
chr2	56100000	56110000	2.0311885232273084	56105000
chr2	56110000	56120000	1.7128377601250806	56115000
chr2	56120000	56130000	2.700051244298701	56125000
chr2	56130000	56140000	6.721337949982353	56135000
chr2	56140000	56150000	1.762046468909197	56145000
chr2	56150000	56160000	1.998812040912355	56155000
chr2	56160000	56170000	1.3268268955696068	56165000
chr2	56170000	56180000	3.552764727490113	56175000
chr2	56180000	56190000	2.4690529430082018	56185000
chr2	56190000	56200000	2.308736354688149	56195000
chr2	56200000	56210000	1.2367796868640564	56205000
chr2	56210000	56220000	1.5266710297845951	56215000
chr2	56220000	56230000	1.0373822900912029	56225000
chr2	56230000	56240000	1.1599516592029593	56235000
chr2	56240000	56250000	1.5918905085801305	56245000
chr2	56250000	56260000	1.882761432792519	56255000
chr2	56260000	56270000	3.80248886238214	56265000
chr2	56270000	56280000	1.548371601977893	56275000
chr2	56280000	56290000	2.98723395850069	56285000
chr2	56290000	56300000	2.9216595407242694	56295000
chr2	56300000	56310000	3.8604800175209695	56305000
chr2	56310000	56320000	1.9238717232656926	56315000
chr2	56320000	56330000	1.5162570078183497	56325000
chr2	56330000	56340000	1.7908097435671302	56335000
chr2	56340000	56350000	0.9083821896029407	56345000
chr2	56350000	56360000	1.383571662214815	56355000
chr2	56360000	56370000	0.6795307100015769	56365000
chr2	56370000	56380000	6.136264121704553	56375000
chr2	56380000	56390000	1.5671994633217323	56385000
chr2	56390000	56400000	0.7524073371097848	56395000
chr2	56400000	56410000	6.28950581883182	56405000
chr2	56410000	56420000	0.8761858133940419	56415000
chr2	56420000	56430000	0.6871714283900199	56425000
chr2	56430000	56440000	1.3572898823209254	56435000
chr2	56440000	56450000	0.3820616675065566	56445000
chr2	56450000	56460000	0.3820616675065566	56455000
chr2	56460000	56470000	0.3820616675065566	56465000
chr2	56470000	56480000	0.6688681874851604	56475000
chr2	56480000	56490000	0.7201325842916974	56485000
chr2	56490000	56500000	0.6434543068778728	56495000
chr2	56500000	56510000	0.9791998199734657	56505000
chr2	56510000	56520000	1.6215121858271495	56515000
chr2	56520000	56530000	1.329439154585749	56525000
chr2	56530000	56540000	0.9899592542114017	56535000
chr2	56540000	56550000	1.4875357799032087	56545000
chr2	56550000	56560000	1.038192372858454	56555000
chr2	56560000	56570000	1.0913463758168953	56565000
chr2	56570000	56580000	1.6980976005117245	56575000
chr2	56580000	56590000	0.7166530689387489	56585000
chr2	56590000	56600000	1.384685543692024	56595000
chr2	56600000	56610000	1.358638194703882	56605000
chr2	56610000	56620000	0.6627561058208807	56615000
chr2	56620000	56630000	1.6019746596337656	56625000
chr2	56630000	56640000	1.243055291186363	56635000
chr2	56640000	56650000	1.2561514223191592	56645000
chr2	56650000	56660000	9.59850379770029	56655000
chr2	56660000	56670000	2.2985275548201325	56665000
chr2	56670000	56680000	0.9567083729479999	56675000
chr2	56680000	56690000	0.6625574951527113	56685000
chr2	56690000	56700000	1.4714357467108983	56695000
chr2	56700000	56710000	1.200854338794257	56705000
chr2	56710000	56720000	0.7533907150708555	56715000
chr2	56720000	56730000	1.3324456268402058	56725000
chr2	56730000	56740000	1.6814850690969934	56735000
chr2	56740000	56750000	2.64938637606483	56745000
chr2	56750000	56760000	0.9728164007621096	56755000
chr2	56760000	56770000	1.5299098427432358	56765000
chr2	56770000	56780000	1.278187248690831	56775000
chr2	56780000	56790000	0.6969010272995675	56785000
chr2	56790000	56800000	1.6040894369349878	56795000
chr2	56800000	56810000	1.385384949269576	56805000
chr2	56810000	56820000	0.7866348340894609	56815000
chr2	56820000	56830000	0.3753471431469454	56825000
chr2	56830000	56840000	1.5044193143193634	56835000
chr2	56840000	56850000	0.9039379441109443	56845000
chr2	56850000	56860000	1.400371003748271	56855000
chr2	56860000	56870000	0.873786396215628	56865000
chr2	56870000	56880000	1.0676558569915926	56875000
chr2	56880000	56890000	0.6291975989980253	56885000
chr2	56890000	56900000	4.627980093555506	56895000
chr2	56900000	56910000	0.7511130581642834	56905000
chr2	56910000	56920000	0.5141773610385798	56915000
chr2	56920000	56930000	1.3631131318727747	56925000
chr2	56930000	56940000	1.6484385257534222	56935000
chr2	56940000	56950000	0.7548886378918604	56945000
chr2	56950000	56960000	0.7053168873382207	56955000
chr2	56960000	56970000	0.6185047611811604	56965000
chr2	56970000	56980000	1.231835695776001	56975000
chr2	56980000	56990000	0.75232744052523	56985000
chr2	56990000	57000000	0.4349814861148733	56995000
chr2	57000000	57010000	0.20476928083079907	57005000
chr2	57010000	57020000	0.34004531186593684	57015000
chr2	57020000	57030000	0.6556189379258993	57025000
chr2	57030000	57040000	0.4450900790587914	57035000
chr2	57040000	57050000	1.0288251236445543	57045000
chr2	57050000	57060000	1.9048769374820869	57055000
chr2	57060000	57070000	1.013114566994821	57065000
chr2	57070000	57080000	0.7818655009465851	57075000
chr2	57080000	57090000	0.7827548610390161	57085000
chr2	57090000	57100000	0.36701504386818906	57095000
chr2	57100000	57110000	1.355418807786299	57105000
chr2	57110000	57120000	1.9101888334807606	57115000
chr2	57120000	57130000	0.693091095005919	57125000
chr2	57130000	57140000	1.8423376405470426	57135000
chr2	57140000	57150000	0.3129490720643288	57145000
chr2	57150000	57160000	0.5552785930480693	57155000
chr2	57160000	57170000	0.38897248776267823	57165000
chr2	57170000	57180000	0.14441649674381404	57175000
chr2	57180000	57190000	0.19547548592061567	57185000
chr2	57190000	57200000	0.20989112170152371	57195000
chr2	57200000	57210000	1.365465281271131	57205000
chr2	57210000	57220000	0.5584941305215214	57215000
chr2	57220000	57230000	0.6290110249821523	57225000
chr2	57230000	57240000	0.1647703636811877	57235000
chr2	57240000	57250000	0.21510124024020816	57245000
chr2	57250000	57260000	0.37691323459300274	57255000
chr2	57260000	57270000	1.1905270308188725	57265000
chr2	57270000	57280000	0.5989281388178996	57275000
chr2	57280000	57290000	0.32095890587531073	57285000
chr2	57290000	57300000	0.9111822622136575	57295000
chr2	57300000	57310000	1.9920937242868622	57305000
chr2	57310000	57320000	0.35059804647368625	57315000
chr2	57320000	57330000	0.23838169247742433	57325000
chr2	57330000	57340000	0.8620246297940625	57335000
chr2	57340000	57350000	1.177268723317343	57345000
chr2	57350000	57360000	0.9580791493903275	57355000
chr2	57360000	57370000	0.5708559533215983	57365000
chr2	57370000	57380000	0.8982222070651759	57375000
chr2	57380000	57390000	0.41782878357469827	57385000
chr2	57390000	57400000	0.40168544329492906	57395000
chr2	57400000	57410000	0.3121044332088805	57405000
chr2	57410000	57420000	0.5181715575134966	57415000
chr2	57420000	57430000	0.671087567825444	57425000
chr2	57430000	57440000	1.9477789335215676	57435000
chr2	57440000	57450000	1.0105611840934028	57445000
chr2	57450000	57460000	2.292533175261907	57455000
chr2	57460000	57470000	0.4211117660004543	57465000
chr2	57470000	57480000	0.33261419465186787	57475000
chr2	57480000	57490000	0.6237918446247808	57485000
chr2	57490000	57500000	0.920485745966938	57495000
chr2	57500000	57510000	1.4991988812673118	57505000
chr2	57510000	57520000	2.1370297947392065	57515000
chr2	57520000	57530000	1.263659873478574	57525000
chr2	57530000	57540000	0.7976123579574657	57535000
chr2	57540000	57550000	0.7048031596309633	57545000
chr2	57550000	57560000	0.9103480665634923	57555000
chr2	57560000	57570000	0.9141919230598684	57565000
chr2	57570000	57580000	0.7750354772153397	57575000
chr2	57580000	57590000	1.7053131515937958	57585000
chr2	57590000	57600000	0.5990336313221207	57595000
chr2	57600000	57610000	1.0803839455105717	57605000
chr2	57610000	57620000	0.3430997290865937	57615000
chr2	57620000	57630000	0.4527484591900491	57625000
chr2	57630000	57640000	0.7247829603526256	57635000
chr2	57640000	57650000	1.0201039890770152	57645000
chr2	57650000	57660000	1.2623080313053492	57655000
chr2	57660000	57670000	0.3957117108544575	57665000
chr2	57670000	57680000	0.6351882928445265	57675000
chr2	57680000	57690000	0.257367973775978	57685000
chr2	57690000	57700000	1.4409981126215503	57695000
chr2	57700000	57710000	0.15447343086372406	57705000
chr2	57710000	57720000	0.3657074337946838	57715000
chr2	57720000	57730000	0.37931301644994	57725000
chr2	57730000	57740000	0.3797444273183568	57735000
chr2	57740000	57750000	0.9904478803475256	57745000
chr2	57750000	57760000	0.5160321162834784	57755000
chr2	57760000	57770000	0.7822211302739923	57765000
chr2	57770000	57780000	0.6029430696343736	57775000
chr2	57780000	57790000	0.4893319230445428	57785000
chr2	57790000	57800000	0.7792214506200721	57795000
chr2	57800000	57810000	0.7741210450793441	57805000
chr2	57810000	57820000	0.708611795624868	57815000
chr2	57820000	57830000	0.8891049321691953	57825000
chr2	57830000	57840000	0.6138160423695175	57835000
chr2	57840000	57850000	0.7863670799246422	57845000
chr2	57850000	57860000	0.8003503126876186	57855000
chr2	57860000	57870000	0.42377829165996955	57865000
chr2	57870000	57880000	0.710095907032235	57875000
chr2	57880000	57890000	0.39387468899012684	57885000
chr2	57890000	57900000	0.9238101675558268	57895000
chr2	57900000	57910000	0.265093814559698	57905000
chr2	57910000	57920000	0.5716713820435412	57915000
chr2	57920000	57930000	0.8103558193697524	57925000
chr2	57930000	57940000	0.7816837851014777	57935000
chr2	57940000	57950000	0.4643110524638865	57945000
chr2	57950000	57960000	0.8350437292558501	57955000
chr2	57960000	57970000	4.319529053886677	57965000
chr2	57970000	57980000	1.0702487896321187	57975000
chr2	57980000	57990000	0.856952981161869	57985000
chr2	57990000	58000000	0.7083476303658084	57995000
chr2	58000000	58010000	0.49222222133926224	58005000
chr2	58010000	58020000	0.48087714115271085	58015000
chr2	58020000	58030000	0.3865456216979001	58025000
chr2	58030000	58040000	0.18614734226839968	58035000
chr2	58040000	58050000	0.45947279964773685	58045000
chr2	58050000	58060000	0.7910415349245701	58055000
chr2	58060000	58070000	0.23956828945113864	58065000
chr2	58070000	58080000	0.28249351736066053	58075000
chr2	58080000	58090000	0.3986092725430084	58085000
chr2	58090000	58100000	0.4321418500385149	58095000
chr2	58100000	58110000	0.40327129848443455	58105000
chr2	58110000	58120000	0.5951592101298183	58115000
chr2	58120000	58130000	1.1338107146652445	58125000
chr2	58130000	58140000	0.710070521180655	58135000
chr2	58140000	58150000	0.516768597915301	58145000
chr2	58150000	58160000	0.6918771932304847	58155000
chr2	58160000	58170000	0.42741293720698725	58165000
chr2	58170000	58180000	0.38029281422893685	58175000
chr2	58180000	58190000	1.5244816875899445	58185000
chr2	58190000	58200000	0.5574807321789119	58195000
chr2	58200000	58210000	0.34533921943820983	58205000
chr2	58210000	58220000	0.3608099159899907	58215000
chr2	58220000	58230000	0.5957164193730597	58225000
chr2	58230000	58240000	0.8082706039957743	58235000
chr2	58240000	58250000	0.4105975214558306	58245000
chr2	58250000	58260000	0.556127653885048	58255000
chr2	58260000	58270000	0.8716133880124062	58265000
chr2	58270000	58280000	1.29196880265547	58275000
chr2	58280000	58290000	1.081232822980798	58285000
chr2	58290000	58300000	0.646278244289307	58295000
chr2	58300000	58310000	2.5819174049333373	58305000
chr2	58310000	58320000	0.8308018528988065	58315000
chr2	58320000	58330000	1.0071225824969408	58325000
chr2	58330000	58340000	0.49988095862013193	58335000
chr2	58340000	58350000	1.628931030839814	58345000
chr2	58350000	58360000	1.0393557570328895	58355000
chr2	58360000	58370000	0.33666710697578106	58365000
chr2	58370000	58380000	0.40579417465339507	58375000
chr2	58380000	58390000	0.6637053397950511	58385000
chr2	58390000	58400000	0.30422514217719665	58395000
chr2	58400000	58410000	2.481756930514327	58405000
chr2	58410000	58420000	1.7904944600695563	58415000
chr2	58420000	58430000	0.6204062152978617	58425000
chr2	58430000	58440000	0.48801157761654596	58435000
chr2	58440000	58450000	0.4735628877155673	58445000
chr2	58450000	58460000	0.47840158850010106	58455000
chr2	58460000	58470000	0.23532123313322387	58465000
chr2	58470000	58480000	0.14117255806883097	58475000
chr2	58480000	58490000	0.2649331436086168	58485000
chr2	58490000	58500000	0.1485096586211346	58495000
chr2	58500000	58510000	0.4052932795550244	58505000
chr2	58510000	58520000	0.2039209163283589	58515000
chr2	58520000	58530000	0.37865860911570115	58525000
chr2	58530000	58540000	0.30885556635703965	58535000
chr2	58540000	58550000	0.3103487962758795	58545000
chr2	58550000	58560000	0.33906418322901255	58555000
chr2	58560000	58570000	0.8235480689001966	58565000
chr2	58570000	58580000	0.8597172533205584	58575000
chr2	58580000	58590000	1.734578255830974	58585000
chr2	58590000	58600000	1.66752616266829	58595000
chr2	58600000	58610000	0.7796632837654155	58605000
chr2	58610000	58620000	0.3187093157532128	58615000
chr2	58620000	58630000	0.30018698324849197	58625000
chr2	58630000	58640000	0.44368189904607874	58635000
chr2	58640000	58650000	2.3337929702870146	58645000
chr2	58650000	58660000	0.5761563805373258	58655000
chr2	58660000	58670000	2.017930347633456	58665000
chr2	58670000	58680000	0.7158769120794631	58675000
chr2	58680000	58690000	0.9562407993309332	58685000
chr2	58690000	58700000	0.36952821861089324	58695000
chr2	58700000	58710000	0.7054537138757302	58705000
chr2	58710000	58720000	0.752732721652821	58715000
chr2	58720000	58730000	0.811977633661052	58725000
chr2	58730000	58740000	0.8259373030600672	58735000
chr2	58740000	58750000	1.9027710959528048	58745000
chr2	58750000	58760000	1.812309117664562	58755000
chr2	58760000	58770000	1.6446610608796386	58765000
chr2	58770000	58780000	1.3486120252586995	58775000
chr2	58780000	58790000	1.633249632594935	58785000
chr2	58790000	58800000	0.7532332131295052	58795000
chr2	58800000	58810000	0.6835238612603833	58805000
chr2	58810000	58820000	0.7397112331262296	58815000
chr2	58820000	58830000	0.8163275372138583	58825000
chr2	58830000	58840000	0.590155358120832	58835000
chr2	58840000	58850000	0.27670723329332547	58845000
chr2	58850000	58860000	0.3455043319760674	58855000
chr2	58860000	58870000	0.3868847968304325	58865000
chr2	58870000	58880000	0.6364471501783182	58875000
chr2	58880000	58890000	0.5169363339155999	58885000
chr2	58890000	58900000	0.16640982387930148	58895000
chr2	58900000	58910000	0.16849684948542887	58905000
chr2	58910000	58920000	0.15368123349768292	58915000
chr2	58920000	58930000	0.17824267989166542	58925000
chr2	58930000	58940000	0.17268967093804433	58935000
chr2	58940000	58950000	0.25977828833820216	58945000
chr2	58950000	58960000	0.13764337410473695	58955000
chr2	58960000	58970000	0.3708420850959813	58965000
chr2	58970000	58980000	0.38003841262612226	58975000
chr2	58980000	58990000	0.2058408346372386	58985000
chr2	58990000	59000000	1.6929093098504262	58995000
chr2	59000000	59010000	4.220899518636083	59005000
chr2	59010000	59020000	0.4014879797690747	59015000
chr2	59020000	59030000	1.2817223812102414	59025000
chr2	59030000	59040000	0.7462042247228355	59035000
chr2	59040000	59050000	1.813574309484787	59045000
chr2	59050000	59060000	1.048982440790732	59055000
chr2	59060000	59070000	0.7206504657481665	59065000
chr2	59070000	59080000	2.779080111930821	59075000
chr2	59080000	59090000	1.3688429441092096	59085000
chr2	59090000	59100000	1.1230109243342294	59095000
chr2	59100000	59110000	0.888205774777785	59105000
chr2	59110000	59120000	1.436474908487074	59115000
chr2	59120000	59130000	0.42583236155147497	59125000
chr2	59130000	59140000	0.20944957685820664	59135000
chr2	59140000	59150000	0.29904760289679616	59145000
chr2	59150000	59160000	0.44729103902765366	59155000
chr2	59160000	59170000	0.4197174581623349	59165000
chr2	59170000	59180000	0.45510177086390474	59175000
chr2	59180000	59190000	0.885649385922462	59185000
chr2	59190000	59200000	1.2193527301522797	59195000
chr2	59200000	59210000	1.3959551266329522	59205000
chr2	59210000	59220000	0.8869875473483703	59215000
chr2	59220000	59230000	3.9497339098782502	59225000
chr2	59230000	59240000	1.1637269915504893	59235000
chr2	59240000	59250000	0.5751741954121555	59245000
chr2	59250000	59260000	0.351843997000298	59255000
chr2	59260000	59270000	0.33475699046711216	59265000
chr2	59270000	59280000	0.6731358628895202	59275000
chr2	59280000	59290000	0.534354242788614	59285000
chr2	59290000	59300000	0.48436903705000445	59295000
chr2	59300000	59310000	0.592674613972204	59305000
chr2	59310000	59320000	0.8980180708642563	59315000
chr2	59320000	59330000	1.1801568672365466	59325000
chr2	59330000	59340000	1.1060948647673121	59335000
chr2	59340000	59350000	1.282868437027787	59345000
chr2	59350000	59360000	1.5434499430610085	59355000
chr2	59360000	59370000	0.7877116026115284	59365000
chr2	59370000	59380000	0.962903404022566	59375000
chr2	59380000	59390000	1.6467975371323598	59385000
chr2	59390000	59400000	1.5051858030206209	59395000
chr2	59400000	59410000	1.194979051268256	59405000
chr2	59410000	59420000	1.23231757298621	59415000
chr2	59420000	59430000	0.6303989169961791	59425000
chr2	59430000	59440000	0.5471854775921932	59435000
chr2	59440000	59450000	1.4705137132839128	59445000
chr2	59450000	59460000	4.055389593724354	59455000
chr2	59460000	59470000	2.9544731451057817	59465000
chr2	59470000	59480000	0.9795762403014954	59475000
chr2	59480000	59490000	1.298960194681326	59485000
chr2	59490000	59500000	1.2352139050359499	59495000
chr2	59500000	59510000	1.4349996824802915	59505000
chr2	59510000	59520000	0.4845148369627992	59515000
chr2	59520000	59530000	0.42636783648970067	59525000
chr2	59530000	59540000	0.15477210155223362	59535000
chr2	59540000	59550000	0.15094241775090478	59545000
chr2	59550000	59560000	0.5451003616943925	59555000
chr2	59560000	59570000	1.1422673449620122	59565000
chr2	59570000	59580000	1.0466495624872283	59575000
chr2	59580000	59590000	0.6510000037416745	59585000
chr2	59590000	59600000	0.47829434224571404	59595000
chr2	59600000	59610000	0.4440957195009904	59605000
chr2	59610000	59620000	0.6567806488709133	59615000
chr2	59620000	59630000	0.4541317729392561	59625000
chr2	59630000	59640000	0.5342841314695859	59635000
chr2	59640000	59650000	0.533032552903647	59645000
chr2	59650000	59660000	0.9924772935973047	59655000
chr2	59660000	59670000	1.9082535704824597	59665000
chr2	59670000	59680000	0.820913295883615	59675000
chr2	59680000	59690000	1.0340783851785211	59685000
chr2	59690000	59700000	0.6942937418056834	59695000
chr2	59700000	59710000	0.6952395067592688	59705000
chr2	59710000	59720000	1.2455533155004024	59715000
chr2	59720000	59730000	1.3293793993924552	59725000
chr2	59730000	59740000	1.2896819961718895	59735000
chr2	59740000	59750000	0.6041117013704073	59745000
chr2	59750000	59760000	0.33169133766861847	59755000
chr2	59760000	59770000	0.2818706434956298	59765000
chr2	59770000	59780000	1.374139712358142	59775000
chr2	59780000	59790000	1.160175052230818	59785000
chr2	59790000	59800000	0.504779868690016	59795000
chr2	59800000	59810000	0.5057055843422427	59805000
chr2	59810000	59820000	0.9612725013353673	59815000
chr2	59820000	59830000	0.9686234776498079	59825000
chr2	59830000	59840000	1.3463408604011555	59835000
chr2	59840000	59850000	0.8599361137965148	59845000
chr2	59850000	59860000	0.37169121541624806	59855000
chr2	59860000	59870000	0.8469439314490995	59865000
chr2	59870000	59880000	1.4465422114318283	59875000
chr2	59880000	59890000	0.7894280683910909	59885000
chr2	59890000	59900000	0.9850775674535549	59895000
chr2	59900000	59910000	1.2416915279048517	59905000
chr2	59910000	59920000	0.6925831798981659	59915000
chr2	59920000	59930000	0.8487238596438431	59925000
chr2	59930000	59940000	0.5627210842096638	59935000
chr2	59940000	59950000	0.4878097453011845	59945000
chr2	59950000	59960000	0.424487489817793	59955000
chr2	59960000	59970000	0.5671579838768717	59965000
chr2	59970000	59980000	0.43199035006190695	59975000
chr2	59980000	59990000	0.6080174482133355	59985000
chr2	59990000	60000000	1.1415014476996757	59995000
chr2	60000000	60010000	0.5938061426597406	60005000
chr2	60010000	60020000	0.38188685973338005	60015000
chr2	60020000	60030000	0.5539038165056628	60025000
chr2	60030000	60040000	1.627206123760835	60035000
chr2	60040000	60050000	1.7517699998014769	60045000
chr2	60050000	60060000	0.5976166254009223	60055000
chr2	60060000	60070000	0.8372876392568988	60065000
chr2	60070000	60080000	0.9929471380156878	60075000
chr2	60080000	60090000	0.731610743689362	60085000
chr2	60090000	60100000	0.37681487263963936	60095000
chr2	60100000	60110000	1.0978835496487995	60105000
chr2	60110000	60120000	0.5831442953589145	60115000
chr2	60120000	60130000	0.6393198874330238	60125000
chr2	60130000	60140000	2.0957577791949786	60135000
chr2	60140000	60150000	1.299759308350112	60145000
chr2	60150000	60160000	0.48914311658726956	60155000
chr2	60160000	60170000	1.3409363614515608	60165000
chr2	60170000	60180000	0.6324485497078034	60175000
chr2	60180000	60190000	0.46171558340389773	60185000
chr2	60190000	60200000	0.19326457083612159	60195000
chr2	60200000	60210000	0.42037728069252683	60205000
chr2	60210000	60220000	0.5814262740783521	60215000
chr2	60220000	60230000	0.7437492438760079	60225000
chr2	60230000	60240000	2.2248064614400835	60235000
chr2	60240000	60250000	0.9363395559048855	60245000
chr2	60250000	60260000	0.5029853698376299	60255000
chr2	60260000	60270000	1.0707719956396184	60265000
chr2	60270000	60280000	1.0432633403608962	60275000
chr2	60280000	60290000	0.9125598482080934	60285000
chr2	60290000	60300000	0.9689710848175588	60295000
chr2	60300000	60310000	0.8087488436523049	60305000
chr2	60310000	60320000	1.1617308239419422	60315000
chr2	60320000	60330000	0.9607509687521159	60325000
chr2	60330000	60340000	0.4411838364832808	60335000
chr2	60340000	60350000	1.292911153245604	60345000
chr2	60350000	60360000	0.4445268654549204	60355000
chr2	60360000	60370000	0.6023031738648854	60365000
chr2	60370000	60380000	0.7372379951146296	60375000
chr2	60380000	60390000	0.9843753636184119	60385000
chr2	60390000	60400000	0.9652976184386434	60395000
chr2	60400000	60410000	0.5226315498918465	60405000
chr2	60410000	60420000	0.5744236880957032	60415000
chr2	60420000	60430000	0.7780385807977773	60425000
chr2	60430000	60440000	1.9885214754347276	60435000
chr2	60440000	60450000	1.308432319324166	60445000
chr2	60450000	60460000	0.5600496806419452	60455000
chr2	60460000	60470000	0.8169678261799679	60465000
chr2	60470000	60480000	1.2111494205028484	60475000
chr2	60480000	60490000	0.5286894650639684	60485000
chr2	60490000	60500000	0.3824664358471178	60495000
chr2	60500000	60510000	0.46670401442123727	60505000
chr2	60510000	60520000	0.2617175920179053	60515000
chr2	60520000	60530000	0.23875198188014943	60525000
chr2	60530000	60540000	0.5816764638885624	60535000
chr2	60540000	60550000	0.6565383621193446	60545000
chr2	60550000	60560000	0.2751891995977599	60555000
chr2	60560000	60570000	1.1315577908187822	60565000
chr2	60570000	60580000	0.3021616687296202	60575000
chr2	60580000	60590000	0.46566719333453227	60585000
chr2	60590000	60600000	0.34630374903850575	60595000
chr2	60600000	60610000	0.8173590959542336	60605000
chr2	60610000	60620000	0.8386963098094011	60615000
chr2	60620000	60630000	0.6699725461994009	60625000
chr2	60630000	60640000	0.33329646699848436	60635000
chr2	60640000	60650000	1.2343925918891605	60645000
chr2	60650000	60660000	0.1826740538223468	60655000
chr2	60660000	60670000	0.6787745323723001	60665000
chr2	60670000	60680000	0.5896695092202904	60675000
chr2	60680000	60690000	0.34121845749408763	60685000
chr2	60690000	60700000	0.10646045365354896	60695000
chr2	60700000	60710000	0.5385826969375093	60705000
chr2	60710000	60720000	0.7401270950038115	60715000
chr2	60720000	60730000	0.3971015371674482	60725000
chr2	60730000	60740000	1.2238025336936065	60735000
chr2	60740000	60750000	0.2996745965814137	60745000
chr2	60750000	60760000	0.5880719131801943	60755000
chr2	60760000	60770000	0.509106364314836	60765000
chr2	60770000	60780000	0.8273289699188525	60775000
chr2	60780000	60790000	0.32289816738266697	60785000
chr2	60790000	60800000	0.5602396905850352	60795000
chr2	60800000	60810000	0.6580953895681325	60805000
chr2	60810000	60820000	0.7615636488029842	60815000
chr2	60820000	60830000	1.0543431737619415	60825000
chr2	60830000	60840000	1.1030595951805908	60835000
chr2	60840000	60850000	1.3900316978689145	60845000
chr2	60850000	60860000	1.2174328296941186	60855000
chr2	60860000	60870000	0.6676620372418357	60865000
chr2	60870000	60880000	0.710749232991715	60875000
chr2	60880000	60890000	0.5558544441219319	60885000
chr2	60890000	60900000	0.5121372020298929	60895000
chr2	60900000	60910000	0.702740518446481	60905000
chr2	60910000	60920000	0.5270343768796775	60915000
chr2	60920000	60930000	0.824154787186733	60925000
chr2	60930000	60940000	0.7506440600272565	60935000
chr2	60940000	60950000	3.2603492705285286	60945000
chr2	60950000	60960000	0.551013349195736	60955000
chr2	60960000	60970000	0.25727367553835334	60965000
chr2	60970000	60980000	0.33836117363893736	60975000
chr2	60980000	60990000	0.23001012328181955	60985000
chr2	60990000	61000000	0.3749578623170456	60995000
chr2	61000000	61010000	0.28451012786830576	61005000
chr2	61010000	61020000	0.4590075624610697	61015000
chr2	61020000	61030000	0.9109037981524237	61025000
chr2	61030000	61040000	0.38817584177707515	61035000
chr2	61040000	61050000	0.15731926247803785	61045000
chr2	61050000	61060000	0.2668489784387713	61055000
chr2	61060000	61070000	0.44178726976570637	61065000
chr2	61070000	61080000	0.3480748686936057	61075000
chr2	61080000	61090000	0.37669299943433293	61085000
chr2	61090000	61100000	0.32505238608412623	61095000
chr2	61100000	61110000	0.3106487692685989	61105000
chr2	61110000	61120000	1.0032615030490417	61115000
chr2	61120000	61130000	0.3489329841137811	61125000
chr2	61130000	61140000	0.4334185749495954	61135000
chr2	61140000	61150000	0.5061764072964268	61145000
chr2	61150000	61160000	0.28776028067807674	61155000
chr2	61160000	61170000	0.2838901087639832	61165000
chr2	61170000	61180000	0.5571718499864461	61175000
chr2	61180000	61190000	0.572491813067739	61185000
chr2	61190000	61200000	0.3500876203724745	61195000
chr2	61200000	61210000	0.39108893107272075	61205000
chr2	61210000	61220000	0.465644206564575	61215000
chr2	61220000	61230000	0.9579460447155947	61225000
chr2	61230000	61240000	0.8769927508341016	61235000
chr2	61240000	61250000	0.4463540520605708	61245000
chr2	61250000	61260000	1.2012958833212075	61255000
chr2	61260000	61270000	0.9824678451504979	61265000
chr2	61270000	61280000	1.7152996356600259	61275000
chr2	61280000	61290000	0.7139288804959238	61285000
chr2	61290000	61300000	0.2973765607680155	61295000
chr2	61300000	61310000	0.5435307440166398	61305000
chr2	61310000	61320000	2.1254333082622288	61315000
chr2	61320000	61330000	3.7333243982766584	61325000
chr2	61330000	61340000	0.8012183527029412	61335000
chr2	61340000	61350000	0.699486453050844	61345000
chr2	61350000	61360000	1.2760088632133657	61355000
chr2	61360000	61370000	1.0896792302856566	61365000
chr2	61370000	61380000	0.4184477318959566	61375000
chr2	61380000	61390000	0.5017708206307054	61385000
chr2	61390000	61400000	0.9500553639820313	61395000
chr2	61400000	61410000	0.9134882854219465	61405000
chr2	61410000	61420000	1.5250526921535639	61415000
chr2	61420000	61430000	0.686005239923585	61425000
chr2	61430000	61440000	1.345023047100156	61435000
chr2	61440000	61450000	1.540792067487901	61445000
chr2	61450000	61460000	0.5492918710822942	61455000
chr2	61460000	61470000	0.7682784717982324	61465000
chr2	61470000	61480000	0.6792109281536374	61475000
chr2	61480000	61490000	0.5598776449903746	61485000
chr2	61490000	61500000	0.29970252963284244	61495000
chr2	61500000	61510000	0.2661438661134438	61505000
chr2	61510000	61520000	0.5829596596379553	61515000
chr2	61520000	61530000	0.6254069988564364	61525000
chr2	61530000	61540000	1.565430127724652	61535000
chr2	61540000	61550000	0.8110916436302074	61545000
chr2	61550000	61560000	0.4906745469562856	61555000
chr2	61560000	61570000	0.3321059667996382	61565000
chr2	61570000	61580000	7.029813065169749	61575000
chr2	61580000	61590000	0.9265456293835964	61585000
chr2	61590000	61600000	1.0310280041303546	61595000
chr2	61600000	61610000	1.2191365689034703	61605000
chr2	61610000	61620000	2.5581466118377185	61615000
chr2	61620000	61630000	0.8023732339835358	61625000
chr2	61630000	61640000	0.5351405512662284	61635000
chr2	61640000	61650000	0.8291159222935459	61645000
chr2	61650000	61660000	1.2262832209465842	61655000
chr2	61660000	61670000	2.3585718922257115	61665000
chr2	61670000	61680000	1.6037424498378483	61675000
chr2	61680000	61690000	1.2184608975970048	61685000
chr2	61690000	61700000	1.352431864774123	61695000
chr2	61700000	61710000	9.624880539830517	61705000
chr2	61710000	61720000	0.7219464652671866	61715000
chr2	61720000	61730000	1.1102834510261066	61725000
chr2	61730000	61740000	0.5175009049234472	61735000
chr2	61740000	61750000	0.7159487125359975	61745000
chr2	61750000	61760000	0.73856326759056	61755000
chr2	61760000	61770000	1.0646007909692423	61765000
chr2	61770000	61780000	0.9495077356071852	61775000
chr2	61780000	61790000	1.4268308839280162	61785000
chr2	61790000	61800000	1.5737164356698263	61795000
chr2	61800000	61810000	1.37910723953544	61805000
chr2	61810000	61820000	0.96546518138274	61815000
chr2	61820000	61830000	0.9947286968672018	61825000
chr2	61830000	61840000	0.8692124025192619	61835000
chr2	61840000	61850000	0.9869853415213066	61845000
chr2	61850000	61860000	0.8406109289635091	61855000
chr2	61860000	61870000	0.9785000672466877	61865000
chr2	61870000	61880000	0.8995528540155329	61875000
chr2	61880000	61890000	0.9688578137012402	61885000
chr2	61890000	61900000	0.6988257228684757	61895000
chr2	61900000	61910000	0.9229413094304516	61905000
chr2	61910000	61920000	0.8727472411724463	61915000
chr2	61920000	61930000	0.9130045391639652	61925000
chr2	61930000	61940000	0.8616752379660256	61935000
chr2	61940000	61950000	0.9651824786036471	61945000
chr2	61950000	61960000	1.1719550769184803	61955000
chr2	61960000	61970000	1.3778805799355671	61965000
chr2	61970000	61980000	0.8729559592152673	61975000
chr2	61980000	61990000	0.8574589142746342	61985000
chr2	61990000	62000000	1.047078762272355	61995000
chr2	62000000	62010000	3.198748155345991	62005000
chr2	62010000	62020000	2.4792325246053926	62015000
chr2	62020000	62030000	2.7528846117761887	62025000
chr2	62030000	62040000	0.841692540223551	62035000
chr2	62040000	62050000	1.4694942333710899	62045000
chr2	62050000	62060000	0.593866602781161	62055000
chr2	62060000	62070000	0.2736992590051089	62065000
chr2	62070000	62080000	0.7226388860954275	62075000
chr2	62080000	62090000	1.0564518837038273	62085000
chr2	62090000	62100000	0.4455979119598717	62095000
chr2	62100000	62110000	0.34939143936978323	62105000
chr2	62110000	62120000	0.6917690586619476	62115000
chr2	62120000	62130000	0.6808548042671552	62125000
chr2	62130000	62140000	0.4723517148190055	62135000
chr2	62140000	62150000	0.4220356056958187	62145000
chr2	62150000	62160000	0.48704592684409037	62155000
chr2	62160000	62170000	0.5420327878973337	62165000
chr2	62170000	62180000	0.30544469416393877	62175000
chr2	62180000	62190000	0.2985713244776971	62185000
chr2	62190000	62200000	0.31361197150789105	62195000
chr2	62200000	62210000	0.2558660878400356	62205000
chr2	62210000	62220000	0.6521692959725821	62215000
chr2	62220000	62230000	0.7074630183350564	62225000
chr2	62230000	62240000	0.5606508979245711	62235000
chr2	62240000	62250000	0.33839178216654664	62245000
chr2	62250000	62260000	1.024627178015927	62255000
chr2	62260000	62270000	0.5985737111442939	62265000
chr2	62270000	62280000	0.46137426954117444	62275000
chr2	62280000	62290000	0.29267499755957693	62285000
chr2	62290000	62300000	0.4095194764253373	62295000
chr2	62300000	62310000	0.5287612317686773	62305000
chr2	62310000	62320000	1.196531734795577	62315000
chr2	62320000	62330000	0.4054419402414934	62325000
chr2	62330000	62340000	1.0065207980588904	62335000
chr2	62340000	62350000	0.8067270964553956	62345000
chr2	62350000	62360000	0.5046009528586407	62355000
chr2	62360000	62370000	0.35973131367698685	62365000
chr2	62370000	62380000	0.1807651657723986	62375000
chr2	62380000	62390000	0.5211638456069835	62385000
chr2	62390000	62400000	0.6034480862683248	62395000
chr2	62400000	62410000	0.254759361174101	62405000
chr2	62410000	62420000	0.22634975382436892	62415000
chr2	62420000	62430000	1.0654362449060204	62425000
chr2	62430000	62440000	0.49328552129655406	62435000
chr2	62440000	62450000	0.5591433001596016	62445000
chr2	62450000	62460000	0.43726311097495296	62455000
chr2	62460000	62470000	0.48096716872716333	62465000
chr2	62470000	62480000	0.3187323875672653	62475000
chr2	62480000	62490000	0.7467162538300828	62485000
chr2	62490000	62500000	0.44539688035135616	62495000
chr2	62500000	62510000	1.8943226977319325	62505000
chr2	62510000	62520000	0.2524875923865272	62515000
chr2	62520000	62530000	0.8897614878939893	62525000
chr2	62530000	62540000	1.0964023014225213	62535000
chr2	62540000	62550000	0.592225208948069	62545000
chr2	62550000	62560000	0.40873329104846445	62555000
chr2	62560000	62570000	0.1663065564851476	62565000
chr2	62570000	62580000	0.6524686443849778	62575000
chr2	62580000	62590000	1.0835262650491084	62585000
chr2	62590000	62600000	0.8843525776128831	62595000
chr2	62600000	62610000	0.8745464990068756	62605000
chr2	62610000	62620000	0.21015823726860822	62615000
chr2	62620000	62630000	0.47115354285942856	62625000
chr2	62630000	62640000	0.7156420013852963	62635000
chr2	62640000	62650000	0.787570504753294	62645000
chr2	62650000	62660000	0.5172904568092563	62655000
chr2	62660000	62670000	4.4774443976874405	62665000
chr2	62670000	62680000	0.23230182415095527	62675000
chr2	62680000	62690000	0.5150514789568272	62685000
chr2	62690000	62700000	0.4316485721351812	62695000
chr2	62700000	62710000	0.5482548080940965	62705000
chr2	62710000	62720000	0.35816236071127777	62715000
chr2	62720000	62730000	0.2185758703429986	62725000
chr2	62730000	62740000	0.2142236877462377	62735000
chr2	62740000	62750000	0.5646974021960279	62745000
chr2	62750000	62760000	0.4386230755845791	62755000
chr2	62760000	62770000	1.487931661836979	62765000
chr2	62770000	62780000	0.6834033086563942	62775000
chr2	62780000	62790000	1.8377737679220503	62785000
chr2	62790000	62800000	0.3867908916084578	62795000
chr2	62800000	62810000	0.6842072589640668	62805000
chr2	62810000	62820000	1.0860337308863928	62815000
chr2	62820000	62830000	0.375398503894347	62825000
chr2	62830000	62840000	0.302413930981326	62835000
chr2	62840000	62850000	0.7841915079370833	62845000
chr2	62850000	62860000	0.4826024725602042	62855000
chr2	62860000	62870000	1.3809577285840107	62865000
chr2	62870000	62880000	1.7033514245033874	62875000
chr2	62880000	62890000	0.3283415756835123	62885000
chr2	62890000	62900000	0.7122554827610965	62895000
chr2	62900000	62910000	1.624244999157713	62905000
chr2	62910000	62920000	0.9757523915323573	62915000
chr2	62920000	62930000	1.2785874859698885	62925000
chr2	62930000	62940000	0.6204937703732774	62935000
chr2	62940000	62950000	2.1194215530710343	62945000
chr2	62950000	62960000	1.9761552281216945	62955000
chr2	62960000	62970000	0.9932207422870126	62965000
chr2	62970000	62980000	1.1662316155656531	62975000
chr2	62980000	62990000	1.1380232853443442	62985000
chr2	62990000	63000000	0.7964948178501505	62995000
chr2	63000000	63010000	1.3486642286982835	63005000
chr2	63010000	63020000	0.8862919130586446	63015000
chr2	63020000	63030000	1.0170033383000885	63025000
chr2	63030000	63040000	3.296150461455043	63035000
chr2	63040000	63050000	0.585089569739051	63045000
chr2	63050000	63060000	0.609455168919787	63055000
chr2	63060000	63070000	0.6136386219253774	63065000
chr2	63070000	63080000	0.9117607222099482	63075000
chr2	63080000	63090000	1.0393155102329175	63085000
chr2	63090000	63100000	1.1332218439542354	63095000
chr2	63100000	63110000	1.6475774946021626	63105000
chr2	63110000	63120000	0.704508001991294	63115000
chr2	63120000	63130000	0.49490304880895697	63125000
chr2	63130000	63140000	0.702684929840275	63135000
chr2	63140000	63150000	0.7243321749581186	63145000
chr2	63150000	63160000	0.7032442059821312	63155000
chr2	63160000	63170000	1.476426905227661	63165000
chr2	63170000	63180000	1.1882183925171212	63175000
chr2	63180000	63190000	0.7509431321688875	63185000
chr2	63190000	63200000	4.042400312528602	63195000
chr2	63200000	63210000	0.8898947353642332	63205000
chr2	63210000	63220000	0.8183983043758759	63215000
chr2	63220000	63230000	1.7827528578010257	63225000
chr2	63230000	63240000	1.1751733698849391	63235000
chr2	63240000	63250000	2.516596362853285	63245000
chr2	63250000	63260000	1.6362799729886035	63255000
chr2	63260000	63270000	0.8345174810627238	63265000
chr2	63270000	63280000	0.867868736392084	63275000
chr2	63280000	63290000	1.486359929443138	63285000
chr2	63290000	63300000	1.1454158912318089	63295000
chr2	63300000	63310000	0.49063943639654706	63305000
chr2	63310000	63320000	0.846447252676765	63315000
chr2	63320000	63330000	0.42186823258715417	63325000
chr2	63330000	63340000	0.5392577195727161	63335000
chr2	63340000	63350000	0.4336801122962091	63345000
chr2	63350000	63360000	0.5322058722393238	63355000
chr2	63360000	63370000	0.7500821435739692	63365000
chr2	63370000	63380000	1.6409587672808954	63375000
chr2	63380000	63390000	1.3087908735307228	63385000
chr2	63390000	63400000	2.5217460777564815	63395000
chr2	63400000	63410000	2.139982988141819	63405000
chr2	63410000	63420000	1.627851096673877	63415000
chr2	63420000	63430000	4.104300074017429	63425000
chr2	63430000	63440000	1.0639933794922634	63435000
chr2	63440000	63450000	0.644125117657138	63445000
chr2	63450000	63460000	0.48901842067500734	63455000
chr2	63460000	63470000	0.698155463021477	63465000
chr2	63470000	63480000	0.5241633500964175	63475000
chr2	63480000	63490000	0.7393446809031687	63485000
chr2	63490000	63500000	0.5902007680252292	63495000
chr2	63500000	63510000	0.765878673876941	63505000
chr2	63510000	63520000	0.6073694540283688	63515000
chr2	63520000	63530000	0.9787775715810234	63525000
chr2	63530000	63540000	0.42908412978294813	63535000
chr2	63540000	63550000	0.5431842451680645	63545000
chr2	63550000	63560000	0.668295860298659	63555000
chr2	63560000	63570000	1.7135403167540397	63565000
chr2	63570000	63580000	2.167192193840734	63575000
chr2	63580000	63590000	0.7584770163587964	63585000
chr2	63590000	63600000	1.0615619209476759	63595000
chr2	63600000	63610000	0.8138764413467141	63605000
chr2	63610000	63620000	1.068741590255328	63615000
chr2	63620000	63630000	0.8972523273534697	63625000
chr2	63630000	63640000	0.543691359044372	63635000
chr2	63640000	63650000	1.4212672513350355	63645000
chr2	63650000	63660000	1.265591227221043	63655000
chr2	63660000	63670000	0.9456299361881553	63665000
chr2	63670000	63680000	0.8653484933065052	63675000
chr2	63680000	63690000	1.1340287069519646	63685000
chr2	63690000	63700000	2.316102069111209	63695000
chr2	63700000	63710000	1.0953578682152005	63705000
chr2	63710000	63720000	1.454818005294642	63715000
chr2	63720000	63730000	1.3150967013734713	63725000
chr2	63730000	63740000	1.4606753768075438	63735000
chr2	63740000	63750000	1.78995282646605	63745000
chr2	63750000	63760000	1.2220432253323923	63755000
chr2	63760000	63770000	1.6506426945975712	63765000
chr2	63770000	63780000	1.5369797451782667	63775000
chr2	63780000	63790000	1.4766567838363789	63785000
chr2	63790000	63800000	0.6314077251190523	63795000
chr2	63800000	63810000	0.418354249275304	63805000
chr2	63810000	63820000	1.0159627605246186	63815000
chr2	63820000	63830000	2.019563459793249	63825000
chr2	63830000	63840000	6.843536014881007	63835000
chr2	63840000	63850000	1.3721552707991267	63845000
chr2	63850000	63860000	1.3210532329576508	63855000
chr2	63860000	63870000	1.692307043684597	63865000
chr2	63870000	63880000	0.6808471547180698	63875000
chr2	63880000	63890000	1.9042224984787963	63885000
chr2	63890000	63900000	1.6335664876458575	63895000
chr2	63900000	63910000	1.142931734607072	63905000
chr2	63910000	63920000	1.1453301284999684	63915000
chr2	63920000	63930000	2.7926019870870604	63925000
chr2	63930000	63940000	2.5669470265084455	63935000
chr2	63940000	63950000	1.0223398549201517	63945000
chr2	63950000	63960000	1.172505309674663	63955000
chr2	63960000	63970000	1.5208259625146716	63965000
chr2	63970000	63980000	1.0738053371995695	63975000
chr2	63980000	63990000	0.9444185889808043	63985000
chr2	63990000	64000000	1.149529533070797	63995000
chr2	64000000	64010000	0.8837106618597289	64005000
chr2	64010000	64020000	0.8803684286308339	64015000
chr2	64020000	64030000	3.4672022218449614	64025000
chr2	64030000	64040000	1.1664631806314751	64035000
chr2	64040000	64050000	0.45826057603450016	64045000
chr2	64050000	64060000	0.6118381800918771	64055000
chr2	64060000	64070000	1.1987008049074956	64065000
chr2	64070000	64080000	0.8539862924876149	64075000
chr2	64080000	64090000	0.838148160610861	64085000
chr2	64090000	64100000	2.7567080147146137	64095000
chr2	64100000	64110000	2.8327990532865304	64105000
chr2	64110000	64120000	6.876918876545277	64115000
chr2	64120000	64130000	4.734423362883935	64125000
chr2	64130000	64140000	1.9063431166717932	64135000
chr2	64140000	64150000	1.387038971654802	64145000
chr2	64150000	64160000	0.7112962847424464	64155000
chr2	64160000	64170000	2.488385147809057	64165000
chr2	64170000	64180000	2.3555851742710936	64175000
chr2	64180000	64190000	1.3118658145818787	64185000
chr2	64190000	64200000	1.0098548375906926	64195000
chr2	64200000	64210000	0.6062526336184413	64205000
chr2	64210000	64220000	1.8469408540728023	64215000
chr2	64220000	64230000	1.2775502933073206	64225000
chr2	64230000	64240000	1.9293652876021117	64235000
chr2	64240000	64250000	1.5004400707094734	64245000
chr2	64250000	64260000	0.6793222922350036	64255000
chr2	64260000	64270000	1.5984317817698988	64265000
chr2	64270000	64280000	0.7881898682665608	64275000
chr2	64280000	64290000	2.0163182932565746	64285000
chr2	64290000	64300000	1.2089087814815012	64295000
chr2	64300000	64310000	2.186346446792127	64305000
chr2	64310000	64320000	1.5227938751735666	64315000
chr2	64320000	64330000	1.4787639708595006	64325000
chr2	64330000	64340000	4.239845041144217	64335000
chr2	64340000	64350000	3.474497565434697	64345000
chr2	64350000	64360000	2.467896328269111	64355000
chr2	64360000	64370000	1.4918163945296672	64365000
chr2	64370000	64380000	1.5660216932259527	64375000
chr2	64380000	64390000	2.5744052856718116	64385000
chr2	64390000	64400000	2.49305723230996	64395000
chr2	64400000	64410000	1.802763078205821	64405000
chr2	64410000	64420000	4.526486381687685	64415000
chr2	64420000	64430000	3.226944110948797	64425000
chr2	64430000	64440000	3.6899457001042486	64435000
chr2	64440000	64450000	5.648671518546496	64445000
chr2	64450000	64460000	1.9040640397365973	64455000
chr2	64460000	64470000	0.9118704348294234	64465000
chr2	64470000	64480000	6.767769187987509	64475000
chr2	64480000	64490000	0.7712779522208094	64485000
chr2	64490000	64500000	0.44584827635210184	64495000
chr2	64500000	64510000	0.9370094502480925	64505000
chr2	64510000	64520000	4.782590082004461	64515000
chr2	64520000	64530000	1.3711431502530205	64525000
chr2	64530000	64540000	1.7266382980990884	64535000
chr2	64540000	64550000	0.6533330932413588	64545000
chr2	64550000	64560000	0.2675674569187277	64555000
chr2	64560000	64570000	0.4284969165129765	64565000
chr2	64570000	64580000	0.2711052844622931	64575000
chr2	64580000	64590000	0.6559007885120245	64585000
chr2	64590000	64600000	0.4770617744174536	64595000
chr2	64600000	64610000	0.6578027545092187	64605000
chr2	64610000	64620000	0.5644116255626743	64615000
chr2	64620000	64630000	1.7691215622839245	64625000
chr2	64630000	64640000	4.928022206365441	64635000
chr2	64640000	64650000	4.9164646991337175	64645000
chr2	64650000	64660000	3.5600458517603193	64655000
chr2	64660000	64670000	2.178923770595593	64665000
chr2	64670000	64680000	3.6870219764585555	64675000
chr2	64680000	64690000	2.2058896848928864	64685000
chr2	64690000	64700000	0.6459105376169757	64695000
chr2	64700000	64710000	1.153953750191048	64705000
chr2	64710000	64720000	1.0920105534052684	64715000
chr2	64720000	64730000	1.2607068115991829	64725000
chr2	64730000	64740000	1.7939877864932303	64735000
chr2	64740000	64750000	1.56662674955535	64745000
chr2	64750000	64760000	2.9020791045663863	64755000
chr2	64760000	64770000	3.290766834014949	64765000
chr2	64770000	64780000	2.4376474412561433	64775000
chr2	64780000	64790000	2.6164024417993286	64785000
chr2	64790000	64800000	1.7358961949866891	64795000
chr2	64800000	64810000	2.4720914497972966	64805000
chr2	64810000	64820000	1.9496185296622761	64815000
chr2	64820000	64830000	1.9421158380227688	64825000
chr2	64830000	64840000	1.738805577219068	64835000
chr2	64840000	64850000	2.8306547153646373	64845000
chr2	64850000	64860000	3.0442704082834418	64855000
chr2	64860000	64870000	2.5507995063347297	64865000
chr2	64870000	64880000	1.2873869226855963	64875000
chr2	64880000	64890000	1.5418913078505414	64885000
chr2	64890000	64900000	2.383456012974778	64895000
chr2	64900000	64910000	3.0830140547052447	64905000
chr2	64910000	64920000	2.053229361511107	64915000
chr2	64920000	64930000	3.4543747163529046	64925000
chr2	64930000	64940000	1.5349422934275385	64935000
chr2	64940000	64950000	0.7499122626155921	64945000
chr2	64950000	64960000	1.1444965642559628	64955000
chr2	64960000	64970000	1.7046019075162304	64965000
chr2	64970000	64980000	0.40159179763788366	64975000
chr2	64980000	64990000	0.4711918987212102	64985000
chr2	64990000	65000000	0.5465393153159953	64995000
chr2	65000000	65010000	1.3746946784144791	65005000
chr2	65010000	65020000	2.1109582160421483	65015000
chr2	65020000	65030000	2.009561877769298	65025000
chr2	65030000	65040000	2.5064888234691396	65035000
chr2	65040000	65050000	1.167763175515807	65045000
chr2	65050000	65060000	2.017693073783096	65055000
chr2	65060000	65070000	1.8605834355424637	65065000
chr2	65070000	65080000	6.42056512699685	65075000
chr2	65080000	65090000	8.846139184171776	65085000
chr2	65090000	65100000	1.4299283219630425	65095000
chr2	65100000	65110000	1.1351108493013766	65105000
chr2	65110000	65120000	0.9435840611702759	65115000
chr2	65120000	65130000	5.06006004665608	65125000
chr2	65130000	65140000	1.91596484896847	65135000
chr2	65140000	65150000	1.0424785622977433	65145000
chr2	65150000	65160000	2.668227739607368	65155000
chr2	65160000	65170000	3.7512939443387303	65165000
chr2	65170000	65180000	2.013060603921992	65175000
chr2	65180000	65190000	1.461927039326736	65185000
chr2	65190000	65200000	2.6242469774413615	65195000
chr2	65200000	65210000	1.6351279379438393	65205000
chr2	65210000	65220000	2.079709239342455	65215000
chr2	65220000	65230000	2.723334876606451	65225000
chr2	65230000	65240000	3.1252454520293202	65235000
chr2	65240000	65250000	3.59704409433286	65245000
chr2	65250000	65260000	2.6090839896071967	65255000
chr2	65260000	65270000	3.2041141799549933	65265000
chr2	65270000	65280000	1.3938834115067336	65275000
chr2	65280000	65290000	2.8020386485727458	65285000
chr2	65290000	65300000	2.2042733899424314	65295000
chr2	65300000	65310000	2.9082166870021258	65305000
chr2	65310000	65320000	3.3642631717205367	65315000
chr2	65320000	65330000	1.7070560049843682	65325000
chr2	65330000	65340000	3.126969439537764	65335000
chr2	65340000	65350000	3.2815147739744615	65345000
chr2	65350000	65360000	0.9994118199749873	65355000
chr2	65360000	65370000	1.6973026824814277	65365000
chr2	65370000	65380000	2.4349945736184	65375000
chr2	65380000	65390000	1.223316179606235	65385000
chr2	65390000	65400000	4.800171951181573	65395000
chr2	65400000	65410000	2.870583599836524	65405000
chr2	65410000	65420000	2.332012628063646	65415000
chr2	65420000	65430000	1.9898534929807066	65425000
chr2	65430000	65440000	3.736471760620736	65435000
chr2	65440000	65450000	3.1574716323644036	65445000
chr2	65450000	65460000	3.1951603564844326	65455000
chr2	65460000	65470000	6.891161634857764	65465000
chr2	65470000	65480000	5.101741790000807	65475000
chr2	65480000	65490000	4.620216800186856	65485000
chr2	65490000	65500000	3.228314144569002	65495000
chr2	65500000	65510000	5.561219281881787	65505000
chr2	65510000	65520000	3.4975168397344474	65515000
chr2	65520000	65530000	7.1574979286134	65525000
chr2	65530000	65540000	7.246491198337382	65535000
chr2	65540000	65550000	1.598327740293837	65545000
chr2	65550000	65560000	0.6222266978475745	65555000
chr2	65560000	65570000	0.5913472309757655	65565000
chr2	65570000	65580000	2.689606109816105	65575000
chr2	65580000	65590000	9.457966429732586	65585000
chr2	65590000	65600000	5.323365066565033	65595000
chr2	65600000	65610000	4.720340938910545	65605000
chr2	65610000	65620000	3.2049589086051515	65615000
chr2	65620000	65630000	4.040207960785574	65625000
chr2	65630000	65640000	5.659659657125528	65635000
chr2	65640000	65650000	4.777102960262806	65645000
chr2	65650000	65660000	2.476448615547956	65655000
chr2	65660000	65670000	1.3299927239524565	65665000
chr2	65670000	65680000	1.0163582454909024	65675000
chr2	65680000	65690000	1.0151283128193818	65685000
chr2	65690000	65700000	1.4001174525869093	65695000
chr2	65700000	65710000	1.1127494785016059	65705000
chr2	65710000	65720000	3.025078927940892	65715000
chr2	65720000	65730000	2.652953426942292	65725000
chr2	65730000	65740000	17.98132888768529	65735000
chr2	65740000	65750000	2.9112174750069566	65745000
chr2	65750000	65760000	3.2299129230453176	65755000
chr2	65760000	65770000	3.236841563463454	65765000
chr2	65770000	65780000	4.53114855503673	65775000
chr2	65780000	65790000	3.3106471291992534	65785000
chr2	65790000	65800000	3.649764852018534	65795000
chr2	65800000	65810000	6.949571922595774	65805000
chr2	65810000	65820000	5.583692572437953	65815000
chr2	65820000	65830000	5.248415097190859	65825000
chr2	65830000	65840000	2.050136306082424	65835000
chr2	65840000	65850000	3.5957000521873965	65845000
chr2	65850000	65860000	3.8256413116502923	65855000
chr2	65860000	65870000	3.0572531756171824	65865000
chr2	65870000	65880000	2.732376517244519	65875000
chr2	65880000	65890000	6.739965023350281	65885000
chr2	65890000	65900000	5.125411168863791	65895000
chr2	65900000	65910000	2.470992366536457	65905000
chr2	65910000	65920000	4.105082786577327	65915000
chr2	65920000	65930000	4.844523893313728	65925000
chr2	65930000	65940000	6.5075490786173	65935000
chr2	65940000	65950000	3.059595700743519	65945000
chr2	65950000	65960000	3.5781793604406436	65955000
chr2	65960000	65970000	2.0431208848855427	65965000
chr2	65970000	65980000	2.384128510289819	65975000
chr2	65980000	65990000	4.07425191862556	65985000
chr2	65990000	66000000	9.869331232539897	65995000
chr2	66000000	66010000	3.1687869405028204	66005000
chr2	66010000	66020000	2.1210647570681544	66015000
chr2	66020000	66030000	2.6825977062401263	66025000
chr2	66030000	66040000	14.685441600936276	66035000
chr2	66040000	66050000	2.216197732649309	66045000
chr2	66050000	66060000	1.157763189347007	66055000
chr2	66060000	66070000	11.080828746471777	66065000
chr2	66070000	66080000	4.512722572200273	66075000
chr2	66080000	66090000	1.2844619185986872	66085000
chr2	66090000	66100000	1.6116469538294074	66095000
chr2	66100000	66110000	0.9288992803014317	66105000
chr2	66110000	66120000	0.4485600932950714	66115000
chr2	66120000	66130000	0.8512726433339916	66125000
chr2	66130000	66140000	1.0272643418925713	66135000
chr2	66140000	66150000	0.6839842920671385	66145000
chr2	66150000	66160000	1.3292818534091813	66155000
chr2	66160000	66170000	0.9788498838841058	66165000
chr2	66170000	66180000	0.7240764096817138	66175000
chr2	66180000	66190000	0.5179213840459896	66185000
chr2	66190000	66200000	1.2080036066452327	66195000
chr2	66200000	66210000	1.705751646663452	66205000
chr2	66210000	66220000	0.7255624360454869	66215000
chr2	66220000	66230000	0.2967398062068056	66225000
chr2	66230000	66240000	1.1936450481925267	66235000
chr2	66240000	66250000	8.525880305633844	66245000
chr2	66250000	66260000	4.200817707846332	66255000
chr2	66260000	66270000	2.023516243976796	66265000
chr2	66270000	66280000	2.7444100139560526	66275000
chr2	66280000	66290000	2.0785938168861744	66285000
chr2	66290000	66300000	2.9128925386742655	66295000
chr2	66300000	66310000	1.8223598753635266	66305000
chr2	66310000	66320000	2.2774144853953655	66315000
chr2	66320000	66330000	1.8804886238749396	66325000
chr2	66330000	66340000	1.1886351701282174	66335000
chr2	66340000	66350000	2.0038110426604434	66345000
chr2	66350000	66360000	20.280174573281805	66355000
chr2	66360000	66370000	1.2286520157805527	66365000
chr2	66370000	66380000	1.3397264546213887	66375000
chr2	66380000	66390000	0.7871139312634482	66385000
chr2	66390000	66400000	0.9963907424025233	66395000
chr2	66400000	66410000	9.411464394453343	66405000
chr2	66410000	66420000	1.584685875595085	66415000
chr2	66420000	66430000	1.199657970821312	66425000
chr2	66430000	66440000	2.3848235357222936	66435000
chr2	66440000	66450000	0.7167527413336571	66445000
chr2	66450000	66460000	1.2390637961381576	66455000
chr2	66460000	66470000	2.873748371382687	66465000
chr2	66470000	66480000	2.2566131296132657	66475000
chr2	66480000	66490000	2.678221079466175	66485000
chr2	66490000	66500000	2.2473802803778398	66495000
chr2	66500000	66510000	2.986286119895562	66505000
chr2	66510000	66520000	1.6703452972810884	66515000
chr2	66520000	66530000	13.244162279201827	66525000
chr2	66530000	66540000	1.5850647511145217	66535000
chr2	66540000	66550000	7.451652234594827	66545000
chr2	66550000	66560000	1.7905277058232172	66555000
chr2	66560000	66570000	1.7447219739105162	66565000
chr2	66570000	66580000	0.9537158624745712	66575000
chr2	66580000	66590000	0.43231939266251873	66585000
chr2	66590000	66600000	2.163409276800527	66595000
chr2	66600000	66610000	2.1748676985594884	66605000
chr2	66610000	66620000	6.966784619642673	66615000
chr2	66620000	66630000	2.4074135193914747	66625000
chr2	66630000	66640000	0.965222983408187	66635000
chr2	66640000	66650000	0.7372408975024293	66645000
chr2	66650000	66660000	1.3383484074241394	66655000
chr2	66660000	66670000	1.6092950646514244	66665000
chr2	66670000	66680000	1.8507249039465927	66675000
chr2	66680000	66690000	1.7308402596117523	66685000
chr2	66690000	66700000	0.994900447375764	66695000
chr2	66700000	66710000	1.2728827096442004	66705000
chr2	66710000	66720000	1.0494614250162497	66715000
chr2	66720000	66730000	3.2458557051142036	66725000
chr2	66730000	66740000	2.432723141947255	66735000
chr2	66740000	66750000	2.1013551799576633	66745000
chr2	66750000	66760000	2.063266485748654	66755000
chr2	66760000	66770000	1.3435204178209315	66765000
chr2	66770000	66780000	1.2080086499976357	66775000
chr2	66780000	66790000	0.9490734511448147	66785000
chr2	66790000	66800000	1.7603140498646153	66795000
chr2	66800000	66810000	2.658265339585059	66805000
chr2	66810000	66820000	1.119280041456683	66815000
chr2	66820000	66830000	1.577423584314037	66825000
chr2	66830000	66840000	1.967657230817243	66835000
chr2	66840000	66850000	1.7338523742769827	66845000
chr2	66850000	66860000	2.005841693439082	66855000
chr2	66860000	66870000	2.4493333915895565	66865000
chr2	66870000	66880000	5.3076481052093625	66875000
chr2	66880000	66890000	10.889072413783477	66885000
chr2	66890000	66900000	9.394515064669838	66895000
chr2	66900000	66910000	1.2425720757573562	66905000
chr2	66910000	66920000	2.6483733979871027	66915000
chr2	66920000	66930000	4.651880890414609	66925000
chr2	66930000	66940000	1.628149969857599	66935000
chr2	66940000	66950000	1.2823357222409901	66945000
chr2	66950000	66960000	0.7915425858323846	66955000
chr2	66960000	66970000	4.696756865695767	66965000
chr2	66970000	66980000	1.8077085087057332	66975000
chr2	66980000	66990000	7.497300227453161	66985000
chr2	66990000	67000000	2.1571866563567133	66995000
chr2	67000000	67010000	1.935855034171776	67005000
chr2	67010000	67020000	3.3333356442045616	67015000
chr2	67020000	67030000	1.316851489603356	67025000
chr2	67030000	67040000	1.4349886804003094	67035000
chr2	67040000	67050000	0.8856874379595258	67045000
chr2	67050000	67060000	8.21396804415771	67055000
chr2	67060000	67070000	1.968311527459339	67065000
chr2	67070000	67080000	0.8122099820622377	67075000
chr2	67080000	67090000	0.9342249752804458	67085000
chr2	67090000	67100000	1.447164584816452	67095000
chr2	67100000	67110000	1.283007410169709	67105000
chr2	67110000	67120000	0.3993506541525122	67115000
chr2	67120000	67130000	1.3449410124955237	67125000
chr2	67130000	67140000	1.8212291951953192	67135000
chr2	67140000	67150000	1.0824779476519857	67145000
chr2	67150000	67160000	1.518608642967409	67155000
chr2	67160000	67170000	4.677571941964771	67165000
chr2	67170000	67180000	3.9733049531443703	67175000
chr2	67180000	67190000	2.484778527339567	67185000
chr2	67190000	67200000	0.9395551238016582	67195000
chr2	67200000	67210000	0.8172950757618545	67205000
chr2	67210000	67220000	0.7764431176994022	67215000
chr2	67220000	67230000	0.6115705410020968	67225000
chr2	67230000	67240000	0.37982926722962485	67235000
chr2	67240000	67250000	0.6201620270014655	67245000
chr2	67250000	67260000	0.6956977118089658	67255000
chr2	67260000	67270000	1.3823370982961398	67265000
chr2	67270000	67280000	2.444849424200729	67275000
chr2	67280000	67290000	1.1418981815816447	67285000
chr2	67290000	67300000	1.7072793605022558	67295000
chr2	67300000	67310000	1.0330027157783677	67305000
chr2	67310000	67320000	5.623378370225779	67315000
chr2	67320000	67330000	0.9434386503049377	67325000
chr2	67330000	67340000	0.963025712873315	67335000
chr2	67340000	67350000	0.747455950174394	67345000
chr2	67350000	67360000	0.7920466200250881	67355000
chr2	67360000	67370000	1.832156574712355	67365000
chr2	67370000	67380000	2.018744452512499	67375000
chr2	67380000	67390000	2.1539189166010195	67385000
chr2	67390000	67400000	1.471224243348943	67395000
chr2	67400000	67410000	0.931732610065822	67405000
chr2	67410000	67420000	1.1897769730215535	67415000
chr2	67420000	67430000	0.4619197751354731	67425000
chr2	67430000	67440000	2.6320574191591968	67435000
chr2	67440000	67450000	1.149677250825974	67445000
chr2	67450000	67460000	0.7477699466723319	67455000
chr2	67460000	67470000	0.2474216985583195	67465000
chr2	67470000	67480000	0.421558985313037	67475000
chr2	67480000	67490000	0.4227691547955029	67485000
chr2	67490000	67500000	0.9294716353912359	67495000
chr2	67500000	67510000	1.0852543842021036	67505000
chr2	67510000	67520000	1.1079703486390255	67515000
chr2	67520000	67530000	2.306559599101211	67525000
chr2	67530000	67540000	1.5622934082186875	67535000
chr2	67540000	67550000	1.6056945909101663	67545000
chr2	67550000	67560000	0.7057151418248181	67555000
chr2	67560000	67570000	0.9697372622227358	67565000
chr2	67570000	67580000	2.8156360718157845	67575000
chr2	67580000	67590000	5.743410638846646	67585000
chr2	67590000	67600000	2.462786945419278	67595000
chr2	67600000	67610000	1.5540707923220165	67605000
chr2	67610000	67620000	3.788587582287904	67615000
chr2	67620000	67630000	1.9135813943375852	67625000
chr2	67630000	67640000	1.2807107560605806	67635000
chr2	67640000	67650000	1.3965223392961474	67645000
chr2	67650000	67660000	4.670525369666527	67655000
chr2	67660000	67670000	0.6029472029607804	67665000
chr2	67670000	67680000	5.667454114471543	67675000
chr2	67680000	67690000	8.396069373915415	67685000
chr2	67690000	67700000	2.1685003454943033	67695000
chr2	67700000	67710000	0.953652111361962	67705000
chr2	67710000	67720000	1.1451798017521637	67715000
chr2	67720000	67730000	1.0557905127275728	67725000
chr2	67730000	67740000	0.38444604542199834	67735000
chr2	67740000	67750000	0.5318609428620348	67745000
chr2	67750000	67760000	0.969494821243131	67755000
chr2	67760000	67770000	3.022913914706118	67765000
chr2	67770000	67780000	0.37989952284912537	67775000
chr2	67780000	67790000	0.8307473039796144	67785000
chr2	67790000	67800000	0.824504673453272	67795000
chr2	67800000	67810000	1.5471742936147006	67805000
chr2	67810000	67820000	0.9761561133640166	67815000
chr2	67820000	67830000	0.6111748114528256	67825000
chr2	67830000	67840000	0.5015836137254354	67835000
chr2	67840000	67850000	0.9896602865255547	67845000
chr2	67850000	67860000	0.7588909110843971	67855000
chr2	67860000	67870000	1.0797139931069655	67865000
chr2	67870000	67880000	1.5019395033265353	67875000
chr2	67880000	67890000	1.0909960309772389	67885000
chr2	67890000	67900000	8.663507619786262	67895000
chr2	67900000	67910000	1.0915769096015893	67905000
chr2	67910000	67920000	1.1999799687319874	67915000
chr2	67920000	67930000	0.9397729864364065	67925000
chr2	67930000	67940000	0.6947249954001167	67935000
chr2	67940000	67950000	1.387878405471204	67945000
chr2	67950000	67960000	0.8763106763785787	67955000
chr2	67960000	67970000	1.5483067753201392	67965000
chr2	67970000	67980000	0.44529063927706314	67975000
chr2	67980000	67990000	0.27588906885666326	67985000
chr2	67990000	68000000	0.5837920786038204	67995000
chr2	68000000	68010000	1.2747318082071173	68005000
chr2	68010000	68020000	0.901133460775967	68015000
chr2	68020000	68030000	0.29941156039217176	68025000
chr2	68030000	68040000	1.565688480667571	68035000
chr2	68040000	68050000	1.619136347051794	68045000
chr2	68050000	68060000	3.0104725292815586	68055000
chr2	68060000	68070000	1.2388740107721095	68065000
chr2	68070000	68080000	0.8637261311836224	68075000
chr2	68080000	68090000	1.49774612317602	68085000
chr2	68090000	68100000	0.9119479959817303	68095000
chr2	68100000	68110000	0.4202291587098993	68105000
chr2	68110000	68120000	1.796086233177205	68115000
chr2	68120000	68130000	1.8691684340579178	68125000
chr2	68130000	68140000	2.4214858670468407	68135000
chr2	68140000	68150000	2.249659528614703	68145000
chr2	68150000	68160000	0.6645849543739915	68155000
chr2	68160000	68170000	0.6292300684591221	68165000
chr2	68170000	68180000	0.8646654880094846	68175000
chr2	68180000	68190000	0.30689388362626974	68185000
chr2	68190000	68200000	0.477117349285065	68195000
chr2	68200000	68210000	0.794572988892855	68205000
chr2	68210000	68220000	0.6225057926422003	68215000
chr2	68220000	68230000	0.4642635459474291	68225000
chr2	68230000	68240000	0.858147004390595	68235000
chr2	68240000	68250000	0.9514422652876348	68245000
chr2	68250000	68260000	0.7680154073094817	68255000
chr2	68260000	68270000	1.7099906129857867	68265000
chr2	68270000	68280000	1.2908353914482618	68275000
chr2	68280000	68290000	1.6017171015279206	68285000
chr2	68290000	68300000	1.3257514597255544	68295000
chr2	68300000	68310000	0.6261901813885178	68305000
chr2	68310000	68320000	0.9123676073637832	68315000
chr2	68320000	68330000	0.4181495079481449	68325000
chr2	68330000	68340000	1.0421988590313451	68335000
chr2	68340000	68350000	1.0603196693036858	68345000
chr2	68350000	68360000	0.6551400227799165	68355000
chr2	68360000	68370000	0.42084919214096894	68365000
chr2	68370000	68380000	0.4131007696078558	68375000
chr2	68380000	68390000	2.9300300365886347	68385000
chr2	68390000	68400000	2.1608619084459595	68395000
chr2	68400000	68410000	0.7440028771819356	68405000
chr2	68410000	68420000	0.9016492356528506	68415000
chr2	68420000	68430000	2.015980578791695	68425000
chr2	68430000	68440000	0.4440442648448742	68435000
chr2	68440000	68450000	0.3045932937672499	68445000
chr2	68450000	68460000	0.5402299741117461	68455000
chr2	68460000	68470000	1.0260596101782617	68465000
chr2	68470000	68480000	0.7928611033931104	68475000
chr2	68480000	68490000	1.4060497430474503	68485000
chr2	68490000	68500000	0.30142145610512644	68495000
chr2	68500000	68510000	0.3014214561051264	68505000
chr2	68510000	68520000	0.30142145610512644	68515000
chr2	68520000	68530000	0.30142145610512644	68525000
chr2	68530000	68540000	1.952593911710641	68535000
chr2	68540000	68550000	1.1992140627897179	68545000
chr2	68550000	68560000	0.3492159383731313	68555000
chr2	68560000	68570000	1.330147442591477	68565000
chr2	68570000	68580000	0.9526911956006472	68575000
chr2	68580000	68590000	0.46647268762016975	68585000
chr2	68590000	68600000	0.3877981012916075	68595000
chr2	68600000	68610000	0.473802440445147	68605000
chr2	68610000	68620000	1.097516092634862	68615000
chr2	68620000	68630000	0.27861992236410243	68625000
chr2	68630000	68640000	0.5091414582351826	68635000
chr2	68640000	68650000	0.2915449417363877	68645000
chr2	68650000	68660000	0.30079772849928305	68655000
chr2	68660000	68670000	0.9973490114894001	68665000
chr2	68670000	68680000	1.9629928110540888	68675000
chr2	68680000	68690000	0.4906839207665321	68685000
chr2	68690000	68700000	1.354517736836141	68695000
chr2	68700000	68710000	0.8737345582422889	68705000
chr2	68710000	68720000	0.3458722328580479	68715000
chr2	68720000	68730000	0.6633210954096433	68725000
chr2	68730000	68740000	0.6970078800954194	68735000
chr2	68740000	68750000	0.22454384391251367	68745000
chr2	68750000	68760000	0.8359484440155879	68755000
chr2	68760000	68770000	1.1498542864689603	68765000
chr2	68770000	68780000	0.7609574671512497	68775000
chr2	68780000	68790000	0.6264145914793418	68785000
chr2	68790000	68800000	0.5001427528554213	68795000
chr2	68800000	68810000	0.6477166983533881	68805000
chr2	68810000	68820000	0.4386725912669859	68815000
chr2	68820000	68830000	0.6779658797712328	68825000
chr2	68830000	68840000	0.6434354675487031	68835000
chr2	68840000	68850000	0.7378702687066848	68845000
chr2	68850000	68860000	2.767318166380372	68855000
chr2	68860000	68870000	0.407164416829542	68865000
chr2	68870000	68880000	0.6048939411672702	68875000
chr2	68880000	68890000	0.3036794384320591	68885000
chr2	68890000	68900000	0.4824057067036003	68895000
chr2	68900000	68910000	0.525123488999412	68905000
chr2	68910000	68920000	0.3422566267865868	68915000
chr2	68920000	68930000	0.4265672368652737	68925000
chr2	68930000	68940000	0.6688651019497941	68935000
chr2	68940000	68950000	0.3685603318253577	68945000
chr2	68950000	68960000	0.8086290273899152	68955000
chr2	68960000	68970000	0.6641479440038671	68965000
chr2	68970000	68980000	0.32955354922615887	68975000
chr2	68980000	68990000	0.35204194466802124	68985000
chr2	68990000	69000000	0.4698317481109008	68995000
chr2	69000000	69010000	0.5172446710626025	69005000
chr2	69010000	69020000	0.39484903652851466	69015000
chr2	69020000	69030000	0.21422008567540402	69025000
chr2	69030000	69040000	0.21928721729318423	69035000
chr2	69040000	69050000	1.0642944153152254	69045000
chr2	69050000	69060000	0.6056085303009174	69055000
chr2	69060000	69070000	0.22096273758143567	69065000
chr2	69070000	69080000	0.24217518447634212	69075000
chr2	69080000	69090000	0.25271370843804236	69085000
chr2	69090000	69100000	0.22828342040469132	69095000
chr2	69100000	69110000	0.20972121139748578	69105000
chr2	69110000	69120000	0.21622490683837164	69115000
chr2	69120000	69130000	0.3387903924458757	69125000
chr2	69130000	69140000	0.5029210551376588	69135000
chr2	69140000	69150000	0.23321455938590932	69145000
chr2	69150000	69160000	0.5700357288466691	69155000
chr2	69160000	69170000	0.33636429586601335	69165000
chr2	69170000	69180000	0.31470578553467105	69175000
chr2	69180000	69190000	0.2533640820185514	69185000
chr2	69190000	69200000	0.39160273928829653	69195000
chr2	69200000	69210000	1.5312756475110678	69205000
chr2	69210000	69220000	0.26905399155221055	69215000
chr2	69220000	69230000	0.7843938430274969	69225000
chr2	69230000	69240000	1.3174554472322455	69235000
chr2	69240000	69250000	0.6769635780832015	69245000
chr2	69250000	69260000	0.7932200349931009	69255000
chr2	69260000	69270000	0.36525991263763896	69265000
chr2	69270000	69280000	0.2296839323490197	69275000
chr2	69280000	69290000	0.3238148517189452	69285000
chr2	69290000	69300000	0.3236334824308273	69295000
chr2	69300000	69310000	0.3231222961919288	69305000
chr2	69310000	69320000	0.43681538270404147	69315000
chr2	69320000	69330000	0.5822389379042896	69325000
chr2	69330000	69340000	0.830302954592169	69335000
chr2	69340000	69350000	0.5054756832587914	69345000
chr2	69350000	69360000	0.3242316444115554	69355000
chr2	69360000	69370000	0.31229073989021716	69365000
chr2	69370000	69380000	0.5133772761638854	69375000
chr2	69380000	69390000	1.291284602086983	69385000
chr2	69390000	69400000	0.2413231649288336	69395000
chr2	69400000	69410000	0.33147930678868204	69405000
chr2	69410000	69420000	0.20601431695886127	69415000
chr2	69420000	69430000	0.264585011757009	69425000
chr2	69430000	69440000	0.8653938825117163	69435000
chr2	69440000	69450000	0.26762983301205395	69445000
chr2	69450000	69460000	0.6891802918974194	69455000
chr2	69460000	69470000	1.4828587511455709	69465000
chr2	69470000	69480000	1.2145818362544425	69475000
chr2	69480000	69490000	0.7455799151397782	69485000
chr2	69490000	69500000	1.2854444121001405	69495000
chr2	69500000	69510000	1.6513295770446592	69505000
chr2	69510000	69520000	0.7705072608327358	69515000
chr2	69520000	69530000	0.6252279528390144	69525000
chr2	69530000	69540000	0.8861472020721524	69535000
chr2	69540000	69550000	1.4215553238978234	69545000
chr2	69550000	69560000	0.7519941841442549	69555000
chr2	69560000	69570000	0.5707416406692074	69565000
chr2	69570000	69580000	0.5343802842035011	69575000
chr2	69580000	69590000	1.0030440788698742	69585000
chr2	69590000	69600000	0.821658168322839	69595000
chr2	69600000	69610000	0.9190188894424164	69605000
chr2	69610000	69620000	0.7279582892055544	69615000
chr2	69620000	69630000	0.994323289821909	69625000
chr2	69630000	69640000	1.0134938650851189	69635000
chr2	69640000	69650000	0.8423141416680918	69645000
chr2	69650000	69660000	1.0297344148113179	69655000
chr2	69660000	69670000	1.9532937504368555	69665000
chr2	69670000	69680000	2.3694151869352615	69675000
chr2	69680000	69690000	0.6618998552811103	69685000
chr2	69690000	69700000	2.963688334277702	69695000
chr2	69700000	69710000	1.0102002766883629	69705000
chr2	69710000	69720000	0.6331656842720361	69715000
chr2	69720000	69730000	0.7352247610207405	69725000
chr2	69730000	69740000	0.75047689826299	69735000
chr2	69740000	69750000	0.4327258628453347	69745000
chr2	69750000	69760000	0.22461938094213474	69755000
chr2	69760000	69770000	0.4397048682343378	69765000
chr2	69770000	69780000	0.5940530346528133	69775000
chr2	69780000	69790000	0.573225861595897	69785000
chr2	69790000	69800000	0.6622556056784292	69795000
chr2	69800000	69810000	0.66829624664403	69805000
chr2	69810000	69820000	0.6817427847806361	69815000
chr2	69820000	69830000	0.7586812599182978	69825000
chr2	69830000	69840000	0.6726476809400224	69835000
chr2	69840000	69850000	0.5100450304200873	69845000
chr2	69850000	69860000	0.5568548813173687	69855000
chr2	69860000	69870000	1.1181778746364983	69865000
chr2	69870000	69880000	2.7675390047455593	69875000
chr2	69880000	69890000	0.8542162841896584	69885000
chr2	69890000	69900000	1.1264489462229765	69895000
chr2	69900000	69910000	0.5947250907804023	69905000
chr2	69910000	69920000	0.8342360565420871	69915000
chr2	69920000	69930000	0.8562103931732418	69925000
chr2	69930000	69940000	0.8890690949219995	69935000
chr2	69940000	69950000	0.6210851637920108	69945000
chr2	69950000	69960000	0.46494355309702334	69955000
chr2	69960000	69970000	0.6683038231759874	69965000
chr2	69970000	69980000	1.214313529687934	69975000
chr2	69980000	69990000	1.2651117877039568	69985000
chr2	69990000	70000000	0.3941360190426533	69995000
chr2	70000000	70010000	0.7347694849278931	70005000
chr2	70010000	70020000	0.7761995487738481	70015000
chr2	70020000	70030000	0.3874965079492768	70025000
chr2	70030000	70040000	0.9639482004613442	70035000
chr2	70040000	70050000	0.879789058087984	70045000
chr2	70050000	70060000	0.42049529308011957	70055000
chr2	70060000	70070000	0.3482262472082258	70065000
chr2	70070000	70080000	0.5955393955794989	70075000
chr2	70080000	70090000	0.642727420635944	70085000
chr2	70090000	70100000	0.40288027829029965	70095000
chr2	70100000	70110000	1.037209726777187	70105000
chr2	70110000	70120000	1.1716832729809235	70115000
chr2	70120000	70130000	1.2647813871443272	70125000
chr2	70130000	70140000	1.1303515276754967	70135000
chr2	70140000	70150000	0.7428679032849645	70145000
chr2	70150000	70160000	0.9950027029595024	70155000
chr2	70160000	70170000	0.5852987645373707	70165000
chr2	70170000	70180000	0.14393921430361756	70175000
chr2	70180000	70190000	0.3062736801575092	70185000
chr2	70190000	70200000	0.8562494689664998	70195000
chr2	70200000	70210000	0.5151279141559929	70205000
chr2	70210000	70220000	0.7490548205062195	70215000
chr2	70220000	70230000	1.0600198700044823	70225000
chr2	70230000	70240000	0.8108217841387806	70235000
chr2	70240000	70250000	12.832181205120492	70245000
chr2	70250000	70260000	0.8236108448095737	70255000
chr2	70260000	70270000	0.9844659790416457	70265000
chr2	70270000	70280000	0.8282825326612615	70275000
chr2	70280000	70290000	0.8546460474674976	70285000
chr2	70290000	70300000	0.28818394192037167	70295000
chr2	70300000	70310000	0.33028337367244653	70305000
chr2	70310000	70320000	1.7675763636447592	70315000
chr2	70320000	70330000	5.502610649835407	70325000
chr2	70330000	70340000	2.518264965734193	70335000
chr2	70340000	70350000	0.46178323075586475	70345000
chr2	70350000	70360000	0.3177207216045638	70355000
chr2	70360000	70370000	0.590303438241113	70365000
chr2	70370000	70380000	1.2066506276076852	70375000
chr2	70380000	70390000	0.7821329333480481	70385000
chr2	70390000	70400000	0.44656646913364756	70395000
chr2	70400000	70410000	0.7783199865673504	70405000
chr2	70410000	70420000	0.6440619567161284	70415000
chr2	70420000	70430000	0.6218754993489436	70425000
chr2	70430000	70440000	0.356437995762091	70435000
chr2	70440000	70450000	0.4649908782083069	70445000
chr2	70450000	70460000	0.846322503870395	70455000
chr2	70460000	70470000	0.5597686479816352	70465000
chr2	70470000	70480000	0.32381522306142885	70475000
chr2	70480000	70490000	0.9986514914665853	70485000
chr2	70490000	70500000	1.0654165778042486	70495000
chr2	70500000	70510000	0.6084161263474991	70505000
chr2	70510000	70520000	0.38738546831120596	70515000
chr2	70520000	70530000	0.3988081374439227	70525000
chr2	70530000	70540000	0.22504086003394594	70535000
chr2	70540000	70550000	0.271795683826957	70545000
chr2	70550000	70560000	0.42067275575555385	70555000
chr2	70560000	70570000	0.29343148359236493	70565000
chr2	70570000	70580000	0.057018203048786395	70575000
chr2	70580000	70590000	0.05132230178992413	70585000
chr2	70590000	70600000	0.24850857952709868	70595000
chr2	70600000	70610000	0.9592151391917467	70605000
chr2	70610000	70620000	1.590466420422324	70615000
chr2	70620000	70630000	0.260156491225082	70625000
chr2	70630000	70640000	0.34119165064816054	70635000
chr2	70640000	70650000	0.4597868523344691	70645000
chr2	70650000	70660000	0.6259036780471466	70655000
chr2	70660000	70670000	1.358461389319266	70665000
chr2	70670000	70680000	0.482081291050467	70675000
chr2	70680000	70690000	0.8920602193335084	70685000
chr2	70690000	70700000	1.7812244087442481	70695000
chr2	70700000	70710000	1.1713599899608738	70705000
chr2	70710000	70720000	0.4574764206242453	70715000
chr2	70720000	70730000	0.21573084110543478	70725000
chr2	70730000	70740000	0.915442925624122	70735000
chr2	70740000	70750000	0.8223359139112695	70745000
chr2	70750000	70760000	0.8782393521787977	70755000
chr2	70760000	70770000	0.8208717351112514	70765000
chr2	70770000	70780000	10.827359122509955	70775000
chr2	70780000	70790000	3.4106801530017115	70785000
chr2	70790000	70800000	1.6715301026689333	70795000
chr2	70800000	70810000	0.7181554825100519	70805000
chr2	70810000	70820000	0.3378681370174237	70815000
chr2	70820000	70830000	0.2707959358670607	70825000
chr2	70830000	70840000	1.1085877421159398	70835000
chr2	70840000	70850000	0.44730191516288853	70845000
chr2	70850000	70860000	0.5677500619738058	70855000
chr2	70860000	70870000	0.7303190789591019	70865000
chr2	70870000	70880000	0.7649265035929604	70875000
chr2	70880000	70890000	0.3800817438075793	70885000
chr2	70890000	70900000	0.47314981043645166	70895000
chr2	70900000	70910000	0.8279555440507105	70905000
chr2	70910000	70920000	1.1240326640305571	70915000
chr2	70920000	70930000	1.1090890005440373	70925000
chr2	70930000	70940000	0.7981363977587734	70935000
chr2	70940000	70950000	1.6815659297494507	70945000
chr2	70950000	70960000	0.7808114945465686	70955000
chr2	70960000	70970000	0.67328095026991	70965000
chr2	70970000	70980000	1.16555326024067	70975000
chr2	70980000	70990000	0.20575566162506267	70985000
chr2	70990000	71000000	1.4853480443101614	70995000
chr2	71000000	71010000	1.1393458071809346	71005000
chr2	71010000	71020000	1.9653164854035559	71015000
chr2	71020000	71030000	0.6176864057188904	71025000
chr2	71030000	71040000	0.16368047382663664	71035000
chr2	71040000	71050000	0.7645521451359188	71045000
chr2	71050000	71060000	2.168212516280927	71055000
chr2	71060000	71070000	0.6837325884577715	71065000
chr2	71070000	71080000	0.9539059075503455	71075000
chr2	71080000	71090000	8.489940475912901	71085000
chr2	71090000	71100000	1.8237273574137298	71095000
chr2	71100000	71110000	0.9046563165994489	71105000
chr2	71110000	71120000	0.2245026819777636	71115000
chr2	71120000	71130000	0.1727370485276427	71125000
chr2	71130000	71140000	0.3787407096311343	71135000
chr2	71140000	71150000	0.44509698035809975	71145000
chr2	71150000	71160000	0.7011177092121441	71155000
chr2	71160000	71170000	0.2190650826849022	71165000
chr2	71170000	71180000	0.2609876911431141	71175000
chr2	71180000	71190000	0.37351585965818457	71185000
chr2	71190000	71200000	0.3828477824734685	71195000
chr2	71200000	71210000	0.4159797674836606	71205000
chr2	71210000	71220000	0.46165918843069514	71215000
chr2	71220000	71230000	0.7130788475924204	71225000
chr2	71230000	71240000	0.2603155282855187	71235000
chr2	71240000	71250000	0.3502075512322898	71245000
chr2	71250000	71260000	0.5442370889902636	71255000
chr2	71260000	71270000	0.6779647261866646	71265000
chr2	71270000	71280000	0.8331148337964432	71275000
chr2	71280000	71290000	0.7034560577545763	71285000
chr2	71290000	71300000	0.8630202865321546	71295000
chr2	71300000	71310000	0.4594562764793559	71305000
chr2	71310000	71320000	0.5013181258370462	71315000
chr2	71320000	71330000	0.5968653779020019	71325000
chr2	71330000	71340000	0.5313772800253104	71335000
chr2	71340000	71350000	0.560835575565809	71345000
chr2	71350000	71360000	0.6867548467564262	71355000
chr2	71360000	71370000	0.38686387739395445	71365000
chr2	71370000	71380000	0.45120563768094174	71375000
chr2	71380000	71390000	0.514761631780707	71385000
chr2	71390000	71400000	0.8735882770312882	71395000
chr2	71400000	71410000	1.0061584895071936	71405000
chr2	71410000	71420000	0.30984016172288714	71415000
chr2	71420000	71430000	0.35764549385202427	71425000
chr2	71430000	71440000	0.5239833327304079	71435000
chr2	71440000	71450000	0.5848532367916024	71445000
chr2	71450000	71460000	1.113380891162748	71455000
chr2	71460000	71470000	1.11740028856609	71465000
chr2	71470000	71480000	0.7784800137992803	71475000
chr2	71480000	71490000	0.8566153256877004	71485000
chr2	71490000	71500000	0.6022430589882128	71495000
chr2	71500000	71510000	0.42850512193287227	71505000
chr2	71510000	71520000	0.5723497768937138	71515000
chr2	71520000	71530000	1.06394753614509	71525000
chr2	71530000	71540000	0.9785060099294778	71535000
chr2	71540000	71550000	0.6881726248117473	71545000
chr2	71550000	71560000	0.2919317691089637	71555000
chr2	71560000	71570000	0.3876441848357759	71565000
chr2	71570000	71580000	0.8263241838721218	71575000
chr2	71580000	71590000	0.5988207156902638	71585000
chr2	71590000	71600000	0.4487522200333075	71595000
chr2	71600000	71610000	0.37190425616679396	71605000
chr2	71610000	71620000	0.3073074943195347	71615000
chr2	71620000	71630000	0.8024775208247603	71625000
chr2	71630000	71640000	0.32567537569637367	71635000
chr2	71640000	71650000	0.3032007242832082	71645000
chr2	71650000	71660000	0.5824799527253989	71655000
chr2	71660000	71670000	0.40879026942163327	71665000
chr2	71670000	71680000	0.5363679623131306	71675000
chr2	71680000	71690000	0.5183593579129611	71685000
chr2	71690000	71700000	0.5504740257441086	71695000
chr2	71700000	71710000	0.5043348456363933	71705000
chr2	71710000	71720000	0.4362180846999355	71715000
chr2	71720000	71730000	0.4059613138778055	71725000
chr2	71730000	71740000	0.49983368356738817	71735000
chr2	71740000	71750000	0.41447949867449835	71745000
chr2	71750000	71760000	0.5010516444468849	71755000
chr2	71760000	71770000	0.9125722958265803	71765000
chr2	71770000	71780000	0.7488839814165168	71775000
chr2	71780000	71790000	0.6406108846277283	71785000
chr2	71790000	71800000	0.4788960009859476	71795000
chr2	71800000	71810000	0.6772275363464288	71805000
chr2	71810000	71820000	0.6631640690950953	71815000
chr2	71820000	71830000	0.7348448576584241	71825000
chr2	71830000	71840000	0.5678250493665158	71835000
chr2	71840000	71850000	0.6635332153897381	71845000
chr2	71850000	71860000	0.646925392179585	71855000
chr2	71860000	71870000	0.6898439592812134	71865000
chr2	71870000	71880000	0.6480296470805726	71875000
chr2	71880000	71890000	0.6784939161160064	71885000
chr2	71890000	71900000	0.6785962940738735	71895000
chr2	71900000	71910000	0.6716699518730881	71905000
chr2	71910000	71920000	0.6134961290690564	71915000
chr2	71920000	71930000	0.3956375690474015	71925000
chr2	71930000	71940000	0.4762679287941759	71935000
chr2	71940000	71950000	0.4635310482677989	71945000
chr2	71950000	71960000	0.8227893444455773	71955000
chr2	71960000	71970000	0.5194031247185068	71965000
chr2	71970000	71980000	0.5533962628661246	71975000
chr2	71980000	71990000	0.6093608780238139	71985000
chr2	71990000	72000000	0.4561023760552207	71995000
chr2	72000000	72010000	1.0924120690091943	72005000
chr2	72010000	72020000	0.39713567301745023	72015000
chr2	72020000	72030000	0.10407195009741706	72025000
chr2	72030000	72040000	0.37427440450019267	72035000
chr2	72040000	72050000	1.132788494410068	72045000
chr2	72050000	72060000	0.8579722517807779	72055000
chr2	72060000	72070000	0.3834911418494006	72065000
chr2	72070000	72080000	0.5321729363967178	72075000
chr2	72080000	72090000	0.6041087990178287	72085000
chr2	72090000	72100000	0.3516840205720224	72095000
chr2	72100000	72110000	0.30657375260430253	72105000
chr2	72110000	72120000	0.3577247296884021	72115000
chr2	72120000	72130000	0.7315767658491825	72125000
chr2	72130000	72140000	0.7873547952999134	72135000
chr2	72140000	72150000	0.5754164337172303	72145000
chr2	72150000	72160000	1.1724220059287809	72155000
chr2	72160000	72170000	0.5038767483129444	72165000
chr2	72170000	72180000	0.28119448118526996	72175000
chr2	72180000	72190000	0.17699522245118104	72185000
chr2	72190000	72200000	0.3092548307330171	72195000
chr2	72200000	72210000	0.2392465493177316	72205000
chr2	72210000	72220000	0.9483533917003617	72215000
chr2	72220000	72230000	1.1250883651491401	72225000
chr2	72230000	72240000	0.9144552333345789	72235000
chr2	72240000	72250000	0.7203261806443703	72245000
chr2	72250000	72260000	0.5403075275586362	72255000
chr2	72260000	72270000	1.2441954765763368	72265000
chr2	72270000	72280000	3.0850667453646854	72275000
chr2	72280000	72290000	1.060553254857616	72285000
chr2	72290000	72300000	4.358084413646116	72295000
chr2	72300000	72310000	1.041251185562005	72305000
chr2	72310000	72320000	1.1324604229388209	72315000
chr2	72320000	72330000	1.4210212243375533	72325000
chr2	72330000	72340000	1.1911383878652118	72335000
chr2	72340000	72350000	3.7288567026253245	72345000
chr2	72350000	72360000	2.221831357138286	72355000
chr2	72360000	72370000	2.183647444838486	72365000
chr2	72370000	72380000	3.4025441379570753	72375000
chr2	72380000	72390000	1.478314974344606	72385000
chr2	72390000	72400000	1.2354657038490098	72395000
chr2	72400000	72410000	0.8920058572666657	72405000
chr2	72410000	72420000	1.0681201875351138	72415000
chr2	72420000	72430000	2.7808289765299463	72425000
chr2	72430000	72440000	0.5906381388177779	72435000
chr2	72440000	72450000	1.1968542102049227	72445000
chr2	72450000	72460000	2.878327662769507	72455000
chr2	72460000	72470000	0.4028762178918573	72465000
chr2	72470000	72480000	2.1954767593142837	72475000
chr2	72480000	72490000	0.44676154589210193	72485000
chr2	72490000	72500000	0.5593708504793622	72495000
chr2	72500000	72510000	0.7543822637331075	72505000
chr2	72510000	72520000	0.41493884004125253	72515000
chr2	72520000	72530000	0.7789942953286995	72525000
chr2	72530000	72540000	0.4906662311803475	72535000
chr2	72540000	72550000	0.43357073076366487	72545000
chr2	72550000	72560000	0.9067382484511224	72555000
chr2	72560000	72570000	1.1749189065129337	72565000
chr2	72570000	72580000	1.2465806002924948	72575000
chr2	72580000	72590000	4.306698058596675	72585000
chr2	72590000	72600000	1.5413387023146337	72595000
chr2	72600000	72610000	4.148619638650117	72605000
chr2	72610000	72620000	2.6594171993840794	72615000
chr2	72620000	72630000	1.2772262131618841	72625000
chr2	72630000	72640000	1.3045214467753028	72635000
chr2	72640000	72650000	1.281846118581582	72645000
chr2	72650000	72660000	0.8123673376269044	72655000
chr2	72660000	72670000	1.1635261948622817	72665000
chr2	72670000	72680000	1.6693362078949374	72675000
chr2	72680000	72690000	1.6330256863329247	72685000
chr2	72690000	72700000	0.8429438212957162	72695000
chr2	72700000	72710000	0.43965377729434924	72705000
chr2	72710000	72720000	0.534795436988257	72715000
chr2	72720000	72730000	1.2797209499159365	72725000
chr2	72730000	72740000	1.257495432271096	72735000
chr2	72740000	72750000	0.3477046852335966	72745000
chr2	72750000	72760000	0.508144540727189	72755000
chr2	72760000	72770000	0.5059247030478643	72765000
chr2	72770000	72780000	0.44941511408243623	72775000
chr2	72780000	72790000	0.33607044279838555	72785000
chr2	72790000	72800000	1.4121468943499755	72795000
chr2	72800000	72810000	6.1735949962367185	72805000
chr2	72810000	72820000	0.6459309895506494	72815000
chr2	72820000	72830000	0.8153761099890631	72825000
chr2	72830000	72840000	0.8551915211965705	72835000
chr2	72840000	72850000	0.7388841511169433	72845000
chr2	72850000	72860000	0.2930695926408172	72855000
chr2	72860000	72870000	0.695396729609412	72865000
chr2	72870000	72880000	0.680120572729042	72875000
chr2	72880000	72890000	0.782665912382813	72885000
chr2	72890000	72900000	0.34006238956113094	72895000
chr2	72900000	72910000	0.325249138831458	72905000
chr2	72910000	72920000	0.39683871525889464	72915000
chr2	72920000	72930000	0.1884001040264574	72925000
chr2	72930000	72940000	0.2554321003605712	72935000
chr2	72940000	72950000	0.8386404083371077	72945000
chr2	72950000	72960000	0.6006805581565885	72955000
chr2	72960000	72970000	0.7037483715850577	72965000
chr2	72970000	72980000	0.4620115582137564	72975000
chr2	72980000	72990000	0.35325366657199947	72985000
chr2	72990000	73000000	1.1253113058803477	72995000
chr2	73000000	73010000	0.5876762414478744	73005000
chr2	73010000	73020000	1.1410620022133018	73015000
chr2	73020000	73030000	0.6771777652749722	73025000
chr2	73030000	73040000	0.7769975943918349	73035000
chr2	73040000	73050000	1.0221512597624236	73045000
chr2	73050000	73060000	1.3238573171495986	73055000
chr2	73060000	73070000	0.3599281951677767	73065000
chr2	73070000	73080000	1.2911119357557748	73075000
chr2	73080000	73090000	0.7236884735326996	73085000
chr2	73090000	73100000	1.5209528268993233	73095000
chr2	73100000	73110000	0.9047694061471566	73105000
chr2	73110000	73120000	0.35013465002364935	73115000
chr2	73120000	73130000	0.6403554778415201	73125000
chr2	73130000	73140000	1.0300673621023528	73135000
chr2	73140000	73150000	0.9792871703220469	73145000
chr2	73150000	73160000	1.6918773352784677	73155000
chr2	73160000	73170000	0.6459083618783449	73165000
chr2	73170000	73180000	0.9289621018129368	73175000
chr2	73180000	73190000	1.0427593552754038	73185000
chr2	73190000	73200000	5.048215984168739	73195000
chr2	73200000	73210000	0.6992071103014478	73205000
chr2	73210000	73220000	1.6958350275281997	73215000
chr2	73220000	73230000	1.3308726302811476	73225000
chr2	73230000	73240000	0.919011025278852	73235000
chr2	73240000	73250000	0.38808318690968674	73245000
chr2	73250000	73260000	0.8146357957096052	73255000
chr2	73260000	73270000	1.0391742343411008	73265000
chr2	73270000	73280000	1.5213618884790554	73275000
chr2	73280000	73290000	2.1062994529990524	73285000
chr2	73290000	73300000	0.7362720785599942	73295000
chr2	73300000	73310000	1.2463847009139954	73305000
chr2	73310000	73320000	1.0861110220372088	73315000
chr2	73320000	73330000	0.8009746372193429	73325000
chr2	73330000	73340000	0.6313183583586237	73335000
chr2	73340000	73350000	0.9587138423040796	73345000
chr2	73350000	73360000	0.6957523345385997	73355000
chr2	73360000	73370000	0.6470304266271885	73365000
chr2	73370000	73380000	0.6761927533126498	73375000
chr2	73380000	73390000	1.4006732974404057	73385000
chr2	73390000	73400000	1.006807236210456	73395000
chr2	73400000	73410000	1.0180655794223281	73405000
chr2	73410000	73420000	1.073485195303967	73415000
chr2	73420000	73430000	2.222089388370476	73425000
chr2	73430000	73440000	1.283488323276086	73435000
chr2	73440000	73450000	0.5945404090074962	73445000
chr2	73450000	73460000	1.1710934396108608	73455000
chr2	73460000	73470000	0.7263388693520887	73465000
chr2	73470000	73480000	1.509433643984911	73475000
chr2	73480000	73490000	2.0598589962078138	73485000
chr2	73490000	73500000	2.6245918235729344	73495000
chr2	73500000	73510000	1.7585400204938308	73505000
chr2	73510000	73520000	2.6785369408386486	73515000
chr2	73520000	73530000	1.9742757986939237	73525000
chr2	73530000	73540000	3.268180891960523	73535000
chr2	73540000	73550000	1.6114286811365164	73545000
chr2	73550000	73560000	1.7307054294610542	73555000
chr2	73560000	73570000	3.3283383545971694	73565000
chr2	73570000	73580000	3.083258882478782	73575000
chr2	73580000	73590000	1.7292706752380207	73585000
chr2	73590000	73600000	1.3815585498665899	73595000
chr2	73600000	73610000	2.4645514579163383	73605000
chr2	73610000	73620000	2.7795721678441168	73615000
chr2	73620000	73630000	1.738807904848771	73625000
chr2	73630000	73640000	2.576791261523715	73635000
chr2	73640000	73650000	2.6779802208528065	73645000
chr2	73650000	73660000	2.460191822600227	73655000
chr2	73660000	73670000	14.164748596826108	73665000
chr2	73670000	73680000	1.0110111751833757	73675000
chr2	73680000	73690000	1.2515824668548121	73685000
chr2	73690000	73700000	1.2181527849095126	73695000
chr2	73700000	73710000	1.834851545364504	73705000
chr2	73710000	73720000	6.80618375048594	73715000
chr2	73720000	73730000	1.459804301356421	73725000
chr2	73730000	73740000	1.7275180368297618	73735000
chr2	73740000	73750000	6.737632951709105	73745000
chr2	73750000	73760000	2.992504622244433	73755000
chr2	73760000	73770000	1.6824501485139303	73765000
chr2	73770000	73780000	1.8936877912020893	73775000
chr2	73780000	73790000	1.5565567977951917	73785000
chr2	73790000	73800000	1.315294986882721	73795000
chr2	73800000	73810000	2.8262149233910376	73805000
chr2	73810000	73820000	1.3705920010003165	73815000
chr2	73820000	73830000	2.234404722354103	73825000
chr2	73830000	73840000	0.6945642311274028	73835000
chr2	73840000	73850000	0.8926407023222219	73845000
chr2	73850000	73860000	1.148164092424319	73855000
chr2	73860000	73870000	1.6009619451245898	73865000
chr2	73870000	73880000	3.1195409870931456	73875000
chr2	73880000	73890000	1.4011016992759637	73885000
chr2	73890000	73900000	2.152348555994423	73895000
chr2	73900000	73910000	2.7225740625909736	73905000
chr2	73910000	73920000	6.169774238731504	73915000
chr2	73920000	73930000	2.863329503621061	73925000
chr2	73930000	73940000	2.719136525785343	73935000
chr2	73940000	73950000	4.740661616362059	73945000
chr2	73950000	73960000	3.7838480138868067	73955000
chr2	73960000	73970000	2.5992218528520614	73965000
chr2	73970000	73980000	1.6687159063736294	73975000
chr2	73980000	73990000	8.741184547009025	73985000
chr2	73990000	74000000	2.6492079904952965	73995000
chr2	74000000	74010000	6.289393484644743	74005000
chr2	74010000	74020000	1.4006901339113698	74015000
chr2	74020000	74030000	0.192578916815588	74025000
chr2	74030000	74040000	8.452444695453112	74035000
chr2	74040000	74050000	14.370060569035106	74045000
chr2	74050000	74060000	10.201779951295457	74055000
chr2	74060000	74070000	1.2957108627669394	74065000
chr2	74070000	74080000	2.17245148084802	74075000
chr2	74080000	74090000	1.853914316362676	74085000
chr2	74090000	74100000	1.8019242777238762	74095000
chr2	74100000	74110000	2.57838665270122	74105000
chr2	74110000	74120000	3.278064644358882	74115000
chr2	74120000	74130000	2.251422834108185	74125000
chr2	74130000	74140000	2.1341860113085516	74135000
chr2	74140000	74150000	1.6357702168255364	74145000
chr2	74150000	74160000	3.3074896316799083	74155000
chr2	74160000	74170000	5.075398371033926	74165000
chr2	74170000	74180000	3.9205990881901243	74175000
chr2	74180000	74190000	1.732026139841721	74185000
chr2	74190000	74200000	8.126251906641397	74195000
chr2	74200000	74210000	1.2772391275816104	74205000
chr2	74210000	74220000	1.2739164444916162	74215000
chr2	74220000	74230000	1.3212655113909133	74225000
chr2	74230000	74240000	1.8512723883641244	74235000
chr2	74240000	74250000	3.8707404192445387	74245000
chr2	74250000	74260000	1.9346335084585202	74255000
chr2	74260000	74270000	1.7958114552863023	74265000
chr2	74270000	74280000	1.571717805276516	74275000
chr2	74280000	74290000	2.6690925962018057	74285000
chr2	74290000	74300000	4.467090004834529	74295000
chr2	74300000	74310000	5.105328769374331	74305000
chr2	74310000	74320000	4.5767323955018275	74315000
chr2	74320000	74330000	6.685423262495096	74325000
chr2	74330000	74340000	12.88779689898133	74335000
chr2	74340000	74350000	4.042903263778786	74345000
chr2	74350000	74360000	2.3243699888705502	74355000
chr2	74360000	74370000	1.3562685072418805	74365000
chr2	74370000	74380000	12.391227027711809	74375000
chr2	74380000	74390000	5.491729217571685	74385000
chr2	74390000	74400000	4.783280340493746	74395000
chr2	74400000	74410000	4.255778622166148	74405000
chr2	74410000	74420000	4.983868950557295	74415000
chr2	74420000	74430000	1.9996173855086947	74425000
chr2	74430000	74440000	0.8032784198748736	74435000
chr2	74440000	74450000	1.6665198990515149	74445000
chr2	74450000	74460000	2.8118358154239327	74455000
chr2	74460000	74470000	6.604250510525891	74465000
chr2	74470000	74480000	4.861510417642267	74475000
chr2	74480000	74490000	0.8664887511891117	74485000
chr2	74490000	74500000	1.2479973410631264	74495000
chr2	74500000	74510000	1.562426412764906	74505000
chr2	74510000	74520000	2.663890708724376	74515000
chr2	74520000	74530000	1.6125003463534977	74525000
chr2	74530000	74540000	0.972173520395484	74535000
chr2	74540000	74550000	2.2379662339210475	74545000
chr2	74550000	74560000	1.0311590135710447	74555000
chr2	74560000	74570000	1.340572148643025	74565000
chr2	74570000	74580000	2.2841504809072224	74575000
chr2	74580000	74590000	7.014674619118016	74585000
chr2	74590000	74600000	2.487774683937551	74595000
chr2	74600000	74610000	4.413259389322301	74605000
chr2	74610000	74620000	2.823001789919878	74615000
chr2	74620000	74630000	2.3633058664227087	74625000
chr2	74630000	74640000	3.25163439619558	74635000
chr2	74640000	74650000	2.790988255174598	74645000
chr2	74650000	74660000	1.9214682722934007	74655000
chr2	74660000	74670000	2.891765182261433	74665000
chr2	74670000	74680000	2.9829458245248928	74675000
chr2	74680000	74690000	3.1282861972543867	74685000
chr2	74690000	74700000	2.365936234584247	74695000
chr2	74700000	74710000	3.9287160653490507	74705000
chr2	74710000	74720000	5.254275696450536	74715000
chr2	74720000	74730000	5.103286372063383	74725000
chr2	74730000	74740000	3.7656863132565994	74735000
chr2	74740000	74750000	8.781741596505448	74745000
chr2	74750000	74760000	5.891508915246267	74755000
chr2	74760000	74770000	7.204909616588411	74765000
chr2	74770000	74780000	5.468421205242938	74775000
chr2	74780000	74790000	7.190913940198301	74785000
chr2	74790000	74800000	3.325698207652749	74795000
chr2	74800000	74810000	3.490244328005716	74805000
chr2	74810000	74820000	3.634342998581145	74815000
chr2	74820000	74830000	5.601308489268747	74825000
chr2	74830000	74840000	6.511232534828975	74835000
chr2	74840000	74850000	5.555240991074696	74845000
chr2	74850000	74860000	8.021058389911603	74855000
chr2	74860000	74870000	6.253763346005169	74865000
chr2	74870000	74880000	3.844836470645053	74875000
chr2	74880000	74890000	3.137231758591264	74885000
chr2	74890000	74900000	7.602110679306398	74895000
chr2	74900000	74910000	4.583666724053338	74905000
chr2	74910000	74920000	4.742313531845106	74915000
chr2	74920000	74930000	7.8547255019858495	74925000
chr2	74930000	74940000	4.417818326659897	74935000
chr2	74940000	74950000	11.388856895355179	74945000
chr2	74950000	74960000	10.714815526372446	74955000
chr2	74960000	74970000	12.784383748740492	74965000
chr2	74970000	74980000	3.569344007069631	74975000
chr2	74980000	74990000	6.459126042662449	74985000
chr2	74990000	75000000	1.7298840550420251	74995000
chr2	75000000	75010000	7.517393699879122	75005000
chr2	75010000	75020000	2.541264222669814	75015000
chr2	75020000	75030000	3.135883859479576	75025000
chr2	75030000	75040000	2.4349283412281744	75035000
chr2	75040000	75050000	1.7518579876145852	75045000
chr2	75050000	75060000	1.9680859437010847	75055000
chr2	75060000	75070000	1.7045330635492737	75065000
chr2	75070000	75080000	1.3208017590680625	75075000
chr2	75080000	75090000	0.8602086454793784	75085000
chr2	75090000	75100000	1.226755211947206	75095000
chr2	75100000	75110000	2.4402095920699876	75105000
chr2	75110000	75120000	2.2519430614490354	75115000
chr2	75120000	75130000	4.027911052868538	75125000
chr2	75130000	75140000	6.701217518945422	75135000
chr2	75140000	75150000	3.157919449448304	75145000
chr2	75150000	75160000	1.214678062335537	75155000
chr2	75160000	75170000	4.676516036561847	75165000
chr2	75170000	75180000	2.697413916318169	75175000
chr2	75180000	75190000	5.274449372629944	75185000
chr2	75190000	75200000	1.4653426017149298	75195000
chr2	75200000	75210000	4.467732037288189	75205000
chr2	75210000	75220000	4.27848082939333	75215000
chr2	75220000	75230000	4.148614596780869	75225000
chr2	75230000	75240000	4.702212943725465	75235000
chr2	75240000	75250000	2.839275311124525	75245000
chr2	75250000	75260000	3.8702089777380686	75255000
chr2	75260000	75270000	2.5859953717292408	75265000
chr2	75270000	75280000	3.905057250585678	75275000
chr2	75280000	75290000	6.72196305161409	75285000
chr2	75290000	75300000	1.4836698903375283	75295000
chr2	75300000	75310000	0.3989955224057309	75305000
chr2	75310000	75320000	1.2614795664830944	75315000
chr2	75320000	75330000	1.342306653708444	75325000
chr2	75330000	75340000	2.2177167420060293	75335000
chr2	75340000	75350000	11.243336645858355	75345000
chr2	75350000	75360000	14.729585388556874	75355000
chr2	75360000	75370000	5.6905596347763865	75365000
chr2	75370000	75380000	4.9721271114358405	75375000
chr2	75380000	75390000	2.5843684886441265	75385000
chr2	75390000	75400000	4.139099565880133	75395000
chr2	75400000	75410000	3.161676927058459	75405000
chr2	75410000	75420000	2.4304498675287762	75415000
chr2	75420000	75430000	3.412652315841402	75425000
chr2	75430000	75440000	1.723570597729286	75435000
chr2	75440000	75450000	5.071536655751269	75445000
chr2	75450000	75460000	2.525914569894128	75455000
chr2	75460000	75470000	2.9779256117545723	75465000
chr2	75470000	75480000	4.767458858129617	75475000
chr2	75480000	75490000	3.7151034311513205	75485000
chr2	75490000	75500000	3.1342346823883576	75495000
chr2	75500000	75510000	1.5580923722191353	75505000
chr2	75510000	75520000	3.062685429413943	75515000
chr2	75520000	75530000	4.011607443795136	75525000
chr2	75530000	75540000	3.710220041535275	75535000
chr2	75540000	75550000	2.332211563739455	75545000
chr2	75550000	75560000	1.8979718152543938	75555000
chr2	75560000	75570000	2.64144845957828	75565000
chr2	75570000	75580000	4.201091430848101	75575000
chr2	75580000	75590000	3.0763472220117003	75585000
chr2	75590000	75600000	3.5150380926977194	75595000
chr2	75600000	75610000	14.201578836382515	75605000
chr2	75610000	75620000	3.251812549723886	75615000
chr2	75620000	75630000	3.1612356339451533	75625000
chr2	75630000	75640000	2.7158991627779123	75635000
chr2	75640000	75650000	9.796352464744903	75645000
chr2	75650000	75660000	7.214934012924246	75655000
chr2	75660000	75670000	5.119059873629606	75665000
chr2	75670000	75680000	2.4471771676537775	75675000
chr2	75680000	75690000	1.3889011226752332	75685000
chr2	75690000	75700000	1.6869275902611773	75695000
chr2	75700000	75710000	2.1435607008714377	75705000
chr2	75710000	75720000	1.6968802035119446	75715000
chr2	75720000	75730000	2.453409482667376	75725000
chr2	75730000	75740000	3.5652796706874073	75735000
chr2	75740000	75750000	4.345845701676356	75745000
chr2	75750000	75760000	5.0173894879436824	75755000
chr2	75760000	75770000	3.8656862596398924	75765000
chr2	75770000	75780000	4.811756846077928	75775000
chr2	75780000	75790000	17.047501379630802	75785000
chr2	75790000	75800000	3.016705057501376	75795000
chr2	75800000	75810000	4.296440149616699	75805000
chr2	75810000	75820000	6.5503545149038045	75815000
chr2	75820000	75830000	0.7971125222101003	75825000
chr2	75830000	75840000	1.0481466608079393	75835000
chr2	75840000	75850000	1.2526022570277964	75845000
chr2	75850000	75860000	0.8189853471937655	75855000
chr2	75860000	75870000	1.7138043471524733	75865000
chr2	75870000	75880000	1.558121704237204	75875000
chr2	75880000	75890000	1.3367817969482336	75885000
chr2	75890000	75900000	1.944567196708911	75895000
chr2	75900000	75910000	8.81261667776355	75905000
chr2	75910000	75920000	9.806877632658033	75915000
chr2	75920000	75930000	11.536951133073496	75925000
chr2	75930000	75940000	2.072532984191249	75935000
chr2	75940000	75950000	6.881853552145305	75945000
chr2	75950000	75960000	0.6779750296125043	75955000
chr2	75960000	75970000	1.2489916883209344	75965000
chr2	75970000	75980000	0.7823031232485613	75975000
chr2	75980000	75990000	4.729437520861007	75985000
chr2	75990000	76000000	2.931348380745536	75995000
chr2	76000000	76010000	2.7089144808785135	76005000
chr2	76010000	76020000	13.734693987851761	76015000
chr2	76020000	76030000	7.236042117638303	76025000
chr2	76030000	76040000	2.7243380742766985	76035000
chr2	76040000	76050000	2.7738757586334675	76045000
chr2	76050000	76060000	2.754534704588572	76055000
chr2	76060000	76070000	5.368085653127173	76065000
chr2	76070000	76080000	6.029256317011193	76075000
chr2	76080000	76090000	6.357243266849804	76085000
chr2	76090000	76100000	4.5814290869022445	76095000
chr2	76100000	76110000	4.5273175778101855	76105000
chr2	76110000	76120000	3.097345703530475	76115000
chr2	76120000	76130000	3.0134279424366155	76125000
chr2	76130000	76140000	4.462509956654061	76135000
chr2	76140000	76150000	4.392510038563633	76145000
chr2	76150000	76160000	17.08654361634092	76155000
chr2	76160000	76170000	6.537887282771165	76165000
chr2	76170000	76180000	8.44467743930958	76175000
chr2	76180000	76190000	19.544207225709012	76185000
chr2	76190000	76200000	12.100355372324849	76195000
chr2	76200000	76210000	11.369219430382357	76205000
chr2	76210000	76220000	13.866310508886357	76215000
chr2	76220000	76230000	5.205904198651564	76225000
chr2	76230000	76240000	3.3630393372156338	76235000
chr2	76240000	76250000	17.686998303179497	76245000
chr2	76250000	76260000	2.402887386886362	76255000
chr2	76260000	76270000	2.3437854321964475	76265000
chr2	76270000	76280000	2.7646588917712385	76275000
chr2	76280000	76290000	1.5705924903786015	76285000
chr2	76290000	76300000	1.923929393573966	76295000
chr2	76300000	76310000	1.7899862647757856	76305000
chr2	76310000	76320000	3.0335279202498975	76315000
chr2	76320000	76330000	2.2169463830180822	76325000
chr2	76330000	76340000	1.5894906615308049	76335000
chr2	76340000	76350000	0.9174969272266223	76345000
chr2	76350000	76360000	1.6791928404974104	76355000
chr2	76360000	76370000	1.3954808363556028	76365000
chr2	76370000	76380000	0.8910990716538838	76375000
chr2	76380000	76390000	1.5096080503222966	76385000
chr2	76390000	76400000	1.1880506240718929	76395000
chr2	76400000	76410000	1.7109394930472615	76405000
chr2	76410000	76420000	1.0740270643605945	76415000
chr2	76420000	76430000	1.3228752028873831	76425000
chr2	76430000	76440000	2.082031631234901	76435000
chr2	76440000	76450000	2.2860436652333402	76445000
chr2	76450000	76460000	2.489895579562308	76455000
chr2	76460000	76470000	3.374965092132997	76465000
chr2	76470000	76480000	3.2963946617472053	76475000
chr2	76480000	76490000	2.7591417815899173	76485000
chr2	76490000	76500000	15.346862525424125	76495000
chr2	76500000	76510000	7.511585076987832	76505000
chr2	76510000	76520000	6.819537346931295	76515000
chr2	76520000	76530000	4.24842036367942	76525000
chr2	76530000	76540000	2.995821765025804	76535000
chr2	76540000	76550000	8.675314254420686	76545000
chr2	76550000	76560000	2.442079813760283	76555000
chr2	76560000	76570000	1.846102757521576	76565000
chr2	76570000	76580000	2.377370472783242	76575000
chr2	76580000	76590000	3.6406257700580724	76585000
chr2	76590000	76600000	2.443357149208053	76595000
chr2	76600000	76610000	9.649414681961378	76605000
chr2	76610000	76620000	1.6917838144210176	76615000
chr2	76620000	76630000	4.693091085305547	76625000
chr2	76630000	76640000	4.012840088559377	76635000
chr2	76640000	76650000	2.744402411921852	76645000
chr2	76650000	76660000	2.659316344703941	76655000
chr2	76660000	76670000	3.3402369403178027	76665000
chr2	76670000	76680000	5.347067000597416	76675000
chr2	76680000	76690000	8.111034262563644	76685000
chr2	76690000	76700000	2.412275880668808	76695000
chr2	76700000	76710000	4.46720781846973	76705000
chr2	76710000	76720000	5.9735092962695955	76715000
chr2	76720000	76730000	1.8621692016576652	76725000
chr2	76730000	76740000	3.4509119883911152	76735000
chr2	76740000	76750000	3.338944528469518	76745000
chr2	76750000	76760000	2.900187851080957	76755000
chr2	76760000	76770000	1.8191627490720477	76765000
chr2	76770000	76780000	1.4057762490622374	76775000
chr2	76780000	76790000	3.2611082481471247	76785000
chr2	76790000	76800000	1.3791247505691908	76795000
chr2	76800000	76810000	0.6344563336203664	76805000
chr2	76810000	76820000	1.2471504664732156	76815000
chr2	76820000	76830000	2.698050651226569	76825000
chr2	76830000	76840000	1.1381391618765464	76835000
chr2	76840000	76850000	2.4920893935265047	76845000
chr2	76850000	76860000	2.858995104219232	76855000
chr2	76860000	76870000	1.603409122114691	76865000
chr2	76870000	76880000	2.041280281775128	76875000
chr2	76880000	76890000	1.9368328086473494	76885000
chr2	76890000	76900000	1.4390053301189405	76895000
chr2	76900000	76910000	1.7910059089715802	76905000
chr2	76910000	76920000	2.645266628592879	76915000
chr2	76920000	76930000	1.4682034857757595	76925000
chr2	76930000	76940000	0.7957172505122536	76935000
chr2	76940000	76950000	0.7285362637446554	76945000
chr2	76950000	76960000	1.0757972794951698	76955000
chr2	76960000	76970000	1.0208744056151957	76965000
chr2	76970000	76980000	0.6643857254748238	76975000
chr2	76980000	76990000	1.8870299127896244	76985000
chr2	76990000	77000000	11.244986474590569	76995000
chr2	77000000	77010000	5.601570013845965	77005000
chr2	77010000	77020000	0.9431913153156769	77015000
chr2	77020000	77030000	2.194550796303973	77025000
chr2	77030000	77040000	1.288843154262476	77035000
chr2	77040000	77050000	2.650369183759392	77045000
chr2	77050000	77060000	2.468191317172609	77055000
chr2	77060000	77070000	1.2912802635291316	77065000
chr2	77070000	77080000	1.4564825482459536	77075000
chr2	77080000	77090000	2.5664011620148566	77085000
chr2	77090000	77100000	1.3777047280594168	77095000
chr2	77100000	77110000	1.7474799385040134	77105000
chr2	77110000	77120000	1.584409168585985	77115000
chr2	77120000	77130000	2.507579393021796	77125000
chr2	77130000	77140000	1.2409409494347943	77135000
chr2	77140000	77150000	1.4849051959972708	77145000
chr2	77150000	77160000	3.5795200737750967	77155000
chr2	77160000	77170000	2.6891469674879875	77165000
chr2	77170000	77180000	1.8483089665840748	77175000
chr2	77180000	77190000	2.2818847803932467	77185000
chr2	77190000	77200000	1.4750142485547797	77195000
chr2	77200000	77210000	2.1654341415213025	77205000
chr2	77210000	77220000	1.4692915225671772	77215000
chr2	77220000	77230000	2.5881379384187633	77225000
chr2	77230000	77240000	1.5890182807430018	77235000
chr2	77240000	77250000	3.401406330596786	77245000
chr2	77250000	77260000	7.284523010662977	77255000
chr2	77260000	77270000	3.989664595455611	77265000
chr2	77270000	77280000	1.916243207696918	77275000
chr2	77280000	77290000	2.6380617662940815	77285000
chr2	77290000	77300000	2.6341810141719155	77295000
chr2	77300000	77310000	1.9264336344665531	77305000
chr2	77310000	77320000	3.8747828650842338	77315000
chr2	77320000	77330000	3.1217041603740445	77325000
chr2	77330000	77340000	1.181423998816532	77335000
chr2	77340000	77350000	2.761829407796129	77345000
chr2	77350000	77360000	2.4830918989115496	77355000
chr2	77360000	77370000	1.8620098200181843	77365000
chr2	77370000	77380000	3.840846861781374	77375000
chr2	77380000	77390000	2.0464134954138085	77385000
chr2	77390000	77400000	2.7228907679476198	77395000
chr2	77400000	77410000	1.6427319825144435	77405000
chr2	77410000	77420000	3.854744398951232	77415000
chr2	77420000	77430000	2.7057796969158514	77425000
chr2	77430000	77440000	4.146214858535674	77435000
chr2	77440000	77450000	4.187087835636697	77445000
chr2	77450000	77460000	4.812548083195668	77455000
chr2	77460000	77470000	2.3386024260701683	77465000
chr2	77470000	77480000	3.1422930996002467	77475000
chr2	77480000	77490000	2.854429836432868	77485000
chr2	77490000	77500000	1.9329092675249013	77495000
chr2	77500000	77510000	5.757682487909528	77505000
chr2	77510000	77520000	4.5987412517485415	77515000
chr2	77520000	77530000	2.677593508389815	77525000
chr2	77530000	77540000	2.225531242718435	77535000
chr2	77540000	77550000	1.116754149999814	77545000
chr2	77550000	77560000	1.8583287714844925	77555000
chr2	77560000	77570000	1.965978694837647	77565000
chr2	77570000	77580000	7.740059875630316	77575000
chr2	77580000	77590000	2.186510703323806	77585000
chr2	77590000	77600000	0.518732662945618	77595000
chr2	77600000	77610000	0.7422653728564153	77605000
chr2	77610000	77620000	0.9469723579031727	77615000
chr2	77620000	77630000	1.3883067122825257	77625000
chr2	77630000	77640000	1.6348258177839918	77635000
chr2	77640000	77650000	2.054495368155051	77645000
chr2	77650000	77660000	2.4636494253618193	77655000
chr2	77660000	77670000	2.591566390020347	77665000
chr2	77670000	77680000	3.1808424717015447	77675000
chr2	77680000	77690000	8.422676400469387	77685000
chr2	77690000	77700000	1.7268798438214632	77695000
chr2	77700000	77710000	7.25136197236618	77705000
chr2	77710000	77720000	1.4159856081717554	77715000
chr2	77720000	77730000	9.56233383966318	77725000
chr2	77730000	77740000	2.9623429930632845	77735000
chr2	77740000	77750000	5.264552472662679	77745000
chr2	77750000	77760000	4.106156006508093	77755000
chr2	77760000	77770000	2.4013821112094393	77765000
chr2	77770000	77780000	2.7091591290197834	77775000
chr2	77780000	77790000	2.010594676174238	77785000
chr2	77790000	77800000	2.801155615424294	77795000
chr2	77800000	77810000	5.2585792123100115	77805000
chr2	77810000	77820000	10.361176340395877	77815000
chr2	77820000	77830000	1.710140828456667	77825000
chr2	77830000	77840000	1.2680954556347348	77835000
chr2	77840000	77850000	1.0631781945621284	77845000
chr2	77850000	77860000	1.6045590240946537	77855000
chr2	77860000	77870000	0.5536351176794015	77865000
chr2	77870000	77880000	3.209556027152268	77875000
chr2	77880000	77890000	57.55327708197635	77885000
chr2	77890000	77900000	24.258050530340945	77895000
chr2	77900000	77910000	8.618934954815314	77905000
chr2	77910000	77920000	13.581285970698312	77915000
chr2	77920000	77930000	14.990333942431421	77925000
chr2	77930000	77940000	14.990333942431421	77935000
chr2	77940000	77950000	3.68380752358793	77945000
chr2	77950000	77960000	0.29357482778561395	77955000
chr2	77960000	77970000	0.408790625273534	77965000
chr2	77970000	77980000	1.0665838810735644	77975000
chr2	77980000	77990000	0.38428923690589195	77985000
chr2	77990000	78000000	7.619818647662817	77995000
chr2	78000000	78010000	64.76320918905535	78005000
chr2	78010000	78020000	0.15154424846844924	78015000
chr2	78020000	78030000	0.28013044769914175	78025000
chr2	78030000	78040000	0.9469403689308453	78035000
chr2	78040000	78050000	0.6694280275384672	78045000
chr2	78050000	78060000	0.7558810884152974	78055000
chr2	78060000	78070000	1.0850954857300927	78065000
chr2	78070000	78080000	0.3872232829349858	78075000
chr2	78080000	78090000	0.48410130768621795	78085000
chr2	78090000	78100000	0.9214512459519612	78095000
chr2	78100000	78110000	0.7287775746102877	78105000
chr2	78110000	78120000	0.6653178349441524	78115000
chr2	78120000	78130000	0.8049722192370579	78125000
chr2	78130000	78140000	1.5780881727773546	78135000
chr2	78140000	78150000	1.1068830729821397	78145000
chr2	78150000	78160000	1.551519140749261	78155000
chr2	78160000	78170000	1.4033219878192582	78165000
chr2	78170000	78180000	1.052785759883485	78175000
chr2	78180000	78190000	0.7345088808284173	78185000
chr2	78190000	78200000	1.1131600240979156	78195000
chr2	78200000	78210000	1.056089202170505	78205000
chr2	78210000	78220000	1.9045643580998048	78215000
chr2	78220000	78230000	1.4888152666476502	78225000
chr2	78230000	78240000	1.0903698189162214	78235000
chr2	78240000	78250000	1.7992175009418143	78245000
chr2	78250000	78260000	1.4368152909881449	78255000
chr2	78260000	78270000	0.9241921514968393	78265000
chr2	78270000	78280000	1.0083336712129198	78275000
chr2	78280000	78290000	1.4450296357759516	78285000
chr2	78290000	78300000	0.6712187538862979	78295000
chr2	78300000	78310000	1.0276622106139526	78305000
chr2	78310000	78320000	0.9499969646236532	78315000
chr2	78320000	78330000	0.502437418212544	78325000
chr2	78330000	78340000	0.879610873924907	78335000
chr2	78340000	78350000	0.8418934326575055	78345000
chr2	78350000	78360000	0.5624993001316038	78355000
chr2	78360000	78370000	0.6198537662716446	78365000
chr2	78370000	78380000	1.1569781234456418	78375000
chr2	78380000	78390000	1.1166417026646929	78385000
chr2	78390000	78400000	1.1923941990857123	78395000
chr2	78400000	78410000	1.5212971983106778	78405000
chr2	78410000	78420000	1.0771025668259508	78415000
chr2	78420000	78430000	1.0480046954149411	78425000
chr2	78430000	78440000	0.8077471263933829	78435000
chr2	78440000	78450000	0.8217588064267187	78445000
chr2	78450000	78460000	0.8086144640608992	78455000
chr2	78460000	78470000	0.6164371440351353	78465000
chr2	78470000	78480000	2.2485074592747725	78475000
chr2	78480000	78490000	0.6263902829268297	78485000
chr2	78490000	78500000	0.22617070733674915	78495000
chr2	78500000	78510000	0.3478012734731848	78505000
chr2	78510000	78520000	0.5590972822378969	78515000
chr2	78520000	78530000	1.4217454641042164	78525000
chr2	78530000	78540000	0.8890614502791163	78535000
chr2	78540000	78550000	0.8233113089939907	78545000
chr2	78550000	78560000	0.8611960645398504	78555000
chr2	78560000	78570000	0.5876179137928886	78565000
chr2	78570000	78580000	0.8069282329315469	78575000
chr2	78580000	78590000	1.2502520332691962	78585000
chr2	78590000	78600000	3.2999380671626373	78595000
chr2	78600000	78610000	2.7925881077060355	78605000
chr2	78610000	78620000	3.157989868137762	78615000
chr2	78620000	78630000	2.339625716207418	78625000
chr2	78630000	78640000	1.021148457116249	78635000
chr2	78640000	78650000	1.8161556526740288	78645000
chr2	78650000	78660000	0.8180482774438619	78655000
chr2	78660000	78670000	0.6245990247351371	78665000
chr2	78670000	78680000	1.4436774694624088	78675000
chr2	78680000	78690000	0.5004507370209078	78685000
chr2	78690000	78700000	0.5499000042390563	78695000
chr2	78700000	78710000	0.8470962087834208	78705000
chr2	78710000	78720000	0.908964781143515	78715000
chr2	78720000	78730000	1.195087096800178	78725000
chr2	78730000	78740000	0.26556133212978505	78735000
chr2	78740000	78750000	0.2662053454069469	78745000
chr2	78750000	78760000	0.760649450111143	78755000
chr2	78760000	78770000	1.3700908778209617	78765000
chr2	78770000	78780000	1.0785987870928975	78775000
chr2	78780000	78790000	0.7966687538617783	78785000
chr2	78790000	78800000	0.5972227587268643	78795000
chr2	78800000	78810000	0.3292689590129736	78805000
chr2	78810000	78820000	0.40516914592456166	78815000
chr2	78820000	78830000	0.5507601581713653	78825000
chr2	78830000	78840000	0.6629458012451898	78835000
chr2	78840000	78850000	0.7827423367646534	78845000
chr2	78850000	78860000	1.135433055134181	78855000
chr2	78860000	78870000	0.9246698894299052	78865000
chr2	78870000	78880000	2.2466933548200294	78875000
chr2	78880000	78890000	0.7787910836260434	78885000
chr2	78890000	78900000	0.8620308364824588	78895000
chr2	78900000	78910000	0.5318321289739016	78905000
chr2	78910000	78920000	1.2498336682296403	78915000
chr2	78920000	78930000	1.065193437603658	78925000
chr2	78930000	78940000	1.1115674910180924	78935000
chr2	78940000	78950000	0.7343018795977192	78945000
chr2	78950000	78960000	1.2404614783799217	78955000
chr2	78960000	78970000	0.4861084609008303	78965000
chr2	78970000	78980000	0.9412620470662828	78975000
chr2	78980000	78990000	1.44828090381132	78985000
chr2	78990000	79000000	1.6895149270886578	78995000
chr2	79000000	79010000	0.32196255529801093	79005000
chr2	79010000	79020000	0.5107721742729144	79015000
chr2	79020000	79030000	0.3276309639440026	79025000
chr2	79030000	79040000	0.7579991751134219	79035000
chr2	79040000	79050000	0.6076993588561402	79045000
chr2	79050000	79060000	0.4512743906645642	79055000
chr2	79060000	79070000	0.836927705681101	79065000
chr2	79070000	79080000	0.8601350142900536	79075000
chr2	79080000	79090000	0.20448650094390436	79085000
chr2	79090000	79100000	0.35091947304899507	79095000
chr2	79100000	79110000	0.5072982737102295	79105000
chr2	79110000	79120000	0.7944006661519545	79115000
chr2	79120000	79130000	0.9091577647340243	79125000
chr2	79130000	79140000	0.498271604596213	79135000
chr2	79140000	79150000	0.7727844821027421	79145000
chr2	79150000	79160000	0.7369762656693498	79155000
chr2	79160000	79170000	0.8830200596712512	79165000
chr2	79170000	79180000	1.5570319881520636	79175000
chr2	79180000	79190000	1.4738665552255414	79185000
chr2	79190000	79200000	2.854231045476225	79195000
chr2	79200000	79210000	2.3556227758181323	79205000
chr2	79210000	79220000	2.328899018678008	79215000
chr2	79220000	79230000	0.8061572329452087	79225000
chr2	79230000	79240000	1.3745213755213357	79235000
chr2	79240000	79250000	1.6884545812548892	79245000
chr2	79250000	79260000	1.0535260232658843	79255000
chr2	79260000	79270000	2.961146773627939	79265000
chr2	79270000	79280000	2.033892355665986	79275000
chr2	79280000	79290000	1.359403777833573	79285000
chr2	79290000	79300000	2.126177967160668	79295000
chr2	79300000	79310000	0.992973090739668	79305000
chr2	79310000	79320000	1.3491557994230372	79315000
chr2	79320000	79330000	1.2587913797196582	79325000
chr2	79330000	79340000	1.7045199178712993	79335000
chr2	79340000	79350000	1.9208231557996724	79345000
chr2	79350000	79360000	3.005013122462727	79355000
chr2	79360000	79370000	3.1228015942221856	79365000
chr2	79370000	79380000	2.6373612257052477	79375000
chr2	79380000	79390000	2.526142511170828	79385000
chr2	79390000	79400000	6.860573723824096	79395000
chr2	79400000	79410000	5.67995284100989	79405000
chr2	79410000	79420000	5.551597583442019	79415000
chr2	79420000	79430000	1.7852766175554706	79425000
chr2	79430000	79440000	4.329099529347616	79435000
chr2	79440000	79450000	5.212700962901494	79445000
chr2	79450000	79460000	1.6235286810028022	79455000
chr2	79460000	79470000	4.831150483087244	79465000
chr2	79470000	79480000	2.3640416946597265	79475000
chr2	79480000	79490000	1.403490953859467	79485000
chr2	79490000	79500000	2.9324653816419923	79495000
chr2	79500000	79510000	4.817428200896881	79505000
chr2	79510000	79520000	1.5304009542410952	79515000
chr2	79520000	79530000	2.684657359589742	79525000
chr2	79530000	79540000	2.9379000296824187	79535000
chr2	79540000	79550000	3.102162695238725	79545000
chr2	79550000	79560000	2.711239885481434	79555000
chr2	79560000	79570000	1.4073492200654494	79565000
chr2	79570000	79580000	1.735884769643157	79575000
chr2	79580000	79590000	1.3007395221345546	79585000
chr2	79590000	79600000	2.064326510706307	79595000
chr2	79600000	79610000	1.5622895206938427	79605000
chr2	79610000	79620000	0.6360267720009378	79615000
chr2	79620000	79630000	0.7389207216345172	79625000
chr2	79630000	79640000	0.6060790825476566	79635000
chr2	79640000	79650000	0.7422285130629183	79645000
chr2	79650000	79660000	1.040840166220095	79655000
chr2	79660000	79670000	1.5813980993722827	79665000
chr2	79670000	79680000	1.3934554295936181	79675000
chr2	79680000	79690000	1.1195278249586496	79685000
chr2	79690000	79700000	0.6015247174345092	79695000
chr2	79700000	79710000	0.4153434971097392	79705000
chr2	79710000	79720000	1.012377782396031	79715000
chr2	79720000	79730000	1.022411467990826	79725000
chr2	79730000	79740000	0.9277993882850234	79735000
chr2	79740000	79750000	0.6201242239913854	79745000
chr2	79750000	79760000	0.7194023652690604	79755000
chr2	79760000	79770000	1.862995999150931	79765000
chr2	79770000	79780000	0.6082733477868216	79775000
chr2	79780000	79790000	0.4014134419487282	79785000
chr2	79790000	79800000	0.4510019404068931	79795000
chr2	79800000	79810000	0.7764184295414929	79805000
chr2	79810000	79820000	1.3778372748693326	79815000
chr2	79820000	79830000	1.1472675149927254	79825000
chr2	79830000	79840000	1.2863888654917006	79835000
chr2	79840000	79850000	1.5272310566781893	79845000
chr2	79850000	79860000	3.634545191848903	79855000
chr2	79860000	79870000	2.6089282133310987	79865000
chr2	79870000	79880000	2.250678690366492	79875000
chr2	79880000	79890000	2.521324415216574	79885000
chr2	79890000	79900000	2.94059716483682	79895000
chr2	79900000	79910000	1.0028952915644058	79905000
chr2	79910000	79920000	1.6413374507160805	79915000
chr2	79920000	79930000	2.360523080842241	79925000
chr2	79930000	79940000	2.263857172245658	79935000
chr2	79940000	79950000	2.447135185596474	79945000
chr2	79950000	79960000	3.0971269513975765	79955000
chr2	79960000	79970000	3.1923507276868506	79965000
chr2	79970000	79980000	1.493093709686388	79975000
chr2	79980000	79990000	1.1021973389341158	79985000
chr2	79990000	80000000	0.36904917036728985	79995000
chr2	80000000	80010000	0.3411701867249457	80005000
chr2	80010000	80020000	0.4207759102424017	80015000
chr2	80020000	80030000	2.2001311054479897	80025000
chr2	80030000	80040000	1.4333825414479235	80035000
chr2	80040000	80050000	0.9361216826799807	80045000
chr2	80050000	80060000	2.1768879021084553	80055000
chr2	80060000	80070000	0.2717505874789998	80065000
chr2	80070000	80080000	4.506034722020754	80075000
chr2	80080000	80090000	0.8322482474131891	80085000
chr2	80090000	80100000	1.439336587567977	80095000
chr2	80100000	80110000	1.1641335489085454	80105000
chr2	80110000	80120000	0.9703853748705055	80115000
chr2	80120000	80130000	1.966978640222062	80125000
chr2	80130000	80140000	3.6054343036479763	80135000
chr2	80140000	80150000	2.923985452696203	80145000
chr2	80150000	80160000	0.7168773828231116	80155000
chr2	80160000	80170000	1.8179139692553647	80165000
chr2	80170000	80180000	1.1772959932661802	80175000
chr2	80180000	80190000	2.008304842358333	80185000
chr2	80190000	80200000	3.179502352631151	80195000
chr2	80200000	80210000	2.9021030907328753	80205000
chr2	80210000	80220000	1.3389773001964504	80215000
chr2	80220000	80230000	1.0524146416105196	80225000
chr2	80230000	80240000	1.0281434118842654	80235000
chr2	80240000	80250000	1.7628471041459362	80245000
chr2	80250000	80260000	3.1229584364661696	80255000
chr2	80260000	80270000	3.519055512363024	80265000
chr2	80270000	80280000	3.089183563068822	80275000
chr2	80280000	80290000	1.5994038820162146	80285000
chr2	80290000	80300000	7.1278900268398235	80295000
chr2	80300000	80310000	5.694016712423738	80305000
chr2	80310000	80320000	2.5261777493765947	80315000
chr2	80320000	80330000	1.227309011777184	80325000
chr2	80330000	80340000	3.6544599595148726	80335000
chr2	80340000	80350000	7.654006118362321	80345000
chr2	80350000	80360000	3.6942744279102384	80355000
chr2	80360000	80370000	3.9570416659812753	80365000
chr2	80370000	80380000	3.5461297412233614	80375000
chr2	80380000	80390000	3.6343562770696423	80385000
chr2	80390000	80400000	2.4547291487877936	80395000
chr2	80400000	80410000	1.862434230076059	80405000
chr2	80410000	80420000	5.4872609860908454	80415000
chr2	80420000	80430000	2.6037469862762563	80425000
chr2	80430000	80440000	2.0786875230258612	80435000
chr2	80440000	80450000	1.8615166638914429	80445000
chr2	80450000	80460000	2.79105295329909	80455000
chr2	80460000	80470000	2.3835527114992057	80465000
chr2	80470000	80480000	13.46140367299872	80475000
chr2	80480000	80490000	3.6048119583631584	80485000
chr2	80490000	80500000	3.8274349948226916	80495000
chr2	80500000	80510000	3.9987813358278514	80505000
chr2	80510000	80520000	4.373369438532666	80515000
chr2	80520000	80530000	6.919989437245858	80525000
chr2	80530000	80540000	2.1876329092408047	80535000
chr2	80540000	80550000	2.515239319777986	80545000
chr2	80550000	80560000	2.515001429801178	80555000
chr2	80560000	80570000	4.8800540104359404	80565000
chr2	80570000	80580000	1.233288157246143	80575000
chr2	80580000	80590000	1.7179516584849994	80585000
chr2	80590000	80600000	3.518918376812041	80595000
chr2	80600000	80610000	5.11886032663786	80605000
chr2	80610000	80620000	2.9636870743117574	80615000
chr2	80620000	80630000	5.612174590356569	80625000
chr2	80630000	80640000	4.418345347762286	80635000
chr2	80640000	80650000	2.915815561565782	80645000
chr2	80650000	80660000	2.5644459028199535	80655000
chr2	80660000	80670000	1.4873199005146256	80665000
chr2	80670000	80680000	2.60029845865283	80675000
chr2	80680000	80690000	24.65045377381101	80685000
chr2	80690000	80700000	4.0386956250055706	80695000
chr2	80700000	80710000	2.4995863685420674	80705000
chr2	80710000	80720000	2.9877749367004576	80715000
chr2	80720000	80730000	2.289539063355594	80725000
chr2	80730000	80740000	3.6197120747228704	80735000
chr2	80740000	80750000	4.584039974977627	80745000
chr2	80750000	80760000	3.36335131673909	80755000
chr2	80760000	80770000	1.8008614925848963	80765000
chr2	80770000	80780000	2.93860598749728	80775000
chr2	80780000	80790000	3.59825574129822	80785000
chr2	80790000	80800000	3.6776478021475536	80795000
chr2	80800000	80810000	2.3127765486893317	80805000
chr2	80810000	80820000	3.6559820896953594	80815000
chr2	80820000	80830000	2.1305448820784894	80825000
chr2	80830000	80840000	3.174248551616337	80835000
chr2	80840000	80850000	5.444886033699984	80845000
chr2	80850000	80860000	3.1268098271959155	80855000
chr2	80860000	80870000	1.5838414169087054	80865000
chr2	80870000	80880000	1.2081554704243576	80875000
chr2	80880000	80890000	1.5571892473514728	80885000
chr2	80890000	80900000	3.7282983784288386	80895000
chr2	80900000	80910000	2.1038189624977246	80905000
chr2	80910000	80920000	8.820322887893434	80915000
chr2	80920000	80930000	2.9366635045102343	80925000
chr2	80930000	80940000	6.030313395778175	80935000
chr2	80940000	80950000	9.362221539191147	80945000
chr2	80950000	80960000	1.5806090264268389	80955000
chr2	80960000	80970000	1.2617495851639613	80965000
chr2	80970000	80980000	1.9518790711530862	80975000
chr2	80980000	80990000	1.4195526544064825	80985000
chr2	80990000	81000000	1.9735678214396906	80995000
chr2	81000000	81010000	1.226593625791838	81005000
chr2	81010000	81020000	3.1030824098078456	81015000
chr2	81020000	81030000	5.468440836612048	81025000
chr2	81030000	81040000	1.581527149634825	81035000
chr2	81040000	81050000	1.2070576335663659	81045000
chr2	81050000	81060000	6.279610330329414	81055000
chr2	81060000	81070000	5.020132171447694	81065000
chr2	81070000	81080000	7.47782315397069	81075000
chr2	81080000	81090000	7.438841682980062	81085000
chr2	81090000	81100000	5.3227834727051455	81095000
chr2	81100000	81110000	5.233815711420247	81105000
chr2	81110000	81120000	4.490277569904833	81115000
chr2	81120000	81130000	2.992007986492404	81125000
chr2	81130000	81140000	2.4114416612581357	81135000
chr2	81140000	81150000	6.8614878649100515	81145000
chr2	81150000	81160000	1.0671906126474273	81155000
chr2	81160000	81170000	1.1064675695675088	81165000
chr2	81170000	81180000	1.7229061670281531	81175000
chr2	81180000	81190000	1.9251740259567245	81185000
chr2	81190000	81200000	1.3577648815622276	81195000
chr2	81200000	81210000	3.374045322904152	81205000
chr2	81210000	81220000	2.3375453057950857	81215000
chr2	81220000	81230000	6.577549135277454	81225000
chr2	81230000	81240000	11.01456443781944	81235000
chr2	81240000	81250000	3.364173867727117	81245000
chr2	81250000	81260000	2.620862268608051	81255000
chr2	81260000	81270000	6.935784483352447	81265000
chr2	81270000	81280000	1.4551526283538117	81275000
chr2	81280000	81290000	1.9744117485344015	81285000
chr2	81290000	81300000	1.7025618321439144	81295000
chr2	81300000	81310000	3.771849416031915	81305000
chr2	81310000	81320000	4.145112785740785	81315000
chr2	81320000	81330000	2.7029882753365535	81325000
chr2	81330000	81340000	2.4147679317680852	81335000
chr2	81340000	81350000	2.3071357626185507	81345000
chr2	81350000	81360000	4.0004827662578215	81355000
chr2	81360000	81370000	1.538343056618233	81365000
chr2	81370000	81380000	0.7860578367101247	81375000
chr2	81380000	81390000	3.3499048178306357	81385000
chr2	81390000	81400000	1.1660327184737693	81395000
chr2	81400000	81410000	1.2632306971618525	81405000
chr2	81410000	81420000	1.831567947580397	81415000
chr2	81420000	81430000	2.3552941884202747	81425000
chr2	81430000	81440000	1.4117551224420963	81435000
chr2	81440000	81450000	1.008354070258163	81445000
chr2	81450000	81460000	1.3623203795318457	81455000
chr2	81460000	81470000	2.438290409550452	81465000
chr2	81470000	81480000	3.6150659522369395	81475000
chr2	81480000	81490000	1.796511962626931	81485000
chr2	81490000	81500000	2.082184352724053	81495000
chr2	81500000	81510000	1.6412067055868533	81505000
chr2	81510000	81520000	1.9407557340270507	81515000
chr2	81520000	81530000	1.4114896567901463	81525000
chr2	81530000	81540000	1.5421576751431982	81535000
chr2	81540000	81550000	3.024542285434435	81545000
chr2	81550000	81560000	3.4258342817277696	81555000
chr2	81560000	81570000	2.3168704545499814	81565000
chr2	81570000	81580000	2.7405334640638213	81575000
chr2	81580000	81590000	1.62923977957388	81585000
chr2	81590000	81600000	4.160756069515664	81595000
chr2	81600000	81610000	5.442065795358961	81605000
chr2	81610000	81620000	10.996517843499454	81615000
chr2	81620000	81630000	2.782103548318674	81625000
chr2	81630000	81640000	2.6238962090742044	81635000
chr2	81640000	81650000	1.9487584155830393	81645000
chr2	81650000	81660000	3.493432112584427	81655000
chr2	81660000	81670000	5.560082345153818	81665000
chr2	81670000	81680000	2.343795428661264	81675000
chr2	81680000	81690000	2.0565735366273272	81685000
chr2	81690000	81700000	1.9059085310907478	81695000
chr2	81700000	81710000	2.0281291345676515	81705000
chr2	81710000	81720000	4.11784059096919	81715000
chr2	81720000	81730000	2.086744422032111	81725000
chr2	81730000	81740000	1.218431835567037	81735000
chr2	81740000	81750000	3.1201479984343736	81745000
chr2	81750000	81760000	2.977652214853039	81755000
chr2	81760000	81770000	1.4845153399760498	81765000
chr2	81770000	81780000	1.8005323332946956	81775000
chr2	81780000	81790000	1.930127461625064	81785000
chr2	81790000	81800000	1.523025070962895	81795000
chr2	81800000	81810000	0.43230095138965985	81805000
chr2	81810000	81820000	0.4671834482418056	81815000
chr2	81820000	81830000	5.437749170705203	81825000
chr2	81830000	81840000	0.5266773835594687	81835000
chr2	81840000	81850000	0.7561173586064944	81845000
chr2	81850000	81860000	0.9396332342643965	81855000
chr2	81860000	81870000	0.5108769647226012	81865000
chr2	81870000	81880000	0.8688983318755465	81875000
chr2	81880000	81890000	0.5553843042899794	81885000
chr2	81890000	81900000	0.7460323009899811	81895000
chr2	81900000	81910000	2.7335255452371956	81905000
chr2	81910000	81920000	1.2755296690443991	81915000
chr2	81920000	81930000	7.767200228662604	81925000
chr2	81930000	81940000	2.168542422043578	81935000
chr2	81940000	81950000	2.617972165119081	81945000
chr2	81950000	81960000	6.485275024327745	81955000
chr2	81960000	81970000	3.0337286830258923	81965000
chr2	81970000	81980000	2.8635999412409845	81975000
chr2	81980000	81990000	2.639937426210104	81985000
chr2	81990000	82000000	1.6300862774845857	81995000
chr2	82000000	82010000	8.833194287515223	82005000
chr2	82010000	82020000	1.55540016580956	82015000
chr2	82020000	82030000	0.6423870266222664	82025000
chr2	82030000	82040000	1.8514168092172552	82035000
chr2	82040000	82050000	1.9900968502364913	82045000
chr2	82050000	82060000	1.9936022275432068	82055000
chr2	82060000	82070000	1.6899815216588865	82065000
chr2	82070000	82080000	7.031002765915675	82075000
chr2	82080000	82090000	2.380586431867745	82085000
chr2	82090000	82100000	2.572458790456731	82095000
chr2	82100000	82110000	10.692882310295188	82105000
chr2	82110000	82120000	11.744027125572824	82115000
chr2	82120000	82130000	6.176764103256742	82125000
chr2	82130000	82140000	3.1541473070962627	82135000
chr2	82140000	82150000	6.691562428821592	82145000
chr2	82150000	82160000	3.2125063730006946	82155000
chr2	82160000	82170000	3.971217337593731	82165000
chr2	82170000	82180000	3.3599633565601295	82175000
chr2	82180000	82190000	3.595656313936112	82185000
chr2	82190000	82200000	4.934696206291338	82195000
chr2	82200000	82210000	12.587636032773938	82205000
chr2	82210000	82220000	2.928884914551875	82215000
chr2	82220000	82230000	4.148577170030955	82225000
chr2	82230000	82240000	5.574482788252643	82235000
chr2	82240000	82250000	1.4727277603906863	82245000
chr2	82250000	82260000	0.9037886789265088	82255000
chr2	82260000	82270000	3.8756460295271933	82265000
chr2	82270000	82280000	1.8830066650591553	82275000
chr2	82280000	82290000	1.3551485687556442	82285000
chr2	82290000	82300000	1.2879149378062806	82295000
chr2	82300000	82310000	1.1560895883429956	82305000
chr2	82310000	82320000	2.0512063151584363	82315000
chr2	82320000	82330000	1.2581506191701441	82325000
chr2	82330000	82340000	1.9092043894384028	82335000
chr2	82340000	82350000	2.3344362823689964	82345000
chr2	82350000	82360000	7.582725199446019	82355000
chr2	82360000	82370000	2.013341668092223	82365000
chr2	82370000	82380000	6.149509957843643	82375000
chr2	82380000	82390000	5.17411605993878	82385000
chr2	82390000	82400000	3.044264158651578	82395000
chr2	82400000	82410000	7.2220858790270555	82405000
chr2	82410000	82420000	9.633892734077369	82415000
chr2	82420000	82430000	5.016372215610713	82425000
chr2	82430000	82440000	3.5571102833322974	82435000
chr2	82440000	82450000	1.2264376817129912	82445000
chr2	82450000	82460000	1.2808594404836555	82455000
chr2	82460000	82470000	1.363016043271393	82465000
chr2	82470000	82480000	1.438795277854385	82475000
chr2	82480000	82490000	1.8551257599817534	82485000
chr2	82490000	82500000	1.9109372412986914	82495000
chr2	82500000	82510000	2.0019019056728355	82505000
chr2	82510000	82520000	3.1024587900149596	82515000
chr2	82520000	82530000	3.1133529460914677	82525000
chr2	82530000	82540000	1.2336447185455903	82535000
chr2	82540000	82550000	8.152499458206215	82545000
chr2	82550000	82560000	2.479004074979439	82555000
chr2	82560000	82570000	1.4805739451696482	82565000
chr2	82570000	82580000	2.2796942361144987	82575000
chr2	82580000	82590000	1.391416111865141	82585000
chr2	82590000	82600000	3.2274409986544805	82595000
chr2	82600000	82610000	2.5378000880642073	82605000
chr2	82610000	82620000	2.0386750549487744	82615000
chr2	82620000	82630000	2.2880402090179124	82625000
chr2	82630000	82640000	1.7575211284317729	82635000
chr2	82640000	82650000	1.9700282096757251	82645000
chr2	82650000	82660000	1.9006717687231423	82655000
chr2	82660000	82670000	1.6222688267765704	82665000
chr2	82670000	82680000	0.9721498920698054	82675000
chr2	82680000	82690000	1.3649605126498816	82685000
chr2	82690000	82700000	1.219161032252463	82695000
chr2	82700000	82710000	2.1085140541020144	82705000
chr2	82710000	82720000	2.6838666372254036	82715000
chr2	82720000	82730000	5.304897391319748	82725000
chr2	82730000	82740000	3.5726521763042287	82735000
chr2	82740000	82750000	4.8574689854241475	82745000
chr2	82750000	82760000	4.637692842447105	82755000
chr2	82760000	82770000	4.910711840396112	82765000
chr2	82770000	82780000	1.6830404178069835	82775000
chr2	82780000	82790000	2.1401055114942387	82785000
chr2	82790000	82800000	3.285083145191551	82795000
chr2	82800000	82810000	2.0400504496803444	82805000
chr2	82810000	82820000	1.2016927959655186	82815000
chr2	82820000	82830000	2.4660147611036938	82825000
chr2	82830000	82840000	1.688030432003205	82835000
chr2	82840000	82850000	2.7920118223566606	82845000
chr2	82850000	82860000	2.2082250526692007	82855000
chr2	82860000	82870000	3.4634825675981094	82865000
chr2	82870000	82880000	2.311392411510531	82875000
chr2	82880000	82890000	4.807187789430338	82885000
chr2	82890000	82900000	3.287626653799189	82895000
chr2	82900000	82910000	5.6884549037157655	82905000
chr2	82910000	82920000	4.9248841561560015	82915000
chr2	82920000	82930000	1.9971819786948874	82925000
chr2	82930000	82940000	5.296182356377592	82935000
chr2	82940000	82950000	5.154671583859171	82945000
chr2	82950000	82960000	3.9792094950975896	82955000
chr2	82960000	82970000	3.4145024136625097	82965000
chr2	82970000	82980000	4.371883833666168	82975000
chr2	82980000	82990000	4.543724691747148	82985000
chr2	82990000	83000000	2.7478466595520827	82995000
chr2	83000000	83010000	4.396720159007326	83005000
chr2	83010000	83020000	5.3368645203871266	83015000
chr2	83020000	83030000	5.047468308043701	83025000
chr2	83030000	83040000	3.6428639351720142	83035000
chr2	83040000	83050000	1.9604613606921115	83045000
chr2	83050000	83060000	5.673841558938794	83055000
chr2	83060000	83070000	2.0376384519008806	83065000
chr2	83070000	83080000	2.0546849168194603	83075000
chr2	83080000	83090000	1.591928708059447	83085000
chr2	83090000	83100000	2.0016196885955657	83095000
chr2	83100000	83110000	1.7049649140971197	83105000
chr2	83110000	83120000	2.352349467650493	83115000
chr2	83120000	83130000	2.0345357761735885	83125000
chr2	83130000	83140000	1.5514042554732774	83135000
chr2	83140000	83150000	8.466008103916327	83145000
chr2	83150000	83160000	1.4887881829876202	83155000
chr2	83160000	83170000	2.6106776222230503	83165000
chr2	83170000	83180000	1.2658173382794247	83175000
chr2	83180000	83190000	1.937182618729727	83185000
chr2	83190000	83200000	2.213747468350188	83195000
chr2	83200000	83210000	7.514278961948758	83205000
chr2	83210000	83220000	5.620539555242049	83215000
chr2	83220000	83230000	3.5605832428763167	83225000
chr2	83230000	83240000	3.535238747024568	83235000
chr2	83240000	83250000	9.78529864662678	83245000
chr2	83250000	83260000	3.552662933025827	83255000
chr2	83260000	83270000	6.646268588447926	83265000
chr2	83270000	83280000	3.9887008612272132	83275000
chr2	83280000	83290000	3.5502266929294803	83285000
chr2	83290000	83300000	4.574535664406704	83295000
chr2	83300000	83310000	2.839322914567	83305000
chr2	83310000	83320000	4.278195770810175	83315000
chr2	83320000	83330000	2.9627323353966903	83325000
chr2	83330000	83340000	1.4308539761114374	83335000
chr2	83340000	83350000	3.007332867923495	83345000
chr2	83350000	83360000	3.438516375169357	83355000
chr2	83360000	83370000	4.325159230415545	83365000
chr2	83370000	83380000	4.302008023481337	83375000
chr2	83380000	83390000	2.928597980952131	83385000
chr2	83390000	83400000	3.0870749609627093	83395000
chr2	83400000	83410000	4.674899466786051	83405000
chr2	83410000	83420000	6.624502034342078	83415000
chr2	83420000	83430000	3.9366295072448136	83425000
chr2	83430000	83440000	5.66336558982102	83435000
chr2	83440000	83450000	6.261616802552027	83445000
chr2	83450000	83460000	4.995865818822471	83455000
chr2	83460000	83470000	5.092971508648425	83465000
chr2	83470000	83480000	3.7798117714108983	83475000
chr2	83480000	83490000	12.853472152075447	83485000
chr2	83490000	83500000	3.447928603171181	83495000
chr2	83500000	83510000	2.650368303635643	83505000
chr2	83510000	83520000	6.98477057627289	83515000
chr2	83520000	83530000	5.66170161887304	83525000
chr2	83530000	83540000	2.5616169134213767	83535000
chr2	83540000	83550000	2.863299775378926	83545000
chr2	83550000	83560000	4.3111933922677625	83555000
chr2	83560000	83570000	5.47309107464619	83565000
chr2	83570000	83580000	16.628310174030542	83575000
chr2	83580000	83590000	4.426400922173404	83585000
chr2	83590000	83600000	2.886547148895259	83595000
chr2	83600000	83610000	2.8132716269572002	83605000
chr2	83610000	83620000	5.240598329280465	83615000
chr2	83620000	83630000	1.9519801986497458	83625000
chr2	83630000	83640000	3.0227097149895727	83635000
chr2	83640000	83650000	1.7385109395969673	83645000
chr2	83650000	83660000	0.741467638716249	83655000
chr2	83660000	83670000	2.71417981028507	83665000
chr2	83670000	83680000	2.4668902150143484	83675000
chr2	83680000	83690000	1.7449404535611168	83685000
chr2	83690000	83700000	1.5508479083828266	83695000
chr2	83700000	83710000	1.777582886087431	83705000
chr2	83710000	83720000	1.2578525140831625	83715000
chr2	83720000	83730000	1.4189968195436808	83725000
chr2	83730000	83740000	5.53788767124004	83735000
chr2	83740000	83750000	13.887293018865535	83745000
chr2	83750000	83760000	9.57860576794172	83755000
chr2	83760000	83770000	7.550242841222149	83765000
chr2	83770000	83780000	9.647013783889346	83775000
chr2	83780000	83790000	5.693701290794627	83785000
chr2	83790000	83800000	7.816229156153866	83795000
chr2	83800000	83810000	4.959550675202874	83805000
chr2	83810000	83820000	10.801215059543557	83815000
chr2	83820000	83830000	4.2963518431446435	83825000
chr2	83830000	83840000	7.482381390416891	83835000
chr2	83840000	83850000	2.8078239703813264	83845000
chr2	83850000	83860000	1.1012308462141074	83855000
chr2	83860000	83870000	1.2422406167358289	83865000
chr2	83870000	83880000	1.6175609554507504	83875000
chr2	83880000	83890000	2.0026297000587725	83885000
chr2	83890000	83900000	2.2166037500408633	83895000
chr2	83900000	83910000	2.541587017143479	83905000
chr2	83910000	83920000	3.402865629716539	83915000
chr2	83920000	83930000	4.06885631775416	83925000
chr2	83930000	83940000	6.778419909311675	83935000
chr2	83940000	83950000	1.3278970527177816	83945000
chr2	83950000	83960000	0.6258833846474153	83955000
chr2	83960000	83970000	0.44001021260173717	83965000
chr2	83970000	83980000	0.4446075643048159	83975000
chr2	83980000	83990000	2.095467608167413	83985000
chr2	83990000	84000000	0.5392337089863535	83995000
chr2	84000000	84010000	0.2951596698285388	84005000
chr2	84010000	84020000	4.109518692328771	84015000
chr2	84020000	84030000	1.1615545241230916	84025000
chr2	84030000	84040000	0.49912555544238896	84035000
chr2	84040000	84050000	0.8570257562606837	84045000
chr2	84050000	84060000	9.333987373989126	84055000
chr2	84060000	84070000	1.6701720329498033	84065000
chr2	84070000	84080000	3.081041641554737	84075000
chr2	84080000	84090000	0.68547717758452	84085000
chr2	84090000	84100000	0.8655441044585087	84095000
chr2	84100000	84110000	0.791036432798459	84105000
chr2	84110000	84120000	0.8289526128372235	84115000
chr2	84120000	84130000	1.7119795282536627	84125000
chr2	84130000	84140000	1.5631156776684454	84135000
chr2	84140000	84150000	2.2253924802417457	84145000
chr2	84150000	84160000	5.630728027262377	84155000
chr2	84160000	84170000	5.007892409641918	84165000
chr2	84170000	84180000	2.247221615786374	84175000
chr2	84180000	84190000	2.068130397031409	84185000
chr2	84190000	84200000	3.589535962347397	84195000
chr2	84200000	84210000	1.6612431317143572	84205000
chr2	84210000	84220000	1.8177230594529674	84215000
chr2	84220000	84230000	2.4432433719363735	84225000
chr2	84230000	84240000	1.3158417778089224	84235000
chr2	84240000	84250000	2.7290548210630043	84245000
chr2	84250000	84260000	2.6696126090360623	84255000
chr2	84260000	84270000	1.7595469502228107	84265000
chr2	84270000	84280000	3.095916069853313	84275000
chr2	84280000	84290000	6.023874640153025	84285000
chr2	84290000	84300000	2.5522222538468506	84295000
chr2	84300000	84310000	2.6844831337464763	84305000
chr2	84310000	84320000	4.2900469758934845	84315000
chr2	84320000	84330000	1.8234644140255976	84325000
chr2	84330000	84340000	9.480892918113064	84335000
chr2	84340000	84350000	7.789813164351834	84345000
chr2	84350000	84360000	3.4665587103207747	84355000
chr2	84360000	84370000	13.00353556287263	84365000
chr2	84370000	84380000	2.9907126810232096	84375000
chr2	84380000	84390000	1.6257289679405624	84385000
chr2	84390000	84400000	1.4099471464446545	84395000
chr2	84400000	84410000	4.782654733580407	84405000
chr2	84410000	84420000	4.118118667699377	84415000
chr2	84420000	84430000	4.16685404465685	84425000
chr2	84430000	84440000	1.6949996689369056	84435000
chr2	84440000	84450000	10.149378672404957	84445000
chr2	84450000	84460000	3.7539588286036127	84455000
chr2	84460000	84470000	2.4066183755279917	84465000
chr2	84470000	84480000	9.390932101586127	84475000
chr2	84480000	84490000	7.769282628545114	84485000
chr2	84490000	84500000	3.704203616335274	84495000
chr2	84500000	84510000	4.351303015598136	84505000
chr2	84510000	84520000	2.193407074253354	84515000
chr2	84520000	84530000	9.446968394961706	84525000
chr2	84530000	84540000	1.9073261929065184	84535000
chr2	84540000	84550000	1.2893987877432218	84545000
chr2	84550000	84560000	3.6330792135365813	84555000
chr2	84560000	84570000	3.428373697007939	84565000
chr2	84570000	84580000	1.4126120205996264	84575000
chr2	84580000	84590000	0.5427710314629449	84585000
chr2	84590000	84600000	1.0339063834166273	84595000
chr2	84600000	84610000	1.1427863385062804	84605000
chr2	84610000	84620000	11.144883798183981	84615000
chr2	84620000	84630000	7.406348919579892	84625000
chr2	84630000	84640000	4.081703458153705	84635000
chr2	84640000	84650000	1.2371225599525062	84645000
chr2	84650000	84660000	1.6174519526438982	84655000
chr2	84660000	84670000	1.3653985901652321	84665000
chr2	84670000	84680000	1.8219639926800868	84675000
chr2	84680000	84690000	6.3413433779383785	84685000
chr2	84690000	84700000	3.1563786905575	84695000
chr2	84700000	84710000	2.6406318326206915	84705000
chr2	84710000	84720000	1.5754659446622403	84715000
chr2	84720000	84730000	1.9975836336678516	84725000
chr2	84730000	84740000	2.2672815443150482	84735000
chr2	84740000	84750000	2.9959080105474447	84745000
chr2	84750000	84760000	3.1474420007139563	84755000
chr2	84760000	84770000	1.2563234224681197	84765000
chr2	84770000	84780000	1.4711896290647881	84775000
chr2	84780000	84790000	1.5455689325093374	84785000
chr2	84790000	84800000	1.6420746828077646	84795000
chr2	84800000	84810000	1.0491706036077542	84805000
chr2	84810000	84820000	15.366306099610359	84815000
chr2	84820000	84830000	5.346677241657493	84825000
chr2	84830000	84840000	4.847240753846051	84835000
chr2	84840000	84850000	6.864163147867533	84845000
chr2	84850000	84860000	3.6540028558247166	84855000
chr2	84860000	84870000	4.447481110854875	84865000
chr2	84870000	84880000	5.429406704351828	84875000
chr2	84880000	84890000	5.316223256907076	84885000
chr2	84890000	84900000	2.090184317670221	84895000
chr2	84900000	84910000	4.138302297059755	84905000
chr2	84910000	84920000	8.729335826315763	84915000
chr2	84920000	84930000	4.6152995130380425	84925000
chr2	84930000	84940000	4.565163347466868	84935000
chr2	84940000	84950000	3.087536079603578	84945000
chr2	84950000	84960000	6.465200227289031	84955000
chr2	84960000	84970000	5.738878719287506	84965000
chr2	84970000	84980000	4.579841165121811	84975000
chr2	84980000	84990000	3.764908464970062	84985000
chr2	84990000	85000000	9.298529855357927	84995000
chr2	85000000	85010000	4.106917889259266	85005000
chr2	85010000	85020000	4.799432347680642	85015000
chr2	85020000	85030000	1.0489805318046763	85025000
chr2	85030000	85040000	1.1900471167095479	85035000
chr2	85040000	85050000	4.496388751054361	85045000
chr2	85050000	85060000	7.167256647860605	85055000
chr2	85060000	85070000	1.4769903462174916	85065000
chr2	85070000	85080000	1.73503457909374	85075000
chr2	85080000	85090000	3.021504471540257	85085000
chr2	85090000	85100000	6.607400169631607	85095000
chr2	85100000	85110000	4.398366004052692	85105000
chr2	85110000	85120000	2.808534449375292	85115000
chr2	85120000	85130000	20.18642807257341	85125000
chr2	85130000	85140000	3.5265753222671696	85135000
chr2	85140000	85150000	5.542474787565025	85145000
chr2	85150000	85160000	6.121274057643684	85155000
chr2	85160000	85170000	9.02060047422504	85165000
chr2	85170000	85180000	4.8351902765454176	85175000
chr2	85180000	85190000	6.230809324104571	85185000
chr2	85190000	85200000	11.623286744318639	85195000
chr2	85200000	85210000	5.028159507179056	85205000
chr2	85210000	85220000	5.831794356366714	85215000
chr2	85220000	85230000	2.4421482642770482	85225000
chr2	85230000	85240000	11.169661453033887	85235000
chr2	85240000	85250000	4.484207441255573	85245000
chr2	85250000	85260000	4.776618614030167	85255000
chr2	85260000	85270000	4.069176369601773	85265000
chr2	85270000	85280000	2.6510218042446305	85275000
chr2	85280000	85290000	5.351654037837105	85285000
chr2	85290000	85300000	2.671824693780806	85295000
chr2	85300000	85310000	2.4446124950696064	85305000
chr2	85310000	85320000	3.8582993751886954	85315000
chr2	85320000	85330000	2.8637471398845116	85325000
chr2	85330000	85340000	18.77872308618301	85335000
chr2	85340000	85350000	6.049398125129257	85345000
chr2	85350000	85360000	2.581494021474129	85355000
chr2	85360000	85370000	1.7512965928090676	85365000
chr2	85370000	85380000	1.9153835310021061	85375000
chr2	85380000	85390000	1.7602087879425767	85385000
chr2	85390000	85400000	12.841127106756629	85395000
chr2	85400000	85410000	2.1102461802405172	85405000
chr2	85410000	85420000	4.549985890150865	85415000
chr2	85420000	85430000	3.6514852976000243	85425000
chr2	85430000	85440000	0.7257290231511216	85435000
chr2	85440000	85450000	1.590080084727424	85445000
chr2	85450000	85460000	10.043384040043508	85455000
chr2	85460000	85470000	1.6910827640258028	85465000
chr2	85470000	85480000	1.3348371473559082	85475000
chr2	85480000	85490000	0.49411149426866935	85485000
chr2	85490000	85500000	0.48470370571882126	85495000
chr2	85500000	85510000	2.235384034697234	85505000
chr2	85510000	85520000	6.0343894107545255	85515000
chr2	85520000	85530000	9.900801135123457	85525000
chr2	85530000	85540000	1.3945296435882057	85535000
chr2	85540000	85550000	4.377520816588824	85545000
chr2	85550000	85560000	5.002537989224178	85555000
chr2	85560000	85570000	15.617310040096383	85565000
chr2	85570000	85580000	2.6457814659698955	85575000
chr2	85580000	85590000	3.214820307670355	85585000
chr2	85590000	85600000	1.695492476550299	85595000
chr2	85600000	85610000	3.954624175493525	85605000
chr2	85610000	85620000	2.7300484290211733	85615000
chr2	85620000	85630000	2.143087433552935	85625000
chr2	85630000	85640000	2.6221913510152928	85635000
chr2	85640000	85650000	3.7053002524281613	85645000
chr2	85650000	85660000	4.96229654468326	85655000
chr2	85660000	85670000	2.2839611508345468	85665000
chr2	85670000	85680000	0.8798093866733037	85675000
chr2	85680000	85690000	1.3501464545758597	85685000
chr2	85690000	85700000	1.1172412971151222	85695000
chr2	85700000	85710000	2.1245648439339537	85705000
chr2	85710000	85720000	1.9142938119786612	85715000
chr2	85720000	85730000	5.616798597010831	85725000
chr2	85730000	85740000	3.375540540239393	85735000
chr2	85740000	85750000	2.395754288070936	85745000
chr2	85750000	85760000	4.265419903355322	85755000
chr2	85760000	85770000	0.8253982388132137	85765000
chr2	85770000	85780000	1.1140904689002384	85775000
chr2	85780000	85790000	1.3089942957552883	85785000
chr2	85790000	85800000	9.536045224081903	85795000
chr2	85800000	85810000	1.4636654297674256	85805000
chr2	85810000	85820000	1.827038594717529	85815000
chr2	85820000	85830000	7.448865255095993	85825000
chr2	85830000	85840000	2.6799331266665165	85835000
chr2	85840000	85850000	2.9071236915468526	85845000
chr2	85850000	85860000	3.030095689643911	85855000
chr2	85860000	85870000	3.162950888348271	85865000
chr2	85870000	85880000	2.7441057920434617	85875000
chr2	85880000	85890000	5.6657357459272735	85885000
chr2	85890000	85900000	3.269002349757144	85895000
chr2	85900000	85910000	2.594014079448546	85905000
chr2	85910000	85920000	3.8264950445809958	85915000
chr2	85920000	85930000	6.2868982312979895	85925000
chr2	85930000	85940000	8.720979549046845	85935000
chr2	85940000	85950000	3.377348624368142	85945000
chr2	85950000	85960000	7.5995734028236415	85955000
chr2	85960000	85970000	2.969422865154177	85965000
chr2	85970000	85980000	3.7664062451283935	85975000
chr2	85980000	85990000	16.65020686011491	85985000
chr2	85990000	86000000	6.085721646215535	85995000
chr2	86000000	86010000	5.673140012684193	86005000
chr2	86010000	86020000	4.374686814153536	86015000
chr2	86020000	86030000	2.234656758970566	86025000
chr2	86030000	86040000	5.868907209246598	86035000
chr2	86040000	86050000	2.589742776158131	86045000
chr2	86050000	86060000	1.3170179317411834	86055000
chr2	86060000	86070000	1.0738398740005597	86065000
chr2	86070000	86080000	4.374476420611732	86075000
chr2	86080000	86090000	4.003115734880388	86085000
chr2	86090000	86100000	3.566219915336458	86095000
chr2	86100000	86110000	2.193903722841867	86105000
chr2	86110000	86120000	3.6060672062329586	86115000
chr2	86120000	86130000	2.9832821998530563	86125000
chr2	86130000	86140000	2.9310534777017088	86135000
chr2	86140000	86150000	2.410953665246986	86145000
chr2	86150000	86160000	1.3842266367952147	86155000
chr2	86160000	86170000	1.3825012940737373	86165000
chr2	86170000	86180000	2.072214626225063	86175000
chr2	86180000	86190000	1.3356423679214675	86185000
chr2	86190000	86200000	1.1116468656174152	86195000
chr2	86200000	86210000	1.5665148111653202	86205000
chr2	86210000	86220000	4.514268080438094	86215000
chr2	86220000	86230000	0.8713446214393439	86225000
chr2	86230000	86240000	1.5041787217423856	86235000
chr2	86240000	86250000	1.4838503298088792	86245000
chr2	86250000	86260000	1.1293536964468474	86255000
chr2	86260000	86270000	2.1592495860102376	86265000
chr2	86270000	86280000	5.3873592440576745	86275000
chr2	86280000	86290000	1.018838604158515	86285000
chr2	86290000	86300000	1.1800400476321717	86295000
chr2	86300000	86310000	1.3932262098153119	86305000
chr2	86310000	86320000	1.8677537593119258	86315000
chr2	86320000	86330000	1.222626389043355	86325000
chr2	86330000	86340000	0.8109532668046752	86335000
chr2	86340000	86350000	1.7851481447380435	86345000
chr2	86350000	86360000	1.264591555002216	86355000
chr2	86360000	86370000	1.0941140923645143	86365000
chr2	86370000	86380000	2.211613387138617	86375000
chr2	86380000	86390000	0.9352230049235815	86385000
chr2	86390000	86400000	0.5581604355138231	86395000
chr2	86400000	86410000	0.8856905066867594	86405000
chr2	86410000	86420000	1.6420250293783105	86415000
chr2	86420000	86430000	0.9853621228986278	86425000
chr2	86430000	86440000	2.336881732533545	86435000
chr2	86440000	86450000	1.7871778916541736	86445000
chr2	86450000	86460000	1.4348609947288182	86455000
chr2	86460000	86470000	0.8625373726152515	86465000
chr2	86470000	86480000	1.2328566782482044	86475000
chr2	86480000	86490000	1.609042461785662	86485000
chr2	86490000	86500000	1.870747139655219	86495000
chr2	86500000	86510000	3.0244043047684297	86505000
chr2	86510000	86520000	2.7864775156485515	86515000
chr2	86520000	86530000	1.2717604017421587	86525000
chr2	86530000	86540000	2.3179228263292737	86535000
chr2	86540000	86550000	1.47662820186572	86545000
chr2	86550000	86560000	1.5245925699326563	86555000
chr2	86560000	86570000	2.1357621414274215	86565000
chr2	86570000	86580000	1.9979819938544632	86575000
chr2	86580000	86590000	1.911089908238685	86585000
chr2	86590000	86600000	3.7805204382784146	86595000
chr2	86600000	86610000	3.0491551368028786	86605000
chr2	86610000	86620000	1.186182891944689	86615000
chr2	86620000	86630000	1.0297833937267793	86625000
chr2	86630000	86640000	2.9988278477300065	86635000
chr2	86640000	86650000	1.2913139950936219	86645000
chr2	86650000	86660000	1.791467200607755	86655000
chr2	86660000	86670000	0.6999312379541596	86665000
chr2	86670000	86680000	0.6802111870265287	86675000
chr2	86680000	86690000	0.8498767819737364	86685000
chr2	86690000	86700000	0.7605964289537229	86695000
chr2	86700000	86710000	1.5727315357565228	86705000
chr2	86710000	86720000	1.8345862049362183	86715000
chr2	86720000	86730000	2.0363259050021383	86725000
chr2	86730000	86740000	5.164133578070158	86735000
chr2	86740000	86750000	1.2871155753809693	86745000
chr2	86750000	86760000	1.1335598804346152	86755000
chr2	86760000	86770000	2.2074257203695384	86765000
chr2	86770000	86780000	3.443161546704105	86775000
chr2	86780000	86790000	2.9850067975216037	86785000
chr2	86790000	86800000	1.5258521709245478	86795000
chr2	86800000	86810000	1.2439384090592052	86805000
chr2	86810000	86820000	1.2065661824301548	86815000
chr2	86820000	86830000	4.220494485448401	86825000
chr2	86830000	86840000	3.615048549496232	86835000
chr2	86840000	86850000	1.124946686873983	86845000
chr2	86850000	86860000	1.7502104264186011	86855000
chr2	86860000	86870000	2.4151502046551894	86865000
chr2	86870000	86880000	1.7779035071822142	86875000
chr2	86880000	86890000	2.59744489939375	86885000
chr2	86890000	86900000	1.9149993000576992	86895000
chr2	86900000	86910000	1.2330496314561592	86905000
chr2	86910000	86920000	1.39795259583555	86915000
chr2	86920000	86930000	1.2841909433791259	86925000
chr2	86930000	86940000	0.8557067048884068	86935000
chr2	86940000	86950000	7.523734220405987	86945000
chr2	86950000	86960000	11.384639310404442	86955000
chr2	86960000	86970000	9.473968284649885	86965000
chr2	86970000	86980000	6.9043617981144445	86975000
chr2	86980000	86990000	1.8513695393222822	86985000
chr2	86990000	87000000	2.6881194189344226	86995000
chr2	87000000	87010000	1.3933292065362872	87005000
chr2	87010000	87020000	0.9872238742365639	87015000
chr2	87020000	87030000	1.9218983140914767	87025000
chr2	87030000	87040000	6.475006816387819	87035000
chr2	87040000	87050000	3.977715067705041	87045000
chr2	87050000	87060000	1.3522824839241625	87055000
chr2	87060000	87070000	0.8960896674510946	87065000
chr2	87070000	87080000	1.8862526476895454	87075000
chr2	87080000	87090000	1.8683616647063297	87085000
chr2	87090000	87100000	3.281969025599597	87095000
chr2	87100000	87110000	2.4557157742943874	87105000
chr2	87110000	87120000	1.6100798886208456	87115000
chr2	87120000	87130000	1.7956372396397577	87125000
chr2	87130000	87140000	6.663124207068959	87135000
chr2	87140000	87150000	4.223544132647478	87145000
chr2	87150000	87160000	2.945801632893892	87155000
chr2	87160000	87170000	2.6174494729539957	87165000
chr2	87170000	87180000	5.660145880410882	87175000
chr2	87180000	87190000	4.190963232151704	87185000
chr2	87190000	87200000	4.472607688474533	87195000
chr2	87200000	87210000	4.468374838750187	87205000
chr2	87210000	87220000	3.2603881979813782	87215000
chr2	87220000	87230000	1.888510283039456	87225000
chr2	87230000	87240000	3.2409508174903934	87235000
chr2	87240000	87250000	0.5213872485983638	87245000
chr2	87250000	87260000	1.1116032034377734	87255000
chr2	87260000	87270000	1.3371275840781847	87265000
chr2	87270000	87280000	1.2442794187684454	87275000
chr2	87280000	87290000	1.7551961596634924	87285000
chr2	87290000	87300000	8.189249931683715	87295000
chr2	87300000	87310000	1.3139048481617168	87305000
chr2	87310000	87320000	0.9521813535049554	87315000
chr2	87320000	87330000	1.9110812245614968	87325000
chr2	87330000	87340000	1.2265036902476754	87335000
chr2	87340000	87350000	1.8813300047443617	87345000
chr2	87350000	87360000	2.4118583841077497	87355000
chr2	87360000	87370000	0.7450892875818965	87365000
chr2	87370000	87380000	1.4199898130039255	87375000
chr2	87380000	87390000	0.8731743768520079	87385000
chr2	87390000	87400000	2.1077693561677178	87395000
chr2	87400000	87410000	5.359470707751216	87405000
chr2	87410000	87420000	6.106235089552903	87415000
chr2	87420000	87430000	1.7168420475552622	87425000
chr2	87430000	87440000	2.3084691881582295	87435000
chr2	87440000	87450000	7.687498000486155	87445000
chr2	87450000	87460000	5.118819399188591	87455000
chr2	87460000	87470000	2.080927025853186	87465000
chr2	87470000	87480000	1.6601395522837947	87475000
chr2	87480000	87490000	3.696215339302655	87485000
chr2	87490000	87500000	1.4640416759224555	87495000
chr2	87500000	87510000	2.957434954418533	87505000
chr2	87510000	87520000	13.384673013254252	87515000
chr2	87520000	87530000	2.0595407367403795	87525000
chr2	87530000	87540000	1.7068118777979697	87535000
chr2	87540000	87550000	1.7900108539411488	87545000
chr2	87550000	87560000	1.9060135929227435	87555000
chr2	87560000	87570000	1.1480536881038943	87565000
chr2	87570000	87580000	1.6597025256727593	87575000
chr2	87580000	87590000	1.6229320681044248	87585000
chr2	87590000	87600000	1.1482273782432546	87595000
chr2	87600000	87610000	5.998725704616872	87605000
chr2	87610000	87620000	2.45331871067852	87615000
chr2	87620000	87630000	2.6260989298520236	87625000
chr2	87630000	87640000	2.8339971251980285	87635000
chr2	87640000	87650000	4.864242785701621	87645000
chr2	87650000	87660000	3.0952925760674392	87655000
chr2	87660000	87670000	3.7167258938287664	87665000
chr2	87670000	87680000	4.293117664119897	87675000
chr2	87680000	87690000	3.44594382941311	87685000
chr2	87690000	87700000	1.967114469872524	87695000
chr2	87700000	87710000	2.8863499733895743	87705000
chr2	87710000	87720000	2.169224786485865	87715000
chr2	87720000	87730000	5.021752728537582	87725000
chr2	87730000	87740000	9.070036835032415	87735000
chr2	87740000	87750000	2.2904093554233893	87745000
chr2	87750000	87760000	2.066861535035761	87755000
chr2	87760000	87770000	4.643667510350001	87765000
chr2	87770000	87780000	4.524405054413303	87775000
chr2	87780000	87790000	3.4267155063912265	87785000
chr2	87790000	87800000	2.592931610228003	87795000
chr2	87800000	87810000	4.893841298433462	87805000
chr2	87810000	87820000	2.2169940327004376	87815000
chr2	87820000	87830000	7.697001250220345	87825000
chr2	87830000	87840000	2.8540454763430536	87835000
chr2	87840000	87850000	2.8088917085511484	87845000
chr2	87850000	87860000	3.1861159119347287	87855000
chr2	87860000	87870000	2.6720991894054817	87865000
chr2	87870000	87880000	2.6830130300277943	87875000
chr2	87880000	87890000	1.6599481689678333	87885000
chr2	87890000	87900000	3.3281949395414925	87895000
chr2	87900000	87910000	1.2806392306375165	87905000
chr2	87910000	87920000	2.4791792837265247	87915000
chr2	87920000	87930000	3.0525426171412198	87925000
chr2	87930000	87940000	2.6803226596818193	87935000
chr2	87940000	87950000	2.3798351593502813	87945000
chr2	87950000	87960000	3.1707725991532776	87955000
chr2	87960000	87970000	1.6902592370490237	87965000
chr2	87970000	87980000	2.9317063912057155	87975000
chr2	87980000	87990000	3.8041260428940693	87985000
chr2	87990000	88000000	2.0099532794387214	87995000
chr2	88000000	88010000	3.0155570527474014	88005000
chr2	88010000	88020000	3.750956898471991	88015000
chr2	88020000	88030000	3.0223028747848066	88025000
chr2	88030000	88040000	4.181370125588989	88035000
chr2	88040000	88050000	1.9327574735934758	88045000
chr2	88050000	88060000	2.2932970864444138	88055000
chr2	88060000	88070000	8.038757729803361	88065000
chr2	88070000	88080000	0.8831284794351412	88075000
chr2	88080000	88090000	1.1097329920728554	88085000
chr2	88090000	88100000	1.49039359495481	88095000
chr2	88100000	88110000	1.623374564077798	88105000
chr2	88110000	88120000	3.4759869506393897	88115000
chr2	88120000	88130000	1.7970674297300122	88125000
chr2	88130000	88140000	2.2234761765862037	88135000
chr2	88140000	88150000	0.7868261477448716	88145000
chr2	88150000	88160000	1.2874536309450932	88155000
chr2	88160000	88170000	12.005853632854116	88165000
chr2	88170000	88180000	2.192500751586963	88175000
chr2	88180000	88190000	6.993238095575788	88185000
chr2	88190000	88200000	10.797579915299648	88195000
chr2	88200000	88210000	1.0206769223522807	88205000
chr2	88210000	88220000	1.5295804828858985	88215000
chr2	88220000	88230000	7.7917378525458	88225000
chr2	88230000	88240000	4.788624521306138	88235000
chr2	88240000	88250000	1.9905461597351497	88245000
chr2	88250000	88260000	1.931693559391633	88255000
chr2	88260000	88270000	2.2540774590064387	88265000
chr2	88270000	88280000	1.1350521667969984	88275000
chr2	88280000	88290000	0.8044852453300285	88285000
chr2	88290000	88300000	8.024296524004274	88295000
chr2	88300000	88310000	3.10824006751389	88305000
chr2	88310000	88320000	0.6480794045610194	88315000
chr2	88320000	88330000	4.023860541740422	88325000
chr2	88330000	88340000	5.507170376669307	88335000
chr2	88340000	88350000	1.3828684726166889	88345000
chr2	88350000	88360000	0.8733594427313071	88355000
chr2	88360000	88370000	0.9788909526734976	88365000
chr2	88370000	88380000	4.094281242075137	88375000
chr2	88380000	88390000	5.228575128202565	88385000
chr2	88390000	88400000	4.675524466398479	88395000
chr2	88400000	88410000	4.522095252979892	88405000
chr2	88410000	88420000	4.654745051537586	88415000
chr2	88420000	88430000	3.694982057404778	88425000
chr2	88430000	88440000	3.45963574078632	88435000
chr2	88440000	88450000	6.224457997896374	88445000
chr2	88450000	88460000	3.4920820753780473	88455000
chr2	88460000	88470000	2.4653842447947154	88465000
chr2	88470000	88480000	2.666673394292935	88475000
chr2	88480000	88490000	9.930111831479087	88485000
chr2	88490000	88500000	4.179326801464777	88495000
chr2	88500000	88510000	6.467314596338597	88505000
chr2	88510000	88520000	4.581945072198953	88515000
chr2	88520000	88530000	3.66293858554377	88525000
chr2	88530000	88540000	6.509472291808391	88535000
chr2	88540000	88550000	5.249051531291257	88545000
chr2	88550000	88560000	2.663212566053276	88555000
chr2	88560000	88570000	3.7438949821034457	88565000
chr2	88570000	88580000	5.063737651825736	88575000
chr2	88580000	88590000	4.0589059871575115	88585000
chr2	88590000	88600000	3.3036132074181217	88595000
chr2	88600000	88610000	2.0836495085647377	88605000
chr2	88610000	88620000	3.311275800839162	88615000
chr2	88620000	88630000	2.824552646336645	88625000
chr2	88630000	88640000	12.082490747873264	88635000
chr2	88640000	88650000	5.447711069208825	88645000
chr2	88650000	88660000	3.6989368260430435	88655000
chr2	88660000	88670000	4.087250538114054	88665000
chr2	88670000	88680000	4.263733397161325	88675000
chr2	88680000	88690000	3.1510429702123925	88685000
chr2	88690000	88700000	7.555927766652822	88695000
chr2	88700000	88710000	1.173026978519869	88705000
chr2	88710000	88720000	2.565633239091542	88715000
chr2	88720000	88730000	2.3302009967361226	88725000
chr2	88730000	88740000	1.7967693950896853	88735000
chr2	88740000	88750000	1.0133984615425393	88745000
chr2	88750000	88760000	0.4936345278786137	88755000
chr2	88760000	88770000	0.9648864060160497	88765000
chr2	88770000	88780000	7.827197159668721	88775000
chr2	88780000	88790000	0.49874408052758473	88785000
chr2	88790000	88800000	1.3153497214307026	88795000
chr2	88800000	88810000	1.1269544043632598	88805000
chr2	88810000	88820000	2.340150655208521	88815000
chr2	88820000	88830000	2.5648387770633536	88825000
chr2	88830000	88840000	9.059928921925911	88835000
chr2	88840000	88850000	3.072284054315269	88845000
chr2	88850000	88860000	1.8136752947436696	88855000
chr2	88860000	88870000	5.318861272094613	88865000
chr2	88870000	88880000	0.9772620671625121	88875000
chr2	88880000	88890000	1.292676297396852	88885000
chr2	88890000	88900000	10.531910228841031	88895000
chr2	88900000	88910000	5.40266219908118	88905000
chr2	88910000	88920000	2.7467440762030138	88915000
chr2	88920000	88930000	4.540442746346058	88925000
chr2	88930000	88940000	11.535745327163967	88935000
chr2	88940000	88950000	5.105892315424421	88945000
chr2	88950000	88960000	9.44060852309048	88955000
chr2	88960000	88970000	3.1082791841539166	88965000
chr2	88970000	88980000	2.5731200847106575	88975000
chr2	88980000	88990000	2.0991494803800608	88985000
chr2	88990000	89000000	4.44313998605804	88995000
chr2	89000000	89010000	3.990046442792299	89005000
chr2	89010000	89020000	2.464851675281192	89015000
chr2	89020000	89030000	2.5892847442593747	89025000
chr2	89030000	89040000	3.635462211542992	89035000
chr2	89040000	89050000	1.7911967822325083	89045000
chr2	89050000	89060000	1.4855335876365152	89055000
chr2	89060000	89070000	3.726776251945936	89065000
chr2	89070000	89080000	11.846600913677886	89075000
chr2	89080000	89090000	9.727438787583777	89085000
chr2	89090000	89100000	7.095235756704035	89095000
chr2	89100000	89110000	4.376185411501558	89105000
chr2	89110000	89120000	9.444769788531456	89115000
chr2	89120000	89130000	3.1859046189124745	89125000
chr2	89130000	89140000	3.344519703083735	89135000
chr2	89140000	89150000	3.603254666026173	89145000
chr2	89150000	89160000	5.7174351800249665	89155000
chr2	89160000	89170000	4.028230605561021	89165000
chr2	89170000	89180000	6.778382658626991	89175000
chr2	89180000	89190000	3.918597262951946	89185000
chr2	89190000	89200000	3.0962029491688607	89195000
chr2	89200000	89210000	3.0958975854172404	89205000
chr2	89210000	89220000	3.9831732632003525	89215000
chr2	89220000	89230000	13.770691968617227	89225000
chr2	89230000	89240000	4.3304660028858235	89235000
chr2	89240000	89250000	5.531042414482624	89245000
chr2	89250000	89260000	5.961483152980996	89255000
chr2	89260000	89270000	2.726214190897128	89265000
chr2	89270000	89280000	1.9556038524520785	89275000
chr2	89280000	89290000	3.1531383605488834	89285000
chr2	89290000	89300000	4.779302151386007	89295000
chr2	89300000	89310000	6.403291775394285	89305000
chr2	89310000	89320000	1.7566709403681753	89315000
chr2	89320000	89330000	3.3059695348778777	89325000
chr2	89330000	89340000	12.458835013064752	89335000
chr2	89340000	89350000	10.196482169925147	89345000
chr2	89350000	89360000	1.8273427811758576	89355000
chr2	89360000	89370000	4.075299879002786	89365000
chr2	89370000	89380000	5.00689676858336	89375000
chr2	89380000	89390000	8.037078832445227	89385000
chr2	89390000	89400000	1.4712881957256216	89395000
chr2	89400000	89410000	1.882375117024026	89405000
chr2	89410000	89420000	6.403280113051995	89415000
chr2	89420000	89430000	14.88600672764588	89425000
chr2	89430000	89440000	1.610760775668106	89435000
chr2	89440000	89450000	1.3942708481607597	89445000
chr2	89450000	89460000	1.5915000951840117	89455000
chr2	89460000	89470000	1.410328186184644	89465000
chr2	89470000	89480000	6.259018605302876	89475000
chr2	89480000	89490000	0.7292026287938844	89485000
chr2	89490000	89500000	1.361734781160753	89495000
chr2	89500000	89510000	1.2265116532371172	89505000
chr2	89510000	89520000	8.516698594347945	89515000
chr2	89520000	89530000	2.4940978551176887	89525000
chr2	89530000	89540000	8.670645558355513	89535000
chr2	89540000	89550000	4.451938649327291	89545000
chr2	89550000	89560000	3.4032910530116505	89555000
chr2	89560000	89570000	3.266675267747029	89565000
chr2	89610000	89620000	7.66668670386782	89615000
chr2	89660000	89670000	7.66668670386782	89665000
chr2	89670000	89680000	11.184779387601816	89675000
chr2	89680000	89690000	1.187340686085509	89685000
chr2	89690000	89700000	2.3306268610822167	89695000
chr2	89700000	89710000	2.8239579388345044	89705000
chr2	89710000	89720000	6.1936169115651225	89715000
chr2	89720000	89730000	5.511601148937566	89725000
chr2	89730000	89740000	6.012487175295029	89735000
chr2	89740000	89750000	2.7146556460431066	89745000
chr2	89750000	89760000	5.967244800731649	89755000
chr2	89760000	89770000	3.6204925222935636	89765000
chr2	89770000	89780000	3.9207833087682875	89775000
chr2	89780000	89790000	3.7342147125156435	89785000
chr2	89790000	89800000	5.8825438843516356	89795000
chr2	89800000	89810000	12.802245536819992	89805000
chr2	89810000	89820000	3.94691651853154	89815000
chr2	89820000	89830000	3.2623869860945263	89825000
chr2	89830000	89840000	16.06715928444592	89835000
chr2	89840000	89850000	1.366554439294586	89845000
chr2	89850000	89860000	3.0068792700951037	89855000
chr2	89860000	89870000	1.6054429801760486	89865000
chr2	89870000	89880000	1.250168329509333	89875000
chr2	89880000	89890000	1.3580045691533837	89885000
chr2	89890000	89900000	0.8546696754053804	89895000
chr2	89900000	89910000	1.0502957215234614	89905000
chr2	89910000	89920000	3.189141488000747	89915000
chr2	89920000	89930000	3.614538186161393	89925000
chr2	89930000	89940000	1.2050733214024274	89935000
chr2	89940000	89950000	2.222203013614352	89945000
chr2	89950000	89960000	2.692503784476729	89955000
chr2	89960000	89970000	18.175100402698742	89965000
chr2	89970000	89980000	1.0878083220236154	89975000
chr2	89980000	89990000	2.150978921843577	89985000
chr2	89990000	90000000	4.094918225449124	89995000
chr2	90000000	90010000	5.279725141202075	90005000
chr2	90010000	90020000	1.972849071408974	90015000
chr2	90020000	90030000	0.4357267240598162	90025000
chr2	90030000	90040000	0.8919077212567564	90035000
chr2	90040000	90050000	1.46518629301106	90045000
chr2	90050000	90060000	1.597391308216336	90055000
chr2	90060000	90070000	13.448298636336265	90065000
chr2	90070000	90080000	4.012950782993568	90075000
chr2	90080000	90090000	2.4266588076786335	90085000
chr2	90090000	90100000	2.0948592467263367	90095000
chr2	90100000	90110000	2.5142174028379407	90105000
chr2	90110000	90120000	5.508256924917129	90115000
chr2	90120000	90130000	5.064458248151217	90125000
chr2	90130000	90140000	6.4346914951074	90135000
chr2	90140000	90150000	8.261369938891901	90145000
chr2	90150000	90160000	4.142345295621031	90155000
chr2	90160000	90170000	3.63259794148022	90165000
chr2	90170000	90180000	2.664351958321764	90175000
chr2	90180000	90190000	4.366627583351041	90185000
chr2	90190000	90200000	2.742000918817828	90195000
chr2	90200000	90210000	8.068167395081945	90205000
chr2	90210000	90220000	9.348103011861093	90215000
chr2	90220000	90230000	9.893016950203023	90225000
chr2	90230000	90240000	5.586924000421414	90235000
chr2	90240000	90250000	2.7323067730527146	90245000
chr2	90250000	90260000	0.98126252475709	90255000
chr2	90260000	90270000	1.0878475981095643	90265000
chr2	90270000	90280000	0.8526741259548053	90275000
chr2	90280000	90290000	8.38080025633208	90285000
chr2	90290000	90300000	2.127679114968952	90295000
chr2	90300000	90310000	3.585661791320874	90305000
chr2	90310000	90320000	2.4154886510414504	90315000
chr2	90320000	90330000	5.104077071910836	90325000
chr2	90330000	90340000	4.238834223582582	90335000
chr2	90340000	90350000	4.535969504141316	90345000
chr2	90350000	90360000	3.4652120027329096	90355000
chr2	90360000	90370000	3.320414262126132	90365000
chr2	90370000	90380000	4.255904374365338	90375000
chr2	90380000	90390000	3.564407901510728	90385000
chr2	90390000	90400000	8.002522888750319	90395000
chr2	90400000	90410000	2.773163221046775	90405000
chr2	90410000	90420000	3.9080899107322855	90415000
chr2	90420000	90430000	2.279870065868768	90425000
chr2	90430000	90440000	3.503251294082279	90435000
chr2	90440000	90450000	2.063168889967592	90445000
chr2	90450000	90460000	3.552932183599786	90455000
chr2	90460000	90470000	2.9740239216101054	90465000
chr2	90470000	90480000	1.507712676120865	90475000
chr2	90480000	90490000	2.216164377135554	90485000
chr2	90490000	90500000	1.2559232597340109	90495000
chr2	90500000	90510000	1.6267658455054164	90505000
chr2	90510000	90520000	1.1281830964109343	90515000
chr2	90520000	90530000	0.6241374176700476	90525000
chr2	90530000	90540000	1.7517568305280808	90535000
chr2	90540000	90550000	5.42881508226748	90545000
chr2	90550000	90560000	2.1801419807853626	90555000
chr2	90560000	90570000	4.181997913751521	90565000
chr2	90570000	90580000	6.162338413456854	90575000
chr2	90580000	90590000	8.391603105816364	90585000
chr2	90590000	90600000	4.189449280940775	90595000
chr2	90600000	90610000	5.4063352621539265	90605000
chr2	90610000	90620000	7.255741065886714	90615000
chr2	90620000	90630000	1.911081410372968	90625000
chr2	90630000	90640000	1.2216518102168288	90635000
chr2	90640000	90650000	2.6949646170267476	90645000
chr2	90650000	90660000	2.759564944788487	90655000
chr2	90660000	90670000	1.8029186563977786	90665000
chr2	90670000	90680000	2.761243746998193	90675000
chr2	90680000	90690000	1.8836853240774152	90685000
chr2	90690000	90700000	3.358798369468277	90695000
chr2	90700000	90710000	5.439859125768459	90705000
chr2	90710000	90720000	3.1049745253536383	90715000
chr2	90720000	90730000	4.948571425688402	90725000
chr2	90730000	90740000	4.733310545532349	90735000
chr2	90740000	90750000	5.276713020742117	90745000
chr2	90750000	90760000	2.779085282659856	90755000
chr2	90760000	90770000	1.0154370935528592	90765000
chr2	90770000	90780000	11.515539736512782	90775000
chr2	90780000	90790000	4.720591160397498	90785000
chr2	90790000	90800000	1.7692635416947082	90795000
chr2	90800000	90810000	1.7753256610251698	90805000
chr2	90810000	90820000	5.6487962340689215	90815000
chr2	90820000	90830000	11.200061849381981	90825000
chr2	90830000	90840000	6.879957738385858	90835000
chr2	90840000	90850000	3.7098729880071315	90845000
chr2	90850000	90860000	6.304902787399843	90855000
chr2	90860000	90870000	7.9878179466801935	90865000
chr2	90870000	90880000	4.813417460084171	90875000
chr2	90880000	90890000	5.26181449699526	90885000
chr2	90890000	90900000	3.267953005369145	90895000
chr2	90900000	90910000	6.5842008601241595	90905000
chr2	90910000	90920000	4.171093425576618	90915000
chr2	90920000	90930000	3.0803958335216266	90925000
chr2	90930000	90940000	2.771491312949947	90935000
chr2	90940000	90950000	2.485663786696407	90945000
chr2	90950000	90960000	6.186818436856459	90955000
chr2	90960000	90970000	2.9022173138387166	90965000
chr2	90970000	90980000	6.051384552128109	90975000
chr2	90980000	90990000	2.5507725604709237	90985000
chr2	90990000	91000000	10.721783970761274	90995000
chr2	91000000	91010000	4.528697800921895	91005000
chr2	91010000	91020000	5.391356755749994	91015000
chr2	91020000	91030000	7.676505637784499	91025000
chr2	91030000	91040000	2.6688237291742154	91035000
chr2	91040000	91050000	2.982160595600948	91045000
chr2	91050000	91060000	3.6125896922368876	91055000
chr2	91060000	91070000	2.664858537079382	91065000
chr2	91070000	91080000	1.868192344696786	91075000
chr2	91080000	91090000	1.4658803462942938	91085000
chr2	91090000	91100000	1.1651311003285254	91095000
chr2	91100000	91110000	3.622576524305251	91105000
chr2	91110000	91120000	2.9050304977156816	91115000
chr2	91120000	91130000	2.5867684012555356	91125000
chr2	91130000	91140000	2.1902613144765044	91135000
chr2	91140000	91150000	4.896535445940318	91145000
chr2	91150000	91160000	4.275665551338245	91155000
chr2	91160000	91170000	7.481121101249218	91165000
chr2	91170000	91180000	2.792156194131841	91175000
chr2	91180000	91190000	5.395728205551721	91185000
chr2	91190000	91200000	4.673631133149841	91195000
chr2	91200000	91210000	3.0140734823470683	91205000
chr2	91210000	91220000	2.1012326307262463	91215000
chr2	91220000	91230000	6.480450223519719	91225000
chr2	91230000	91240000	2.110847331774161	91235000
chr2	91240000	91250000	2.144681415256894	91245000
chr2	91250000	91260000	3.2630388442813945	91255000
chr2	91260000	91270000	2.284008440436483	91265000
chr2	91270000	91280000	1.6248560882597909	91275000
chr2	91280000	91290000	3.6088419669950493	91285000
chr2	91290000	91300000	6.227924962417704	91295000
chr2	91300000	91310000	3.9792581618898777	91305000
chr2	91310000	91320000	4.8451611515025865	91315000
chr2	91320000	91330000	4.361959937663059	91325000
chr2	91330000	91340000	3.8956104579647746	91335000
chr2	91340000	91350000	3.2217615825168937	91345000
chr2	91350000	91360000	3.6331611179979886	91355000
chr2	91360000	91370000	5.270019529180997	91365000
chr2	91370000	91380000	4.4542208370913485	91375000
chr2	91380000	91390000	4.082753582548214	91385000
chr2	91390000	91400000	2.4573515046046164	91395000
chr2	91400000	91410000	2.1419062466889756	91405000
chr2	91410000	91420000	4.826603418704797	91415000
chr2	91420000	91430000	6.822307880027239	91425000
chr2	91430000	91440000	3.11892377459923	91435000
chr2	91440000	91450000	2.0555567185299677	91445000
chr2	91450000	91460000	3.1597114629027807	91455000
chr2	91460000	91470000	5.414427532957084	91465000
chr2	91470000	91480000	6.623945670973306	91475000
chr2	91480000	91490000	8.715362463858469	91485000
chr2	91490000	91500000	5.735546871569374	91495000
chr2	91500000	91510000	3.55437159824939	91505000
chr2	91510000	91520000	2.896401696251395	91515000
chr2	91520000	91530000	4.6641176647861915	91525000
chr2	91530000	91540000	4.356524113189644	91535000
chr2	91540000	91550000	1.5287064570227864	91545000
chr2	91550000	91560000	2.693679604126983	91555000
chr2	91560000	91570000	1.8853180061674797	91565000
chr2	91570000	91580000	2.667693693010076	91575000
chr2	91580000	91590000	2.331023228892799	91585000
chr2	91590000	91600000	2.8287876701087526	91595000
chr2	91600000	91610000	5.464162694556979	91605000
chr2	91610000	91620000	4.524965410151058	91615000
chr2	91620000	91630000	2.3446629406881057	91625000
chr2	91630000	91640000	1.3336562213887027	91635000
chr2	91640000	91650000	3.5469982867637095	91645000
chr2	91650000	91660000	2.2186238825780955	91655000
chr2	91660000	91670000	2.574648288173184	91665000
chr2	91670000	91680000	3.307313514653499	91675000
chr2	91680000	91690000	3.923779725163629	91685000
chr2	91690000	91700000	2.858134567669486	91695000
chr2	91700000	91710000	2.7373377617714216	91705000
chr2	91710000	91720000	2.9197404096739135	91715000
chr2	91720000	91730000	3.6246212093612646	91725000
chr2	91730000	91740000	2.1144544956656586	91735000
chr2	91740000	91750000	1.7933547175097395	91745000
chr2	91750000	91760000	1.9509007486299574	91755000
chr2	91760000	91770000	1.6595051465917137	91765000
chr2	91770000	91780000	3.2256177220994418	91775000
chr2	91780000	91790000	4.6785288306688235	91785000
chr2	91790000	91800000	3.7694961667024907	91795000
chr2	91800000	91810000	2.6937025955871468	91805000
chr2	91810000	91820000	3.4832801299844576	91815000
chr2	91820000	91830000	2.1216656495769444	91825000
chr2	91830000	91840000	1.3666034278773407	91835000
chr2	91840000	91850000	1.4988720144085548	91845000
chr2	91850000	91860000	1.0080420502882588	91855000
chr2	91860000	91870000	1.7536462832253268	91865000
chr2	91870000	91880000	2.3164681953970874	91875000
chr2	91880000	91890000	1.124894299366601	91885000
chr2	91890000	91900000	1.7867984232510095	91895000
chr2	91900000	91910000	1.04851956792019	91905000
chr2	91910000	91920000	1.2396186604747	91915000
chr2	91920000	91930000	3.941443451034871	91925000
chr2	91930000	91940000	2.029871165895165	91935000
chr2	91940000	91950000	0.7188195762497999	91945000
chr2	91950000	91960000	1.558400981336599	91955000
chr2	91960000	91970000	1.905403679438605	91965000
chr2	91970000	91980000	2.336359023827694	91975000
chr2	91980000	91990000	2.0884279326797373	91985000
chr2	91990000	92000000	1.6110549500087104	91995000
chr2	92000000	92010000	1.7810274420587506	92005000
chr2	92010000	92020000	1.3845798176670507	92015000
chr2	92020000	92030000	2.4108640523445968	92025000
chr2	92030000	92040000	3.0681007935088394	92035000
chr2	92040000	92050000	5.734124749860299	92045000
chr2	92050000	92060000	2.4833651879790413	92055000
chr2	92060000	92070000	8.832838432150028	92065000
chr2	92070000	92080000	1.9458154932269618	92075000
chr2	92080000	92090000	3.3863098957742412	92085000
chr2	92090000	92100000	5.767576157926041	92095000
chr2	92100000	92110000	5.849910072244772	92105000
chr2	92110000	92120000	2.9027555138838546	92115000
chr2	92120000	92130000	2.6033911452054506	92125000
chr2	92130000	92140000	1.4659490829625792	92135000
chr2	92140000	92150000	1.2542867564154607	92145000
chr2	92150000	92160000	1.0090257245355134	92155000
chr2	92160000	92170000	1.2174025809945899	92165000
chr2	92170000	92180000	1.4077858953304865	92175000
chr2	92180000	92190000	0.9240877603593038	92185000
chr2	92190000	92200000	0.3786315984703455	92195000
chr2	92200000	92210000	4.836384539710165	92205000
chr2	92210000	92220000	3.2555466380198346	92215000
chr2	92220000	92230000	0.9544544196001803	92225000
chr2	92230000	92240000	1.4207190305849429	92235000
chr2	92240000	92250000	1.7468534132476528	92245000
chr2	92250000	92260000	2.9689323226219826	92255000
chr2	92260000	92270000	1.7914150745571429	92265000
chr2	92270000	92280000	1.0610470328340906	92275000
chr2	92280000	92290000	1.4222693199147665	92285000
chr2	92290000	92300000	2.425602444873354	92295000
chr2	92300000	92310000	2.1652784391278668	92305000
chr2	92310000	92320000	2.875400254840039	92315000
chr2	92320000	92330000	2.4429195177626295	92325000
chr2	92330000	92340000	2.5913276684393494	92335000
chr2	92340000	92350000	0.9116583236184078	92345000
chr2	92350000	92360000	0.9975763437655772	92355000
chr2	92360000	92370000	2.0992056255927443	92365000
chr2	92370000	92380000	1.3857312061412768	92375000
chr2	92380000	92390000	4.2203027927753425	92385000
chr2	92390000	92400000	2.913855448476098	92395000
chr2	92400000	92410000	3.867694776846157	92405000
chr2	92410000	92420000	0.6144250493102827	92415000
chr2	92420000	92430000	0.9581012050235777	92425000
chr2	92430000	92440000	0.8213724601046702	92435000
chr2	92440000	92450000	1.3419603633078419	92445000
chr2	92450000	92460000	4.32620979159054	92455000
chr2	92460000	92470000	1.7850002928130717	92465000
chr2	92470000	92480000	1.190364198565363	92475000
chr2	92480000	92490000	0.9952053619204759	92485000
chr2	92490000	92500000	2.5072225378609194	92495000
chr2	92500000	92510000	1.5530767085413804	92505000
chr2	92510000	92520000	0.6867140536559777	92515000
chr2	92520000	92530000	10.740619221802213	92525000
chr2	92530000	92540000	3.033204504057874	92535000
chr2	92540000	92550000	4.059934961217579	92545000
chr2	92550000	92560000	2.4577943898756027	92555000
chr2	92560000	92570000	0.5760406764950198	92565000
chr2	92570000	92580000	14.269456007060286	92575000
chr2	92580000	92590000	11.876835032360972	92585000
chr2	92590000	92600000	0.9614906145655159	92595000
chr2	92600000	92610000	1.3754460081536135	92605000
chr2	92610000	92620000	0.7662111663807026	92615000
chr2	92620000	92630000	0.7712609903297917	92625000
chr2	92630000	92640000	1.0036559438831183	92635000
chr2	92640000	92650000	1.1128605376850473	92645000
chr2	92650000	92660000	2.5404822545842176	92655000
chr2	92660000	92670000	0.4857488133287979	92665000
chr2	92670000	92680000	0.8255899732633917	92675000
chr2	92680000	92690000	0.8030972828898727	92685000
chr2	92690000	92700000	1.0148450315835074	92695000
chr2	92700000	92710000	1.8501296112913213	92705000
chr2	92710000	92720000	0.43622078005378767	92715000
chr2	92720000	92730000	0.49977230431218445	92725000
chr2	92730000	92740000	0.9706431012096097	92735000
chr2	92740000	92750000	0.5623903886343138	92745000
chr2	92750000	92760000	1.0464608176283898	92755000
chr2	92760000	92770000	1.6641898473943622	92765000
chr2	92770000	92780000	0.4837240059636184	92775000
chr2	92780000	92790000	0.748602254614927	92785000
chr2	92790000	92800000	1.019594523654258	92795000
chr2	92800000	92810000	0.5762665192974359	92805000
chr2	92810000	92820000	0.9635564834252051	92815000
chr2	92820000	92830000	0.7884333831571433	92825000
chr2	92830000	92840000	0.5198706419805567	92835000
chr2	92840000	92850000	0.8708607398091345	92845000
chr2	92850000	92860000	0.9758537788357796	92855000
chr2	92860000	92870000	1.187124003355442	92865000
chr2	92870000	92880000	0.5593489647460473	92875000
chr2	92880000	92890000	2.0036397043615373	92885000
chr2	92890000	92900000	0.4023483573491262	92895000
chr2	92900000	92910000	0.4466050353817741	92905000
chr2	92910000	92920000	0.4954972498752538	92915000
chr2	92920000	92930000	0.6195239077550245	92925000
chr2	92930000	92940000	0.9450295996347554	92935000
chr2	92940000	92950000	0.833554610074121	92945000
chr2	92950000	92960000	0.7044322868671479	92955000
chr2	92960000	92970000	1.1798861447962476	92965000
chr2	92970000	92980000	1.2639187605874966	92975000
chr2	92980000	92990000	1.1553148845005203	92985000
chr2	92990000	93000000	2.086795875767498	92995000
chr2	93000000	93010000	1.4044230208780701	93005000
chr2	93010000	93020000	0.827416546742741	93015000
chr2	93020000	93030000	0.3063537104874505	93025000
chr2	93030000	93040000	1.0310498145381808	93035000
chr2	93040000	93050000	0.7951334427586233	93045000
chr2	93050000	93060000	2.4244007672754955	93055000
chr2	93060000	93070000	1.1324238677485814	93065000
chr2	93070000	93080000	0.7436497189833067	93075000
chr2	93080000	93090000	0.2752551799266448	93085000
chr2	93090000	93100000	1.206087631864158	93095000
chr2	93100000	93110000	0.40911429635305147	93105000
chr2	93110000	93120000	0.44724294080954	93115000
chr2	93120000	93130000	0.41043021000468904	93125000
chr2	93130000	93140000	1.3419362030812942	93135000
chr2	93140000	93150000	1.348120301814168	93145000
chr2	93150000	93160000	0.5955978596167402	93155000
chr2	93160000	93170000	1.3256395298437784	93165000
chr2	93170000	93180000	1.2884028488458124	93175000
chr2	93180000	93190000	0.6690356693950607	93185000
chr2	93190000	93200000	0.7559864972029388	93195000
chr2	93200000	93210000	0.7821855014487761	93205000
chr2	93210000	93220000	1.4164239506159766	93215000
chr2	93220000	93230000	2.749304460785111	93225000
chr2	93230000	93240000	0.9203732188340846	93235000
chr2	93240000	93250000	1.2146562468131787	93245000
chr2	93250000	93260000	4.2872913280042075	93255000
chr2	93260000	93270000	2.0947748557540278	93265000
chr2	93270000	93280000	1.3796573648032255	93275000
chr2	93280000	93290000	1.0014835388204943	93285000
chr2	93290000	93300000	1.0839485925323573	93295000
chr2	93300000	93310000	0.7839273246106153	93305000
chr2	93310000	93320000	1.3636424700954402	93315000
chr2	93320000	93330000	0.700847266343124	93325000
chr2	93330000	93340000	1.439720809142301	93335000
chr2	93340000	93350000	1.9313353291445925	93345000
chr2	93350000	93360000	1.0916046636294632	93355000
chr2	93360000	93370000	1.211640468635687	93365000
chr2	93370000	93380000	1.5183659581157145	93375000
chr2	93380000	93390000	1.1340084060319475	93385000
chr2	93390000	93400000	0.553098565642752	93395000
chr2	93400000	93410000	0.5580006107693616	93405000
chr2	93410000	93420000	0.4662363329661172	93415000
chr2	93420000	93430000	0.6756397322945474	93425000
chr2	93430000	93440000	0.9932159128464896	93435000
chr2	93440000	93450000	0.5265764082844364	93445000
chr2	93450000	93460000	0.4338805985378248	93455000
chr2	93460000	93470000	1.4065544459876473	93465000
chr2	93470000	93480000	0.9903109774819155	93475000
chr2	93480000	93490000	0.6984062156424329	93485000
chr2	93490000	93500000	1.1608612948091175	93495000
chr2	93500000	93510000	0.791750588581708	93505000
chr2	93510000	93520000	0.8937997454658723	93515000
chr2	93520000	93530000	0.5974482743666715	93525000
chr2	93530000	93540000	0.9286476076122707	93535000
chr2	93540000	93550000	1.1535314703363535	93545000
chr2	93550000	93560000	1.177444991463745	93555000
chr2	93560000	93570000	0.5198158159068983	93565000
chr2	93570000	93580000	0.32973409250769165	93575000
chr2	93580000	93590000	0.4154322121599431	93585000
chr2	93590000	93600000	0.180832073055971	93595000
chr2	93600000	93610000	0.2196755809499303	93605000
chr2	93610000	93620000	0.499434260230568	93615000
chr2	93620000	93630000	0.7997893518521865	93625000
chr2	93630000	93640000	1.7155710033445948	93635000
chr2	93640000	93650000	2.1123843068397634	93645000
chr2	93650000	93660000	1.3657755826532758	93655000
chr2	93660000	93670000	1.2252355886574224	93665000
chr2	93670000	93680000	1.2293817312194288	93675000
chr2	93680000	93690000	1.198629877059895	93685000
chr2	93690000	93700000	0.8024269037119233	93695000
chr2	93700000	93710000	6.991005493923896	93705000
chr2	93710000	93720000	1.399898409949491	93715000
chr2	93720000	93730000	0.823448670700369	93725000
chr2	93730000	93740000	1.4363723621511797	93735000
chr2	93740000	93750000	1.5424593020532036	93745000
chr2	93750000	93760000	0.6369489027979238	93755000
chr2	93760000	93770000	0.7442838436396536	93765000
chr2	93770000	93780000	0.6845828075677233	93775000
chr2	93780000	93790000	0.7087228555832313	93785000
chr2	93790000	93800000	0.8273990120448717	93795000
chr2	93800000	93810000	0.34130856438190865	93805000
chr2	93810000	93820000	0.6967601016248651	93815000
chr2	93820000	93830000	0.5226426715873305	93825000
chr2	93830000	93840000	0.8416898934360912	93835000
chr2	93840000	93850000	1.2510479299264599	93845000
chr2	93850000	93860000	1.1337926401888374	93855000
chr2	93860000	93870000	1.1993255701769479	93865000
chr2	93870000	93880000	2.2610306202860344	93875000
chr2	93880000	93890000	0.8545557264374728	93885000
chr2	93890000	93900000	0.5798917307272997	93895000
chr2	93900000	93910000	0.6244059801781423	93905000
chr2	93910000	93920000	0.6285484568026901	93915000
chr2	93920000	93930000	1.6904266652457507	93925000
chr2	93930000	93940000	3.463777523645843	93935000
chr2	93940000	93950000	0.37587199568236296	93945000
chr2	93950000	93960000	0.2747414340942513	93955000
chr2	93960000	93970000	1.302035038225934	93965000
chr2	93970000	93980000	0.8790736203262695	93975000
chr2	93980000	93990000	1.316332405532589	93985000
chr2	93990000	94000000	4.525670437945506	93995000
chr2	94000000	94010000	1.2343360444075433	94005000
chr2	94010000	94020000	0.8800262873776749	94015000
chr2	94020000	94030000	5.249972473122617	94025000
chr2	94030000	94040000	1.0005925221144762	94035000
chr2	94040000	94050000	3.457826390478033	94045000
chr2	94050000	94060000	1.2948810816145417	94055000
chr2	94060000	94070000	0.8521574623240517	94065000
chr2	94070000	94080000	0.3704930653091192	94075000
chr2	94080000	94090000	0.7123364522632181	94085000
chr2	94090000	94100000	0.5053466966253158	94095000
chr2	94100000	94110000	0.8726223956548841	94105000
chr2	94110000	94120000	0.8045603969155647	94115000
chr2	94120000	94130000	5.31922045077855	94125000
chr2	94130000	94140000	0.9795395574677627	94135000
chr2	94140000	94150000	0.5163158213600783	94145000
chr2	94150000	94160000	0.9521007285549342	94155000
chr2	94160000	94170000	0.903129321990378	94165000
chr2	94170000	94180000	0.753013923059901	94175000
chr2	94180000	94190000	1.1063856625777018	94185000
chr2	94190000	94200000	1.1864681589342423	94195000
chr2	94200000	94210000	0.869244553478704	94205000
chr2	94210000	94220000	0.945759487952977	94215000
chr2	94220000	94230000	1.033972680639601	94225000
chr2	94230000	94240000	2.3032817601796944	94235000
chr2	94240000	94250000	2.6863965033376616	94245000
chr2	94250000	94260000	6.4134219767171246	94255000
chr2	94260000	94270000	3.1607547964159957	94265000
chr2	94270000	94280000	0.6515003819522588	94275000
chr2	94280000	94290000	1.1624584229501755	94285000
chr2	94290000	94300000	1.7995912570516583	94295000
chr2	94300000	94310000	3.239388811338561	94305000
chr2	94310000	94320000	1.4532841852696856	94315000
chr2	94320000	94330000	2.2691725884141567	94325000
chr2	94330000	94340000	2.322358131912203	94335000
chr2	94340000	94350000	1.3210760748100066	94345000
chr2	94350000	94360000	2.9749581640135063	94355000
chr2	94360000	94370000	2.624430568199835	94365000
chr2	94370000	94380000	2.693635417263614	94375000
chr2	94380000	94390000	2.21317515602787	94385000
chr2	94390000	94400000	3.6355132961469354	94395000
chr2	94400000	94410000	2.5414505735354966	94405000
chr2	94410000	94420000	2.3821547855233667	94415000
chr2	94420000	94430000	1.0049353289856842	94425000
chr2	94430000	94440000	1.9576273849571044	94435000
chr2	94440000	94450000	2.1181987163490623	94445000
chr2	94450000	94460000	12.126384329575574	94455000
chr2	94460000	94470000	1.563329565589532	94465000
chr2	94470000	94480000	0.9905003757503748	94475000
chr2	94480000	94490000	1.2332518054454014	94485000
chr2	94490000	94500000	0.8430552013581312	94495000
chr2	94500000	94510000	1.4008384559607094	94505000
chr2	94510000	94520000	1.3104554518930969	94515000
chr2	94520000	94530000	1.822188829891573	94525000
chr2	94530000	94540000	1.6749836101188966	94535000
chr2	94540000	94550000	1.5734200748314338	94545000
chr2	94550000	94560000	2.3254923783262074	94555000
chr2	94560000	94570000	1.6373662433687668	94565000
chr2	94570000	94580000	1.3066189464258329	94575000
chr2	94580000	94590000	5.901688855789469	94585000
chr2	94590000	94600000	3.019782353883263	94595000
chr2	94600000	94610000	2.3707778252644034	94605000
chr2	94610000	94620000	2.406349993980856	94615000
chr2	94620000	94630000	3.0875293681574307	94625000
chr2	94630000	94640000	1.591032650466017	94635000
chr2	94640000	94650000	2.1036998611909925	94645000
chr2	94650000	94660000	3.8907707032078696	94655000
chr2	94660000	94670000	5.426943569824547	94665000
chr2	94670000	94680000	5.211085052659886	94675000
chr2	94680000	94690000	1.4543573168793256	94685000
chr2	94690000	94700000	2.098121012024971	94695000
chr2	94700000	94710000	2.091833230051798	94705000
chr2	94710000	94720000	1.7660631679357726	94715000
chr2	94720000	94730000	3.6496981946493627	94725000
chr2	94730000	94740000	3.336587047138544	94735000
chr2	94740000	94750000	4.720156832965451	94745000
chr2	94750000	94760000	3.309154689580045	94755000
chr2	94760000	94770000	4.869661473316649	94765000
chr2	94770000	94780000	4.004510930421477	94775000
chr2	94780000	94790000	3.715166861943205	94785000
chr2	94790000	94800000	4.458695521399148	94795000
chr2	94800000	94810000	4.535226294808809	94805000
chr2	94810000	94820000	5.458595618067796	94815000
chr2	94820000	94830000	4.044173653872491	94825000
chr2	94830000	94840000	4.209268381048396	94835000
chr2	94840000	94850000	3.153909479172933	94845000
chr2	94850000	94860000	2.7704348231720894	94855000
chr2	94860000	94870000	3.7898373894032975	94865000
chr2	94870000	94880000	5.670554782672482	94875000
chr2	94880000	94890000	4.642755755073949	94885000
chr2	94890000	94900000	9.990587680302362	94895000
chr2	94900000	94910000	2.794321962805105	94905000
chr2	94910000	94920000	1.8501666244958417	94915000
chr2	94920000	94930000	4.063952490755568	94925000
chr2	94930000	94940000	5.416876819620766	94935000
chr2	94940000	94950000	3.8191370564055984	94945000
chr2	94950000	94960000	6.102972177408601	94955000
chr2	94960000	94970000	5.680432669596346	94965000
chr2	94970000	94980000	3.170364084015945	94975000
chr2	94980000	94990000	4.098351550911936	94985000
chr2	94990000	95000000	3.927775385781763	94995000
chr2	95000000	95010000	5.834061256564878	95005000
chr2	95010000	95020000	11.061655005874893	95015000
chr2	95020000	95030000	8.085946653202775	95025000
chr2	95030000	95040000	8.633739809816843	95035000
chr2	95040000	95050000	10.065534861605466	95045000
chr2	95050000	95060000	5.109210412604602	95055000
chr2	95060000	95070000	5.353789587584179	95065000
chr2	95070000	95080000	5.892822347741925	95075000
chr2	95080000	95090000	6.102833336657512	95085000
chr2	95090000	95100000	3.394879645714505	95095000
chr2	95100000	95110000	3.3159240026818146	95105000
chr2	95110000	95120000	4.356474507616318	95115000
chr2	95120000	95130000	4.21409356954606	95125000
chr2	95130000	95140000	5.501624287910171	95135000
chr2	95140000	95150000	2.006200724146263	95145000
chr2	95150000	95160000	2.51757425283182	95155000
chr2	95160000	95170000	2.1276775309141964	95165000
chr2	95170000	95180000	4.177995659649661	95175000
chr2	95180000	95190000	15.089635657920063	95185000
chr2	95190000	95200000	5.306859025856951	95195000
chr2	95200000	95210000	4.248504573785971	95205000
chr2	95210000	95220000	3.6474497537756814	95215000
chr2	95220000	95230000	2.6532159035424003	95225000
chr2	95230000	95240000	3.7858827669015653	95235000
chr2	95240000	95250000	4.142659194885517	95245000
chr2	95250000	95260000	7.045666792904095	95255000
chr2	95260000	95270000	4.260495765671269	95265000
chr2	95270000	95280000	3.9806006254669333	95275000
chr2	95280000	95290000	4.527968632149878	95285000
chr2	95290000	95300000	3.21467068514141	95295000
chr2	95300000	95310000	3.87484770010128	95305000
chr2	95310000	95320000	3.761293465585351	95315000
chr2	95320000	95330000	2.5860406041220014	95325000
chr2	95330000	95340000	2.9119641504663987	95335000
chr2	95340000	95350000	3.935805009524344	95345000
chr2	95350000	95360000	4.153908349764006	95355000
chr2	95360000	95370000	2.5931402958589262	95365000
chr2	95370000	95380000	5.468402155914027	95375000
chr2	95380000	95390000	6.853886891055929	95385000
chr2	95390000	95400000	5.297991851302784	95395000
chr2	95400000	95410000	10.143166559398331	95405000
chr2	95410000	95420000	6.9263186873490845	95415000
chr2	95420000	95430000	3.6292456702964024	95425000
chr2	95430000	95440000	3.365446691122733	95435000
chr2	95440000	95450000	5.759088930079709	95445000
chr2	95450000	95460000	3.5297994665608274	95455000
chr2	95460000	95470000	2.7070915123974726	95465000
chr2	95470000	95480000	4.572513860187587	95475000
chr2	95480000	95490000	9.64281921746113	95485000
chr2	95490000	95500000	1.8483455439104879	95495000
chr2	95500000	95510000	2.0585780168658934	95505000
chr2	95510000	95520000	1.7386479243079025	95515000
chr2	95520000	95530000	1.8538682796785395	95525000
chr2	95530000	95540000	2.903512476966674	95535000
chr2	95540000	95550000	4.274926064426806	95545000
chr2	95550000	95560000	1.9017137150957542	95555000
chr2	95560000	95570000	11.546517676253105	95565000
chr2	95570000	95580000	2.6268222124442553	95575000
chr2	95580000	95590000	5.468806609747296	95585000
chr2	95590000	95600000	4.320475087401233	95595000
chr2	95600000	95610000	4.462578164690392	95605000
chr2	95610000	95620000	4.647954530322882	95615000
chr2	95620000	95630000	2.4098218411914476	95625000
chr2	95630000	95640000	1.3849484967335293	95635000
chr2	95640000	95650000	1.6131260779387808	95645000
chr2	95650000	95660000	1.7568696814854758	95655000
chr2	95660000	95670000	3.8842918242018034	95665000
chr2	95670000	95680000	2.5940992789226147	95675000
chr2	95680000	95690000	12.160197081042504	95685000
chr2	95690000	95700000	11.952384486502211	95695000
chr2	95700000	95710000	14.01767893221338	95705000
chr2	95710000	95720000	7.378601324334891	95715000
chr2	95720000	95730000	3.930094833203261	95725000
chr2	95730000	95740000	8.856989884761035	95735000
chr2	95740000	95750000	3.412712483178575	95745000
chr2	95750000	95760000	6.641553338813036	95755000
chr2	95760000	95770000	10.50783859873774	95765000
chr2	95770000	95780000	4.4792436147067844	95775000
chr2	95780000	95790000	6.360731053841532	95785000
chr2	95790000	95800000	10.503747615780588	95795000
chr2	95800000	95810000	7.310590409909692	95805000
chr2	95810000	95820000	5.942307064992896	95815000
chr2	95820000	95830000	5.135774745653064	95825000
chr2	95830000	95840000	3.0479240063280892	95835000
chr2	95840000	95850000	2.667720106672975	95845000
chr2	95850000	95860000	2.8015247925021476	95855000
chr2	95860000	95870000	7.2106811563697	95865000
chr2	95870000	95880000	5.858322769979853	95875000
chr2	95880000	95890000	3.69152602673216	95885000
chr2	95890000	95900000	3.8973209815316925	95895000
chr2	95900000	95910000	3.759137276105759	95905000
chr2	95910000	95920000	2.0586709419490092	95915000
chr2	95920000	95930000	24.155686774065693	95925000
chr2	95930000	95940000	3.3630191608397166	95935000
chr2	95940000	95950000	2.810082448624595	95945000
chr2	95950000	95960000	7.0860692791522855	95955000
chr2	95960000	95970000	9.087957921939886	95965000
chr2	95970000	95980000	11.29634717527389	95975000
chr2	95980000	95990000	4.980695476370811	95985000
chr2	95990000	96000000	11.639071196050836	95995000
chr2	96000000	96010000	6.7804951377978115	96005000
chr2	96010000	96020000	10.991354590314591	96015000
chr2	96020000	96030000	9.037079023991337	96025000
chr2	96030000	96040000	6.187933982304365	96035000
chr2	96040000	96050000	6.133752140656361	96045000
chr2	96050000	96060000	12.759456167010692	96055000
chr2	96060000	96070000	4.824275461469132	96065000
chr2	96070000	96080000	3.4146752830499034	96075000
chr2	96080000	96090000	3.424620555116751	96085000
chr2	96090000	96100000	4.442752212122287	96095000
chr2	96100000	96110000	3.5975471508557635	96105000
chr2	96110000	96120000	6.6928409646220635	96115000
chr2	96120000	96130000	9.484651137440487	96125000
chr2	96130000	96140000	7.527611158818066	96135000
chr2	96140000	96150000	5.588945084909959	96145000
chr2	96150000	96160000	5.927190740703366	96155000
chr2	96160000	96170000	11.568555948316131	96165000
chr2	96170000	96180000	5.513968478749115	96175000
chr2	96180000	96190000	2.110453947105896	96185000
chr2	96190000	96200000	4.1795889208599215	96195000
chr2	96200000	96210000	7.971284767691746	96205000
chr2	96210000	96220000	8.901616250107985	96215000
chr2	96220000	96230000	3.700415316274086	96225000
chr2	96230000	96240000	7.302761616515529	96235000
chr2	96240000	96250000	16.138247059614304	96245000
chr2	96250000	96260000	4.982378560934932	96255000
chr2	96260000	96270000	13.963701937735024	96265000
chr2	96270000	96280000	10.204465848271402	96275000
chr2	96280000	96290000	5.384558515366176	96285000
chr2	96290000	96300000	11.502025210359484	96295000
chr2	96300000	96310000	5.922540363374443	96305000
chr2	96310000	96320000	9.502308881143907	96315000
chr2	96320000	96330000	16.29186185088134	96325000
chr2	96330000	96340000	7.98884723958789	96335000
chr2	96340000	96350000	8.05691258750338	96345000
chr2	96350000	96360000	9.526902050569458	96355000
chr2	96360000	96370000	9.685199351891978	96365000
chr2	96370000	96380000	10.908387693111305	96375000
chr2	96380000	96390000	7.916746271215102	96385000
chr2	96390000	96400000	6.896632686037573	96395000
chr2	96400000	96410000	11.131407860383774	96405000
chr2	96410000	96420000	9.304325496403196	96415000
chr2	96420000	96430000	5.210934642139357	96425000
chr2	96430000	96440000	4.97374930089174	96435000
chr2	96440000	96450000	4.52918130920469	96445000
chr2	96450000	96460000	13.160508656857594	96455000
chr2	96460000	96470000	6.4639768378373255	96465000
chr2	96470000	96480000	3.95952254240297	96475000
chr2	96480000	96490000	13.164566590661114	96485000
chr2	96490000	96500000	5.4006781251282465	96495000
chr2	96500000	96510000	3.9448613326683235	96505000
chr2	96510000	96520000	9.048692602096505	96515000
chr2	96520000	96530000	8.000964063386927	96525000
chr2	96530000	96540000	2.684610868959101	96535000
chr2	96540000	96550000	4.710501692578762	96545000
chr2	96550000	96560000	7.377126823865257	96555000
chr2	96560000	96570000	5.866503938012277	96565000
chr2	96570000	96580000	7.019460165408746	96575000
chr2	96580000	96590000	5.026343962796312	96585000
chr2	96590000	96600000	7.693148779187936	96595000
chr2	96600000	96610000	8.070151371160566	96605000
chr2	96610000	96620000	5.675423371211022	96615000
chr2	96620000	96630000	5.488246416701026	96625000
chr2	96630000	96640000	5.852886044965424	96635000
chr2	96640000	96650000	4.863606088733464	96645000
chr2	96650000	96660000	3.361150411836312	96655000
chr2	96660000	96670000	3.1554313779394065	96665000
chr2	96670000	96680000	13.498014633639965	96675000
chr2	96680000	96690000	6.9209378665841	96685000
chr2	96690000	96700000	4.515947248280926	96695000
chr2	96700000	96710000	4.618692854290105	96705000
chr2	96710000	96720000	7.3823770841613445	96715000
chr2	96720000	96730000	3.6787722353123815	96725000
chr2	96730000	96740000	3.3946487057927874	96735000
chr2	96740000	96750000	5.05212363202979	96745000
chr2	96750000	96760000	5.416035154148847	96755000
chr2	96760000	96770000	5.477542286619496	96765000
chr2	96770000	96780000	4.487560045993865	96775000
chr2	96780000	96790000	4.380716715925534	96785000
chr2	96790000	96800000	5.175803273912556	96795000
chr2	96800000	96810000	7.307407913159833	96805000
chr2	96810000	96820000	3.090086067770156	96815000
chr2	96820000	96830000	5.2768825445562015	96825000
chr2	96830000	96840000	3.72242251217316	96835000
chr2	96840000	96850000	5.414205194354518	96845000
chr2	96850000	96860000	5.083750461383745	96855000
chr2	96860000	96870000	3.4497454496960285	96865000
chr2	96870000	96880000	3.570758608382612	96875000
chr2	96880000	96890000	2.9434183747597644	96885000
chr2	96890000	96900000	2.40773080070412	96895000
chr2	96900000	96910000	2.565803475677986	96905000
chr2	96910000	96920000	1.709364234022455	96915000
chr2	96920000	96930000	3.703796610013593	96925000
chr2	96930000	96940000	5.455449959683371	96935000
chr2	96940000	96950000	3.694942057449523	96945000
chr2	96950000	96960000	3.2437594449180267	96955000
chr2	96960000	96970000	2.8966590754230492	96965000
chr2	96970000	96980000	2.471077323943917	96975000
chr2	96980000	96990000	3.0065956228091797	96985000
chr2	96990000	97000000	4.1358274254283	96995000
chr2	97000000	97010000	7.9530062647724025	97005000
chr2	97010000	97020000	6.336012986187647	97015000
chr2	97020000	97030000	2.272224322249397	97025000
chr2	97030000	97040000	1.9253801788987308	97035000
chr2	97040000	97050000	1.4345271346555788	97045000
chr2	97050000	97060000	1.84430585286818	97055000
chr2	97060000	97070000	4.0050177019584625	97065000
chr2	97070000	97080000	1.9798914041281537	97075000
chr2	97080000	97090000	5.134555936924373	97085000
chr2	97090000	97100000	5.713465902292541	97095000
chr2	97100000	97110000	5.646552098433312	97105000
chr2	97110000	97120000	8.325524487417713	97115000
chr2	97120000	97130000	6.24344837021535	97125000
chr2	97130000	97140000	5.844956156612131	97135000
chr2	97140000	97150000	6.034995434046944	97145000
chr2	97150000	97160000	5.545819078617665	97155000
chr2	97160000	97170000	6.630675783036793	97165000
chr2	97170000	97180000	5.834071492598838	97175000
chr2	97180000	97190000	3.5584768006930805	97185000
chr2	97190000	97200000	3.9352738103686242	97195000
chr2	97200000	97210000	4.285136562690006	97205000
chr2	97210000	97220000	4.653273519362743	97215000
chr2	97220000	97230000	5.385313823054666	97225000
chr2	97230000	97240000	4.904187913483052	97235000
chr2	97240000	97250000	5.199047383984275	97245000
chr2	97250000	97260000	5.7271563963527985	97255000
chr2	97260000	97270000	5.693452611722039	97265000
chr2	97270000	97280000	7.72312705639492	97275000
chr2	97280000	97290000	3.8364624269269756	97285000
chr2	97290000	97300000	4.873510752926025	97295000
chr2	97300000	97310000	4.220888252101723	97305000
chr2	97310000	97320000	5.413978838877187	97315000
chr2	97320000	97330000	4.378045293491609	97325000
chr2	97330000	97340000	4.669199038945886	97335000
chr2	97340000	97350000	2.1247089236441066	97345000
chr2	97350000	97360000	6.092227332118313	97355000
chr2	97360000	97370000	6.57520020903721	97365000
chr2	97370000	97380000	2.907994967951588	97375000
chr2	97380000	97390000	1.9690526281221687	97385000
chr2	97390000	97400000	4.2638769233035445	97395000
chr2	97400000	97410000	10.559514053620717	97405000
chr2	97410000	97420000	4.463850940472409	97415000
chr2	97420000	97430000	4.187952038016741	97425000
chr2	97430000	97440000	4.30555129126799	97435000
chr2	97440000	97450000	15.412954152259031	97445000
chr2	97450000	97460000	4.103014189387301	97455000
chr2	97460000	97470000	10.236587428821364	97465000
chr2	97470000	97480000	7.717695614666346	97475000
chr2	97480000	97490000	4.851543782688764	97485000
chr2	97490000	97500000	2.6136084704995595	97495000
chr2	97500000	97510000	1.8365037190709208	97505000
chr2	97510000	97520000	1.528127198322659	97515000
chr2	97520000	97530000	3.179545392030292	97525000
chr2	97530000	97540000	3.148647468808136	97535000
chr2	97540000	97550000	7.116949300208089	97545000
chr2	97550000	97560000	13.912852155199458	97555000
chr2	97560000	97570000	2.64453740728159	97565000
chr2	97570000	97580000	2.4403907471576725	97575000
chr2	97580000	97590000	4.9183239748488585	97585000
chr2	97590000	97600000	5.593259588837029	97595000
chr2	97600000	97610000	6.870012252565298	97605000
chr2	97610000	97620000	12.165599531634216	97615000
chr2	97620000	97630000	3.297303601371063	97625000
chr2	97630000	97640000	1.6833652285564107	97635000
chr2	97640000	97650000	2.576037577040543	97645000
chr2	97650000	97660000	11.428506243524941	97655000
chr2	97660000	97670000	4.362056180007803	97665000
chr2	97670000	97680000	2.4190717360573535	97675000
chr2	97680000	97690000	2.761980419615583	97685000
chr2	97690000	97700000	4.310313642693819	97695000
chr2	97700000	97710000	6.932893839760486	97705000
chr2	97710000	97720000	3.668711639333895	97715000
chr2	97720000	97730000	3.2026179440740603	97725000
chr2	97730000	97740000	7.68378570609182	97735000
chr2	97740000	97750000	3.2032651952937097	97745000
chr2	97750000	97760000	2.976369350322658	97755000
chr2	97760000	97770000	3.3175371468248493	97765000
chr2	97770000	97780000	3.0156432635470236	97775000
chr2	97780000	97790000	3.14456275070788	97785000
chr2	97790000	97800000	3.662663965064189	97795000
chr2	97800000	97810000	2.9068331323222196	97805000
chr2	97810000	97820000	2.987442202188379	97815000
chr2	97820000	97830000	3.307897895917921	97825000
chr2	97830000	97840000	2.744064424324739	97835000
chr2	97840000	97850000	4.013396926685234	97845000
chr2	97850000	97860000	3.07561514488487	97855000
chr2	97860000	97870000	4.133948527963488	97865000
chr2	97870000	97880000	2.354113272144516	97875000
chr2	97880000	97890000	2.755887946532731	97885000
chr2	97890000	97900000	4.040356086783489	97895000
chr2	97900000	97910000	4.131175331883886	97905000
chr2	97910000	97920000	4.454661761378334	97915000
chr2	97920000	97930000	8.072453459150696	97925000
chr2	97930000	97940000	4.457584765304239	97935000
chr2	97940000	97950000	3.307907535429284	97945000
chr2	97950000	97960000	6.442715264914271	97955000
chr2	97960000	97970000	5.1427283117548654	97965000
chr2	97970000	97980000	2.968219855025924	97975000
chr2	97980000	97990000	2.67340044280393	97985000
chr2	97990000	98000000	3.0271048743933475	97995000
chr2	98000000	98010000	3.894247275811952	98005000
chr2	98010000	98020000	9.368069988730669	98015000
chr2	98020000	98030000	5.095049072006635	98025000
chr2	98030000	98040000	5.261463922286717	98035000
chr2	98040000	98050000	2.5488053052259048	98045000
chr2	98050000	98060000	12.085606454548172	98055000
chr2	98060000	98070000	3.0841606645252346	98065000
chr2	98070000	98080000	1.890218039771107	98075000
chr2	98080000	98090000	3.0261087671972695	98085000
chr2	98090000	98100000	5.925136180019219	98095000
chr2	98100000	98110000	4.933933955130333	98105000
chr2	98110000	98120000	5.4637332835972074	98115000
chr2	98120000	98130000	4.287316390274153	98125000
chr2	98130000	98140000	3.7688889590581627	98135000
chr2	98140000	98150000	3.005469494835814	98145000
chr2	98150000	98160000	2.6605555579334683	98155000
chr2	98160000	98170000	10.014250624275695	98165000
chr2	98170000	98180000	2.9235627957104993	98175000
chr2	98180000	98190000	2.463533260203859	98185000
chr2	98190000	98200000	12.978507940565622	98195000
chr2	98200000	98210000	1.8300771731368788	98205000
chr2	98210000	98220000	4.748578517188349	98215000
chr2	98220000	98230000	3.9032574658839194	98225000
chr2	98230000	98240000	7.820133012100384	98235000
chr2	98240000	98250000	3.448614536936398	98245000
chr2	98250000	98260000	5.133902459946525	98255000
chr2	98260000	98270000	7.023231320969262	98265000
chr2	98270000	98280000	14.34804707054877	98275000
chr2	98280000	98290000	2.7659436523768366	98285000
chr2	98290000	98300000	4.726831338150854	98295000
chr2	98300000	98310000	4.239488476601244	98305000
chr2	98310000	98320000	7.805393333679084	98315000
chr2	98320000	98330000	5.0892839567611645	98325000
chr2	98330000	98340000	5.0170690470488895	98335000
chr2	98340000	98350000	9.088317503670659	98345000
chr2	98350000	98360000	6.181332374943757	98355000
chr2	98360000	98370000	8.764465680637866	98365000
chr2	98370000	98380000	5.9888732026403755	98375000
chr2	98380000	98390000	5.197391467769564	98385000
chr2	98390000	98400000	6.2053790100356885	98395000
chr2	98400000	98410000	5.893475423513752	98405000
chr2	98410000	98420000	2.7858159207236985	98415000
chr2	98420000	98430000	1.8123084646216459	98425000
chr2	98430000	98440000	3.526829122496293	98435000
chr2	98440000	98450000	2.0103746392446724	98445000
chr2	98450000	98460000	2.1782726721447467	98455000
chr2	98460000	98470000	1.3053366304575666	98465000
chr2	98470000	98480000	0.7597184708394781	98475000
chr2	98480000	98490000	2.371327872740828	98485000
chr2	98490000	98500000	3.6106793710687124	98495000
chr2	98500000	98510000	0.9988029297752916	98505000
chr2	98510000	98520000	0.868892641411869	98515000
chr2	98520000	98530000	0.7548653188970896	98525000
chr2	98530000	98540000	1.2743232284435047	98535000
chr2	98540000	98550000	4.188607015290316	98545000
chr2	98550000	98560000	1.2611028541503104	98555000
chr2	98560000	98570000	0.622745410819824	98565000
chr2	98570000	98580000	1.036487480640496	98575000
chr2	98580000	98590000	1.7146858459199479	98585000
chr2	98590000	98600000	4.039059082850279	98595000
chr2	98600000	98610000	2.3115264895236107	98605000
chr2	98610000	98620000	2.183534930784338	98615000
chr2	98620000	98630000	1.735723195392847	98625000
chr2	98630000	98640000	2.2410081995161524	98635000
chr2	98640000	98650000	3.92791030605493	98645000
chr2	98650000	98660000	4.888413954916929	98655000
chr2	98660000	98670000	2.811191051396411	98665000
chr2	98670000	98680000	2.1194168646444225	98675000
chr2	98680000	98690000	4.519222884392318	98685000
chr2	98690000	98700000	5.228854399574147	98695000
chr2	98700000	98710000	6.226238894093173	98705000
chr2	98710000	98720000	2.516672445445955	98715000
chr2	98720000	98730000	4.815231342042962	98725000
chr2	98730000	98740000	4.794945045154531	98735000
chr2	98740000	98750000	3.9326446894923777	98745000
chr2	98750000	98760000	4.765899035769112	98755000
chr2	98760000	98770000	1.6383804563906732	98765000
chr2	98770000	98780000	2.7968927153067544	98775000
chr2	98780000	98790000	2.2457769548885853	98785000
chr2	98790000	98800000	9.686042654872507	98795000
chr2	98800000	98810000	5.1715869477605905	98805000
chr2	98810000	98820000	5.026108452092994	98815000
chr2	98820000	98830000	4.863993935386703	98825000
chr2	98830000	98840000	5.097514763719728	98835000
chr2	98840000	98850000	1.9792574695177816	98845000
chr2	98850000	98860000	1.8082672263644575	98855000
chr2	98860000	98870000	1.0914724884653835	98865000
chr2	98870000	98880000	1.643351709949602	98875000
chr2	98880000	98890000	1.5855832054083558	98885000
chr2	98890000	98900000	2.3074615163367507	98895000
chr2	98900000	98910000	6.624473359655204	98905000
chr2	98910000	98920000	1.4850511306829564	98915000
chr2	98920000	98930000	5.06866070218164	98925000
chr2	98930000	98940000	9.789113854266015	98935000
chr2	98940000	98950000	1.331388068958773	98945000
chr2	98950000	98960000	1.6188963220957018	98955000
chr2	98960000	98970000	2.9888648621850025	98965000
chr2	98970000	98980000	4.780411242676372	98975000
chr2	98980000	98990000	4.24209586999148	98985000
chr2	98990000	99000000	5.261752714648563	98995000
chr2	99000000	99010000	5.046536942082748	99005000
chr2	99010000	99020000	4.824634556003557	99015000
chr2	99020000	99030000	5.068784735367215	99025000
chr2	99030000	99040000	4.539176428243115	99035000
chr2	99040000	99050000	4.145662427412603	99045000
chr2	99050000	99060000	4.9913143265904845	99055000
chr2	99060000	99070000	3.9941069755100975	99065000
chr2	99070000	99080000	5.119010439937031	99075000
chr2	99080000	99090000	7.202687014294071	99085000
chr2	99090000	99100000	7.395753319083039	99095000
chr2	99100000	99110000	11.89026794558003	99105000
chr2	99110000	99120000	9.099955101484522	99115000
chr2	99120000	99130000	7.5496207507225295	99125000
chr2	99130000	99140000	4.878492569728278	99135000
chr2	99140000	99150000	4.057335620596228	99145000
chr2	99150000	99160000	3.859720442796705	99155000
chr2	99160000	99170000	2.7748997480500166	99165000
chr2	99170000	99180000	1.6321427949778469	99175000
chr2	99180000	99190000	5.704493699371383	99185000
chr2	99190000	99200000	2.7932754155453026	99195000
chr2	99200000	99210000	2.973241007788856	99205000
chr2	99210000	99220000	2.5164733326409516	99215000
chr2	99220000	99230000	4.268276829761343	99225000
chr2	99230000	99240000	3.7784974014192145	99235000
chr2	99240000	99250000	3.3183755894234235	99245000
chr2	99250000	99260000	4.565766309644008	99255000
chr2	99260000	99270000	6.017673286486426	99265000
chr2	99270000	99280000	5.987501895779741	99275000
chr2	99280000	99290000	4.845542358774383	99285000
chr2	99290000	99300000	5.417379768135489	99295000
chr2	99300000	99310000	4.748355396637099	99305000
chr2	99310000	99320000	4.956680590278528	99315000
chr2	99320000	99330000	6.572553643973216	99325000
chr2	99330000	99340000	6.54395303200564	99335000
chr2	99340000	99350000	12.625285653448236	99345000
chr2	99350000	99360000	3.014977754806115	99355000
chr2	99360000	99370000	9.491399533392293	99365000
chr2	99370000	99380000	4.206708920169514	99375000
chr2	99380000	99390000	4.407642574477066	99385000
chr2	99390000	99400000	6.181750458913913	99395000
chr2	99400000	99410000	3.1605439716746364	99405000
chr2	99410000	99420000	5.091496721733632	99415000
chr2	99420000	99430000	1.9452106508292053	99425000
chr2	99430000	99440000	2.2463994059072387	99435000
chr2	99440000	99450000	6.3935321508040905	99445000
chr2	99450000	99460000	1.180368699496281	99455000
chr2	99460000	99470000	9.322157274526948	99465000
chr2	99470000	99480000	3.009377142983845	99475000
chr2	99480000	99490000	6.668281120425009	99485000
chr2	99490000	99500000	2.857458714270737	99495000
chr2	99500000	99510000	5.425908909462003	99505000
chr2	99510000	99520000	7.17266997525646	99515000
chr2	99520000	99530000	8.018357518874518	99525000
chr2	99530000	99540000	7.281701979584934	99535000
chr2	99540000	99550000	9.010226965359301	99545000
chr2	99550000	99560000	9.714147674024078	99555000
chr2	99560000	99570000	5.697933062205246	99565000
chr2	99570000	99580000	11.623003196048753	99575000
chr2	99580000	99590000	5.23172931249565	99585000
chr2	99590000	99600000	6.84971552808525	99595000
chr2	99600000	99610000	4.94809669731955	99605000
chr2	99610000	99620000	4.826414024656809	99615000
chr2	99620000	99630000	4.964306754171977	99625000
chr2	99630000	99640000	0.9506451798185561	99635000
chr2	99640000	99650000	1.031792079864008	99645000
chr2	99650000	99660000	1.6923124537093217	99655000
chr2	99660000	99670000	1.3756634960249157	99665000
chr2	99670000	99680000	1.5615968663274271	99675000
chr2	99680000	99690000	4.454946494591109	99685000
chr2	99690000	99700000	2.827954142544038	99695000
chr2	99700000	99710000	10.96238367371009	99705000
chr2	99710000	99720000	2.824135017073209	99715000
chr2	99720000	99730000	3.847286925048664	99725000
chr2	99730000	99740000	14.386878181999418	99735000
chr2	99740000	99750000	5.978221774710964	99745000
chr2	99750000	99760000	4.886779934863452	99755000
chr2	99760000	99770000	6.848334055642605	99765000
chr2	99770000	99780000	9.705129724870224	99775000
chr2	99780000	99790000	4.252858631849152	99785000
chr2	99790000	99800000	4.932247713837558	99795000
chr2	99800000	99810000	7.1880212558987635	99805000
chr2	99810000	99820000	3.8985653775646383	99815000
chr2	99820000	99830000	4.351127179879369	99825000
chr2	99830000	99840000	5.159816146219774	99835000
chr2	99840000	99850000	4.559976617656356	99845000
chr2	99850000	99860000	5.989779742617947	99855000
chr2	99860000	99870000	6.465222685454625	99865000
chr2	99870000	99880000	10.23960390566439	99875000
chr2	99880000	99890000	16.69176135803238	99885000
chr2	99890000	99900000	3.0666462188988057	99895000
chr2	99900000	99910000	3.3023911452283286	99905000
chr2	99910000	99920000	4.328429163485561	99915000
chr2	99920000	99930000	3.65929172845384	99925000
chr2	99930000	99940000	4.536144863705152	99935000
chr2	99940000	99950000	3.030502232309959	99945000
chr2	99950000	99960000	3.338386154626544	99955000
chr2	99960000	99970000	4.991307693848125	99965000
chr2	99970000	99980000	10.288992119899268	99975000
chr2	99980000	99990000	1.4140877004856034	99985000
chr2	99990000	100000000	1.9449567617215697	99995000
chr2	100000000	100010000	2.581456476045493	100005000
chr2	100010000	100020000	2.679601760762939	100015000
chr2	100020000	100030000	2.8360817517973667	100025000
chr2	100030000	100040000	16.29338576316875	100035000
chr2	100040000	100050000	6.485274999724843	100045000
chr2	100050000	100060000	13.790725847344742	100055000
chr2	100060000	100070000	13.87519157540594	100065000
chr2	100070000	100080000	7.563700509384932	100075000
chr2	100080000	100090000	4.285148147861669	100085000
chr2	100090000	100100000	12.912487798278493	100095000
chr2	100100000	100110000	3.730653005266849	100105000
chr2	100110000	100120000	7.220334480533088	100115000
chr2	100120000	100130000	5.0482302045429535	100125000
chr2	100130000	100140000	2.679571396608549	100135000
chr2	100140000	100150000	6.05691156420134	100145000
chr2	100150000	100160000	6.379904001112779	100155000
chr2	100160000	100170000	2.9420235786372593	100165000
chr2	100170000	100180000	4.493205219661366	100175000
chr2	100180000	100190000	6.363946951329351	100185000
chr2	100190000	100200000	20.830465953747698	100195000
chr2	100200000	100210000	20.3785145721716	100205000
chr2	100210000	100220000	8.630675478849412	100215000
chr2	100220000	100230000	7.4128440360334125	100225000
chr2	100230000	100240000	6.467121294516915	100235000
chr2	100240000	100250000	9.639539995211079	100245000
chr2	100250000	100260000	10.35863973347799	100255000
chr2	100260000	100270000	11.232750489380724	100265000
chr2	100270000	100280000	8.689936235383964	100275000
chr2	100280000	100290000	7.022736265265534	100285000
chr2	100290000	100300000	7.880000107858485	100295000
chr2	100300000	100310000	6.560027588703755	100305000
chr2	100310000	100320000	6.079563843859057	100315000
chr2	100320000	100330000	6.590126577949025	100325000
chr2	100330000	100340000	6.994288484975637	100335000
chr2	100340000	100350000	6.624758970208626	100345000
chr2	100350000	100360000	5.19836475020163	100355000
chr2	100360000	100370000	7.8557541333904535	100365000
chr2	100370000	100380000	5.885246621991676	100375000
chr2	100380000	100390000	5.115850942866053	100385000
chr2	100390000	100400000	6.778605630787206	100395000
chr2	100400000	100410000	5.2470269657669535	100405000
chr2	100410000	100420000	10.23731221727904	100415000
chr2	100420000	100430000	7.632156195588705	100425000
chr2	100430000	100440000	12.8537874690096	100435000
chr2	100440000	100450000	7.661872354310347	100445000
chr2	100450000	100460000	13.551974388188633	100455000
chr2	100460000	100470000	3.0576111024895467	100465000
chr2	100470000	100480000	2.5205643288975534	100475000
chr2	100480000	100490000	4.379192923069112	100485000
chr2	100490000	100500000	3.6516853436582504	100495000
chr2	100500000	100510000	3.244020276693464	100505000
chr2	100510000	100520000	2.9265596380279986	100515000
chr2	100520000	100530000	3.599159776667106	100525000
chr2	100530000	100540000	3.827268542461901	100535000
chr2	100540000	100550000	8.973948739674306	100545000
chr2	100550000	100560000	3.9176014265877996	100555000
chr2	100560000	100570000	1.945527218233723	100565000
chr2	100570000	100580000	13.041385665801338	100575000
chr2	100580000	100590000	18.090050510716615	100585000
chr2	100590000	100600000	2.468832021817865	100595000
chr2	100600000	100610000	1.6589212404534226	100605000
chr2	100610000	100620000	1.7323886102539392	100615000
chr2	100620000	100630000	2.428421799656439	100625000
chr2	100630000	100640000	2.8142435021167467	100635000
chr2	100640000	100650000	7.306094057954391	100645000
chr2	100650000	100660000	4.032892298210592	100655000
chr2	100660000	100670000	1.2779729546398246	100665000
chr2	100670000	100680000	2.4958244386474098	100675000
chr2	100680000	100690000	4.412760023359895	100685000
chr2	100690000	100700000	3.526472407682755	100695000
chr2	100700000	100710000	5.157577714521883	100705000
chr2	100710000	100720000	4.246788978908031	100715000
chr2	100720000	100730000	3.9102083468828828	100725000
chr2	100730000	100740000	2.281014404179749	100735000
chr2	100740000	100750000	8.77177808038293	100745000
chr2	100750000	100760000	3.158529363931314	100755000
chr2	100760000	100770000	1.004818279474853	100765000
chr2	100770000	100780000	1.392591921887066	100775000
chr2	100780000	100790000	2.108735272678329	100785000
chr2	100790000	100800000	1.5384098996624254	100795000
chr2	100800000	100810000	1.5853518135303262	100805000
chr2	100810000	100820000	3.1580584695958303	100815000
chr2	100820000	100830000	2.733340582272115	100825000
chr2	100830000	100840000	1.784783524224651	100835000
chr2	100840000	100850000	2.873566661984005	100845000
chr2	100850000	100860000	0.9418489868214143	100855000
chr2	100860000	100870000	1.27262978980989	100865000
chr2	100870000	100880000	1.5210468615757773	100875000
chr2	100880000	100890000	1.6280935040129316	100885000
chr2	100890000	100900000	1.3932422570835186	100895000
chr2	100900000	100910000	2.811619074830997	100905000
chr2	100910000	100920000	2.230524113796857	100915000
chr2	100920000	100930000	8.535733076079449	100925000
chr2	100930000	100940000	2.9258880844313113	100935000
chr2	100940000	100950000	2.1993715651810337	100945000
chr2	100950000	100960000	7.022178942194718	100955000
chr2	100960000	100970000	5.531873843937558	100965000
chr2	100970000	100980000	6.963642699090432	100975000
chr2	100980000	100990000	8.1194395955763	100985000
chr2	100990000	101000000	4.48300903145704	100995000
chr2	101000000	101010000	25.629499663434213	101005000
chr2	101010000	101020000	14.795422435351234	101015000
chr2	101020000	101030000	9.310136022263256	101025000
chr2	101030000	101040000	10.548962668104933	101035000
chr2	101040000	101050000	9.072337087785344	101045000
chr2	101050000	101060000	10.91943284561166	101055000
chr2	101060000	101070000	7.609737101971462	101065000
chr2	101070000	101080000	7.9199217880747845	101075000
chr2	101080000	101090000	7.243928989843456	101085000
chr2	101090000	101100000	4.347554951745096	101095000
chr2	101100000	101110000	7.501439619926885	101105000
chr2	101110000	101120000	11.401497807412692	101115000
chr2	101120000	101130000	7.835306006471802	101125000
chr2	101130000	101140000	8.010476331183956	101135000
chr2	101140000	101150000	6.658460531546565	101145000
chr2	101150000	101160000	4.980718597100186	101155000
chr2	101160000	101170000	6.0742110727860945	101165000
chr2	101170000	101180000	7.037322446881764	101175000
chr2	101180000	101190000	4.362987615281278	101185000
chr2	101190000	101200000	8.905587038319949	101195000
chr2	101200000	101210000	15.82523702667059	101205000
chr2	101210000	101220000	5.6201686168783995	101215000
chr2	101220000	101230000	5.3401392847306	101225000
chr2	101230000	101240000	3.49152858316535	101235000
chr2	101240000	101250000	3.641583658141435	101245000
chr2	101250000	101260000	2.499396469556576	101255000
chr2	101260000	101270000	1.7730935074674992	101265000
chr2	101270000	101280000	2.028041468105447	101275000
chr2	101280000	101290000	6.209997382049767	101285000
chr2	101290000	101300000	1.4787219748529994	101295000
chr2	101300000	101310000	1.3379289039098414	101305000
chr2	101310000	101320000	2.0648270977658645	101315000
chr2	101320000	101330000	3.9475462439976345	101325000
chr2	101330000	101340000	3.376119256063883	101335000
chr2	101340000	101350000	12.08123041432891	101345000
chr2	101350000	101360000	8.060089175168837	101355000
chr2	101360000	101370000	3.1637242279935216	101365000
chr2	101370000	101380000	2.9598299706785007	101375000
chr2	101380000	101390000	3.1239218160981386	101385000
chr2	101390000	101400000	7.557871384690719	101395000
chr2	101400000	101410000	7.228666690043631	101405000
chr2	101410000	101420000	7.876905507420384	101415000
chr2	101420000	101430000	7.4624727482984845	101425000
chr2	101430000	101440000	3.7044036647059344	101435000
chr2	101440000	101450000	7.350707154901787	101445000
chr2	101450000	101460000	6.164673728422607	101455000
chr2	101460000	101470000	7.8313860427535165	101465000
chr2	101470000	101480000	4.881268128772033	101475000
chr2	101480000	101490000	6.396433095777697	101485000
chr2	101490000	101500000	7.476319540330641	101495000
chr2	101500000	101510000	6.641144428947643	101505000
chr2	101510000	101520000	5.120193474686747	101515000
chr2	101520000	101530000	6.782107847187688	101525000
chr2	101530000	101540000	10.741469462615006	101535000
chr2	101540000	101550000	7.716099645622596	101545000
chr2	101550000	101560000	7.88688915680698	101555000
chr2	101560000	101570000	5.548344085933556	101565000
chr2	101570000	101580000	6.5593402311386475	101575000
chr2	101580000	101590000	7.527179859656028	101585000
chr2	101590000	101600000	4.874335523115512	101595000
chr2	101600000	101610000	7.343425896218019	101605000
chr2	101610000	101620000	4.1045287541178475	101615000
chr2	101620000	101630000	5.572809875929746	101625000
chr2	101630000	101640000	3.72472855317482	101635000
chr2	101640000	101650000	3.668886597273884	101645000
chr2	101650000	101660000	4.960913549478095	101655000
chr2	101660000	101670000	3.5299512809959035	101665000
chr2	101670000	101680000	2.0085783790213823	101675000
chr2	101680000	101690000	2.970827210519877	101685000
chr2	101690000	101700000	5.167924430854588	101695000
chr2	101700000	101710000	4.931570624042402	101705000
chr2	101710000	101720000	7.333457806918081	101715000
chr2	101720000	101730000	3.7009240252097233	101725000
chr2	101730000	101740000	6.508523397586978	101735000
chr2	101740000	101750000	2.9872053564567116	101745000
chr2	101750000	101760000	4.493608470782156	101755000
chr2	101760000	101770000	2.058701357991209	101765000
chr2	101770000	101780000	1.4407461540350934	101775000
chr2	101780000	101790000	2.186723508276791	101785000
chr2	101790000	101800000	1.1040481961672113	101795000
chr2	101800000	101810000	1.910753659582561	101805000
chr2	101810000	101820000	6.074816195197105	101815000
chr2	101820000	101830000	2.5474412929178785	101825000
chr2	101830000	101840000	5.07777515828022	101835000
chr2	101840000	101850000	4.134962349199981	101845000
chr2	101850000	101860000	4.398443123713902	101855000
chr2	101860000	101870000	4.571961130434098	101865000
chr2	101870000	101880000	7.364457174950604	101875000
chr2	101880000	101890000	6.950070469042748	101885000
chr2	101890000	101900000	9.493225549194532	101895000
chr2	101900000	101910000	6.969622085596681	101905000
chr2	101910000	101920000	9.207788681716469	101915000
chr2	101920000	101930000	8.441323665794965	101925000
chr2	101930000	101940000	7.321751874504607	101935000
chr2	101940000	101950000	8.468114051001123	101945000
chr2	101950000	101960000	6.621814252307528	101955000
chr2	101960000	101970000	4.360797732655858	101965000
chr2	101970000	101980000	4.5792894174116805	101975000
chr2	101980000	101990000	5.685279142510436	101985000
chr2	101990000	102000000	9.39066239608874	101995000
chr2	102000000	102010000	7.844276207624587	102005000
chr2	102010000	102020000	6.082710699290219	102015000
chr2	102020000	102030000	4.586926639464188	102025000
chr2	102030000	102040000	4.692761915436511	102035000
chr2	102040000	102050000	4.733081534811837	102045000
chr2	102050000	102060000	17.903555672573788	102055000
chr2	102060000	102070000	2.2917505148706794	102065000
chr2	102070000	102080000	1.9212917434510386	102075000
chr2	102080000	102090000	3.8159302723685293	102085000
chr2	102090000	102100000	7.125129309440236	102095000
chr2	102100000	102110000	13.280539533081058	102105000
chr2	102110000	102120000	4.950282751859162	102115000
chr2	102120000	102130000	2.8502047394113936	102125000
chr2	102130000	102140000	2.487658314431896	102135000
chr2	102140000	102150000	6.2153219466955285	102145000
chr2	102150000	102160000	4.087861441966368	102155000
chr2	102160000	102170000	1.2851597057522803	102165000
chr2	102170000	102180000	7.813291015931163	102175000
chr2	102180000	102190000	6.888640071876665	102185000
chr2	102190000	102200000	1.2884982614398157	102195000
chr2	102200000	102210000	1.6454175531515725	102205000
chr2	102210000	102220000	4.366008077124346	102215000
chr2	102220000	102230000	0.9556832446715366	102225000
chr2	102230000	102240000	2.2538019949930326	102235000
chr2	102240000	102250000	7.146325252950389	102245000
chr2	102250000	102260000	4.167377032448862	102255000
chr2	102260000	102270000	9.175545280017564	102265000
chr2	102270000	102280000	10.673888016588831	102275000
chr2	102280000	102290000	6.61611622083904	102285000
chr2	102290000	102300000	8.940326594231129	102295000
chr2	102300000	102310000	4.818921031866552	102305000
chr2	102310000	102320000	2.707456807980522	102315000
chr2	102320000	102330000	2.6873861278588045	102325000
chr2	102330000	102340000	1.6122280304823016	102335000
chr2	102340000	102350000	2.0452238163877636	102345000
chr2	102350000	102360000	2.03841442979032	102355000
chr2	102360000	102370000	1.0899492421942514	102365000
chr2	102370000	102380000	0.49081335554234923	102375000
chr2	102380000	102390000	5.274080131384525	102385000
chr2	102390000	102400000	3.8794986721314104	102395000
chr2	102400000	102410000	8.159660549453447	102405000
chr2	102410000	102420000	3.81942190122988	102415000
chr2	102420000	102430000	4.235752524314073	102425000
chr2	102430000	102440000	5.184258065796207	102435000
chr2	102440000	102450000	2.103746577452441	102445000
chr2	102450000	102460000	1.896060525139644	102455000
chr2	102460000	102470000	2.8065118166280896	102465000
chr2	102470000	102480000	2.1213872322258758	102475000
chr2	102480000	102490000	8.082712290699531	102485000
chr2	102490000	102500000	2.2775268213295954	102495000
chr2	102500000	102510000	2.6287113655937704	102505000
chr2	102510000	102520000	2.3813857537421925	102515000
chr2	102520000	102530000	1.642176109590598	102525000
chr2	102530000	102540000	2.1245181219348552	102535000
chr2	102540000	102550000	2.3802875725696526	102545000
chr2	102550000	102560000	3.2998599724195534	102555000
chr2	102560000	102570000	2.291236679698848	102565000
chr2	102570000	102580000	3.1226743983326113	102575000
chr2	102580000	102590000	9.93230470048122	102585000
chr2	102590000	102600000	13.804467383552941	102595000
chr2	102600000	102610000	5.318623009795294	102605000
chr2	102610000	102620000	2.214316770800657	102615000
chr2	102620000	102630000	7.005396386141311	102625000
chr2	102630000	102640000	1.5344959782862582	102635000
chr2	102640000	102650000	1.171328474665433	102645000
chr2	102650000	102660000	2.6753355476145058	102655000
chr2	102660000	102670000	2.2573568666471187	102665000
chr2	102670000	102680000	2.6511410804294937	102675000
chr2	102680000	102690000	3.6675863702027174	102685000
chr2	102690000	102700000	3.246055071787361	102695000
chr2	102700000	102710000	5.609114026461002	102705000
chr2	102710000	102720000	2.9278957020815772	102715000
chr2	102720000	102730000	4.454187615202579	102725000
chr2	102730000	102740000	5.549373604592608	102735000
chr2	102740000	102750000	5.396389590099183	102745000
chr2	102750000	102760000	4.126160400886564	102755000
chr2	102760000	102770000	2.7281319699707804	102765000
chr2	102770000	102780000	4.328639069219372	102775000
chr2	102780000	102790000	5.1207808932075976	102785000
chr2	102790000	102800000	5.109562475793672	102795000
chr2	102800000	102810000	4.064523002196641	102805000
chr2	102810000	102820000	3.0554707219595616	102815000
chr2	102820000	102830000	2.27557222462392	102825000
chr2	102830000	102840000	4.533255160177943	102835000
chr2	102840000	102850000	4.727932153049858	102845000
chr2	102850000	102860000	3.519066539507646	102855000
chr2	102860000	102870000	2.9725634122982902	102865000
chr2	102870000	102880000	4.701535970262031	102875000
chr2	102880000	102890000	3.2832948110163684	102885000
chr2	102890000	102900000	3.0382847901624648	102895000
chr2	102900000	102910000	4.2237450138608175	102905000
chr2	102910000	102920000	3.34611666567812	102915000
chr2	102920000	102930000	6.23021390810629	102925000
chr2	102930000	102940000	3.5687165307276856	102935000
chr2	102940000	102950000	2.5908464448354116	102945000
chr2	102950000	102960000	2.0121850491089743	102955000
chr2	102960000	102970000	3.302167531504248	102965000
chr2	102970000	102980000	6.015238187469105	102975000
chr2	102980000	102990000	2.3395119420445925	102985000
chr2	102990000	103000000	3.3175978068405603	102995000
chr2	103000000	103010000	3.1737718756156554	103005000
chr2	103010000	103020000	5.32344184797152	103015000
chr2	103020000	103030000	3.7123058875703716	103025000
chr2	103030000	103040000	3.431904732819347	103035000
chr2	103040000	103050000	4.127978403982551	103045000
chr2	103050000	103060000	2.8992612929931947	103055000
chr2	103060000	103070000	3.2143892824502083	103065000
chr2	103070000	103080000	1.3027406080920725	103075000
chr2	103080000	103090000	2.2645373160284548	103085000
chr2	103090000	103100000	3.4283221180929155	103095000
chr2	103100000	103110000	3.550276641275361	103105000
chr2	103110000	103120000	3.7961598312437	103115000
chr2	103120000	103130000	3.3692213613151614	103125000
chr2	103130000	103140000	1.2435456198245491	103135000
chr2	103140000	103150000	2.5010118235410617	103145000
chr2	103150000	103160000	3.7539522911261374	103155000
chr2	103160000	103170000	4.675305934212564	103165000
chr2	103170000	103180000	2.2725020863755567	103175000
chr2	103180000	103190000	2.7212026870646255	103185000
chr2	103190000	103200000	3.6222177710921355	103195000
chr2	103200000	103210000	6.150645071255298	103205000
chr2	103210000	103220000	5.218327112106831	103215000
chr2	103220000	103230000	13.261110006669524	103225000
chr2	103230000	103240000	8.400372830251792	103235000
chr2	103240000	103250000	3.0362637930345113	103245000
chr2	103250000	103260000	3.8260323593011174	103255000
chr2	103260000	103270000	4.2851986442117	103265000
chr2	103270000	103280000	4.2163626370119855	103275000
chr2	103280000	103290000	2.7986988939552893	103285000
chr2	103290000	103300000	0.9070608114718821	103295000
chr2	103300000	103310000	3.104386156191035	103305000
chr2	103310000	103320000	3.43479443840308	103315000
chr2	103320000	103330000	4.358377804915599	103325000
chr2	103330000	103340000	5.840448063101327	103335000
chr2	103340000	103350000	2.0613529869547675	103345000
chr2	103350000	103360000	3.5782582546933392	103355000
chr2	103360000	103370000	3.1519053312925847	103365000
chr2	103370000	103380000	5.10900963830029	103375000
chr2	103380000	103390000	7.438362685118791	103385000
chr2	103390000	103400000	6.079133424936422	103395000
chr2	103400000	103410000	6.920497466628305	103405000
chr2	103410000	103420000	5.489090590916882	103415000
chr2	103420000	103430000	3.609161304324374	103425000
chr2	103430000	103440000	2.9750497397230053	103435000
chr2	103440000	103450000	4.783124918976911	103445000
chr2	103450000	103460000	1.8826897553445812	103455000
chr2	103460000	103470000	2.16544034009241	103465000
chr2	103470000	103480000	0.8057103418712894	103475000
chr2	103480000	103490000	5.012340665918867	103485000
chr2	103490000	103500000	3.6166490225739145	103495000
chr2	103500000	103510000	3.5486587985495235	103505000
chr2	103510000	103520000	2.697873553985481	103515000
chr2	103520000	103530000	2.418079125959105	103525000
chr2	103530000	103540000	2.1315910880189675	103535000
chr2	103540000	103550000	2.6745866409719636	103545000
chr2	103550000	103560000	1.5923289136819556	103555000
chr2	103560000	103570000	3.7763743392086133	103565000
chr2	103570000	103580000	2.556393058348479	103575000
chr2	103580000	103590000	3.628502063356858	103585000
chr2	103590000	103600000	4.883780786858752	103595000
chr2	103600000	103610000	5.224019429592617	103605000
chr2	103610000	103620000	7.872816234587369	103615000
chr2	103620000	103630000	2.9207950110114727	103625000
chr2	103630000	103640000	3.6278629811700442	103635000
chr2	103640000	103650000	3.177201611182801	103645000
chr2	103650000	103660000	8.108731745021734	103655000
chr2	103660000	103670000	7.608233725058054	103665000
chr2	103670000	103680000	12.199888381542028	103675000
chr2	103680000	103690000	4.510530606339398	103685000
chr2	103690000	103700000	4.193795932419394	103695000
chr2	103700000	103710000	5.8292084256251036	103705000
chr2	103710000	103720000	3.179727744621835	103715000
chr2	103720000	103730000	7.036160405317955	103725000
chr2	103730000	103740000	2.512214150868075	103735000
chr2	103740000	103750000	2.1310969873136494	103745000
chr2	103750000	103760000	6.590629210454457	103755000
chr2	103760000	103770000	4.9424177425376525	103765000
chr2	103770000	103780000	3.2594032275947997	103775000
chr2	103780000	103790000	4.115906135823553	103785000
chr2	103790000	103800000	2.483855212103593	103795000
chr2	103800000	103810000	8.452832363952279	103805000
chr2	103810000	103820000	5.1251798193623275	103815000
chr2	103820000	103830000	4.966907271078023	103825000
chr2	103830000	103840000	5.029290077041493	103835000
chr2	103840000	103850000	4.525129200541888	103845000
chr2	103850000	103860000	5.475785249553665	103855000
chr2	103860000	103870000	6.546126679162976	103865000
chr2	103870000	103880000	8.27802237904943	103875000
chr2	103880000	103890000	2.9276797462599315	103885000
chr2	103890000	103900000	3.75919320214282	103895000
chr2	103900000	103910000	6.279386569626132	103905000
chr2	103910000	103920000	3.6393079688988044	103915000
chr2	103920000	103930000	4.191243529192551	103925000
chr2	103930000	103940000	4.765230292344189	103935000
chr2	103940000	103950000	4.764043098214536	103945000
chr2	103950000	103960000	2.2134725339693	103955000
chr2	103960000	103970000	2.909411716718279	103965000
chr2	103970000	103980000	3.481813690837948	103975000
chr2	103980000	103990000	5.599480588418961	103985000
chr2	103990000	104000000	5.131196301773362	103995000
chr2	104000000	104010000	7.013727753471656	104005000
chr2	104010000	104020000	6.295443742832177	104015000
chr2	104020000	104030000	2.702677248344507	104025000
chr2	104030000	104040000	5.4217074703762815	104035000
chr2	104040000	104050000	3.335989359228334	104045000
chr2	104050000	104060000	5.799064588869166	104055000
chr2	104060000	104070000	4.165296057001883	104065000
chr2	104070000	104080000	3.6087807179938975	104075000
chr2	104080000	104090000	3.394257979117112	104085000
chr2	104090000	104100000	2.35543551757424	104095000
chr2	104100000	104110000	1.3746936537054095	104105000
chr2	104110000	104120000	2.1817164251509515	104115000
chr2	104120000	104130000	3.9118011653318576	104125000
chr2	104130000	104140000	6.886429920149103	104135000
chr2	104140000	104150000	4.011144805926604	104145000
chr2	104150000	104160000	3.9854874821425152	104155000
chr2	104160000	104170000	4.381797223412224	104165000
chr2	104170000	104180000	3.232410050536244	104175000
chr2	104180000	104190000	3.9780559620324363	104185000
chr2	104190000	104200000	4.963685074352499	104195000
chr2	104200000	104210000	3.9611910443083485	104205000
chr2	104210000	104220000	3.4226653731632117	104215000
chr2	104220000	104230000	4.614410879479203	104225000
chr2	104230000	104240000	4.074856744523683	104235000
chr2	104240000	104250000	3.1986539679456607	104245000
chr2	104250000	104260000	3.296071923377895	104255000
chr2	104260000	104270000	5.924093007574409	104265000
chr2	104270000	104280000	5.025651385168695	104275000
chr2	104280000	104290000	2.8218168653811775	104285000
chr2	104290000	104300000	6.04604371767246	104295000
chr2	104300000	104310000	13.68246950455271	104305000
chr2	104310000	104320000	6.243313539210687	104315000
chr2	104320000	104330000	3.7587044066836386	104325000
chr2	104330000	104340000	4.4553008586311815	104335000
chr2	104340000	104350000	4.49136776242185	104345000
chr2	104350000	104360000	3.754468290966428	104355000
chr2	104360000	104370000	1.9982589825698627	104365000
chr2	104370000	104380000	2.5221955533693974	104375000
chr2	104380000	104390000	5.6845060947415105	104385000
chr2	104390000	104400000	7.147088407980556	104395000
chr2	104400000	104410000	5.453647953957972	104405000
chr2	104410000	104420000	6.7007462665253685	104415000
chr2	104420000	104430000	9.606585548123453	104425000
chr2	104430000	104440000	6.009968834127934	104435000
chr2	104440000	104450000	10.831783560596044	104445000
chr2	104450000	104460000	6.287831004517577	104455000
chr2	104460000	104470000	11.970184774852205	104465000
chr2	104470000	104480000	5.905531947483561	104475000
chr2	104480000	104490000	8.038453586076466	104485000
chr2	104490000	104500000	5.585559747326034	104495000
chr2	104500000	104510000	8.094423334866168	104505000
chr2	104510000	104520000	7.698007283631815	104515000
chr2	104520000	104530000	5.318183345937541	104525000
chr2	104530000	104540000	7.844508007499209	104535000
chr2	104540000	104550000	10.426547534178711	104545000
chr2	104550000	104560000	7.7907441123585635	104555000
chr2	104560000	104570000	3.00332827644238	104565000
chr2	104570000	104580000	2.2153798661102266	104575000
chr2	104580000	104590000	15.87969171323099	104585000
chr2	104590000	104600000	1.6770634033659835	104595000
chr2	104600000	104610000	2.1833775661917625	104605000
chr2	104610000	104620000	1.2944761326050498	104615000
chr2	104620000	104630000	5.753854897878571	104625000
chr2	104630000	104640000	8.252394308660277	104635000
chr2	104640000	104650000	4.884462816812245	104645000
chr2	104650000	104660000	1.7728642844115174	104655000
chr2	104660000	104670000	2.717300911082239	104665000
chr2	104670000	104680000	4.4352135815379805	104675000
chr2	104680000	104690000	4.389578779060871	104685000
chr2	104690000	104700000	12.267197903571992	104695000
chr2	104700000	104710000	4.911946247651096	104705000
chr2	104710000	104720000	4.0428739701566085	104715000
chr2	104720000	104730000	7.026719820412775	104725000
chr2	104730000	104740000	6.501707820107477	104735000
chr2	104740000	104750000	9.222004569523982	104745000
chr2	104750000	104760000	18.390084340496575	104755000
chr2	104760000	104770000	13.450515935354405	104765000
chr2	104770000	104780000	5.981040051466134	104775000
chr2	104780000	104790000	8.74419071960061	104785000
chr2	104790000	104800000	6.010639268700725	104795000
chr2	104800000	104810000	5.482533226257753	104805000
chr2	104810000	104820000	6.2935400936044115	104815000
chr2	104820000	104830000	11.272829556301161	104825000
chr2	104830000	104840000	7.479107453731723	104835000
chr2	104840000	104850000	14.077147852339658	104845000
chr2	104850000	104860000	7.5460642115425465	104855000
chr2	104860000	104870000	3.7668445169872573	104865000
chr2	104870000	104880000	3.860988614377912	104875000
chr2	104880000	104890000	4.82987758563926	104885000
chr2	104890000	104900000	4.283542400948585	104895000
chr2	104900000	104910000	3.623361125410772	104905000
chr2	104910000	104920000	4.869702869327173	104915000
chr2	104920000	104930000	4.506303966315174	104925000
chr2	104930000	104940000	4.708481353577266	104935000
chr2	104940000	104950000	4.893668684588376	104945000
chr2	104950000	104960000	4.440420564008863	104955000
chr2	104960000	104970000	4.5944805132618205	104965000
chr2	104970000	104980000	4.4597747814863595	104975000
chr2	104980000	104990000	4.8376576683754395	104985000
chr2	104990000	105000000	5.532637546859926	104995000
chr2	105000000	105010000	3.5547683236147436	105005000
chr2	105010000	105020000	2.070814193446743	105015000
chr2	105020000	105030000	5.894991323225312	105025000
chr2	105030000	105040000	6.193518664047312	105035000
chr2	105040000	105050000	4.1331739383362445	105045000
chr2	105050000	105060000	2.4677532386325978	105055000
chr2	105060000	105070000	7.222677618814222	105065000
chr2	105070000	105080000	4.330778555461342	105075000
chr2	105080000	105090000	3.003918384877865	105085000
chr2	105090000	105100000	4.097811739829355	105095000
chr2	105100000	105110000	1.8806812335304894	105105000
chr2	105110000	105120000	1.8021278739891702	105115000
chr2	105120000	105130000	4.826351051059178	105125000
chr2	105130000	105140000	4.148054337101313	105135000
chr2	105140000	105150000	3.409569679091813	105145000
chr2	105150000	105160000	2.8062599239711847	105155000
chr2	105160000	105170000	3.877119838019071	105165000
chr2	105170000	105180000	3.245277524456922	105175000
chr2	105180000	105190000	3.2670396964201487	105185000
chr2	105190000	105200000	2.5191737979903284	105195000
chr2	105200000	105210000	2.797305358707663	105205000
chr2	105210000	105220000	2.6036365381710693	105215000
chr2	105220000	105230000	2.8588920793278283	105225000
chr2	105230000	105240000	3.2411774239613393	105235000
chr2	105240000	105250000	3.0670737052195074	105245000
chr2	105250000	105260000	3.0509433044096306	105255000
chr2	105260000	105270000	3.056246158002538	105265000
chr2	105270000	105280000	6.717595544279085	105275000
chr2	105280000	105290000	3.4789897623809325	105285000
chr2	105290000	105300000	2.398262504945961	105295000
chr2	105300000	105310000	5.393979101592502	105305000
chr2	105310000	105320000	3.5632370751823093	105315000
chr2	105320000	105330000	3.8046719539194522	105325000
chr2	105330000	105340000	5.562630879685336	105335000
chr2	105340000	105350000	2.8821989788672453	105345000
chr2	105350000	105360000	2.6828393656253136	105355000
chr2	105360000	105370000	1.3078573088397236	105365000
chr2	105370000	105380000	1.535315429769663	105375000
chr2	105380000	105390000	2.53607861519587	105385000
chr2	105390000	105400000	3.0490992307212195	105395000
chr2	105400000	105410000	3.640431190070228	105405000
chr2	105410000	105420000	2.3277388807520247	105415000
chr2	105420000	105430000	4.220535470082888	105425000
chr2	105430000	105440000	3.117123270559775	105435000
chr2	105440000	105450000	3.744664711349615	105445000
chr2	105450000	105460000	6.640344589429684	105455000
chr2	105460000	105470000	6.775196203619385	105465000
chr2	105470000	105480000	4.329897162556404	105475000
chr2	105480000	105490000	3.1761993361675134	105485000
chr2	105490000	105500000	4.784364192213253	105495000
chr2	105500000	105510000	7.713463412636459	105505000
chr2	105510000	105520000	5.082274833157142	105515000
chr2	105520000	105530000	7.013141215434037	105525000
chr2	105530000	105540000	5.368270718492496	105535000
chr2	105540000	105550000	9.219775209546777	105545000
chr2	105550000	105560000	5.960314529875945	105555000
chr2	105560000	105570000	7.512919160855044	105565000
chr2	105570000	105580000	7.629424174983518	105575000
chr2	105580000	105590000	5.079621930260382	105585000
chr2	105590000	105600000	3.6504936092649087	105595000
chr2	105600000	105610000	6.790370741503087	105605000
chr2	105610000	105620000	2.9837694870445137	105615000
chr2	105620000	105630000	5.549870676354767	105625000
chr2	105630000	105640000	3.604461552047463	105635000
chr2	105640000	105650000	7.080928375481515	105645000
chr2	105650000	105660000	5.076644709850079	105655000
chr2	105660000	105670000	3.4765079843058877	105665000
chr2	105670000	105680000	6.4281930707463335	105675000
chr2	105680000	105690000	8.163096623006313	105685000
chr2	105690000	105700000	15.852091609938348	105695000
chr2	105700000	105710000	9.168454435966968	105705000
chr2	105710000	105720000	8.894587611984527	105715000
chr2	105720000	105730000	9.29871520585605	105725000
chr2	105730000	105740000	8.549552556310259	105735000
chr2	105740000	105750000	11.346354264643761	105745000
chr2	105750000	105760000	7.964988510030164	105755000
chr2	105760000	105770000	4.357290843481127	105765000
chr2	105770000	105780000	5.983984063650292	105775000
chr2	105780000	105790000	6.784683922506048	105785000
chr2	105790000	105800000	6.894325300240832	105795000
chr2	105800000	105810000	4.7839737219787555	105805000
chr2	105810000	105820000	8.742375655354543	105815000
chr2	105820000	105830000	5.357794366652043	105825000
chr2	105830000	105840000	5.890007647295781	105835000
chr2	105840000	105850000	6.678027247807802	105845000
chr2	105850000	105860000	3.8915964419449027	105855000
chr2	105860000	105870000	8.088242470328037	105865000
chr2	105870000	105880000	8.683283933717329	105875000
chr2	105880000	105890000	7.921597627312642	105885000
chr2	105890000	105900000	14.741072189335254	105895000
chr2	105900000	105910000	9.246000035830413	105905000
chr2	105910000	105920000	12.673643993415203	105915000
chr2	105920000	105930000	14.580075060517814	105925000
chr2	105930000	105940000	8.447380142489433	105935000
chr2	105940000	105950000	7.282656948932012	105945000
chr2	105950000	105960000	6.612857850935002	105955000
chr2	105960000	105970000	2.992636326790861	105965000
chr2	105970000	105980000	4.0908134589990235	105975000
chr2	105980000	105990000	6.338895412425087	105985000
chr2	105990000	106000000	5.935170529160884	105995000
chr2	106000000	106010000	5.9768069317334245	106005000
chr2	106010000	106020000	7.934350462062548	106015000
chr2	106020000	106030000	7.753650128029847	106025000
chr2	106030000	106040000	5.368741580434298	106035000
chr2	106040000	106050000	8.172292718294452	106045000
chr2	106050000	106060000	7.178819365109221	106055000
chr2	106060000	106070000	5.190495247163403	106065000
chr2	106070000	106080000	11.084151564769913	106075000
chr2	106080000	106090000	5.116919600379863	106085000
chr2	106090000	106100000	33.42387028267631	106095000
chr2	106100000	106110000	8.562290979416346	106105000
chr2	106110000	106120000	5.5885560518537165	106115000
chr2	106120000	106130000	3.26371685133218	106125000
chr2	106130000	106140000	4.296413530766111	106135000
chr2	106140000	106150000	11.792594780404478	106145000
chr2	106150000	106160000	3.5988858494129143	106155000
chr2	106160000	106170000	1.9654637966304755	106165000
chr2	106170000	106180000	2.683878910361063	106175000
chr2	106180000	106190000	4.660376270414256	106185000
chr2	106190000	106200000	7.592503640003058	106195000
chr2	106200000	106210000	5.773063059022183	106205000
chr2	106210000	106220000	9.10835361107014	106215000
chr2	106220000	106230000	12.75661612346997	106225000
chr2	106230000	106240000	10.314181665938591	106235000
chr2	106240000	106250000	15.001638217374284	106245000
chr2	106250000	106260000	8.876539680742471	106255000
chr2	106260000	106270000	7.6052429149485095	106265000
chr2	106270000	106280000	7.770598932696094	106275000
chr2	106280000	106290000	10.384216755055757	106285000
chr2	106290000	106300000	8.39291696082637	106295000
chr2	106300000	106310000	9.907676704468392	106305000
chr2	106310000	106320000	13.573501939902005	106315000
chr2	106320000	106330000	8.4267033474425	106325000
chr2	106330000	106340000	4.495306213889924	106335000
chr2	106340000	106350000	4.252280401760868	106345000
chr2	106350000	106360000	4.603762552520253	106355000
chr2	106360000	106370000	7.186649575888667	106365000
chr2	106370000	106380000	10.669449286984051	106375000
chr2	106380000	106390000	4.878672535270042	106385000
chr2	106390000	106400000	4.825367133317775	106395000
chr2	106400000	106410000	8.75352431859881	106405000
chr2	106410000	106420000	12.548375777296412	106415000
chr2	106420000	106430000	9.851438933824761	106425000
chr2	106430000	106440000	12.963927649221858	106435000
chr2	106440000	106450000	7.4024802369266185	106445000
chr2	106450000	106460000	9.248170467340763	106455000
chr2	106460000	106470000	8.258995030906586	106465000
chr2	106470000	106480000	4.956887339580067	106475000
chr2	106480000	106490000	11.4124436219748	106485000
chr2	106490000	106500000	14.616936778114104	106495000
chr2	106500000	106510000	7.814478371229825	106505000
chr2	106510000	106520000	5.334280565882808	106515000
chr2	106520000	106530000	8.646803995872263	106525000
chr2	106530000	106540000	3.522377284059028	106535000
chr2	106540000	106550000	6.223351165855566	106545000
chr2	106550000	106560000	3.990635784920663	106555000
chr2	106560000	106570000	4.78801957206764	106565000
chr2	106570000	106580000	4.532683693823838	106575000
chr2	106580000	106590000	4.6781220861532	106585000
chr2	106590000	106600000	5.091067202139177	106595000
chr2	106600000	106610000	3.2003125676842297	106605000
chr2	106610000	106620000	4.889925995904631	106615000
chr2	106620000	106630000	3.5518926264853827	106625000
chr2	106630000	106640000	4.033383584818574	106635000
chr2	106640000	106650000	4.768175760774515	106645000
chr2	106650000	106660000	2.376591733232038	106655000
chr2	106660000	106670000	3.828660989223706	106665000
chr2	106670000	106680000	1.8470715305417684	106675000
chr2	106680000	106690000	1.1269151108025124	106685000
chr2	106690000	106700000	2.7238165235861884	106695000
chr2	106700000	106710000	1.72131654968766	106705000
chr2	106710000	106720000	3.446775995169296	106715000
chr2	106720000	106730000	2.5879469464569596	106725000
chr2	106730000	106740000	3.935959031979438	106735000
chr2	106740000	106750000	1.921986897525633	106745000
chr2	106750000	106760000	2.9472073501946907	106755000
chr2	106760000	106770000	15.594490450499785	106765000
chr2	106770000	106780000	5.760876761519157	106775000
chr2	106780000	106790000	8.8580930027732	106785000
chr2	106790000	106800000	14.244325710584965	106795000
chr2	106800000	106810000	8.87753096063436	106805000
chr2	106810000	106820000	3.868999742608167	106815000
chr2	106820000	106830000	4.324068070536736	106825000
chr2	106830000	106840000	12.069287757806968	106835000
chr2	106840000	106850000	17.78006967527973	106845000
chr2	106850000	106860000	19.10641440916655	106855000
chr2	106860000	106870000	8.82116278297185	106865000
chr2	106870000	106880000	15.89709612308905	106875000
chr2	106880000	106890000	9.541914699728187	106885000
chr2	106890000	106900000	6.545669665221929	106895000
chr2	106900000	106910000	22.102405683758782	106905000
chr2	106910000	106920000	8.202711750498434	106915000
chr2	106920000	106930000	6.596493096427278	106925000
chr2	106930000	106940000	15.826653374675121	106935000
chr2	106940000	106950000	7.5969878681380925	106945000
chr2	106950000	106960000	9.749727497257442	106955000
chr2	106960000	106970000	11.645324979347683	106965000
chr2	106970000	106980000	24.821143079837594	106975000
chr2	106980000	106990000	13.088897531660884	106985000
chr2	106990000	107000000	9.51718191545803	106995000
chr2	107000000	107010000	10.527807233878086	107005000
chr2	107010000	107020000	9.53271854711706	107015000
chr2	107020000	107030000	7.944004410507567	107025000
chr2	107030000	107040000	8.068068911981035	107035000
chr2	107040000	107050000	11.330713853434714	107045000
chr2	107050000	107060000	11.452058608280373	107055000
chr2	107060000	107070000	5.010418733757978	107065000
chr2	107070000	107080000	5.466368522857966	107075000
chr2	107080000	107090000	4.61023898816794	107085000
chr2	107090000	107100000	14.836948104245993	107095000
chr2	107100000	107110000	5.7672512994261185	107105000
chr2	107110000	107120000	8.14945355789945	107115000
chr2	107120000	107130000	5.458229132174408	107125000
chr2	107130000	107140000	2.5034010679296212	107135000
chr2	107140000	107150000	2.0688709051578127	107145000
chr2	107150000	107160000	2.150889955311449	107155000
chr2	107160000	107170000	3.084986850368406	107165000
chr2	107170000	107180000	3.370208820660254	107175000
chr2	107180000	107190000	20.134909232288717	107185000
chr2	107190000	107200000	5.872866732354524	107195000
chr2	107200000	107210000	6.366839339074806	107205000
chr2	107210000	107220000	10.088656064689522	107215000
chr2	107220000	107230000	19.393854450855144	107225000
chr2	107230000	107240000	12.32874188411056	107235000
chr2	107240000	107250000	14.86484530312596	107245000
chr2	107250000	107260000	10.402073217782238	107255000
chr2	107260000	107270000	15.41892993484224	107265000
chr2	107270000	107280000	15.710215452899025	107275000
chr2	107280000	107290000	15.363353550953526	107285000
chr2	107290000	107300000	11.482274948638317	107295000
chr2	107300000	107310000	17.71390628064311	107305000
chr2	107310000	107320000	13.331135389729505	107315000
chr2	107320000	107330000	16.528469736934674	107325000
chr2	107330000	107340000	18.26395121105804	107335000
chr2	107340000	107350000	15.154653183323678	107345000
chr2	107350000	107360000	20.403251621127616	107355000
chr2	107360000	107370000	12.686181024127121	107365000
chr2	107370000	107380000	9.474429709454345	107375000
chr2	107380000	107390000	22.029243441129434	107385000
chr2	107390000	107400000	11.258860638548045	107395000
chr2	107400000	107410000	13.737521381670302	107405000
chr2	107410000	107420000	16.35530546152306	107415000
chr2	107420000	107430000	18.36163381358579	107425000
chr2	107430000	107440000	19.406324181772124	107435000
chr2	107440000	107450000	17.373512781754442	107445000
chr2	107450000	107460000	22.31469858511969	107455000
chr2	107460000	107470000	16.415483266000816	107465000
chr2	107470000	107480000	25.064493744359762	107475000
chr2	107480000	107490000	12.055721737671487	107485000
chr2	107490000	107500000	14.764537771573387	107495000
chr2	107500000	107510000	14.035055143807387	107505000
chr2	107510000	107520000	25.90701278964012	107515000
chr2	107520000	107530000	20.165726081625202	107525000
chr2	107530000	107540000	13.71354246362606	107535000
chr2	107540000	107550000	9.091882097792196	107545000
chr2	107550000	107560000	20.02980356103015	107555000
chr2	107560000	107570000	14.015268871370736	107565000
chr2	107570000	107580000	23.103072355578412	107575000
chr2	107580000	107590000	19.89247842231032	107585000
chr2	107590000	107600000	25.064396151830614	107595000
chr2	107600000	107610000	15.920698862279343	107605000
chr2	107610000	107620000	17.856990272442665	107615000
chr2	107620000	107630000	21.864732293476873	107625000
chr2	107630000	107640000	49.89319244011489	107635000
chr2	107640000	107650000	25.05678252727464	107645000
chr2	107650000	107660000	28.64577778012397	107655000
chr2	107660000	107670000	18.330582040680056	107665000
chr2	107670000	107680000	24.366332261968413	107675000
chr2	107680000	107690000	13.329185237836887	107685000
chr2	107690000	107700000	19.59496404880089	107695000
chr2	107700000	107710000	23.52523955330851	107705000
chr2	107710000	107720000	24.266226736245002	107715000
chr2	107720000	107730000	18.805882791351554	107725000
chr2	107730000	107740000	20.967098585761864	107735000
chr2	107740000	107750000	23.887130636196257	107745000
chr2	107750000	107760000	22.69498274271331	107755000
chr2	107760000	107770000	20.3980919017271	107765000
chr2	107770000	107780000	23.189437857323725	107775000
chr2	107780000	107790000	21.147457151645096	107785000
chr2	107790000	107800000	21.975656902747115	107795000
chr2	107800000	107810000	21.652015905714006	107805000
chr2	107810000	107820000	24.789135337966343	107815000
chr2	107820000	107830000	49.7035934016423	107825000
chr2	107830000	107840000	39.73119081519082	107835000
chr2	107840000	107850000	31.099318602242267	107845000
chr2	107850000	107860000	26.606244556052513	107855000
chr2	107860000	107870000	19.35805209640444	107865000
chr2	107870000	107880000	10.636111624814484	107875000
chr2	107880000	107890000	10.059753306817507	107885000
chr2	107890000	107900000	8.431327172445556	107895000
chr2	107900000	107910000	4.932592343241514	107905000
chr2	107910000	107920000	4.380385230784606	107915000
chr2	107920000	107930000	4.752600654737552	107925000
chr2	107930000	107940000	3.744252226108587	107935000
chr2	107940000	107950000	4.615992010703414	107945000
chr2	107950000	107960000	9.325007920501807	107955000
chr2	107960000	107970000	16.504937046840627	107965000
chr2	107970000	107980000	13.916858174387533	107975000
chr2	107980000	107990000	24.67239958129291	107985000
chr2	107990000	108000000	10.772653030190662	107995000
chr2	108000000	108010000	4.6590275293170365	108005000
chr2	108010000	108020000	12.922010943180558	108015000
chr2	108020000	108030000	31.60238500219242	108025000
chr2	108030000	108040000	17.29941825405377	108035000
chr2	108040000	108050000	13.229434020963408	108045000
chr2	108050000	108060000	14.601278684195062	108055000
chr2	108060000	108070000	12.641751348823965	108065000
chr2	108070000	108080000	16.740121349619294	108075000
chr2	108080000	108090000	5.680901571129356	108085000
chr2	108090000	108100000	5.159764300512827	108095000
chr2	108100000	108110000	5.587447172275653	108105000
chr2	108110000	108120000	4.4942339365255854	108115000
chr2	108120000	108130000	2.0191974855102086	108125000
chr2	108130000	108140000	3.2134462863828324	108135000
chr2	108140000	108150000	4.124991029872964	108145000
chr2	108150000	108160000	3.61278426764984	108155000
chr2	108160000	108170000	4.338090046956736	108165000
chr2	108170000	108180000	11.19777728702111	108175000
chr2	108180000	108190000	16.34923453814597	108185000
chr2	108190000	108200000	20.903239566271044	108195000
chr2	108200000	108210000	9.351154605893676	108205000
chr2	108210000	108220000	13.240560427530733	108215000
chr2	108220000	108230000	5.614325182448553	108225000
chr2	108230000	108240000	11.739259459694415	108235000
chr2	108240000	108250000	17.580367751901335	108245000
chr2	108250000	108260000	22.238021472310592	108255000
chr2	108260000	108270000	19.11399615768227	108265000
chr2	108270000	108280000	15.776880089009861	108275000
chr2	108280000	108290000	11.313659371264203	108285000
chr2	108290000	108300000	12.00363881416373	108295000
chr2	108300000	108310000	8.177158824596855	108305000
chr2	108310000	108320000	4.423600233163864	108315000
chr2	108320000	108330000	8.436702368781186	108325000
chr2	108330000	108340000	11.550009575772446	108335000
chr2	108340000	108350000	11.646479010528598	108345000
chr2	108350000	108360000	9.371553216654595	108355000
chr2	108360000	108370000	9.582730252602692	108365000
chr2	108370000	108380000	5.181616730576852	108375000
chr2	108380000	108390000	13.837479619741544	108385000
chr2	108390000	108400000	12.489388291920722	108395000
chr2	108400000	108410000	19.064121608880686	108405000
chr2	108410000	108420000	12.627157895030662	108415000
chr2	108420000	108430000	11.4539826410542	108425000
chr2	108430000	108440000	16.497044716521142	108435000
chr2	108440000	108450000	14.456830579063839	108445000
chr2	108450000	108460000	17.285271593162477	108455000
chr2	108460000	108470000	16.431008290927608	108465000
chr2	108470000	108480000	18.446471717713667	108475000
chr2	108480000	108490000	16.531571462288053	108485000
chr2	108490000	108500000	18.4155477454587	108495000
chr2	108500000	108510000	17.374696408229312	108505000
chr2	108510000	108520000	17.630484741744574	108515000
chr2	108520000	108530000	20.279798165621695	108525000
chr2	108530000	108540000	19.238329375088416	108535000
chr2	108540000	108550000	17.885567371907094	108545000
chr2	108550000	108560000	9.749218001067854	108555000
chr2	108560000	108570000	13.4221824855638	108565000
chr2	108570000	108580000	9.414156294814473	108575000
chr2	108580000	108590000	4.086282160708531	108585000
chr2	108590000	108600000	10.7103100655689	108595000
chr2	108600000	108610000	8.955861724354303	108605000
chr2	108610000	108620000	14.815393459731224	108615000
chr2	108620000	108630000	20.95515535241456	108625000
chr2	108630000	108640000	28.42416538481858	108635000
chr2	108640000	108650000	14.174170717012082	108645000
chr2	108650000	108660000	13.890443828723232	108655000
chr2	108660000	108670000	16.865191984395253	108665000
chr2	108670000	108680000	13.701974933461589	108675000
chr2	108680000	108690000	21.302293123891886	108685000
chr2	108690000	108700000	16.795316442370915	108695000
chr2	108700000	108710000	8.886028646049185	108705000
chr2	108710000	108720000	9.5030025822881	108715000
chr2	108720000	108730000	18.201177805064646	108725000
chr2	108730000	108740000	15.188778461791925	108735000
chr2	108740000	108750000	13.954652048690594	108745000
chr2	108750000	108760000	14.714250334241651	108755000
chr2	108760000	108770000	14.988322992514941	108765000
chr2	108770000	108780000	17.21339552130952	108775000
chr2	108780000	108790000	14.616965742744398	108785000
chr2	108790000	108800000	19.430214356628355	108795000
chr2	108800000	108810000	21.60008868648314	108805000
chr2	108810000	108820000	10.847654723266583	108815000
chr2	108820000	108830000	16.044988129027438	108825000
chr2	108830000	108840000	20.367330887618724	108835000
chr2	108840000	108850000	28.530869879228845	108845000
chr2	108850000	108860000	12.014890429047467	108855000
chr2	108860000	108870000	21.62837048546149	108865000
chr2	108870000	108880000	26.79690450070804	108875000
chr2	108880000	108890000	31.581013793911335	108885000
chr2	108890000	108900000	20.64287466909802	108895000
chr2	108900000	108910000	16.395000087495557	108905000
chr2	108910000	108920000	13.572819528796757	108915000
chr2	108920000	108930000	16.798198596462473	108925000
chr2	108930000	108940000	17.201835119753344	108935000
chr2	108940000	108950000	13.700218854098411	108945000
chr2	108950000	108960000	15.27888274610179	108955000
chr2	108960000	108970000	13.87127329597016	108965000
chr2	108970000	108980000	18.89849909339683	108975000
chr2	108980000	108990000	30.268637820540736	108985000
chr2	108990000	109000000	15.694423249394614	108995000
chr2	109000000	109010000	14.833384535835881	109005000
chr2	109010000	109020000	22.362637352064052	109015000
chr2	109020000	109030000	19.636201480106006	109025000
chr2	109030000	109040000	15.681331485230404	109035000
chr2	109040000	109050000	19.377617296820848	109045000
chr2	109050000	109060000	17.187961979526428	109055000
chr2	109060000	109070000	11.610885595416896	109065000
chr2	109070000	109080000	8.841756358657939	109075000
chr2	109080000	109090000	10.614229029488488	109085000
chr2	109090000	109100000	11.625939758751931	109095000
chr2	109100000	109110000	12.06661906416439	109105000
chr2	109110000	109120000	11.674836065193132	109115000
chr2	109120000	109130000	8.69330676224358	109125000
chr2	109130000	109140000	21.1949396178867	109135000
chr2	109140000	109150000	26.89050618412491	109145000
chr2	109150000	109160000	14.094097617801703	109155000
chr2	109160000	109170000	8.398780251759467	109165000
chr2	109170000	109180000	32.37748169483864	109175000
chr2	109180000	109190000	9.11719478000877	109185000
chr2	109190000	109200000	10.273008786631614	109195000
chr2	109200000	109210000	9.475113414096327	109205000
chr2	109210000	109220000	19.44825587857287	109215000
chr2	109220000	109230000	10.289412525738209	109225000
chr2	109230000	109240000	13.353961573916159	109235000
chr2	109240000	109250000	12.931525574517348	109245000
chr2	109250000	109260000	11.499799973873003	109255000
chr2	109260000	109270000	11.922754151492294	109265000
chr2	109270000	109280000	12.515363235686687	109275000
chr2	109280000	109290000	12.436282235182118	109285000
chr2	109290000	109300000	11.923136960111798	109295000
chr2	109300000	109310000	18.961533091798938	109305000
chr2	109310000	109320000	15.474274751753233	109315000
chr2	109320000	109330000	12.56699923764428	109325000
chr2	109330000	109340000	24.6190118609594	109335000
chr2	109340000	109350000	18.12549021625033	109345000
chr2	109350000	109360000	12.676370922229783	109355000
chr2	109360000	109370000	23.10254566131931	109365000
chr2	109370000	109380000	35.25101216418016	109375000
chr2	109380000	109390000	23.86920354204887	109385000
chr2	109390000	109400000	18.584222390891362	109395000
chr2	109400000	109410000	28.305333623651325	109405000
chr2	109410000	109420000	31.245544306591828	109415000
chr2	109420000	109430000	18.932948312110028	109425000
chr2	109430000	109440000	20.62566579845553	109435000
chr2	109440000	109450000	18.2201349152159	109445000
chr2	109450000	109460000	12.787596186126203	109455000
chr2	109460000	109470000	22.194045096168807	109465000
chr2	109470000	109480000	17.93396998607209	109475000
chr2	109480000	109490000	26.50070985091155	109485000
chr2	109490000	109500000	27.843124717841473	109495000
chr2	109500000	109510000	23.19818427824932	109505000
chr2	109510000	109520000	25.008057076645695	109515000
chr2	109520000	109530000	23.243228304696295	109525000
chr2	109530000	109540000	22.04847171737225	109535000
chr2	109540000	109550000	23.299555796693017	109545000
chr2	109550000	109560000	22.746783952721128	109555000
chr2	109560000	109570000	23.342184118991913	109565000
chr2	109570000	109580000	25.395672429244897	109575000
chr2	109580000	109590000	23.022514837355402	109585000
chr2	109590000	109600000	23.393233621539842	109595000
chr2	109600000	109610000	23.407544592582063	109605000
chr2	109610000	109620000	17.49070967988068	109615000
chr2	109620000	109630000	30.924470727809954	109625000
chr2	109630000	109640000	25.222560110584016	109635000
chr2	109640000	109650000	24.118629530962075	109645000
chr2	109650000	109660000	21.39448341245906	109655000
chr2	109660000	109670000	15.924068230611043	109665000
chr2	109670000	109680000	21.19296191501746	109675000
chr2	109680000	109690000	19.70583540225336	109685000
chr2	109690000	109700000	16.13001145037233	109695000
chr2	109700000	109710000	15.211940655352844	109705000
chr2	109710000	109720000	19.436477756160603	109715000
chr2	109720000	109730000	19.70247992009829	109725000
chr2	109730000	109740000	23.083791373006573	109735000
chr2	109740000	109750000	19.881220553555636	109745000
chr2	109750000	109760000	18.517383915801187	109755000
chr2	109760000	109770000	32.6109031470134	109765000
chr2	109770000	109780000	20.558193110574496	109775000
chr2	109780000	109790000	25.216802046360502	109785000
chr2	109790000	109800000	26.57959647779775	109795000
chr2	109800000	109810000	14.937543891950122	109805000
chr2	109810000	109820000	17.071740214387336	109815000
chr2	109820000	109830000	15.218496997792915	109825000
chr2	109830000	109840000	14.274484437034932	109835000
chr2	109840000	109850000	11.502306546888112	109845000
chr2	109850000	109860000	10.244956792347931	109855000
chr2	109860000	109870000	11.665895296067022	109865000
chr2	109870000	109880000	20.03295547575706	109875000
chr2	109880000	109890000	19.33931617801987	109885000
chr2	109890000	109900000	13.729885509186758	109895000
chr2	109900000	109910000	11.11600835585346	109905000
chr2	109910000	109920000	8.71038914745385	109915000
chr2	109920000	109930000	25.347950238351558	109925000
chr2	109930000	109940000	10.337194728374504	109935000
chr2	109940000	109950000	9.537289150389581	109945000
chr2	109950000	109960000	11.861757329563178	109955000
chr2	109960000	109970000	13.543637133296004	109965000
chr2	109970000	109980000	20.849840133477834	109975000
chr2	109980000	109990000	27.404883870619383	109985000
chr2	109990000	110000000	40.13736634216949	109995000
chr2	110000000	110010000	43.08203228010684	110005000
chr2	110010000	110020000	43.04207085491883	110015000
chr2	110020000	110030000	25.272211410366957	110025000
chr2	110030000	110040000	21.080861249549645	110035000
chr2	110040000	110050000	26.573300591545227	110045000
chr2	110050000	110060000	22.59846956515835	110055000
chr2	110060000	110070000	20.539822749179024	110065000
chr2	110070000	110080000	51.89628628353942	110075000
chr2	110080000	110090000	28.85253098445043	110085000
chr2	110090000	110100000	16.84016499272871	110095000
chr2	110100000	110110000	17.636874988637338	110105000
chr2	110110000	110120000	16.001826659807477	110115000
chr2	110120000	110130000	12.561501292784238	110125000
chr2	110130000	110140000	17.473436720135997	110135000
chr2	110140000	110150000	21.778881472108075	110145000
chr2	110150000	110160000	15.464913361972913	110155000
chr2	110160000	110170000	32.270928137393206	110165000
chr2	110170000	110180000	14.448089653932817	110175000
chr2	110180000	110190000	11.028071222107927	110185000
chr2	110190000	110200000	9.591174712802706	110195000
chr2	110200000	110210000	20.459284543945742	110205000
chr2	110210000	110220000	25.596185992110073	110215000
chr2	110220000	110230000	21.84647927334483	110225000
chr2	110230000	110240000	24.66744526134584	110235000
chr2	110240000	110250000	21.132485947121854	110245000
chr2	110250000	110260000	27.744851912559238	110255000
chr2	110260000	110270000	26.724314539221478	110265000
chr2	110270000	110280000	20.17082468522668	110275000
chr2	110280000	110290000	22.559523976529707	110285000
chr2	110290000	110300000	22.585617920957453	110295000
chr2	110300000	110310000	24.008814796374658	110305000
chr2	110310000	110320000	34.891336713686705	110315000
chr2	110320000	110330000	39.977211002374254	110325000
chr2	110330000	110340000	31.329626019680692	110335000
chr2	110340000	110350000	24.6189984518553	110345000
chr2	110350000	110360000	44.3666579745316	110355000
chr2	110360000	110370000	37.47333371256498	110365000
chr2	110370000	110380000	17.737186347548313	110375000
chr2	110380000	110390000	16.495464860513415	110385000
chr2	110390000	110400000	29.497544148009062	110395000
chr2	110400000	110410000	29.979934783679298	110405000
chr2	110410000	110420000	27.23583864700024	110415000
chr2	110420000	110430000	18.664439052182832	110425000
chr2	110430000	110440000	38.21714881269665	110435000
chr2	110440000	110450000	37.155788460192376	110445000
chr2	110450000	110460000	53.44389930953022	110455000
chr2	110460000	110470000	43.78315591315446	110465000
chr2	110470000	110480000	26.42588643270009	110475000
chr2	110480000	110490000	11.7712575659228	110485000
chr2	110490000	110500000	37.47529971376064	110495000
chr2	110500000	110510000	39.1445540430028	110505000
chr2	110510000	110520000	33.919772023106795	110515000
chr2	110520000	110530000	41.724227848262245	110525000
chr2	110530000	110540000	44.14409495549889	110535000
chr2	110540000	110550000	36.784623532942454	110545000
chr2	110550000	110560000	55.54849389427659	110555000
chr2	110560000	110570000	44.16231870945801	110565000
chr2	110570000	110580000	35.000151567308755	110575000
chr2	110580000	110590000	37.17272128973208	110585000
chr2	110590000	110600000	29.495840176161835	110595000
chr2	110600000	110610000	24.523385536318337	110605000
chr2	110610000	110620000	35.65773764207678	110615000
chr2	110620000	110630000	13.208849669339225	110625000
chr2	110630000	110640000	22.135006070066392	110635000
chr2	110640000	110650000	24.849074979953066	110645000
chr2	110650000	110660000	17.34447134823863	110655000
chr2	110660000	110670000	31.708468248823223	110665000
chr2	110670000	110680000	39.86911903376616	110675000
chr2	110680000	110690000	44.7078765962752	110685000
chr2	110690000	110700000	57.61920823442896	110695000
chr2	110700000	110710000	43.57190390626454	110705000
chr2	110710000	110720000	36.78749286439732	110715000
chr2	110720000	110730000	49.45687085241664	110725000
chr2	110730000	110740000	44.73040206653797	110735000
chr2	110740000	110750000	21.523162622052496	110745000
chr2	110750000	110760000	6.732417640590784	110755000
chr2	110760000	110770000	15.693893827265352	110765000
chr2	110770000	110780000	25.515464596630096	110775000
chr2	110780000	110790000	24.20202955067814	110785000
chr2	110790000	110800000	17.869063401700323	110795000
chr2	110800000	110810000	22.991742007205723	110805000
chr2	110810000	110820000	16.40381206954237	110815000
chr2	110820000	110830000	20.305737525739072	110825000
chr2	110830000	110840000	21.009428781861093	110835000
chr2	110840000	110850000	38.506415337026574	110845000
chr2	110850000	110860000	32.92028346842497	110855000
chr2	110860000	110870000	26.443803981120535	110865000
chr2	110870000	110880000	31.768698043484083	110875000
chr2	110880000	110890000	26.721667008701534	110885000
chr2	110890000	110900000	27.087129702230463	110895000
chr2	110900000	110910000	32.87699114728414	110905000
chr2	110910000	110920000	32.132088004416325	110915000
chr2	110920000	110930000	33.83434154498456	110925000
chr2	110930000	110940000	30.331765997961156	110935000
chr2	110940000	110950000	27.521354015040764	110945000
chr2	110950000	110960000	30.816599402927377	110955000
chr2	110960000	110970000	27.442893513141208	110965000
chr2	110970000	110980000	31.34099878525973	110975000
chr2	110980000	110990000	35.870273723784024	110985000
chr2	110990000	111000000	28.420558955204953	110995000
chr2	111000000	111010000	32.8185110526827	111005000
chr2	111010000	111020000	35.33003905457248	111015000
chr2	111020000	111030000	40.65529902464168	111025000
chr2	111030000	111040000	36.93082518611134	111035000
chr2	111040000	111050000	35.527806544462216	111045000
chr2	111050000	111060000	36.29699538613652	111055000
chr2	111060000	111070000	27.930700419097036	111065000
chr2	111070000	111080000	33.76142738878878	111075000
chr2	111080000	111090000	15.039703859458209	111085000
chr2	111090000	111100000	31.509468728513244	111095000
chr2	111100000	111110000	46.4976516503169	111105000
chr2	111110000	111120000	30.5511612209474	111115000
chr2	111120000	111130000	37.68587714167835	111125000
chr2	111130000	111140000	37.22907258960582	111135000
chr2	111140000	111150000	56.95258948486298	111145000
chr2	111150000	111160000	19.404821829676894	111155000
chr2	111160000	111170000	21.910858109568956	111165000
chr2	111170000	111180000	32.14985016277947	111175000
chr2	111180000	111190000	76.02173161020242	111185000
chr2	111190000	111200000	41.06603491872539	111195000
chr2	111200000	111210000	59.66272208042941	111205000
chr2	111210000	111220000	54.04748648680197	111215000
chr2	111220000	111230000	36.00615962792846	111225000
chr2	111230000	111240000	43.650082125637276	111235000
chr2	111240000	111250000	44.55173021357273	111245000
chr2	111250000	111260000	67.53451178660669	111255000
chr2	111260000	111270000	71.01247731486606	111265000
chr2	111270000	111280000	37.075813858114536	111275000
chr2	111280000	111290000	37.79377059788506	111285000
chr2	111290000	111300000	29.065971237137234	111295000
chr2	111300000	111310000	18.859499399850304	111305000
chr2	111310000	111320000	25.36113822717732	111315000
chr2	111320000	111330000	18.696469364537077	111325000
chr2	111330000	111340000	18.01898354041017	111335000
chr2	111340000	111350000	33.3230187550026	111345000
chr2	111350000	111360000	16.619200163875217	111355000
chr2	111360000	111370000	37.5969336595728	111365000
chr2	111370000	111380000	26.670479000118032	111375000
chr2	111380000	111390000	30.855493229189488	111385000
chr2	111390000	111400000	13.020580402885528	111395000
chr2	111400000	111410000	17.795594514151965	111405000
chr2	111410000	111420000	23.072054980289796	111415000
chr2	111420000	111430000	34.536087133369136	111425000
chr2	111430000	111440000	45.282799191854835	111435000
chr2	111440000	111450000	43.57878188674629	111445000
chr2	111450000	111460000	23.760207049022405	111455000
chr2	111460000	111470000	26.264770592618724	111465000
chr2	111470000	111480000	23.648356587448536	111475000
chr2	111480000	111490000	30.746976053225765	111485000
chr2	111490000	111500000	22.483025795824744	111495000
chr2	111500000	111510000	8.887007272197339	111505000
chr2	111510000	111520000	14.256022748115672	111515000
chr2	111520000	111530000	14.957101824401017	111525000
chr2	111530000	111540000	10.275352937258779	111535000
chr2	111540000	111550000	21.27182652541409	111545000
chr2	111550000	111560000	22.34430752994463	111555000
chr2	111560000	111570000	24.467560854578753	111565000
chr2	111570000	111580000	21.172042285159904	111575000
chr2	111580000	111590000	24.447182978908433	111585000
chr2	111590000	111600000	27.036567883624286	111595000
chr2	111600000	111610000	24.056467983419246	111605000
chr2	111610000	111620000	27.67667430829136	111615000
chr2	111620000	111630000	23.72798835281706	111625000
chr2	111630000	111640000	22.09254725723007	111635000
chr2	111640000	111650000	20.87031317079793	111645000
chr2	111650000	111660000	17.050203625153937	111655000
chr2	111660000	111670000	24.93925368692247	111665000
chr2	111670000	111680000	15.883550581516207	111675000
chr2	111680000	111690000	13.632838914638688	111685000
chr2	111690000	111700000	26.997581927599416	111695000
chr2	111700000	111710000	41.488066955896514	111705000
chr2	111710000	111720000	21.867107942284566	111715000
chr2	111720000	111730000	24.230281513400346	111725000
chr2	111730000	111740000	31.099332221519507	111735000
chr2	111740000	111750000	15.697198150412486	111745000
chr2	111750000	111760000	11.911375699197704	111755000
chr2	111760000	111770000	17.0419564798633	111765000
chr2	111770000	111780000	24.800822929939745	111775000
chr2	111780000	111790000	17.21041402662568	111785000
chr2	111790000	111800000	16.984383359884955	111795000
chr2	111800000	111810000	19.82025581644273	111805000
chr2	111810000	111820000	29.564224855818875	111815000
chr2	111820000	111830000	19.555908471210156	111825000
chr2	111830000	111840000	17.83055703863502	111835000
chr2	111840000	111850000	35.2758094541757	111845000
chr2	111850000	111860000	17.265920851476114	111855000
chr2	111860000	111870000	19.51440091626115	111865000
chr2	111870000	111880000	29.86078650512378	111875000
chr2	111880000	111890000	16.702721240870634	111885000
chr2	111890000	111900000	10.972597497783092	111895000
chr2	111900000	111910000	15.4183066376686	111905000
chr2	111910000	111920000	19.36922680135304	111915000
chr2	111920000	111930000	15.865073529785445	111925000
chr2	111930000	111940000	31.691769056086446	111935000
chr2	111940000	111950000	18.290074884146886	111945000
chr2	111950000	111960000	18.535673623138123	111955000
chr2	111960000	111970000	19.685271096167337	111965000
chr2	111970000	111980000	17.52269835045497	111975000
chr2	111980000	111990000	27.746961886075024	111985000
chr2	111990000	112000000	21.595856015578725	111995000
chr2	112000000	112010000	28.69198685401508	112005000
chr2	112010000	112020000	17.31101329679884	112015000
chr2	112020000	112030000	13.844537866103629	112025000
chr2	112030000	112040000	29.326618615869368	112035000
chr2	112040000	112050000	30.702936758116326	112045000
chr2	112050000	112060000	31.22502286548699	112055000
chr2	112060000	112070000	35.37332930239471	112065000
chr2	112070000	112080000	23.796919319536904	112075000
chr2	112080000	112090000	17.770228361387204	112085000
chr2	112090000	112100000	32.76132788407548	112095000
chr2	112100000	112110000	31.41992173615475	112105000
chr2	112110000	112120000	38.591224502475164	112115000
chr2	112120000	112130000	38.70588254148103	112125000
chr2	112130000	112140000	28.43860193046474	112135000
chr2	112140000	112150000	20.598496634211855	112145000
chr2	112150000	112160000	20.635277055075726	112155000
chr2	112160000	112170000	24.290033667911594	112165000
chr2	112170000	112180000	35.615268999943645	112175000
chr2	112180000	112190000	18.617504026630524	112185000
chr2	112190000	112200000	34.02171895235148	112195000
chr2	112200000	112210000	59.73122885968132	112205000
chr2	112210000	112220000	68.60311420954828	112215000
chr2	112220000	112230000	38.654578809849156	112225000
chr2	112230000	112240000	34.974584057103684	112235000
chr2	112240000	112250000	30.571209884924208	112245000
chr2	112250000	112260000	27.594792916648714	112255000
chr2	112260000	112270000	37.48671891969644	112265000
chr2	112270000	112280000	36.693139776618345	112275000
chr2	112280000	112290000	25.10865714369853	112285000
chr2	112290000	112300000	21.212459138363144	112295000
chr2	112300000	112310000	15.473278800511563	112305000
chr2	112310000	112320000	22.80701830003045	112315000
chr2	112320000	112330000	53.73068954777391	112325000
chr2	112330000	112340000	60.21671469462214	112335000
chr2	112340000	112350000	41.596796704497365	112345000
chr2	112350000	112360000	40.151470792425634	112355000
chr2	112360000	112370000	31.160516897632192	112365000
chr2	112370000	112380000	39.06188835921019	112375000
chr2	112380000	112390000	64.207828547023	112385000
chr2	112390000	112400000	95.01448164364089	112395000
chr2	112400000	112410000	96.49130338181975	112405000
chr2	112410000	112420000	72.21812304420567	112415000
chr2	112420000	112430000	59.99721361298583	112425000
chr2	112430000	112440000	70.61062219764392	112435000
chr2	112440000	112450000	53.36272271149424	112445000
chr2	112450000	112460000	61.99391618733222	112455000
chr2	112460000	112470000	48.378181138724244	112465000
chr2	112470000	112480000	47.84657383863753	112475000
chr2	112480000	112490000	48.19525564647633	112485000
chr2	112490000	112500000	83.15839213661131	112495000
chr2	112500000	112510000	61.591356512420866	112505000
chr2	112510000	112520000	41.061041657170826	112515000
chr2	112520000	112530000	40.885426241936514	112525000
chr2	112530000	112540000	52.40367668140285	112535000
chr2	112540000	112550000	45.3637115315481	112545000
chr2	112550000	112560000	38.97540884748942	112555000
chr2	112560000	112570000	44.81203315191006	112565000
chr2	112570000	112580000	37.43308352433448	112575000
chr2	112580000	112590000	42.586293592900205	112585000
chr2	112590000	112600000	32.63732191446564	112595000
chr2	112600000	112610000	40.90554047398348	112605000
chr2	112610000	112620000	33.11971174424294	112615000
chr2	112620000	112630000	48.5330775041402	112625000
chr2	112630000	112640000	35.152421462452715	112635000
chr2	112640000	112650000	32.98604118991791	112645000
chr2	112650000	112660000	45.221584598763584	112655000
chr2	112660000	112670000	43.470406978524025	112665000
chr2	112670000	112680000	27.386171828401558	112675000
chr2	112680000	112690000	39.122892490863805	112685000
chr2	112690000	112700000	38.1450950434646	112695000
chr2	112700000	112710000	40.49953190899404	112705000
chr2	112710000	112720000	50.66281728764851	112715000
chr2	112720000	112730000	45.7885525560522	112725000
chr2	112730000	112740000	40.66978443171769	112735000
chr2	112740000	112750000	48.8486626125743	112745000
chr2	112750000	112760000	53.31782837180689	112755000
chr2	112760000	112770000	43.35414992863528	112765000
chr2	112770000	112780000	72.03018792483482	112775000
chr2	112780000	112790000	81.52792307803834	112785000
chr2	112790000	112800000	42.552251707570875	112795000
chr2	112800000	112810000	42.70138407547638	112805000
chr2	112810000	112820000	48.69655442134347	112815000
chr2	112820000	112830000	27.071178348791985	112825000
chr2	112830000	112840000	34.76669995933051	112835000
chr2	112840000	112850000	37.231594418331206	112845000
chr2	112850000	112860000	30.656765782469865	112855000
chr2	112860000	112870000	36.90307821413946	112865000
chr2	112870000	112880000	38.572248399715654	112875000
chr2	112880000	112890000	34.46622073720437	112885000
chr2	112890000	112900000	30.79408679879799	112895000
chr2	112900000	112910000	36.130254300405646	112905000
chr2	112910000	112920000	43.165213895769526	112915000
chr2	112920000	112930000	38.406491767113025	112925000
chr2	112930000	112940000	35.212302365078564	112935000
chr2	112940000	112950000	27.471316239352962	112945000
chr2	112950000	112960000	33.76773216402136	112955000
chr2	112960000	112970000	42.43520068387195	112965000
chr2	112970000	112980000	26.387886385253623	112975000
chr2	112980000	112990000	31.86094764305927	112985000
chr2	112990000	113000000	33.369016199741154	112995000
chr2	113000000	113010000	66.74191279248011	113005000
chr2	113010000	113020000	54.95833300143593	113015000
chr2	113020000	113030000	62.20572509747958	113025000
chr2	113030000	113040000	45.13753696756235	113035000
chr2	113040000	113050000	36.69357034531588	113045000
chr2	113050000	113060000	37.35204815098036	113055000
chr2	113060000	113070000	30.02728007695942	113065000
chr2	113070000	113080000	32.472558560372605	113075000
chr2	113080000	113090000	38.07377487581327	113085000
chr2	113090000	113100000	35.81419073154131	113095000
chr2	113100000	113110000	37.910299390568795	113105000
chr2	113110000	113120000	45.64410332573265	113115000
chr2	113120000	113130000	65.38286275864279	113125000
chr2	113130000	113140000	78.13831767665471	113135000
chr2	113140000	113150000	33.675798591814406	113145000
chr2	113150000	113160000	68.62958365572969	113155000
chr2	113160000	113170000	74.25520328024592	113165000
chr2	113170000	113180000	95.58112171675637	113175000
chr2	113180000	113190000	36.58491265250074	113185000
chr2	113190000	113200000	47.94057950040005	113195000
chr2	113200000	113210000	47.77990713275965	113205000
chr2	113210000	113220000	47.82915641123714	113215000
chr2	113220000	113230000	75.38432390659176	113225000
chr2	113230000	113240000	53.03120904979419	113235000
chr2	113240000	113250000	79.25532961112569	113245000
chr2	113250000	113260000	76.54763691605915	113255000
chr2	113260000	113270000	44.27449306424771	113265000
chr2	113270000	113280000	70.07059443474547	113275000
chr2	113280000	113290000	79.56851528821903	113285000
chr2	113290000	113300000	34.91674029491863	113295000
chr2	113300000	113310000	50.74165780819596	113305000
chr2	113310000	113320000	55.51805754225836	113315000
chr2	113320000	113330000	56.77284163986921	113325000
chr2	113330000	113340000	61.799792046268706	113335000
chr2	113340000	113350000	66.72699121108602	113345000
chr2	113350000	113360000	59.758742533586094	113355000
chr2	113360000	113370000	67.20016121817751	113365000
chr2	113370000	113380000	64.78265250855284	113375000
chr2	113380000	113390000	70.40961723207712	113385000
chr2	113390000	113400000	79.09960682347294	113395000
chr2	113430000	113440000	50.63788178446268	113435000
chr2	113470000	113480000	35.281257468820414	113475000
chr2	113480000	113490000	47.72321194025821	113485000
chr2	113490000	113500000	55.135319652853006	113495000
chr2	113500000	113510000	54.62008321478183	113505000
chr2	113510000	113520000	45.69526492619357	113515000
chr2	113520000	113530000	47.04528808625707	113525000
chr2	113530000	113540000	39.768563772143544	113535000
chr2	113540000	113550000	42.445798822179725	113545000
chr2	113550000	113560000	57.37102717503053	113555000
chr2	113560000	113570000	53.08045361466151	113565000
chr2	113570000	113580000	91.36150254583518	113575000
chr2	113580000	113590000	97.76852940138778	113585000
chr2	113590000	113600000	64.08600587384934	113595000
chr2	113600000	113610000	62.05150002772152	113605000
chr2	113610000	113620000	58.56502896366571	113615000
chr2	113620000	113630000	76.24907528049013	113625000
chr2	113630000	113640000	66.50505795569316	113635000
chr2	113640000	113650000	74.23895876928106	113645000
chr2	113650000	113660000	56.22479130138758	113655000
chr2	113660000	113670000	65.98144868302784	113665000
chr2	113670000	113680000	57.95690338997224	113675000
chr2	113680000	113690000	56.31840892686262	113685000
chr2	113690000	113700000	51.137817874107476	113695000
chr2	113700000	113710000	39.81266856757645	113705000
chr2	113710000	113720000	38.00334951400307	113715000
chr2	113720000	113730000	30.870308972799542	113725000
chr2	113730000	113740000	37.80655284200187	113735000
chr2	113740000	113750000	30.64492514974876	113745000
chr2	113750000	113760000	38.9079036756163	113755000
chr2	113760000	113770000	43.620704490432196	113765000
chr2	113770000	113780000	39.460011678797095	113775000
chr2	113780000	113790000	30.3511500531792	113785000
chr2	113790000	113800000	31.819598801690958	113795000
chr2	113800000	113810000	70.46145100316217	113805000
chr2	113810000	113820000	48.276411205421304	113815000
chr2	113820000	113830000	23.050501463607265	113825000
chr2	113830000	113840000	42.80953239010373	113835000
chr2	113840000	113850000	45.23039793076685	113845000
chr2	113850000	113860000	42.440533362945274	113855000
chr2	113860000	113870000	48.05473916138707	113865000
chr2	113870000	113880000	44.6316806919454	113875000
chr2	113880000	113890000	48.47348594361404	113885000
chr2	113890000	113900000	39.21482366008588	113895000
chr2	113900000	113910000	37.458997271673084	113905000
chr2	113910000	113920000	38.406942677795264	113915000
chr2	113920000	113930000	36.361031628474024	113925000
chr2	113930000	113940000	38.711409509567474	113935000
chr2	113940000	113950000	41.027600001747096	113945000
chr2	113950000	113960000	36.76496247629332	113955000
chr2	113960000	113970000	37.659804111496264	113965000
chr2	113970000	113980000	37.54447507712185	113975000
chr2	113980000	113990000	41.35523998236459	113985000
chr2	113990000	114000000	58.714887560563874	113995000
chr2	114000000	114010000	78.04879549593115	114005000
chr2	114010000	114020000	54.88157908649951	114015000
chr2	114020000	114030000	45.25903611967323	114025000
chr2	114030000	114040000	29.03732059175126	114035000
chr2	114040000	114050000	36.67869663951471	114045000
chr2	114050000	114060000	46.789131290048694	114055000
chr2	114060000	114070000	42.641694468894954	114065000
chr2	114070000	114080000	67.12378732108904	114075000
chr2	114080000	114090000	32.69266692398551	114085000
chr2	114090000	114100000	42.71603867659197	114095000
chr2	114100000	114110000	69.70273840476469	114105000
chr2	114110000	114120000	40.549418834231844	114115000
chr2	114120000	114130000	35.97760034881844	114125000
chr2	114130000	114140000	35.10858157951236	114135000
chr2	114140000	114150000	38.2123688056634	114145000
chr2	114150000	114160000	28.11848997663336	114155000
chr2	114160000	114170000	44.83628655836586	114165000
chr2	114170000	114180000	32.53587380619786	114175000
chr2	114180000	114190000	68.17127313065875	114185000
chr2	114190000	114200000	51.45000643016982	114195000
chr2	114200000	114210000	41.08606620874506	114205000
chr2	114210000	114220000	94.51495667728977	114215000
chr2	114220000	114230000	73.79703865555211	114225000
chr2	114230000	114240000	78.49110259833344	114235000
chr2	114240000	114250000	35.668039358608084	114245000
chr2	114250000	114260000	41.32681333054941	114255000
chr2	114260000	114270000	94.94498589364281	114265000
chr2	114270000	114280000	55.82106345529436	114275000
chr2	114280000	114290000	53.955150103601675	114285000
chr2	114290000	114300000	46.353356068177916	114295000
chr2	114300000	114310000	24.27060257162607	114305000
chr2	114310000	114320000	45.69964783405159	114315000
chr2	114320000	114330000	46.898926361277574	114325000
chr2	114330000	114340000	46.256524905778456	114335000
chr2	114340000	114350000	42.663779274764735	114345000
chr2	114350000	114360000	84.49162757488736	114355000
chr2	114360000	114370000	103.05483818534817	114365000
chr2	114370000	114380000	83.3928523158476	114375000
chr2	114380000	114390000	67.09274019898145	114385000
chr2	114390000	114400000	62.421449340520645	114395000
chr2	114400000	114410000	81.90851944974762	114405000
chr2	114410000	114420000	114.71037717776397	114415000
chr2	114420000	114430000	129.984898160199	114425000
chr2	114430000	114440000	89.14589455568223	114435000
chr2	114440000	114450000	74.9662103620937	114445000
chr2	114450000	114460000	54.36587103626363	114455000
chr2	114460000	114470000	69.51813370074932	114465000
chr2	114470000	114480000	52.58276481750756	114475000
chr2	114480000	114490000	50.700433557008516	114485000
chr2	114490000	114500000	53.120259312403846	114495000
chr2	114500000	114510000	50.551598210163434	114505000
chr2	114510000	114520000	56.933588334338694	114515000
chr2	114520000	114530000	53.71962480030456	114525000
chr2	114530000	114540000	52.978202134513836	114535000
chr2	114540000	114550000	49.85741430991878	114545000
chr2	114550000	114560000	53.07207885998084	114555000
chr2	114560000	114570000	55.182519898068	114565000
chr2	114570000	114580000	54.24204389312804	114575000
chr2	114580000	114590000	54.17661096885385	114585000
chr2	114590000	114600000	51.59526606165734	114595000
chr2	114600000	114610000	42.46819065772142	114605000
chr2	114610000	114620000	61.47578154250381	114615000
chr2	114620000	114630000	39.39124465627216	114625000
chr2	114630000	114640000	28.534699098406495	114635000
chr2	114640000	114650000	37.309420419503176	114645000
chr2	114650000	114660000	41.787717159114045	114655000
chr2	114660000	114670000	74.74535865503161	114665000
chr2	114670000	114680000	46.61150614717198	114675000
chr2	114680000	114690000	64.21804816498356	114685000
chr2	114690000	114700000	58.20750437885686	114695000
chr2	114700000	114710000	66.33682427186037	114705000
chr2	114710000	114720000	41.40087638274212	114715000
chr2	114720000	114730000	57.829464638163834	114725000
chr2	114730000	114740000	43.753454049358965	114735000
chr2	114740000	114750000	41.94264064323804	114745000
chr2	114750000	114760000	34.34795719388084	114755000
chr2	114760000	114770000	31.166054110317713	114765000
chr2	114770000	114780000	38.74261200290221	114775000
chr2	114780000	114790000	50.286236294645256	114785000
chr2	114790000	114800000	76.64380419734472	114795000
chr2	114800000	114810000	68.10247249894644	114805000
chr2	114810000	114820000	58.55384776263718	114815000
chr2	114820000	114830000	35.156070071115145	114825000
chr2	114830000	114840000	25.93432273508474	114835000
chr2	114840000	114850000	22.38050857418062	114845000
chr2	114850000	114860000	23.577819807025985	114855000
chr2	114860000	114870000	23.637422003266234	114865000
chr2	114870000	114880000	39.5088084038992	114875000
chr2	114880000	114890000	29.778699122558027	114885000
chr2	114890000	114900000	80.47977488395169	114895000
chr2	114900000	114910000	30.11346687551072	114905000
chr2	114910000	114920000	134.27372531580716	114915000
chr2	114920000	114930000	117.12526587308786	114925000
chr2	114930000	114940000	61.360510278997765	114935000
chr2	114940000	114950000	88.64859475884158	114945000
chr2	114950000	114960000	74.28997413783519	114955000
chr2	114960000	114970000	33.39354726550714	114965000
chr2	114970000	114980000	202.50714155314148	114975000
chr2	114980000	114990000	164.90939716790066	114985000
chr2	114990000	115000000	33.770241800290435	114995000
chr2	115000000	115010000	28.11913959419717	115005000
chr2	115010000	115020000	33.31885722131668	115015000
chr2	115020000	115030000	35.12795580275989	115025000
chr2	115030000	115040000	23.490424171336464	115035000
chr2	115040000	115050000	32.82205378671831	115045000
chr2	115050000	115060000	39.17725695630045	115055000
chr2	115060000	115070000	38.62030129808452	115065000
chr2	115070000	115080000	74.75822164604077	115075000
chr2	115080000	115090000	71.28945795799653	115085000
chr2	115090000	115100000	40.8086490684739	115095000
chr2	115100000	115110000	31.863573570324796	115105000
chr2	115110000	115120000	33.843808797870956	115115000
chr2	115120000	115130000	37.702764699662815	115125000
chr2	115130000	115140000	25.974206460106146	115135000
chr2	115140000	115150000	19.514250153892927	115145000
chr2	115150000	115160000	13.635855939114293	115155000
chr2	115160000	115170000	13.515384722046976	115165000
chr2	115170000	115180000	12.321532801753548	115175000
chr2	115180000	115190000	10.150896488771561	115185000
chr2	115190000	115200000	8.172545337541761	115195000
chr2	115200000	115210000	7.685953930078184	115205000
chr2	115210000	115220000	8.960755775170508	115215000
chr2	115220000	115230000	6.893971683236264	115225000
chr2	115230000	115240000	3.4441369220968587	115235000
chr2	115240000	115250000	4.248939950481918	115245000
chr2	115250000	115260000	2.409073501563973	115255000
chr2	115260000	115270000	4.044363743431828	115265000
chr2	115270000	115280000	9.448592249020052	115275000
chr2	115280000	115290000	9.610570583668467	115285000
