chr16	0	5000	0.7964568777599514	2500
chr16	5000	10000	1.0188155659432396	7500
chr16	10000	15000	1.2209598279280482	12500
chr16	15000	20000	0.7598922999676312	17500
chr16	20000	25000	0.2708753455233829	22500
chr16	25000	30000	0.2550533788420886	27500
chr16	30000	35000	0.25505337884208856	32500
chr16	35000	40000	0.2200086827710695	37500
chr16	40000	45000	0.20897609326723007	42500
chr16	45000	50000	0.20866841827298	47500
chr16	50000	55000	0.20106537224428722	52500
chr16	55000	60000	0.20106537224428703	57500
chr16	60000	65000	0.26950737333511077	62500
chr16	65000	70000	3.222240753809545	67500
chr16	70000	75000	2.1779921735303254	72500
chr16	75000	80000	3.490170415998548	77500
chr16	80000	85000	4.188498359434952	82500
chr16	85000	90000	1.6485428259665986	87500
chr16	90000	95000	1.2746537740209871	92500
chr16	95000	100000	1.5778040277786216	97500
chr16	100000	105000	1.5938494839459325	102500
chr16	105000	110000	3.493510354001213	107500
chr16	110000	115000	0.42868179860147915	112500
chr16	115000	120000	1.0894020455633062	117500
chr16	120000	125000	2.3363227980222416	122500
chr16	125000	130000	2.9299986920140735	127500
chr16	130000	135000	2.1926081225470515	132500
chr16	135000	140000	0.649470213678025	137500
chr16	140000	145000	2.833940950411507	142500
chr16	145000	150000	0.8024430690845326	147500
chr16	150000	155000	2.130185261960148	152500
chr16	155000	160000	1.5633918220198675	157500
chr16	160000	165000	1.6549492161216215	162500
chr16	165000	170000	0.7929109859780503	167500
chr16	170000	175000	3.4614308828926705	172500
chr16	175000	180000	12.100683031759855	177500
chr16	180000	185000	1.301908104799709	182500
chr16	185000	190000	1.1772081483300103	187500
chr16	190000	195000	1.280600974761439	192500
chr16	195000	200000	1.3584569877683554	197500
chr16	200000	205000	2.422626179280436	202500
chr16	205000	210000	1.2061296000305408	207500
chr16	210000	215000	1.1942988887717552	212500
chr16	215000	220000	0.9234352854431618	217500
chr16	220000	225000	1.4431620620017662	222500
chr16	225000	230000	2.3597965839571096	227500
chr16	230000	235000	2.4478552357058843	232500
chr16	235000	240000	1.040237913643352	237500
chr16	240000	245000	1.894088233082427	242500
chr16	245000	250000	1.089103178983099	247500
chr16	250000	255000	1.7886141993964058	252500
chr16	255000	260000	1.7020058124406234	257500
chr16	260000	265000	2.539540396198431	262500
chr16	265000	270000	2.7362685627994914	267500
chr16	270000	275000	2.892619129913417	272500
chr16	275000	280000	1.46513314907313	277500
chr16	280000	285000	2.9324445154505883	282500
chr16	285000	290000	0.027629734556472715	287500
chr16	290000	295000	6.357053910920472	292500
chr16	295000	300000	2.871930429681823	297500
chr16	300000	305000	4.633294844758552	302500
chr16	305000	310000	4.822323202885276	307500
chr16	310000	315000	3.9937718088025314	312500
chr16	315000	320000	1.9335341337309164	317500
chr16	320000	325000	1.8968413575757688	322500
chr16	325000	330000	3.8794397813875676	327500
chr16	330000	335000	7.189160436247215	332500
chr16	335000	340000	7.706556376060059	337500
chr16	340000	345000	9.243159405670445	342500
chr16	345000	350000	11.22854034526805	347500
chr16	350000	355000	7.392283635179191	352500
chr16	355000	360000	7.350180557293354	357500
chr16	360000	365000	11.999550838655903	362500
chr16	365000	370000	15.481978361503499	367500
chr16	370000	375000	2.266687028777476	372500
chr16	375000	380000	8.393636089826861	377500
chr16	380000	385000	4.980739927416133	382500
chr16	385000	390000	8.3377376156131	387500
chr16	390000	395000	9.980551919746413	392500
chr16	395000	400000	8.94809876765759	397500
chr16	400000	405000	12.23191562106896	402500
chr16	405000	410000	14.594224543811247	407500
chr16	410000	415000	7.225539437629259	412500
chr16	415000	420000	14.277395395631403	417500
chr16	420000	425000	10.782980520111158	422500
chr16	425000	430000	10.892631175470951	427500
chr16	430000	435000	8.75304517717088	432500
chr16	435000	440000	14.141065999811369	437500
chr16	440000	445000	15.436198839058875	442500
chr16	445000	450000	12.50908995584683	447500
chr16	450000	455000	14.368659285239882	452500
chr16	455000	460000	13.955122074373307	457500
chr16	460000	465000	12.664328127628382	462500
chr16	465000	470000	6.783126584200398	467500
chr16	470000	475000	8.577197668468859	472500
chr16	475000	480000	5.706716198991087	477500
chr16	480000	485000	2.0415685268891197	482500
chr16	485000	490000	2.3491576073090004	487500
chr16	490000	495000	3.7528470496699113	492500
chr16	495000	500000	3.589039778660622	497500
chr16	500000	505000	19.55998422894554	502500
chr16	505000	510000	4.105047294312962	507500
chr16	510000	515000	8.262050682665084	512500
chr16	515000	520000	12.860865064277212	517500
chr16	520000	525000	10.573063702741358	522500
chr16	525000	530000	7.995415743760599	527500
chr16	530000	535000	7.0565965684772385	532500
chr16	535000	540000	9.626742590392867	537500
chr16	540000	545000	9.42965588616584	542500
chr16	545000	550000	11.831403833687185	547500
chr16	550000	555000	7.991333757281806	552500
chr16	555000	560000	10.415298110361276	557500
chr16	560000	565000	12.461453020601132	562500
chr16	565000	570000	8.015449234792898	567500
chr16	570000	575000	7.409984212818185	572500
chr16	575000	580000	14.316743230655423	577500
chr16	580000	585000	12.038658862110927	582500
chr16	585000	590000	10.389765876573914	587500
chr16	590000	595000	9.2300660497192	592500
chr16	595000	600000	8.933279187079341	597500
chr16	600000	605000	5.644035264257787	602500
chr16	605000	610000	4.836789434056459	607500
chr16	610000	615000	3.3171706985515925	612500
chr16	615000	620000	4.769433635450433	617500
chr16	620000	625000	9.108234430810905	622500
chr16	625000	630000	3.354947061012025	627500
chr16	630000	635000	4.999857212710706	632500
chr16	635000	640000	5.571352060494667	637500
chr16	640000	645000	2.1856885303729134	642500
chr16	645000	650000	1.9843622094099547	647500
chr16	650000	655000	2.3256810776721486	652500
chr16	655000	660000	5.721555138177516	657500
chr16	660000	665000	1.3828487212872793	662500
chr16	665000	670000	2.88939732356777	667500
chr16	670000	675000	7.315353493200524	672500
chr16	675000	680000	3.44573908277751	677500
chr16	680000	685000	3.1064901152710216	682500
chr16	685000	690000	3.055789675838219	687500
chr16	690000	695000	2.768343728015713	692500
chr16	695000	700000	2.1107700498941275	697500
chr16	700000	705000	3.471094771014287	702500
chr16	705000	710000	12.772774688721617	707500
chr16	710000	715000	12.782837914353685	712500
chr16	715000	720000	9.877562681043191	717500
chr16	720000	725000	8.088131136169554	722500
chr16	725000	730000	7.300753871442842	727500
chr16	730000	735000	13.597117870733552	732500
chr16	735000	740000	7.052604566486414	737500
chr16	740000	745000	10.328362657807885	742500
chr16	745000	750000	4.551733365108109	747500
chr16	750000	755000	2.440937458271093	752500
chr16	755000	760000	2.04477394359014	757500
chr16	760000	765000	2.7892075688591897	762500
chr16	765000	770000	5.620503041811751	767500
chr16	770000	775000	3.5232599533205775	772500
chr16	775000	780000	2.8607110037778805	777500
chr16	780000	785000	2.4547047145762257	782500
chr16	785000	790000	2.9533580671453286	787500
chr16	790000	795000	1.8348768476761401	792500
chr16	795000	800000	0.9586866883708436	797500
chr16	800000	805000	7.805721596865915	802500
chr16	805000	810000	3.183133665011953	807500
chr16	810000	815000	4.032754176987846	812500
chr16	815000	820000	3.5171376648480255	817500
chr16	820000	825000	5.193833378656773	822500
chr16	825000	830000	4.488081190157529	827500
chr16	830000	835000	2.799829570749965	832500
chr16	835000	840000	13.295458490873065	837500
chr16	840000	845000	3.043747247818377	842500
chr16	845000	850000	2.063941335200601	847500
chr16	850000	855000	3.9492101964907635	852500
chr16	855000	860000	3.9387124920344116	857500
chr16	860000	865000	4.934401662099323	862500
chr16	865000	870000	4.19270149932835	867500
chr16	870000	875000	1.9529871235526977	872500
chr16	875000	880000	1.9471076725022967	877500
chr16	880000	885000	4.587016003736142	882500
chr16	885000	890000	13.418023722914889	887500
chr16	890000	895000	4.3018480337185325	892500
chr16	895000	900000	3.8649104261821887	897500
chr16	900000	905000	3.544086822783904	902500
chr16	905000	910000	3.2297879048797453	907500
chr16	910000	915000	1.2992702433380499	912500
chr16	915000	920000	3.521806443404781	917500
chr16	920000	925000	12.530404305208652	922500
chr16	925000	930000	11.399550615792412	927500
chr16	930000	935000	2.5916119867312637	932500
chr16	935000	940000	2.591611986731269	937500
chr16	940000	945000	2.5916119867312672	942500
chr16	945000	950000	2.3500086995908203	947500
chr16	950000	955000	3.723443558620031	952500
chr16	955000	960000	1.0903510710579065	957500
chr16	960000	965000	1.4166657948244195	962500
chr16	965000	970000	6.61025679746256	967500
chr16	970000	975000	1.2600121938731343	972500
chr16	975000	980000	1.260012193873133	977500
chr16	980000	985000	1.3076082122515469	982500
chr16	985000	990000	1.3562101794890669	987500
chr16	990000	995000	1.407361383570969	992500
chr16	995000	1000000	2.2667818175778107	997500
chr16	1000000	1005000	1.296904476320232	1002500
chr16	1005000	1010000	1.3619579965110769	1007500
chr16	1010000	1015000	1.638517019347459	1012500
chr16	1015000	1020000	2.1350016793802657	1017500
chr16	1020000	1025000	1.686985426347937	1022500
chr16	1025000	1030000	1.6009576778795254	1027500
chr16	1030000	1035000	1.5399626394688821	1032500
chr16	1035000	1040000	1.0425059444943097	1037500
chr16	1040000	1045000	0.8262708379835022	1042500
chr16	1045000	1050000	0.8146478551428002	1047500
chr16	1050000	1055000	1.4011804997396802	1052500
chr16	1055000	1060000	0.5838131467758307	1057500
chr16	1060000	1065000	1.9149057116050705	1062500
chr16	1065000	1070000	1.7065110596597528	1067500
chr16	1070000	1075000	1.8140977980420738	1072500
chr16	1075000	1080000	2.1949190017823588	1077500
chr16	1080000	1085000	1.7218808450413332	1082500
chr16	1085000	1090000	1.4084345375155385	1087500
chr16	1090000	1095000	1.280993692467668	1092500
chr16	1095000	1100000	0.8787311278149442	1097500
chr16	1100000	1105000	0.40124798050747973	1102500
chr16	1105000	1110000	0.28334287725268065	1107500
chr16	1110000	1115000	0.7770236473665577	1112500
chr16	1115000	1120000	0.3297368104661627	1117500
chr16	1120000	1125000	0.7315000006040363	1122500
chr16	1125000	1130000	0.7677372612052087	1127500
chr16	1130000	1135000	0.5368472094289447	1132500
chr16	1135000	1140000	1.3510300990363133	1137500
chr16	1140000	1145000	1.7279837955005477	1142500
chr16	1145000	1150000	2.937996552754603	1147500
chr16	1150000	1155000	17.845222164712045	1152500
chr16	1155000	1160000	6.621604381844574	1157500
chr16	1160000	1165000	18.212234769424025	1162500
chr16	1165000	1170000	14.413358671907943	1167500
chr16	1170000	1175000	5.925249369596953	1172500
chr16	1175000	1180000	8.065132574841169	1177500
chr16	1180000	1185000	3.2060745741246057	1182500
chr16	1185000	1190000	1.0583400289324902	1187500
chr16	1190000	1195000	2.6996238347360157	1192500
chr16	1195000	1200000	14.427252907282746	1197500
chr16	1200000	1205000	3.4495795647653846	1202500
chr16	1205000	1210000	0.9116108839756975	1207500
chr16	1210000	1215000	2.6140461265774078	1212500
chr16	1215000	1220000	2.135966136006035	1217500
chr16	1220000	1225000	1.1743819097879253	1222500
chr16	1225000	1230000	0.5209063326746518	1227500
chr16	1230000	1235000	0.6602766946304625	1232500
chr16	1235000	1240000	0.9431127193056058	1237500
chr16	1240000	1245000	1.0525070229239968	1242500
chr16	1245000	1250000	0.3652666018398412	1247500
chr16	1250000	1255000	0.42064809568875017	1252500
chr16	1255000	1260000	0.5753616810499242	1257500
chr16	1260000	1265000	0.5807088389329795	1262500
chr16	1265000	1270000	0.38510799544945973	1267500
chr16	1270000	1275000	0.4396322589350197	1272500
chr16	1275000	1280000	0.5413677490378649	1277500
chr16	1280000	1285000	2.415071431305162	1282500
chr16	1285000	1290000	2.9761068530341785	1287500
chr16	1290000	1295000	0.20231235462135483	1292500
chr16	1295000	1300000	0.18601827507408547	1297500
chr16	1300000	1305000	0.605377309005256	1302500
chr16	1305000	1310000	0.16191066632506615	1307500
chr16	1310000	1315000	0.18739763953265207	1312500
chr16	1315000	1320000	0.22802223931724191	1317500
chr16	1320000	1325000	0.21297295413809383	1322500
chr16	1325000	1330000	0.1964270567024777	1327500
chr16	1330000	1335000	0.2065204836184744	1332500
chr16	1335000	1340000	0.22273101867999634	1337500
chr16	1340000	1345000	0.1524269923999441	1342500
chr16	1345000	1350000	0.12805089731810362	1347500
chr16	1350000	1355000	0.29153328724615846	1352500
chr16	1355000	1360000	0.8367709192081488	1357500
chr16	1360000	1365000	0.6863055470922883	1362500
chr16	1365000	1370000	0.3695373439511535	1367500
chr16	1370000	1375000	0.3695373439511535	1372500
chr16	1375000	1380000	0.24480931211318455	1377500
chr16	1380000	1385000	0.21457472976335282	1382500
chr16	1385000	1390000	0.27774377044643805	1387500
chr16	1390000	1395000	0.2942711972313373	1392500
chr16	1395000	1400000	1.090397218221588	1397500
chr16	1400000	1405000	0.6973129539447085	1402500
chr16	1405000	1410000	0.3006916340422237	1407500
chr16	1410000	1415000	0.6688901806611885	1412500
chr16	1415000	1420000	0.8018645737785272	1417500
chr16	1420000	1425000	0.6514853882876195	1422500
chr16	1425000	1430000	0.6514853882876194	1427500
chr16	1430000	1435000	1.5832092243219487	1432500
chr16	1435000	1440000	1.8721601315360434	1437500
chr16	1440000	1445000	0.7148912408353066	1442500
chr16	1445000	1450000	0.6091030104098498	1447500
chr16	1450000	1455000	0.0914154067607986	1452500
chr16	1455000	1460000	0.08766441471637634	1457500
chr16	1460000	1465000	0.08766441471637634	1462500
chr16	1465000	1470000	0.08766441471637636	1467500
chr16	1470000	1475000	0.21387863989844294	1472500
chr16	1475000	1480000	0.3041878044460882	1477500
chr16	1480000	1485000	0.24292995663437358	1482500
chr16	1485000	1490000	0.11271907199631243	1487500
chr16	1490000	1495000	0.11271907199631243	1492500
chr16	1495000	1500000	0.15513262849582318	1497500
chr16	1500000	1505000	0.4847608017942721	1502500
chr16	1505000	1510000	0.3170644912251327	1507500
chr16	1510000	1515000	0.08091431908256004	1512500
chr16	1515000	1520000	0.08091431908256004	1517500
chr16	1520000	1525000	0.08091431908255994	1522500
chr16	1525000	1530000	0.09600990666093569	1527500
chr16	1530000	1535000	0.1580695444831446	1532500
chr16	1535000	1540000	0.18282799807254585	1537500
chr16	1540000	1545000	0.18319752723059649	1542500
chr16	1545000	1550000	0.10001331150885909	1547500
chr16	1550000	1555000	0.0977650894623255	1552500
chr16	1555000	1560000	0.08409620879292434	1557500
chr16	1560000	1565000	0.08149261247494309	1562500
chr16	1565000	1570000	0.08149261247494308	1567500
chr16	1570000	1575000	0.08149261247494309	1572500
chr16	1575000	1580000	0.08149261247494308	1577500
chr16	1580000	1585000	0.08317309093362685	1582500
chr16	1585000	1590000	0.09181555157828612	1587500
chr16	1590000	1595000	0.12509411157993996	1592500
chr16	1595000	1600000	0.23803257526702268	1597500
chr16	1600000	1605000	0.6552635663222599	1602500
chr16	1605000	1610000	0.6669272630211257	1607500
chr16	1610000	1615000	0.674764399848931	1612500
chr16	1615000	1620000	2.972346983926129	1617500
chr16	1620000	1625000	16.145539460117945	1622500
chr16	1625000	1630000	0.08113578002027697	1627500
chr16	1630000	1635000	0.9016946422676181	1632500
chr16	1635000	1640000	0.22248413298180078	1637500
chr16	1640000	1645000	0.22248413298180103	1642500
chr16	1645000	1650000	6.568782062317943	1647500
chr16	1650000	1655000	2.9528641316540254	1652500
chr16	1655000	1660000	3.642562410971867	1657500
chr16	1660000	1665000	0.4725492987121875	1662500
chr16	1665000	1670000	1.915349267066993	1667500
chr16	1670000	1675000	0.2041284244824277	1672500
chr16	1675000	1680000	0.20412842448242785	1677500
chr16	1680000	1685000	1.3671762104569707	1682500
chr16	1685000	1690000	1.965831806931024	1687500
chr16	1690000	1695000	2.2752192974058305	1692500
chr16	1695000	1700000	0.42064560976386905	1697500
chr16	1700000	1705000	0.22367359925188876	1702500
chr16	1705000	1710000	0.2467417846916364	1707500
chr16	1710000	1715000	0.14390070674703312	1712500
chr16	1715000	1720000	0.03816937997555914	1717500
chr16	1720000	1725000	0.030559818505906545	1722500
chr16	1725000	1730000	0.09562779436676794	1727500
chr16	1730000	1735000	0.10539271218828168	1732500
chr16	1735000	1740000	0.07035288413410073	1737500
chr16	1740000	1745000	2.397441799543178	1742500
chr16	1745000	1750000	0.28860353630571683	1747500
chr16	1750000	1755000	0.08602742485627105	1752500
chr16	1755000	1760000	0.05806843820703131	1757500
chr16	1760000	1765000	0.05637802693881497	1762500
chr16	1765000	1770000	0.052860192288504755	1767500
chr16	1770000	1775000	0.052860192288504734	1772500
chr16	1775000	1780000	0.05283691607808267	1777500
chr16	1780000	1785000	0.05274122499079209	1782500
chr16	1785000	1790000	0.05274122499079208	1787500
chr16	1790000	1795000	0.05337667880228134	1792500
chr16	1795000	1800000	0.07416772417489922	1797500
chr16	1800000	1805000	0.07426815546319022	1802500
chr16	1805000	1810000	0.07426815546319021	1807500
chr16	1810000	1815000	0.0742681554631902	1812500
chr16	1815000	1820000	0.07426815546319021	1817500
chr16	1820000	1825000	0.09290188945252338	1822500
chr16	1825000	1830000	0.1689557426091052	1827500
chr16	1830000	1835000	0.17815167157218992	1832500
chr16	1835000	1840000	0.1601595374541661	1837500
chr16	1840000	1845000	0.14329191171851852	1842500
chr16	1845000	1850000	0.18308871853472428	1847500
chr16	1850000	1855000	0.2347451005235614	1852500
chr16	1855000	1860000	0.1654489499142792	1857500
chr16	1860000	1865000	0.1654489499142792	1862500
chr16	1865000	1870000	0.16544894991427928	1867500
chr16	1870000	1875000	0.1654489499142792	1872500
chr16	1875000	1880000	0.16544894991427925	1877500
chr16	1880000	1885000	0.1654489499142793	1882500
chr16	1885000	1890000	0.18491342748279757	1887500
chr16	1890000	1895000	0.19125069924929203	1892500
chr16	1895000	1900000	0.1912506992492919	1897500
chr16	1900000	1905000	0.3071672886119669	1902500
chr16	1905000	1910000	0.37461651033812143	1907500
chr16	1910000	1915000	0.3746165103381213	1912500
chr16	1915000	1920000	0.3256847954241001	1917500
chr16	1920000	1925000	0.24728965010812565	1922500
chr16	1925000	1930000	0.24728965010812712	1927500
chr16	1930000	1935000	0.24728965010812756	1932500
chr16	1935000	1940000	0.24728965010812745	1937500
chr16	1940000	1945000	0.24728965010812734	1942500
chr16	1945000	1950000	0.5235611426823107	1947500
chr16	1950000	1955000	0.7027682405157493	1952500
chr16	1955000	1960000	0.9334291665757363	1957500
chr16	1960000	1965000	0.9775755529581238	1962500
chr16	1965000	1970000	0.9775755529581238	1967500
chr16	1970000	1975000	0.8055580161199937	1972500
chr16	1975000	1980000	0.86274256399699	1977500
chr16	1980000	1985000	1.3870269213955835	1982500
chr16	1985000	1990000	0.8846788019578512	1987500
chr16	1990000	1995000	0.9774824653686938	1992500
chr16	1995000	2000000	1.1604169882559927	1997500
chr16	2000000	2005000	0.856213334769237	2002500
chr16	2005000	2010000	0.4435548356636735	2007500
chr16	2010000	2015000	0.4176988775313967	2012500
chr16	2015000	2020000	0.4446463134996171	2017500
chr16	2020000	2025000	0.7764118397206939	2022500
chr16	2025000	2030000	0.6635207842774973	2027500
chr16	2030000	2035000	0.6310180501986159	2032500
chr16	2035000	2040000	0.8133017285091568	2037500
chr16	2040000	2045000	0.6055570784170519	2042500
chr16	2045000	2050000	0.8817044107487232	2047500
chr16	2050000	2055000	1.9051800974415367	2052500
chr16	2055000	2060000	1.5557802312194844	2057500
chr16	2060000	2065000	1.3232722497440264	2062500
chr16	2065000	2070000	1.0808483122875954	2067500
chr16	2070000	2075000	1.297230918293102	2072500
chr16	2075000	2080000	1.3062047583117389	2077500
chr16	2080000	2085000	1.5897251845414537	2082500
chr16	2085000	2090000	2.3525243388585824	2087500
chr16	2090000	2095000	1.9456626954897784	2092500
chr16	2095000	2100000	2.7672632454285147	2097500
chr16	2100000	2105000	2.4211308440885047	2102500
chr16	2105000	2110000	2.1107876872487727	2107500
chr16	2110000	2115000	1.7346646485711956	2112500
chr16	2115000	2120000	1.1969407050090553	2117500
chr16	2120000	2125000	1.9694919450742867	2122500
chr16	2125000	2130000	3.5902848231435924	2127500
chr16	2130000	2135000	3.197063508368558	2132500
chr16	2135000	2140000	2.510288198298223	2137500
chr16	2140000	2145000	2.1988120441857646	2142500
chr16	2145000	2150000	7.491211931792109	2147500
chr16	2150000	2155000	2.9019285968937036	2152500
chr16	2155000	2160000	2.5409664243521415	2157500
chr16	2160000	2165000	2.522706507329219	2162500
chr16	2165000	2170000	1.7973203995231093	2167500
chr16	2170000	2175000	2.4433165446571956	2172500
chr16	2175000	2180000	9.716013211042538	2177500
chr16	2180000	2185000	2.4757805689174526	2182500
chr16	2185000	2190000	1.7914995998468264	2187500
chr16	2190000	2195000	4.362758734957318	2192500
chr16	2195000	2200000	4.426935666649484	2197500
chr16	2200000	2205000	1.9088789962424273	2202500
chr16	2205000	2210000	2.8031761321485673	2207500
chr16	2210000	2215000	5.317828084864437	2212500
chr16	2215000	2220000	3.382494925921257	2217500
chr16	2220000	2225000	4.071153541106943	2222500
chr16	2225000	2230000	3.3743307729231073	2227500
chr16	2230000	2235000	4.4763504369796205	2232500
chr16	2235000	2240000	4.58395606215117	2237500
chr16	2240000	2245000	6.52738152977107	2242500
chr16	2245000	2250000	9.402716346723416	2247500
chr16	2250000	2255000	8.446117607876069	2252500
chr16	2255000	2260000	6.55225397676758	2257500
chr16	2260000	2265000	5.391941183577631	2262500
chr16	2265000	2270000	3.7685668200506024	2267500
chr16	2270000	2275000	4.3414390918275245	2272500
chr16	2275000	2280000	4.751303978889679	2277500
chr16	2280000	2285000	10.054379630104027	2282500
chr16	2285000	2290000	4.764635442327024	2287500
chr16	2290000	2295000	4.903155793855786	2292500
chr16	2295000	2300000	6.490107821264786	2297500
chr16	2300000	2305000	4.40475533872306	2302500
chr16	2305000	2310000	3.8203010623547953	2307500
chr16	2310000	2315000	8.786223549346422	2312500
chr16	2315000	2320000	9.557820448301953	2317500
chr16	2320000	2325000	4.400667082145787	2322500
chr16	2325000	2330000	5.389956467548594	2327500
chr16	2330000	2335000	6.003869469928253	2332500
chr16	2335000	2340000	7.403555746544493	2337500
chr16	2340000	2345000	2.4228674137564616	2342500
chr16	2345000	2350000	2.8121765395752827	2347500
chr16	2350000	2355000	7.482712743283183	2352500
chr16	2355000	2360000	21.14424311264681	2357500
chr16	2360000	2365000	4.107888840346804	2362500
chr16	2365000	2370000	7.0315297817113045	2367500
chr16	2370000	2375000	3.330780320077513	2372500
chr16	2375000	2380000	5.5911516430379455	2377500
chr16	2380000	2385000	14.400924064342766	2382500
chr16	2385000	2390000	5.735153473152177	2387500
chr16	2390000	2395000	8.9093627699832	2392500
chr16	2395000	2400000	10.5425783225282	2397500
chr16	2400000	2405000	10.653673623843053	2402500
chr16	2405000	2410000	8.62399366123973	2407500
chr16	2410000	2415000	7.963442323067466	2412500
chr16	2415000	2420000	5.467696977461739	2417500
chr16	2420000	2425000	12.80052088621091	2422500
chr16	2425000	2430000	8.185835827645082	2427500
chr16	2430000	2435000	7.9241969959194645	2432500
chr16	2435000	2440000	6.0133526556677275	2437500
chr16	2440000	2445000	3.5983885906901825	2442500
chr16	2445000	2450000	5.552308251896559	2447500
chr16	2450000	2455000	8.76292689839425	2452500
chr16	2455000	2460000	7.182923595807686	2457500
chr16	2460000	2465000	7.768954300638228	2462500
chr16	2465000	2470000	12.503527379785245	2467500
chr16	2470000	2475000	11.067974107848801	2472500
chr16	2475000	2480000	8.756738144810944	2477500
chr16	2480000	2485000	6.55245831154989	2482500
chr16	2485000	2490000	9.329556269712736	2487500
chr16	2490000	2495000	6.261158394470528	2492500
chr16	2495000	2500000	3.6599783165318676	2497500
chr16	2500000	2505000	4.746650228743298	2502500
chr16	2505000	2510000	3.6979877816438638	2507500
chr16	2510000	2515000	4.4796491225874595	2512500
chr16	2515000	2520000	3.099594008868811	2517500
chr16	2520000	2525000	1.8558980001202627	2522500
chr16	2525000	2530000	4.554093922899769	2527500
chr16	2530000	2535000	4.649506865797956	2532500
chr16	2535000	2540000	7.790510890063714	2537500
chr16	2540000	2545000	3.58517453032333	2542500
chr16	2545000	2550000	9.270816239982054	2547500
chr16	2550000	2555000	9.149342202646258	2552500
chr16	2555000	2560000	11.961379819284366	2557500
chr16	2560000	2565000	4.605631123979874	2562500
chr16	2565000	2570000	12.666325622978173	2567500
chr16	2570000	2575000	5.375803894979913	2572500
chr16	2575000	2580000	9.298072569060993	2577500
chr16	2580000	2585000	5.393325703719684	2582500
chr16	2585000	2590000	7.529744001123059	2587500
chr16	2590000	2595000	5.920662426427805	2592500
chr16	2595000	2600000	19.435300280176666	2597500
chr16	2610000	2615000	23.01974203333678	2612500
chr16	2620000	2625000	22.969967606639656	2622500
chr16	2625000	2630000	21.959414808729953	2627500
chr16	2630000	2635000	20.73355348393087	2632500
chr16	2635000	2640000	14.401166895600833	2637500
chr16	2640000	2645000	15.513512849578403	2642500
chr16	2645000	2650000	21.02079394972533	2647500
chr16	2650000	2655000	15.914420651854936	2652500
chr16	2655000	2660000	18.221957513267963	2657500
chr16	2660000	2665000	18.1510055155456	2662500
chr16	2665000	2670000	19.921736199414806	2667500
chr16	2670000	2675000	16.070445821780915	2672500
chr16	2675000	2680000	22.82961014528087	2677500
chr16	2680000	2685000	17.70055172412323	2682500
chr16	2685000	2690000	16.57202476695981	2687500
chr16	2690000	2695000	20.36782034114431	2692500
chr16	2695000	2700000	25.54718753925767	2697500
chr16	2700000	2705000	30.51252189015907	2702500
chr16	2705000	2710000	15.346426675743404	2707500
chr16	2710000	2715000	19.631023755435777	2712500
chr16	2715000	2720000	34.013641400563934	2717500
chr16	2720000	2725000	16.188258717751967	2722500
chr16	2725000	2730000	21.575530404546733	2727500
chr16	2730000	2735000	11.912226801007785	2732500
chr16	2735000	2740000	20.96385984992336	2737500
chr16	2740000	2745000	15.233611550364056	2742500
chr16	2745000	2750000	16.28971304800432	2747500
chr16	2750000	2755000	13.791007089079116	2752500
chr16	2755000	2760000	10.280539879025998	2757500
chr16	2760000	2765000	12.835960763797862	2762500
chr16	2765000	2770000	7.419828211030383	2767500
chr16	2770000	2775000	7.558115967151104	2772500
chr16	2775000	2780000	11.206962170194293	2777500
chr16	2780000	2785000	12.950515166684745	2782500
chr16	2785000	2790000	13.765677396044849	2787500
chr16	2790000	2795000	14.077050179604795	2792500
chr16	2795000	2800000	17.4553672291259	2797500
chr16	2800000	2805000	9.626288494896	2802500
chr16	2805000	2810000	10.457459686904505	2807500
chr16	2810000	2815000	12.03308001213375	2812500
chr16	2815000	2820000	24.094032908068673	2817500
chr16	2820000	2825000	32.18708382107742	2822500
chr16	2825000	2830000	40.76345713847358	2827500
chr16	2830000	2835000	11.618252061010123	2832500
chr16	2835000	2840000	11.50901791951547	2837500
chr16	2840000	2845000	14.323737637228557	2842500
chr16	2845000	2850000	19.12114039477201	2847500
chr16	2850000	2855000	20.113383039382388	2852500
chr16	2855000	2860000	17.35609968491905	2857500
chr16	2860000	2865000	28.759148191450734	2862500
chr16	2865000	2870000	22.513192897289038	2867500
chr16	2870000	2875000	16.328742204373224	2872500
chr16	2875000	2880000	14.683056381753518	2877500
chr16	2880000	2885000	23.014912385633743	2882500
chr16	2885000	2890000	16.112891589903615	2887500
chr16	2890000	2895000	38.09125998811011	2892500
chr16	2895000	2900000	16.28536882590672	2897500
chr16	2900000	2905000	13.192159716655095	2902500
chr16	2905000	2910000	12.128535502697963	2907500
chr16	2910000	2915000	8.211509988766462	2912500
chr16	2915000	2920000	7.902462000025545	2917500
chr16	2920000	2925000	9.780934782445138	2922500
chr16	2925000	2930000	9.979206770814379	2927500
chr16	2930000	2935000	18.938012794504157	2932500
chr16	2935000	2940000	12.988124658953772	2937500
chr16	2940000	2945000	19.258802993774786	2942500
chr16	2945000	2950000	17.67243863873789	2947500
chr16	2950000	2955000	34.281664120571	2952500
chr16	2955000	2960000	17.883599200706964	2957500
chr16	2960000	2965000	16.50822834892659	2962500
chr16	2965000	2970000	26.43139166111134	2967500
chr16	2970000	2975000	30.534494075009803	2972500
chr16	2975000	2980000	13.115503404554211	2977500
chr16	2980000	2985000	11.23410175346626	2982500
chr16	2985000	2990000	15.08442472674626	2987500
chr16	2990000	2995000	12.087758134688226	2992500
chr16	2995000	3000000	11.67368087906256	2997500
chr16	3000000	3005000	16.269076868938612	3002500
chr16	3005000	3010000	16.81345948959026	3007500
chr16	3010000	3015000	33.440459348267936	3012500
chr16	3015000	3020000	9.782356037524675	3017500
chr16	3020000	3025000	10.58333356297889	3022500
chr16	3025000	3030000	9.059780625656591	3027500
chr16	3030000	3035000	11.130593115497733	3032500
chr16	3035000	3040000	11.371587919752638	3037500
chr16	3040000	3045000	22.914095970077952	3042500
chr16	3045000	3050000	17.72617897039549	3047500
chr16	3050000	3055000	30.235342670680307	3052500
chr16	3055000	3060000	30.181059871442564	3057500
chr16	3060000	3065000	22.555059420604234	3062500
chr16	3065000	3070000	14.165689592349967	3067500
chr16	3070000	3075000	16.51806822772482	3072500
chr16	3075000	3080000	18.420356895094454	3077500
chr16	3080000	3085000	15.82548905989993	3082500
chr16	3085000	3090000	17.842187125778096	3087500
chr16	3090000	3095000	22.896974017403373	3092500
chr16	3095000	3100000	14.019949687787884	3097500
chr16	3100000	3105000	15.310733130415608	3102500
chr16	3105000	3110000	18.625845399962756	3107500
chr16	3110000	3115000	18.283230983177074	3112500
chr16	3115000	3120000	16.008747216542197	3117500
chr16	3120000	3125000	23.4144394937067	3122500
chr16	3125000	3130000	19.167478947427565	3127500
chr16	3130000	3135000	15.273306827032105	3132500
chr16	3135000	3140000	12.986235756782731	3137500
chr16	3140000	3145000	13.912137170912649	3142500
chr16	3145000	3150000	20.038702949192956	3147500
chr16	3150000	3155000	9.94260773906028	3152500
chr16	3155000	3160000	14.963419141842486	3157500
chr16	3160000	3165000	17.943204020660737	3162500
chr16	3165000	3170000	28.997283089919264	3167500
chr16	3170000	3175000	33.57128231277499	3172500
chr16	3175000	3180000	30.199598780931233	3177500
chr16	3180000	3185000	26.572471322894593	3182500
chr16	3185000	3190000	24.386458101209875	3187500
chr16	3190000	3195000	22.69396342766167	3192500
chr16	3195000	3200000	22.592918862180344	3197500
chr16	3200000	3205000	20.730072445517163	3202500
chr16	3205000	3210000	24.62261424259418	3207500
chr16	3210000	3215000	37.12453257738933	3212500
chr16	3215000	3220000	21.277726109066755	3217500
chr16	3220000	3225000	18.167203623581706	3222500
chr16	3225000	3230000	21.617596964578244	3227500
chr16	3230000	3235000	20.74185741699531	3232500
chr16	3235000	3240000	20.127502594488465	3237500
chr16	3240000	3245000	26.69834091176516	3242500
chr16	3245000	3250000	25.722623525309306	3247500
chr16	3250000	3255000	24.639653629856227	3252500
chr16	3255000	3260000	20.9209303508345	3257500
chr16	3260000	3265000	20.333787701782285	3262500
chr16	3265000	3270000	27.452624527778053	3267500
chr16	3270000	3275000	31.380139864550824	3272500
chr16	3275000	3280000	27.12191781531529	3277500
chr16	3280000	3285000	23.166065297369833	3282500
chr16	3285000	3290000	19.120929164540893	3287500
chr16	3290000	3295000	27.720651588570927	3292500
chr16	3295000	3300000	17.10180568408043	3297500
chr16	3300000	3305000	24.194723382688878	3302500
chr16	3305000	3310000	12.880420049318777	3307500
chr16	3310000	3315000	14.916689749626828	3312500
chr16	3315000	3320000	10.071872462667335	3317500
chr16	3320000	3325000	8.142632599422537	3322500
chr16	3325000	3330000	8.666546286810224	3327500
chr16	3330000	3335000	10.724007300519954	3332500
chr16	3335000	3340000	15.363972864991917	3337500
chr16	3340000	3345000	15.030208279389374	3342500
chr16	3345000	3350000	16.759710407918757	3347500
chr16	3350000	3355000	17.054601124198104	3352500
chr16	3355000	3360000	16.456123334778358	3357500
chr16	3360000	3365000	13.494000119321257	3362500
chr16	3365000	3370000	14.600838727031762	3367500
chr16	3370000	3375000	12.769861302109764	3372500
chr16	3375000	3380000	14.637143817087233	3377500
chr16	3380000	3385000	16.100717436053344	3382500
chr16	3385000	3390000	14.076797199528361	3387500
chr16	3390000	3395000	14.654260747618203	3392500
chr16	3395000	3400000	18.292868661672294	3397500
chr16	3400000	3405000	21.16377366759177	3402500
chr16	3405000	3410000	18.598910055672693	3407500
chr16	3410000	3415000	18.8139374989549	3412500
chr16	3415000	3420000	15.60331406487348	3417500
chr16	3420000	3425000	15.711588026826446	3422500
chr16	3425000	3430000	17.358072954284804	3427500
chr16	3430000	3435000	21.796269499475926	3432500
chr16	3435000	3440000	18.65419830547995	3437500
chr16	3440000	3445000	21.609987834579513	3442500
chr16	3445000	3450000	22.050081528625817	3447500
chr16	3450000	3455000	19.89346799464008	3452500
chr16	3455000	3460000	16.59618009849948	3457500
chr16	3460000	3465000	21.81739522046255	3462500
chr16	3465000	3470000	22.067528709467446	3467500
chr16	3470000	3475000	21.237443214408792	3472500
chr16	3475000	3480000	19.163693114778553	3477500
chr16	3480000	3485000	17.0588638803933	3482500
chr16	3485000	3490000	17.978176284447986	3487500
chr16	3490000	3495000	19.02548079937497	3492500
chr16	3495000	3500000	23.776322793740874	3497500
chr16	3500000	3505000	14.95456864485955	3502500
chr16	3505000	3510000	12.095730171401435	3507500
chr16	3510000	3515000	13.36234397169415	3512500
chr16	3515000	3520000	15.139336485963788	3517500
chr16	3520000	3525000	15.625000713988841	3522500
chr16	3525000	3530000	8.863916354063097	3527500
chr16	3530000	3535000	11.32657446011831	3532500
chr16	3535000	3540000	14.961629343485624	3537500
chr16	3540000	3545000	18.29637038522587	3542500
chr16	3545000	3550000	12.843794226491967	3547500
chr16	3550000	3555000	14.009744629531927	3552500
chr16	3555000	3560000	21.62930313355714	3557500
chr16	3560000	3565000	18.50290330354483	3562500
chr16	3565000	3570000	20.16586161999093	3567500
chr16	3570000	3575000	17.595852037166946	3572500
chr16	3575000	3580000	34.14767065163499	3577500
chr16	3580000	3585000	25.90517151040993	3582500
chr16	3585000	3590000	19.413720204510913	3587500
chr16	3590000	3595000	20.125052230202098	3592500
chr16	3595000	3600000	17.582230273725663	3597500
chr16	3600000	3605000	15.875930000716282	3602500
chr16	3605000	3610000	17.22537064432167	3607500
chr16	3610000	3615000	19.868467140225466	3612500
chr16	3615000	3620000	16.067659728103436	3617500
chr16	3620000	3625000	16.593340072866976	3622500
chr16	3625000	3630000	12.243189612008523	3627500
chr16	3630000	3635000	16.099344914352262	3632500
chr16	3635000	3640000	11.28042147295595	3637500
chr16	3640000	3645000	18.09097409370636	3642500
chr16	3645000	3650000	13.067298665145	3647500
chr16	3650000	3655000	13.543754013288726	3652500
chr16	3655000	3660000	20.403440263598313	3657500
chr16	3660000	3665000	15.90211367132252	3662500
chr16	3665000	3670000	22.54264187026823	3667500
chr16	3670000	3675000	17.519012035346307	3672500
chr16	3675000	3680000	18.738538327145484	3677500
chr16	3680000	3685000	25.34537325675718	3682500
chr16	3685000	3690000	19.047051041937745	3687500
chr16	3690000	3695000	25.28207059339802	3692500
chr16	3695000	3700000	20.502653950121235	3697500
chr16	3700000	3705000	25.5827158605712	3702500
chr16	3705000	3710000	22.073560047893533	3707500
chr16	3710000	3715000	15.911753267359778	3712500
chr16	3715000	3720000	14.029807102311809	3717500
chr16	3720000	3725000	16.406775471149444	3722500
chr16	3725000	3730000	17.10348766027363	3727500
chr16	3730000	3735000	20.63678987233856	3732500
chr16	3735000	3740000	13.306586316938278	3737500
chr16	3740000	3745000	12.681481202394668	3742500
chr16	3745000	3750000	16.613038187354075	3747500
chr16	3750000	3755000	10.872876032709842	3752500
chr16	3755000	3760000	11.33311946375043	3757500
chr16	3760000	3765000	18.342856223407914	3762500
chr16	3765000	3770000	35.677906478901924	3767500
chr16	3770000	3775000	18.47368476112255	3772500
chr16	3775000	3780000	17.54286798011366	3777500
chr16	3780000	3785000	18.92082644761196	3782500
chr16	3785000	3790000	18.052006976096546	3787500
chr16	3790000	3795000	31.727454881531852	3792500
chr16	3795000	3800000	19.69830211890833	3797500
chr16	3800000	3805000	14.339893621582098	3802500
chr16	3805000	3810000	20.4230972289405	3807500
chr16	3810000	3815000	18.28270593520228	3812500
chr16	3815000	3820000	18.326589642261936	3817500
chr16	3820000	3825000	21.29311699456232	3822500
chr16	3825000	3830000	31.44122164438024	3827500
chr16	3830000	3835000	13.272912552600362	3832500
chr16	3835000	3840000	12.941179326915854	3837500
chr16	3840000	3845000	21.72176212430055	3842500
chr16	3845000	3850000	18.47798124991664	3847500
chr16	3850000	3855000	18.18108643379697	3852500
chr16	3855000	3860000	10.275945579959027	3857500
chr16	3860000	3865000	22.362299961195223	3862500
chr16	3865000	3870000	28.173667946985447	3867500
chr16	3870000	3875000	16.753894724146967	3872500
chr16	3875000	3880000	15.003664683566623	3877500
chr16	3880000	3885000	19.392121606382403	3882500
chr16	3885000	3890000	17.606955399128342	3887500
chr16	3890000	3895000	18.407514055472337	3892500
chr16	3895000	3900000	46.941875543359465	3897500
chr16	3900000	3905000	26.673527880991738	3902500
chr16	3905000	3910000	23.72713701167782	3907500
chr16	3910000	3915000	32.21361206329807	3912500
chr16	3915000	3920000	26.967173782316774	3917500
chr16	3920000	3925000	36.340391104773055	3922500
chr16	3925000	3930000	32.227499958915494	3927500
chr16	3930000	3935000	32.54835315859467	3932500
chr16	3935000	3940000	26.426791939503747	3937500
chr16	3940000	3945000	12.789017022682655	3942500
chr16	3945000	3950000	13.753256789222888	3947500
chr16	3950000	3955000	24.75972259712258	3952500
chr16	3955000	3960000	32.00075008339058	3957500
chr16	3960000	3965000	30.436817554098337	3962500
chr16	3965000	3970000	20.79787222344123	3967500
chr16	3970000	3975000	24.09594534882834	3972500
chr16	3975000	3980000	33.31822421813316	3977500
chr16	3980000	3985000	30.9787355011244	3982500
chr16	3985000	3990000	23.982278557199432	3987500
chr16	3990000	3995000	13.096379364123575	3992500
chr16	3995000	4000000	25.740147474310955	3997500
chr16	4000000	4005000	33.81237010463007	4002500
chr16	4005000	4010000	28.359628457419923	4007500
chr16	4010000	4015000	23.02825208944827	4012500
chr16	4015000	4020000	28.14839562846186	4017500
chr16	4020000	4025000	32.954771952053186	4022500
chr16	4025000	4030000	20.16308766456132	4027500
chr16	4030000	4035000	15.782446343385248	4032500
chr16	4035000	4040000	14.153219374251465	4037500
chr16	4040000	4045000	21.743512751811327	4042500
chr16	4045000	4050000	30.59909693267634	4047500
chr16	4050000	4055000	25.025622426145066	4052500
chr16	4055000	4060000	41.952783524459605	4057500
chr16	4060000	4065000	18.02144625444838	4062500
chr16	4065000	4070000	19.602777970266036	4067500
chr16	4070000	4075000	24.012515588776033	4072500
chr16	4075000	4080000	25.55512069363676	4077500
chr16	4080000	4085000	36.270642421196456	4082500
chr16	4085000	4090000	52.50136487326001	4087500
chr16	4090000	4095000	21.33688269415448	4092500
chr16	4095000	4100000	40.63353445121589	4097500
chr16	4100000	4105000	22.38340875064444	4102500
chr16	4105000	4110000	18.06358319535424	4107500
chr16	4110000	4115000	23.894768817080724	4112500
chr16	4115000	4120000	39.421165873149135	4117500
chr16	4120000	4125000	24.441456706879606	4122500
chr16	4125000	4130000	23.735650743302763	4127500
chr16	4130000	4135000	30.321627373867283	4132500
chr16	4135000	4140000	21.478477490202422	4137500
chr16	4140000	4145000	19.433990466520935	4142500
chr16	4145000	4150000	20.84244014690053	4147500
chr16	4150000	4155000	21.284827515151665	4152500
chr16	4155000	4160000	24.278075264774717	4157500
chr16	4160000	4165000	29.32021085770902	4162500
chr16	4165000	4170000	32.790844081177426	4167500
chr16	4170000	4175000	17.567685581214192	4172500
chr16	4175000	4180000	18.318166070830866	4177500
chr16	4180000	4185000	20.467319608095977	4182500
chr16	4185000	4190000	35.06303833599433	4187500
chr16	4190000	4195000	27.74868643594838	4192500
chr16	4195000	4200000	30.76697267447609	4197500
chr16	4200000	4205000	34.139709271222486	4202500
chr16	4205000	4210000	25.174920965081927	4207500
chr16	4210000	4215000	23.739367523660587	4212500
chr16	4215000	4220000	34.2699789527692	4217500
chr16	4220000	4225000	26.163747096059904	4222500
chr16	4225000	4230000	25.664265313324293	4227500
chr16	4230000	4235000	28.356646165906408	4232500
chr16	4235000	4240000	25.702394467332322	4237500
chr16	4240000	4245000	27.19207082409321	4242500
chr16	4245000	4250000	32.80729356418173	4247500
chr16	4250000	4255000	20.01256027025384	4252500
chr16	4255000	4260000	19.149910077906416	4257500
chr16	4260000	4265000	11.78435537417563	4262500
chr16	4265000	4270000	13.543018069254565	4267500
chr16	4270000	4275000	30.310069408732172	4272500
chr16	4275000	4280000	10.321374247066693	4277500
chr16	4280000	4285000	17.30767981319551	4282500
chr16	4285000	4290000	11.0755873653712	4287500
chr16	4290000	4295000	11.24303476485108	4292500
chr16	4295000	4300000	14.52909498641077	4297500
chr16	4300000	4305000	20.192430178518613	4302500
chr16	4305000	4310000	31.2352532834462	4307500
chr16	4310000	4315000	32.27594106412395	4312500
chr16	4315000	4320000	14.391990982490688	4317500
chr16	4320000	4325000	15.018324511362962	4322500
chr16	4325000	4330000	17.529993025458765	4327500
chr16	4330000	4335000	20.149167642250706	4332500
chr16	4335000	4340000	18.445865917240795	4337500
chr16	4340000	4345000	23.163287149816107	4342500
chr16	4345000	4350000	13.971412553270438	4347500
chr16	4350000	4355000	8.634436552669513	4352500
chr16	4355000	4360000	17.99861643476044	4357500
chr16	4360000	4365000	14.148217057202137	4362500
chr16	4365000	4370000	15.83347963625451	4367500
chr16	4370000	4375000	18.566772252656516	4372500
chr16	4375000	4380000	24.14412644989119	4377500
chr16	4380000	4385000	16.08585553266777	4382500
chr16	4385000	4390000	15.859000277319819	4387500
chr16	4390000	4395000	15.29771024527102	4392500
chr16	4395000	4400000	24.75104921196747	4397500
chr16	4400000	4405000	26.09009850443116	4402500
chr16	4405000	4410000	17.415626546325342	4407500
chr16	4410000	4415000	18.669741186801083	4412500
chr16	4415000	4420000	17.6125821570082	4417500
chr16	4420000	4425000	20.12401478139697	4422500
chr16	4425000	4430000	18.623716651231213	4427500
chr16	4430000	4435000	18.0334281298683	4432500
chr16	4435000	4440000	19.335059277394215	4437500
chr16	4440000	4445000	19.572249637369772	4442500
chr16	4445000	4450000	20.85517889554029	4447500
chr16	4450000	4455000	24.10930226968614	4452500
chr16	4455000	4460000	21.282629049908834	4457500
chr16	4460000	4465000	21.663519756659067	4462500
chr16	4465000	4470000	17.260017785841328	4467500
chr16	4470000	4475000	18.29264201285992	4472500
chr16	4475000	4480000	16.46259015051078	4477500
chr16	4480000	4485000	16.533775990557306	4482500
chr16	4485000	4490000	20.066254741881753	4487500
chr16	4490000	4495000	19.53814269468205	4492500
chr16	4495000	4500000	15.850447997591656	4497500
chr16	4500000	4505000	18.655757395916947	4502500
chr16	4505000	4510000	24.492338241736192	4507500
chr16	4510000	4515000	23.108339074925414	4512500
chr16	4515000	4520000	24.356221615577482	4517500
chr16	4520000	4525000	19.04490472216237	4522500
chr16	4525000	4530000	16.422528311092535	4527500
chr16	4530000	4535000	17.486258337026456	4532500
chr16	4535000	4540000	21.109856960997792	4537500
chr16	4540000	4545000	24.213044632185785	4542500
chr16	4545000	4550000	14.202687432668277	4547500
chr16	4550000	4555000	16.475462502858	4552500
chr16	4555000	4560000	18.287554282412668	4557500
chr16	4560000	4565000	16.752162439737308	4562500
chr16	4565000	4570000	21.315051217194345	4567500
chr16	4570000	4575000	18.34555413908718	4572500
chr16	4575000	4580000	22.899327959160154	4577500
chr16	4580000	4585000	21.4656795339983	4582500
chr16	4585000	4590000	20.613047691856003	4587500
chr16	4590000	4595000	29.50001301800536	4592500
chr16	4595000	4600000	19.93364309681705	4597500
chr16	4600000	4605000	17.183295483369285	4602500
chr16	4605000	4610000	20.668573125879686	4607500
chr16	4610000	4615000	20.144487226175016	4612500
chr16	4615000	4620000	20.918182948545734	4617500
chr16	4620000	4625000	17.739365696562672	4622500
chr16	4625000	4630000	18.17604945365389	4627500
chr16	4630000	4635000	20.921416240309323	4632500
chr16	4635000	4640000	21.139597437432556	4637500
chr16	4640000	4645000	20.34280621498583	4642500
chr16	4645000	4650000	22.96736656466015	4647500
chr16	4650000	4655000	21.35639870513813	4652500
chr16	4655000	4660000	23.23872241738692	4657500
chr16	4660000	4665000	17.92789420395217	4662500
chr16	4665000	4670000	28.601869078271662	4667500
chr16	4670000	4675000	30.759391696583496	4672500
chr16	4675000	4680000	33.915994282707835	4677500
chr16	4680000	4685000	26.025693476747985	4682500
chr16	4685000	4690000	17.736894300407624	4687500
chr16	4690000	4695000	21.96157032355234	4692500
chr16	4695000	4700000	24.19632081420772	4697500
chr16	4700000	4705000	18.83212431845244	4702500
chr16	4705000	4710000	17.126318129150377	4707500
chr16	4710000	4715000	14.841850452759893	4712500
chr16	4715000	4720000	20.475274012696712	4717500
chr16	4720000	4725000	11.026208839455537	4722500
chr16	4725000	4730000	17.091505393821894	4727500
chr16	4730000	4735000	17.222517409152555	4732500
chr16	4735000	4740000	20.120874759358983	4737500
chr16	4740000	4745000	15.266852274136332	4742500
chr16	4745000	4750000	20.644434453114517	4747500
chr16	4750000	4755000	19.305422109746516	4752500
chr16	4755000	4760000	17.964956073339895	4757500
chr16	4760000	4765000	18.883984180861937	4762500
chr16	4765000	4770000	18.730951821784085	4767500
chr16	4770000	4775000	16.749578923328922	4772500
chr16	4775000	4780000	18.195588384807323	4777500
chr16	4780000	4785000	21.651900906259055	4782500
chr16	4785000	4790000	17.83615720970923	4787500
chr16	4790000	4795000	18.223487466151795	4792500
chr16	4795000	4800000	19.1307930768055	4797500
chr16	4800000	4805000	18.147893222385207	4802500
chr16	4805000	4810000	21.349795687715122	4807500
chr16	4810000	4815000	18.059723242188813	4812500
chr16	4815000	4820000	15.52809314291538	4817500
chr16	4820000	4825000	14.218165305427036	4822500
chr16	4825000	4830000	22.85987575848168	4827500
chr16	4830000	4835000	13.540005113740024	4832500
chr16	4835000	4840000	16.0747213076611	4837500
chr16	4840000	4845000	18.936100374515963	4842500
chr16	4845000	4850000	21.9758717694929	4847500
chr16	4850000	4855000	19.137251924620546	4852500
chr16	4855000	4860000	21.369520953948513	4857500
chr16	4860000	4865000	24.076729785639934	4862500
chr16	4865000	4870000	16.748549694216866	4867500
chr16	4870000	4875000	16.232810675879826	4872500
chr16	4875000	4880000	20.06565938889909	4877500
chr16	4880000	4885000	14.47889659816938	4882500
chr16	4885000	4890000	15.541875829959503	4887500
chr16	4890000	4895000	18.21822340151361	4892500
chr16	4895000	4900000	15.355693969209712	4897500
chr16	4900000	4905000	18.45305946695305	4902500
chr16	4905000	4910000	30.66165838898654	4907500
chr16	4910000	4915000	18.047866790532357	4912500
chr16	4915000	4920000	15.448937606546858	4917500
chr16	4920000	4925000	15.41922135547929	4922500
chr16	4925000	4930000	15.139575721382945	4927500
chr16	4930000	4935000	14.859974693453061	4932500
chr16	4935000	4940000	18.345899762737375	4937500
chr16	4940000	4945000	19.818263257549805	4942500
chr16	4945000	4950000	17.692478529851766	4947500
chr16	4950000	4955000	15.097274376934582	4952500
chr16	4955000	4960000	22.712459208266747	4957500
chr16	4960000	4965000	14.876494996881913	4962500
chr16	4965000	4970000	12.7529862358116	4967500
chr16	4970000	4975000	11.124096663508926	4972500
chr16	4975000	4980000	16.897243415240062	4977500
chr16	4980000	4985000	12.25436567961335	4982500
chr16	4985000	4990000	14.46313975433687	4987500
chr16	4990000	4995000	18.98534660153885	4992500
chr16	4995000	5000000	20.547893331431617	4997500
chr16	5000000	5005000	15.239346630943405	5002500
chr16	5005000	5010000	16.539404573535013	5007500
chr16	5010000	5015000	17.22074895948367	5012500
chr16	5015000	5020000	20.25957660696822	5017500
chr16	5020000	5025000	19.062828039062786	5022500
chr16	5025000	5030000	19.618207620427217	5027500
chr16	5030000	5035000	16.530750540908166	5032500
chr16	5035000	5040000	16.197690365059735	5037500
chr16	5040000	5045000	20.493382600125894	5042500
chr16	5045000	5050000	18.017093945007687	5047500
chr16	5050000	5055000	17.459325337368895	5052500
chr16	5055000	5060000	14.882938298766925	5057500
chr16	5060000	5065000	13.047284780787717	5062500
chr16	5065000	5070000	18.40250969708179	5067500
chr16	5070000	5075000	24.664846662980835	5072500
chr16	5075000	5080000	45.842204880223754	5077500
chr16	5080000	5085000	47.15533600987751	5082500
chr16	5085000	5090000	34.09628658298293	5087500
chr16	5090000	5095000	23.434125230910258	5092500
chr16	5095000	5100000	25.257256277699984	5097500
chr16	5100000	5105000	50.15749758477844	5102500
chr16	5105000	5110000	59.834713140639785	5107500
chr16	5110000	5115000	24.48851819708659	5112500
chr16	5115000	5120000	22.818491318475804	5117500
chr16	5120000	5125000	17.663822549734448	5122500
chr16	5125000	5130000	25.209505278767217	5127500
chr16	5130000	5135000	21.5209326722828	5132500
chr16	5135000	5140000	20.011261853383136	5137500
chr16	5140000	5145000	20.098020448679453	5142500
chr16	5145000	5150000	16.453738444455627	5147500
chr16	5150000	5155000	18.174894195811945	5152500
chr16	5155000	5160000	16.95500647576432	5157500
chr16	5160000	5165000	17.437338583550527	5162500
chr16	5165000	5170000	18.597769149407295	5167500
chr16	5170000	5175000	23.250797080564965	5172500
chr16	5175000	5180000	35.66837107056698	5177500
chr16	5180000	5185000	16.708835762667004	5182500
chr16	5185000	5190000	13.050976257665743	5187500
chr16	5190000	5195000	10.686631712967761	5192500
chr16	5195000	5200000	13.720810797830094	5197500
chr16	5200000	5205000	21.370837017444035	5202500
chr16	5205000	5210000	26.159695061067477	5207500
chr16	5210000	5215000	35.513271706343005	5212500
chr16	5215000	5220000	21.915553651758692	5217500
chr16	5220000	5225000	21.289392848708996	5222500
chr16	5225000	5230000	26.45620229227994	5227500
chr16	5230000	5235000	27.418498720412515	5232500
chr16	5235000	5240000	21.14996234547551	5237500
chr16	5240000	5245000	23.949884116673015	5242500
chr16	5245000	5250000	20.407039410304943	5247500
chr16	5250000	5255000	22.292824253612423	5252500
chr16	5255000	5260000	21.56220736821502	5257500
chr16	5260000	5265000	22.006262491838513	5262500
chr16	5265000	5270000	21.641726330342433	5267500
chr16	5270000	5275000	21.881788451578064	5272500
chr16	5275000	5280000	19.164665275226284	5277500
chr16	5280000	5285000	21.912110152535163	5282500
chr16	5285000	5290000	23.255549846763614	5287500
chr16	5290000	5295000	19.32243820319868	5292500
chr16	5295000	5300000	19.012862041431543	5297500
chr16	5300000	5305000	21.56170173133613	5302500
chr16	5305000	5310000	17.886591277967305	5307500
chr16	5310000	5315000	20.969874844678497	5312500
chr16	5315000	5320000	17.74697234406558	5317500
chr16	5320000	5325000	15.619848548262839	5322500
chr16	5325000	5330000	18.088630691264317	5327500
chr16	5330000	5335000	19.191553857564926	5332500
chr16	5335000	5340000	16.22309108740852	5337500
chr16	5340000	5345000	15.229213799026077	5342500
chr16	5345000	5350000	15.654388049399955	5347500
chr16	5350000	5355000	24.008146997994782	5352500
chr16	5355000	5360000	20.575983565526634	5357500
chr16	5360000	5365000	16.969003603882857	5362500
chr16	5365000	5370000	17.83733886204694	5367500
chr16	5370000	5375000	17.19156329434923	5372500
chr16	5375000	5380000	15.650799722232543	5377500
chr16	5380000	5385000	15.364393374804344	5382500
chr16	5385000	5390000	18.429040709531872	5387500
chr16	5390000	5395000	11.484907748769281	5392500
chr16	5395000	5400000	21.522896392203062	5397500
chr16	5400000	5405000	13.168771436749557	5402500
chr16	5405000	5410000	9.315604663682054	5407500
chr16	5410000	5415000	11.521851425284742	5412500
chr16	5415000	5420000	14.113708003675125	5417500
chr16	5420000	5425000	23.58289040426169	5422500
chr16	5425000	5430000	16.97997821536128	5427500
chr16	5430000	5435000	19.775114217400123	5432500
chr16	5435000	5440000	13.83290000993455	5437500
chr16	5440000	5445000	17.381139629827217	5442500
chr16	5445000	5450000	14.381331955380267	5447500
chr16	5450000	5455000	10.049699884491856	5452500
chr16	5455000	5460000	6.286249632383215	5457500
chr16	5460000	5465000	9.854635658993713	5462500
chr16	5465000	5470000	8.154064111067827	5467500
chr16	5470000	5475000	13.196019886461357	5472500
chr16	5475000	5480000	23.270269209985013	5477500
chr16	5480000	5485000	14.562333322588097	5482500
chr16	5485000	5490000	34.2867352373291	5487500
chr16	5490000	5495000	19.869509542509807	5492500
chr16	5495000	5500000	14.918967330876406	5497500
chr16	5500000	5505000	21.77676306562201	5502500
chr16	5505000	5510000	24.101941049232423	5507500
chr16	5510000	5515000	14.924709945977165	5512500
chr16	5515000	5520000	17.432508864900054	5517500
chr16	5520000	5525000	13.022742943914329	5522500
chr16	5525000	5530000	10.140329296476573	5527500
chr16	5530000	5535000	10.010348482721449	5532500
chr16	5535000	5540000	12.767691314601414	5537500
chr16	5540000	5545000	13.31240196106027	5542500
chr16	5545000	5550000	12.097244541720663	5547500
chr16	5550000	5555000	10.602327178539994	5552500
chr16	5555000	5560000	13.420429912380383	5557500
chr16	5560000	5565000	16.41728798372047	5562500
chr16	5565000	5570000	30.952258825938422	5567500
chr16	5570000	5575000	20.39198305234203	5572500
chr16	5575000	5580000	22.92576196293656	5577500
chr16	5580000	5585000	15.05851527742321	5582500
chr16	5585000	5590000	16.81500619922112	5587500
chr16	5590000	5595000	19.817510330402495	5592500
chr16	5595000	5600000	16.22969826379439	5597500
chr16	5600000	5605000	35.877758318880126	5602500
chr16	5605000	5610000	26.985004856549743	5607500
chr16	5610000	5615000	15.671915695285326	5612500
chr16	5615000	5620000	9.87619100744548	5617500
chr16	5620000	5625000	9.35347690496822	5622500
chr16	5625000	5630000	12.987651842658092	5627500
chr16	5630000	5635000	22.884089575899345	5632500
chr16	5635000	5640000	8.084424240114464	5637500
chr16	5640000	5645000	13.717907039687072	5642500
chr16	5645000	5650000	14.48710831517667	5647500
chr16	5650000	5655000	20.615405535108742	5652500
chr16	5655000	5660000	13.909964458437436	5657500
chr16	5660000	5665000	24.87790980096218	5662500
chr16	5665000	5670000	23.697561345117638	5667500
chr16	5670000	5675000	45.422990974651064	5672500
chr16	5675000	5680000	41.81703971570231	5677500
chr16	5680000	5685000	43.31125340269809	5682500
chr16	5685000	5690000	49.18007448850898	5687500
chr16	5690000	5695000	36.195328581782825	5692500
chr16	5695000	5700000	21.056543277695933	5697500
chr16	5700000	5705000	19.145683931262866	5702500
chr16	5705000	5710000	28.710320746501935	5707500
chr16	5710000	5715000	23.557000006747177	5712500
chr16	5715000	5720000	10.667689293561022	5717500
chr16	5720000	5725000	15.512056331238695	5722500
chr16	5725000	5730000	22.62512258544102	5727500
chr16	5730000	5735000	36.90958590022756	5732500
chr16	5735000	5740000	27.034638427496205	5737500
chr16	5740000	5745000	40.91312404854031	5742500
chr16	5745000	5750000	20.196461313859558	5747500
chr16	5750000	5755000	25.341886127239505	5752500
chr16	5755000	5760000	26.078327867536043	5757500
chr16	5760000	5765000	26.755767554288152	5762500
chr16	5765000	5770000	31.520712018107115	5767500
chr16	5770000	5775000	23.281625637472654	5772500
chr16	5775000	5780000	34.56655679353608	5777500
chr16	5780000	5785000	26.47880308458397	5782500
chr16	5785000	5790000	20.75895718176038	5787500
chr16	5790000	5795000	33.59923650142877	5792500
chr16	5795000	5800000	22.233874406426196	5797500
chr16	5800000	5805000	41.85310947168754	5802500
chr16	5805000	5810000	18.470094115097528	5807500
chr16	5810000	5815000	19.952302659236505	5812500
chr16	5815000	5820000	24.046993007036736	5817500
chr16	5820000	5825000	12.337133274809847	5822500
chr16	5825000	5830000	9.379202413053985	5827500
chr16	5830000	5835000	6.876064348571705	5832500
chr16	5835000	5840000	26.172122687068722	5837500
chr16	5840000	5845000	19.105875355421556	5842500
chr16	5845000	5850000	13.712194864178553	5847500
chr16	5850000	5855000	18.82211993363981	5852500
chr16	5855000	5860000	23.425489013718632	5857500
chr16	5860000	5865000	28.205251825737236	5862500
chr16	5865000	5870000	20.469197504579533	5867500
chr16	5870000	5875000	22.765859101505608	5872500
chr16	5875000	5880000	19.311582496266286	5877500
chr16	5880000	5885000	20.15231197480198	5882500
chr16	5885000	5890000	21.85390098245035	5887500
chr16	5890000	5895000	17.16354054433623	5892500
chr16	5895000	5900000	17.356968141505387	5897500
chr16	5900000	5905000	14.082627855212587	5902500
chr16	5905000	5910000	17.511765065660377	5907500
chr16	5910000	5915000	21.983950705519494	5912500
chr16	5915000	5920000	16.52590104112635	5917500
chr16	5920000	5925000	16.225473620395817	5922500
chr16	5925000	5930000	24.248390498148442	5927500
chr16	5930000	5935000	22.02854040407105	5932500
chr16	5935000	5940000	14.355502821444393	5937500
chr16	5940000	5945000	23.02883231338108	5942500
chr16	5945000	5950000	25.788510406952966	5947500
chr16	5950000	5955000	28.315776006812666	5952500
chr16	5955000	5960000	30.56418636603358	5957500
chr16	5960000	5965000	26.588402618761997	5962500
chr16	5965000	5970000	24.52499457650123	5967500
chr16	5970000	5975000	27.130784428184654	5972500
chr16	5975000	5980000	19.00925023186603	5977500
chr16	5980000	5985000	29.71990701091574	5982500
chr16	5985000	5990000	15.616603925897667	5987500
chr16	5990000	5995000	17.264524566128127	5992500
chr16	5995000	6000000	21.9118228737289	5997500
chr16	6000000	6005000	19.715187899504116	6002500
chr16	6005000	6010000	22.95487097128953	6007500
chr16	6010000	6015000	28.211562984932478	6012500
chr16	6015000	6020000	27.07629665770179	6017500
chr16	6020000	6025000	25.431100770361635	6022500
chr16	6025000	6030000	17.85048280179996	6027500
chr16	6030000	6035000	15.83309850570815	6032500
chr16	6035000	6040000	17.396405615611265	6037500
chr16	6040000	6045000	5.696386045263052	6042500
chr16	6045000	6050000	5.987537457364889	6047500
chr16	6050000	6055000	22.61525653462304	6052500
chr16	6055000	6060000	6.024067601652948	6057500
chr16	6060000	6065000	10.148005783853094	6062500
chr16	6065000	6070000	10.276711185939769	6067500
chr16	6070000	6075000	15.095183004939456	6072500
chr16	6075000	6080000	17.253838150758714	6077500
chr16	6080000	6085000	23.84156103703201	6082500
chr16	6085000	6090000	16.930411444519034	6087500
chr16	6090000	6095000	12.426851880399788	6092500
chr16	6095000	6100000	12.604574674573472	6097500
chr16	6100000	6105000	21.86995917936232	6102500
chr16	6105000	6110000	17.56432266872731	6107500
chr16	6110000	6115000	12.530259985014146	6112500
chr16	6115000	6120000	12.248114838795898	6117500
chr16	6120000	6125000	28.138942702017058	6122500
chr16	6125000	6130000	8.633776297399523	6127500
chr16	6130000	6135000	17.92353681484828	6132500
chr16	6135000	6140000	20.282558350857503	6137500
chr16	6140000	6145000	21.139796743006755	6142500
chr16	6145000	6150000	13.41932712032117	6147500
chr16	6150000	6155000	12.236704465522545	6152500
chr16	6155000	6160000	23.55523076955498	6157500
chr16	6160000	6165000	13.095554954693228	6162500
chr16	6165000	6170000	16.35952590891084	6167500
chr16	6170000	6175000	21.172106385876475	6172500
chr16	6175000	6180000	21.78092441535321	6177500
chr16	6180000	6185000	23.99150416810227	6182500
chr16	6185000	6190000	15.79963967073175	6187500
chr16	6190000	6195000	28.546985081519797	6192500
chr16	6195000	6200000	13.139196532474594	6197500
chr16	6200000	6205000	19.3707408071026	6202500
chr16	6205000	6210000	23.733862655663266	6207500
chr16	6210000	6215000	23.450648212866444	6212500
chr16	6215000	6220000	31.820789655188932	6217500
chr16	6220000	6225000	19.77515765831685	6222500
chr16	6225000	6230000	18.158397570135044	6227500
chr16	6230000	6235000	19.225680876938853	6232500
chr16	6235000	6240000	21.306236892420515	6237500
chr16	6240000	6245000	18.874273649245445	6242500
chr16	6245000	6250000	18.859064276525697	6247500
chr16	6250000	6255000	26.908373998725622	6252500
chr16	6255000	6260000	26.19135087268924	6257500
chr16	6260000	6265000	26.804400264680936	6262500
chr16	6265000	6270000	15.95422955159829	6267500
chr16	6270000	6275000	22.80239728150756	6272500
chr16	6275000	6280000	15.033520665447181	6277500
chr16	6280000	6285000	24.56949082834812	6282500
chr16	6285000	6290000	13.037863301173758	6287500
chr16	6290000	6295000	14.427594036823297	6292500
chr16	6295000	6300000	14.755128259289608	6297500
chr16	6300000	6305000	14.230203782646559	6302500
chr16	6305000	6310000	10.114076911908969	6307500
chr16	6310000	6315000	12.054169874600431	6312500
chr16	6315000	6320000	8.37564319349692	6317500
chr16	6320000	6325000	15.417569978434864	6322500
chr16	6325000	6330000	11.423302101589137	6327500
chr16	6330000	6335000	19.30177053307129	6332500
chr16	6335000	6340000	12.663511170205181	6337500
chr16	6340000	6345000	12.123621473404787	6342500
chr16	6345000	6350000	11.501199789985346	6347500
chr16	6350000	6355000	13.328076545949743	6352500
chr16	6355000	6360000	25.258315089734428	6357500
chr16	6360000	6365000	25.12281153987489	6362500
chr16	6365000	6370000	24.470701927182972	6367500
chr16	6370000	6375000	25.23988465488199	6372500
chr16	6375000	6380000	24.203484152282446	6377500
chr16	6380000	6385000	29.824705097536892	6382500
chr16	6385000	6390000	28.58408798155863	6387500
chr16	6390000	6395000	18.267559276799904	6392500
chr16	6395000	6400000	13.201381166187081	6397500
chr16	6400000	6405000	24.41016473053264	6402500
chr16	6405000	6410000	13.699831149043113	6407500
chr16	6410000	6415000	23.69002820770504	6412500
chr16	6415000	6420000	19.401666655102947	6417500
chr16	6420000	6425000	19.526958764112656	6422500
chr16	6425000	6430000	29.69885268773915	6427500
chr16	6430000	6435000	14.830505842672224	6432500
chr16	6435000	6440000	16.687084088797413	6437500
chr16	6440000	6445000	17.7947920600928	6442500
chr16	6445000	6450000	12.997761620814419	6447500
chr16	6450000	6455000	11.597704753968962	6452500
chr16	6455000	6460000	11.758843267271153	6457500
chr16	6460000	6465000	7.1942687109308014	6462500
chr16	6465000	6470000	12.01570940520074	6467500
chr16	6470000	6475000	18.296274689983022	6472500
chr16	6475000	6480000	14.680714722103707	6477500
chr16	6480000	6485000	19.66299637581158	6482500
chr16	6485000	6490000	14.635765909880334	6487500
chr16	6490000	6495000	24.47801863732665	6492500
chr16	6495000	6500000	15.230577277827193	6497500
chr16	6500000	6505000	21.310891263222988	6502500
chr16	6505000	6510000	14.938451918516376	6507500
chr16	6510000	6515000	7.1352455333191855	6512500
chr16	6515000	6520000	7.266895549143158	6517500
chr16	6520000	6525000	9.936171641400266	6522500
chr16	6525000	6530000	2.999746050652695	6527500
chr16	6530000	6535000	4.967494009071351	6532500
chr16	6535000	6540000	3.5621117249578593	6537500
chr16	6540000	6545000	3.716807799803163	6542500
chr16	6545000	6550000	3.9318256859541387	6547500
chr16	6550000	6555000	4.0882765822867455	6552500
chr16	6555000	6560000	6.485833702733655	6557500
chr16	6560000	6565000	4.321266696911237	6562500
chr16	6565000	6570000	4.072234366878852	6567500
chr16	6570000	6575000	3.4508975938859305	6572500
chr16	6575000	6580000	5.738496171202794	6577500
chr16	6580000	6585000	17.07124108008825	6582500
chr16	6585000	6590000	6.58648931572582	6587500
chr16	6590000	6595000	6.521983481857765	6592500
chr16	6595000	6600000	10.518366222360589	6597500
chr16	6600000	6605000	1.8088826292387603	6602500
chr16	6605000	6610000	1.3947966036318307	6607500
chr16	6610000	6615000	1.0239859161802451	6612500
chr16	6615000	6620000	1.0239859161802451	6617500
chr16	6620000	6625000	3.031134090585302	6622500
chr16	6625000	6630000	24.278029299846377	6627500
chr16	6630000	6635000	1.9331661295207765	6632500
chr16	6635000	6640000	5.3728078298382815	6637500
chr16	6640000	6645000	4.513135623730891	6642500
chr16	6645000	6650000	6.525236643215266	6647500
chr16	6650000	6655000	18.701962795500258	6652500
chr16	6655000	6660000	11.472077256187944	6657500
chr16	6660000	6665000	20.453685031960052	6662500
chr16	6665000	6670000	7.760374120841745	6667500
chr16	6670000	6675000	7.363910207419448	6672500
chr16	6675000	6680000	4.66299219569486	6677500
chr16	6680000	6685000	11.243829045737444	6682500
chr16	6685000	6690000	8.61195380946567	6687500
chr16	6690000	6695000	11.338001754706465	6692500
chr16	6695000	6700000	13.023986636791486	6697500
chr16	6700000	6705000	15.922466166660376	6702500
chr16	6705000	6710000	13.619707401606512	6707500
chr16	6710000	6715000	11.48938116934267	6712500
chr16	6715000	6720000	18.278249337666917	6717500
chr16	6720000	6725000	10.06323829027983	6722500
chr16	6725000	6730000	14.619124379152506	6727500
chr16	6730000	6735000	15.786652928908847	6732500
chr16	6735000	6740000	18.89963437577636	6737500
chr16	6740000	6745000	22.1557825512617	6742500
chr16	6745000	6750000	11.739336453359611	6747500
chr16	6750000	6755000	14.45152097182466	6752500
chr16	6755000	6760000	7.834629669161531	6757500
chr16	6760000	6765000	14.20449562930232	6762500
chr16	6765000	6770000	20.585539891401442	6767500
chr16	6770000	6775000	16.719972215963264	6772500
chr16	6775000	6780000	23.04315291960444	6777500
chr16	6780000	6785000	12.068865851912285	6782500
chr16	6785000	6790000	13.689262477445292	6787500
chr16	6790000	6795000	14.541031532081055	6792500
chr16	6795000	6800000	11.172552405555992	6797500
chr16	6800000	6805000	16.539347093986045	6802500
chr16	6805000	6810000	18.727091796521012	6807500
chr16	6810000	6815000	17.75869598067059	6812500
chr16	6815000	6820000	17.337769939336702	6817500
chr16	6820000	6825000	12.808856429074398	6822500
chr16	6825000	6830000	6.641266419077295	6827500
chr16	6830000	6835000	20.48051696756944	6832500
chr16	6835000	6840000	8.686272666890185	6837500
chr16	6840000	6845000	4.857842898245995	6842500
chr16	6845000	6850000	2.982850125182209	6847500
chr16	6850000	6855000	5.699191642977174	6852500
chr16	6855000	6860000	8.67600372902931	6857500
chr16	6860000	6865000	13.506604757072967	6862500
chr16	6865000	6870000	17.161735038818165	6867500
chr16	6870000	6875000	9.833693255694284	6872500
chr16	6875000	6880000	11.79177953540259	6877500
chr16	6880000	6885000	13.841880022815943	6882500
chr16	6885000	6890000	12.305184301664104	6887500
chr16	6890000	6895000	9.416120185835032	6892500
chr16	6895000	6900000	12.226810375016598	6897500
chr16	6900000	6905000	7.26267141823827	6902500
chr16	6905000	6910000	8.37946075283993	6907500
chr16	6910000	6915000	12.258625185719806	6912500
chr16	6915000	6920000	13.66779285959789	6917500
chr16	6920000	6925000	6.43454892591039	6922500
chr16	6925000	6930000	17.987842129529735	6927500
chr16	6930000	6935000	6.497569855947293	6932500
chr16	6935000	6940000	11.203801414430734	6937500
chr16	6940000	6945000	17.51716834458435	6942500
chr16	6945000	6950000	19.226037265702992	6947500
chr16	6950000	6955000	18.410013017060116	6952500
chr16	6955000	6960000	23.579794129787185	6957500
chr16	6960000	6965000	28.875739778146762	6962500
chr16	6965000	6970000	11.061885675122038	6967500
chr16	6970000	6975000	21.49656828967309	6972500
chr16	6975000	6980000	15.989684863146435	6977500
chr16	6980000	6985000	12.858877430320888	6982500
chr16	6985000	6990000	21.690522760192678	6987500
chr16	6990000	6995000	14.724193141817615	6992500
chr16	6995000	7000000	19.693503612757723	6997500
chr16	7000000	7005000	22.552062292738185	7002500
chr16	7005000	7010000	16.693629257262984	7007500
chr16	7010000	7015000	15.796504114925682	7012500
chr16	7015000	7020000	15.604323081861988	7017500
chr16	7020000	7025000	9.686564848189818	7022500
chr16	7025000	7030000	10.486283287328526	7027500
chr16	7030000	7035000	10.953088119638421	7032500
chr16	7035000	7040000	9.279466566026482	7037500
chr16	7040000	7045000	12.895950965816246	7042500
chr16	7045000	7050000	12.551748819607322	7047500
chr16	7050000	7055000	15.529004365389103	7052500
chr16	7055000	7060000	23.151446548300186	7057500
chr16	7060000	7065000	23.871809725544537	7062500
chr16	7065000	7070000	23.6579692096819	7067500
chr16	7070000	7075000	17.18586243190548	7072500
chr16	7075000	7080000	15.087720282814145	7077500
chr16	7080000	7085000	8.60731735857279	7082500
chr16	7085000	7090000	21.188546077771466	7087500
chr16	7090000	7095000	10.135812531981756	7092500
chr16	7095000	7100000	7.5065302315573845	7097500
chr16	7100000	7105000	11.394972668548792	7102500
chr16	7105000	7110000	9.666178590521863	7107500
chr16	7110000	7115000	6.804498465059785	7112500
chr16	7115000	7120000	10.900699813902419	7117500
chr16	7120000	7125000	12.944589328122794	7122500
chr16	7125000	7130000	19.823833424265732	7127500
chr16	7130000	7135000	21.23512398971422	7132500
chr16	7135000	7140000	15.875833851777143	7137500
chr16	7140000	7145000	13.45530868619955	7142500
chr16	7145000	7150000	19.28806847346329	7147500
chr16	7150000	7155000	9.383385532086857	7152500
chr16	7155000	7160000	8.418726927107286	7157500
chr16	7160000	7165000	8.849642693479813	7162500
chr16	7165000	7170000	10.912272528232492	7167500
chr16	7170000	7175000	8.138948548869017	7172500
chr16	7175000	7180000	14.660107702689757	7177500
chr16	7180000	7185000	6.59491116908026	7182500
chr16	7185000	7190000	12.75651536743699	7187500
chr16	7190000	7195000	13.565837993092211	7192500
chr16	7195000	7200000	18.014398663740998	7197500
chr16	7200000	7205000	19.799809412524347	7202500
chr16	7205000	7210000	17.20239948962834	7207500
chr16	7210000	7215000	15.31649476413687	7212500
chr16	7215000	7220000	21.831240894297444	7217500
chr16	7220000	7225000	15.056264107504285	7222500
chr16	7225000	7230000	12.949748786998475	7227500
chr16	7230000	7235000	13.784288201181786	7232500
chr16	7235000	7240000	21.629489782486207	7237500
chr16	7240000	7245000	22.982508028422682	7242500
chr16	7245000	7250000	16.075055505195383	7247500
chr16	7250000	7255000	11.76983630764001	7252500
chr16	7255000	7260000	16.696797642298304	7257500
chr16	7260000	7265000	9.16120720328861	7262500
chr16	7265000	7270000	10.202828012970562	7267500
chr16	7270000	7275000	8.1454859409256	7272500
chr16	7275000	7280000	6.380741185335179	7277500
chr16	7280000	7285000	10.086145361620366	7282500
chr16	7285000	7290000	5.8804806546275845	7287500
chr16	7290000	7295000	9.455582151304686	7292500
chr16	7295000	7300000	10.832745331146109	7297500
chr16	7300000	7305000	11.032528922286092	7302500
chr16	7305000	7310000	15.94966044930629	7307500
chr16	7310000	7315000	22.770569789324256	7312500
chr16	7315000	7320000	24.981453188151498	7317500
chr16	7320000	7325000	17.66865559745507	7322500
chr16	7325000	7330000	10.434809458494255	7327500
chr16	7330000	7335000	11.418156084228517	7332500
chr16	7335000	7340000	11.513614167885502	7337500
chr16	7340000	7345000	11.640306009774996	7342500
chr16	7345000	7350000	15.239407872876312	7347500
chr16	7350000	7355000	24.90174239126073	7352500
chr16	7355000	7360000	10.40432164249923	7357500
chr16	7360000	7365000	11.532423354735549	7362500
chr16	7365000	7370000	8.833003395368001	7367500
chr16	7370000	7375000	8.161255409016848	7372500
chr16	7375000	7380000	4.697648457209911	7377500
chr16	7380000	7385000	7.079353254235934	7382500
chr16	7385000	7390000	6.178628148923216	7387500
chr16	7390000	7395000	5.6496114380317	7392500
chr16	7395000	7400000	13.707817465790987	7397500
chr16	7400000	7405000	13.738565839014331	7402500
chr16	7405000	7410000	8.295607997016926	7407500
chr16	7410000	7415000	3.5762924157188496	7412500
chr16	7415000	7420000	12.049799104525757	7417500
chr16	7420000	7425000	14.735714611380205	7422500
chr16	7425000	7430000	7.76249583008218	7427500
chr16	7430000	7435000	15.47304824419473	7432500
chr16	7435000	7440000	14.455929949211912	7437500
chr16	7440000	7445000	7.9160416045765665	7442500
chr16	7445000	7450000	6.608068036593578	7447500
chr16	7450000	7455000	5.889259986516464	7452500
chr16	7455000	7460000	6.4785874616578925	7457500
chr16	7460000	7465000	11.05267452698085	7462500
chr16	7465000	7470000	20.891144921217418	7467500
chr16	7470000	7475000	8.607140518049958	7472500
chr16	7475000	7480000	13.717264052006133	7477500
chr16	7480000	7485000	16.337416480290138	7482500
chr16	7485000	7490000	9.025144201943526	7487500
chr16	7490000	7495000	14.00153685775823	7492500
chr16	7495000	7500000	19.012283282054486	7497500
chr16	7500000	7505000	7.356399894914583	7502500
chr16	7505000	7510000	19.983852299653485	7507500
chr16	7510000	7515000	9.201366195494428	7512500
chr16	7515000	7520000	7.939894956971819	7517500
chr16	7520000	7525000	12.549298391639903	7522500
chr16	7525000	7530000	10.428988633308172	7527500
chr16	7530000	7535000	9.685732961222472	7532500
chr16	7535000	7540000	9.95215912523969	7537500
chr16	7540000	7545000	7.623249060465358	7542500
chr16	7545000	7550000	5.140381048705895	7547500
chr16	7550000	7555000	8.366642684240103	7552500
chr16	7555000	7560000	11.815830910639912	7557500
chr16	7560000	7565000	4.7614994995578055	7562500
chr16	7565000	7570000	6.271113149582494	7567500
chr16	7570000	7575000	8.979198892010912	7572500
chr16	7575000	7580000	10.23519532528646	7577500
chr16	7580000	7585000	10.262916375235621	7582500
chr16	7585000	7590000	7.4159650819010645	7587500
chr16	7590000	7595000	6.073807191560042	7592500
chr16	7595000	7600000	5.630285118127742	7597500
chr16	7600000	7605000	10.047861877152226	7602500
chr16	7605000	7610000	8.543700232047733	7607500
chr16	7610000	7615000	19.252389617357867	7612500
chr16	7615000	7620000	7.615302462684933	7617500
chr16	7620000	7625000	7.654270314494289	7622500
chr16	7625000	7630000	11.735297991483293	7627500
chr16	7630000	7635000	6.528385455196722	7632500
chr16	7635000	7640000	5.494562791076549	7637500
chr16	7640000	7645000	8.263873204054162	7642500
chr16	7645000	7650000	7.358653735675609	7647500
chr16	7650000	7655000	7.7510406152961275	7652500
chr16	7655000	7660000	10.705532132459648	7657500
chr16	7660000	7665000	13.738853330750715	7662500
chr16	7665000	7670000	13.190126935537801	7667500
chr16	7670000	7675000	19.37567681720674	7672500
chr16	7675000	7680000	13.154373567081706	7677500
chr16	7680000	7685000	12.028625170607913	7682500
chr16	7685000	7690000	14.19320694142218	7687500
chr16	7690000	7695000	13.992363543679659	7692500
chr16	7695000	7700000	14.689597548519878	7697500
chr16	7700000	7705000	16.2075223291531	7702500
chr16	7705000	7710000	13.982747092236558	7707500
chr16	7710000	7715000	13.6568430524937	7712500
chr16	7715000	7720000	12.609202228532588	7717500
chr16	7720000	7725000	10.78241727574898	7722500
chr16	7725000	7730000	12.50166909621656	7727500
chr16	7730000	7735000	9.358638790774169	7732500
chr16	7735000	7740000	12.280283899011922	7737500
chr16	7740000	7745000	15.346954029525527	7742500
chr16	7745000	7750000	10.807370545191715	7747500
chr16	7750000	7755000	7.79867085870134	7752500
chr16	7755000	7760000	15.559024457446757	7757500
chr16	7760000	7765000	11.662720718488515	7762500
chr16	7765000	7770000	13.139217440474331	7767500
chr16	7770000	7775000	13.497721080185622	7772500
chr16	7775000	7780000	9.428993220264543	7777500
chr16	7780000	7785000	15.431509074768188	7782500
chr16	7785000	7790000	14.349126457057714	7787500
chr16	7790000	7795000	12.409759768025271	7792500
chr16	7795000	7800000	10.584096192388468	7797500
chr16	7800000	7805000	8.99724630731594	7802500
chr16	7805000	7810000	13.731232465365164	7807500
chr16	7810000	7815000	13.342161657860606	7812500
chr16	7815000	7820000	14.822407928548676	7817500
chr16	7820000	7825000	15.657736312076105	7822500
chr16	7825000	7830000	13.637545170121196	7827500
chr16	7830000	7835000	11.069619618890151	7832500
chr16	7835000	7840000	11.099909780867426	7837500
chr16	7840000	7845000	10.412380658773772	7842500
chr16	7845000	7850000	14.06932249466477	7847500
chr16	7850000	7855000	13.538538561945435	7852500
chr16	7855000	7860000	11.915317408206663	7857500
chr16	7860000	7865000	10.776265790187393	7862500
chr16	7865000	7870000	14.618112214949067	7867500
chr16	7870000	7875000	14.62887497392709	7872500
chr16	7875000	7880000	8.862044861908277	7877500
chr16	7880000	7885000	4.233149189168769	7882500
chr16	7885000	7890000	4.691534969653638	7887500
chr16	7890000	7895000	5.44937261496107	7892500
chr16	7895000	7900000	12.60702882430269	7897500
chr16	7900000	7905000	13.582022088390097	7902500
chr16	7905000	7910000	13.129718049341264	7907500
chr16	7910000	7915000	6.810167668902278	7912500
chr16	7915000	7920000	11.371075003759794	7917500
chr16	7920000	7925000	24.81029615966258	7922500
chr16	7925000	7930000	10.736666047684214	7927500
chr16	7930000	7935000	5.599589297801693	7932500
chr16	7935000	7940000	5.7522094511418675	7937500
chr16	7940000	7945000	8.185181348371632	7942500
chr16	7945000	7950000	10.565625285424517	7947500
chr16	7950000	7955000	6.176283282684268	7952500
chr16	7955000	7960000	6.1000322972680285	7957500
chr16	7960000	7965000	6.943169767285392	7962500
chr16	7965000	7970000	5.436478143515277	7967500
chr16	7970000	7975000	7.502510416504275	7972500
chr16	7975000	7980000	5.175404115372591	7977500
chr16	7980000	7985000	6.651674956571004	7982500
chr16	7985000	7990000	8.351840085501271	7987500
chr16	7990000	7995000	15.845969389439425	7992500
chr16	7995000	8000000	26.07700584258935	7997500
chr16	8000000	8005000	11.754267508218122	8002500
chr16	8005000	8010000	6.367770327794862	8007500
chr16	8010000	8015000	10.227284667032858	8012500
chr16	8015000	8020000	8.322551355980858	8017500
chr16	8020000	8025000	8.6425704983545	8022500
chr16	8025000	8030000	13.278042317443557	8027500
chr16	8030000	8035000	9.557659337715549	8032500
chr16	8035000	8040000	20.61634945541004	8037500
chr16	8040000	8045000	23.074599603996553	8042500
chr16	8045000	8050000	31.908862146139377	8047500
chr16	8050000	8055000	22.5294682749127	8052500
chr16	8055000	8060000	11.679933375103271	8057500
chr16	8060000	8065000	22.220310561732944	8062500
chr16	8065000	8070000	11.053143764681483	8067500
chr16	8070000	8075000	8.607501139453888	8072500
chr16	8075000	8080000	12.573340554578092	8077500
chr16	8080000	8085000	15.049548270819376	8082500
chr16	8085000	8090000	13.952608026655561	8087500
chr16	8090000	8095000	16.975820484505544	8092500
chr16	8095000	8100000	21.054082781447303	8097500
chr16	8100000	8105000	34.73328527390142	8102500
chr16	8105000	8110000	16.110643475662652	8107500
chr16	8110000	8115000	13.980313004903094	8112500
chr16	8115000	8120000	10.862436113742522	8117500
chr16	8120000	8125000	19.81261571274717	8122500
chr16	8125000	8130000	20.941241326094705	8127500
chr16	8130000	8135000	8.116419467205612	8132500
chr16	8135000	8140000	10.164197672544024	8137500
chr16	8140000	8145000	18.710242700133993	8142500
chr16	8145000	8150000	20.977815218974943	8147500
chr16	8150000	8155000	18.575287916020894	8152500
chr16	8155000	8160000	18.99706071034986	8157500
chr16	8160000	8165000	17.188115769282813	8162500
chr16	8165000	8170000	12.63750086265038	8167500
chr16	8170000	8175000	10.391873045377658	8172500
chr16	8175000	8180000	12.181317439437814	8177500
chr16	8180000	8185000	16.423964841995357	8182500
chr16	8185000	8190000	14.723885810391508	8187500
chr16	8190000	8195000	5.158261631523171	8192500
chr16	8195000	8200000	8.131175750459075	8197500
chr16	8200000	8205000	9.596988500498252	8202500
chr16	8205000	8210000	20.655544001743994	8207500
chr16	8210000	8215000	28.23224133219575	8212500
chr16	8215000	8220000	13.394267120178489	8217500
chr16	8220000	8225000	12.663128277191442	8222500
chr16	8225000	8230000	5.573051753471953	8227500
chr16	8230000	8235000	10.048783682243162	8232500
chr16	8235000	8240000	13.929828572366741	8237500
chr16	8240000	8245000	27.780997200049043	8242500
chr16	8245000	8250000	14.044869540935306	8247500
chr16	8250000	8255000	22.916366895736903	8252500
chr16	8255000	8260000	23.566589252546596	8257500
chr16	8260000	8265000	23.49483968235715	8262500
chr16	8265000	8270000	22.715556785893266	8267500
chr16	8270000	8275000	20.958750083352857	8272500
chr16	8275000	8280000	10.607425046825796	8277500
chr16	8280000	8285000	11.141248831699091	8282500
chr16	8285000	8290000	10.987197676646792	8287500
chr16	8290000	8295000	10.677886053864457	8292500
chr16	8295000	8300000	22.208811870968436	8297500
chr16	8300000	8305000	29.806133138003396	8302500
chr16	8305000	8310000	29.32693239019543	8307500
chr16	8310000	8315000	28.590082242500383	8312500
chr16	8315000	8320000	22.34386619021877	8317500
chr16	8320000	8325000	10.403446800225717	8322500
chr16	8325000	8330000	19.756717331684264	8327500
chr16	8330000	8335000	21.926436903166536	8332500
chr16	8335000	8340000	20.66595318802767	8337500
chr16	8340000	8345000	24.482390463383098	8342500
chr16	8345000	8350000	25.377882871753098	8347500
chr16	8350000	8355000	21.213496412569082	8352500
chr16	8355000	8360000	16.274726368449965	8357500
chr16	8360000	8365000	24.64174501992044	8362500
chr16	8365000	8370000	28.65649045448366	8367500
chr16	8370000	8375000	33.095007904722934	8372500
chr16	8375000	8380000	39.20266117373595	8377500
chr16	8380000	8385000	34.20016329639628	8382500
chr16	8385000	8390000	38.66770343016047	8387500
chr16	8390000	8395000	52.0967429628439	8392500
chr16	8395000	8400000	40.91178294381517	8397500
chr16	8400000	8405000	33.64747476295179	8402500
chr16	8405000	8410000	42.89526902644864	8407500
chr16	8410000	8415000	43.69557639233888	8412500
chr16	8415000	8420000	48.76879853431994	8417500
chr16	8420000	8425000	31.20046229316725	8422500
chr16	8425000	8430000	30.709440925573457	8427500
chr16	8430000	8435000	35.10657681723338	8432500
chr16	8435000	8440000	36.27470662712958	8437500
chr16	8440000	8445000	23.86814131221812	8442500
chr16	8445000	8450000	28.49816261996575	8447500
chr16	8450000	8455000	39.32580286319204	8452500
chr16	8455000	8460000	31.665319157512922	8457500
chr16	8460000	8465000	32.58987191251028	8462500
chr16	8465000	8470000	32.66490386525312	8467500
chr16	8470000	8475000	15.542596018116956	8472500
chr16	8475000	8480000	19.854785326867873	8477500
chr16	8480000	8485000	24.88916380126213	8482500
chr16	8485000	8490000	32.142964317459985	8487500
chr16	8490000	8495000	15.261723934188073	8492500
chr16	8495000	8500000	9.02645724893809	8497500
chr16	8500000	8505000	14.376435491580441	8502500
chr16	8505000	8510000	36.89185816025747	8507500
chr16	8510000	8515000	10.718501592200015	8512500
chr16	8515000	8520000	2.0177088119204525	8517500
chr16	8520000	8525000	42.40012565984241	8522500
chr16	8525000	8530000	11.813008414851458	8527500
chr16	8530000	8535000	8.896078845175465	8532500
chr16	8535000	8540000	13.972526381089736	8537500
chr16	8540000	8545000	20.512474582708382	8542500
chr16	8545000	8550000	28.418507632426472	8547500
chr16	8550000	8555000	40.80729767101811	8552500
chr16	8555000	8560000	41.40410032541212	8557500
chr16	8560000	8565000	33.51242256585074	8562500
chr16	8565000	8570000	33.968369244912196	8567500
chr16	8570000	8575000	31.78928011722682	8572500
chr16	8575000	8580000	33.2830750388209	8577500
chr16	8580000	8585000	18.401133005493183	8582500
chr16	8585000	8590000	30.16883405799415	8587500
chr16	8590000	8595000	28.215854098489665	8592500
chr16	8595000	8600000	24.697346594062807	8597500
chr16	8600000	8605000	29.765854823198534	8602500
chr16	8605000	8610000	30.419171862738423	8607500
chr16	8610000	8615000	20.48237077156928	8612500
chr16	8615000	8620000	19.13710531456349	8617500
chr16	8620000	8625000	18.095334568490276	8622500
chr16	8625000	8630000	15.192644797142208	8627500
chr16	8630000	8635000	15.078788363528206	8632500
chr16	8635000	8640000	8.425196649960153	8637500
chr16	8640000	8645000	12.020361354477169	8642500
chr16	8645000	8650000	25.58772176088502	8647500
chr16	8650000	8655000	26.446030438784955	8652500
chr16	8655000	8660000	18.283394608329935	8657500
chr16	8660000	8665000	31.007282071287047	8662500
chr16	8665000	8670000	26.023556001336004	8667500
chr16	8670000	8675000	42.43790410655148	8672500
chr16	8675000	8680000	19.156824462072944	8677500
chr16	8680000	8685000	14.44408499086139	8682500
chr16	8685000	8690000	15.57296164256863	8687500
chr16	8690000	8695000	17.85354867929524	8692500
chr16	8695000	8700000	20.813808840426123	8697500
chr16	8700000	8705000	19.382571185611038	8702500
chr16	8705000	8710000	19.725180591839774	8707500
chr16	8710000	8715000	17.84339008677313	8712500
chr16	8715000	8720000	20.425890689110055	8717500
chr16	8720000	8725000	18.481995128424092	8722500
chr16	8725000	8730000	15.276178635790483	8727500
chr16	8730000	8735000	16.310110233084647	8732500
chr16	8735000	8740000	16.35148124297996	8737500
chr16	8740000	8745000	17.11532367745609	8742500
chr16	8745000	8750000	24.31435768914526	8747500
chr16	8750000	8755000	35.30879040840724	8752500
chr16	8755000	8760000	20.95656790902903	8757500
chr16	8760000	8765000	21.842407478381688	8762500
chr16	8765000	8770000	20.380877775626022	8767500
chr16	8770000	8775000	16.43898424429023	8772500
chr16	8775000	8780000	18.96064103360347	8777500
chr16	8780000	8785000	17.43837963974797	8782500
chr16	8785000	8790000	20.740149065366797	8787500
chr16	8790000	8795000	22.40639863400203	8792500
chr16	8795000	8800000	20.02885058729102	8797500
chr16	8800000	8805000	19.236573992356746	8802500
chr16	8805000	8810000	19.992627275090076	8807500
chr16	8810000	8815000	17.528909900731524	8812500
chr16	8815000	8820000	13.667578587826304	8817500
chr16	8820000	8825000	18.55616093599877	8822500
chr16	8825000	8830000	18.092141544268813	8827500
chr16	8830000	8835000	17.193349026519652	8832500
chr16	8835000	8840000	18.140069836289186	8837500
chr16	8840000	8845000	13.828304472856914	8842500
chr16	8845000	8850000	18.135098930870164	8847500
chr16	8850000	8855000	20.70038509917105	8852500
chr16	8855000	8860000	24.620687084300673	8857500
chr16	8860000	8865000	26.435846764410385	8862500
chr16	8865000	8870000	30.843739121801118	8867500
chr16	8870000	8875000	29.042736420118672	8872500
chr16	8875000	8880000	26.190462644703086	8877500
chr16	8880000	8885000	24.982507783462633	8882500
chr16	8885000	8890000	26.214532003015233	8887500
chr16	8890000	8895000	28.76212968576783	8892500
chr16	8895000	8900000	20.37805911743839	8897500
chr16	8900000	8905000	28.26421847226885	8902500
chr16	8905000	8910000	23.69795856617769	8907500
chr16	8910000	8915000	29.172331427197157	8912500
chr16	8915000	8920000	27.60894359703746	8917500
chr16	8920000	8925000	28.509118077587353	8922500
chr16	8925000	8930000	32.33636556720788	8927500
chr16	8930000	8935000	27.868261157366227	8932500
chr16	8935000	8940000	24.05735156359541	8937500
chr16	8940000	8945000	25.79636261384487	8942500
chr16	8945000	8950000	27.076441782189743	8947500
chr16	8950000	8955000	24.12689580548813	8952500
chr16	8955000	8960000	38.04242507829576	8957500
chr16	8960000	8965000	37.83291960347147	8962500
chr16	8965000	8970000	27.099425443647508	8967500
chr16	8970000	8975000	27.929295692821697	8972500
chr16	8975000	8980000	36.542781362941234	8977500
chr16	8980000	8985000	42.212515120972796	8982500
chr16	8985000	8990000	38.7499802056533	8987500
chr16	8990000	8995000	37.836551744964744	8992500
chr16	8995000	9000000	30.895629979293933	8997500
chr16	9000000	9005000	37.93377166725057	9002500
chr16	9005000	9010000	12.73287344887171	9007500
chr16	9010000	9015000	15.703067206545384	9012500
chr16	9015000	9020000	12.161824011213733	9017500
chr16	9020000	9025000	6.872021187515938	9022500
chr16	9025000	9030000	24.79457699951118	9027500
chr16	9030000	9035000	34.95336289456866	9032500
chr16	9035000	9040000	18.276484828844605	9037500
chr16	9040000	9045000	21.856807302824837	9042500
chr16	9045000	9050000	20.62036119639392	9047500
chr16	9050000	9055000	18.365370661350447	9052500
chr16	9055000	9060000	20.396390425391044	9057500
chr16	9060000	9065000	23.053685981543598	9062500
chr16	9065000	9070000	23.481783798838933	9067500
chr16	9070000	9075000	27.92158568242006	9072500
chr16	9075000	9080000	19.550914853665837	9077500
chr16	9080000	9085000	23.30209785267947	9082500
chr16	9085000	9090000	26.20280002287978	9087500
chr16	9090000	9095000	19.787842936170787	9092500
chr16	9095000	9100000	24.269476247990337	9097500
chr16	9100000	9105000	28.93155861789099	9102500
chr16	9105000	9110000	35.14343762672934	9107500
chr16	9110000	9115000	12.622023195850225	9112500
chr16	9115000	9120000	13.026465054654961	9117500
chr16	9120000	9125000	15.581625400822938	9122500
chr16	9125000	9130000	11.158305159504433	9127500
chr16	9130000	9135000	23.289101950628243	9132500
chr16	9135000	9140000	31.675463731594924	9137500
chr16	9140000	9145000	48.87080436499747	9142500
chr16	9145000	9150000	43.650431990277276	9147500
chr16	9150000	9155000	36.10168835125874	9152500
chr16	9155000	9160000	32.33750835456147	9157500
chr16	9160000	9165000	35.6951408427047	9162500
chr16	9165000	9170000	24.2430923655099	9167500
chr16	9170000	9175000	31.234428475148075	9172500
chr16	9175000	9180000	21.057428009367612	9177500
chr16	9180000	9185000	19.698524063011654	9182500
chr16	9185000	9190000	21.920750163630228	9187500
chr16	9190000	9195000	23.05714841607552	9192500
chr16	9195000	9200000	22.91636037935022	9197500
chr16	9200000	9205000	22.122869766350753	9202500
chr16	9205000	9210000	24.596944030340822	9207500
chr16	9210000	9215000	23.853871472558286	9212500
chr16	9215000	9220000	23.729067274087527	9217500
chr16	9220000	9225000	19.185006772392747	9222500
chr16	9225000	9230000	18.975984121349555	9227500
chr16	9230000	9235000	19.695755615096434	9232500
chr16	9235000	9240000	19.941898787395484	9237500
chr16	9240000	9245000	19.91365541584291	9242500
chr16	9245000	9250000	23.931909581892263	9247500
chr16	9250000	9255000	22.905711895466975	9252500
chr16	9255000	9260000	22.497711112875578	9257500
chr16	9260000	9265000	25.56062497614588	9262500
chr16	9265000	9270000	27.96541300005454	9267500
chr16	9270000	9275000	21.02092860543779	9272500
chr16	9275000	9280000	18.062394774187464	9277500
chr16	9280000	9285000	17.80333452367072	9282500
chr16	9285000	9290000	26.446803890142817	9287500
chr16	9290000	9295000	16.662602691453735	9292500
chr16	9295000	9300000	20.20163473064075	9297500
chr16	9300000	9305000	15.798906253605553	9302500
chr16	9305000	9310000	25.140842423495215	9307500
chr16	9310000	9315000	12.428535242411042	9312500
chr16	9315000	9320000	14.466636105119882	9317500
chr16	9320000	9325000	17.717676462562576	9322500
chr16	9325000	9330000	18.200893969104207	9327500
chr16	9330000	9335000	30.291405358950136	9332500
chr16	9335000	9340000	27.88605749991043	9337500
chr16	9340000	9345000	21.153727369997497	9342500
chr16	9345000	9350000	25.230208560992327	9347500
chr16	9350000	9355000	28.027931852294707	9352500
chr16	9355000	9360000	23.5843367838052	9357500
chr16	9360000	9365000	25.587097223284168	9362500
chr16	9365000	9370000	24.666597109763714	9367500
chr16	9370000	9375000	23.387705715490352	9372500
chr16	9375000	9380000	24.91525804819712	9377500
chr16	9380000	9385000	27.684617032402663	9382500
chr16	9385000	9390000	21.24585153639945	9387500
chr16	9390000	9395000	23.909835922474695	9392500
chr16	9395000	9400000	25.04509857933019	9397500
chr16	9400000	9405000	25.823792461032156	9402500
chr16	9405000	9410000	22.593991309789164	9407500
chr16	9410000	9415000	27.0017392851713	9412500
chr16	9415000	9420000	28.316005206002863	9417500
chr16	9420000	9425000	28.256887077053104	9422500
chr16	9425000	9430000	30.342739630929508	9427500
chr16	9430000	9435000	24.291416284776222	9432500
chr16	9435000	9440000	24.128111079116454	9437500
chr16	9440000	9445000	27.32723635928197	9442500
chr16	9445000	9450000	12.851412291386328	9447500
chr16	9450000	9455000	14.60718137837215	9452500
chr16	9455000	9460000	17.004734191883525	9457500
chr16	9460000	9465000	8.439250735534868	9462500
chr16	9465000	9470000	7.057102470713045	9467500
chr16	9470000	9475000	4.727178982280488	9472500
chr16	9475000	9480000	3.9771225889933346	9477500
chr16	9480000	9485000	5.321862778337418	9482500
chr16	9485000	9490000	6.129030659310199	9487500
chr16	9490000	9495000	4.890800508392125	9492500
chr16	9495000	9500000	9.416987700077344	9497500
chr16	9500000	9505000	9.943502062001677	9502500
chr16	9505000	9510000	41.042652601403844	9507500
chr16	9510000	9515000	20.832717500289576	9512500
chr16	9515000	9520000	22.792258094145307	9517500
chr16	9520000	9525000	21.98870407138334	9522500
chr16	9525000	9530000	20.315338207849976	9527500
chr16	9530000	9535000	19.070779341210542	9532500
chr16	9535000	9540000	15.902668212438027	9537500
chr16	9540000	9545000	18.704541193500436	9542500
chr16	9545000	9550000	16.1892906823451	9547500
chr16	9550000	9555000	16.855717590833112	9552500
chr16	9555000	9560000	18.018793633660536	9557500
chr16	9560000	9565000	22.10888636420532	9562500
chr16	9565000	9570000	12.012675385786011	9567500
chr16	9570000	9575000	15.873873450324782	9572500
chr16	9575000	9580000	17.856320018878897	9577500
chr16	9580000	9585000	21.142481261153392	9582500
chr16	9585000	9590000	17.542358988555307	9587500
chr16	9590000	9595000	16.50858612950568	9592500
chr16	9595000	9600000	16.16727279799051	9597500
chr16	9600000	9605000	23.531803270121802	9602500
chr16	9605000	9610000	25.869119651849818	9607500
chr16	9610000	9615000	24.29701286662802	9612500
chr16	9615000	9620000	24.609373766870394	9617500
chr16	9620000	9625000	24.020303481029703	9622500
chr16	9625000	9630000	24.362805159755894	9627500
chr16	9630000	9635000	26.67002058758274	9632500
chr16	9635000	9640000	25.652438237870705	9637500
chr16	9640000	9645000	26.199435469482868	9642500
chr16	9645000	9650000	24.909912572685524	9647500
chr16	9650000	9655000	26.625676609575805	9652500
chr16	9655000	9660000	24.69315038613117	9657500
chr16	9660000	9665000	24.977950722418218	9662500
chr16	9665000	9670000	26.030555782723937	9667500
chr16	9670000	9675000	23.786317263877958	9672500
chr16	9675000	9680000	25.066287460959828	9677500
chr16	9680000	9685000	24.41616944624719	9682500
chr16	9685000	9690000	28.13687778529588	9687500
chr16	9690000	9695000	29.310505867415497	9692500
chr16	9695000	9700000	18.558067924227466	9697500
chr16	9700000	9705000	15.678033203069507	9702500
chr16	9705000	9710000	29.713025953099763	9707500
chr16	9710000	9715000	18.26867009633792	9712500
chr16	9715000	9720000	20.096899686638462	9717500
chr16	9720000	9725000	31.39215796758212	9722500
chr16	9725000	9730000	29.411779773433263	9727500
chr16	9730000	9735000	28.838021608802975	9732500
chr16	9735000	9740000	16.96835787001365	9737500
chr16	9740000	9745000	18.03760407273724	9742500
chr16	9745000	9750000	21.540647935120017	9747500
chr16	9750000	9755000	24.618098307673613	9752500
chr16	9755000	9760000	14.464489593490647	9757500
chr16	9760000	9765000	11.05823236600785	9762500
chr16	9765000	9770000	12.594761518884662	9767500
chr16	9770000	9775000	19.62541146853641	9772500
chr16	9775000	9780000	20.050141548421948	9777500
chr16	9780000	9785000	21.348126953529047	9782500
chr16	9785000	9790000	21.357569507677393	9787500
chr16	9790000	9795000	22.518740196122774	9792500
chr16	9795000	9800000	24.08791705373647	9797500
chr16	9800000	9805000	24.222369585283964	9802500
chr16	9805000	9810000	22.675727449093493	9807500
chr16	9810000	9815000	23.286380847582304	9812500
chr16	9815000	9820000	22.000106609859817	9817500
chr16	9820000	9825000	25.550886436726138	9822500
chr16	9825000	9830000	22.465844923129442	9827500
chr16	9830000	9835000	23.299194016110963	9832500
chr16	9835000	9840000	29.486407443976482	9837500
chr16	9840000	9845000	26.427060263706036	9842500
chr16	9845000	9850000	24.022071619173335	9847500
chr16	9850000	9855000	19.787086233422595	9852500
chr16	9855000	9860000	26.772538140065777	9857500
chr16	9860000	9865000	25.26646353479341	9862500
chr16	9865000	9870000	28.503256701413527	9867500
chr16	9870000	9875000	30.846743124915033	9872500
chr16	9875000	9880000	28.059058995116214	9877500
chr16	9880000	9885000	38.78060795197701	9882500
chr16	9885000	9890000	28.049100811719377	9887500
chr16	9890000	9895000	24.180264149264236	9892500
chr16	9895000	9900000	27.533751801619477	9897500
chr16	9900000	9905000	32.596891798698515	9902500
chr16	9905000	9910000	31.675306065296652	9907500
chr16	9910000	9915000	34.670626313791026	9912500
chr16	9915000	9920000	36.31525074015237	9917500
chr16	9920000	9925000	34.609058549584674	9922500
chr16	9925000	9930000	32.05622182781182	9927500
chr16	9930000	9935000	24.949008306216484	9932500
chr16	9935000	9940000	24.809969338057304	9937500
chr16	9940000	9945000	32.735705382621944	9942500
chr16	9945000	9950000	27.857638198345057	9947500
chr16	9950000	9955000	31.516797908880605	9952500
chr16	9955000	9960000	30.33602672738791	9957500
chr16	9960000	9965000	23.052989454813602	9962500
chr16	9965000	9970000	16.357057156463725	9967500
chr16	9970000	9975000	20.448488087861787	9972500
chr16	9975000	9980000	19.675658546691427	9977500
chr16	9980000	9985000	20.223645966236198	9982500
chr16	9985000	9990000	8.891961375108364	9987500
chr16	9990000	9995000	23.605770522406846	9992500
chr16	9995000	10000000	25.194960632149794	9997500
chr16	10000000	10005000	28.138611578443022	10002500
chr16	10005000	10010000	29.90424858733515	10007500
chr16	10010000	10015000	44.68991083573765	10012500
chr16	10015000	10020000	30.775178485971097	10017500
chr16	10020000	10025000	26.51196731772082	10022500
chr16	10025000	10030000	16.774792177317515	10027500
chr16	10030000	10035000	30.213586928729274	10032500
chr16	10035000	10040000	24.008292897464013	10037500
chr16	10040000	10045000	29.222985470328528	10042500
chr16	10045000	10050000	26.922768638163404	10047500
chr16	10050000	10055000	25.47824340533702	10052500
chr16	10055000	10060000	32.414856388674565	10057500
chr16	10060000	10065000	24.779370893600294	10062500
chr16	10065000	10070000	15.935257035709363	10067500
chr16	10070000	10075000	15.532277039532252	10072500
chr16	10075000	10080000	21.23553225738653	10077500
chr16	10080000	10085000	20.864542891422428	10082500
chr16	10085000	10090000	16.03908876910675	10087500
chr16	10090000	10095000	11.855397061983831	10092500
chr16	10095000	10100000	20.86638124494083	10097500
chr16	10100000	10105000	20.40869773627797	10102500
chr16	10105000	10110000	15.542942481564442	10107500
chr16	10110000	10115000	12.027708050434251	10112500
chr16	10115000	10120000	12.9018468231693	10117500
chr16	10120000	10125000	13.265738821790025	10122500
chr16	10125000	10130000	9.030203541963298	10127500
chr16	10130000	10135000	7.7009711200814115	10132500
chr16	10135000	10140000	6.959330872951489	10137500
chr16	10140000	10145000	9.58255539284688	10142500
chr16	10145000	10150000	16.120091913950073	10147500
chr16	10150000	10155000	24.674766544361624	10152500
chr16	10155000	10160000	23.287505681737024	10157500
chr16	10160000	10165000	36.0193113079108	10162500
chr16	10165000	10170000	32.71197177251476	10167500
chr16	10170000	10175000	27.844648003651628	10172500
chr16	10175000	10180000	24.81763984700379	10177500
chr16	10180000	10185000	10.048695353201678	10182500
chr16	10185000	10190000	7.667877758104061	10187500
chr16	10190000	10195000	23.413754768149413	10192500
chr16	10195000	10200000	13.13623529974414	10197500
chr16	10200000	10205000	16.528934577100028	10202500
chr16	10205000	10210000	26.055169337613396	10207500
chr16	10210000	10215000	20.348074340682924	10212500
chr16	10215000	10220000	7.867970600542302	10217500
chr16	10220000	10225000	10.048540950447325	10222500
chr16	10225000	10230000	17.04149288586409	10227500
chr16	10230000	10235000	20.875407357409784	10232500
chr16	10235000	10240000	12.17167153439742	10237500
chr16	10240000	10245000	13.157398391341792	10242500
chr16	10245000	10250000	12.199506777178442	10247500
chr16	10250000	10255000	13.125524782349606	10252500
chr16	10255000	10260000	8.55544760354198	10257500
chr16	10260000	10265000	15.402687771011077	10262500
chr16	10265000	10270000	11.361103974415935	10267500
chr16	10270000	10275000	11.23283300768197	10272500
chr16	10275000	10280000	24.0366703172529	10277500
chr16	10280000	10285000	21.73509198665958	10282500
chr16	10285000	10290000	22.548675612763805	10287500
chr16	10290000	10295000	27.53418671684878	10292500
chr16	10295000	10300000	34.51704285764235	10297500
chr16	10300000	10305000	20.89133650776649	10302500
chr16	10305000	10310000	15.060279494277177	10307500
chr16	10310000	10315000	22.208418208274747	10312500
chr16	10315000	10320000	17.505569427632093	10317500
chr16	10320000	10325000	14.113671691679501	10322500
chr16	10325000	10330000	17.608512940346223	10327500
chr16	10330000	10335000	26.52552747948255	10332500
chr16	10335000	10340000	20.164025554485335	10337500
chr16	10340000	10345000	20.313777148302712	10342500
chr16	10345000	10350000	27.73522032806927	10347500
chr16	10350000	10355000	27.301947019033623	10352500
chr16	10355000	10360000	28.058581290388837	10357500
chr16	10360000	10365000	34.013518092104114	10362500
chr16	10365000	10370000	15.76262498140911	10367500
chr16	10370000	10375000	26.994446756360773	10372500
chr16	10375000	10380000	20.583745148200787	10377500
chr16	10380000	10385000	17.99832982173787	10382500
chr16	10385000	10390000	19.023126021917246	10387500
chr16	10390000	10395000	16.61314147839486	10392500
chr16	10395000	10400000	19.23015713085728	10397500
chr16	10400000	10405000	17.449090528973667	10402500
chr16	10405000	10410000	20.254782790957343	10407500
chr16	10410000	10415000	17.010769214687464	10412500
chr16	10415000	10420000	17.84774275291785	10417500
chr16	10420000	10425000	17.62286873674504	10422500
chr16	10425000	10430000	19.978358581411765	10427500
chr16	10430000	10435000	19.36900646696474	10432500
chr16	10435000	10440000	18.33481451343741	10437500
chr16	10440000	10445000	19.162650644016857	10442500
chr16	10445000	10450000	19.103613341320806	10447500
chr16	10450000	10455000	16.52232381592327	10452500
chr16	10455000	10460000	15.290521184048357	10457500
chr16	10460000	10465000	15.286966665266576	10462500
chr16	10465000	10470000	16.302184750810593	10467500
chr16	10470000	10475000	14.031962000291182	10472500
chr16	10475000	10480000	22.16255765056264	10477500
chr16	10480000	10485000	20.81869597628231	10482500
chr16	10485000	10490000	16.01886300921127	10487500
chr16	10490000	10495000	20.360638967493596	10492500
chr16	10495000	10500000	19.548561922943207	10497500
chr16	10500000	10505000	17.070383597081907	10502500
chr16	10505000	10510000	16.94035994278017	10507500
chr16	10510000	10515000	17.857941542332604	10512500
chr16	10515000	10520000	18.149229362434514	10517500
chr16	10520000	10525000	23.56859737023019	10522500
chr16	10525000	10530000	28.589937201971566	10527500
chr16	10530000	10535000	20.162027888742603	10532500
chr16	10535000	10540000	21.53142367641054	10537500
chr16	10540000	10545000	19.665726705403493	10542500
chr16	10545000	10550000	18.15275124553011	10547500
chr16	10550000	10555000	21.22910204708841	10552500
chr16	10555000	10560000	17.25404976292946	10557500
chr16	10560000	10565000	17.386073545345933	10562500
chr16	10565000	10570000	22.319117899698988	10567500
chr16	10570000	10575000	23.182262858580103	10572500
chr16	10575000	10580000	25.296177034835715	10577500
chr16	10580000	10585000	24.725297950992204	10582500
chr16	10585000	10590000	25.57917284302336	10587500
chr16	10590000	10595000	24.640450028763627	10592500
chr16	10595000	10600000	25.689996920487857	10597500
chr16	10600000	10605000	28.3434679135752	10602500
chr16	10605000	10610000	26.60332234881474	10607500
chr16	10610000	10615000	25.481620836189805	10612500
chr16	10615000	10620000	25.608998752097307	10617500
chr16	10620000	10625000	24.50676189914762	10622500
chr16	10625000	10630000	24.84221022042756	10627500
chr16	10630000	10635000	21.315674260454443	10632500
chr16	10635000	10640000	26.796705682136324	10637500
chr16	10640000	10645000	27.540114456589748	10642500
chr16	10645000	10650000	26.86002844850801	10647500
chr16	10650000	10655000	28.264433588603076	10652500
chr16	10655000	10660000	21.52822448002035	10657500
chr16	10660000	10665000	29.33476842063554	10662500
chr16	10665000	10670000	37.61241834961805	10667500
chr16	10670000	10675000	42.125968126433634	10672500
chr16	10675000	10680000	33.41522524765596	10677500
chr16	10680000	10685000	34.930365427534895	10682500
chr16	10685000	10690000	18.38276962988418	10687500
chr16	10690000	10695000	26.62731328063045	10692500
chr16	10695000	10700000	29.25770261652413	10697500
chr16	10700000	10705000	22.04903426032995	10702500
chr16	10705000	10710000	13.556576507641898	10707500
chr16	10710000	10715000	9.964802578480755	10712500
chr16	10715000	10720000	15.450566147541391	10717500
chr16	10720000	10725000	18.35947326108198	10722500
chr16	10725000	10730000	20.995906992199618	10727500
chr16	10730000	10735000	7.949015271809595	10732500
chr16	10735000	10740000	12.632978562550818	10737500
chr16	10740000	10745000	23.51855688020925	10742500
chr16	10745000	10750000	11.323894582627666	10747500
chr16	10750000	10755000	13.22235471177526	10752500
chr16	10755000	10760000	20.506353627982143	10757500
chr16	10760000	10765000	15.290110103244922	10762500
chr16	10765000	10770000	19.346571465271246	10767500
chr16	10770000	10775000	24.291722470741142	10772500
chr16	10775000	10780000	18.769191527967084	10777500
chr16	10780000	10785000	22.49899997041868	10782500
chr16	10785000	10790000	32.95344375946648	10787500
chr16	10790000	10795000	19.772947204545165	10792500
chr16	10795000	10800000	11.69401996456514	10797500
chr16	10800000	10805000	12.26663986213981	10802500
chr16	10805000	10810000	16.342528809150043	10807500
chr16	10810000	10815000	10.18518814766846	10812500
chr16	10815000	10820000	13.39592509202772	10817500
chr16	10820000	10825000	22.930022310452287	10822500
chr16	10825000	10830000	20.68034972520849	10827500
chr16	10830000	10835000	14.127167904136058	10832500
chr16	10835000	10840000	22.270812957776748	10837500
chr16	10840000	10845000	29.260587184283523	10842500
chr16	10845000	10850000	25.378681716513803	10847500
chr16	10850000	10855000	18.0397287434515	10852500
chr16	10855000	10860000	24.157230740564252	10857500
chr16	10860000	10865000	21.477027348275545	10862500
chr16	10865000	10870000	19.46640687214926	10867500
chr16	10870000	10875000	20.34421545765963	10872500
chr16	10875000	10880000	13.048744742581222	10877500
chr16	10880000	10885000	14.627851105451068	10882500
chr16	10885000	10890000	19.092113017073718	10887500
chr16	10890000	10895000	18.16160349385173	10892500
chr16	10895000	10900000	24.97832207076225	10897500
chr16	10900000	10905000	21.298758234953514	10902500
chr16	10905000	10910000	16.514133091603505	10907500
chr16	10910000	10915000	16.243375742921646	10912500
chr16	10915000	10920000	16.67922250437503	10917500
chr16	10920000	10925000	18.657544170873695	10922500
chr16	10925000	10930000	13.815415728753415	10927500
chr16	10930000	10935000	17.145403779864324	10932500
chr16	10935000	10940000	18.2309709561449	10937500
chr16	10940000	10945000	20.087698877005156	10942500
chr16	10945000	10950000	17.553259720626958	10947500
chr16	10950000	10955000	20.38092550581322	10952500
chr16	10955000	10960000	16.518613414999216	10957500
chr16	10960000	10965000	16.100849113337983	10962500
chr16	10965000	10970000	17.113453052481425	10967500
chr16	10970000	10975000	18.697470732707817	10972500
chr16	10975000	10980000	20.94458178659223	10977500
chr16	10980000	10985000	18.563886537049445	10982500
chr16	10985000	10990000	20.23660246623728	10987500
chr16	10990000	10995000	17.690834662099984	10992500
chr16	10995000	11000000	18.885528565042346	10997500
chr16	11000000	11005000	21.04732156987611	11002500
chr16	11005000	11010000	18.078281250933433	11007500
chr16	11010000	11015000	16.91544868961792	11012500
chr16	11015000	11020000	17.432781116320566	11017500
chr16	11020000	11025000	16.755684278588863	11022500
chr16	11025000	11030000	17.885602895925945	11027500
chr16	11030000	11035000	18.8590687216937	11032500
chr16	11035000	11040000	22.036865998192457	11037500
chr16	11040000	11045000	20.42940258444981	11042500
chr16	11045000	11050000	22.25401809084685	11047500
chr16	11050000	11055000	14.14972199203911	11052500
chr16	11055000	11060000	15.770104302012943	11057500
chr16	11060000	11065000	12.156362787937859	11062500
chr16	11065000	11070000	19.13427728433857	11067500
chr16	11070000	11075000	25.50419494038617	11072500
chr16	11075000	11080000	17.62381742003054	11077500
chr16	11080000	11085000	32.346501963612056	11082500
chr16	11085000	11090000	20.676235524281267	11087500
chr16	11090000	11095000	21.55472785530965	11092500
chr16	11095000	11100000	23.21410221969235	11097500
chr16	11100000	11105000	19.715626310522836	11102500
chr16	11105000	11110000	42.31404097609761	11107500
chr16	11110000	11115000	23.05210867305183	11112500
chr16	11115000	11120000	22.185211659825825	11117500
chr16	11120000	11125000	11.636044465347542	11122500
chr16	11125000	11130000	9.717168613062833	11127500
chr16	11130000	11135000	14.200859613371208	11132500
chr16	11135000	11140000	16.25036087108268	11137500
chr16	11140000	11145000	20.14980784999923	11142500
chr16	11145000	11150000	23.039961907280926	11147500
chr16	11150000	11155000	19.195548613646828	11152500
chr16	11155000	11160000	21.787769925121534	11157500
chr16	11160000	11165000	19.725221653435046	11162500
chr16	11165000	11170000	11.057266008975205	11167500
chr16	11170000	11175000	11.64528112828334	11172500
chr16	11175000	11180000	7.629490117675009	11177500
chr16	11180000	11185000	10.588809649699897	11182500
chr16	11185000	11190000	9.03357542284915	11187500
chr16	11190000	11195000	15.161464275988283	11192500
chr16	11195000	11200000	15.029100545263086	11197500
chr16	11200000	11205000	15.362419146917826	11202500
chr16	11205000	11210000	8.842440219601064	11207500
chr16	11210000	11215000	7.0973226862494805	11212500
chr16	11215000	11220000	8.620698358900812	11217500
chr16	11220000	11225000	10.164262487157464	11222500
chr16	11225000	11230000	13.974389406077648	11227500
chr16	11230000	11235000	13.820277698857298	11232500
chr16	11235000	11240000	21.467892956237897	11237500
chr16	11240000	11245000	24.919922641256125	11242500
chr16	11245000	11250000	11.98858939814104	11247500
chr16	11250000	11255000	13.135083189836374	11252500
chr16	11255000	11260000	16.526339949309538	11257500
chr16	11260000	11265000	13.170642237990112	11262500
chr16	11265000	11270000	9.987095440559793	11267500
chr16	11270000	11275000	25.558414823805286	11272500
chr16	11275000	11280000	15.687454689316747	11277500
chr16	11280000	11285000	13.524725249357864	11282500
chr16	11285000	11290000	11.087993607298541	11287500
chr16	11290000	11295000	11.96925992795072	11292500
chr16	11295000	11300000	13.979381535909514	11297500
chr16	11300000	11305000	11.273719021645066	11302500
chr16	11305000	11310000	26.740182365706744	11307500
chr16	11310000	11315000	9.982541883850871	11312500
chr16	11315000	11320000	15.828272741334422	11317500
chr16	11320000	11325000	18.06452800456248	11322500
chr16	11325000	11330000	14.233460527163736	11327500
chr16	11330000	11335000	12.037075727425167	11332500
chr16	11335000	11340000	16.25453039730496	11337500
chr16	11340000	11345000	18.34295598577118	11342500
chr16	11345000	11350000	23.948441862188115	11347500
chr16	11350000	11355000	20.290249454197372	11352500
chr16	11355000	11360000	11.428044250143532	11357500
chr16	11360000	11365000	15.581333215839729	11362500
chr16	11365000	11370000	6.647375041292469	11367500
chr16	11370000	11375000	13.870529839511686	11372500
chr16	11375000	11380000	15.136917539394474	11377500
chr16	11380000	11385000	12.98028409914845	11382500
chr16	11385000	11390000	12.041134303763705	11387500
chr16	11390000	11395000	5.642140563249931	11392500
chr16	11395000	11400000	11.683304168034093	11397500
chr16	11400000	11405000	10.465953966285143	11402500
chr16	11405000	11410000	8.475489006835891	11407500
chr16	11410000	11415000	15.743230837378196	11412500
chr16	11415000	11420000	22.70114036760702	11417500
chr16	11420000	11425000	22.57848260252152	11422500
chr16	11425000	11430000	14.361826507578453	11427500
chr16	11430000	11435000	17.246640294138082	11432500
chr16	11435000	11440000	22.995806438577656	11437500
chr16	11440000	11445000	19.05916310272732	11442500
chr16	11445000	11450000	23.586192859140276	11447500
chr16	11450000	11455000	14.706766253864417	11452500
chr16	11455000	11460000	14.520474855001758	11457500
chr16	11460000	11465000	15.23939009936408	11462500
chr16	11465000	11470000	24.90565644608998	11467500
chr16	11470000	11475000	24.800310433623846	11472500
chr16	11475000	11480000	17.893577819530286	11477500
chr16	11480000	11485000	14.211882791373522	11482500
chr16	11485000	11490000	20.846424305692377	11487500
chr16	11490000	11495000	37.13748514444871	11492500
chr16	11495000	11500000	31.517576278957325	11497500
chr16	11500000	11505000	23.72194600286725	11502500
chr16	11505000	11510000	31.262430204198314	11507500
chr16	11510000	11515000	26.861877731361325	11512500
chr16	11515000	11520000	44.15524904682906	11517500
chr16	11520000	11525000	45.57458280929825	11522500
chr16	11525000	11530000	23.79591026321545	11527500
chr16	11530000	11535000	36.660994569979835	11532500
chr16	11535000	11540000	32.24876342765452	11537500
chr16	11540000	11545000	29.651764372467603	11542500
chr16	11545000	11550000	35.029459357895014	11547500
chr16	11550000	11555000	38.23122225157371	11552500
chr16	11555000	11560000	29.7814966335828	11557500
chr16	11560000	11565000	21.11943145111599	11562500
chr16	11565000	11570000	22.805590596204382	11567500
chr16	11570000	11575000	46.43882153222229	11572500
chr16	11575000	11580000	27.738784573354273	11577500
chr16	11580000	11585000	30.51939391901613	11582500
chr16	11585000	11590000	41.18972221909664	11587500
chr16	11590000	11595000	36.005210813552026	11592500
chr16	11595000	11600000	27.858051701777594	11597500
chr16	11600000	11605000	29.757169435061357	11602500
chr16	11605000	11610000	29.67096018971274	11607500
chr16	11610000	11615000	28.79501677232223	11612500
chr16	11615000	11620000	24.773286755067033	11617500
chr16	11620000	11625000	29.746030409712606	11622500
chr16	11625000	11630000	31.851523794842777	11627500
chr16	11630000	11635000	20.582439535970778	11632500
chr16	11635000	11640000	17.194284874305218	11637500
chr16	11640000	11645000	13.154781040005707	11642500
chr16	11645000	11650000	14.86541188390445	11647500
chr16	11650000	11655000	19.37376418354127	11652500
chr16	11655000	11660000	14.839156815277946	11657500
chr16	11660000	11665000	36.648052848784026	11662500
chr16	11665000	11670000	26.127933879744067	11667500
chr16	11670000	11675000	19.025598114837262	11672500
chr16	11675000	11680000	32.875285147497934	11677500
chr16	11680000	11685000	46.8798559018568	11682500
chr16	11685000	11690000	49.65307745599677	11687500
chr16	11690000	11695000	52.94221382573957	11692500
chr16	11695000	11700000	40.02971409815784	11697500
chr16	11700000	11705000	32.97739061312238	11702500
chr16	11705000	11710000	33.70480885919839	11707500
chr16	11710000	11715000	29.430670917239258	11712500
chr16	11715000	11720000	76.78766179093388	11717500
chr16	11720000	11725000	48.37935574000563	11722500
chr16	11725000	11730000	17.947511400395232	11727500
chr16	11730000	11735000	20.401697461919703	11732500
chr16	11735000	11740000	16.05209619912564	11737500
chr16	11740000	11745000	28.419117826644428	11742500
chr16	11745000	11750000	17.420418735221297	11747500
chr16	11750000	11755000	11.147377194916453	11752500
chr16	11755000	11760000	18.531648374739124	11757500
chr16	11760000	11765000	28.130577175839502	11762500
chr16	11765000	11770000	28.214499073834855	11767500
chr16	11770000	11775000	24.564828053011002	11772500
chr16	11775000	11780000	22.715495128921454	11777500
chr16	11780000	11785000	18.445305684470487	11782500
chr16	11785000	11790000	13.963534699689928	11787500
chr16	11790000	11795000	17.530030092554416	11792500
chr16	11795000	11800000	18.61639927348853	11797500
chr16	11800000	11805000	11.32972633322294	11802500
chr16	11805000	11810000	11.483003839177803	11807500
chr16	11810000	11815000	12.044815814322556	11812500
chr16	11815000	11820000	11.28391978763027	11817500
chr16	11820000	11825000	11.802583108993803	11822500
chr16	11825000	11830000	10.518377405506882	11827500
chr16	11830000	11835000	14.34713492730022	11832500
chr16	11835000	11840000	10.989770791981242	11837500
chr16	11840000	11845000	11.649033912501283	11842500
chr16	11845000	11850000	12.686215960434476	11847500
chr16	11850000	11855000	10.705996489363232	11852500
chr16	11855000	11860000	12.628807788681675	11857500
chr16	11860000	11865000	17.763210924190112	11862500
chr16	11865000	11870000	17.357712183114515	11867500
chr16	11870000	11875000	22.516821618511464	11872500
chr16	11875000	11880000	14.684081789364006	11877500
chr16	11880000	11885000	13.610399096002247	11882500
chr16	11885000	11890000	14.877992141532346	11887500
chr16	11890000	11895000	18.96977553202809	11892500
chr16	11895000	11900000	22.69695431768653	11897500
chr16	11900000	11905000	16.06675646793503	11902500
chr16	11905000	11910000	21.75362099959861	11907500
chr16	11910000	11915000	15.001471325496375	11912500
chr16	11915000	11920000	20.894581488605297	11917500
chr16	11920000	11925000	31.4186965478928	11922500
chr16	11925000	11930000	12.64368619209695	11927500
chr16	11930000	11935000	9.88320211726116	11932500
chr16	11935000	11940000	16.38287709643762	11937500
chr16	11940000	11945000	21.100158032336054	11942500
chr16	11945000	11950000	21.137999722833488	11947500
chr16	11950000	11955000	30.73380012485952	11952500
chr16	11955000	11960000	33.88367880314424	11957500
chr16	11960000	11965000	39.88553563611255	11962500
chr16	11965000	11970000	38.01651251994816	11967500
chr16	11970000	11975000	30.573339478491413	11972500
chr16	11975000	11980000	27.476834191405395	11977500
chr16	11980000	11985000	52.70167740433268	11982500
chr16	11985000	11990000	42.625612531677845	11987500
chr16	11990000	11995000	29.974337150135412	11992500
chr16	11995000	12000000	42.108796734586946	11997500
chr16	12000000	12005000	50.481609907062236	12002500
chr16	12005000	12010000	62.887093182189524	12007500
chr16	12010000	12015000	78.77833807456874	12012500
chr16	12015000	12020000	72.32092107997227	12017500
chr16	12020000	12025000	67.036650459997	12022500
chr16	12025000	12030000	66.60234901019098	12027500
chr16	12030000	12035000	66.25508788249	12032500
chr16	12035000	12040000	57.65454957237422	12037500
chr16	12040000	12045000	79.3753315232627	12042500
chr16	12045000	12050000	79.00029488357411	12047500
chr16	12050000	12055000	84.20038837695965	12052500
chr16	12055000	12060000	95.06926461040565	12057500
chr16	12060000	12065000	89.1711824291705	12062500
chr16	12065000	12070000	83.34990982792607	12067500
chr16	12070000	12075000	83.67757234834235	12072500
chr16	12075000	12080000	82.5245911168323	12077500
chr16	12080000	12085000	63.41766030724915	12082500
chr16	12085000	12090000	40.84975854871436	12087500
chr16	12090000	12095000	20.211885873290193	12092500
chr16	12095000	12100000	19.72691683496378	12097500
chr16	12100000	12105000	21.479947744508678	12102500
chr16	12105000	12110000	26.109110650925512	12107500
chr16	12110000	12115000	69.84188577015593	12112500
chr16	12115000	12120000	24.49538162928466	12117500
chr16	12120000	12125000	22.222379534831656	12122500
chr16	12125000	12130000	34.239487219680605	12127500
chr16	12130000	12135000	42.08775635605114	12132500
chr16	12135000	12140000	55.36147070252093	12137500
chr16	12140000	12145000	60.47520804951193	12142500
chr16	12145000	12150000	97.59068525000795	12147500
chr16	12150000	12155000	97.76580033842133	12152500
chr16	12155000	12160000	105.20129681701412	12157500
chr16	12160000	12165000	54.69563857911885	12162500
chr16	12165000	12170000	70.73161722328095	12167500
chr16	12170000	12175000	60.12895042584446	12172500
chr16	12175000	12180000	78.97673088396371	12177500
chr16	12180000	12185000	82.17130849481762	12182500
chr16	12185000	12190000	70.37687156285487	12187500
chr16	12190000	12195000	62.0972417849254	12192500
chr16	12195000	12200000	41.81684039915127	12197500
chr16	12200000	12205000	42.741777462027294	12202500
chr16	12205000	12210000	23.58813302775907	12207500
chr16	12210000	12215000	26.03187364785137	12212500
chr16	12215000	12220000	16.141587418492378	12217500
chr16	12220000	12225000	22.343018468769255	12222500
chr16	12225000	12230000	45.037382584128196	12227500
chr16	12230000	12235000	23.84856861301437	12232500
chr16	12235000	12240000	29.785531655218584	12237500
chr16	12240000	12245000	37.871283493324675	12242500
chr16	12245000	12250000	38.488886864350334	12247500
chr16	12250000	12255000	53.21771542309487	12252500
chr16	12255000	12260000	56.150500106543525	12257500
chr16	12260000	12265000	55.15008546593252	12262500
chr16	12265000	12270000	69.97765337468779	12267500
chr16	12270000	12275000	72.56721067761666	12272500
chr16	12275000	12280000	48.662397094779784	12277500
chr16	12280000	12285000	52.49592320253706	12282500
chr16	12285000	12290000	38.90003931132796	12287500
chr16	12290000	12295000	46.09311939894036	12292500
chr16	12295000	12300000	50.74681813860842	12297500
chr16	12300000	12305000	52.21934365685074	12302500
chr16	12305000	12310000	47.24256655307821	12307500
chr16	12310000	12315000	58.06305153521143	12312500
chr16	12315000	12320000	42.24267912342655	12317500
chr16	12320000	12325000	49.0688949486318	12322500
chr16	12325000	12330000	41.12292279533829	12327500
chr16	12330000	12335000	40.09777055820655	12332500
chr16	12335000	12340000	49.47732868859273	12337500
chr16	12340000	12345000	48.24066879721977	12342500
chr16	12345000	12350000	41.97323610095851	12347500
chr16	12350000	12355000	48.66170551440646	12352500
chr16	12355000	12360000	47.72104815054461	12357500
chr16	12360000	12365000	47.72104815054476	12362500
chr16	12365000	12370000	47.721048150544675	12367500
chr16	12370000	12375000	47.72104815054459	12372500
chr16	12375000	12380000	47.721048150544725	12377500
chr16	12380000	12385000	47.721048150544725	12382500
chr16	12385000	12390000	47.721048150544725	12387500
chr16	12390000	12395000	47.721048150544746	12392500
chr16	12395000	12400000	47.721048150544654	12397500
chr16	12400000	12405000	47.72104815054477	12402500
chr16	12405000	12410000	47.721048150544725	12407500
chr16	12410000	12415000	47.721048150544725	12412500
chr16	12415000	12420000	47.72104815054476	12417500
chr16	12420000	12425000	47.721048150544654	12422500
chr16	12425000	12430000	45.62258984990677	12427500
chr16	12430000	12435000	41.618952302637766	12432500
chr16	12435000	12440000	41.618952302637894	12437500
chr16	12440000	12445000	41.61895230263795	12442500
chr16	12445000	12450000	41.61895230263795	12447500
chr16	12450000	12455000	41.61895230263795	12452500
chr16	12455000	12460000	41.618952302637894	12457500
chr16	12460000	12465000	41.61895230263795	12462500
chr16	12465000	12470000	41.61895230263794	12467500
chr16	12470000	12475000	41.61895230263796	12472500
chr16	12475000	12480000	41.61895230263796	12477500
chr16	12480000	12485000	41.61895230263796	12482500
chr16	12485000	12490000	41.618952302637744	12487500
chr16	12490000	12495000	41.61895230263795	12492500
chr16	12495000	12500000	41.61895230263794	12497500
chr16	12500000	12505000	41.61895230263796	12502500
chr16	12505000	12510000	41.61895230263792	12507500
chr16	12510000	12515000	41.61895230263794	12512500
chr16	12515000	12520000	41.61895230263784	12517500
chr16	12520000	12525000	41.61895230263791	12522500
chr16	12525000	12530000	41.61895230263794	12527500
chr16	12530000	12535000	41.61895230263796	12532500
chr16	12535000	12540000	41.618952302637766	12537500
chr16	12540000	12545000	41.618952302637844	12542500
chr16	12545000	12550000	41.61895230263796	12547500
chr16	12550000	12555000	41.618952302637815	12552500
chr16	12555000	12560000	41.61895230263796	12557500
chr16	12560000	12565000	44.48611228433252	12562500
chr16	12565000	12570000	50.62313771777134	12567500
chr16	12570000	12575000	49.38602090668959	12572500
chr16	12575000	12580000	44.367366179147645	12577500
chr16	12580000	12585000	46.384598461872756	12582500
chr16	12585000	12590000	47.14416130796367	12587500
chr16	12590000	12595000	48.84209656576378	12592500
chr16	12595000	12600000	49.88111225633273	12597500
chr16	12600000	12605000	48.431629524306416	12602500
chr16	12605000	12610000	48.43162952430643	12607500
chr16	12610000	12615000	48.431629524306395	12612500
chr16	12615000	12620000	47.1735482001033	12617500
chr16	12620000	12625000	49.097212307562835	12622500
chr16	12625000	12630000	47.3039750697019	12627500
chr16	12630000	12635000	49.353346746858094	12632500
chr16	12635000	12640000	50.35515977241363	12637500
chr16	12640000	12645000	48.388840235536335	12642500
chr16	12645000	12650000	48.222278366595056	12647500
chr16	12650000	12655000	48.24274724651128	12652500
chr16	12655000	12660000	48.24274724651128	12657500
chr16	12660000	12665000	48.06152009872469	12662500
chr16	12665000	12670000	48.035630506183765	12667500
chr16	12670000	12675000	48.26523498151392	12672500
chr16	12675000	12680000	48.532130054575234	12677500
chr16	12680000	12685000	48.88303987443267	12682500
chr16	12685000	12690000	48.879013476034835	12687500
chr16	12690000	12695000	48.271819899818894	12692500
chr16	12695000	12700000	48.18380083597736	12697500
chr16	12700000	12705000	47.58319105519245	12702500
chr16	12705000	12710000	44.44921515237037	12707500
chr16	12710000	12715000	46.49560847985978	12712500
chr16	12715000	12720000	48.138005115960496	12717500
chr16	12720000	12725000	48.4453316337514	12722500
chr16	12725000	12730000	50.47712809437472	12727500
chr16	12730000	12735000	59.46127736561185	12732500
chr16	12735000	12740000	62.91058247594953	12737500
chr16	12740000	12745000	60.46088576251543	12742500
chr16	12745000	12750000	64.7213388482582	12747500
chr16	12750000	12755000	63.42612139529292	12752500
chr16	12755000	12760000	67.57690379845718	12757500
chr16	12760000	12765000	61.34371080498071	12762500
chr16	12765000	12770000	59.03621268567911	12767500
chr16	12770000	12775000	56.47756558530269	12772500
chr16	12775000	12780000	63.53403490197937	12777500
chr16	12780000	12785000	61.59771279409702	12782500
chr16	12785000	12790000	63.87940587634428	12787500
chr16	12790000	12795000	57.00471577663639	12792500
chr16	12795000	12800000	52.70007641286363	12797500
chr16	12800000	12805000	55.754851547116736	12802500
chr16	12805000	12810000	56.80214875839069	12807500
chr16	12810000	12815000	57.1339475389471	12812500
chr16	12815000	12820000	54.12915041047561	12817500
chr16	12820000	12825000	55.76214620158153	12822500
chr16	12825000	12830000	50.72155713425582	12827500
chr16	12830000	12835000	59.590459911302	12832500
chr16	12835000	12840000	60.94010214289577	12837500
chr16	12840000	12845000	61.797908194574724	12842500
chr16	12845000	12850000	59.01527563963424	12847500
chr16	12850000	12855000	57.200555592849234	12852500
chr16	12855000	12860000	53.58988916668	12857500
chr16	12860000	12865000	62.559303316055754	12862500
chr16	12865000	12870000	57.743808015726295	12867500
chr16	12870000	12875000	58.610737919796414	12872500
chr16	12875000	12880000	93.59064658674886	12877500
chr16	12880000	12885000	43.32587581335263	12882500
chr16	12885000	12890000	73.29358458995355	12887500
chr16	12890000	12895000	69.1910833354689	12892500
chr16	12895000	12900000	76.62037638533705	12897500
chr16	12900000	12905000	83.88154457857074	12902500
chr16	12905000	12910000	68.8726695680031	12907500
chr16	12910000	12915000	92.9742755456558	12912500
chr16	12915000	12920000	66.44569490057661	12917500
chr16	12920000	12925000	57.22105118197512	12922500
chr16	12925000	12930000	68.3771727222633	12927500
chr16	12930000	12935000	23.75044900148767	12932500
chr16	12935000	12940000	49.16970487721198	12937500
chr16	12940000	12945000	92.16214957286036	12942500
chr16	12945000	12950000	91.67089029248068	12947500
chr16	12950000	12955000	51.447155725347926	12952500
chr16	12955000	12960000	40.19377315865893	12957500
chr16	12960000	12965000	25.077949313831322	12962500
chr16	12965000	12970000	43.609234511368825	12967500
chr16	12970000	12975000	89.91275427863896	12972500
chr16	12975000	12980000	39.4259804466712	12977500
chr16	12980000	12985000	33.61790502453857	12982500
chr16	12985000	12990000	35.67761362075175	12987500
chr16	12990000	12995000	38.64912576897874	12992500
chr16	12995000	13000000	55.49889124357546	12997500
chr16	13000000	13005000	38.5594799161193	13002500
chr16	13005000	13010000	63.28567466288577	13007500
chr16	13010000	13015000	44.20056201838312	13012500
chr16	13015000	13020000	41.91868003157673	13017500
chr16	13020000	13025000	44.228969414584675	13022500
chr16	13025000	13030000	46.17393493053158	13027500
chr16	13030000	13035000	39.011443512897884	13032500
chr16	13035000	13040000	35.5497931771305	13037500
chr16	13040000	13045000	44.987165037932336	13042500
chr16	13045000	13050000	40.503581397659886	13047500
chr16	13050000	13055000	33.711375448153795	13052500
chr16	13055000	13060000	31.870669400273748	13057500
chr16	13060000	13065000	36.20954592306723	13062500
chr16	13065000	13070000	37.94195000199321	13067500
chr16	13070000	13075000	50.73651318747889	13072500
chr16	13075000	13080000	52.04181968889284	13077500
chr16	13080000	13085000	61.91512439602393	13082500
chr16	13085000	13090000	58.31548797429977	13087500
chr16	13090000	13095000	66.10220795461044	13092500
chr16	13095000	13100000	64.0927299418254	13097500
chr16	13100000	13105000	58.46772380849082	13102500
chr16	13105000	13110000	57.72497219239403	13107500
chr16	13110000	13115000	60.90220248001134	13112500
chr16	13115000	13120000	66.63436338891566	13117500
chr16	13120000	13125000	66.30584942688537	13122500
chr16	13125000	13130000	65.91968194298917	13127500
chr16	13130000	13135000	63.51803720443805	13132500
chr16	13135000	13140000	60.77708464796532	13137500
chr16	13140000	13145000	62.17407417623586	13142500
chr16	13145000	13150000	56.91596644629527	13147500
chr16	13150000	13155000	50.21024539427576	13152500
chr16	13155000	13160000	69.3087338620721	13157500
chr16	13160000	13165000	59.22160945436435	13162500
chr16	13165000	13170000	101.35518631713252	13167500
chr16	13170000	13175000	69.08460586683596	13172500
chr16	13175000	13180000	34.07532725585757	13177500
chr16	13180000	13185000	23.81680429674355	13182500
chr16	13185000	13190000	37.18074950866467	13187500
chr16	13190000	13195000	33.368472540178146	13192500
chr16	13195000	13200000	45.87292607244121	13197500
chr16	13200000	13205000	52.90502586404315	13202500
chr16	13205000	13210000	62.9051404850712	13207500
chr16	13210000	13215000	52.91439703174293	13212500
chr16	13215000	13220000	59.16249297582823	13217500
chr16	13220000	13225000	61.85478260842555	13222500
chr16	13225000	13230000	69.6298141217776	13227500
chr16	13230000	13235000	106.88857568359973	13232500
chr16	13235000	13240000	64.22337263520468	13237500
chr16	13240000	13245000	49.152393093621825	13242500
chr16	13245000	13250000	61.879164473789615	13247500
chr16	13250000	13255000	114.95430162261133	13252500
chr16	13255000	13260000	81.02275687659541	13257500
chr16	13260000	13265000	88.05682415690227	13262500
chr16	13265000	13270000	95.49456379065944	13267500
chr16	13270000	13275000	101.49915890635971	13272500
chr16	13275000	13280000	90.67422909760971	13277500
chr16	13280000	13285000	67.66583396978335	13282500
chr16	13285000	13290000	86.28302872536906	13287500
chr16	13290000	13295000	65.77145582617773	13292500
chr16	13295000	13300000	86.68945725084131	13297500
chr16	13300000	13305000	70.99276464219554	13302500
chr16	13305000	13310000	93.54816606384878	13307500
chr16	13310000	13315000	85.43694976558312	13312500
chr16	13315000	13320000	58.23898004475405	13317500
chr16	13320000	13325000	36.59631080984419	13322500
chr16	13325000	13330000	45.08994996693046	13327500
chr16	13330000	13335000	71.72986216952076	13332500
chr16	13335000	13340000	92.25891738119742	13337500
chr16	13340000	13345000	45.8410627790493	13342500
chr16	13345000	13350000	33.96415609415077	13347500
chr16	13350000	13355000	26.49227026169512	13352500
chr16	13355000	13360000	51.950043573475575	13357500
chr16	13360000	13365000	40.28267314698598	13362500
chr16	13365000	13370000	47.32912251684712	13367500
chr16	13370000	13375000	50.15333348737659	13372500
chr16	13375000	13380000	45.33110288542806	13377500
chr16	13380000	13385000	47.994937059738746	13382500
chr16	13385000	13390000	53.84631342197388	13387500
chr16	13390000	13395000	55.603537783115776	13392500
chr16	13395000	13400000	51.50115308773736	13397500
chr16	13400000	13405000	48.42931072789999	13402500
chr16	13405000	13410000	48.89718000431495	13407500
chr16	13410000	13415000	49.646251269779995	13412500
chr16	13415000	13420000	49.991570140982446	13417500
chr16	13420000	13425000	47.18302119326241	13422500
chr16	13425000	13430000	50.07121476727459	13427500
chr16	13430000	13435000	53.71985980671292	13432500
chr16	13435000	13440000	54.14867021898235	13437500
chr16	13440000	13445000	54.87947392619422	13442500
chr16	13445000	13450000	56.72085523617737	13447500
chr16	13450000	13455000	51.36151963235527	13452500
chr16	13455000	13460000	57.64366685227015	13457500
chr16	13460000	13465000	59.370556908763405	13462500
chr16	13465000	13470000	58.48075104636117	13467500
chr16	13470000	13475000	58.652773667625624	13472500
chr16	13475000	13480000	58.72296533315088	13477500
chr16	13480000	13485000	59.408059022269256	13482500
chr16	13485000	13490000	58.944013691352524	13487500
chr16	13490000	13495000	58.311430508089636	13492500
chr16	13495000	13500000	59.16324628200856	13497500
chr16	13500000	13505000	58.09766708685603	13502500
chr16	13505000	13510000	56.949048279582925	13507500
chr16	13510000	13515000	59.04018556368902	13512500
chr16	13515000	13520000	58.7390518207912	13517500
chr16	13520000	13525000	58.97609677767279	13522500
chr16	13525000	13530000	58.8981784793971	13527500
chr16	13530000	13535000	58.79376839575944	13532500
chr16	13535000	13540000	58.49659972061502	13537500
chr16	13540000	13545000	58.82853683151581	13542500
chr16	13545000	13550000	58.68999967234761	13547500
chr16	13550000	13555000	48.42201867524708	13552500
chr16	13555000	13560000	47.79005451149236	13557500
chr16	13560000	13565000	46.04625881821827	13562500
chr16	13565000	13570000	44.28188548424118	13567500
chr16	13570000	13575000	44.170953930998735	13572500
chr16	13575000	13580000	44.93444421563504	13577500
chr16	13580000	13585000	41.5516182032351	13582500
chr16	13585000	13590000	42.711535994307546	13587500
chr16	13590000	13595000	46.150487005233906	13592500
chr16	13595000	13600000	48.192924075409024	13597500
chr16	13600000	13605000	50.98941705656706	13602500
chr16	13605000	13610000	50.06933602480942	13607500
chr16	13610000	13615000	52.42573136179848	13612500
chr16	13615000	13620000	49.69300516599238	13617500
chr16	13620000	13625000	46.00104855680091	13622500
chr16	13625000	13630000	48.68286683366899	13627500
chr16	13630000	13635000	51.09681371762234	13632500
chr16	13635000	13640000	51.4510623428142	13637500
chr16	13640000	13645000	47.21018432479302	13642500
chr16	13645000	13650000	52.33102369190258	13647500
chr16	13650000	13655000	50.40067428335711	13652500
chr16	13655000	13660000	42.861927018489354	13657500
chr16	13660000	13665000	51.99854076481569	13662500
chr16	13665000	13670000	51.12488188946929	13667500
chr16	13670000	13675000	50.74193628149299	13672500
chr16	13675000	13680000	50.9145780734795	13677500
chr16	13680000	13685000	48.91095750578513	13682500
chr16	13685000	13690000	50.53151451298158	13687500
chr16	13690000	13695000	50.11407346530747	13692500
chr16	13695000	13700000	51.18056210059638	13697500
chr16	13700000	13705000	53.91589009501149	13702500
chr16	13705000	13710000	61.78716290240886	13707500
chr16	13710000	13715000	77.55622206419406	13712500
chr16	13715000	13720000	58.50115223104284	13717500
chr16	13720000	13725000	65.21815548309907	13722500
chr16	13725000	13730000	68.52002178709378	13727500
chr16	13730000	13735000	65.93895550639942	13732500
chr16	13735000	13740000	71.81234247719854	13737500
chr16	13740000	13745000	71.69760513390983	13742500
chr16	13745000	13750000	73.45661470802708	13747500
chr16	13750000	13755000	79.72129212066868	13752500
chr16	13755000	13760000	78.37233580195058	13757500
chr16	13760000	13765000	74.74930236875934	13762500
chr16	13765000	13770000	66.89781492964578	13767500
chr16	13770000	13775000	64.24162718201917	13772500
chr16	13775000	13780000	67.24581383073422	13777500
chr16	13780000	13785000	26.35174113479723	13782500
chr16	13785000	13790000	37.8827130172362	13787500
chr16	13790000	13795000	32.85103418578449	13792500
chr16	13795000	13800000	50.50585053661166	13797500
chr16	13800000	13805000	87.0123620175511	13802500
chr16	13805000	13810000	133.48496352314507	13807500
chr16	13810000	13815000	75.5233515165727	13812500
chr16	13815000	13820000	70.32163353531205	13817500
chr16	13820000	13825000	47.83571373580534	13822500
chr16	13825000	13830000	68.05546170072367	13827500
chr16	13830000	13835000	65.02243795474222	13832500
chr16	13835000	13840000	51.64882867902387	13837500
chr16	13840000	13845000	54.06680109705031	13842500
chr16	13845000	13850000	88.66162048359129	13847500
chr16	13850000	13855000	96.06383097967134	13852500
chr16	13855000	13860000	81.71933259528136	13857500
chr16	13860000	13865000	57.32739792294698	13862500
chr16	13865000	13870000	57.16158194882202	13867500
chr16	13870000	13875000	62.03990361774425	13872500
chr16	13875000	13880000	63.33929185756586	13877500
chr16	13880000	13885000	62.83264518306852	13882500
chr16	13885000	13890000	61.47022235288616	13887500
chr16	13890000	13895000	65.70816007215278	13892500
chr16	13895000	13900000	68.04235031227202	13897500
chr16	13900000	13905000	58.03620709818454	13902500
chr16	13905000	13910000	46.05841787897575	13907500
chr16	13910000	13915000	66.53748681167934	13912500
chr16	13915000	13920000	56.386100316656204	13917500
chr16	13920000	13925000	68.53665605910491	13922500
chr16	13925000	13930000	79.3474711108609	13927500
chr16	13930000	13935000	66.71156104884032	13932500
chr16	13935000	13940000	55.246144418253294	13937500
chr16	13940000	13945000	56.80434177314861	13942500
chr16	13945000	13950000	55.80381902487956	13947500
chr16	13950000	13955000	53.953314924635286	13952500
chr16	13955000	13960000	50.34791727104669	13957500
chr16	13960000	13965000	45.475371936048035	13962500
chr16	13965000	13970000	45.92510315684852	13967500
chr16	13970000	13975000	40.52341756856001	13972500
chr16	13975000	13980000	53.62855539749413	13977500
chr16	13980000	13985000	48.22070013825763	13982500
chr16	13985000	13990000	51.74609068868578	13987500
chr16	13990000	13995000	56.891761254944726	13992500
chr16	13995000	14000000	59.07192862390142	13997500
chr16	14000000	14005000	59.62129573980296	14002500
chr16	14005000	14010000	45.398578637715005	14007500
chr16	14010000	14015000	34.293430791275114	14012500
chr16	14015000	14020000	57.25293018178095	14017500
chr16	14020000	14025000	55.76949646470827	14022500
chr16	14025000	14030000	72.3084247235971	14027500
chr16	14030000	14035000	92.4824388576594	14032500
chr16	14035000	14040000	92.40918770220287	14037500
chr16	14040000	14045000	86.26745042798659	14042500
chr16	14045000	14050000	87.53502681332283	14047500
chr16	14050000	14055000	93.39390375081213	14052500
chr16	14055000	14060000	93.12144010319334	14057500
chr16	14060000	14065000	91.33092382730628	14062500
chr16	14065000	14070000	89.90840292319932	14067500
chr16	14070000	14075000	92.64675602890888	14072500
chr16	14075000	14080000	90.82621081572434	14077500
chr16	14080000	14085000	89.83129762940166	14082500
chr16	14085000	14090000	92.04556983407645	14087500
chr16	14090000	14095000	96.18201147677934	14092500
chr16	14095000	14100000	95.76351636897873	14097500
chr16	14100000	14105000	96.67509105407223	14102500
chr16	14105000	14110000	93.71378629141138	14107500
chr16	14110000	14115000	39.39731190871563	14112500
chr16	14115000	14120000	77.16197344278696	14117500
chr16	14120000	14125000	122.65883884206495	14122500
chr16	14125000	14130000	121.60068766124995	14127500
chr16	14130000	14135000	85.73905065545588	14132500
chr16	14135000	14140000	151.16741079470407	14137500
chr16	14140000	14145000	133.7413609297989	14142500
chr16	14145000	14150000	154.9814459825251	14147500
chr16	14150000	14155000	130.15280115228148	14152500
chr16	14155000	14160000	62.75811756964137	14157500
chr16	14160000	14165000	77.9109901149946	14162500
chr16	14165000	14170000	87.04536010672787	14167500
chr16	14170000	14175000	104.68846641216786	14172500
chr16	14175000	14180000	90.86498664107253	14177500
chr16	14180000	14185000	43.70473440391149	14182500
chr16	14185000	14190000	29.881377772498613	14187500
chr16	14190000	14195000	52.06153174545125	14192500
chr16	14195000	14200000	37.210873067642424	14197500
chr16	14200000	14205000	29.173951594241295	14202500
chr16	14205000	14210000	13.592416136744408	14207500
chr16	14210000	14215000	18.196926593654304	14212500
chr16	14215000	14220000	82.1339995682832	14217500
chr16	14220000	14225000	93.54564656618201	14222500
chr16	14225000	14230000	92.76665285380663	14227500
chr16	14230000	14235000	99.25322583256711	14232500
chr16	14235000	14240000	98.95933515693818	14237500
chr16	14240000	14245000	41.03650823876908	14242500
chr16	14245000	14250000	39.46401692106355	14247500
chr16	14250000	14255000	51.872009458552604	14252500
chr16	14255000	14260000	58.4914294473439	14257500
chr16	14260000	14265000	52.33634412932508	14262500
chr16	14265000	14270000	62.313601648430385	14267500
chr16	14270000	14275000	66.72457523919144	14272500
chr16	14275000	14280000	74.54331238599806	14277500
chr16	14280000	14285000	71.41962077391825	14282500
chr16	14285000	14290000	72.45343946167065	14287500
chr16	14290000	14295000	74.85153104404495	14292500
chr16	14295000	14300000	76.3030814306121	14297500
chr16	14300000	14305000	77.61174433860197	14302500
chr16	14305000	14310000	77.32144880686971	14307500
chr16	14310000	14315000	75.01750298280002	14312500
chr16	14315000	14320000	75.01016140058825	14317500
chr16	14320000	14325000	72.79773497357664	14322500
chr16	14325000	14330000	72.2766119452675	14327500
chr16	14330000	14335000	75.86529165199242	14332500
chr16	14335000	14340000	77.91661052100785	14337500
chr16	14340000	14345000	75.12922894325007	14342500
chr16	14345000	14350000	69.33009789310023	14347500
chr16	14350000	14355000	66.86279268158084	14352500
chr16	14355000	14360000	58.27662641575328	14357500
chr16	14360000	14365000	67.67795325966287	14362500
chr16	14365000	14370000	66.24532777656074	14367500
chr16	14370000	14375000	66.25767650279855	14372500
chr16	14375000	14380000	66.25919398913746	14377500
chr16	14380000	14385000	63.68408634486874	14382500
chr16	14385000	14390000	58.642140689333985	14387500
chr16	14390000	14395000	49.35774552978081	14392500
chr16	14395000	14400000	64.72539646061665	14397500
chr16	14400000	14405000	69.31770717038238	14402500
chr16	14405000	14410000	64.39682265858923	14407500
chr16	14410000	14415000	64.1535964277708	14412500
chr16	14415000	14420000	63.165909444156846	14417500
chr16	14420000	14425000	67.97222603984528	14422500
chr16	14425000	14430000	75.63725179563076	14427500
chr16	14430000	14435000	96.37306025944046	14432500
chr16	14435000	14440000	68.29771580401393	14437500
chr16	14440000	14445000	67.10696365237949	14442500
chr16	14445000	14450000	73.34750463285296	14447500
chr16	14450000	14455000	72.77946455677044	14452500
chr16	14455000	14460000	72.17153815230564	14457500
chr16	14460000	14465000	123.80550211801061	14462500
chr16	14465000	14470000	100.20383250244157	14467500
chr16	14470000	14475000	82.14986853470865	14472500
chr16	14475000	14480000	36.35957716506294	14477500
chr16	14480000	14485000	27.933902662133097	14482500
chr16	14485000	14490000	89.83799026213258	14487500
chr16	14490000	14495000	30.871982655438305	14492500
chr16	14495000	14500000	71.80975488340664	14497500
chr16	14500000	14505000	74.1264519932644	14502500
chr16	14505000	14510000	95.79524070328705	14507500
chr16	14510000	14515000	74.69647055571589	14512500
chr16	14515000	14520000	70.76908525079122	14517500
chr16	14520000	14525000	70.76908525079101	14522500
chr16	14525000	14530000	70.76908525079138	14527500
chr16	14530000	14535000	70.76908525079101	14532500
chr16	14535000	14540000	70.76908525079125	14537500
chr16	14540000	14545000	70.76908525079145	14542500
chr16	14545000	14550000	70.76908525079108	14547500
chr16	14550000	14555000	70.76908525079101	14552500
chr16	14555000	14560000	70.76908525079115	14557500
chr16	14560000	14565000	70.76908525079116	14562500
chr16	14565000	14570000	70.76908525079108	14567500
chr16	14570000	14575000	70.76908525079111	14572500
chr16	14575000	14580000	70.76908525079126	14577500
chr16	14580000	14585000	70.76908525079128	14582500
chr16	14585000	14590000	70.76908525079106	14587500
chr16	14590000	14595000	70.76908525079146	14592500
chr16	14595000	14600000	70.76908525079143	14597500
chr16	14600000	14605000	70.76908525079101	14602500
chr16	14605000	14610000	70.76908525079101	14607500
chr16	14610000	14615000	41.76294514434997	14612500
chr16	14615000	14620000	36.6004804930438	14617500
chr16	14620000	14625000	31.694625327911393	14622500
chr16	14625000	14630000	40.65068489731381	14627500
chr16	14630000	14635000	35.30073777578623	14632500
chr16	14635000	14640000	42.224096708765906	14637500
chr16	14640000	14645000	37.61692517280931	14642500
chr16	14645000	14650000	36.61000113053578	14647500
chr16	14650000	14655000	40.5458441543826	14652500
chr16	14655000	14660000	43.451365513749984	14657500
chr16	14660000	14665000	34.79023104904843	14662500
chr16	14665000	14670000	48.14419119097498	14667500
chr16	14670000	14675000	40.14777423678301	14672500
chr16	14675000	14680000	36.75921886285329	14677500
chr16	14680000	14685000	39.42035436365707	14682500
chr16	14685000	14690000	39.336395918644854	14687500
chr16	14690000	14695000	36.70068920185618	14692500
chr16	14695000	14700000	41.47050510996433	14697500
chr16	14700000	14705000	49.06873427444521	14702500
chr16	14705000	14710000	48.78452556998435	14707500
chr16	14710000	14715000	40.32381421669016	14712500
chr16	14715000	14720000	45.18641390978904	14717500
chr16	14720000	14725000	44.565927106882626	14722500
chr16	14725000	14730000	48.94748436935164	14727500
chr16	14730000	14735000	50.28758970919957	14732500
chr16	14735000	14740000	33.577934386198045	14737500
chr16	14740000	14745000	35.47569166664427	14742500
chr16	14745000	14750000	34.13153163106857	14747500
chr16	14750000	14755000	34.2990443317599	14752500
chr16	14755000	14760000	39.2025137605075	14757500
chr16	14760000	14765000	42.47415708103885	14762500
chr16	14765000	14770000	46.615899690909345	14767500
chr16	14770000	14775000	45.792174705378095	14772500
chr16	14775000	14780000	28.10546279539356	14777500
chr16	14780000	14785000	41.15988170466797	14782500
chr16	14785000	14790000	30.556040832731107	14787500
chr16	14790000	14795000	29.693870812618794	14792500
chr16	14795000	14800000	37.41439295955615	14797500
chr16	14800000	14805000	42.5200913708174	14802500
chr16	14805000	14810000	37.78356178546487	14807500
chr16	14810000	14815000	25.09078971823712	14812500
chr16	14815000	14820000	54.00944800368916	14817500
chr16	14820000	14825000	52.13631152070013	14822500
chr16	14825000	14830000	23.94150157330717	14827500
chr16	14830000	14835000	20.417071856950958	14832500
chr16	14835000	14840000	23.175405119061512	14837500
chr16	14840000	14845000	49.787675783312096	14842500
chr16	14845000	14850000	44.46850782118166	14847500
chr16	14850000	14855000	21.847858026950664	14852500
chr16	14855000	14860000	22.195811225082675	14857500
chr16	14860000	14865000	16.30578787895423	14862500
chr16	14865000	14870000	24.857080176331834	14867500
chr16	14870000	14875000	27.21618585067362	14872500
chr16	14875000	14880000	12.123143615192664	14877500
chr16	14880000	14885000	24.849588342410275	14882500
chr16	14885000	14890000	25.98088442294945	14887500
chr16	14890000	14895000	9.591327036497722	14892500
chr16	14895000	14900000	24.314580818712116	14897500
chr16	14900000	14905000	31.284217468276466	14902500
chr16	14905000	14910000	20.33026740475098	14907500
chr16	14910000	14915000	24.986264292558026	14912500
chr16	14915000	14920000	16.321003477563856	14917500
chr16	14920000	14925000	17.402987928136707	14922500
chr16	14925000	14930000	15.514474573719614	14927500
chr16	14930000	14935000	14.73107130651528	14932500
chr16	14935000	14940000	20.267169871578936	14937500
chr16	14940000	14945000	13.036935750041067	14942500
chr16	14945000	14950000	9.262467235410655	14947500
chr16	14950000	14955000	8.87140786111233	14952500
chr16	14955000	14960000	11.787356726500795	14957500
chr16	14960000	14965000	8.432962267946111	14962500
chr16	14965000	14970000	8.105290895511965	14967500
chr16	14970000	14975000	3.149334037058959	14972500
chr16	14975000	14980000	5.477168723601051	14977500
chr16	14980000	14985000	6.327555958337289	14982500
chr16	14985000	14990000	2.81507627692515	14987500
chr16	14990000	14995000	3.973831715366955	14992500
chr16	14995000	15000000	2.6452962162695384	14997500
chr16	15000000	15005000	2.00689487623078	15002500
chr16	15005000	15010000	1.5657794626941097	15007500
chr16	15010000	15015000	1.9779933682197492	15012500
chr16	15015000	15020000	1.6987976115601031	15017500
chr16	15020000	15025000	2.425696954264421	15022500
chr16	15025000	15030000	2.3033692579368985	15027500
chr16	15030000	15035000	1.7106032182138413	15032500
chr16	15035000	15040000	0.7377237935165402	15037500
chr16	15040000	15045000	0.8273707895479917	15042500
chr16	15045000	15050000	2.201079024628932	15047500
chr16	15050000	15055000	4.118332811350592	15052500
chr16	15055000	15060000	1.782062526023022	15057500
chr16	15060000	15065000	1.773394703136631	15062500
chr16	15065000	15070000	2.4217738795108277	15067500
chr16	15070000	15075000	1.6544101571739376	15072500
chr16	15075000	15080000	0.7550948715084804	15077500
chr16	15080000	15085000	0.23230664561718686	15082500
chr16	15085000	15090000	0.21401727342787594	15087500
chr16	15090000	15095000	0.41551998314995037	15092500
chr16	15095000	15100000	0.3173045925998803	15097500
chr16	15100000	15105000	0.3357983274985401	15102500
chr16	15105000	15110000	0.3357983274985403	15107500
chr16	15110000	15115000	0.29398563969055735	15112500
chr16	15115000	15120000	0.26599425483734346	15117500
chr16	15120000	15125000	0.1452217122453475	15122500
chr16	15125000	15130000	0.1323502796196386	15127500
chr16	15130000	15135000	0.16334472847856707	15132500
chr16	15135000	15140000	0.21352621710730696	15137500
chr16	15140000	15145000	0.21724409781286874	15142500
chr16	15145000	15150000	0.24632332756923678	15147500
chr16	15150000	15155000	0.24632332756923647	15152500
chr16	15155000	15160000	0.23312329698997541	15157500
chr16	15160000	15165000	0.1684704525236804	15162500
chr16	15165000	15170000	0.1632317627524933	15167500
chr16	15170000	15175000	0.11883467247209117	15172500
chr16	15175000	15180000	0.11777571023515471	15177500
chr16	15180000	15185000	0.1177757102351547	15182500
chr16	15185000	15190000	0.11777571023515467	15187500
chr16	15190000	15195000	0.11777571023515465	15192500
chr16	15195000	15200000	0.1177757102351547	15197500
chr16	15200000	15205000	0.333761249050073	15202500
chr16	15205000	15210000	6.102603799978859	15207500
chr16	15210000	15215000	9.724884225377677	15212500
chr16	15215000	15220000	0.019417901878300645	15217500
chr16	15220000	15225000	0.02068513812604834	15222500
chr16	15225000	15230000	2.7442029515578197	15227500
chr16	15230000	15235000	0.18139184118675167	15232500
