chrom	start	end	cM/Mb	midpoint
chr6	0	10000	0.04118470601955297	5000
chr6	10000	20000	25.1460706888794	15000
chr6	20000	30000	14.233278147118016	25000
chr6	30000	40000	14.58275397844315	35000
chr6	40000	50000	4.54635847345812	45000
chr6	50000	60000	8.379571405836183	55000
chr6	60000	70000	50.401340381959585	65000
chr6	70000	80000	51.906858368492244	75000
chr6	80000	90000	31.888596195251566	85000
chr6	90000	100000	32.97808330840333	95000
chr6	100000	110000	33.95515560400249	105000
chr6	110000	120000	35.58890760403446	115000
chr6	120000	130000	45.834348712972975	125000
chr6	130000	140000	33.85629004736313	135000
chr6	140000	150000	29.34188886710137	145000
chr6	150000	160000	22.662317800533454	155000
chr6	160000	170000	31.531592217235673	165000
chr6	170000	180000	42.37123777262436	175000
chr6	180000	190000	60.61683970017307	185000
chr6	190000	200000	43.074325453008846	195000
chr6	200000	210000	22.904929152841408	205000
chr6	210000	220000	27.788579014580442	215000
chr6	220000	230000	55.41428157296909	225000
chr6	230000	240000	43.11367073756597	235000
chr6	240000	250000	26.758793236773453	245000
chr6	250000	260000	24.608728570232625	255000
chr6	260000	270000	31.495197346706185	265000
chr6	270000	280000	31.98406008479866	275000
chr6	280000	290000	32.26029775812773	285000
chr6	290000	300000	27.385410602306475	295000
chr6	300000	310000	23.60964025427	305000
chr6	310000	320000	19.08191767898642	315000
chr6	320000	330000	48.51023033509739	325000
chr6	330000	340000	71.23863988664282	335000
chr6	340000	350000	10.785528466726841	345000
chr6	350000	360000	89.67706720956667	355000
chr6	360000	370000	98.86637237345721	365000
chr6	370000	380000	35.801035962785214	375000
chr6	380000	390000	84.93967705689721	385000
chr6	390000	400000	73.93995473794139	395000
chr6	400000	410000	61.86508431552024	405000
chr6	410000	420000	129.3684082054478	415000
chr6	420000	430000	107.81828816189619	425000
chr6	430000	440000	99.35923218822349	435000
chr6	440000	450000	52.85511474594929	445000
chr6	450000	460000	26.65996533139444	455000
chr6	460000	470000	24.97282244011381	465000
chr6	470000	480000	34.33074860866455	475000
chr6	480000	490000	47.26619122790857	485000
chr6	490000	500000	54.59848673017955	495000
chr6	500000	510000	49.1029482259787	505000
chr6	510000	520000	51.75121504257751	515000
chr6	520000	530000	56.59238352018322	525000
chr6	530000	540000	58.54035728380864	535000
chr6	540000	550000	57.13268097940806	545000
chr6	550000	560000	50.026763208854305	555000
chr6	560000	570000	62.728494522700416	565000
chr6	570000	580000	63.01235798402076	575000
chr6	580000	590000	62.74094272174023	585000
chr6	590000	600000	62.39597529641359	595000
chr6	600000	610000	62.35455954641865	605000
chr6	610000	620000	62.45683989178669	615000
chr6	620000	630000	62.149370946277784	625000
chr6	630000	640000	62.43458248862424	635000
chr6	640000	650000	46.83096885192712	645000
chr6	650000	660000	61.28973069037259	655000
chr6	660000	670000	33.79901906405184	665000
chr6	670000	680000	59.52517923666595	675000
chr6	680000	690000	75.98906993246675	685000
chr6	690000	700000	153.12864989627948	695000
chr6	700000	710000	165.10358033753818	705000
chr6	710000	720000	162.12070607689034	715000
chr6	720000	730000	164.4532312941668	725000
chr6	730000	740000	83.03344714822568	735000
chr6	740000	750000	75.19289261720677	745000
chr6	750000	760000	75.33127754154464	755000
chr6	760000	770000	77.75593546736796	765000
chr6	770000	780000	62.56150089966005	775000
chr6	780000	790000	60.494889715045545	785000
chr6	790000	800000	90.81001694115591	795000
chr6	800000	810000	60.12412894648118	805000
chr6	810000	820000	57.44273718187412	815000
chr6	820000	830000	57.46500149194215	825000
chr6	830000	840000	50.43508057925292	835000
chr6	840000	850000	47.55488730604521	845000
chr6	850000	860000	82.71553379176315	855000
chr6	860000	870000	57.18365744869273	865000
chr6	870000	880000	90.30061809814192	875000
chr6	880000	890000	93.2194808405931	885000
chr6	890000	900000	48.921434758437684	895000
chr6	900000	910000	69.89937037198949	905000
chr6	910000	920000	127.00381276448003	915000
chr6	970000	980000	77.18043601888382	975000
chr6	1030000	1040000	60.68230524582409	1035000
chr6	1040000	1050000	51.80507609858871	1045000
chr6	1050000	1060000	57.45929845286221	1055000
chr6	1060000	1070000	35.285357101763566	1065000
chr6	1070000	1080000	53.153700182667535	1075000
chr6	1080000	1090000	87.58087609348304	1085000
chr6	1090000	1100000	119.00284719853396	1095000
chr6	1100000	1110000	84.52332641846353	1105000
chr6	1110000	1120000	22.206214323641422	1115000
chr6	1120000	1130000	24.252912538645226	1125000
chr6	1130000	1140000	56.06232926615888	1135000
chr6	1140000	1150000	68.75522581405504	1145000
chr6	1150000	1160000	91.84101697941142	1155000
chr6	1160000	1170000	60.7562998887222	1165000
chr6	1170000	1180000	31.91816147423546	1175000
chr6	1180000	1190000	29.556184582580237	1185000
chr6	1190000	1200000	28.501054908940148	1195000
chr6	1200000	1210000	36.83599967575735	1205000
chr6	1210000	1220000	39.783991219337636	1215000
chr6	1220000	1230000	35.55456800617904	1225000
chr6	1230000	1240000	34.30857527706681	1235000
chr6	1240000	1250000	39.36852415792	1245000
chr6	1250000	1260000	38.49811897570997	1255000
chr6	1260000	1270000	46.72111889762036	1265000
chr6	1270000	1280000	41.7914593090757	1275000
chr6	1280000	1290000	45.70594518563414	1285000
chr6	1290000	1300000	42.28991013046532	1295000
chr6	1300000	1310000	45.16587813059155	1305000
chr6	1310000	1320000	47.54862756377783	1315000
chr6	1320000	1330000	45.37364734046271	1325000
chr6	1330000	1340000	56.52918686762963	1335000
chr6	1340000	1350000	56.90414613010236	1345000
chr6	1350000	1360000	56.89769306068442	1355000
chr6	1360000	1370000	56.902891950942156	1365000
chr6	1370000	1380000	56.92844170342284	1375000
chr6	1380000	1390000	56.89115671588932	1385000
chr6	1390000	1400000	56.92156245123838	1395000
chr6	1400000	1410000	59.98196663747632	1405000
chr6	1410000	1420000	56.37770588860893	1415000
chr6	1420000	1430000	55.6477478085498	1425000
chr6	1430000	1440000	49.43377345052999	1435000
chr6	1440000	1450000	64.42301961197596	1445000
chr6	1450000	1460000	36.57880100352577	1455000
chr6	1460000	1470000	55.507554215245804	1465000
chr6	1470000	1480000	63.75105614403434	1475000
chr6	1480000	1490000	20.669329790627863	1485000
chr6	1490000	1500000	23.777342805032713	1495000
chr6	1500000	1510000	34.177980527000045	1505000
chr6	1510000	1520000	43.40947621155965	1515000
chr6	1520000	1530000	72.36839754456577	1525000
chr6	1530000	1540000	61.096076827321426	1535000
chr6	1540000	1550000	43.047111090491455	1545000
chr6	1550000	1560000	66.36294707931555	1555000
chr6	1560000	1570000	34.14614708497991	1565000
chr6	1570000	1580000	39.45019699809704	1575000
chr6	1580000	1590000	47.682867217172785	1585000
chr6	1590000	1600000	55.18437027813654	1595000
chr6	1600000	1610000	50.01639136437322	1605000
chr6	1610000	1620000	51.94760722791632	1615000
chr6	1620000	1630000	57.06340908393449	1625000
chr6	1630000	1640000	73.58948594778965	1635000
chr6	1640000	1650000	57.36532975997096	1645000
chr6	1650000	1660000	35.815624495641266	1655000
chr6	1660000	1670000	23.318753901298656	1665000
chr6	1670000	1680000	30.89372348897254	1675000
chr6	1680000	1690000	42.07680283526445	1685000
chr6	1690000	1700000	39.7894915394873	1695000
chr6	1700000	1710000	40.87811058408878	1705000
chr6	1710000	1720000	44.671222231384974	1715000
chr6	1720000	1730000	42.755953990608205	1725000
chr6	1730000	1740000	44.331965003530165	1735000
chr6	1740000	1750000	39.89763911020269	1745000
chr6	1750000	1760000	43.16505437644645	1755000
chr6	1760000	1770000	60.431527193580365	1765000
chr6	1770000	1780000	56.496803076345955	1775000
chr6	1780000	1790000	53.12051509624321	1785000
chr6	1790000	1800000	64.6621613164902	1795000
chr6	1800000	1810000	92.54618480599851	1805000
chr6	1810000	1820000	58.78779026164061	1815000
chr6	1820000	1830000	58.95373563083137	1825000
chr6	1830000	1840000	72.78482426427655	1835000
chr6	1840000	1850000	62.80312883807888	1845000
chr6	1850000	1860000	47.24802726312203	1855000
chr6	1860000	1870000	37.124809778452146	1865000
chr6	1870000	1880000	42.0171516803021	1875000
chr6	1880000	1890000	42.745805987094364	1885000
chr6	1890000	1900000	36.39526798345334	1895000
chr6	1900000	1910000	33.56945122646406	1905000
chr6	1910000	1920000	38.05309070532142	1915000
chr6	1920000	1930000	41.96783324550475	1925000
chr6	1930000	1940000	46.388967192258846	1935000
chr6	1940000	1950000	25.83838491945886	1945000
chr6	1950000	1960000	23.65906971664863	1955000
chr6	1960000	1970000	25.539739950948267	1965000
chr6	1970000	1980000	24.30694346712285	1975000
chr6	1980000	1990000	24.758855321903717	1985000
chr6	1990000	2000000	24.57706120627912	1995000
chr6	2000000	2010000	26.198562837196835	2005000
chr6	2010000	2020000	23.645054427239476	2015000
chr6	2020000	2030000	22.730213616868024	2025000
chr6	2030000	2040000	31.26800478397442	2035000
chr6	2040000	2050000	25.006094680827932	2045000
chr6	2050000	2060000	27.564904761785733	2055000
chr6	2060000	2070000	28.32080240300377	2065000
chr6	2070000	2080000	30.820831603526	2075000
chr6	2080000	2090000	28.159284439318196	2085000
chr6	2090000	2100000	29.809332668840923	2095000
chr6	2100000	2110000	29.719824972668285	2105000
chr6	2110000	2120000	32.89313424258595	2115000
chr6	2120000	2130000	24.337504962777352	2125000
chr6	2130000	2140000	27.108095201382113	2135000
chr6	2140000	2150000	33.502163785269325	2145000
chr6	2150000	2160000	42.75702642661107	2155000
chr6	2160000	2170000	27.05596953604186	2165000
chr6	2170000	2180000	38.906424837801644	2175000
chr6	2180000	2190000	32.499981764180134	2185000
chr6	2190000	2200000	13.09128227089505	2195000
chr6	2200000	2210000	21.577171958785875	2205000
chr6	2210000	2220000	42.28761856411814	2215000
chr6	2220000	2230000	25.801131742754585	2225000
chr6	2230000	2240000	17.04012606928544	2235000
chr6	2240000	2250000	22.3106751858083	2245000
chr6	2250000	2260000	26.180054677524378	2255000
chr6	2260000	2270000	40.29365697134881	2265000
chr6	2270000	2280000	22.65652419106622	2275000
chr6	2280000	2290000	21.238825226386773	2285000
chr6	2290000	2300000	24.891439722885018	2295000
chr6	2300000	2310000	23.94371460947056	2305000
chr6	2310000	2320000	21.103889766626676	2315000
chr6	2320000	2330000	23.82123924551481	2325000
chr6	2330000	2340000	22.503949892744025	2335000
chr6	2340000	2350000	24.2081677411815	2345000
chr6	2350000	2360000	18.880506798842813	2355000
chr6	2360000	2370000	22.616440946100337	2365000
chr6	2370000	2380000	20.900972273321372	2375000
chr6	2380000	2390000	23.067921854126983	2385000
chr6	2390000	2400000	25.437320006778634	2395000
chr6	2400000	2410000	26.511286610889954	2405000
chr6	2410000	2420000	25.38568323732694	2415000
chr6	2420000	2430000	26.009281241581196	2425000
chr6	2430000	2440000	21.824708871196364	2435000
chr6	2440000	2450000	23.878434504855715	2445000
chr6	2450000	2460000	24.62570712587099	2455000
chr6	2460000	2470000	24.608896970963027	2465000
chr6	2470000	2480000	23.279676127332312	2475000
chr6	2480000	2490000	32.06923458759086	2485000
chr6	2490000	2500000	18.347457563396507	2495000
chr6	2500000	2510000	21.405614175803343	2505000
chr6	2510000	2520000	15.453547007916596	2515000
chr6	2520000	2530000	26.80668904942886	2525000
chr6	2530000	2540000	31.40167366897618	2535000
chr6	2540000	2550000	26.981991236916308	2545000
chr6	2550000	2560000	18.442460819335192	2555000
chr6	2560000	2570000	23.521699812359646	2565000
chr6	2570000	2580000	19.749153385310148	2575000
chr6	2580000	2590000	19.00574951585688	2585000
chr6	2590000	2600000	18.297045884030467	2595000
chr6	2600000	2610000	61.79813535576851	2605000
chr6	2610000	2620000	66.87625479803495	2615000
chr6	2620000	2630000	22.379727080104267	2625000
chr6	2630000	2640000	23.519089862893722	2635000
chr6	2640000	2650000	21.598335108755034	2645000
chr6	2650000	2660000	43.09160440087362	2655000
chr6	2660000	2670000	23.493375994123493	2665000
chr6	2670000	2680000	20.567855577992354	2675000
chr6	2680000	2690000	30.3186625389493	2685000
chr6	2690000	2700000	34.67641582297827	2695000
chr6	2700000	2710000	33.987680887330185	2705000
chr6	2710000	2720000	14.855677709855694	2715000
chr6	2720000	2730000	14.188051369037597	2725000
chr6	2730000	2740000	24.516231769018727	2735000
chr6	2740000	2750000	41.52712329276681	2745000
chr6	2750000	2760000	25.98553887616702	2755000
chr6	2760000	2770000	23.526467903187964	2765000
chr6	2770000	2780000	22.074591828624794	2775000
chr6	2780000	2790000	25.598913324429493	2785000
chr6	2790000	2800000	23.758548557988245	2795000
chr6	2800000	2810000	30.855531428445175	2805000
chr6	2810000	2820000	27.04856136418137	2815000
chr6	2820000	2830000	27.39647024614615	2825000
chr6	2830000	2840000	30.020039537980246	2835000
chr6	2840000	2850000	29.836860260380274	2845000
chr6	2850000	2860000	26.82861849815371	2855000
chr6	2860000	2870000	27.81818123795872	2865000
chr6	2870000	2880000	23.66859066166893	2875000
chr6	2880000	2890000	18.68052713116015	2885000
chr6	2890000	2900000	23.481059710782144	2895000
chr6	2900000	2910000	32.40251637551073	2905000
chr6	2910000	2920000	19.908176643083248	2915000
chr6	2920000	2930000	24.33849597295166	2925000
chr6	2930000	2940000	21.304028302725566	2935000
chr6	2940000	2950000	19.567107298605375	2945000
chr6	2950000	2960000	24.609559200974367	2955000
chr6	2960000	2970000	21.57712731213716	2965000
chr6	2970000	2980000	27.613936363312362	2975000
chr6	2980000	2990000	26.4018444373647	2985000
chr6	2990000	3000000	26.701783175752656	2995000
chr6	3000000	3010000	24.059484523764368	3005000
chr6	3010000	3020000	51.198055551861245	3015000
chr6	3020000	3030000	55.48592856649224	3025000
chr6	3030000	3040000	20.83183321889386	3035000
chr6	3040000	3050000	22.25541314180221	3045000
chr6	3050000	3060000	26.173148267589998	3055000
chr6	3060000	3070000	32.7598195335503	3065000
chr6	3070000	3080000	25.713622413844515	3075000
chr6	3080000	3090000	29.38489951506227	3085000
chr6	3090000	3100000	31.59951008812026	3095000
chr6	3100000	3110000	23.127820706088045	3105000
chr6	3110000	3120000	21.83211681096715	3115000
chr6	3120000	3130000	24.841189163505852	3125000
chr6	3130000	3140000	23.142191471541928	3135000
chr6	3140000	3150000	24.356991809534367	3145000
chr6	3150000	3160000	25.689201474777743	3155000
chr6	3160000	3170000	19.902574675229893	3165000
chr6	3170000	3180000	17.37363730893383	3175000
chr6	3180000	3190000	13.929519782714978	3185000
chr6	3190000	3200000	31.593800688950527	3195000
chr6	3200000	3210000	14.205036333909746	3205000
chr6	3210000	3220000	12.745420793377981	3215000
chr6	3220000	3230000	14.03220187259425	3225000
chr6	3230000	3240000	23.814797892734703	3235000
chr6	3240000	3250000	37.47215011215397	3245000
chr6	3250000	3260000	16.902713067964342	3255000
chr6	3260000	3270000	21.07777545947388	3265000
chr6	3270000	3280000	24.742491590922217	3275000
chr6	3280000	3290000	14.009322304444781	3285000
chr6	3290000	3300000	26.476760684031362	3295000
chr6	3300000	3310000	23.29847951392521	3305000
chr6	3310000	3320000	21.903683469420564	3315000
chr6	3320000	3330000	36.12962826536324	3325000
chr6	3330000	3340000	19.28182023790781	3335000
chr6	3340000	3350000	25.242228848732825	3345000
chr6	3350000	3360000	25.93460671194486	3355000
chr6	3360000	3370000	17.505450708946306	3365000
chr6	3370000	3380000	27.099282394891205	3375000
chr6	3380000	3390000	21.332889749463455	3385000
chr6	3390000	3400000	24.116031589175687	3395000
chr6	3400000	3410000	37.83892906777041	3405000
chr6	3410000	3420000	33.16154950176632	3415000
chr6	3420000	3430000	10.470047588264944	3425000
chr6	3430000	3440000	22.520848169081564	3435000
chr6	3440000	3450000	23.77903623800632	3445000
chr6	3450000	3460000	15.931216450646426	3455000
chr6	3460000	3470000	18.953957246949766	3465000
chr6	3470000	3480000	30.965710872371453	3475000
chr6	3480000	3490000	23.780742998044385	3485000
chr6	3490000	3500000	33.27639685386774	3495000
chr6	3500000	3510000	38.46677866035307	3505000
chr6	3510000	3520000	16.932944319211934	3515000
chr6	3520000	3530000	9.601557872843458	3525000
chr6	3530000	3540000	19.735236238610877	3535000
chr6	3540000	3550000	33.73953816618043	3545000
chr6	3550000	3560000	10.531855643809422	3555000
chr6	3560000	3570000	9.836870203245821	3565000
chr6	3570000	3580000	12.671432362202461	3575000
chr6	3580000	3590000	14.911893962760816	3585000
chr6	3590000	3600000	23.62492873065973	3595000
chr6	3600000	3610000	42.10734949529098	3605000
chr6	3610000	3620000	29.794950751182782	3615000
chr6	3620000	3630000	40.153609529085905	3625000
chr6	3630000	3640000	18.816488343145267	3635000
chr6	3640000	3650000	17.62642748319965	3645000
chr6	3650000	3660000	17.805269367951468	3655000
chr6	3660000	3670000	27.81579772421499	3665000
chr6	3670000	3680000	27.052567035132462	3675000
chr6	3680000	3690000	14.835685135573112	3685000
chr6	3690000	3700000	21.57118363368146	3695000
chr6	3700000	3710000	21.173386119231434	3705000
chr6	3710000	3720000	30.070515632172267	3715000
chr6	3720000	3730000	23.844816172769978	3725000
chr6	3730000	3740000	13.371681608550828	3735000
chr6	3740000	3750000	7.763241666722722	3745000
chr6	3750000	3760000	16.95012166988055	3755000
chr6	3760000	3770000	11.292919084537877	3765000
chr6	3770000	3780000	15.872802493024361	3775000
chr6	3780000	3790000	16.399856392593367	3785000
chr6	3790000	3800000	27.325521631340962	3795000
chr6	3800000	3810000	14.323819256840892	3805000
chr6	3810000	3820000	14.374138379466233	3815000
chr6	3820000	3830000	16.46695902412644	3825000
chr6	3830000	3840000	30.50623088040639	3835000
chr6	3840000	3850000	55.33591457082718	3845000
chr6	3850000	3860000	36.27889424253477	3855000
chr6	3860000	3870000	29.792425085386927	3865000
chr6	3870000	3880000	42.60971354770002	3875000
chr6	3880000	3890000	36.13624863166523	3885000
chr6	3890000	3900000	21.167874612797895	3895000
chr6	3900000	3910000	19.749526252831338	3905000
chr6	3910000	3920000	14.649177909019075	3915000
chr6	3920000	3930000	15.151221984682692	3925000
chr6	3930000	3940000	15.419845319887635	3935000
chr6	3940000	3950000	15.016844186605399	3945000
chr6	3950000	3960000	17.616374746391163	3955000
chr6	3960000	3970000	14.180126775990495	3965000
chr6	3970000	3980000	12.892909584027596	3975000
chr6	3980000	3990000	14.800068971079927	3985000
chr6	3990000	4000000	15.360373219165735	3995000
chr6	4000000	4010000	10.313585174241041	4005000
chr6	4010000	4020000	10.456035249759783	4015000
chr6	4020000	4030000	17.336189149841072	4025000
chr6	4030000	4040000	11.585755269097037	4035000
chr6	4040000	4050000	11.886506033835806	4045000
chr6	4050000	4060000	12.805970944701931	4055000
chr6	4060000	4070000	12.272265111259411	4065000
chr6	4070000	4080000	13.678719647990446	4075000
chr6	4080000	4090000	13.064297002039808	4085000
chr6	4090000	4100000	13.696894790535884	4095000
chr6	4100000	4110000	18.77414902859353	4105000
chr6	4110000	4120000	26.487451727595126	4115000
chr6	4120000	4130000	31.220643720536167	4125000
chr6	4130000	4140000	32.0410869245226	4135000
chr6	4140000	4150000	59.913920521514	4145000
chr6	4150000	4160000	72.72277056407745	4155000
chr6	4160000	4170000	72.72277056407717	4165000
chr6	4170000	4180000	35.93030199795536	4175000
chr6	4180000	4190000	28.154657925288987	4185000
chr6	4190000	4200000	15.61464458500428	4195000
chr6	4200000	4210000	13.31867500690582	4205000
chr6	4210000	4220000	10.117762794454402	4215000
chr6	4220000	4230000	8.434334641104298	4225000
chr6	4230000	4240000	12.057712209258877	4235000
chr6	4240000	4250000	10.05163768258545	4245000
chr6	4250000	4260000	10.444734316016401	4255000
chr6	4260000	4270000	10.648303692086369	4265000
chr6	4270000	4280000	12.943684141569527	4275000
chr6	4280000	4290000	12.889241763038317	4285000
chr6	4290000	4300000	16.620012729806955	4295000
chr6	4300000	4310000	15.435465401080654	4305000
chr6	4310000	4320000	10.884176323047123	4315000
chr6	4320000	4330000	28.65727288972292	4325000
chr6	4330000	4340000	9.981501550858777	4335000
chr6	4340000	4350000	11.840727708395438	4345000
chr6	4350000	4360000	9.51838700390903	4355000
chr6	4360000	4370000	12.898788976764731	4365000
chr6	4370000	4380000	13.324892887306426	4375000
chr6	4380000	4390000	27.794466361263954	4385000
chr6	4390000	4400000	30.260072590528253	4395000
chr6	4400000	4410000	8.234174040722047	4405000
chr6	4410000	4420000	7.04415512211433	4415000
chr6	4420000	4430000	6.310925144529202	4425000
chr6	4430000	4440000	8.001759734621476	4435000
chr6	4440000	4450000	10.147478886380458	4445000
chr6	4450000	4460000	10.484795301291955	4455000
chr6	4460000	4470000	14.052226004556122	4465000
chr6	4470000	4480000	14.814923472158926	4475000
chr6	4480000	4490000	14.93122168423031	4485000
chr6	4490000	4500000	28.181816590609472	4495000
chr6	4500000	4510000	9.950790319999156	4505000
chr6	4510000	4520000	8.582713207462385	4515000
chr6	4520000	4530000	6.35615394875508	4525000
chr6	4530000	4540000	7.891593527287876	4535000
chr6	4540000	4550000	6.9864594783475145	4545000
chr6	4550000	4560000	11.6747293451154	4555000
chr6	4560000	4570000	6.7385653396051435	4565000
chr6	4570000	4580000	9.481472199972956	4575000
chr6	4580000	4590000	10.793161234205504	4585000
chr6	4590000	4600000	10.574191526930928	4595000
chr6	4600000	4610000	28.387562787069786	4605000
chr6	4610000	4620000	7.771339914001086	4615000
chr6	4620000	4630000	5.060281618857565	4625000
chr6	4630000	4640000	14.701549322319876	4635000
chr6	4640000	4650000	9.250305093559643	4645000
chr6	4650000	4660000	8.85160869047521	4655000
chr6	4660000	4670000	6.634197810145679	4665000
chr6	4670000	4680000	10.907880461430027	4675000
chr6	4680000	4690000	16.5424315558479	4685000
chr6	4690000	4700000	13.678561688366688	4695000
chr6	4700000	4710000	17.914305550166283	4705000
chr6	4710000	4720000	20.38274189369486	4715000
chr6	4720000	4730000	17.155408501561332	4725000
chr6	4730000	4740000	14.79854126385687	4735000
chr6	4740000	4750000	12.197963422314643	4745000
chr6	4750000	4760000	12.57949952190465	4755000
chr6	4760000	4770000	16.70599974504765	4765000
chr6	4770000	4780000	12.354917524424259	4775000
chr6	4780000	4790000	14.146093888872265	4785000
chr6	4790000	4800000	16.635574736630552	4795000
chr6	4800000	4810000	16.46024447090918	4805000
chr6	4810000	4820000	16.86633826060943	4815000
chr6	4820000	4830000	12.934905271598655	4825000
chr6	4830000	4840000	14.594816066179572	4835000
chr6	4840000	4850000	11.516314105403492	4845000
chr6	4850000	4860000	48.20082725715173	4855000
chr6	4860000	4870000	0.10678773772372342	4865000
chr6	4870000	4880000	44.35596563978162	4875000
chr6	4880000	4890000	57.94286061767807	4885000
chr6	4890000	4900000	40.07504050800028	4895000
chr6	4900000	4910000	29.426865642061983	4905000
chr6	4910000	4920000	41.18708877609338	4915000
chr6	4920000	4930000	35.70899960506686	4925000
chr6	4930000	4940000	5.58327693051451	4935000
chr6	4940000	4950000	27.6035525270807	4945000
chr6	4950000	4960000	48.130710440868576	4955000
chr6	4960000	4970000	25.89339634085424	4965000
chr6	4970000	4980000	31.458167081295457	4975000
chr6	4980000	4990000	16.257681238934765	4985000
chr6	4990000	5000000	0.9434983726217238	4995000
chr6	5000000	5010000	1.2233654627669313	5005000
chr6	5010000	5020000	0.7928956762433108	5015000
chr6	5020000	5030000	0.8169663495681246	5025000
chr6	5030000	5040000	0.8169663495681257	5035000
chr6	5040000	5050000	1.0745007829921975	5045000
chr6	5050000	5060000	0.6204705593639648	5055000
chr6	5060000	5070000	0.19273042773559848	5065000
chr6	5070000	5080000	0.4985252186232504	5075000
chr6	5080000	5090000	0.5389849112088055	5085000
chr6	5090000	5100000	0.3133198505266127	5095000
chr6	5100000	5110000	2.26741469245725	5105000
chr6	5110000	5120000	0.4021222474685864	5115000
chr6	5120000	5130000	0.2119454425949272	5125000
chr6	5130000	5140000	0.0638342584973487	5135000
chr6	5140000	5150000	0.07995037463379034	5145000
chr6	5150000	5160000	0.117053235512444	5155000
chr6	5160000	5170000	0.1660620908078705	5165000
chr6	5170000	5180000	0.7936230170091311	5175000
chr6	5180000	5190000	0.31209467921943557	5185000
chr6	5190000	5200000	0.21311323193111917	5195000
chr6	5200000	5210000	0.23678888296876657	5205000
chr6	5210000	5220000	0.3056110136687369	5215000
chr6	5220000	5230000	0.17273059947292024	5225000
chr6	5230000	5240000	0.20265652781438703	5235000
chr6	5240000	5250000	2.167561009545276	5245000
chr6	5250000	5260000	0.3031594524919679	5255000
chr6	5260000	5270000	0.3746441409854328	5265000
chr6	5270000	5280000	0.38120402018339533	5275000
chr6	5280000	5290000	0.47304918713303645	5285000
chr6	5290000	5300000	0.5518146191554416	5295000
chr6	5300000	5310000	0.33281289685090804	5305000
chr6	5310000	5320000	0.33281289685090815	5315000
chr6	5320000	5330000	0.28426481648211804	5325000
chr6	5330000	5340000	0.1745144340220333	5335000
chr6	5340000	5350000	0.1761601730871639	5345000
chr6	5350000	5360000	0.1583946662373893	5355000
chr6	5360000	5370000	0.1415225994050428	5365000
chr6	5370000	5380000	0.15828745058866645	5375000
chr6	5380000	5390000	0.13280966730853228	5385000
chr6	5390000	5400000	0.11045493639076587	5395000
chr6	5400000	5410000	0.11587480280051562	5405000
chr6	5410000	5420000	0.11593432619202967	5415000
chr6	5420000	5430000	0.11593432619202954	5425000
chr6	5430000	5440000	0.12088036713053515	5435000
chr6	5440000	5450000	0.12458843681771899	5445000
chr6	5450000	5460000	0.1135489034679351	5455000
chr6	5460000	5470000	0.10075308072159475	5465000
chr6	5470000	5480000	0.0913234278046167	5475000
chr6	5480000	5490000	0.08433950531117487	5485000
chr6	5490000	5500000	0.08433950531117486	5495000
chr6	5500000	5510000	0.1091436201729895	5505000
chr6	5510000	5520000	0.11958460902880347	5515000
chr6	5520000	5530000	0.12110151437007302	5525000
chr6	5530000	5540000	0.12359994669687001	5535000
chr6	5540000	5550000	0.12113021720292187	5545000
chr6	5550000	5560000	0.10126064942142715	5555000
chr6	5560000	5570000	0.10126064942142708	5565000
chr6	5570000	5580000	0.09214931260927706	5575000
chr6	5580000	5590000	0.08694283443090564	5585000
chr6	5590000	5600000	0.08940998828830671	5595000
chr6	5600000	5610000	0.10067162240969356	5605000
chr6	5610000	5620000	0.1029188279469937	5615000
chr6	5620000	5630000	0.14362672398604198	5625000
chr6	5630000	5640000	0.1152854668285356	5635000
chr6	5640000	5650000	0.07704405210885137	5645000
chr6	5650000	5660000	0.06274290256461051	5655000
chr6	5660000	5670000	0.1034521847824581	5665000
chr6	5670000	5680000	0.18774647949620893	5675000
chr6	5680000	5690000	0.08687535758540915	5685000
chr6	5690000	5700000	0.1393161560431426	5695000
chr6	5700000	5710000	0.16623578831156277	5705000
chr6	5710000	5720000	0.17484229004804364	5715000
chr6	5720000	5730000	0.17484229004804366	5725000
chr6	5730000	5740000	0.17484229004804377	5735000
chr6	5740000	5750000	0.1748422900480437	5745000
chr6	5750000	5760000	0.1748422900480438	5755000
chr6	5760000	5770000	0.17484229004804377	5765000
chr6	5770000	5780000	0.17484229004804377	5775000
chr6	5780000	5790000	0.12766620419375863	5785000
chr6	5790000	5800000	0.12508121318804433	5795000
chr6	5800000	5810000	0.12508121318804438	5805000
chr6	5810000	5820000	0.12508121318804438	5815000
chr6	5820000	5830000	0.1202605648889015	5825000
chr6	5830000	5840000	0.11012683910866632	5835000
chr6	5840000	5850000	0.11012683910866632	5845000
chr6	5850000	5860000	0.10710273665458606	5855000
chr6	5860000	5870000	0.0906381788490379	5865000
chr6	5870000	5880000	0.09063817884903794	5875000
chr6	5880000	5890000	0.09063817884903795	5885000
chr6	5890000	5900000	0.09063817884903788	5895000
chr6	5900000	5910000	0.09063817884903788	5905000
chr6	5910000	5920000	0.09063817884903787	5915000
chr6	5920000	5930000	0.09063817884903788	5925000
chr6	5930000	5940000	0.14622543296907559	5935000
chr6	5940000	5950000	0.15185990307784142	5945000
chr6	5950000	5960000	0.7261081791472064	5955000
chr6	5960000	5970000	4.265606067889659	5965000
chr6	5970000	5980000	0.3721074860412636	5975000
chr6	5980000	5990000	0.3721074860412636	5985000
chr6	5990000	6000000	0.3850041306989068	5995000
chr6	6000000	6010000	0.38856241602091995	6005000
chr6	6010000	6020000	0.3885624160209195	6015000
chr6	6020000	6030000	0.9134361774572708	6025000
chr6	6030000	6040000	1.7478983493348748	6035000
chr6	6040000	6050000	4.517639590047113	6045000
chr6	6050000	6060000	6.460025283441421	6055000
chr6	6060000	6070000	1.0052329472445254	6065000
chr6	6070000	6080000	0.2524649710698028	6075000
chr6	6080000	6090000	0.2524649710698028	6085000
chr6	6090000	6100000	0.25246497106980276	6095000
chr6	6100000	6110000	0.3131142502075945	6105000
chr6	6110000	6120000	0.300898588470179	6115000
chr6	6120000	6130000	0.044778043956911644	6125000
chr6	6130000	6140000	0.044778043956912116	6135000
chr6	6140000	6150000	0.04477804395691213	6145000
chr6	6150000	6160000	0.08632176746545299	6155000
chr6	6160000	6170000	0.2662812866439277	6165000
chr6	6170000	6180000	0.1848660941445549	6175000
chr6	6180000	6190000	0.07996000366907512	6185000
chr6	6190000	6200000	0.0799600036690751	6195000
chr6	6200000	6210000	0.07996000366907513	6205000
chr6	6210000	6220000	0.07996000366907513	6215000
chr6	6220000	6230000	0.07996000366907513	6225000
chr6	6230000	6240000	0.07996000366907513	6235000
chr6	6240000	6250000	0.07996000366907513	6245000
chr6	6250000	6260000	0.07996000366907514	6255000
chr6	6260000	6270000	0.05395157607205923	6265000
chr6	6270000	6280000	0.05270982916700134	6275000
chr6	6280000	6290000	0.06285861144714802	6285000
chr6	6290000	6300000	0.2778522707860756	6295000
chr6	6300000	6310000	0.2778522707860755	6305000
chr6	6310000	6320000	0.2778522707860755	6315000
chr6	6320000	6330000	0.2778522707860756	6325000
chr6	6330000	6340000	0.2778522707860756	6335000
chr6	6340000	6350000	0.27785227078607555	6345000
chr6	6350000	6360000	0.2499510621480137	6355000
chr6	6360000	6370000	0.247017784524868	6365000
chr6	6370000	6380000	0.24701778452486794	6375000
chr6	6380000	6390000	0.256740047434695	6385000
chr6	6390000	6400000	0.26047937932308984	6395000
chr6	6400000	6410000	0.14696012136031253	6405000
chr6	6410000	6420000	0.20148150559695077	6415000
chr6	6420000	6430000	0.25119345458234715	6425000
chr6	6430000	6440000	0.2507248763437438	6435000
chr6	6440000	6450000	0.24968191187717514	6445000
chr6	6450000	6460000	0.21007562750117512	6455000
chr6	6460000	6470000	0.23838908928393038	6465000
chr6	6470000	6480000	0.1931635958680469	6475000
chr6	6480000	6490000	0.06457084736071649	6485000
chr6	6490000	6500000	0.11153225295730168	6495000
chr6	6500000	6510000	0.1162723320029331	6505000
chr6	6510000	6520000	0.1707910651787281	6515000
chr6	6520000	6530000	0.20283342246558347	6525000
chr6	6530000	6540000	0.6644479686463174	6535000
chr6	6540000	6550000	0.5009877963344719	6545000
chr6	6550000	6560000	0.4077614415630797	6555000
chr6	6560000	6570000	0.33107490441695636	6565000
chr6	6570000	6580000	0.5531378811061567	6575000
chr6	6580000	6590000	0.5232726417076666	6585000
chr6	6590000	6600000	0.5050735518298103	6595000
chr6	6600000	6610000	0.30397344692165695	6605000
chr6	6610000	6620000	0.40481142372360424	6615000
chr6	6620000	6630000	0.5461839608356207	6625000
chr6	6630000	6640000	1.819468865418956	6635000
chr6	6640000	6650000	0.7453863966854656	6645000
chr6	6650000	6660000	0.3261412952632675	6655000
chr6	6660000	6670000	0.3459195153387814	6665000
chr6	6670000	6680000	0.5136927301723501	6675000
chr6	6680000	6690000	0.3855815271416021	6685000
chr6	6690000	6700000	0.5976760929663835	6695000
chr6	6700000	6710000	1.863800365207142	6705000
chr6	6710000	6720000	3.323126292622384	6715000
chr6	6720000	6730000	3.3533084906421675	6725000
chr6	6730000	6740000	4.2491300248663375	6735000
chr6	6740000	6750000	1.9553644681022486	6745000
chr6	6750000	6760000	6.288356272767398	6755000
chr6	6760000	6770000	3.108960615229497	6765000
chr6	6770000	6780000	2.3329563279785344	6775000
chr6	6780000	6790000	3.29780680548127	6785000
chr6	6790000	6800000	1.0179171825594684	6795000
chr6	6800000	6810000	1.996538502717326	6805000
chr6	6810000	6820000	2.881138221715794	6815000
chr6	6820000	6830000	1.5570395007066224	6825000
chr6	6830000	6840000	1.3088595607610132	6835000
chr6	6840000	6850000	2.688231798811688	6845000
chr6	6850000	6860000	1.5906848865776342	6855000
chr6	6860000	6870000	1.2255933223108555	6865000
chr6	6870000	6880000	2.2171057530078517	6875000
chr6	6880000	6890000	2.89509599337708	6885000
chr6	6890000	6900000	3.0444486929094525	6895000
chr6	6900000	6910000	1.4803825164207673	6905000
chr6	6910000	6920000	2.5173002896208714	6915000
chr6	6920000	6930000	3.9915794525919654	6925000
chr6	6930000	6940000	6.081233205511362	6935000
chr6	6940000	6950000	1.4920643550337611	6945000
chr6	6950000	6960000	0.7895625509325851	6955000
chr6	6960000	6970000	1.7454157543288178	6965000
chr6	6970000	6980000	1.3255158462946919	6975000
chr6	6980000	6990000	1.1001086153070379	6985000
chr6	6990000	7000000	1.3282948860601729	6995000
chr6	7000000	7010000	3.1183435975400786	7005000
chr6	7010000	7020000	2.7294002280251215	7015000
chr6	7020000	7030000	4.7235455451308725	7025000
chr6	7030000	7040000	4.365715561502077	7035000
chr6	7040000	7050000	3.958668157995258	7045000
chr6	7050000	7060000	2.358325928048148	7055000
chr6	7060000	7070000	2.187095079079364	7065000
chr6	7070000	7080000	4.092434110974247	7075000
chr6	7080000	7090000	3.800302213188113	7085000
chr6	7090000	7100000	1.3234688296024455	7095000
chr6	7100000	7110000	2.0244311299940487	7105000
chr6	7110000	7120000	2.062562538548824	7115000
chr6	7120000	7130000	3.150951775283456	7125000
chr6	7130000	7140000	3.980114484220006	7135000
chr6	7140000	7150000	1.9932750912529413	7145000
chr6	7150000	7160000	2.46053412266554	7155000
chr6	7160000	7170000	3.7061709097180335	7165000
chr6	7170000	7180000	6.284772408778	7175000
chr6	7180000	7190000	4.846435896898431	7185000
chr6	7190000	7200000	3.503992775576572	7195000
chr6	7200000	7210000	2.3899130197811607	7205000
chr6	7210000	7220000	2.7995978673638766	7215000
chr6	7220000	7230000	3.3846744394249937	7225000
chr6	7230000	7240000	7.628083644391293	7235000
chr6	7240000	7250000	10.885373774366627	7245000
chr6	7250000	7260000	5.926009172650408	7255000
chr6	7260000	7270000	1.7801847412799428	7265000
chr6	7270000	7280000	1.4928495314028047	7275000
chr6	7280000	7290000	1.422287060797456	7285000
chr6	7290000	7300000	2.6840119968908254	7295000
chr6	7300000	7310000	2.2749036713108515	7305000
chr6	7310000	7320000	7.88517398965091	7315000
chr6	7320000	7330000	14.325188470727332	7325000
chr6	7330000	7340000	6.203799419519494	7335000
chr6	7340000	7350000	5.813754273419455	7345000
chr6	7350000	7360000	6.077484368090264	7355000
chr6	7360000	7370000	4.735716328947043	7365000
chr6	7370000	7380000	5.8292891818775425	7375000
chr6	7380000	7390000	7.6153107463872045	7385000
chr6	7390000	7400000	7.7359622620190285	7395000
chr6	7400000	7410000	7.128362242825519	7405000
chr6	7410000	7420000	4.507392794810528	7415000
chr6	7420000	7430000	4.590086615848052	7425000
chr6	7430000	7440000	2.7804692025224806	7435000
chr6	7440000	7450000	6.303455071419195	7445000
chr6	7450000	7460000	5.51711798751401	7455000
chr6	7460000	7470000	7.530919014958395	7465000
chr6	7470000	7480000	5.066714957859473	7475000
chr6	7480000	7490000	3.543976318470489	7485000
chr6	7490000	7500000	6.1054002335812125	7495000
chr6	7500000	7510000	4.933754102459862	7505000
chr6	7510000	7520000	5.308250176415653	7515000
chr6	7520000	7530000	2.6411235128631243	7525000
chr6	7530000	7540000	6.483315942088525	7535000
chr6	7540000	7550000	5.572975438655564	7545000
chr6	7550000	7560000	17.14586437807095	7555000
chr6	7560000	7570000	15.49463732304792	7565000
chr6	7570000	7580000	7.595082327450247	7575000
chr6	7580000	7590000	8.583445755717158	7585000
chr6	7590000	7600000	5.947852063577641	7595000
chr6	7600000	7610000	6.479860065023387	7605000
chr6	7610000	7620000	16.084240574371943	7615000
chr6	7620000	7630000	9.602285896946523	7625000
chr6	7630000	7640000	9.560371636199596	7635000
chr6	7640000	7650000	8.805876869403448	7645000
chr6	7650000	7660000	28.194458790408312	7655000
chr6	7660000	7670000	5.418330009431744	7665000
chr6	7670000	7680000	2.6341594823276844	7675000
chr6	7680000	7690000	3.165351747946637	7685000
chr6	7690000	7700000	2.0333982399374064	7695000
chr6	7700000	7710000	4.956000876944771	7705000
chr6	7710000	7720000	3.709199037198293	7715000
chr6	7720000	7730000	4.205119625116486	7725000
chr6	7730000	7740000	3.8662144034939736	7735000
chr6	7740000	7750000	3.4718247806952087	7745000
chr6	7750000	7760000	4.057102071663845	7755000
chr6	7760000	7770000	11.97871073822885	7765000
chr6	7770000	7780000	9.148902319018692	7775000
chr6	7780000	7790000	12.261109931304716	7785000
chr6	7790000	7800000	4.667401183746504	7795000
chr6	7800000	7810000	3.671686471110114	7805000
chr6	7810000	7820000	1.7674796211768349	7815000
chr6	7820000	7830000	3.3160522702649793	7825000
chr6	7830000	7840000	2.7334353121178108	7835000
chr6	7840000	7850000	3.8802532661210356	7845000
chr6	7850000	7860000	2.555872801801152	7855000
chr6	7860000	7870000	5.160048665029189	7865000
chr6	7870000	7880000	3.548671434731539	7875000
chr6	7880000	7890000	5.580879711978312	7885000
chr6	7890000	7900000	7.253312411429005	7895000
chr6	7900000	7910000	7.116137128810576	7905000
chr6	7910000	7920000	8.632936460156355	7915000
chr6	7920000	7930000	7.976306951545305	7925000
chr6	7930000	7940000	8.10423943065749	7935000
chr6	7940000	7950000	7.206815921860722	7945000
chr6	7950000	7960000	17.72862455367755	7955000
chr6	7960000	7970000	8.96595813326069	7965000
chr6	7970000	7980000	10.105442049294092	7975000
chr6	7980000	7990000	11.541347962467661	7985000
chr6	7990000	8000000	10.443375461298125	7995000
chr6	8000000	8010000	6.0968062119497475	8005000
chr6	8010000	8020000	5.487628665293595	8015000
chr6	8020000	8030000	11.119733757690808	8025000
chr6	8030000	8040000	11.09942997298001	8035000
chr6	8040000	8050000	7.979319984206302	8045000
chr6	8050000	8060000	16.29212060163831	8055000
chr6	8060000	8070000	12.517056584806296	8065000
chr6	8070000	8080000	11.790946600348654	8075000
chr6	8080000	8090000	10.011328746412502	8085000
chr6	8090000	8100000	9.782047051996427	8095000
chr6	8100000	8110000	9.785514865412665	8105000
chr6	8110000	8120000	11.338611890900161	8115000
chr6	8120000	8130000	8.850253215958936	8125000
chr6	8130000	8140000	10.152998715794425	8135000
chr6	8140000	8150000	21.581508156102032	8145000
chr6	8150000	8160000	20.118400795909317	8155000
chr6	8160000	8170000	13.490240599440021	8165000
chr6	8170000	8180000	20.796856337814408	8175000
chr6	8180000	8190000	17.121923629744597	8185000
chr6	8190000	8200000	12.479312831482316	8195000
chr6	8200000	8210000	8.645836061141125	8205000
chr6	8210000	8220000	6.721578409996363	8215000
chr6	8220000	8230000	7.599719193809978	8225000
chr6	8230000	8240000	10.759626965705772	8235000
chr6	8240000	8250000	8.40055604554946	8245000
chr6	8250000	8260000	3.4713839454137543	8255000
chr6	8260000	8270000	3.443052025264457	8265000
chr6	8270000	8280000	2.958931136110901	8275000
chr6	8280000	8290000	3.8436378807398452	8285000
chr6	8290000	8300000	13.223452219869463	8295000
chr6	8300000	8310000	23.882050236757646	8305000
chr6	8310000	8320000	16.321097730067756	8315000
chr6	8320000	8330000	21.828429295175045	8325000
chr6	8330000	8340000	15.311716831102489	8335000
chr6	8340000	8350000	13.000972716982623	8345000
chr6	8350000	8360000	14.706802607943168	8355000
chr6	8360000	8370000	11.196654508224986	8365000
chr6	8370000	8380000	7.409343961094288	8375000
chr6	8380000	8390000	6.290805841442469	8385000
chr6	8390000	8400000	7.011868606761202	8395000
chr6	8400000	8410000	5.570089127228047	8405000
chr6	8410000	8420000	7.498280743818405	8415000
chr6	8420000	8430000	8.321345337529303	8425000
chr6	8430000	8440000	14.858148055467758	8435000
chr6	8440000	8450000	20.879155649029013	8445000
chr6	8450000	8460000	13.930938730461547	8455000
chr6	8460000	8470000	8.211223857663597	8465000
chr6	8470000	8480000	9.347772143737583	8475000
chr6	8480000	8490000	17.150526876811817	8485000
chr6	8490000	8500000	5.965638000089145	8495000
chr6	8500000	8510000	6.798953878270403	8505000
chr6	8510000	8520000	6.7582784383384205	8515000
chr6	8520000	8530000	6.132112048923849	8525000
chr6	8530000	8540000	4.8358608526459355	8535000
chr6	8540000	8550000	5.377686360787612	8545000
chr6	8550000	8560000	6.37648741387349	8555000
chr6	8560000	8570000	5.328075361990985	8565000
chr6	8570000	8580000	7.947173141051633	8575000
chr6	8580000	8590000	11.160058529108657	8585000
chr6	8590000	8600000	8.450495500556407	8595000
chr6	8600000	8610000	15.966676421221749	8605000
chr6	8610000	8620000	17.61939593194035	8615000
chr6	8620000	8630000	10.045578226276335	8625000
chr6	8630000	8640000	9.304076412207806	8635000
chr6	8640000	8650000	12.968287553826869	8645000
chr6	8650000	8660000	14.919615100622647	8655000
chr6	8660000	8670000	9.51934972433842	8665000
chr6	8670000	8680000	8.63254735647269	8675000
chr6	8680000	8690000	14.440902011804164	8685000
chr6	8690000	8700000	9.319226470364608	8695000
chr6	8700000	8710000	9.591840946444128	8705000
chr6	8710000	8720000	10.492058823680438	8715000
chr6	8720000	8730000	6.279851597442159	8725000
chr6	8730000	8740000	6.949889320172519	8735000
chr6	8740000	8750000	9.113022804453323	8745000
chr6	8750000	8760000	11.3265728829115	8755000
chr6	8760000	8770000	7.330289916207209	8765000
chr6	8770000	8780000	6.775737144777933	8775000
chr6	8780000	8790000	9.050329028279894	8785000
chr6	8790000	8800000	6.551777591436944	8795000
chr6	8800000	8810000	6.501677855605375	8805000
chr6	8810000	8820000	5.950537272658417	8815000
chr6	8820000	8830000	7.908653494193315	8825000
chr6	8830000	8840000	3.9634140944754175	8835000
chr6	8840000	8850000	7.706539016054354	8845000
chr6	8850000	8860000	5.01982849172682	8855000
chr6	8860000	8870000	11.647863775444202	8865000
chr6	8870000	8880000	5.243386480914903	8875000
chr6	8880000	8890000	5.07410010245671	8885000
chr6	8890000	8900000	3.530143647041762	8895000
chr6	8900000	8910000	6.19318549945286	8905000
chr6	8910000	8920000	4.175158839419265	8915000
chr6	8920000	8930000	8.294807147280709	8925000
chr6	8930000	8940000	7.331432671343267	8935000
chr6	8940000	8950000	5.566150639800221	8945000
chr6	8950000	8960000	1.6530852330491645	8955000
chr6	8960000	8970000	2.9790889713416724	8965000
chr6	8970000	8980000	1.3751476234656463	8975000
chr6	8980000	8990000	4.623388008895052	8985000
chr6	8990000	9000000	4.028364695543025	8995000
chr6	9000000	9010000	2.7825252196214105	9005000
chr6	9010000	9020000	3.173335351213662	9015000
chr6	9020000	9030000	16.261216540215738	9025000
chr6	9030000	9040000	27.470247392376006	9035000
chr6	9040000	9050000	25.022324129349276	9045000
chr6	9050000	9060000	10.751821312529161	9055000
chr6	9060000	9070000	11.759048892685184	9065000
chr6	9070000	9080000	8.575297414461893	9075000
chr6	9080000	9090000	17.60567628925028	9085000
chr6	9090000	9100000	8.506431835747364	9095000
chr6	9100000	9110000	13.83731278308857	9105000
chr6	9110000	9120000	11.65963646491065	9115000
chr6	9120000	9130000	6.300676249135651	9125000
chr6	9130000	9140000	15.485601532132609	9135000
chr6	9140000	9150000	23.41972320521658	9145000
chr6	9150000	9160000	13.719832837449516	9155000
chr6	9160000	9170000	14.255476798608832	9165000
chr6	9170000	9180000	19.548851151378148	9175000
chr6	9180000	9190000	8.773491447848603	9185000
chr6	9190000	9200000	9.369466475116923	9195000
chr6	9200000	9210000	8.15916466975864	9205000
chr6	9210000	9220000	5.043145260319265	9215000
chr6	9220000	9230000	4.095749768879733	9225000
chr6	9230000	9240000	6.55416440647243	9235000
chr6	9240000	9250000	10.283776570674535	9245000
chr6	9250000	9260000	3.2027674881604224	9255000
chr6	9260000	9270000	5.455435246925493	9265000
chr6	9270000	9280000	8.395947679634073	9275000
chr6	9280000	9290000	8.459437899700319	9285000
chr6	9290000	9300000	14.069507995523873	9295000
chr6	9300000	9310000	21.674284350358377	9305000
chr6	9310000	9320000	18.65026838215011	9315000
chr6	9320000	9330000	11.361122668732603	9325000
chr6	9330000	9340000	10.40990914155887	9335000
chr6	9340000	9350000	5.254854511518184	9345000
chr6	9350000	9360000	12.050904508659453	9355000
chr6	9360000	9370000	4.405922658679722	9365000
chr6	9370000	9380000	12.240295076636913	9375000
chr6	9380000	9390000	10.748151645587702	9385000
chr6	9390000	9400000	15.530657199427194	9395000
chr6	9400000	9410000	10.998805621486962	9405000
chr6	9410000	9420000	7.024866436189556	9415000
chr6	9420000	9430000	14.333848482904369	9425000
chr6	9430000	9440000	32.9728659597933	9435000
chr6	9440000	9450000	18.148296148272642	9445000
chr6	9450000	9460000	15.342732294624742	9455000
chr6	9460000	9470000	4.9100553084406995	9465000
chr6	9470000	9480000	9.001019681468348	9475000
chr6	9480000	9490000	7.532737369902042	9485000
chr6	9490000	9500000	5.747399070318154	9495000
chr6	9500000	9510000	6.632289097691636	9505000
chr6	9510000	9520000	12.526630498032691	9515000
chr6	9520000	9530000	6.435053587046859	9525000
chr6	9530000	9540000	19.71729399088039	9535000
chr6	9540000	9550000	11.096395156719241	9545000
chr6	9550000	9560000	34.26029191684857	9555000
chr6	9560000	9570000	8.759347693136142	9565000
chr6	9570000	9580000	2.607564939921235	9575000
chr6	9580000	9590000	1.5103729334360794	9585000
chr6	9590000	9600000	1.5810080687809323	9595000
chr6	9600000	9610000	2.777814704986057	9605000
chr6	9610000	9620000	2.85214569384389	9615000
chr6	9620000	9630000	1.5453055892850287	9625000
chr6	9630000	9640000	0.9803250685006355	9635000
chr6	9640000	9650000	1.182707449344475	9645000
chr6	9650000	9660000	1.0535088182632086	9655000
chr6	9660000	9670000	1.1664411442454612	9665000
chr6	9670000	9680000	3.2294560667215837	9675000
chr6	9680000	9690000	6.87966578527849	9685000
chr6	9690000	9700000	18.624265777558424	9695000
chr6	9700000	9710000	13.906485438918297	9705000
chr6	9710000	9720000	14.47986695584768	9715000
chr6	9720000	9730000	3.6447352131790227	9725000
chr6	9730000	9740000	2.452903697938526	9735000
chr6	9740000	9750000	3.5173026558107754	9745000
chr6	9750000	9760000	3.4123062852163377	9755000
chr6	9760000	9770000	2.2093871567068404	9765000
chr6	9770000	9780000	3.855541913486245	9775000
chr6	9780000	9790000	2.762181489716119	9785000
chr6	9790000	9800000	4.767766353579777	9795000
chr6	9800000	9810000	4.597857170291742	9805000
chr6	9810000	9820000	6.133830276767198	9815000
chr6	9820000	9830000	6.581140421016696	9825000
chr6	9830000	9840000	3.6550368702573897	9835000
chr6	9840000	9850000	2.0206048335365527	9845000
chr6	9850000	9860000	2.321958054907768	9855000
chr6	9860000	9870000	3.6922340291520155	9865000
chr6	9870000	9880000	3.7537312372931035	9875000
chr6	9880000	9890000	17.24445858702835	9885000
chr6	9890000	9900000	9.881323696606806	9895000
chr6	9900000	9910000	3.9334932049131726	9905000
chr6	9910000	9920000	2.9626622984263853	9915000
chr6	9920000	9930000	15.718384471352847	9925000
chr6	9930000	9940000	5.194287820942128	9935000
chr6	9940000	9950000	4.72766875055296	9945000
chr6	9950000	9960000	2.937914208870451	9955000
chr6	9960000	9970000	10.637100727192182	9965000
chr6	9970000	9980000	4.568058127774206	9975000
chr6	9980000	9990000	7.863132500733176	9985000
chr6	9990000	10000000	16.342461433335128	9995000
chr6	10000000	10010000	8.175228472283694	10005000
chr6	10010000	10020000	3.8842523616471953	10015000
chr6	10020000	10030000	7.7701422532953694	10025000
chr6	10030000	10040000	47.65961274978665	10035000
chr6	10040000	10050000	16.95989043161754	10045000
chr6	10050000	10060000	8.986712462306349	10055000
chr6	10060000	10070000	6.371009047112103	10065000
chr6	10070000	10080000	12.943314282403986	10075000
chr6	10080000	10090000	6.676472565402558	10085000
chr6	10090000	10100000	6.01468480343588	10095000
chr6	10100000	10110000	3.1606175199808435	10105000
chr6	10110000	10120000	3.9834609424633363	10115000
chr6	10120000	10130000	4.998503575423186	10125000
chr6	10130000	10140000	2.153293446534057	10135000
chr6	10140000	10150000	2.635412441726271	10145000
chr6	10150000	10160000	1.2288045355335437	10155000
chr6	10160000	10170000	4.849343088964481	10165000
chr6	10170000	10180000	7.54210103409629	10175000
chr6	10180000	10190000	0.9335443768408853	10185000
chr6	10190000	10200000	39.05899506622323	10195000
chr6	10200000	10210000	32.981292842806965	10205000
chr6	10210000	10220000	70.21227407169431	10215000
chr6	10220000	10230000	21.610134897929303	10225000
chr6	10230000	10240000	31.874406810011017	10235000
chr6	10240000	10250000	16.084442896403456	10245000
chr6	10250000	10260000	31.34878813244274	10255000
chr6	10260000	10270000	5.773588528247261	10265000
chr6	10270000	10280000	2.251089454608462	10275000
chr6	10280000	10290000	12.722731645828768	10285000
chr6	10290000	10300000	4.049187214442479	10295000
chr6	10300000	10310000	7.633058596249615	10305000
chr6	10310000	10320000	59.05920850165026	10315000
chr6	10320000	10330000	9.211347026065994	10325000
chr6	10330000	10340000	4.661105853865745	10335000
chr6	10340000	10350000	4.8093756518921955	10345000
chr6	10350000	10360000	2.3318633206898096	10355000
chr6	10360000	10370000	2.1375686313938975	10365000
chr6	10370000	10380000	12.154804914173596	10375000
chr6	10380000	10390000	4.491017717161798	10385000
chr6	10390000	10400000	6.272934065318886	10395000
chr6	10400000	10410000	2.798173640430951	10405000
chr6	10410000	10420000	3.2951232915238022	10415000
chr6	10420000	10430000	8.200610574761866	10425000
chr6	10430000	10440000	1.9948689582664478	10435000
chr6	10440000	10450000	1.4175126623930085	10445000
chr6	10450000	10460000	1.3898354511301658	10455000
chr6	10460000	10470000	1.530036755349683	10465000
chr6	10470000	10480000	1.9046366941402795	10475000
chr6	10480000	10490000	2.142065114211996	10485000
chr6	10490000	10500000	1.502949580616226	10495000
chr6	10500000	10510000	1.8520137743654415	10505000
chr6	10510000	10520000	1.3978642419211689	10515000
chr6	10520000	10530000	1.3308099943638685	10525000
chr6	10530000	10540000	6.969248262597541	10535000
chr6	10540000	10550000	3.285242083577542	10545000
chr6	10550000	10560000	2.2786281990109543	10555000
chr6	10560000	10570000	2.9709718396699887	10565000
chr6	10570000	10580000	3.8081246396223927	10575000
chr6	10580000	10590000	11.05559174531456	10585000
chr6	10590000	10600000	13.962148631430365	10595000
chr6	10600000	10610000	10.081751554243013	10605000
chr6	10610000	10620000	17.044957988471726	10615000
chr6	10620000	10630000	45.74267754556694	10625000
chr6	10630000	10640000	21.034918087138053	10635000
chr6	10640000	10650000	17.632747574575987	10645000
chr6	10650000	10660000	9.062778755196616	10655000
chr6	10660000	10670000	13.976177155539235	10665000
chr6	10670000	10680000	7.495500619669107	10675000
chr6	10680000	10690000	9.672670445307494	10685000
chr6	10690000	10700000	8.255841557027338	10695000
chr6	10700000	10710000	8.578309852076988	10705000
chr6	10710000	10720000	16.528563744459664	10715000
chr6	10720000	10730000	11.149836629226316	10725000
chr6	10730000	10740000	9.38966826767221	10735000
chr6	10740000	10750000	12.880922813024867	10745000
chr6	10750000	10760000	18.444137224321153	10755000
chr6	10760000	10770000	12.779117243540567	10765000
chr6	10770000	10780000	9.989297313900359	10775000
chr6	10780000	10790000	9.80549445749118	10785000
chr6	10790000	10800000	9.861384595511634	10795000
chr6	10800000	10810000	11.095665431992659	10805000
chr6	10810000	10820000	13.627134725517646	10815000
chr6	10820000	10830000	14.293243741192533	10825000
chr6	10830000	10840000	12.506448840806131	10835000
chr6	10840000	10850000	14.26363529640492	10845000
chr6	10850000	10860000	13.995149595136303	10855000
chr6	10860000	10870000	14.730089554018303	10865000
chr6	10870000	10880000	13.80471580237822	10875000
chr6	10880000	10890000	20.027959984632258	10885000
chr6	10890000	10900000	14.197036087167106	10895000
chr6	10900000	10910000	19.10479038829901	10905000
chr6	10910000	10920000	23.046161499537387	10915000
chr6	10920000	10930000	11.133671372016124	10925000
chr6	10930000	10940000	7.966877592482261	10935000
chr6	10940000	10950000	22.603928341227366	10945000
chr6	10950000	10960000	9.301508834613632	10955000
chr6	10960000	10970000	7.555179850320406	10965000
chr6	10970000	10980000	7.66284399351297	10975000
chr6	10980000	10990000	5.908328542405226	10985000
chr6	10990000	11000000	7.68355285769424	10995000
chr6	11000000	11010000	6.312079883543075	11005000
chr6	11010000	11020000	20.472163051146957	11015000
chr6	11020000	11030000	4.047136338594504	11025000
chr6	11030000	11040000	4.73092086145168	11035000
chr6	11040000	11050000	11.14005747456964	11045000
chr6	11050000	11060000	20.863012377495597	11055000
chr6	11060000	11070000	20.492306199103012	11065000
chr6	11070000	11080000	15.61892405785774	11075000
chr6	11080000	11090000	24.445119879570093	11085000
chr6	11090000	11100000	11.728506831279605	11095000
chr6	11100000	11110000	10.019109739760273	11105000
chr6	11110000	11120000	11.108323318999762	11115000
chr6	11120000	11130000	7.170650116122285	11125000
chr6	11130000	11140000	6.069611806902982	11135000
chr6	11140000	11150000	5.685068279313144	11145000
chr6	11150000	11160000	27.204578264447377	11155000
chr6	11160000	11170000	22.650650918530598	11165000
chr6	11170000	11180000	19.696861947424928	11175000
chr6	11180000	11190000	20.032717762758114	11185000
chr6	11190000	11200000	21.848300027992813	11195000
chr6	11200000	11210000	29.23340303510516	11205000
chr6	11210000	11220000	25.734052556567164	11215000
chr6	11220000	11230000	15.58602747685748	11225000
chr6	11230000	11240000	18.529618475125616	11235000
chr6	11240000	11250000	12.452916048451245	11245000
chr6	11250000	11260000	9.705681904454156	11255000
chr6	11260000	11270000	11.076824818961484	11265000
chr6	11270000	11280000	4.446519203286334	11275000
chr6	11280000	11290000	3.6712058610129894	11285000
chr6	11290000	11300000	5.737120246773093	11295000
chr6	11300000	11310000	6.995582968538192	11305000
chr6	11310000	11320000	6.404189367241022	11315000
chr6	11320000	11330000	7.205893390711849	11325000
chr6	11330000	11340000	8.921124507692618	11335000
chr6	11340000	11350000	6.055261148358043	11345000
chr6	11350000	11360000	7.05958873382503	11355000
chr6	11360000	11370000	7.040925090966975	11365000
chr6	11370000	11380000	11.477427689503687	11375000
chr6	11380000	11390000	7.968592567712848	11385000
chr6	11390000	11400000	8.350561945749174	11395000
chr6	11400000	11410000	6.263257579477357	11405000
chr6	11410000	11420000	27.019957600413456	11415000
chr6	11420000	11430000	18.80265298999092	11425000
chr6	11430000	11440000	9.592008249695699	11435000
chr6	11440000	11450000	13.640459053409085	11445000
chr6	11450000	11460000	8.432760391805195	11455000
chr6	11460000	11470000	7.818496416869029	11465000
chr6	11470000	11480000	16.556500722717605	11475000
chr6	11480000	11490000	11.614496879162282	11485000
chr6	11490000	11500000	11.614390082868264	11495000
chr6	11500000	11510000	7.420472387288984	11505000
chr6	11510000	11520000	10.794199463174397	11515000
chr6	11520000	11530000	8.550531618865376	11525000
chr6	11530000	11540000	10.74393555263228	11535000
chr6	11540000	11550000	11.810387586507998	11545000
chr6	11550000	11560000	11.927258621271106	11555000
chr6	11560000	11570000	8.335460047818627	11565000
chr6	11570000	11580000	13.082697536781994	11575000
chr6	11580000	11590000	10.687869603776656	11585000
chr6	11590000	11600000	8.379658242683584	11595000
chr6	11600000	11610000	8.162806658036565	11605000
chr6	11610000	11620000	9.09516725339016	11615000
chr6	11620000	11630000	9.722912750895889	11625000
chr6	11630000	11640000	13.055184331134173	11635000
chr6	11640000	11650000	11.250636281805356	11645000
chr6	11650000	11660000	12.177661200509698	11655000
chr6	11660000	11670000	11.599043741547202	11665000
chr6	11670000	11680000	13.055926235196921	11675000
chr6	11680000	11690000	13.33973522502948	11685000
chr6	11690000	11700000	10.457727962868507	11695000
chr6	11700000	11710000	9.368969024947049	11705000
chr6	11710000	11720000	12.21846714250357	11715000
chr6	11720000	11730000	12.37863049026071	11725000
chr6	11730000	11740000	10.310232217163005	11735000
chr6	11740000	11750000	11.324297467530613	11745000
chr6	11750000	11760000	16.017187255825114	11755000
chr6	11760000	11770000	13.674830548460596	11765000
chr6	11770000	11780000	14.817327395974019	11775000
chr6	11780000	11790000	12.438875392810358	11785000
chr6	11790000	11800000	14.174023665364244	11795000
chr6	11800000	11810000	25.76436865166434	11805000
chr6	11810000	11820000	14.85749365518058	11815000
chr6	11820000	11830000	12.960071571972989	11825000
chr6	11830000	11840000	10.201013674318713	11835000
chr6	11840000	11850000	18.284678089105167	11845000
chr6	11850000	11860000	14.201648701938947	11855000
chr6	11860000	11870000	20.09668179455859	11865000
chr6	11870000	11880000	21.33804051282654	11875000
chr6	11880000	11890000	14.21895896004043	11885000
chr6	11890000	11900000	43.18802946336314	11895000
chr6	11900000	11910000	20.409323710608046	11905000
chr6	11910000	11920000	5.743920318943244	11915000
chr6	11920000	11930000	8.860394976937197	11925000
chr6	11930000	11940000	14.155007590210005	11935000
chr6	11940000	11950000	13.231002001665926	11945000
chr6	11950000	11960000	14.78823560344449	11955000
chr6	11960000	11970000	11.191640700224466	11965000
chr6	11970000	11980000	13.695057824100695	11975000
chr6	11980000	11990000	13.134479580824227	11985000
chr6	11990000	12000000	15.436415576747041	11995000
chr6	12000000	12010000	12.262827352731236	12005000
chr6	12010000	12020000	12.813685188941085	12015000
chr6	12020000	12030000	14.767390654813179	12025000
chr6	12030000	12040000	15.686184948285716	12035000
chr6	12040000	12050000	15.29753528348145	12045000
chr6	12050000	12060000	20.9195403844288	12055000
chr6	12060000	12070000	25.839936384769604	12065000
chr6	12070000	12080000	9.98773090965632	12075000
chr6	12080000	12090000	7.996129424053968	12085000
chr6	12090000	12100000	14.34759825655671	12095000
chr6	12100000	12110000	12.770403063991925	12105000
chr6	12110000	12120000	19.57640945755356	12115000
chr6	12120000	12130000	10.047239296332597	12125000
chr6	12130000	12140000	6.007692230825039	12135000
chr6	12140000	12150000	6.604554765217302	12145000
chr6	12150000	12160000	6.5291462175864	12155000
chr6	12160000	12170000	6.016924370198154	12165000
chr6	12170000	12180000	21.422865721455008	12175000
chr6	12180000	12190000	20.00814019311909	12185000
chr6	12190000	12200000	10.800715800627815	12195000
chr6	12200000	12210000	12.818219817761918	12205000
chr6	12210000	12220000	25.54736217186302	12215000
chr6	12220000	12230000	15.566764544441133	12225000
chr6	12230000	12240000	19.817743951800885	12235000
chr6	12240000	12250000	13.640346119415886	12245000
chr6	12250000	12260000	16.307142485352703	12255000
chr6	12260000	12270000	17.761811227055794	12265000
chr6	12270000	12280000	16.019903073167736	12275000
chr6	12280000	12290000	18.315354319335984	12285000
chr6	12290000	12300000	12.357648723565942	12295000
chr6	12300000	12310000	15.61215007492044	12305000
chr6	12310000	12320000	28.80157501822082	12315000
chr6	12320000	12330000	20.861787101201983	12325000
chr6	12330000	12340000	8.413967282743442	12335000
chr6	12340000	12350000	27.381486475615485	12345000
chr6	12350000	12360000	19.8870905537373	12355000
chr6	12360000	12370000	13.00846145365011	12365000
chr6	12370000	12380000	12.467172611140972	12375000
chr6	12380000	12390000	11.133982749900847	12385000
chr6	12390000	12400000	8.761944573974114	12395000
chr6	12400000	12410000	7.901741982816706	12405000
chr6	12410000	12420000	9.905650730656017	12415000
chr6	12420000	12430000	6.692922486994874	12425000
chr6	12430000	12440000	9.515224028890039	12435000
chr6	12440000	12450000	7.466372629981303	12445000
chr6	12450000	12460000	10.18793496027698	12455000
chr6	12460000	12470000	10.111779756775	12465000
chr6	12470000	12480000	12.159793887925877	12475000
chr6	12480000	12490000	12.0111231780026	12485000
chr6	12490000	12500000	11.721877410814997	12495000
chr6	12500000	12510000	8.700650225038347	12505000
chr6	12510000	12520000	14.503981494595703	12515000
chr6	12520000	12530000	12.951775653491152	12525000
chr6	12530000	12540000	10.153934322281687	12535000
chr6	12540000	12550000	10.878805389025006	12545000
chr6	12550000	12560000	11.117377276699585	12555000
chr6	12560000	12570000	10.436066434432206	12565000
chr6	12570000	12580000	13.942569511948472	12575000
chr6	12580000	12590000	13.74202913779211	12585000
chr6	12590000	12600000	12.043837263066305	12595000
chr6	12600000	12610000	10.177718449611397	12605000
chr6	12610000	12620000	13.30981483714943	12615000
chr6	12620000	12630000	10.943221829959038	12625000
chr6	12630000	12640000	11.583777705539871	12635000
chr6	12640000	12650000	11.331685900154428	12645000
chr6	12650000	12660000	13.27551016862688	12655000
chr6	12660000	12670000	10.961637597764064	12665000
chr6	12670000	12680000	8.430826635626133	12675000
chr6	12680000	12690000	13.317729198787111	12685000
chr6	12690000	12700000	10.815607327413048	12695000
chr6	12700000	12710000	10.837140527116867	12705000
chr6	12710000	12720000	8.853109342291106	12715000
chr6	12720000	12730000	18.009381328506848	12725000
chr6	12730000	12740000	18.366251854401362	12735000
chr6	12740000	12750000	17.193105911487926	12745000
chr6	12750000	12760000	12.714567707250678	12755000
chr6	12760000	12770000	14.57280965921763	12765000
chr6	12770000	12780000	17.402447868476873	12775000
chr6	12780000	12790000	8.76056187413162	12785000
chr6	12790000	12800000	14.08754022660161	12795000
chr6	12800000	12810000	8.158811154457581	12805000
chr6	12810000	12820000	14.060767255392216	12815000
chr6	12820000	12830000	8.305359972131866	12825000
chr6	12830000	12840000	12.716222087727235	12835000
chr6	12840000	12850000	17.49458396365711	12845000
chr6	12850000	12860000	13.361234268584436	12855000
chr6	12860000	12870000	11.145505507262403	12865000
chr6	12870000	12880000	13.79932095468248	12875000
chr6	12880000	12890000	19.00854652106478	12885000
chr6	12890000	12900000	8.11983788456095	12895000
chr6	12900000	12910000	8.364721296503173	12905000
chr6	12910000	12920000	10.519799628337147	12915000
chr6	12920000	12930000	11.251914364154972	12925000
chr6	12930000	12940000	16.646530350098224	12935000
chr6	12940000	12950000	16.205819362537742	12945000
chr6	12950000	12960000	16.745349708910148	12955000
chr6	12960000	12970000	13.765423879565565	12965000
chr6	12970000	12980000	9.13545145929503	12975000
chr6	12980000	12990000	14.800666128711653	12985000
chr6	12990000	13000000	11.915144569236881	12995000
chr6	13000000	13010000	10.659772605296142	13005000
chr6	13010000	13020000	10.36021395108561	13015000
chr6	13020000	13030000	9.49832837552639	13025000
chr6	13030000	13040000	11.226137856547073	13035000
chr6	13040000	13050000	9.132299200150484	13045000
chr6	13050000	13060000	10.078922782098735	13055000
chr6	13060000	13070000	10.402563761999268	13065000
chr6	13070000	13080000	10.191800578220791	13075000
chr6	13080000	13090000	10.318180307965667	13085000
chr6	13090000	13100000	9.436754028867963	13095000
chr6	13100000	13110000	6.9044646272076164	13105000
chr6	13110000	13120000	6.519289182699851	13115000
chr6	13120000	13130000	6.837655109685671	13125000
chr6	13130000	13140000	6.382101711823767	13135000
chr6	13140000	13150000	6.524609205840311	13145000
chr6	13150000	13160000	6.128118004783343	13155000
chr6	13160000	13170000	6.366126979198739	13165000
chr6	13170000	13180000	5.018069312555592	13175000
chr6	13180000	13190000	5.780562059992124	13185000
chr6	13190000	13200000	6.022381194922375	13195000
chr6	13200000	13210000	5.067651968979348	13205000
chr6	13210000	13220000	4.935381302257226	13215000
chr6	13220000	13230000	3.8884302305886944	13225000
chr6	13230000	13240000	5.43242270125434	13235000
chr6	13240000	13250000	4.256815410575416	13245000
chr6	13250000	13260000	16.314195992138018	13255000
chr6	13260000	13270000	6.96337525328709	13265000
chr6	13270000	13280000	3.7662477957069203	13275000
chr6	13280000	13290000	14.802080752661263	13285000
chr6	13290000	13300000	15.211244454880346	13295000
chr6	13300000	13310000	16.835218751268812	13305000
chr6	13310000	13320000	12.94062981155798	13315000
chr6	13320000	13330000	10.737482191583998	13325000
chr6	13330000	13340000	11.038520370040422	13335000
chr6	13340000	13350000	10.130319097670059	13345000
chr6	13350000	13360000	8.769132108577418	13355000
chr6	13360000	13370000	12.896695065447867	13365000
chr6	13370000	13380000	14.947672813222937	13375000
chr6	13380000	13390000	14.983609950603269	13385000
chr6	13390000	13400000	9.819758140487282	13395000
chr6	13400000	13410000	10.957438138202345	13405000
chr6	13410000	13420000	10.475167137953003	13415000
chr6	13420000	13430000	11.930559585196002	13425000
chr6	13430000	13440000	18.504668736711544	13435000
chr6	13440000	13450000	20.909543462923804	13445000
chr6	13450000	13460000	17.507656626055347	13455000
chr6	13460000	13470000	16.843227658850857	13465000
chr6	13470000	13480000	14.060667243439728	13475000
chr6	13480000	13490000	33.414498354828865	13485000
chr6	13490000	13500000	18.97839219810101	13495000
chr6	13500000	13510000	3.2372237592158375	13505000
chr6	13510000	13520000	2.1776655255063635	13515000
chr6	13520000	13530000	3.4979752032868663	13525000
chr6	13530000	13540000	4.6965438963277215	13535000
chr6	13540000	13550000	4.656336766642076	13545000
chr6	13550000	13560000	3.5842731025126526	13555000
chr6	13560000	13570000	10.72468405986515	13565000
chr6	13570000	13580000	5.222287962157402	13575000
chr6	13580000	13590000	3.810448662170047	13585000
chr6	13590000	13600000	14.018027757302134	13595000
chr6	13600000	13610000	18.239387114419156	13605000
chr6	13610000	13620000	9.831563058856613	13615000
chr6	13620000	13630000	6.936544009633276	13625000
chr6	13630000	13640000	4.126400465813639	13635000
chr6	13640000	13650000	4.723355163141412	13645000
chr6	13650000	13660000	3.9429654258992217	13655000
chr6	13660000	13670000	7.185724262261616	13665000
chr6	13670000	13680000	5.472238626884756	13675000
chr6	13680000	13690000	7.372868505696813	13685000
chr6	13690000	13700000	11.279217024936244	13695000
chr6	13700000	13710000	2.3109719642787545	13705000
chr6	13710000	13720000	3.056947538492343	13715000
chr6	13720000	13730000	4.581916474646978	13725000
chr6	13730000	13740000	2.6822748562600736	13735000
chr6	13740000	13750000	4.586832432992431	13745000
chr6	13750000	13760000	19.952658312052087	13755000
chr6	13760000	13770000	6.280701214638428	13765000
chr6	13770000	13780000	4.850826469300885	13775000
chr6	13780000	13790000	6.260644265012103	13785000
chr6	13790000	13800000	5.070525047905187	13795000
chr6	13800000	13810000	5.362488436703607	13805000
chr6	13810000	13820000	6.0106295298293	13815000
chr6	13820000	13830000	6.7396092593529096	13825000
chr6	13830000	13840000	3.9867573466454016	13835000
chr6	13840000	13850000	5.557617439166347	13845000
chr6	13850000	13860000	3.6651896735646288	13855000
chr6	13860000	13870000	10.970367270436963	13865000
chr6	13870000	13880000	5.418264960553483	13875000
chr6	13880000	13890000	3.710788864652746	13885000
chr6	13890000	13900000	5.917714087711504	13895000
chr6	13900000	13910000	9.505894812654272	13905000
chr6	13910000	13920000	7.444587203544394	13915000
chr6	13920000	13930000	3.1176063717730162	13925000
chr6	13930000	13940000	3.1076496370962907	13935000
chr6	13940000	13950000	6.0888732339919525	13945000
chr6	13950000	13960000	12.369191311717616	13955000
chr6	13960000	13970000	5.820919239980094	13965000
chr6	13970000	13980000	11.983032667782572	13975000
chr6	13980000	13990000	4.0109061324022415	13985000
chr6	13990000	14000000	3.1707536811287573	13995000
chr6	14000000	14010000	3.3360505084495813	14005000
chr6	14010000	14020000	4.734531926327114	14015000
chr6	14020000	14030000	5.044811914283773	14025000
chr6	14030000	14040000	7.186289811335063	14035000
chr6	14040000	14050000	5.583857959544795	14045000
chr6	14050000	14060000	3.0756821212733763	14055000
chr6	14060000	14070000	7.794482058145038	14065000
chr6	14070000	14080000	4.6666837359010644	14075000
chr6	14080000	14090000	2.8722982039469556	14085000
chr6	14090000	14100000	3.548675639197252	14095000
chr6	14100000	14110000	4.558692649110688	14105000
chr6	14110000	14120000	5.30912847386889	14115000
chr6	14120000	14130000	5.668638906247524	14125000
chr6	14130000	14140000	4.681263163636025	14135000
chr6	14140000	14150000	5.473031146788684	14145000
chr6	14150000	14160000	5.424524664301842	14155000
chr6	14160000	14170000	3.6996145908564277	14165000
chr6	14170000	14180000	3.5248854471533946	14175000
chr6	14180000	14190000	4.201283005157311	14185000
chr6	14190000	14200000	3.0623379727479296	14195000
chr6	14200000	14210000	2.5503131953830827	14205000
chr6	14210000	14220000	4.35241659578244	14215000
chr6	14220000	14230000	16.289083718129742	14225000
chr6	14230000	14240000	8.630799663594543	14235000
chr6	14240000	14250000	12.452722005677467	14245000
chr6	14250000	14260000	10.00741573236603	14255000
chr6	14260000	14270000	19.6427057050726	14265000
chr6	14270000	14280000	3.5763544857020433	14275000
chr6	14280000	14290000	2.9964192350158	14285000
chr6	14290000	14300000	8.494741676913334	14295000
chr6	14300000	14310000	3.2905856566804657	14305000
chr6	14310000	14320000	1.8616965699565484	14315000
chr6	14320000	14330000	6.631645436398149	14325000
chr6	14330000	14340000	9.41824255845055	14335000
chr6	14340000	14350000	6.867198206313207	14345000
chr6	14350000	14360000	3.0212023603955194	14355000
chr6	14360000	14370000	3.5684322416291985	14365000
chr6	14370000	14380000	5.066790790044511	14375000
chr6	14380000	14390000	14.532982969372576	14385000
chr6	14390000	14400000	3.6686763444600516	14395000
chr6	14400000	14410000	18.928842263447358	14405000
chr6	14410000	14420000	12.935061949604936	14415000
chr6	14420000	14430000	4.3310179918515095	14425000
chr6	14430000	14440000	18.52058207358409	14435000
chr6	14440000	14450000	7.9528387697108895	14445000
chr6	14450000	14460000	5.428058572860635	14455000
chr6	14460000	14470000	4.4106001804683155	14465000
chr6	14470000	14480000	4.7461860219015675	14475000
chr6	14480000	14490000	5.011823457865599	14485000
chr6	14490000	14500000	5.081415055557548	14495000
chr6	14500000	14510000	4.949075538344799	14505000
chr6	14510000	14520000	5.29529280811097	14515000
chr6	14520000	14530000	3.77234421531853	14525000
chr6	14530000	14540000	2.7122091252483704	14535000
chr6	14540000	14550000	2.28841328798475	14545000
chr6	14550000	14560000	3.52925692946834	14555000
chr6	14560000	14570000	12.529173038897383	14565000
chr6	14570000	14580000	10.988916880889423	14575000
chr6	14580000	14590000	3.4857647650724695	14585000
chr6	14590000	14600000	4.734639749543223	14595000
chr6	14600000	14610000	4.439878698927807	14605000
chr6	14610000	14620000	9.517346451889699	14615000
chr6	14620000	14630000	4.931445073429368	14625000
chr6	14630000	14640000	5.52399153791548	14635000
chr6	14640000	14650000	13.96255543303368	14645000
chr6	14650000	14660000	7.970682740713565	14655000
chr6	14660000	14670000	6.575622191510175	14665000
chr6	14670000	14680000	3.1524555010638307	14675000
chr6	14680000	14690000	7.414493874998567	14685000
chr6	14690000	14700000	19.58455427950919	14695000
chr6	14700000	14710000	16.58751846905953	14705000
chr6	14710000	14720000	11.83995723704679	14715000
chr6	14720000	14730000	14.335914000129094	14725000
chr6	14730000	14740000	25.92235808477204	14735000
chr6	14740000	14750000	20.89711779957359	14745000
chr6	14750000	14760000	15.720786616262178	14755000
chr6	14760000	14770000	10.167062368203755	14765000
chr6	14770000	14780000	10.768039585616506	14775000
chr6	14780000	14790000	11.482156303205338	14785000
chr6	14790000	14800000	21.03185394823375	14795000
chr6	14800000	14810000	11.299699063101848	14805000
chr6	14810000	14820000	13.424808774457672	14815000
chr6	14820000	14830000	7.595735464461779	14825000
chr6	14830000	14840000	6.854466026154435	14835000
chr6	14840000	14850000	8.92109012046831	14845000
chr6	14850000	14860000	8.490145253476925	14855000
chr6	14860000	14870000	7.049657936047271	14865000
chr6	14870000	14880000	5.3749280981992795	14875000
chr6	14880000	14890000	6.19221320404583	14885000
chr6	14890000	14900000	2.5290814893751548	14895000
chr6	14900000	14910000	3.418947218728092	14905000
chr6	14910000	14920000	2.575695910053607	14915000
chr6	14920000	14930000	8.466407825530242	14925000
chr6	14930000	14940000	2.026859771760814	14935000
chr6	14940000	14950000	1.8073357288681655	14945000
chr6	14950000	14960000	10.481037706175147	14955000
chr6	14960000	14970000	28.512151302894363	14965000
chr6	14970000	14980000	17.428297915729356	14975000
chr6	14980000	14990000	9.491836858236999	14985000
chr6	14990000	15000000	9.292861853053738	14995000
chr6	15000000	15010000	11.753246239315748	15005000
chr6	15010000	15020000	10.002746393232188	15015000
chr6	15020000	15030000	9.205599184203605	15025000
chr6	15030000	15040000	9.95230887136112	15035000
chr6	15040000	15050000	20.16967466749289	15045000
chr6	15050000	15060000	18.681946034396365	15055000
chr6	15060000	15070000	26.199359577176054	15065000
chr6	15070000	15080000	14.238322290549169	15075000
chr6	15080000	15090000	11.664159640106124	15085000
chr6	15090000	15100000	9.867730187317946	15095000
chr6	15100000	15110000	9.701544623049013	15105000
chr6	15110000	15120000	10.153939821362817	15115000
chr6	15120000	15130000	10.38354915680363	15125000
chr6	15130000	15140000	5.6618287246949555	15135000
chr6	15140000	15150000	5.1379496088303895	15145000
chr6	15150000	15160000	7.209850893511348	15155000
chr6	15160000	15170000	10.276792931593697	15165000
chr6	15170000	15180000	8.727552731351466	15175000
chr6	15180000	15190000	5.964352171358758	15185000
chr6	15190000	15200000	5.332641674943779	15195000
chr6	15200000	15210000	6.861968043152685	15205000
chr6	15210000	15220000	7.720781582714565	15215000
chr6	15220000	15230000	7.349086439500474	15225000
chr6	15230000	15240000	9.481108125291536	15235000
chr6	15240000	15250000	8.326573730725384	15245000
chr6	15250000	15260000	6.1505954424225235	15255000
chr6	15260000	15270000	5.194984363333932	15265000
chr6	15270000	15280000	5.040494972934709	15275000
chr6	15280000	15290000	4.281813694644866	15285000
chr6	15290000	15300000	7.324368979911165	15295000
chr6	15300000	15310000	6.024466986922887	15305000
chr6	15310000	15320000	5.533388440069013	15315000
chr6	15320000	15330000	6.913222597096643	15325000
chr6	15330000	15340000	4.614657068399071	15335000
chr6	15340000	15350000	10.677826165911345	15345000
chr6	15350000	15360000	6.762972210994643	15355000
chr6	15360000	15370000	8.973377416021181	15365000
chr6	15370000	15380000	10.33643509281289	15375000
chr6	15380000	15390000	7.31191281725805	15385000
chr6	15390000	15400000	8.212234152890211	15395000
chr6	15400000	15410000	10.969871151826304	15405000
chr6	15410000	15420000	22.813478172733163	15415000
chr6	15420000	15430000	9.042923715194101	15425000
chr6	15430000	15440000	12.314925407163063	15435000
chr6	15440000	15450000	10.597724238009722	15445000
chr6	15450000	15460000	19.12326638765405	15455000
chr6	15460000	15470000	6.391994339299291	15465000
chr6	15470000	15480000	18.911174307915914	15475000
chr6	15480000	15490000	11.947519671856986	15485000
chr6	15490000	15500000	16.293473869687663	15495000
chr6	15500000	15510000	19.682946712177284	15505000
chr6	15510000	15520000	43.81436518766545	15515000
chr6	15520000	15530000	8.407152969346226	15525000
chr6	15530000	15540000	4.645337223098961	15535000
chr6	15540000	15550000	4.828458342233923	15545000
chr6	15550000	15560000	6.047524703140347	15555000
chr6	15560000	15570000	23.421647857787892	15565000
chr6	15570000	15580000	15.990617282471653	15575000
chr6	15580000	15590000	21.600850427526126	15585000
chr6	15590000	15600000	15.170463063350144	15595000
chr6	15600000	15610000	18.32087858925417	15605000
chr6	15610000	15620000	6.449194054111411	15615000
chr6	15620000	15630000	7.199880657114275	15625000
chr6	15630000	15640000	8.032094493330867	15635000
chr6	15640000	15650000	7.420889993224479	15645000
chr6	15650000	15660000	12.569979348414263	15655000
chr6	15660000	15670000	11.028693974941147	15665000
chr6	15670000	15680000	14.698789671576494	15675000
chr6	15680000	15690000	9.415049892240326	15685000
chr6	15690000	15700000	7.001617718599747	15695000
chr6	15700000	15710000	6.24597161027711	15705000
chr6	15710000	15720000	2.5188984588006424	15715000
chr6	15720000	15730000	5.657298798599804	15725000
chr6	15730000	15740000	4.630632543890447	15735000
chr6	15740000	15750000	9.782568169490123	15745000
chr6	15750000	15760000	9.775533475561907	15755000
chr6	15760000	15770000	9.218011635699677	15765000
chr6	15770000	15780000	4.003806619663695	15775000
chr6	15780000	15790000	5.500452468616675	15785000
chr6	15790000	15800000	9.093147613106801	15795000
chr6	15800000	15810000	7.33716603380786	15805000
chr6	15810000	15820000	3.3243032495123153	15815000
chr6	15820000	15830000	3.0908412650012296	15825000
chr6	15830000	15840000	4.858846945739897	15835000
chr6	15840000	15850000	9.597685981605657	15845000
chr6	15850000	15860000	7.658300798820226	15855000
chr6	15860000	15870000	6.398758653145634	15865000
chr6	15870000	15880000	6.710831089137203	15875000
chr6	15880000	15890000	8.058523608635284	15885000
chr6	15890000	15900000	4.780486801206745	15895000
chr6	15900000	15910000	4.747759100600686	15905000
chr6	15910000	15920000	4.92951377110541	15915000
chr6	15920000	15930000	4.608250026288177	15925000
chr6	15930000	15940000	12.047404992466259	15935000
chr6	15940000	15950000	6.128984000325176	15945000
chr6	15950000	15960000	12.304353683670715	15955000
chr6	15960000	15970000	13.464855677244486	15965000
chr6	15970000	15980000	10.550552866879274	15975000
chr6	15980000	15990000	7.111786799689943	15985000
chr6	15990000	16000000	8.737763343257894	15995000
chr6	16000000	16010000	8.305661033959046	16005000
chr6	16010000	16020000	12.24240232246213	16015000
chr6	16020000	16030000	8.11183401907371	16025000
chr6	16030000	16040000	4.121552222052309	16035000
chr6	16040000	16050000	6.621191467541495	16045000
chr6	16050000	16060000	3.447022304002935	16055000
chr6	16060000	16070000	13.923746715186546	16065000
chr6	16070000	16080000	3.454098395006576	16075000
chr6	16080000	16090000	6.136199670746293	16085000
chr6	16090000	16100000	10.681828380201864	16095000
chr6	16100000	16110000	11.416443643965511	16105000
chr6	16110000	16120000	13.442802361557249	16115000
chr6	16120000	16130000	8.500306374262626	16125000
chr6	16130000	16140000	10.396823712320217	16135000
chr6	16140000	16150000	9.66154358184397	16145000
chr6	16150000	16160000	13.837935252911528	16155000
chr6	16160000	16170000	25.83560916192495	16165000
chr6	16170000	16180000	13.951103914370847	16175000
chr6	16180000	16190000	11.446322635384506	16185000
chr6	16190000	16200000	13.954810646958473	16195000
chr6	16200000	16210000	12.570472639407889	16205000
chr6	16210000	16220000	17.763708110761115	16215000
chr6	16220000	16230000	10.878380256836396	16225000
chr6	16230000	16240000	13.126077479363115	16235000
chr6	16240000	16250000	18.393341348974005	16245000
chr6	16250000	16260000	12.100977992331002	16255000
chr6	16260000	16270000	5.486243995374257	16265000
chr6	16270000	16280000	21.210099789516935	16275000
chr6	16280000	16290000	5.372568809555452	16285000
chr6	16290000	16300000	4.367025746641575	16295000
chr6	16300000	16310000	3.214419892417612	16305000
chr6	16310000	16320000	2.9162066313372637	16315000
chr6	16320000	16330000	2.063460719176935	16325000
chr6	16330000	16340000	1.3668818236289784	16335000
chr6	16340000	16350000	1.4053541941056262	16345000
chr6	16350000	16360000	0.9696905973176654	16355000
chr6	16360000	16370000	1.6995384613584288	16365000
chr6	16370000	16380000	2.740310006021919	16375000
chr6	16380000	16390000	8.289979961391078	16385000
chr6	16390000	16400000	3.6624395494873188	16395000
chr6	16400000	16410000	4.28385202187693	16405000
chr6	16410000	16420000	7.507380139621198	16415000
chr6	16420000	16430000	5.270895321864565	16425000
chr6	16430000	16440000	5.400396947715022	16435000
chr6	16440000	16450000	4.907287751793023	16445000
chr6	16450000	16460000	6.33452734247163	16455000
chr6	16460000	16470000	7.51291037548287	16465000
chr6	16470000	16480000	5.261058758815195	16475000
chr6	16480000	16490000	5.858522155443568	16485000
chr6	16490000	16500000	4.7367042229156775	16495000
chr6	16500000	16510000	4.282890980686759	16505000
chr6	16510000	16520000	6.24524296841405	16515000
chr6	16520000	16530000	7.36797853714836	16525000
chr6	16530000	16540000	4.021721363955501	16535000
chr6	16540000	16550000	9.15150987818184	16545000
chr6	16550000	16560000	8.046862232799302	16555000
chr6	16560000	16570000	6.780426726411753	16565000
chr6	16570000	16580000	5.00161062552761	16575000
chr6	16580000	16590000	4.637650744793825	16585000
chr6	16590000	16600000	5.207913052618741	16595000
chr6	16600000	16610000	3.140112511537772	16605000
chr6	16610000	16620000	3.172631330984036	16615000
chr6	16620000	16630000	1.2988293553393615	16625000
chr6	16630000	16640000	6.97532111612513	16635000
chr6	16640000	16650000	4.3522622083630385	16645000
chr6	16650000	16660000	0.6768861963632038	16655000
chr6	16660000	16670000	0.46399712954686034	16665000
chr6	16670000	16680000	0.9986025086115814	16675000
chr6	16680000	16690000	1.912618432939003	16685000
chr6	16690000	16700000	1.4772505953403086	16695000
chr6	16700000	16710000	2.7319884575561746	16705000
chr6	16710000	16720000	3.892236490236958	16715000
chr6	16720000	16730000	5.828854432040809	16725000
chr6	16730000	16740000	11.58677058326484	16735000
chr6	16740000	16750000	2.980594735395722	16745000
chr6	16750000	16760000	0.6954185632785277	16755000
chr6	16760000	16770000	1.4469752933234212	16765000
chr6	16770000	16780000	2.386172657429996	16775000
chr6	16780000	16790000	3.6023404666217957	16785000
chr6	16790000	16800000	4.470646534285293	16795000
chr6	16800000	16810000	2.8968905042758637	16805000
chr6	16810000	16820000	2.265761191375894	16815000
chr6	16820000	16830000	2.237063541421023	16825000
chr6	16830000	16840000	1.7321562080828272	16835000
chr6	16840000	16850000	4.906068464442352	16845000
chr6	16850000	16860000	12.607665685346108	16855000
chr6	16860000	16870000	4.559466172520421	16865000
chr6	16870000	16880000	7.187425729341534	16875000
chr6	16880000	16890000	6.89897549673133	16885000
chr6	16890000	16900000	9.59603383381548	16895000
chr6	16900000	16910000	7.623163361880518	16905000
chr6	16910000	16920000	5.6356162293553	16915000
chr6	16920000	16930000	7.558367468957563	16925000
chr6	16930000	16940000	4.9068076670942915	16935000
chr6	16940000	16950000	6.351020751629497	16945000
chr6	16950000	16960000	5.422482029217643	16955000
chr6	16960000	16970000	3.731634740998233	16965000
chr6	16970000	16980000	3.501135547261708	16975000
chr6	16980000	16990000	3.183884557767902	16985000
chr6	16990000	17000000	8.726716952770596	16995000
chr6	17000000	17010000	20.834160499609236	17005000
chr6	17010000	17020000	3.1493811813551953	17015000
chr6	17020000	17030000	3.5821295870231626	17025000
chr6	17030000	17040000	5.614975569758158	17035000
chr6	17040000	17050000	3.1706511184562896	17045000
chr6	17050000	17060000	0.26397065362929084	17055000
chr6	17060000	17070000	3.7805321685634548	17065000
chr6	17070000	17080000	2.4045619596540506	17075000
chr6	17080000	17090000	1.7766400647831506	17085000
chr6	17090000	17100000	3.273751078074159	17095000
chr6	17100000	17110000	2.9171505481417084	17105000
chr6	17110000	17120000	16.632849693248303	17115000
chr6	17120000	17130000	9.758655802672857	17125000
chr6	17130000	17140000	3.905616556061371	17135000
chr6	17140000	17150000	2.4810282878393664	17145000
chr6	17150000	17160000	3.806521791447225	17155000
chr6	17160000	17170000	3.7553818302559945	17165000
chr6	17170000	17180000	3.5123769394245326	17175000
chr6	17180000	17190000	4.868596505291357	17185000
chr6	17190000	17200000	5.175727529758435	17195000
chr6	17200000	17210000	5.496131310133148	17205000
chr6	17210000	17220000	6.8188374943837555	17215000
chr6	17220000	17230000	6.6833678087428865	17225000
chr6	17230000	17240000	12.155734290812164	17235000
chr6	17240000	17250000	9.788697630926228	17245000
chr6	17250000	17260000	8.964948967247256	17255000
chr6	17260000	17270000	13.270883370787963	17265000
chr6	17270000	17280000	16.732783830007705	17275000
chr6	17280000	17290000	10.346181140408587	17285000
chr6	17290000	17300000	12.725703301183247	17295000
chr6	17300000	17310000	7.930888650570289	17305000
chr6	17310000	17320000	13.736215169074681	17315000
chr6	17320000	17330000	9.655625648472673	17325000
chr6	17330000	17340000	9.134100433232648	17335000
chr6	17340000	17350000	6.11272929406581	17345000
chr6	17350000	17360000	6.783322182472368	17355000
chr6	17360000	17370000	8.021131601156814	17365000
chr6	17370000	17380000	6.1187214044342415	17375000
chr6	17380000	17390000	5.641243435370819	17385000
chr6	17390000	17400000	5.891525046895116	17395000
chr6	17400000	17410000	5.386499709311353	17405000
chr6	17410000	17420000	8.307350253825184	17415000
chr6	17420000	17430000	12.512883029802717	17425000
chr6	17430000	17440000	11.408133258544149	17435000
chr6	17440000	17450000	14.10287222117452	17445000
chr6	17450000	17460000	15.678476052439935	17455000
chr6	17460000	17470000	18.050047630224963	17465000
chr6	17470000	17480000	13.991961053263045	17475000
chr6	17480000	17490000	15.501581594408162	17485000
chr6	17490000	17500000	14.117599133424926	17495000
chr6	17500000	17510000	15.06251632651136	17505000
chr6	17510000	17520000	14.187105261989457	17515000
chr6	17520000	17530000	12.879732588945501	17525000
chr6	17530000	17540000	11.256674488187763	17535000
chr6	17540000	17550000	8.730607697438648	17545000
chr6	17550000	17560000	10.016168684179036	17555000
chr6	17560000	17570000	11.879910929213093	17565000
chr6	17570000	17580000	8.650113300792574	17575000
chr6	17580000	17590000	8.516855198413856	17585000
chr6	17590000	17600000	17.67489553405597	17595000
chr6	17600000	17610000	9.797944536437775	17605000
chr6	17610000	17620000	10.222801229595907	17615000
chr6	17620000	17630000	12.997760441608389	17625000
chr6	17630000	17640000	10.741515081313544	17635000
chr6	17640000	17650000	10.941145720828164	17645000
chr6	17650000	17660000	28.95670845817904	17655000
chr6	17660000	17670000	14.551311545570153	17665000
chr6	17670000	17680000	29.185386104412764	17675000
chr6	17680000	17690000	7.669055670110278	17685000
chr6	17690000	17700000	10.93384366619254	17695000
chr6	17700000	17710000	18.48218538286005	17705000
chr6	17710000	17720000	8.512664354185327	17715000
chr6	17720000	17730000	11.5598222805542	17725000
chr6	17730000	17740000	8.63884857009397	17735000
chr6	17740000	17750000	13.153955170521796	17745000
chr6	17750000	17760000	20.379522066647038	17755000
chr6	17760000	17770000	2.660848584361262	17765000
chr6	17770000	17780000	5.129994644868837	17775000
chr6	17780000	17790000	9.6806599703021	17785000
chr6	17790000	17800000	5.347451744460961	17795000
chr6	17800000	17810000	2.812234938403864	17805000
chr6	17810000	17820000	2.193469789313997	17815000
chr6	17820000	17830000	12.708661455872528	17825000
chr6	17830000	17840000	4.05316517460061	17835000
chr6	17840000	17850000	3.164054746043399	17845000
chr6	17850000	17860000	2.74352600830192	17855000
chr6	17860000	17870000	3.7902861960128744	17865000
chr6	17870000	17880000	9.498573631265364	17875000
chr6	17880000	17890000	9.610216722422141	17885000
chr6	17890000	17900000	1.854824211935556	17895000
chr6	17900000	17910000	3.045510364101144	17905000
chr6	17910000	17920000	14.251429269819678	17915000
chr6	17920000	17930000	8.45554921366306	17925000
chr6	17930000	17940000	5.142872535275794	17935000
chr6	17940000	17950000	12.85936570345781	17945000
chr6	17950000	17960000	5.040459961479341	17955000
chr6	17960000	17970000	4.3134580361412	17965000
chr6	17970000	17980000	4.5394475990135845	17975000
chr6	17980000	17990000	3.2357285571843164	17985000
chr6	17990000	18000000	2.3776159679792497	17995000
chr6	18000000	18010000	2.2386170422165237	18005000
chr6	18010000	18020000	2.3270085934742166	18015000
chr6	18020000	18030000	1.738552241344057	18025000
chr6	18030000	18040000	2.3928704363949853	18035000
chr6	18040000	18050000	6.654495878758755	18045000
chr6	18050000	18060000	2.40934976037409	18055000
chr6	18060000	18070000	7.341495606883078	18065000
chr6	18070000	18080000	1.086510792116957	18075000
chr6	18080000	18090000	0.9687116462064931	18085000
chr6	18090000	18100000	0.43121879417438863	18095000
chr6	18100000	18110000	0.6007350378342855	18105000
chr6	18110000	18120000	0.8372139126510515	18115000
chr6	18120000	18130000	0.4793400574777783	18125000
chr6	18130000	18140000	0.22018603633164674	18135000
chr6	18140000	18150000	1.78023653919982	18145000
chr6	18150000	18160000	1.3966324255699865	18155000
chr6	18160000	18170000	1.3980846500570843	18165000
chr6	18170000	18180000	1.7238633367543172	18175000
chr6	18180000	18190000	5.424149941026733	18185000
chr6	18190000	18200000	3.172199381465128	18195000
chr6	18200000	18210000	1.7102170102173269	18205000
chr6	18210000	18220000	6.775132804956028	18215000
chr6	18220000	18230000	1.625035449085535	18225000
chr6	18230000	18240000	1.433019102131025	18235000
chr6	18240000	18250000	2.114081559563343	18245000
chr6	18250000	18260000	5.10650711992729	18255000
chr6	18260000	18270000	0.5185341860874153	18265000
chr6	18270000	18280000	0.8513140671562128	18275000
chr6	18280000	18290000	0.5260811722415991	18285000
chr6	18290000	18300000	0.984519878976241	18295000
chr6	18300000	18310000	6.274376056952991	18305000
chr6	18310000	18320000	11.378970461657339	18315000
chr6	18320000	18330000	1.4893577569567171	18325000
chr6	18330000	18340000	2.221349268566087	18335000
chr6	18340000	18350000	2.2786764849255943	18345000
chr6	18350000	18360000	3.098799352144849	18355000
chr6	18360000	18370000	2.5233868617395876	18365000
chr6	18370000	18380000	12.529950888757984	18375000
chr6	18380000	18390000	4.770402628656626	18385000
chr6	18390000	18400000	2.8704892639442443	18395000
chr6	18400000	18410000	4.098302170744833	18405000
chr6	18410000	18420000	2.482855204360706	18415000
chr6	18420000	18430000	8.728885448785974	18425000
chr6	18430000	18440000	7.548380463961969	18435000
chr6	18440000	18450000	7.848343884494213	18445000
chr6	18450000	18460000	4.033093977638257	18455000
chr6	18460000	18470000	3.496636952046449	18465000
chr6	18470000	18480000	6.909229469453453	18475000
chr6	18480000	18490000	3.9631578547393134	18485000
chr6	18490000	18500000	5.021144522917996	18495000
chr6	18500000	18510000	5.776414931708869	18505000
chr6	18510000	18520000	5.327687913628985	18515000
chr6	18520000	18530000	2.666862805669224	18525000
chr6	18530000	18540000	4.357592314869077	18535000
chr6	18540000	18550000	2.5401652254744023	18545000
chr6	18550000	18560000	1.0238075044440875	18555000
chr6	18560000	18570000	2.6739292745902437	18565000
chr6	18570000	18580000	1.9982180194490178	18575000
chr6	18580000	18590000	5.20341077532598	18585000
chr6	18590000	18600000	4.946007500360768	18595000
chr6	18600000	18610000	1.628937533432631	18605000
chr6	18610000	18620000	1.2592329149388641	18615000
chr6	18620000	18630000	2.0982372690658107	18625000
chr6	18630000	18640000	1.8057803474804033	18635000
chr6	18640000	18650000	5.075677151254119	18645000
chr6	18650000	18660000	5.169410657359671	18655000
chr6	18660000	18670000	12.511012257804746	18665000
chr6	18670000	18680000	5.57685763817529	18675000
chr6	18680000	18690000	5.7285921706419005	18685000
chr6	18690000	18700000	10.879524396123225	18695000
chr6	18700000	18710000	5.112598511323334	18705000
chr6	18710000	18720000	2.837860060939599	18715000
chr6	18720000	18730000	13.85144914143273	18725000
chr6	18730000	18740000	16.881041090295312	18735000
chr6	18740000	18750000	5.732512368281125	18745000
chr6	18750000	18760000	4.33573391601985	18755000
chr6	18760000	18770000	2.549782285003575	18765000
chr6	18770000	18780000	1.311453650291817	18775000
chr6	18780000	18790000	2.471715966159201	18785000
chr6	18790000	18800000	1.8225141508685505	18795000
chr6	18800000	18810000	1.491587556778901	18805000
chr6	18810000	18820000	2.352925340506971	18815000
chr6	18820000	18830000	7.1478302389255575	18825000
chr6	18830000	18840000	2.1407326696906965	18835000
chr6	18840000	18850000	4.421233752689596	18845000
chr6	18850000	18860000	5.338136691492599	18855000
chr6	18860000	18870000	4.408235753394198	18865000
chr6	18870000	18880000	3.6073052194375936	18875000
chr6	18880000	18890000	1.5123545899444024	18885000
chr6	18890000	18900000	14.459736346166688	18895000
chr6	18900000	18910000	3.5887871226742645	18905000
chr6	18910000	18920000	3.033645058100658	18915000
chr6	18920000	18930000	3.7410249268871483	18925000
chr6	18930000	18940000	6.784325917681019	18935000
chr6	18940000	18950000	4.872758669699889	18945000
chr6	18950000	18960000	3.4997747069213014	18955000
chr6	18960000	18970000	6.167472492933111	18965000
chr6	18970000	18980000	18.603041097755547	18975000
chr6	18980000	18990000	5.64192997249305	18985000
chr6	18990000	19000000	3.3316041680756943	18995000
chr6	19000000	19010000	4.93580301262358	19005000
chr6	19010000	19020000	3.3901412268522333	19015000
chr6	19020000	19030000	5.4906750648914056	19025000
chr6	19030000	19040000	5.92885775181383	19035000
chr6	19040000	19050000	4.839159083349359	19045000
chr6	19050000	19060000	4.078996877018204	19055000
chr6	19060000	19070000	4.656004489386997	19065000
chr6	19070000	19080000	5.908847561333891	19075000
chr6	19080000	19090000	5.74229358222304	19085000
chr6	19090000	19100000	5.579457381514267	19095000
chr6	19100000	19110000	6.706709100333393	19105000
chr6	19110000	19120000	7.593722367167874	19115000
chr6	19120000	19130000	7.65367442183154	19125000
chr6	19130000	19140000	2.4450441236431573	19135000
chr6	19140000	19150000	3.3867420652030678	19145000
chr6	19150000	19160000	3.6063262294693614	19155000
chr6	19160000	19170000	7.87383410892634	19165000
chr6	19170000	19180000	7.738002631884061	19175000
chr6	19180000	19190000	5.030714795125526	19185000
chr6	19190000	19200000	2.7248151144196	19195000
chr6	19200000	19210000	3.6081796464772062	19205000
chr6	19210000	19220000	8.57380488196757	19215000
chr6	19220000	19230000	5.770272933363143	19225000
chr6	19230000	19240000	3.60022913537216	19235000
chr6	19240000	19250000	4.417176068210735	19245000
chr6	19250000	19260000	3.467975091079914	19255000
chr6	19260000	19270000	4.453531749908011	19265000
chr6	19270000	19280000	3.1474122314545045	19275000
chr6	19280000	19290000	4.557375700086287	19285000
chr6	19290000	19300000	8.384176903535426	19295000
chr6	19300000	19310000	7.145736752186257	19305000
chr6	19310000	19320000	4.581186775115563	19315000
chr6	19320000	19330000	11.817721045798441	19325000
chr6	19330000	19340000	3.975526896672287	19335000
chr6	19340000	19350000	3.9524292246418535	19345000
chr6	19350000	19360000	4.877977897821421	19355000
chr6	19360000	19370000	5.680035980039648	19365000
chr6	19370000	19380000	5.32876396904533	19375000
chr6	19380000	19390000	4.572351524271117	19385000
chr6	19390000	19400000	4.027449742032192	19395000
chr6	19400000	19410000	3.442507526681843	19405000
chr6	19410000	19420000	4.102924812442919	19415000
chr6	19420000	19430000	7.557748591132378	19425000
chr6	19430000	19440000	7.432244332773104	19435000
chr6	19440000	19450000	5.397140723536733	19445000
chr6	19450000	19460000	7.787644413923276	19455000
chr6	19460000	19470000	9.080986895396196	19465000
chr6	19470000	19480000	2.693157971817946	19475000
chr6	19480000	19490000	3.7092261491377068	19485000
chr6	19490000	19500000	5.545986204147755	19495000
chr6	19500000	19510000	5.710732583897586	19505000
chr6	19510000	19520000	5.428185156302056	19515000
chr6	19520000	19530000	6.414273918750798	19525000
chr6	19530000	19540000	2.829762038328412	19535000
chr6	19540000	19550000	3.569778407187321	19545000
chr6	19550000	19560000	9.694482554386687	19555000
chr6	19560000	19570000	4.019293150871721	19565000
chr6	19600000	19610000	4.01929315087172	19605000
chr6	19650000	19660000	1.585830180939966	19655000
chr6	19660000	19670000	1.5988483790564356	19665000
chr6	19670000	19680000	2.083503620729881	19675000
chr6	19680000	19690000	2.8484449482463403	19685000
chr6	19690000	19700000	1.5728959889260767	19695000
chr6	19700000	19710000	3.5715653700189134	19705000
chr6	19710000	19720000	4.1558566624058395	19715000
chr6	19720000	19730000	2.621223417078017	19725000
chr6	19730000	19740000	2.4299913311116037	19735000
chr6	19740000	19750000	2.7521337781508795	19745000
chr6	19750000	19760000	2.156184314621002	19755000
chr6	19760000	19770000	3.592398342503105	19765000
chr6	19770000	19780000	4.592573217272693	19775000
chr6	19780000	19790000	3.2254665622229353	19785000
chr6	19790000	19800000	2.8009486807407233	19795000
chr6	19800000	19810000	4.873375843486235	19805000
chr6	19810000	19820000	3.870548246445343	19815000
chr6	19820000	19830000	2.333572464490564	19825000
chr6	19830000	19840000	2.250117666757966	19835000
chr6	19840000	19850000	2.423858004838188	19845000
chr6	19850000	19860000	3.254092382194459	19855000
chr6	19860000	19870000	2.451915674793244	19865000
chr6	19870000	19880000	2.3501001436454523	19875000
chr6	19880000	19890000	1.9777489810515587	19885000
chr6	19890000	19900000	2.055572918899728	19895000
chr6	19900000	19910000	2.309617421189172	19905000
chr6	19910000	19920000	1.7069243284068467	19915000
chr6	19920000	19930000	1.9468102601727473	19925000
chr6	19930000	19940000	1.179447122492015	19935000
chr6	19940000	19950000	3.621671581792372	19945000
chr6	19950000	19960000	2.8666587541117248	19955000
chr6	19960000	19970000	1.740469581778535	19965000
chr6	19970000	19980000	2.743171859616082	19975000
chr6	19980000	19990000	1.9284222655667156	19985000
chr6	19990000	20000000	2.920398726790998	19995000
chr6	20000000	20010000	1.7295156411803452	20005000
chr6	20010000	20020000	1.590537743750205	20015000
chr6	20020000	20030000	1.737874639986018	20025000
chr6	20030000	20040000	2.5318462869026908	20035000
chr6	20040000	20050000	2.7763626432629134	20045000
chr6	20050000	20060000	2.6769445074984657	20055000
chr6	20060000	20070000	3.17123746956877	20065000
chr6	20070000	20080000	2.2234019553880717	20075000
chr6	20080000	20090000	1.4453696686891464	20085000
chr6	20090000	20100000	3.0685813859000706	20095000
chr6	20100000	20110000	5.918726923708802	20105000
chr6	20110000	20120000	2.6085180324031962	20115000
chr6	20120000	20130000	3.1116063708106476	20125000
chr6	20130000	20140000	2.8289386756160826	20135000
chr6	20140000	20150000	1.258999475310496	20145000
chr6	20150000	20160000	1.581237156474827	20155000
chr6	20160000	20170000	1.8530710349809694	20165000
chr6	20170000	20180000	3.528136515452127	20175000
chr6	20180000	20190000	4.766030332416302	20185000
chr6	20190000	20200000	6.835851688689615	20195000
chr6	20200000	20210000	3.9427606256832908	20205000
chr6	20210000	20220000	3.1177364569216723	20215000
chr6	20220000	20230000	2.9882602092292916	20225000
chr6	20230000	20240000	2.661190514750297	20235000
chr6	20240000	20250000	3.2212367624284868	20245000
chr6	20250000	20260000	6.434205042385461	20255000
chr6	20260000	20270000	3.6215302462962238	20265000
chr6	20270000	20280000	3.4289954774250395	20275000
chr6	20280000	20290000	2.7286036755006977	20285000
chr6	20290000	20300000	2.616818584828156	20295000
chr6	20300000	20310000	2.291140804658438	20305000
chr6	20310000	20320000	3.2485230734217927	20315000
chr6	20320000	20330000	2.185311819757781	20325000
chr6	20330000	20340000	2.20795601684074	20335000
chr6	20340000	20350000	4.3618380844077125	20345000
chr6	20350000	20360000	2.7998515947688456	20355000
chr6	20360000	20370000	2.9814485075163146	20365000
chr6	20370000	20380000	3.095539391038084	20375000
chr6	20380000	20390000	3.033911697215428	20385000
chr6	20390000	20400000	3.231964190433226	20395000
chr6	20400000	20410000	2.494872670814608	20405000
chr6	20410000	20420000	2.9745940658627843	20415000
chr6	20420000	20430000	3.816928677230064	20425000
chr6	20430000	20440000	3.3754995713189597	20435000
chr6	20440000	20450000	3.6499388055253017	20445000
chr6	20450000	20460000	4.038764655855768	20455000
chr6	20460000	20470000	2.683537698920671	20465000
chr6	20470000	20480000	4.12678423125035	20475000
chr6	20480000	20490000	4.403079190383803	20485000
chr6	20490000	20500000	4.856899458540474	20495000
chr6	20500000	20510000	4.295341762707555	20505000
chr6	20510000	20520000	4.246692862930359	20515000
chr6	20520000	20530000	5.051296977230435	20525000
chr6	20530000	20540000	3.3867190957304425	20535000
chr6	20540000	20550000	4.201551529336533	20545000
chr6	20550000	20560000	4.884245753497033	20555000
chr6	20560000	20570000	4.4074243483604185	20565000
chr6	20570000	20580000	6.138151828474636	20575000
chr6	20580000	20590000	6.564896800538897	20585000
chr6	20590000	20600000	7.141610566474963	20595000
chr6	20600000	20610000	7.278458960295287	20605000
chr6	20610000	20620000	4.463699102514139	20615000
chr6	20620000	20630000	4.387538267222597	20625000
chr6	20630000	20640000	2.854650039406523	20635000
chr6	20640000	20650000	3.0814404233362884	20645000
chr6	20650000	20660000	3.5566124052289156	20655000
chr6	20660000	20670000	7.33986578381566	20665000
chr6	20670000	20680000	5.86171521564588	20675000
chr6	20680000	20690000	7.6650876053686705	20685000
chr6	20690000	20700000	6.578661279467761	20695000
chr6	20700000	20710000	7.075608918726919	20705000
chr6	20710000	20720000	9.672555547862029	20715000
chr6	20720000	20730000	8.388208613113482	20725000
chr6	20730000	20740000	9.945656771891173	20735000
chr6	20740000	20750000	4.877442929317074	20745000
chr6	20750000	20760000	7.883643407422212	20755000
chr6	20760000	20770000	7.095461585683781	20765000
chr6	20770000	20780000	6.001035671568172	20775000
chr6	20780000	20790000	7.799612988823842	20785000
chr6	20790000	20800000	6.992089767390305	20795000
chr6	20800000	20810000	3.7081512418157807	20805000
chr6	20810000	20820000	6.420794961703386	20815000
chr6	20820000	20830000	5.273562993470494	20825000
chr6	20830000	20840000	5.638514730287295	20835000
chr6	20840000	20850000	5.409161150259953	20845000
chr6	20850000	20860000	5.530956335064147	20855000
chr6	20860000	20870000	9.430525704831918	20865000
chr6	20870000	20880000	7.503045850073635	20875000
chr6	20880000	20890000	5.895566918523337	20885000
chr6	20890000	20900000	10.629817280989542	20895000
chr6	20900000	20910000	9.6350431333859	20905000
chr6	20910000	20920000	7.834920444656298	20915000
chr6	20920000	20930000	9.36022672565507	20925000
chr6	20930000	20940000	5.015032543506631	20935000
chr6	20940000	20950000	4.92227151916033	20945000
chr6	20950000	20960000	11.249986091940068	20955000
chr6	20960000	20970000	9.091117525357967	20965000
chr6	20970000	20980000	5.500326011679342	20975000
chr6	20980000	20990000	7.8141501337011325	20985000
chr6	20990000	21000000	5.734715680842719	20995000
chr6	21000000	21010000	7.4008800529678105	21005000
chr6	21010000	21020000	14.08375672011524	21015000
chr6	21020000	21030000	4.548416246653095	21025000
chr6	21030000	21040000	3.839547247964283	21035000
chr6	21040000	21050000	5.053225809304105	21045000
chr6	21050000	21060000	5.063169317277506	21055000
chr6	21060000	21070000	5.444706431603715	21065000
chr6	21070000	21080000	3.8757875788014853	21075000
chr6	21080000	21090000	5.6384432039329795	21085000
chr6	21090000	21100000	4.234687837471521	21095000
chr6	21100000	21110000	3.640694794743142	21105000
chr6	21110000	21120000	4.0933246668317205	21115000
chr6	21120000	21130000	3.187293440433491	21125000
chr6	21130000	21140000	3.732705286537124	21135000
chr6	21140000	21150000	3.857757396311968	21145000
chr6	21150000	21160000	3.0112039044068	21155000
chr6	21160000	21170000	2.780126666802406	21165000
chr6	21170000	21180000	3.7969081337423587	21175000
chr6	21180000	21190000	3.0472116328304564	21185000
chr6	21190000	21200000	7.160626289095373	21195000
chr6	21200000	21210000	4.738196010586859	21205000
chr6	21210000	21220000	3.4458847481660175	21215000
chr6	21220000	21230000	3.5519175405316705	21225000
chr6	21230000	21240000	3.34982200470282	21235000
chr6	21240000	21250000	2.901764604150805	21245000
chr6	21250000	21260000	4.055784827264942	21255000
chr6	21260000	21270000	4.567870903799283	21265000
chr6	21270000	21280000	4.545228076580214	21275000
chr6	21280000	21290000	2.820839991147588	21285000
chr6	21290000	21300000	2.963842354700985	21295000
chr6	21300000	21310000	1.8424189599909297	21305000
chr6	21310000	21320000	22.566873855481326	21315000
chr6	21320000	21330000	13.031035949663071	21325000
chr6	21330000	21340000	3.0206662584416737	21335000
chr6	21340000	21350000	3.675869209417997	21345000
chr6	21350000	21360000	3.106185930798245	21355000
chr6	21360000	21370000	2.7128791430727826	21365000
chr6	21370000	21380000	3.1436069282305974	21375000
chr6	21380000	21390000	3.472764784174409	21385000
chr6	21390000	21400000	3.803150317373479	21395000
chr6	21400000	21410000	3.7234979422739203	21405000
chr6	21410000	21420000	5.711498489282796	21415000
chr6	21420000	21430000	3.340490452471748	21425000
chr6	21430000	21440000	3.080325122573699	21435000
chr6	21440000	21450000	2.7826031098490516	21445000
chr6	21450000	21460000	2.702496402350379	21455000
chr6	21460000	21470000	2.370744231672807	21465000
chr6	21470000	21480000	2.3727742156097364	21475000
chr6	21480000	21490000	2.429659317630073	21485000
chr6	21490000	21500000	2.094625550476795	21495000
chr6	21500000	21510000	1.6701659630288141	21505000
chr6	21510000	21520000	2.4396055393292864	21515000
chr6	21520000	21530000	2.34878770877679	21525000
chr6	21530000	21540000	2.8509550338211676	21535000
chr6	21540000	21550000	3.167314509827783	21545000
chr6	21550000	21560000	3.7938757421392286	21555000
chr6	21560000	21570000	2.2163540796324135	21565000
chr6	21570000	21580000	2.7302327537944406	21575000
chr6	21580000	21590000	8.247282680745542	21585000
chr6	21590000	21600000	7.516144095664687	21595000
chr6	21600000	21610000	1.6015940400470035	21605000
chr6	21610000	21620000	10.349974760756307	21615000
chr6	21620000	21630000	3.9701557470411983	21625000
chr6	21630000	21640000	2.2798056069505583	21635000
chr6	21640000	21650000	1.7600649880642192	21645000
chr6	21650000	21660000	1.8483907198387233	21655000
chr6	21660000	21670000	1.967500535684379	21665000
chr6	21670000	21680000	6.367010447297203	21675000
chr6	21680000	21690000	2.264057031408441	21685000
chr6	21690000	21700000	2.5428808511584813	21695000
chr6	21700000	21710000	1.3747412838846258	21705000
chr6	21710000	21720000	4.695837066753421	21715000
chr6	21720000	21730000	1.5179368751260822	21725000
chr6	21730000	21740000	1.1611177000320156	21735000
chr6	21740000	21750000	1.3495609504952102	21745000
chr6	21750000	21760000	1.4764240263625281	21755000
chr6	21760000	21770000	6.314251241876215	21765000
chr6	21770000	21780000	5.7079315972695595	21775000
chr6	21780000	21790000	3.0505384982701673	21785000
chr6	21790000	21800000	2.3442306068997407	21795000
chr6	21800000	21810000	1.4152970429287344	21805000
chr6	21810000	21820000	1.3278550171325352	21815000
chr6	21820000	21830000	5.007015977215177	21825000
chr6	21830000	21840000	1.6632202992234169	21835000
chr6	21840000	21850000	1.341061348080737	21845000
chr6	21850000	21860000	6.942280520440762	21855000
chr6	21860000	21870000	3.616212882068617	21865000
chr6	21870000	21880000	2.54988618997348	21875000
chr6	21880000	21890000	8.476449848053992	21885000
chr6	21890000	21900000	6.643237381840661	21895000
chr6	21900000	21910000	5.650759253245068	21905000
chr6	21910000	21920000	3.2499911498281353	21915000
chr6	21920000	21930000	2.5528906099068336	21925000
chr6	21930000	21940000	2.814671236098728	21935000
chr6	21940000	21950000	2.6455097683920434	21945000
chr6	21950000	21960000	4.066909462283846	21955000
chr6	21960000	21970000	1.3504242164306623	21965000
chr6	21970000	21980000	4.784350805539734	21975000
chr6	21980000	21990000	0.981679339267324	21985000
chr6	21990000	22000000	1.3996303249449107	21995000
chr6	22000000	22010000	1.4156139536968562	22005000
chr6	22010000	22020000	0.8643108792112626	22015000
chr6	22020000	22030000	1.7975076955662013	22025000
chr6	22030000	22040000	1.38300352188362	22035000
chr6	22040000	22050000	2.262129703725613	22045000
chr6	22050000	22060000	7.476808501020331	22055000
chr6	22060000	22070000	6.04020131167696	22065000
chr6	22070000	22080000	3.1747365526903164	22075000
chr6	22080000	22090000	3.288193454856449	22085000
chr6	22090000	22100000	8.66751272532268	22095000
chr6	22100000	22110000	8.581681160668076	22105000
chr6	22110000	22120000	6.7034056232731345	22115000
chr6	22120000	22130000	3.0456275853310744	22125000
chr6	22130000	22140000	4.1188979344067524	22135000
chr6	22140000	22150000	3.0356926103863207	22145000
chr6	22150000	22160000	2.4676805910141595	22155000
chr6	22160000	22170000	1.6818590082759965	22165000
chr6	22170000	22180000	3.7548998368858646	22175000
chr6	22180000	22190000	2.8728668646612356	22185000
chr6	22190000	22200000	3.330202314654558	22195000
chr6	22200000	22210000	4.567658232596811	22205000
chr6	22210000	22220000	2.2581714718964525	22215000
chr6	22220000	22230000	2.741231927751931	22225000
chr6	22230000	22240000	3.17721215696255	22235000
chr6	22240000	22250000	3.524025813392662	22245000
chr6	22250000	22260000	11.20592010386949	22255000
chr6	22260000	22270000	3.7087673551430367	22265000
chr6	22270000	22280000	2.006461246967322	22275000
chr6	22280000	22290000	2.9669202348240966	22285000
chr6	22290000	22300000	3.4490000814284723	22295000
chr6	22300000	22310000	2.077819114383572	22305000
chr6	22310000	22320000	3.4950568859257696	22315000
chr6	22320000	22330000	4.637740481574007	22325000
chr6	22330000	22340000	4.189939752010894	22335000
chr6	22340000	22350000	3.602531559436726	22345000
chr6	22350000	22360000	2.810858280900914	22355000
chr6	22360000	22370000	11.628722342537026	22365000
chr6	22370000	22380000	4.361594995105687	22375000
chr6	22380000	22390000	6.44523239494947	22385000
chr6	22390000	22400000	2.694927104702671	22395000
chr6	22400000	22410000	3.477284011632299	22405000
chr6	22410000	22420000	2.7511754582121277	22415000
chr6	22420000	22430000	2.2186263472228935	22425000
chr6	22430000	22440000	2.8346472372056306	22435000
chr6	22440000	22450000	2.385797720093863	22445000
chr6	22450000	22460000	4.555019362392809	22455000
chr6	22460000	22470000	3.509932068105927	22465000
chr6	22470000	22480000	4.293812914851248	22475000
chr6	22480000	22490000	10.213991623620826	22485000
chr6	22490000	22500000	8.018148499003317	22495000
chr6	22500000	22510000	9.760234940644677	22505000
chr6	22510000	22520000	6.895310635623393	22515000
chr6	22520000	22530000	8.694556826427295	22525000
chr6	22530000	22540000	5.596545784599745	22535000
chr6	22540000	22550000	7.361913337696155	22545000
chr6	22550000	22560000	5.646418984454146	22555000
chr6	22560000	22570000	4.616280938768107	22565000
chr6	22570000	22580000	5.6652875174007296	22575000
chr6	22580000	22590000	2.951452869538347	22585000
chr6	22590000	22600000	5.502707497721612	22595000
chr6	22600000	22610000	9.90079419183774	22605000
chr6	22610000	22620000	7.854850926766853	22615000
chr6	22620000	22630000	4.465120407509539	22625000
chr6	22630000	22640000	2.929857078942668	22635000
chr6	22640000	22650000	1.9693455290118675	22645000
chr6	22650000	22660000	5.061429255260011	22655000
chr6	22660000	22670000	7.632497805417192	22665000
chr6	22670000	22680000	5.557161379836637	22675000
chr6	22680000	22690000	4.241699754070663	22685000
chr6	22690000	22700000	7.830921438712872	22695000
chr6	22700000	22710000	2.222042690661905	22705000
chr6	22710000	22720000	5.142560903331394	22715000
chr6	22720000	22730000	7.008565224665841	22725000
chr6	22730000	22740000	3.928680191102634	22735000
chr6	22740000	22750000	4.853391359285775	22745000
chr6	22750000	22760000	3.44709863586407	22755000
chr6	22760000	22770000	3.7365518476380792	22765000
chr6	22770000	22780000	4.989530958639962	22775000
chr6	22780000	22790000	4.650452717898412	22785000
chr6	22790000	22800000	3.8642825941886603	22795000
chr6	22800000	22810000	3.3613239615070394	22805000
chr6	22810000	22820000	6.36020693741062	22815000
chr6	22820000	22830000	3.271106361667677	22825000
chr6	22830000	22840000	4.962666391819973	22835000
chr6	22840000	22850000	5.826805011559982	22845000
chr6	22850000	22860000	2.5490217159045505	22855000
chr6	22860000	22870000	3.7387325732936767	22865000
chr6	22870000	22880000	2.9088297898016267	22875000
chr6	22880000	22890000	3.799405543152678	22885000
chr6	22890000	22900000	3.8928082378499176	22895000
chr6	22900000	22910000	3.914289218534036	22905000
chr6	22910000	22920000	4.176131691165542	22915000
chr6	22920000	22930000	4.557303593555443	22925000
chr6	22930000	22940000	3.7608054717156603	22935000
chr6	22940000	22950000	3.431821378810785	22945000
chr6	22950000	22960000	3.484703740377197	22955000
chr6	22960000	22970000	2.92535214947341	22965000
chr6	22970000	22980000	0.8975109530057349	22975000
chr6	22980000	22990000	1.2550830414646745	22985000
chr6	22990000	23000000	2.2425648280489345	22995000
chr6	23000000	23010000	1.455821232285184	23005000
chr6	23010000	23020000	2.312661594439821	23015000
chr6	23020000	23030000	2.157093352927804	23025000
chr6	23030000	23040000	1.156531892563659	23035000
chr6	23040000	23050000	1.2736093451707033	23045000
chr6	23050000	23060000	2.9475843274064264	23055000
chr6	23060000	23070000	5.207894501879659	23065000
chr6	23070000	23080000	2.584108486440234	23075000
chr6	23080000	23090000	1.9173898927808533	23085000
chr6	23090000	23100000	2.762060707625833	23095000
chr6	23100000	23110000	3.8049634144076006	23105000
chr6	23110000	23120000	3.737097601538733	23115000
chr6	23120000	23130000	1.009811777709018	23125000
chr6	23130000	23140000	3.91079811192469	23135000
chr6	23140000	23150000	1.4988855686214997	23145000
chr6	23150000	23160000	5.542263161636713	23155000
chr6	23160000	23170000	1.8168502580531447	23165000
chr6	23170000	23180000	7.198017981719778	23175000
chr6	23180000	23190000	3.32228771969949	23185000
chr6	23190000	23200000	2.221500799678829	23195000
chr6	23200000	23210000	2.4448686361688963	23205000
chr6	23210000	23220000	0.7127200456012603	23215000
chr6	23220000	23230000	0.6793712083989293	23225000
chr6	23230000	23240000	0.4201908303547085	23235000
chr6	23240000	23250000	0.45900623759914444	23245000
chr6	23250000	23260000	0.6084090716672595	23255000
chr6	23260000	23270000	2.0245887300128884	23265000
chr6	23270000	23280000	8.43527192148382	23275000
chr6	23280000	23290000	1.6077750346915118	23285000
chr6	23290000	23300000	2.337178098881943	23295000
chr6	23300000	23310000	2.1806420200408687	23305000
chr6	23310000	23320000	7.249594351028878	23315000
chr6	23320000	23330000	4.2331174267914555	23325000
chr6	23330000	23340000	1.3826527492642084	23335000
chr6	23340000	23350000	1.2519426900808637	23345000
chr6	23350000	23360000	1.4947617089659917	23355000
chr6	23360000	23370000	2.2265241429238976	23365000
chr6	23370000	23380000	4.841417045652374	23375000
chr6	23380000	23390000	3.881970053539138	23385000
chr6	23390000	23400000	3.350325733092854	23395000
chr6	23400000	23410000	3.6633483484073355	23405000
chr6	23410000	23420000	4.444426530444142	23415000
chr6	23420000	23430000	2.843159975630599	23425000
chr6	23430000	23440000	6.04603854527068	23435000
chr6	23440000	23450000	3.4269707442637114	23445000
chr6	23450000	23460000	2.125107136628019	23455000
chr6	23460000	23470000	1.0718324529147174	23465000
chr6	23470000	23480000	0.45555497706566916	23475000
chr6	23480000	23490000	0.5763700181733191	23485000
chr6	23490000	23500000	0.970775183507182	23495000
chr6	23500000	23510000	2.7435533478128145	23505000
chr6	23510000	23520000	17.58387481053224	23515000
chr6	23520000	23530000	1.0312491449918486	23525000
chr6	23530000	23540000	1.3415419299493674	23535000
chr6	23540000	23550000	3.8327660859842774	23545000
chr6	23550000	23560000	6.880745934969128	23555000
chr6	23560000	23570000	1.302953116155271	23565000
chr6	23570000	23580000	6.815787479249623	23575000
chr6	23580000	23590000	1.7860567582753142	23585000
chr6	23590000	23600000	3.442919232501016	23595000
chr6	23600000	23610000	1.917875638733512	23605000
chr6	23610000	23620000	3.675578409606602	23615000
chr6	23620000	23630000	1.1900641977297743	23625000
chr6	23630000	23640000	0.5605222485254131	23635000
chr6	23640000	23650000	0.4835046394042719	23645000
chr6	23650000	23660000	1.7955543282680655	23655000
chr6	23660000	23670000	1.211511877012966	23665000
chr6	23670000	23680000	1.5004631992951898	23675000
chr6	23680000	23690000	1.0297492982028444	23685000
chr6	23690000	23700000	4.904684591401303	23695000
chr6	23700000	23710000	5.288312758222425	23705000
chr6	23710000	23720000	3.18540237098575	23715000
chr6	23720000	23730000	1.6950308978238005	23725000
chr6	23730000	23740000	3.668628380454115	23735000
chr6	23740000	23750000	1.3528234357987092	23745000
chr6	23750000	23760000	0.9202289523874027	23755000
chr6	23760000	23770000	1.689712741549261	23765000
chr6	23770000	23780000	0.8519556806721111	23775000
chr6	23780000	23790000	1.2502881297162567	23785000
chr6	23790000	23800000	3.0335405865877223	23795000
chr6	23800000	23810000	3.5859344110421465	23805000
chr6	23810000	23820000	1.3348621840838004	23815000
chr6	23820000	23830000	0.964644337028447	23825000
chr6	23830000	23840000	0.6497666033412323	23835000
chr6	23840000	23850000	0.6381616194073984	23845000
chr6	23850000	23860000	1.4065620236342027	23855000
chr6	23860000	23870000	10.076692197224883	23865000
chr6	23870000	23880000	3.0554984234740834	23875000
chr6	23880000	23890000	1.4659432253809899	23885000
chr6	23890000	23900000	0.9090572596374228	23895000
chr6	23900000	23910000	6.61150234618868	23905000
chr6	23910000	23920000	4.4860862088588025	23915000
chr6	23920000	23930000	1.8694956625486616	23925000
chr6	23930000	23940000	1.6716597963755955	23935000
chr6	23940000	23950000	4.9334507105627035	23945000
chr6	23950000	23960000	10.30765754643186	23955000
chr6	23960000	23970000	2.2944968013800753	23965000
chr6	23970000	23980000	1.3814298627096915	23975000
chr6	23980000	23990000	0.9655828055902496	23985000
chr6	23990000	24000000	0.37031236186924193	23995000
chr6	24000000	24010000	1.1419105813865658	24005000
chr6	24010000	24020000	0.589685408403367	24015000
chr6	24020000	24030000	1.0011355933626678	24025000
chr6	24030000	24040000	0.9271130872345946	24035000
chr6	24040000	24050000	0.9363532225508296	24045000
chr6	24050000	24060000	1.086406305657631	24055000
chr6	24060000	24070000	0.4257916714889781	24065000
chr6	24070000	24080000	0.7933976875749739	24075000
chr6	24080000	24090000	1.076585522388702	24085000
chr6	24090000	24100000	4.471583778623008	24095000
chr6	24100000	24110000	5.887080233356658	24105000
chr6	24110000	24120000	2.636313064192666	24115000
chr6	24120000	24130000	4.466767358872253	24125000
chr6	24130000	24140000	0.8929430423167006	24135000
chr6	24140000	24150000	0.939075721965732	24145000
chr6	24150000	24160000	2.2651983824377266	24155000
chr6	24160000	24170000	1.57874924674249	24165000
chr6	24170000	24180000	1.770000767320386	24175000
chr6	24180000	24190000	0.6348632752468927	24185000
chr6	24190000	24200000	0.706583642568054	24195000
chr6	24200000	24210000	0.34912309714189155	24205000
chr6	24210000	24220000	3.5867344740561364	24215000
chr6	24220000	24230000	0.6981091332046246	24225000
chr6	24230000	24240000	0.9069943482148631	24235000
chr6	24240000	24250000	3.7568955825572368	24245000
chr6	24250000	24260000	3.109650516080018	24255000
chr6	24260000	24270000	0.5676760400477449	24265000
chr6	24270000	24280000	8.077707446462085	24275000
chr6	24280000	24290000	0.829981072971083	24285000
chr6	24290000	24300000	1.5049988659871847	24295000
chr6	24300000	24310000	0.5258574387498042	24305000
chr6	24310000	24320000	0.6758637959411392	24315000
chr6	24320000	24330000	0.333301165916751	24325000
chr6	24330000	24340000	0.5032528925083294	24335000
chr6	24340000	24350000	0.9569831934108223	24345000
chr6	24350000	24360000	5.395380671028517	24355000
chr6	24360000	24370000	0.9077145423802128	24365000
chr6	24370000	24380000	3.0398958832979424	24375000
chr6	24380000	24390000	1.1708802711429034	24385000
chr6	24390000	24400000	0.8519185297317764	24395000
chr6	24400000	24410000	2.77527006822761	24405000
chr6	24410000	24420000	8.431356108164852	24415000
chr6	24420000	24430000	4.912598470384782	24425000
chr6	24430000	24440000	7.778107040435257	24435000
chr6	24440000	24450000	1.703784890087834	24445000
chr6	24450000	24460000	2.8346991039752303	24455000
chr6	24460000	24470000	7.3160871760452	24465000
chr6	24470000	24480000	1.5126195740995538	24475000
chr6	24480000	24490000	3.3034930553684596	24485000
chr6	24490000	24500000	7.389997251535354	24495000
chr6	24500000	24510000	2.6871464530025126	24505000
chr6	24510000	24520000	4.122224912781344	24515000
chr6	24520000	24530000	5.474179404685203	24525000
chr6	24530000	24540000	8.184605426619441	24535000
chr6	24540000	24550000	11.200661075934205	24545000
chr6	24550000	24560000	9.478220868645671	24555000
chr6	24560000	24570000	3.8530250859585315	24565000
chr6	24570000	24580000	2.1394578026665476	24575000
chr6	24580000	24590000	2.386533316809006	24585000
chr6	24590000	24600000	2.6384640187190227	24595000
chr6	24600000	24610000	2.20287464762848	24605000
chr6	24610000	24620000	2.0215605594893526	24615000
chr6	24620000	24630000	2.2721499294974774	24625000
chr6	24630000	24640000	2.155033729414503	24635000
chr6	24640000	24650000	1.8441988489703642	24645000
chr6	24650000	24660000	2.2184304993953523	24655000
chr6	24660000	24670000	2.4738802794630237	24665000
chr6	24670000	24680000	1.9864926803171787	24675000
chr6	24680000	24690000	3.096645671638275	24685000
chr6	24690000	24700000	1.0240176928149296	24695000
chr6	24700000	24710000	2.9417099437870147	24705000
chr6	24710000	24720000	2.135138145225131	24715000
chr6	24720000	24730000	1.9746275000739795	24725000
chr6	24730000	24740000	2.168612635797823	24735000
chr6	24740000	24750000	10.43366918537844	24745000
chr6	24750000	24760000	5.510569204718874	24755000
chr6	24760000	24770000	2.444230135082325	24765000
chr6	24770000	24780000	11.977424411250789	24775000
chr6	24780000	24790000	3.9092026282909487	24785000
chr6	24790000	24800000	2.22536548557054	24795000
chr6	24800000	24810000	16.90367931910377	24805000
chr6	24810000	24820000	1.6659786770829872	24815000
chr6	24820000	24830000	2.3801458587513653	24825000
chr6	24830000	24840000	3.8655816649846293	24835000
chr6	24840000	24850000	2.5664138414982016	24845000
chr6	24850000	24860000	7.452271263527574	24855000
chr6	24860000	24870000	3.426838230703629	24865000
chr6	24870000	24880000	3.1708883635986886	24875000
chr6	24880000	24890000	5.879375651622629	24885000
chr6	24890000	24900000	7.3475828076640175	24895000
chr6	24900000	24910000	2.6066118876649123	24905000
chr6	24910000	24920000	3.091206915863327	24915000
chr6	24920000	24930000	1.9075668175070728	24925000
chr6	24930000	24940000	6.492571905573689	24935000
chr6	24940000	24950000	5.838521794591373	24945000
chr6	24950000	24960000	3.357282216016192	24955000
chr6	24960000	24970000	2.053020209033615	24965000
chr6	24970000	24980000	2.5171705639389477	24975000
chr6	24980000	24990000	2.2119768608515202	24985000
chr6	24990000	25000000	2.2492178751125707	24995000
chr6	25000000	25010000	2.1757980717886443	25005000
chr6	25010000	25020000	3.440428759958076	25015000
chr6	25020000	25030000	9.122943139257663	25025000
chr6	25030000	25040000	12.420087000045088	25035000
chr6	25040000	25050000	2.9580704231989343	25045000
chr6	25050000	25060000	7.078615979383298	25055000
chr6	25060000	25070000	2.455336736632516	25065000
chr6	25070000	25080000	7.015110282016209	25075000
chr6	25080000	25090000	0.9054124345430205	25085000
chr6	25090000	25100000	0.35570063190682993	25095000
chr6	25100000	25110000	0.2527296285551533	25105000
chr6	25110000	25120000	0.2935471360526355	25115000
chr6	25120000	25130000	0.2741846820826965	25125000
chr6	25130000	25140000	0.30005568814352435	25135000
chr6	25140000	25150000	0.4695763302174697	25145000
chr6	25150000	25160000	0.3556028102493648	25155000
chr6	25160000	25170000	1.300782752154067	25165000
chr6	25170000	25180000	0.6912808282112796	25175000
chr6	25180000	25190000	0.5944722016421953	25185000
chr6	25190000	25200000	2.5056111446810387	25195000
chr6	25200000	25210000	0.5210736394040956	25205000
chr6	25210000	25220000	3.4941800895930157	25215000
chr6	25220000	25230000	0.6871248161169923	25225000
chr6	25230000	25240000	6.658144161942146	25235000
chr6	25240000	25250000	1.605022603540389	25245000
chr6	25250000	25260000	0.47005487145411323	25255000
chr6	25260000	25270000	0.9005590149651521	25265000
chr6	25270000	25280000	0.6884738960651617	25275000
chr6	25280000	25290000	1.2764867698340117	25285000
chr6	25290000	25300000	0.5039249473474758	25295000
chr6	25300000	25310000	0.7257998711979674	25305000
chr6	25310000	25320000	5.39577308166745	25315000
chr6	25320000	25330000	4.890373241102964	25325000
chr6	25330000	25340000	0.7613621591292646	25335000
chr6	25340000	25350000	0.6333402974574321	25345000
chr6	25350000	25360000	0.612540223592893	25355000
chr6	25360000	25370000	0.9078480791208771	25365000
chr6	25370000	25380000	1.8875179630713084	25375000
chr6	25380000	25390000	1.4296300342972528	25385000
chr6	25390000	25400000	2.1598248918871334	25395000
chr6	25400000	25410000	2.9339744995148385	25405000
chr6	25410000	25420000	1.6917046169888974	25415000
chr6	25420000	25430000	1.731177940749605	25425000
chr6	25430000	25440000	1.709542081566222	25435000
chr6	25440000	25450000	0.9112880959067272	25445000
chr6	25450000	25460000	2.0539569038348886	25455000
chr6	25460000	25470000	0.599046642870112	25465000
chr6	25470000	25480000	1.2513344425772734	25475000
chr6	25480000	25490000	1.8543030564241878	25485000
chr6	25490000	25500000	1.5238705887124118	25495000
chr6	25500000	25510000	1.9637204614860406	25505000
chr6	25510000	25520000	2.6283614692183153	25515000
chr6	25520000	25530000	1.1518351329808276	25525000
chr6	25530000	25540000	0.7414519841986905	25535000
chr6	25540000	25550000	0.714702823584656	25545000
chr6	25550000	25560000	3.576892516795663	25555000
chr6	25560000	25570000	4.126168865782378	25565000
chr6	25570000	25580000	0.9871953852839529	25575000
chr6	25580000	25590000	4.417728896111963	25585000
chr6	25590000	25600000	2.076785384715839	25595000
chr6	25600000	25610000	6.228737159251911	25605000
chr6	25610000	25620000	3.6878466899925044	25615000
chr6	25620000	25630000	2.0669244406369285	25625000
chr6	25630000	25640000	2.6260057270670196	25635000
chr6	25640000	25650000	3.298875209758206	25645000
chr6	25650000	25660000	3.024785805143554	25655000
chr6	25660000	25670000	1.6259283693378255	25665000
chr6	25670000	25680000	0.295966302858695	25675000
chr6	25680000	25690000	0.16859722024572046	25685000
chr6	25690000	25700000	0.21249897500765408	25695000
chr6	25700000	25710000	0.16389103799845103	25705000
chr6	25710000	25720000	0.3707077906648973	25715000
chr6	25720000	25730000	1.6547347933179917	25725000
chr6	25730000	25740000	4.913696412250633	25735000
chr6	25740000	25750000	3.805140555787077	25745000
chr6	25750000	25760000	1.9950929665421044	25755000
chr6	25760000	25770000	2.7596587919888145	25765000
chr6	25770000	25780000	2.288468140687055	25775000
chr6	25780000	25790000	2.1848649790870414	25785000
chr6	25790000	25800000	1.6162829289180158	25795000
chr6	25800000	25810000	0.5389510159978829	25805000
chr6	25810000	25820000	0.19548587012858226	25815000
chr6	25820000	25830000	0.7593530872056636	25825000
chr6	25830000	25840000	4.762909416482453	25835000
chr6	25840000	25850000	3.3154470609366853	25845000
chr6	25850000	25860000	3.1902451158577603	25855000
chr6	25860000	25870000	2.0121360818612635	25865000
chr6	25870000	25880000	4.396790579189153	25875000
chr6	25880000	25890000	1.4625699903817984	25885000
chr6	25890000	25900000	2.3295431605480457	25895000
chr6	25900000	25910000	3.516308083174571	25905000
chr6	25910000	25920000	1.7155667007156143	25915000
chr6	25920000	25930000	3.1571027971090273	25925000
chr6	25930000	25940000	1.8395109332496502	25935000
chr6	25940000	25950000	1.3437852909850794	25945000
chr6	25950000	25960000	1.5217216384517864	25955000
chr6	25960000	25970000	2.4847005892920544	25965000
chr6	25970000	25980000	1.5342961945683622	25975000
chr6	25980000	25990000	2.4376983589569856	25985000
chr6	25990000	26000000	2.0817175060683955	25995000
chr6	26000000	26010000	3.6578683352099137	26005000
chr6	26010000	26020000	2.491168153072229	26015000
chr6	26020000	26030000	3.361664144948581	26025000
chr6	26030000	26040000	11.914435769461805	26035000
chr6	26040000	26050000	2.0988337844541682	26045000
chr6	26050000	26060000	2.6344923062134105	26055000
chr6	26060000	26070000	1.803966440826578	26065000
chr6	26070000	26080000	0.9811857155387078	26075000
chr6	26080000	26090000	7.932869294659474	26085000
chr6	26090000	26100000	0.7362147718853276	26095000
chr6	26100000	26110000	0.8634345944352376	26105000
chr6	26110000	26120000	1.0128724481334819	26115000
chr6	26120000	26130000	1.7536409847084355	26125000
chr6	26130000	26140000	5.225710202685049	26135000
chr6	26140000	26150000	0.9501741339826664	26145000
chr6	26150000	26160000	1.6390379060085154	26155000
chr6	26160000	26170000	1.3204836763955812	26165000
chr6	26170000	26180000	4.04884005921918	26175000
chr6	26180000	26190000	1.768094031296382	26185000
chr6	26190000	26200000	2.0304781264889713	26195000
chr6	26200000	26210000	4.086481124203477	26205000
chr6	26210000	26220000	4.0112707109842995	26215000
chr6	26220000	26230000	4.418091462191642	26225000
chr6	26230000	26240000	4.115762758766896	26235000
chr6	26240000	26250000	3.5326136460788526	26245000
chr6	26250000	26260000	1.7848340364332225	26255000
chr6	26260000	26270000	2.2167360376468914	26265000
chr6	26270000	26280000	0.7309126739874046	26275000
chr6	26280000	26290000	1.0004289517114473	26285000
chr6	26290000	26300000	5.5689351062617085	26295000
chr6	26300000	26310000	1.4028054091029591	26305000
chr6	26310000	26320000	1.046494984121377	26315000
chr6	26320000	26330000	2.721413174387601	26325000
chr6	26330000	26340000	1.1085483243163754	26335000
chr6	26340000	26350000	1.5145185751631298	26345000
chr6	26350000	26360000	4.528568081146405	26355000
chr6	26360000	26370000	0.8937229240785044	26365000
chr6	26370000	26380000	2.965338812028763	26375000
chr6	26380000	26390000	0.03968904876229552	26385000
chr6	26450000	26460000	0.9387765250545013	26455000
chr6	26510000	26520000	1.2857553410689149	26515000
chr6	26520000	26530000	1.261685976551402	26525000
chr6	26530000	26540000	1.2531423524264729	26535000
chr6	26540000	26550000	1.3974197527777994	26545000
chr6	26550000	26560000	0.6819477360529027	26555000
chr6	26560000	26570000	0.35135343882967185	26565000
chr6	26570000	26580000	0.3495445193531687	26575000
chr6	26580000	26590000	1.3178098076249916	26585000
chr6	26590000	26600000	5.066108996914422	26595000
chr6	26600000	26610000	0.5217824794934844	26605000
chr6	26610000	26620000	1.3416565140126377	26615000
chr6	26620000	26630000	8.998967755034846	26625000
chr6	26630000	26640000	3.9710022386682406	26635000
chr6	26640000	26650000	3.817661191419428	26645000
chr6	26650000	26660000	4.375115953115179	26655000
chr6	26660000	26670000	4.128374079698147	26665000
chr6	26670000	26680000	3.484122579054213	26675000
chr6	26680000	26690000	4.64180581356898	26685000
chr6	26690000	26700000	3.6983055730575485	26695000
chr6	26700000	26710000	1.494382149546546	26705000
chr6	26710000	26720000	2.025374309737636	26715000
chr6	26720000	26730000	1.4364007195009025	26725000
chr6	26730000	26740000	1.366541025850487	26735000
chr6	26740000	26750000	2.9481799065659313	26745000
chr6	26750000	26760000	7.2589054580576455	26755000
chr6	26760000	26770000	1.2260557418608238	26765000
chr6	26770000	26780000	0.19438361008845834	26775000
chr6	26780000	26790000	0.30667046420037664	26785000
chr6	26790000	26800000	1.0735235012807127	26795000
chr6	26800000	26810000	0.3005941528853139	26805000
chr6	26810000	26820000	0.6923268237866622	26815000
chr6	26820000	26830000	0.5553612946221085	26825000
chr6	26830000	26840000	1.1755232040898818	26835000
chr6	26840000	26850000	4.736692280047056	26845000
chr6	26850000	26860000	1.3284606661495564	26855000
chr6	26860000	26870000	1.1785192273652008	26865000
chr6	26870000	26880000	1.4762228645976663	26875000
chr6	26880000	26890000	1.16364437876189	26885000
chr6	26890000	26900000	1.2009521557366793	26895000
chr6	26900000	26910000	2.2245957853252643	26905000
chr6	26910000	26920000	1.3901200459321699	26915000
chr6	26920000	26930000	2.6565538657973096	26925000
chr6	26930000	26940000	14.811838406283591	26935000
chr6	26940000	26950000	0.6614860748091684	26945000
chr6	26950000	26960000	1.006231127066021	26955000
chr6	26960000	26970000	3.2621594782371703	26965000
chr6	26970000	26980000	5.855685018076795	26975000
chr6	26980000	26990000	3.4377204121352993	26985000
chr6	26990000	27000000	2.097188436084576	26995000
chr6	27000000	27010000	6.986312053371241	27005000
chr6	27010000	27020000	2.4037788515241982	27015000
chr6	27020000	27030000	3.593262048700875	27025000
chr6	27030000	27040000	1.8149662934011914	27035000
chr6	27040000	27050000	0.99678515199906	27045000
chr6	27050000	27060000	1.7384549092513033	27055000
chr6	27060000	27070000	3.534817325289601	27065000
chr6	27070000	27080000	1.4444582882079793	27075000
chr6	27080000	27090000	1.5076446899071012	27085000
chr6	27090000	27100000	4.4474094194849165	27095000
chr6	27100000	27110000	1.257423072414603	27105000
chr6	27110000	27120000	1.3219657243956946	27115000
chr6	27120000	27130000	1.6520777412586836	27125000
chr6	27130000	27140000	3.532212174220971	27135000
chr6	27140000	27150000	4.994278007465097	27145000
chr6	27150000	27160000	2.3545753926997883	27155000
chr6	27160000	27170000	1.5861554672200004	27165000
chr6	27170000	27180000	1.4713782449642683	27175000
chr6	27180000	27190000	2.387737672827035	27185000
chr6	27190000	27200000	2.945263987340246	27195000
chr6	27200000	27210000	3.2560628811892087	27205000
chr6	27210000	27220000	3.132934358340635	27215000
chr6	27220000	27230000	2.7303072770269337	27225000
chr6	27230000	27240000	6.371055877950225	27235000
chr6	27240000	27250000	2.4805812870653803	27245000
chr6	27250000	27260000	1.473831534656727	27255000
chr6	27260000	27270000	1.830578359319161	27265000
chr6	27270000	27280000	1.6572651707284125	27275000
chr6	27280000	27290000	3.6874416196398907	27285000
chr6	27290000	27300000	0.6238870838405177	27295000
chr6	27300000	27310000	0.8440502388184048	27305000
chr6	27310000	27320000	3.88658368740951	27315000
chr6	27320000	27330000	2.6918770320222047	27325000
chr6	27330000	27340000	0.9425865312784123	27335000
chr6	27340000	27350000	0.6038262050696722	27345000
chr6	27350000	27360000	0.8588368568111682	27355000
chr6	27360000	27370000	1.51476801334166	27365000
chr6	27370000	27380000	5.631547793109644	27375000
chr6	27380000	27390000	4.241108415198582	27385000
chr6	27390000	27400000	4.2813824553849	27395000
chr6	27400000	27410000	2.841319357849425	27405000
chr6	27410000	27420000	2.146373088482569	27415000
chr6	27420000	27430000	1.5446262038777767	27425000
chr6	27430000	27440000	1.4326477779258864	27435000
chr6	27440000	27450000	1.3942642343874516	27445000
chr6	27450000	27460000	1.894129196136216	27455000
chr6	27460000	27470000	3.036655376460829	27465000
chr6	27470000	27480000	4.461047133476876	27475000
chr6	27480000	27490000	3.705616552789181	27485000
chr6	27490000	27500000	2.1373287570158834	27495000
chr6	27500000	27510000	2.3763299538010765	27505000
chr6	27510000	27520000	5.555152448630799	27515000
chr6	27520000	27530000	2.78415390284544	27525000
chr6	27530000	27540000	7.465527531013793	27535000
chr6	27540000	27550000	6.625693863785427	27545000
chr6	27550000	27560000	5.616710821007741	27555000
chr6	27560000	27570000	3.2346471041573044	27565000
chr6	27570000	27580000	2.352433189651283	27575000
chr6	27580000	27590000	13.024797313368094	27585000
chr6	27590000	27600000	1.5603385507971612	27595000
chr6	27600000	27610000	1.9026966575853852	27605000
chr6	27610000	27620000	3.4469021435104756	27615000
chr6	27620000	27630000	3.9439347847892403	27625000
chr6	27630000	27640000	3.9721152305109575	27635000
chr6	27640000	27650000	2.1075212536056163	27645000
chr6	27650000	27660000	2.0262021796325578	27655000
chr6	27660000	27670000	11.070620584821825	27665000
chr6	27670000	27680000	3.5917802293674046	27675000
chr6	27680000	27690000	3.1153095032518907	27685000
chr6	27690000	27700000	5.999570776092735	27695000
chr6	27700000	27710000	4.362376930300309	27705000
chr6	27710000	27720000	5.377506543166834	27715000
chr6	27720000	27730000	6.415825725950198	27725000
chr6	27730000	27740000	3.451576729690071	27735000
chr6	27740000	27750000	3.0776638107886987	27745000
chr6	27750000	27760000	4.206841195407853	27755000
chr6	27760000	27770000	2.8108837730236576	27765000
chr6	27770000	27780000	3.1586608968824406	27775000
chr6	27780000	27790000	2.3132798698031167	27785000
chr6	27790000	27800000	2.6100282541172497	27795000
chr6	27800000	27810000	2.0817330126765317	27805000
chr6	27810000	27820000	1.062482466229157	27815000
chr6	27820000	27830000	1.4819258838359004	27825000
chr6	27830000	27840000	1.5019354379127898	27835000
chr6	27840000	27850000	4.145016350623778	27845000
chr6	27850000	27860000	1.5587101292079917	27855000
chr6	27860000	27870000	2.7876032676433873	27865000
chr6	27870000	27880000	0.48733365581724974	27875000
chr6	27880000	27890000	0.9690371752494211	27885000
chr6	27890000	27900000	1.0075951509943701	27895000
chr6	27900000	27910000	1.3265148695956372	27905000
chr6	27910000	27920000	11.481578853029488	27915000
chr6	27920000	27930000	2.200714943030745	27925000
chr6	27930000	27940000	2.268117538710453	27935000
chr6	27940000	27950000	2.7787660691921614	27945000
chr6	27950000	27960000	3.855237232123656	27955000
chr6	27960000	27970000	6.7256107980968425	27965000
chr6	27970000	27980000	1.9302262681731481	27975000
chr6	27980000	27990000	2.420601294595219	27985000
chr6	27990000	28000000	1.809345283741553	27995000
chr6	28000000	28010000	2.688582455265017	28005000
chr6	28010000	28020000	2.2627023696871653	28015000
chr6	28020000	28030000	4.1251853636204405	28025000
chr6	28030000	28040000	3.6088196469989255	28035000
chr6	28040000	28050000	7.447042616738094	28045000
chr6	28050000	28060000	2.521963345042865	28055000
chr6	28060000	28070000	2.8102428371288437	28065000
chr6	28070000	28080000	3.1165252353172503	28075000
chr6	28080000	28090000	1.7088033597032106	28085000
chr6	28090000	28100000	1.0803259500719593	28095000
chr6	28100000	28110000	3.1708212629852306	28105000
chr6	28110000	28120000	1.9791123745283037	28115000
chr6	28120000	28130000	12.756563594682428	28125000
chr6	28130000	28140000	6.973365908983319	28135000
chr6	28140000	28150000	2.2357234164150848	28145000
chr6	28150000	28160000	5.279743910612696	28155000
chr6	28160000	28170000	5.514618708095814	28165000
chr6	28170000	28180000	8.319079643486216	28175000
chr6	28180000	28190000	2.5152695228177726	28185000
chr6	28190000	28200000	3.494010322392666	28195000
chr6	28200000	28210000	7.628657569739339	28205000
chr6	28210000	28220000	1.467397178717612	28215000
chr6	28220000	28230000	1.2074676909553124	28225000
chr6	28230000	28240000	1.8106754869448964	28235000
chr6	28240000	28250000	1.6696831722211642	28245000
chr6	28250000	28260000	0.9862570580361196	28255000
chr6	28260000	28270000	0.6839009122941343	28265000
chr6	28270000	28280000	0.6477195651220333	28275000
chr6	28280000	28290000	1.064502387699375	28285000
chr6	28290000	28300000	9.190831782589356	28295000
chr6	28300000	28310000	8.381457768083058	28305000
chr6	28310000	28320000	9.703042937777298	28315000
chr6	28320000	28330000	2.809115974155287	28325000
chr6	28330000	28340000	1.4189425248730634	28335000
chr6	28340000	28350000	1.2361579337551423	28345000
chr6	28350000	28360000	1.2461952395294236	28355000
chr6	28360000	28370000	0.8935153856875396	28365000
chr6	28370000	28380000	0.6830260442292783	28375000
chr6	28380000	28390000	2.097532555818987	28385000
chr6	28390000	28400000	1.638229776328597	28395000
chr6	28400000	28410000	2.9243344956376736	28405000
chr6	28410000	28420000	2.706974626928359	28415000
chr6	28420000	28430000	2.5890211528929488	28425000
chr6	28430000	28440000	3.362580577535978	28435000
chr6	28440000	28450000	8.410026462744467	28445000
chr6	28450000	28460000	2.8522997638322827	28455000
chr6	28460000	28470000	5.994409578687038	28465000
chr6	28470000	28480000	5.208328320502111	28475000
chr6	28480000	28490000	1.1805198471432037	28485000
chr6	28490000	28500000	1.792684852852445	28495000
chr6	28500000	28510000	1.399317977781688	28505000
chr6	28510000	28520000	1.5343551458436755	28515000
chr6	28520000	28530000	2.0265075531141856	28525000
chr6	28530000	28540000	3.018693214585963	28535000
chr6	28540000	28550000	2.7095698402369752	28545000
chr6	28550000	28560000	1.6499008045388084	28555000
chr6	28560000	28570000	13.76230595771573	28565000
chr6	28570000	28580000	3.3840828412047332	28575000
chr6	28580000	28590000	3.590990666130829	28585000
chr6	28590000	28600000	1.7924736363432323	28595000
chr6	28600000	28610000	1.6957153804140552	28605000
chr6	28610000	28620000	3.435293996532654	28615000
chr6	28620000	28630000	8.995363413262183	28625000
chr6	28630000	28640000	1.512425269366749	28635000
chr6	28640000	28650000	5.2044975840815075	28645000
chr6	28650000	28660000	3.020135139787933	28655000
chr6	28660000	28670000	1.976115164150466	28665000
chr6	28670000	28680000	3.148551469728709	28675000
chr6	28680000	28690000	2.61087828814786	28685000
chr6	28690000	28700000	1.884015740267876	28695000
chr6	28700000	28710000	2.6679935525134244	28705000
chr6	28710000	28720000	2.235437697096452	28715000
chr6	28720000	28730000	1.9587939449224954	28725000
chr6	28730000	28740000	1.8705236837582477	28735000
chr6	28740000	28750000	1.5349386065495103	28745000
chr6	28750000	28760000	4.501472408676096	28755000
chr6	28760000	28770000	3.124748708167878	28765000
chr6	28770000	28780000	3.38014847669107	28775000
chr6	28780000	28790000	1.6174194699013467	28785000
chr6	28790000	28800000	2.2938013861733033	28795000
chr6	28800000	28810000	1.92253312550233	28805000
chr6	28810000	28820000	2.302761385604417	28815000
chr6	28820000	28830000	1.2627769649520526	28825000
chr6	28830000	28840000	1.016686617054446	28835000
chr6	28840000	28850000	2.2301736674907673	28845000
chr6	28850000	28860000	3.258265858278413	28855000
chr6	28860000	28870000	1.3196816842411558	28865000
chr6	28870000	28880000	1.2721752796912464	28875000
chr6	28880000	28890000	4.539745947915426	28885000
chr6	28890000	28900000	4.419893394196006	28895000
chr6	28900000	28910000	1.2711981352908293	28905000
chr6	28910000	28920000	2.7785552555940463	28915000
chr6	28920000	28930000	10.72895325933232	28925000
chr6	28930000	28940000	1.255573650000753	28935000
chr6	28940000	28950000	2.965882106153861	28945000
chr6	28950000	28960000	1.001825215749355	28955000
chr6	28960000	28970000	0.9222924303216384	28965000
chr6	28970000	28980000	0.24112046310522423	28975000
chr6	28980000	28990000	3.7681769891953887	28985000
chr6	28990000	29000000	1.906410802380498	28995000
chr6	29000000	29010000	5.1194443270536825	29005000
chr6	29010000	29020000	8.67983515168814	29015000
chr6	29020000	29030000	3.787544870565566	29025000
chr6	29030000	29040000	4.482771770777533	29035000
chr6	29040000	29050000	4.765190903218515	29045000
chr6	29050000	29060000	1.966013390906521	29055000
chr6	29060000	29070000	3.4350356103269433	29065000
chr6	29070000	29080000	2.3075743924497862	29075000
chr6	29080000	29090000	3.0143698448681535	29085000
chr6	29090000	29100000	2.1798841236835758	29095000
chr6	29100000	29110000	1.2158050542533796	29105000
chr6	29110000	29120000	1.3940990218531328	29115000
chr6	29120000	29130000	6.948037587310009	29125000
chr6	29130000	29140000	2.5175432246533513	29135000
chr6	29140000	29150000	5.636851349538399	29145000
chr6	29150000	29160000	3.3488029323312323	29155000
chr6	29160000	29170000	4.3342092879924	29165000
chr6	29170000	29180000	2.8881076728400896	29175000
chr6	29180000	29190000	8.299120231014	29185000
chr6	29190000	29200000	4.547449877775269	29195000
chr6	29200000	29210000	5.330742036194419	29205000
chr6	29210000	29220000	6.6473757385485	29215000
chr6	29220000	29230000	3.6993464876890303	29225000
chr6	29230000	29240000	1.0763254526771102	29235000
chr6	29240000	29250000	1.0413861191933504	29245000
chr6	29250000	29260000	6.0021261873507505	29255000
chr6	29260000	29270000	7.236320191143057	29265000
chr6	29270000	29280000	2.76061729511298	29275000
chr6	29280000	29290000	1.0073819815969542	29285000
chr6	29290000	29300000	1.8069437995133182	29295000
chr6	29300000	29310000	2.0019630900604617	29305000
chr6	29310000	29320000	1.6148571428191814	29315000
chr6	29320000	29330000	1.5859458431202864	29325000
chr6	29330000	29340000	2.7046950159757195	29335000
chr6	29340000	29350000	2.447938816741088	29345000
chr6	29350000	29360000	2.9914599000621362	29355000
chr6	29360000	29370000	7.192038576031902	29365000
chr6	29370000	29380000	3.593403328843593	29375000
chr6	29380000	29390000	3.9856137498334485	29385000
chr6	29390000	29400000	2.326886208337825	29395000
chr6	29400000	29410000	4.05931606419443	29405000
chr6	29410000	29420000	1.4145692120659243	29415000
chr6	29420000	29430000	2.490571190721063	29425000
chr6	29430000	29440000	2.9892367405934355	29435000
chr6	29440000	29450000	3.4129691754565754	29445000
chr6	29450000	29460000	10.431098602438626	29455000
chr6	29460000	29470000	3.0286248898074017	29465000
chr6	29470000	29480000	19.731553748784684	29475000
chr6	29480000	29490000	14.966037904058979	29485000
chr6	29490000	29500000	6.330389129585173	29495000
chr6	29500000	29510000	11.54714966127108	29505000
chr6	29510000	29520000	7.588355390163997	29515000
chr6	29520000	29530000	16.08641403724227	29525000
chr6	29530000	29540000	6.803729902378474	29535000
chr6	29540000	29550000	11.674180378351625	29545000
chr6	29550000	29560000	10.198203511895034	29555000
chr6	29560000	29570000	7.052268904398888	29565000
chr6	29570000	29580000	6.145839480915021	29575000
chr6	29580000	29590000	5.012024537444955	29585000
chr6	29590000	29600000	3.6708491064597495	29595000
chr6	29600000	29610000	3.130303624044947	29605000
chr6	29610000	29620000	12.189270021754973	29615000
chr6	29620000	29630000	4.437298161824135	29625000
chr6	29630000	29640000	5.550120788466139	29635000
chr6	29640000	29650000	5.716707248206176	29645000
chr6	29650000	29660000	4.3372447447236615	29655000
chr6	29660000	29670000	6.044314021606145	29665000
chr6	29670000	29680000	5.674705619038227	29675000
chr6	29680000	29690000	5.809177988244102	29685000
chr6	29690000	29700000	4.2976484262756385	29695000
chr6	29700000	29710000	2.615413626937268	29705000
chr6	29710000	29720000	4.987197285364861	29715000
chr6	29720000	29730000	5.9102360335582	29725000
chr6	29730000	29740000	3.2524828926672242	29735000
chr6	29740000	29750000	4.684125655590979	29745000
chr6	29750000	29760000	5.582025615316703	29755000
chr6	29760000	29770000	3.2762189295466673	29765000
chr6	29770000	29780000	7.820244824152409	29775000
chr6	29780000	29790000	5.669648190904855	29785000
chr6	29790000	29800000	6.170673074885674	29795000
chr6	29800000	29810000	8.410915203418817	29805000
chr6	29810000	29820000	4.73117253590848	29815000
chr6	29820000	29830000	3.1586960139516984	29825000
chr6	29830000	29840000	3.5373311485246406	29835000
chr6	29840000	29850000	4.617777812432504	29845000
chr6	29850000	29860000	2.678519935041322	29855000
chr6	29860000	29870000	4.713215789039017	29865000
chr6	29870000	29880000	1.997778195453725	29875000
chr6	29880000	29890000	2.0754796328823075	29885000
chr6	29890000	29900000	2.5580791521379855	29895000
chr6	29900000	29910000	4.626361331296559	29905000
chr6	29910000	29920000	2.2346083106190857	29915000
chr6	29920000	29930000	9.267728670574687	29925000
chr6	29930000	29940000	2.943775173305498	29935000
chr6	29940000	29950000	2.501020376098058	29945000
chr6	29950000	29960000	2.514018382003185	29955000
chr6	29960000	29970000	2.657648472902697	29965000
chr6	29970000	29980000	11.426159506179252	29975000
chr6	29980000	29990000	7.495512979886015	29985000
chr6	29990000	30000000	7.691795344864639	29995000
chr6	30000000	30010000	4.451334303639474	30005000
chr6	30010000	30020000	5.790464400725702	30015000
chr6	30020000	30030000	6.064041603204188	30025000
chr6	30030000	30040000	4.325560759838345	30035000
chr6	30040000	30050000	3.044194333997972	30045000
chr6	30050000	30060000	12.53834761439942	30055000
chr6	30060000	30070000	5.360001129811963	30065000
chr6	30070000	30080000	2.2316206052147676	30075000
chr6	30080000	30090000	4.504924582137707	30085000
chr6	30090000	30100000	5.310910908585777	30095000
chr6	30100000	30110000	2.2324278171142393	30105000
chr6	30110000	30120000	1.5251993278805145	30115000
chr6	30120000	30130000	0.7239508894302956	30125000
chr6	30130000	30140000	2.0837251672361816	30135000
chr6	30140000	30150000	6.818583029450925	30145000
chr6	30150000	30160000	2.9493843420506747	30155000
chr6	30160000	30170000	3.9661590622934413	30165000
chr6	30170000	30180000	6.289654005297314	30175000
chr6	30180000	30190000	2.4934523700491056	30185000
chr6	30190000	30200000	1.530700545516262	30195000
chr6	30200000	30210000	1.7584508155674061	30205000
chr6	30210000	30220000	3.424671543245315	30215000
chr6	30220000	30230000	2.6728103778583723	30225000
chr6	30230000	30240000	0.7192656540296107	30235000
chr6	30240000	30250000	8.661536954788131	30245000
chr6	30250000	30260000	1.69696776446627	30255000
chr6	30260000	30270000	1.7603478518371891	30265000
chr6	30270000	30280000	1.191347751392212	30275000
chr6	30280000	30290000	1.2915547002963497	30285000
chr6	30290000	30300000	1.328021587043233	30295000
chr6	30300000	30310000	1.8074460134793888	30305000
chr6	30310000	30320000	1.538244740906419	30315000
chr6	30320000	30330000	1.5947211360422542	30325000
chr6	30330000	30340000	0.5955559496446885	30335000
chr6	30340000	30350000	0.8390626377443936	30345000
chr6	30350000	30360000	0.4464517329207786	30355000
chr6	30360000	30370000	0.7619768727742412	30365000
chr6	30370000	30380000	0.5367367675278204	30375000
chr6	30380000	30390000	0.592924016625746	30385000
chr6	30390000	30400000	0.5808017419323148	30395000
chr6	30400000	30410000	0.8667843062385651	30405000
chr6	30410000	30420000	0.5702151624530473	30415000
chr6	30420000	30430000	0.5400881663592887	30425000
chr6	30430000	30440000	0.8936722646350905	30435000
chr6	30440000	30450000	1.3675703034128734	30445000
chr6	30450000	30460000	4.6678979953785	30455000
chr6	30460000	30470000	1.9196411400689544	30465000
chr6	30470000	30480000	4.794664477431214	30475000
chr6	30480000	30490000	1.1402244669483	30485000
chr6	30490000	30500000	2.610114074520041	30495000
chr6	30500000	30510000	1.980706920508518	30505000
chr6	30510000	30520000	2.055545896189139	30515000
chr6	30520000	30530000	2.4631950074758433	30525000
chr6	30530000	30540000	4.352478158931978	30535000
chr6	30540000	30550000	11.034117586789085	30545000
chr6	30550000	30560000	2.1273330338629814	30555000
chr6	30560000	30570000	3.1977183341942927	30565000
chr6	30570000	30580000	3.794867174264699	30575000
chr6	30580000	30590000	2.8311472204375363	30585000
chr6	30590000	30600000	5.8867946480743685	30595000
chr6	30600000	30610000	7.537822085755231	30605000
chr6	30610000	30620000	7.430469116686295	30615000
chr6	30620000	30630000	3.0434748231238857	30625000
chr6	30630000	30640000	5.746725266882934	30635000
chr6	30640000	30650000	2.0122538218157513	30645000
chr6	30650000	30660000	1.2659277367431359	30655000
chr6	30660000	30670000	6.234278908530426	30665000
chr6	30670000	30680000	2.154636466090409	30675000
chr6	30680000	30690000	2.145997996017076	30685000
chr6	30690000	30700000	1.5805379060271407	30695000
chr6	30700000	30710000	5.25328635097286	30705000
chr6	30710000	30720000	0.6132466556844626	30715000
chr6	30720000	30730000	0.6892398570368806	30725000
chr6	30730000	30740000	1.0514377893185738	30735000
chr6	30740000	30750000	7.784413156681715	30745000
chr6	30750000	30760000	2.396813155283566	30755000
chr6	30760000	30770000	1.9943488639618865	30765000
chr6	30770000	30780000	0.8025257812638633	30775000
chr6	30780000	30790000	4.5798004785735476	30785000
chr6	30790000	30800000	0.45634492653391234	30795000
chr6	30800000	30810000	1.2220505082403854	30805000
chr6	30810000	30820000	0.27496317265885256	30815000
chr6	30820000	30830000	0.269011572100147	30825000
chr6	30830000	30840000	0.34317613922734175	30835000
chr6	30840000	30850000	0.43502676938706225	30845000
chr6	30850000	30860000	0.6199999002881559	30855000
chr6	30860000	30870000	1.2659240997499148	30865000
chr6	30870000	30880000	2.8174238120938333	30875000
chr6	30880000	30890000	0.7784869922324589	30885000
chr6	30890000	30900000	0.6843199129639552	30895000
chr6	30900000	30910000	1.6146707931712994	30905000
chr6	30910000	30920000	1.0522493573520613	30915000
chr6	30920000	30930000	1.2079918411890023	30925000
chr6	30930000	30940000	2.1233462373680334	30935000
chr6	30940000	30950000	2.644250322801197	30945000
chr6	30950000	30960000	1.5029176449277564	30955000
chr6	30960000	30970000	1.398401803747754	30965000
chr6	30970000	30980000	1.0657309966855955	30975000
chr6	30980000	30990000	1.2739401819221454	30985000
chr6	30990000	31000000	1.0269677815569649	30995000
chr6	31000000	31010000	1.2569331772091255	31005000
chr6	31010000	31020000	2.477595488948374	31015000
chr6	31020000	31030000	3.6011571734294368	31025000
chr6	31030000	31040000	2.5492628923251077	31035000
chr6	31040000	31050000	3.397748268306245	31045000
chr6	31050000	31060000	3.171095957286201	31055000
chr6	31060000	31070000	1.12428802955538	31065000
chr6	31070000	31080000	1.886222566967139	31075000
chr6	31080000	31090000	0.7115272537289768	31085000
chr6	31090000	31100000	2.148626438894438	31095000
chr6	31100000	31110000	0.7189792608904179	31105000
chr6	31110000	31120000	0.504004528188478	31115000
chr6	31120000	31130000	0.9306695019405458	31125000
chr6	31130000	31140000	0.3496499024496786	31135000
chr6	31140000	31150000	0.3390364630873683	31145000
chr6	31150000	31160000	0.21212495417139277	31155000
chr6	31160000	31170000	0.567768441283884	31165000
chr6	31170000	31180000	0.540749412563837	31175000
chr6	31180000	31190000	4.493475391061359	31185000
chr6	31190000	31200000	0.6565656810215581	31195000
chr6	31200000	31210000	0.5283401115150563	31205000
chr6	31210000	31220000	1.0749675751841343	31215000
chr6	31220000	31230000	0.7258388568733095	31225000
chr6	31230000	31240000	3.789053332625067	31235000
chr6	31240000	31250000	6.420365031318842	31245000
chr6	31250000	31260000	0.5542522539096041	31255000
chr6	31260000	31270000	2.0323401952366935	31265000
chr6	31270000	31280000	6.830745297343401	31275000
chr6	31280000	31290000	1.03972301054851	31285000
chr6	31290000	31300000	1.3577210491215623	31295000
chr6	31300000	31310000	2.0795034016642444	31305000
chr6	31310000	31320000	11.209800202932062	31315000
chr6	31320000	31330000	1.1756908566199005	31325000
chr6	31330000	31340000	0.7871347497496197	31335000
chr6	31340000	31350000	1.8816829133955515	31345000
chr6	31350000	31360000	1.1200730279940405	31355000
chr6	31360000	31370000	0.840270809427091	31365000
chr6	31370000	31380000	0.5677536442559794	31375000
chr6	31380000	31390000	1.0138469345718595	31385000
chr6	31390000	31400000	1.4010919140736067	31395000
chr6	31400000	31410000	0.7659487191359823	31405000
chr6	31410000	31420000	1.6312229016417632	31415000
chr6	31420000	31430000	2.3542815489338835	31425000
chr6	31430000	31440000	0.8909218167371137	31435000
chr6	31440000	31450000	1.3037724960293624	31445000
chr6	31450000	31460000	1.2958402171488292	31455000
chr6	31460000	31470000	0.9681251221318826	31465000
chr6	31470000	31480000	0.5906843380942679	31475000
chr6	31480000	31490000	0.650454060412805	31485000
chr6	31490000	31500000	0.6270991291886825	31495000
chr6	31500000	31510000	0.32759196698556486	31505000
chr6	31510000	31520000	0.8131503418642464	31515000
chr6	31520000	31530000	0.988513738953307	31525000
chr6	31530000	31540000	0.9703352391173932	31535000
chr6	31540000	31550000	1.5090770647855944	31545000
chr6	31550000	31560000	0.5260491334563732	31555000
chr6	31560000	31570000	0.843381314207382	31565000
chr6	31570000	31580000	0.8638013453559716	31575000
chr6	31580000	31590000	0.4826472667314845	31585000
chr6	31590000	31600000	4.996845880983305	31595000
chr6	31600000	31610000	4.860789316255601	31605000
chr6	31610000	31620000	3.934839235072365	31615000
chr6	31620000	31630000	1.081303745208172	31625000
chr6	31630000	31640000	1.1609431159632306	31635000
chr6	31640000	31650000	0.5087729163862337	31645000
chr6	31650000	31660000	3.2130087206794977	31655000
chr6	31660000	31670000	2.3795812442762903	31665000
chr6	31670000	31680000	1.0647783185606887	31675000
chr6	31680000	31690000	0.5101536218697953	31685000
chr6	31690000	31700000	0.35872726216348105	31695000
chr6	31700000	31710000	0.4923226318669312	31705000
chr6	31710000	31720000	0.3728028852915379	31715000
chr6	31720000	31730000	0.2932847070767296	31725000
chr6	31730000	31740000	0.6153417033462584	31735000
chr6	31740000	31750000	0.36366875907315455	31745000
chr6	31750000	31760000	0.4199655366607184	31755000
chr6	31760000	31770000	0.48290481193567075	31765000
chr6	31770000	31780000	1.4307072610128762	31775000
chr6	31780000	31790000	0.6020013515547746	31785000
chr6	31790000	31800000	3.258952081015208	31795000
chr6	31800000	31810000	8.354264639665999	31805000
chr6	31810000	31820000	9.577238928006269	31815000
chr6	31820000	31830000	1.8106242717227246	31825000
chr6	31830000	31840000	1.9657901215470532	31835000
chr6	31840000	31850000	3.6643553897307672	31845000
chr6	31850000	31860000	3.7700710197604503	31855000
chr6	31860000	31870000	4.94846930010228	31865000
chr6	31870000	31880000	1.1831601271173025	31875000
chr6	31880000	31890000	2.0416873218784732	31885000
chr6	31890000	31900000	4.975199387435652	31895000
chr6	31900000	31910000	4.771516731553213	31905000
chr6	31910000	31920000	3.259458528795136	31915000
chr6	31920000	31930000	2.2744391211193293	31925000
chr6	31930000	31940000	1.1270419091163784	31935000
chr6	31940000	31950000	1.4570898682802387	31945000
chr6	31950000	31960000	4.119102223158005	31955000
chr6	31960000	31970000	3.4041598105706896	31965000
chr6	31970000	31980000	1.9802800512506307	31975000
chr6	31980000	31990000	0.45347299939143754	31985000
chr6	31990000	32000000	0.8369762279739879	31995000
chr6	32000000	32010000	0.8426689927388131	32005000
chr6	32010000	32020000	0.4823720158391652	32015000
chr6	32020000	32030000	0.5128530403009993	32025000
chr6	32030000	32040000	1.6861501375461982	32035000
chr6	32040000	32050000	6.695809490392438	32045000
chr6	32050000	32060000	1.7151162103865296	32055000
chr6	32060000	32070000	1.742409083633286	32065000
chr6	32070000	32080000	3.703166319927547	32075000
chr6	32080000	32090000	2.270344133185186	32085000
chr6	32090000	32100000	1.5980663331571974	32095000
chr6	32100000	32110000	1.594225181247401	32105000
chr6	32110000	32120000	8.10187049533979	32115000
chr6	32120000	32130000	2.284034196369202	32125000
chr6	32130000	32140000	1.0597970096138094	32135000
chr6	32140000	32150000	2.016895726245214	32145000
chr6	32150000	32160000	1.9551094474870725	32155000
chr6	32160000	32170000	0.8297959524506687	32165000
chr6	32170000	32180000	1.211285555333678	32175000
chr6	32180000	32190000	0.6576081253771869	32185000
chr6	32190000	32200000	0.8823515403888683	32195000
chr6	32200000	32210000	2.416525384102564	32205000
chr6	32210000	32220000	1.5142286416744564	32215000
chr6	32220000	32230000	0.9691743672880391	32225000
chr6	32230000	32240000	1.9650058058517743	32235000
chr6	32240000	32250000	2.2918544556582225	32245000
chr6	32250000	32260000	1.1615199152677222	32255000
chr6	32260000	32270000	1.0829459511339985	32265000
chr6	32270000	32280000	0.5590584662249414	32275000
chr6	32280000	32290000	1.0522824474140793	32285000
chr6	32290000	32300000	1.0609228114784346	32295000
chr6	32300000	32310000	0.875426389313566	32305000
chr6	32310000	32320000	0.711461308355075	32315000
chr6	32320000	32330000	0.828189966029524	32325000
chr6	32330000	32340000	1.0589561660619897	32335000
chr6	32340000	32350000	1.6625776578974054	32345000
chr6	32350000	32360000	1.9175519342454799	32355000
chr6	32360000	32370000	1.3730356821635052	32365000
chr6	32370000	32380000	0.904724225726312	32375000
chr6	32380000	32390000	1.4184997385855564	32385000
chr6	32390000	32400000	1.340427901502098	32395000
chr6	32400000	32410000	0.666680253687757	32405000
chr6	32410000	32420000	0.3237638276859455	32415000
chr6	32420000	32430000	0.6588792101383353	32425000
chr6	32430000	32440000	0.8763403686917856	32435000
chr6	32440000	32450000	1.1554346357267282	32445000
chr6	32450000	32460000	1.826119427270677	32455000
chr6	32460000	32470000	1.3756509437774058	32465000
chr6	32470000	32480000	3.2268278694006716	32475000
chr6	32480000	32490000	5.793585404683787	32485000
chr6	32490000	32500000	4.477605490135078	32495000
chr6	32500000	32510000	2.185841719533019	32505000
chr6	32510000	32520000	1.6422277297902694	32515000
chr6	32520000	32530000	1.1346262352792456	32525000
chr6	32530000	32540000	1.8116957565613605	32535000
chr6	32540000	32550000	1.162165947777232	32545000
chr6	32550000	32560000	2.0787481056333306	32555000
chr6	32560000	32570000	1.6215877416225808	32565000
chr6	32570000	32580000	1.1313611827972767	32575000
chr6	32580000	32590000	1.4676807433840786	32585000
chr6	32590000	32600000	1.5415265380180512	32595000
chr6	32600000	32610000	1.7592408805725221	32605000
chr6	32610000	32620000	1.7797758207560597	32615000
chr6	32620000	32630000	1.2026812161020297	32625000
chr6	32630000	32640000	0.7085725098828803	32635000
chr6	32640000	32650000	8.74111685789444	32645000
chr6	32650000	32660000	2.070794279236036	32655000
chr6	32660000	32670000	6.25909005193425	32665000
chr6	32670000	32680000	5.517054052603461	32675000
chr6	32680000	32690000	1.302803903944185	32685000
chr6	32690000	32700000	2.2717187268558923	32695000
chr6	32700000	32710000	1.849358041171864	32705000
chr6	32710000	32720000	0.8782350658414408	32715000
chr6	32720000	32730000	0.5769907151504754	32725000
chr6	32730000	32740000	0.5203770880483025	32735000
chr6	32740000	32750000	0.33349241168633	32745000
chr6	32750000	32760000	0.3035352598460036	32755000
chr6	32760000	32770000	0.26253655166257306	32765000
chr6	32770000	32780000	0.32215957514383115	32775000
chr6	32780000	32790000	0.42257283729948564	32785000
chr6	32790000	32800000	0.4629598565284964	32795000
chr6	32800000	32810000	0.5933363896331547	32805000
chr6	32810000	32820000	0.2938621411103936	32815000
chr6	32820000	32830000	0.7127055197736114	32825000
chr6	32830000	32840000	5.307592559591228	32835000
chr6	32840000	32850000	0.7710608273424425	32845000
chr6	32850000	32860000	0.4535418585747693	32855000
chr6	32860000	32870000	0.6373518378547995	32865000
chr6	32870000	32880000	0.5120689775059827	32875000
chr6	32880000	32890000	0.9085103133768743	32885000
chr6	32890000	32900000	0.9766587269529251	32895000
chr6	32900000	32910000	1.0485177635193237	32905000
chr6	32910000	32920000	0.9678578889986554	32915000
chr6	32920000	32930000	0.9086488759863521	32925000
chr6	32930000	32940000	1.6162606786657465	32935000
chr6	32940000	32950000	1.6599105922239363	32945000
chr6	32950000	32960000	2.8385823682878115	32955000
chr6	32960000	32970000	0.7724826947043609	32965000
chr6	32970000	32980000	0.6952740747864431	32975000
chr6	32980000	32990000	0.86182584483728	32985000
chr6	32990000	33000000	0.5445025235191644	32995000
chr6	33000000	33010000	1.441522550784994	33005000
chr6	33010000	33020000	1.202722979581056	33015000
chr6	33020000	33030000	0.8866906173234582	33025000
chr6	33030000	33040000	0.5976796222345048	33035000
chr6	33040000	33050000	0.6043997014504557	33045000
chr6	33050000	33060000	0.8968558383498024	33055000
chr6	33060000	33070000	0.5151326473096768	33065000
chr6	33070000	33080000	0.4415632592661855	33075000
chr6	33080000	33090000	0.590526037668311	33085000
chr6	33090000	33100000	1.5655807082796882	33095000
chr6	33100000	33110000	1.6594603518187774	33105000
chr6	33110000	33120000	2.1769737100570223	33115000
chr6	33120000	33130000	0.5183247726075824	33125000
chr6	33130000	33140000	1.096113856603274	33135000
chr6	33140000	33150000	0.4760921331312762	33145000
chr6	33150000	33160000	0.9131205109458419	33155000
chr6	33160000	33170000	0.9180409760500405	33165000
chr6	33170000	33180000	1.485285515071805	33175000
chr6	33180000	33190000	2.0431403033684963	33185000
chr6	33190000	33200000	2.910011201225551	33195000
chr6	33200000	33210000	1.6940618654496016	33205000
chr6	33210000	33220000	1.1080831754368063	33215000
chr6	33220000	33230000	1.0496691656094916	33225000
chr6	33230000	33240000	0.5445664134038413	33235000
chr6	33240000	33250000	0.6819170247558893	33245000
chr6	33250000	33260000	0.6993870501992207	33255000
chr6	33260000	33270000	0.6176011090130038	33265000
chr6	33270000	33280000	4.064038455164607	33275000
chr6	33280000	33290000	0.49600968933982326	33285000
chr6	33290000	33300000	0.4064338523150785	33295000
chr6	33300000	33310000	0.4103029676922384	33305000
chr6	33310000	33320000	0.5395899958998598	33315000
chr6	33320000	33330000	0.8349860296029586	33325000
chr6	33330000	33340000	0.32703575988062833	33335000
chr6	33340000	33350000	1.0476448683931927	33345000
chr6	33350000	33360000	0.6440791516361105	33355000
chr6	33360000	33370000	0.4230248888199772	33365000
chr6	33370000	33380000	0.8136586155821359	33375000
chr6	33380000	33390000	0.5198825148979715	33385000
chr6	33390000	33400000	0.43109188263823	33395000
chr6	33400000	33410000	0.799014603486554	33405000
chr6	33410000	33420000	1.4931788191509177	33415000
chr6	33420000	33430000	0.8528085784159215	33425000
chr6	33430000	33440000	0.8178240152434803	33435000
chr6	33440000	33450000	1.8979733277628597	33445000
chr6	33450000	33460000	1.3751903707536535	33455000
chr6	33460000	33470000	1.299216193642366	33465000
chr6	33470000	33480000	2.870917155087297	33475000
chr6	33480000	33490000	6.850958647385761	33485000
chr6	33490000	33500000	1.3079724671050421	33495000
chr6	33500000	33510000	2.8763116512952855	33505000
chr6	33510000	33520000	5.088163116145442	33515000
chr6	33520000	33530000	8.148575344109176	33525000
chr6	33530000	33540000	3.2531619156461575	33535000
chr6	33540000	33550000	1.359172541565412	33545000
chr6	33550000	33560000	0.46855336478833876	33555000
chr6	33560000	33570000	1.49626261344142	33565000
chr6	33570000	33580000	1.3642364937472302	33575000
chr6	33580000	33590000	1.752309464527403	33585000
chr6	33590000	33600000	2.102715021389148	33595000
chr6	33600000	33610000	5.370465848168991	33605000
chr6	33610000	33620000	2.2202529197087677	33615000
chr6	33620000	33630000	2.5526227484372157	33625000
chr6	33630000	33640000	2.6731060989008606	33635000
chr6	33640000	33650000	1.3224655236062102	33645000
chr6	33650000	33660000	2.0901114809113657	33655000
chr6	33660000	33670000	1.130451961732815	33665000
chr6	33670000	33680000	0.9646295887600289	33675000
chr6	33680000	33690000	1.5532605176552994	33685000
chr6	33690000	33700000	0.7273836053979426	33695000
chr6	33700000	33710000	1.5585966124538693	33705000
chr6	33710000	33720000	2.0891667481178304	33715000
chr6	33720000	33730000	0.8710539531491063	33725000
chr6	33730000	33740000	2.130023687751791	33735000
chr6	33740000	33750000	2.3020014436317404	33745000
chr6	33750000	33760000	2.280714501059397	33755000
chr6	33760000	33770000	2.3433846330434234	33765000
chr6	33770000	33780000	2.8233835889129777	33775000
chr6	33780000	33790000	3.403748288079829	33785000
chr6	33790000	33800000	1.5911502797037949	33795000
chr6	33800000	33810000	1.6897840638540134	33805000
chr6	33810000	33820000	1.623460804918867	33815000
chr6	33820000	33830000	1.68013248262298	33825000
chr6	33830000	33840000	1.6598048209193987	33835000
chr6	33840000	33850000	2.2335970705319728	33845000
chr6	33850000	33860000	3.017286540399321	33855000
chr6	33860000	33870000	1.6050233989629843	33865000
chr6	33870000	33880000	19.916595586826112	33875000
chr6	33880000	33890000	3.7254804418710084	33885000
chr6	33890000	33900000	6.51894232168466	33895000
chr6	33900000	33910000	3.6968414188012457	33905000
chr6	33910000	33920000	3.993914872663605	33915000
chr6	33920000	33930000	2.901419588942119	33925000
chr6	33930000	33940000	4.89135008301431	33935000
chr6	33940000	33950000	8.624504286313108	33945000
chr6	33950000	33960000	4.250477384902114	33955000
chr6	33960000	33970000	11.121986670497565	33965000
chr6	33970000	33980000	2.006677649432375	33975000
chr6	33980000	33990000	2.5143818387641783	33985000
chr6	33990000	34000000	2.1597587498954076	33995000
chr6	34000000	34010000	6.612054460418682	34005000
chr6	34010000	34020000	7.66629610104272	34015000
chr6	34020000	34030000	4.746117774969246	34025000
chr6	34030000	34040000	7.71633900665295	34035000
chr6	34040000	34050000	5.770099697103474	34045000
chr6	34050000	34060000	3.727568794629081	34055000
chr6	34060000	34070000	9.864452448468523	34065000
chr6	34070000	34080000	9.184224904319185	34075000
chr6	34080000	34090000	9.269197480792116	34085000
chr6	34090000	34100000	6.141599174927865	34095000
chr6	34100000	34110000	9.278865890731735	34105000
chr6	34110000	34120000	10.761621447193626	34115000
chr6	34120000	34130000	5.624482030427204	34125000
chr6	34130000	34140000	4.797459377259341	34135000
chr6	34140000	34150000	3.9386263590264634	34145000
chr6	34150000	34160000	3.7334081929159195	34155000
chr6	34160000	34170000	4.693057331158541	34165000
chr6	34170000	34180000	13.5740972807068	34175000
chr6	34180000	34190000	4.228887304511928	34185000
chr6	34190000	34200000	6.465862373914261	34195000
chr6	34200000	34210000	7.46904630548115	34205000
chr6	34210000	34220000	3.7409442397121833	34215000
chr6	34220000	34230000	4.557756657937705	34225000
chr6	34230000	34240000	7.761819390701182	34235000
chr6	34240000	34250000	12.591184020735772	34245000
chr6	34250000	34260000	6.2384947627926035	34255000
chr6	34260000	34270000	6.893141976894822	34265000
chr6	34270000	34280000	5.261873056143842	34275000
chr6	34280000	34290000	13.97573600941866	34285000
chr6	34290000	34300000	9.913616348203423	34295000
chr6	34300000	34310000	4.72341429464265	34305000
chr6	34310000	34320000	5.630015526139484	34315000
chr6	34320000	34330000	4.321262322527707	34325000
chr6	34330000	34340000	4.391265260263971	34335000
chr6	34340000	34350000	7.961671347437183	34345000
chr6	34350000	34360000	12.50311110981951	34355000
chr6	34360000	34370000	8.399075554263643	34365000
chr6	34370000	34380000	10.980555989217452	34375000
chr6	34380000	34390000	9.872582119138169	34385000
chr6	34390000	34400000	12.394405352724865	34395000
chr6	34400000	34410000	6.013761173700694	34405000
chr6	34410000	34420000	6.171702294864879	34415000
chr6	34420000	34430000	4.707324571839414	34425000
chr6	34430000	34440000	7.5728914949830495	34435000
chr6	34440000	34450000	11.68722722592594	34445000
chr6	34450000	34460000	5.4109402595981795	34455000
chr6	34460000	34470000	5.025937527555501	34465000
chr6	34470000	34480000	8.39678846273808	34475000
chr6	34480000	34490000	7.4872613357311115	34485000
chr6	34490000	34500000	5.433722019087351	34495000
chr6	34500000	34510000	3.442918459782775	34505000
chr6	34510000	34520000	5.007728748977451	34515000
chr6	34520000	34530000	2.5203495041955652	34525000
chr6	34530000	34540000	3.22589679104843	34535000
chr6	34540000	34550000	2.6623568306279943	34545000
chr6	34550000	34560000	4.551500245220536	34555000
chr6	34560000	34570000	2.868427262289173	34565000
chr6	34570000	34580000	3.4928212081660166	34575000
chr6	34580000	34590000	1.5130001491094927	34585000
chr6	34590000	34600000	2.357760438854431	34595000
chr6	34600000	34610000	6.372938814268631	34605000
chr6	34610000	34620000	6.456573508767911	34615000
chr6	34620000	34630000	6.3339383376430884	34625000
chr6	34630000	34640000	10.023492715339966	34635000
chr6	34640000	34650000	5.803516913633074	34645000
chr6	34650000	34660000	3.4419841772040725	34655000
chr6	34660000	34670000	2.8523102198851746	34665000
chr6	34670000	34680000	2.9012323451687183	34675000
chr6	34680000	34690000	6.74463114731381	34685000
chr6	34690000	34700000	3.583915544195385	34695000
chr6	34700000	34710000	2.743502901684145	34705000
chr6	34710000	34720000	3.6839823036108816	34715000
chr6	34720000	34730000	4.583313449455666	34725000
chr6	34730000	34740000	4.573330026256421	34735000
chr6	34740000	34750000	4.326953957433367	34745000
chr6	34750000	34760000	7.197116564474275	34755000
chr6	34760000	34770000	2.956204415724067	34765000
chr6	34770000	34780000	3.1200097549786783	34775000
chr6	34780000	34790000	6.682838595106027	34785000
chr6	34790000	34800000	3.8645569372550224	34795000
chr6	34800000	34810000	5.094886244226274	34805000
chr6	34810000	34820000	3.634886908806907	34815000
chr6	34820000	34830000	1.5738886704072534	34825000
chr6	34830000	34840000	3.5795865194633225	34835000
chr6	34840000	34850000	2.567486447516473	34845000
chr6	34850000	34860000	3.6050086601488567	34855000
chr6	34860000	34870000	6.919003858151528	34865000
chr6	34870000	34880000	4.985982432009789	34875000
chr6	34880000	34890000	5.7824885075669465	34885000
chr6	34890000	34900000	1.2246165421567503	34895000
chr6	34900000	34910000	0.8841685895185404	34905000
chr6	34910000	34920000	5.447069151795331	34915000
chr6	34920000	34930000	2.1172150859789443	34925000
chr6	34930000	34940000	3.2064083841874926	34935000
chr6	34940000	34950000	4.179379126885872	34945000
chr6	34950000	34960000	3.277399514645344	34955000
chr6	34960000	34970000	2.192269672125631	34965000
chr6	34970000	34980000	2.2705597717965467	34975000
chr6	34980000	34990000	1.7047481051253088	34985000
chr6	34990000	35000000	2.0504433676695673	34995000
chr6	35000000	35010000	11.136897513681834	35005000
chr6	35010000	35020000	4.663499390645941	35015000
chr6	35020000	35030000	3.6685714532533042	35025000
chr6	35030000	35040000	2.7795266507781466	35035000
chr6	35040000	35050000	5.742610834551471	35045000
chr6	35050000	35060000	3.508693819887563	35055000
chr6	35060000	35070000	2.60284314178392	35065000
chr6	35070000	35080000	4.021116774975215	35075000
chr6	35080000	35090000	3.102208966318714	35085000
chr6	35090000	35100000	8.249800805639104	35095000
chr6	35100000	35110000	1.871193472837604	35105000
chr6	35110000	35120000	3.297346159363227	35115000
chr6	35120000	35130000	9.40102266658369	35125000
chr6	35130000	35140000	4.2676588627168295	35135000
chr6	35140000	35150000	2.264091881394775	35145000
chr6	35150000	35160000	4.830306645849757	35155000
chr6	35160000	35170000	5.799183606091858	35165000
chr6	35170000	35180000	4.505085440153147	35175000
chr6	35180000	35190000	3.516099630125881	35185000
chr6	35190000	35200000	2.498568060061748	35195000
chr6	35200000	35210000	1.6613033873003038	35205000
chr6	35210000	35220000	3.0254432100347017	35215000
chr6	35220000	35230000	3.4983387713880023	35225000
chr6	35230000	35240000	3.208527958122885	35235000
chr6	35240000	35250000	2.9029137425116396	35245000
chr6	35250000	35260000	4.990010877050816	35255000
chr6	35260000	35270000	1.9598052090026712	35265000
chr6	35270000	35280000	2.343810948843756	35275000
chr6	35280000	35290000	4.110679274580771	35285000
chr6	35290000	35300000	5.580006507315159	35295000
chr6	35300000	35310000	5.841804539493187	35305000
chr6	35310000	35320000	4.980149491511143	35315000
chr6	35320000	35330000	1.9311936031366164	35325000
chr6	35330000	35340000	3.5489193848236606	35335000
chr6	35340000	35350000	3.0473194209532743	35345000
chr6	35350000	35360000	3.256505747832114	35355000
chr6	35360000	35370000	2.3806246079281976	35365000
chr6	35370000	35380000	1.6067998982026446	35375000
chr6	35380000	35390000	4.147635896792619	35385000
chr6	35390000	35400000	2.0618632303752737	35395000
chr6	35400000	35410000	2.9053035460110843	35405000
chr6	35410000	35420000	7.511392310427317	35415000
chr6	35420000	35430000	6.509045408642146	35425000
chr6	35430000	35440000	4.057628860923183	35435000
chr6	35440000	35450000	2.960716788798018	35445000
chr6	35450000	35460000	2.246185062493952	35455000
chr6	35460000	35470000	0.5486507595720937	35465000
chr6	35470000	35480000	1.2147287530142836	35475000
chr6	35480000	35490000	1.8172341498724547	35485000
chr6	35490000	35500000	2.3895086147136086	35495000
chr6	35500000	35510000	1.2369128730480767	35505000
chr6	35510000	35520000	1.7453588225163332	35515000
chr6	35520000	35530000	3.632450278944992	35525000
chr6	35530000	35540000	3.047995798752131	35535000
chr6	35540000	35550000	4.820097436154987	35545000
chr6	35550000	35560000	3.1149030611399353	35555000
chr6	35560000	35570000	4.486229580039498	35565000
chr6	35570000	35580000	1.9038946026586985	35575000
chr6	35580000	35590000	4.077213088844721	35585000
chr6	35590000	35600000	3.748298791355498	35595000
chr6	35600000	35610000	1.7156425106953634	35605000
chr6	35610000	35620000	1.6979378574014585	35615000
chr6	35620000	35630000	2.3416215020734303	35625000
chr6	35630000	35640000	1.033968906146449	35635000
chr6	35640000	35650000	0.8882258921803156	35645000
chr6	35650000	35660000	1.6458551230744585	35655000
chr6	35660000	35670000	2.1243120651631973	35665000
chr6	35670000	35680000	2.1465678976204234	35675000
chr6	35680000	35690000	2.9216985626583076	35685000
chr6	35690000	35700000	1.027790497250518	35695000
chr6	35700000	35710000	2.0954513989010817	35705000
chr6	35710000	35720000	1.6839785151281181	35715000
chr6	35720000	35730000	2.1487212695059767	35725000
chr6	35730000	35740000	2.888739419230655	35735000
chr6	35740000	35750000	2.0653655916291713	35745000
chr6	35750000	35760000	3.9574542687726546	35755000
chr6	35760000	35770000	5.70950014715204	35765000
chr6	35770000	35780000	7.416212234440329	35775000
chr6	35780000	35790000	3.9830781850821535	35785000
chr6	35790000	35800000	3.350500983939453	35795000
chr6	35800000	35810000	2.432667576030829	35805000
chr6	35810000	35820000	4.361498853298157	35815000
chr6	35820000	35830000	1.6508320328025412	35825000
chr6	35830000	35840000	8.044296142577233	35835000
chr6	35840000	35850000	1.946677222132285	35845000
chr6	35850000	35860000	11.645248490225686	35855000
chr6	35860000	35870000	1.5662054081042898	35865000
chr6	35870000	35880000	1.4170295460774602	35875000
chr6	35880000	35890000	6.811396494061183	35885000
chr6	35890000	35900000	5.503134687179175	35895000
chr6	35900000	35910000	5.561196393608619	35905000
chr6	35910000	35920000	9.760433800484378	35915000
chr6	35920000	35930000	6.050935699573875	35925000
chr6	35930000	35940000	1.624976785612368	35935000
chr6	35940000	35950000	2.1731884863038053	35945000
chr6	35950000	35960000	6.299943602616788	35955000
chr6	35960000	35970000	4.557719700265485	35965000
chr6	35970000	35980000	9.73203182623793	35975000
chr6	35980000	35990000	3.9744425319546033	35985000
chr6	35990000	36000000	7.0378711846087905	35995000
chr6	36000000	36010000	2.463339521182976	36005000
chr6	36010000	36020000	2.285724954218704	36015000
chr6	36020000	36030000	1.494600490123706	36025000
chr6	36030000	36040000	0.9830662752932832	36035000
chr6	36040000	36050000	1.9683931530992593	36045000
chr6	36050000	36060000	4.791261546855239	36055000
chr6	36060000	36070000	6.096781090084083	36065000
chr6	36070000	36080000	2.1000842476715604	36075000
chr6	36080000	36090000	1.6434985917920986	36085000
chr6	36090000	36100000	3.833309529301183	36095000
chr6	36100000	36110000	9.892298255145748	36105000
chr6	36110000	36120000	4.5740021314286325	36115000
chr6	36120000	36130000	2.5176977021393077	36125000
chr6	36130000	36140000	2.454777105356471	36135000
chr6	36140000	36150000	4.403036535833107	36145000
chr6	36150000	36160000	6.570581554052948	36155000
chr6	36160000	36170000	11.950708446589303	36165000
chr6	36170000	36180000	11.684511749127799	36175000
chr6	36180000	36190000	4.1870248140086845	36185000
chr6	36190000	36200000	5.7065294505140445	36195000
chr6	36200000	36210000	3.8064915288898336	36205000
chr6	36210000	36220000	3.8146780877120516	36215000
chr6	36220000	36230000	5.6819863623935865	36225000
chr6	36230000	36240000	2.61281197955316	36235000
chr6	36240000	36250000	7.235870641745727	36245000
chr6	36250000	36260000	7.40346333940578	36255000
chr6	36260000	36270000	1.9787239986982175	36265000
chr6	36270000	36280000	3.473014746822379	36275000
chr6	36280000	36290000	15.89538730949226	36285000
chr6	36290000	36300000	4.697916499338442	36295000
chr6	36300000	36310000	4.437974923731102	36305000
chr6	36310000	36320000	6.166933110616309	36315000
chr6	36320000	36330000	3.5765066521139794	36325000
chr6	36330000	36340000	7.861286762852611	36335000
chr6	36340000	36350000	8.991257937684068	36345000
chr6	36350000	36360000	4.625556507245244	36355000
chr6	36360000	36370000	9.169578584970838	36365000
chr6	36370000	36380000	16.943647198102806	36375000
chr6	36380000	36390000	10.695873402642354	36385000
chr6	36390000	36400000	15.819778999488426	36395000
chr6	36400000	36410000	7.822561209044251	36405000
chr6	36410000	36420000	11.998535813093698	36415000
chr6	36420000	36430000	9.856388942084676	36425000
chr6	36430000	36440000	20.660802579274947	36435000
chr6	36440000	36450000	18.838287852464354	36445000
chr6	36450000	36460000	12.679799487509094	36455000
chr6	36460000	36470000	4.091094208435267	36465000
chr6	36470000	36480000	1.7934704463841904	36475000
chr6	36480000	36490000	1.9696622965198745	36485000
chr6	36490000	36500000	2.8122488024545476	36495000
chr6	36500000	36510000	7.141602162749268	36505000
chr6	36510000	36520000	1.3748700481399496	36515000
chr6	36520000	36530000	2.080672607542949	36525000
chr6	36530000	36540000	1.9224959399584631	36535000
chr6	36540000	36550000	5.1379996442035525	36545000
chr6	36550000	36560000	15.419874759626532	36555000
chr6	36560000	36570000	14.625366541852097	36565000
chr6	36570000	36580000	4.255568340284158	36575000
chr6	36580000	36590000	14.66661518908603	36585000
chr6	36590000	36600000	2.195050569609744	36595000
chr6	36600000	36610000	2.9490777638350223	36605000
chr6	36610000	36620000	2.7485165610394557	36615000
chr6	36620000	36630000	2.837370125871399	36625000
chr6	36630000	36640000	5.680125924512819	36635000
chr6	36640000	36650000	14.860489444668792	36645000
chr6	36650000	36660000	8.280491374927736	36655000
chr6	36660000	36670000	9.870166315689724	36665000
chr6	36670000	36680000	5.115344665658648	36675000
chr6	36680000	36690000	10.694533618890185	36685000
chr6	36690000	36700000	4.936972305197361	36695000
chr6	36700000	36710000	3.2699230090574796	36705000
chr6	36710000	36720000	7.04159740815683	36715000
chr6	36720000	36730000	6.5208693770638115	36725000
chr6	36730000	36740000	5.956973531503922	36735000
chr6	36740000	36750000	3.421787720966891	36745000
chr6	36750000	36760000	5.299595695675534	36755000
chr6	36760000	36770000	0.26672237755448525	36765000
chr6	36770000	36780000	2.4714278331974	36775000
chr6	36780000	36790000	1.4952293326223438	36785000
chr6	36790000	36800000	1.8038403662035905	36795000
chr6	36800000	36810000	1.4354717653058207	36805000
chr6	36810000	36820000	5.949954300582979	36815000
chr6	36820000	36830000	4.705619804110047	36825000
chr6	36830000	36840000	6.837861745655914	36835000
chr6	36840000	36850000	4.060727385334059	36845000
chr6	36850000	36860000	4.006991296699895	36855000
chr6	36860000	36870000	3.6046397576132896	36865000
chr6	36870000	36880000	4.371472551689606	36875000
chr6	36880000	36890000	5.053439508153538	36885000
chr6	36890000	36900000	2.467897203482909	36895000
chr6	36900000	36910000	2.091348377136235	36905000
chr6	36910000	36920000	3.2778766366191823	36915000
chr6	36920000	36930000	4.31097727774301	36925000
chr6	36930000	36940000	2.8416537609325894	36935000
chr6	36940000	36950000	4.211172541436916	36945000
chr6	36950000	36960000	6.191543348433347	36955000
chr6	36960000	36970000	10.907102292699767	36965000
chr6	36970000	36980000	3.844196543383004	36975000
chr6	36980000	36990000	1.8839041172782218	36985000
chr6	36990000	37000000	2.152463846105114	36995000
chr6	37000000	37010000	1.1139863092188067	37005000
chr6	37010000	37020000	1.514544237025925	37015000
chr6	37020000	37030000	0.9079750935783931	37025000
chr6	37030000	37040000	0.5350551543265212	37035000
chr6	37040000	37050000	1.1710667372277817	37045000
chr6	37050000	37060000	1.225424247632279	37055000
chr6	37060000	37070000	0.7520635013025156	37065000
chr6	37070000	37080000	0.7020650315615556	37075000
chr6	37080000	37090000	1.8658172870645249	37085000
chr6	37090000	37100000	1.3246186462163443	37095000
chr6	37100000	37110000	1.6150445532211708	37105000
chr6	37110000	37120000	1.73930998422758	37115000
chr6	37120000	37130000	6.035363221384764	37125000
chr6	37130000	37140000	2.6179387650537875	37135000
chr6	37140000	37150000	5.781843093602507	37145000
chr6	37150000	37160000	0.9558866267312294	37155000
chr6	37160000	37170000	2.4116598740186377	37165000
chr6	37170000	37180000	1.6419453141843636	37175000
chr6	37180000	37190000	3.8265486668058086	37185000
chr6	37190000	37200000	2.7934922312676083	37195000
chr6	37200000	37210000	6.152001922516807	37205000
chr6	37210000	37220000	2.5332197309430655	37215000
chr6	37220000	37230000	2.3474150486379117	37225000
chr6	37230000	37240000	1.7184160690477561	37235000
chr6	37240000	37250000	2.066901055201608	37245000
chr6	37250000	37260000	2.340855435711643	37255000
chr6	37260000	37270000	4.922645928076262	37265000
chr6	37270000	37280000	3.4088036672876036	37275000
chr6	37280000	37290000	2.302717033964366	37285000
chr6	37290000	37300000	2.592840300983523	37295000
chr6	37300000	37310000	8.357753454784516	37305000
chr6	37310000	37320000	7.673083837982275	37315000
chr6	37320000	37330000	15.604424189401664	37325000
chr6	37330000	37340000	6.076766898913468	37335000
chr6	37340000	37350000	1.2735330401074503	37345000
chr6	37350000	37360000	2.4739879384332712	37355000
chr6	37360000	37370000	12.624455833486572	37365000
chr6	37370000	37380000	2.017584982221221	37375000
chr6	37380000	37390000	9.684337743187474	37385000
chr6	37390000	37400000	2.8285600421269277	37395000
chr6	37400000	37410000	2.9371716351005888	37405000
chr6	37410000	37420000	6.10553636100767	37415000
chr6	37420000	37430000	3.942757010683099	37425000
chr6	37430000	37440000	2.462325767716736	37435000
chr6	37440000	37450000	6.291771096937378	37445000
chr6	37450000	37460000	3.343599907617558	37455000
chr6	37460000	37470000	2.0998165895547	37465000
chr6	37470000	37480000	2.1691719847108764	37475000
chr6	37480000	37490000	3.021179849766192	37485000
chr6	37490000	37500000	2.3158497347692295	37495000
chr6	37500000	37510000	4.438056535420124	37505000
chr6	37510000	37520000	6.312785198897658	37515000
chr6	37520000	37530000	1.8419888877870727	37525000
chr6	37530000	37540000	3.259354460341677	37535000
chr6	37540000	37550000	3.2410066491218332	37545000
chr6	37550000	37560000	3.056672980237927	37555000
chr6	37560000	37570000	2.5697310526307975	37565000
chr6	37570000	37580000	1.4939748595079356	37575000
chr6	37580000	37590000	1.2973601862314719	37585000
chr6	37590000	37600000	1.638764243482649	37595000
chr6	37600000	37610000	3.1487401772169075	37605000
chr6	37610000	37620000	10.72820113937056	37615000
chr6	37620000	37630000	12.560941979571135	37625000
chr6	37630000	37640000	8.829296654671612	37635000
chr6	37640000	37650000	4.059449935761284	37645000
chr6	37650000	37660000	5.474930792804815	37655000
chr6	37660000	37670000	7.470333394064501	37665000
chr6	37670000	37680000	8.538477316139994	37675000
chr6	37680000	37690000	4.4702336256842115	37685000
chr6	37690000	37700000	4.598156605088745	37695000
chr6	37700000	37710000	16.192474877169374	37705000
chr6	37710000	37720000	4.995268987861143	37715000
chr6	37720000	37730000	4.271052486402726	37725000
chr6	37730000	37740000	2.6899996583442363	37735000
chr6	37740000	37750000	3.8676304445669274	37745000
chr6	37750000	37760000	3.317588843129214	37755000
chr6	37760000	37770000	2.914620445589148	37765000
chr6	37770000	37780000	7.93773040714014	37775000
chr6	37780000	37790000	14.737919057610023	37785000
chr6	37790000	37800000	17.80092168818297	37795000
chr6	37800000	37810000	15.282035911768117	37805000
chr6	37810000	37820000	9.743061545603037	37815000
chr6	37820000	37830000	3.8048882872826795	37825000
chr6	37830000	37840000	4.311161097499527	37835000
chr6	37840000	37850000	8.144366118963687	37845000
chr6	37850000	37860000	4.852445228449983	37855000
chr6	37860000	37870000	5.299811431454806	37865000
chr6	37870000	37880000	4.930481427296979	37875000
chr6	37880000	37890000	10.326666127864794	37885000
chr6	37890000	37900000	5.120454332062726	37895000
chr6	37900000	37910000	6.854368670997866	37905000
chr6	37910000	37920000	4.806670512123616	37915000
chr6	37920000	37930000	4.727494257354606	37925000
chr6	37930000	37940000	4.332575464210784	37935000
chr6	37940000	37950000	2.4470031582636405	37945000
chr6	37950000	37960000	4.2785618595928305	37955000
chr6	37960000	37970000	10.974539468625382	37965000
chr6	37970000	37980000	27.479881184652978	37975000
chr6	37980000	37990000	7.903895180160403	37985000
chr6	37990000	38000000	3.2530494079400496	37995000
chr6	38000000	38010000	1.972576256424924	38005000
chr6	38010000	38020000	5.726459067669743	38015000
chr6	38020000	38030000	1.9738236231384148	38025000
chr6	38030000	38040000	5.363710682307802	38035000
chr6	38040000	38050000	4.368731907143007	38045000
chr6	38050000	38060000	3.7580887622043915	38055000
chr6	38060000	38070000	6.303280449638076	38065000
chr6	38070000	38080000	10.78120583371813	38075000
chr6	38080000	38090000	7.341348968006508	38085000
chr6	38090000	38100000	8.039220546221605	38095000
chr6	38100000	38110000	4.904196277669797	38105000
chr6	38110000	38120000	4.409836954678629	38115000
chr6	38120000	38130000	3.5975529112213707	38125000
chr6	38130000	38140000	3.93389766232399	38135000
chr6	38140000	38150000	5.697690344432511	38145000
chr6	38150000	38160000	8.910585682012119	38155000
chr6	38160000	38170000	3.5641614594091875	38165000
chr6	38170000	38180000	2.6782277366175973	38175000
chr6	38180000	38190000	3.9233937823864005	38185000
chr6	38190000	38200000	13.324174105479118	38195000
chr6	38200000	38210000	5.011710943919853	38205000
chr6	38210000	38220000	4.21297045354985	38215000
chr6	38220000	38230000	2.25090750845006	38225000
chr6	38230000	38240000	4.162633118071579	38235000
chr6	38240000	38250000	2.454692639285112	38245000
chr6	38250000	38260000	1.957660959205371	38255000
chr6	38260000	38270000	8.919837362202877	38265000
chr6	38270000	38280000	14.985224052667197	38275000
chr6	38280000	38290000	19.684594964830648	38285000
chr6	38290000	38300000	6.407307062310757	38295000
chr6	38300000	38310000	5.868287880048517	38305000
chr6	38310000	38320000	4.5720782335940555	38315000
chr6	38320000	38330000	3.6351270173076182	38325000
chr6	38330000	38340000	7.541722770822851	38335000
chr6	38340000	38350000	8.80217180954655	38345000
chr6	38350000	38360000	6.793306979588836	38355000
chr6	38360000	38370000	6.150805813775974	38365000
chr6	38370000	38380000	5.008326390861819	38375000
chr6	38380000	38390000	4.726290406451301	38385000
chr6	38390000	38400000	6.142212365657748	38395000
chr6	38400000	38410000	9.328197776358337	38405000
chr6	38410000	38420000	4.902134589337842	38415000
chr6	38420000	38430000	9.685898270802856	38425000
chr6	38430000	38440000	5.7584324323271145	38435000
chr6	38440000	38450000	6.270685773343887	38445000
chr6	38450000	38460000	4.968393323635752	38455000
chr6	38460000	38470000	7.889654678966912	38465000
chr6	38470000	38480000	10.916522456584403	38475000
chr6	38480000	38490000	10.60198543080951	38485000
chr6	38490000	38500000	11.918796033924762	38495000
chr6	38500000	38510000	5.204541058941762	38505000
chr6	38510000	38520000	1.4400469145520478	38515000
chr6	38520000	38530000	5.755016924623123	38525000
chr6	38530000	38540000	2.9416821324280904	38535000
chr6	38540000	38550000	4.9518257775099705	38545000
chr6	38550000	38560000	4.0895136923208115	38555000
chr6	38560000	38570000	1.250872479357827	38565000
chr6	38570000	38580000	2.059912124870403	38575000
chr6	38580000	38590000	4.945677479171235	38585000
chr6	38590000	38600000	2.624042511958732	38595000
chr6	38600000	38610000	3.2213432409962217	38605000
chr6	38610000	38620000	1.5882475336495672	38615000
chr6	38620000	38630000	1.4485103090994527	38625000
chr6	38630000	38640000	1.871075990746017	38635000
chr6	38640000	38650000	1.3176902026660535	38645000
chr6	38650000	38660000	1.221422957677241	38655000
chr6	38660000	38670000	1.4165061369633036	38665000
chr6	38670000	38680000	3.197109742231578	38675000
chr6	38680000	38690000	4.937615651564876	38685000
chr6	38690000	38700000	7.352984628106243	38695000
chr6	38700000	38710000	3.690783813278566	38705000
chr6	38710000	38720000	7.445480593512279	38715000
chr6	38720000	38730000	9.890661839425107	38725000
chr6	38730000	38740000	10.02276743825422	38735000
chr6	38740000	38750000	6.168620456825071	38745000
chr6	38750000	38760000	6.986296591385285	38755000
chr6	38760000	38770000	16.358777190805096	38765000
chr6	38770000	38780000	6.431281765692842	38775000
chr6	38780000	38790000	2.881701510904661	38785000
chr6	38790000	38800000	5.521702530681928	38795000
chr6	38800000	38810000	7.870916939129259	38805000
chr6	38810000	38820000	6.638984182874481	38815000
chr6	38820000	38830000	5.784741127851721	38825000
chr6	38830000	38840000	4.818043457824728	38835000
chr6	38840000	38850000	8.335998717851155	38845000
chr6	38850000	38860000	9.71145715517009	38855000
chr6	38860000	38870000	7.045216458448318	38865000
chr6	38870000	38880000	3.6442481996271523	38875000
chr6	38880000	38890000	10.922432747885626	38885000
chr6	38890000	38900000	0.8818415748022017	38895000
chr6	38900000	38910000	5.773891199071827	38905000
chr6	38910000	38920000	6.493450595958137	38915000
chr6	38920000	38930000	14.903193908130888	38925000
chr6	38930000	38940000	8.75811648201936	38935000
chr6	38940000	38950000	8.568365588424893	38945000
chr6	38950000	38960000	7.798216374365257	38955000
chr6	38960000	38970000	6.7809295456103875	38965000
chr6	38970000	38980000	9.501433271487201	38975000
chr6	38980000	38990000	7.9829518609948105	38985000
chr6	38990000	39000000	5.361720288175018	38995000
chr6	39000000	39010000	5.3651398236328225	39005000
chr6	39010000	39020000	4.6508636209760255	39015000
chr6	39020000	39030000	6.619449719319201	39025000
chr6	39030000	39040000	8.824365425432811	39035000
chr6	39040000	39050000	5.9529151201983135	39045000
chr6	39050000	39060000	8.022337382706484	39055000
chr6	39060000	39070000	5.27559727206464	39065000
chr6	39070000	39080000	5.815254977614091	39075000
chr6	39080000	39090000	7.4167547119471395	39085000
chr6	39090000	39100000	10.353741599291025	39095000
chr6	39100000	39110000	10.651558398755016	39105000
chr6	39110000	39120000	12.577381583659287	39115000
chr6	39120000	39130000	9.477877778026603	39125000
chr6	39130000	39140000	8.451763516238225	39135000
chr6	39140000	39150000	6.5339427121099565	39145000
chr6	39150000	39160000	10.348413903988012	39155000
chr6	39160000	39170000	11.491275402588197	39165000
chr6	39170000	39180000	8.866303826231626	39175000
chr6	39180000	39190000	12.798242241598075	39185000
chr6	39190000	39200000	35.464547841556715	39195000
chr6	39200000	39210000	4.3793095473300205	39205000
chr6	39210000	39220000	11.259096701750364	39215000
chr6	39220000	39230000	7.005173909956279	39225000
chr6	39230000	39240000	5.912638685842509	39235000
chr6	39240000	39250000	5.330550268082436	39245000
chr6	39250000	39260000	4.257459724935442	39255000
chr6	39260000	39270000	9.557645990897383	39265000
chr6	39270000	39280000	6.447646446924878	39275000
chr6	39280000	39290000	4.847082449461479	39285000
chr6	39290000	39300000	3.7833347415472374	39295000
chr6	39300000	39310000	7.064322546355332	39305000
chr6	39310000	39320000	2.7472466571488905	39315000
chr6	39320000	39330000	9.740880495103161	39325000
chr6	39330000	39340000	2.272006429933248	39335000
chr6	39340000	39350000	2.7037648264841843	39345000
chr6	39350000	39360000	4.453697223528923	39355000
chr6	39360000	39370000	14.545786056329849	39365000
chr6	39370000	39380000	17.810190686953874	39375000
chr6	39380000	39390000	9.728958979745876	39385000
chr6	39390000	39400000	6.079743695386495	39395000
chr6	39400000	39410000	18.44305162829636	39405000
chr6	39410000	39420000	3.964925146097854	39415000
chr6	39420000	39430000	2.15349735712979	39425000
chr6	39430000	39440000	3.8535929979301597	39435000
chr6	39440000	39450000	12.65008330865514	39445000
chr6	39450000	39460000	19.263215730034645	39455000
chr6	39460000	39470000	8.626409993634354	39465000
chr6	39470000	39480000	16.955031794480806	39475000
chr6	39480000	39490000	11.9241228558423	39485000
chr6	39490000	39500000	16.920610392977036	39495000
chr6	39500000	39510000	11.05647629723027	39505000
chr6	39510000	39520000	7.224390988985229	39515000
chr6	39520000	39530000	6.088047198545492	39525000
chr6	39530000	39540000	2.163335319282932	39535000
chr6	39540000	39550000	2.801910162141832	39545000
chr6	39550000	39560000	2.664251606187808	39555000
chr6	39560000	39570000	4.176210362274418	39565000
chr6	39570000	39580000	1.9779346684652401	39575000
chr6	39580000	39590000	1.9877524900543753	39585000
chr6	39590000	39600000	1.1285124550234473	39595000
chr6	39600000	39610000	3.011943657880464	39605000
chr6	39610000	39620000	5.317853146283812	39615000
chr6	39620000	39630000	2.921967983358329	39625000
chr6	39630000	39640000	4.248593460713462	39635000
chr6	39640000	39650000	7.715513359709219	39645000
chr6	39650000	39660000	18.76785165162895	39655000
chr6	39660000	39670000	9.760027340662447	39665000
chr6	39670000	39680000	6.7507782722938785	39675000
chr6	39680000	39690000	4.340389693153224	39685000
chr6	39690000	39700000	3.377145845173128	39695000
chr6	39700000	39710000	2.4263729337403226	39705000
chr6	39710000	39720000	5.314472123318559	39715000
chr6	39720000	39730000	8.763456929337053	39725000
chr6	39730000	39740000	3.5392714571586286	39735000
chr6	39740000	39750000	4.78180426007935	39745000
chr6	39750000	39760000	7.97587419934521	39755000
chr6	39760000	39770000	4.879580883825559	39765000
chr6	39770000	39780000	8.864032646106894	39775000
chr6	39780000	39790000	6.086335416331975	39785000
chr6	39790000	39800000	7.503841762569715	39795000
chr6	39800000	39810000	7.282902000700714	39805000
chr6	39810000	39820000	7.060317987931601	39815000
chr6	39820000	39830000	5.828340848602998	39825000
chr6	39830000	39840000	6.390401527465301	39835000
chr6	39840000	39850000	6.650289215260864	39845000
chr6	39850000	39860000	8.387688967502502	39855000
chr6	39860000	39870000	10.174809241444448	39865000
chr6	39870000	39880000	8.380508764319522	39875000
chr6	39880000	39890000	8.73245884345864	39885000
chr6	39890000	39900000	6.498591870629862	39895000
chr6	39900000	39910000	10.1865292358954	39905000
chr6	39910000	39920000	8.437396271248597	39915000
chr6	39920000	39930000	4.847844617241474	39925000
chr6	39930000	39940000	11.274047358270892	39935000
chr6	39940000	39950000	5.365493494919697	39945000
chr6	39950000	39960000	2.9374361104554234	39955000
chr6	39960000	39970000	3.548169381301965	39965000
chr6	39970000	39980000	21.669688833625177	39975000
chr6	39980000	39990000	10.961198130962662	39985000
chr6	39990000	40000000	10.266988777775394	39995000
chr6	40000000	40010000	15.24074468252142	40005000
chr6	40010000	40020000	12.567611591523535	40015000
chr6	40020000	40030000	9.103629850678423	40025000
chr6	40030000	40040000	5.4513026624974765	40035000
chr6	40040000	40050000	6.326167066415906	40045000
chr6	40050000	40060000	6.581162925992684	40055000
chr6	40060000	40070000	4.513890203704585	40065000
chr6	40070000	40080000	4.399705125311449	40075000
chr6	40080000	40090000	9.706462903296908	40085000
chr6	40090000	40100000	7.009562112094451	40095000
chr6	40100000	40110000	7.784704376112881	40105000
chr6	40110000	40120000	8.286520723640502	40115000
chr6	40120000	40130000	13.741148828898199	40125000
chr6	40130000	40140000	5.333537671829941	40135000
chr6	40190000	40200000	4.7027277915868275	40195000
chr6	40250000	40260000	10.570772852777967	40255000
chr6	40260000	40270000	5.766230680162094	40265000
chr6	40270000	40280000	7.1069763511022925	40275000
chr6	40280000	40290000	6.947426849176783	40285000
chr6	40290000	40300000	5.2283084196375915	40295000
chr6	40300000	40310000	8.799966688518372	40305000
chr6	40310000	40320000	14.407952685297682	40315000
chr6	40320000	40330000	8.281998043108395	40325000
chr6	40330000	40340000	7.104284623702854	40335000
chr6	40340000	40350000	4.775395465757949	40345000
chr6	40350000	40360000	6.99533247592966	40355000
chr6	40360000	40370000	7.2222006781466295	40365000
chr6	40370000	40380000	9.9539247204806	40375000
chr6	40380000	40390000	6.624976452096647	40385000
chr6	40390000	40400000	7.9310763819148775	40395000
chr6	40400000	40410000	8.597030870941449	40405000
chr6	40410000	40420000	5.852757903896139	40415000
chr6	40420000	40430000	4.403811310696139	40425000
chr6	40430000	40440000	8.024282160716517	40435000
chr6	40440000	40450000	8.08052681243385	40445000
chr6	40450000	40460000	8.0819733904769	40455000
chr6	40460000	40470000	6.5693921420715355	40465000
chr6	40470000	40480000	7.959965606512839	40475000
chr6	40480000	40490000	9.220941491028444	40485000
chr6	40490000	40500000	6.962329496790181	40495000
chr6	40500000	40510000	6.6213711879630655	40505000
chr6	40510000	40520000	7.543413405754114	40515000
chr6	40520000	40530000	9.90606487736824	40525000
chr6	40530000	40540000	3.783236849647882	40535000
chr6	40540000	40550000	5.305087079666594	40545000
chr6	40550000	40560000	7.441110694166758	40555000
chr6	40560000	40570000	5.794260620367932	40565000
chr6	40570000	40580000	11.11406672966665	40575000
chr6	40580000	40590000	7.862606504995776	40585000
chr6	40590000	40600000	9.923008445383788	40595000
chr6	40600000	40610000	7.638971221281431	40605000
chr6	40610000	40620000	1.908142837355805	40615000
chr6	40620000	40630000	2.3954117086868045	40625000
chr6	40630000	40640000	2.974947013713372	40635000
chr6	40640000	40650000	2.99861952370453	40645000
chr6	40650000	40660000	6.098945753993544	40655000
chr6	40660000	40670000	4.5999923501863	40665000
chr6	40670000	40680000	3.479494979394412	40675000
chr6	40680000	40690000	8.01016896395603	40685000
chr6	40690000	40700000	4.783194590600593	40695000
chr6	40700000	40710000	6.364907377309648	40705000
chr6	40710000	40720000	5.9347817203961615	40715000
chr6	40720000	40730000	8.699923513006997	40725000
chr6	40730000	40740000	3.23199593646004	40735000
chr6	40740000	40750000	7.819065737166869	40745000
chr6	40750000	40760000	12.662355245841603	40755000
chr6	40760000	40770000	2.8385389621256314	40765000
chr6	40770000	40780000	4.373447153918868	40775000
chr6	40780000	40790000	5.7781662297622285	40785000
chr6	40790000	40800000	9.010629383018456	40795000
chr6	40800000	40810000	6.448058960199605	40805000
chr6	40810000	40820000	7.62876243694997	40815000
chr6	40820000	40830000	3.480217103168057	40825000
chr6	40830000	40840000	3.8922990694955226	40835000
chr6	40840000	40850000	8.781267809966934	40845000
chr6	40850000	40860000	2.572841404530499	40855000
chr6	40860000	40870000	3.6995915033916433	40865000
chr6	40870000	40880000	3.090414912890197	40875000
chr6	40880000	40890000	4.314039145650915	40885000
chr6	40890000	40900000	4.760957954825937	40895000
chr6	40900000	40910000	4.266310448436953	40905000
chr6	40910000	40920000	4.026097592092911	40915000
chr6	40920000	40930000	8.481838166834205	40925000
chr6	40930000	40940000	8.385608554588735	40935000
chr6	40940000	40950000	4.463769836901212	40945000
chr6	40950000	40960000	3.8023307272896893	40955000
chr6	40960000	40970000	3.391468142206676	40965000
chr6	40970000	40980000	2.9209718261248705	40975000
chr6	40980000	40990000	1.6251238458982187	40985000
chr6	40990000	41000000	1.4879182209274888	40995000
chr6	41000000	41010000	0.6250340270669832	41005000
chr6	41010000	41020000	1.2903031176557531	41015000
chr6	41020000	41030000	4.293164117358319	41025000
chr6	41030000	41040000	1.4303412010473253	41035000
chr6	41040000	41050000	13.017078576035793	41045000
chr6	41050000	41060000	1.4890819734542593	41055000
chr6	41060000	41070000	1.0381290731942645	41065000
chr6	41070000	41080000	1.836267427591969	41075000
chr6	41080000	41090000	2.7589636370264192	41085000
chr6	41090000	41100000	8.374136188200605	41095000
chr6	41100000	41110000	13.997345818749645	41105000
chr6	41110000	41120000	5.588363923428679	41115000
chr6	41120000	41130000	2.20199869769236	41125000
chr6	41130000	41140000	5.212576606241546	41135000
chr6	41140000	41150000	4.961042021163572	41145000
chr6	41150000	41160000	3.871682749433141	41155000
chr6	41160000	41170000	3.572313831860102	41165000
chr6	41170000	41180000	2.411328714727583	41175000
chr6	41180000	41190000	8.053765417073977	41185000
chr6	41190000	41200000	4.990369588010928	41195000
chr6	41200000	41210000	4.692313414035689	41205000
chr6	41210000	41220000	4.7311527855127835	41215000
chr6	41220000	41230000	5.852579435714706	41225000
chr6	41230000	41240000	4.6032765916628176	41235000
chr6	41240000	41250000	4.371490235650805	41245000
chr6	41250000	41260000	3.694823315140088	41255000
chr6	41260000	41270000	3.4192942312816523	41265000
chr6	41270000	41280000	2.504509988888912	41275000
chr6	41280000	41290000	1.6382746335657365	41285000
chr6	41290000	41300000	3.2786798793485796	41295000
chr6	41300000	41310000	4.19825608966136	41305000
chr6	41310000	41320000	3.117951287248266	41315000
chr6	41320000	41330000	2.0701522858275387	41325000
chr6	41330000	41340000	3.1588495493436337	41335000
chr6	41340000	41350000	3.388118287163905	41345000
chr6	41350000	41360000	3.486625545387092	41355000
chr6	41360000	41370000	5.130376236474949	41365000
chr6	41370000	41380000	10.763650165841877	41375000
chr6	41380000	41390000	11.032551448638461	41385000
chr6	41390000	41400000	8.121133579465113	41395000
chr6	41400000	41410000	5.75427342100509	41405000
chr6	41410000	41420000	1.9746375902841637	41415000
chr6	41420000	41430000	12.71437128890277	41425000
chr6	41430000	41440000	3.9470787857364504	41435000
chr6	41440000	41450000	3.6451094437533214	41445000
chr6	41450000	41460000	2.83928265284753	41455000
chr6	41460000	41470000	2.39480714504007	41465000
chr6	41470000	41480000	3.547774574111588	41475000
chr6	41480000	41490000	5.303207830182544	41485000
chr6	41490000	41500000	10.635164586849228	41495000
chr6	41500000	41510000	7.992653219474514	41505000
chr6	41510000	41520000	4.718522430658826	41515000
chr6	41520000	41530000	4.556786685811279	41525000
chr6	41530000	41540000	8.205466335490001	41535000
chr6	41540000	41550000	6.230131195924055	41545000
chr6	41550000	41560000	8.911111703893582	41555000
chr6	41560000	41570000	10.749882853023742	41565000
chr6	41570000	41580000	12.833615450317414	41575000
chr6	41580000	41590000	9.69310411762076	41585000
chr6	41590000	41600000	7.458169538666389	41595000
chr6	41600000	41610000	14.064648486240685	41605000
chr6	41610000	41620000	9.9389209913601	41615000
chr6	41620000	41630000	5.199164522246556	41625000
chr6	41630000	41640000	4.888671738528915	41635000
chr6	41640000	41650000	5.836464667707236	41645000
chr6	41650000	41660000	7.7750693595128935	41655000
chr6	41660000	41670000	4.57382961719879	41665000
chr6	41670000	41680000	4.818811791897303	41675000
chr6	41680000	41690000	9.495837894076674	41685000
chr6	41690000	41700000	8.49301145022621	41695000
chr6	41700000	41710000	8.333039146237951	41705000
chr6	41710000	41720000	6.098627398281913	41715000
chr6	41720000	41730000	8.848720520359981	41725000
chr6	41730000	41740000	15.732685999451967	41735000
chr6	41740000	41750000	5.250930848037393	41745000
chr6	41750000	41760000	4.713319557628963	41755000
chr6	41760000	41770000	3.493884481508427	41765000
chr6	41770000	41780000	3.314723910732047	41775000
chr6	41780000	41790000	4.236475762782985	41785000
chr6	41790000	41800000	11.525971108067719	41795000
chr6	41800000	41810000	4.192024629212689	41805000
chr6	41810000	41820000	3.0638908000414395	41815000
chr6	41820000	41830000	2.8654498304720755	41825000
chr6	41830000	41840000	3.8330791406654874	41835000
chr6	41840000	41850000	4.894235537186796	41845000
chr6	41850000	41860000	15.817816542026577	41855000
chr6	41860000	41870000	9.360484315349964	41865000
chr6	41870000	41880000	8.934837709812271	41875000
chr6	41880000	41890000	5.152636198800823	41885000
chr6	41890000	41900000	4.999251240435751	41895000
chr6	41900000	41910000	8.72663583533872	41905000
chr6	41910000	41920000	4.445073204276508	41915000
chr6	41920000	41930000	3.8371719744722173	41925000
chr6	41930000	41940000	2.669004914831569	41935000
chr6	41940000	41950000	3.4068707147199473	41945000
chr6	41950000	41960000	2.997522481281983	41955000
chr6	41960000	41970000	5.065462090010346	41965000
chr6	41970000	41980000	11.097243751284235	41975000
chr6	41980000	41990000	13.388903105394984	41985000
chr6	41990000	42000000	14.747549362685934	41995000
chr6	42000000	42010000	8.546276046773318	42005000
chr6	42010000	42020000	6.542080022381908	42015000
chr6	42020000	42030000	5.051879211434983	42025000
chr6	42030000	42040000	5.962577916768801	42035000
chr6	42040000	42050000	6.576782147450443	42045000
chr6	42050000	42060000	3.72599429834318	42055000
chr6	42060000	42070000	4.434725798430489	42065000
chr6	42070000	42080000	8.294001620817488	42075000
chr6	42080000	42090000	4.440748611925984	42085000
chr6	42090000	42100000	6.982816941921866	42095000
chr6	42100000	42110000	6.206879337412926	42105000
chr6	42110000	42120000	4.672954116040064	42115000
chr6	42120000	42130000	2.1278208296023737	42125000
chr6	42130000	42140000	5.405465225892242	42135000
chr6	42140000	42150000	4.609805082159739	42145000
chr6	42150000	42160000	4.58244658355952	42155000
chr6	42160000	42170000	4.452884147738747	42165000
chr6	42170000	42180000	6.7489093340039865	42175000
chr6	42180000	42190000	13.948003655055755	42185000
chr6	42190000	42200000	7.165504631769727	42195000
chr6	42200000	42210000	7.709442542975127	42205000
chr6	42210000	42220000	13.647186275820845	42215000
chr6	42220000	42230000	10.227434058261759	42225000
chr6	42230000	42240000	6.798241938072613	42235000
chr6	42240000	42250000	11.222717400695041	42245000
chr6	42250000	42260000	10.181354941734998	42255000
chr6	42260000	42270000	7.1091877461479696	42265000
chr6	42270000	42280000	10.338617043117424	42275000
chr6	42280000	42290000	6.2703295567704584	42285000
chr6	42290000	42300000	1.222401617399384	42295000
chr6	42300000	42310000	7.468410887226256	42305000
chr6	42310000	42320000	7.337239228562138	42315000
chr6	42320000	42330000	5.949770429618722	42325000
chr6	42330000	42340000	3.2234293995950427	42335000
chr6	42340000	42350000	1.794187258242809	42345000
chr6	42350000	42360000	2.254684420797563	42355000
chr6	42360000	42370000	4.770447155778073	42365000
chr6	42370000	42380000	6.857480987539654	42375000
chr6	42380000	42390000	14.45000583984486	42385000
chr6	42390000	42400000	8.066326103284755	42395000
chr6	42400000	42410000	10.579255342628256	42405000
chr6	42410000	42420000	10.909400729181764	42415000
chr6	42420000	42430000	9.75104119483027	42425000
chr6	42430000	42440000	4.6422466414860635	42435000
chr6	42440000	42450000	3.3259703952562223	42445000
chr6	42450000	42460000	7.520003761867206	42455000
chr6	42460000	42470000	3.3203164853229907	42465000
chr6	42470000	42480000	3.6191605522474495	42475000
chr6	42480000	42490000	4.254287962679634	42485000
chr6	42490000	42500000	1.6917819737806123	42495000
chr6	42500000	42510000	2.1725127071687074	42505000
chr6	42510000	42520000	2.8577796105553155	42515000
chr6	42520000	42530000	1.4009866620984575	42525000
chr6	42530000	42540000	1.9796789788298996	42535000
chr6	42540000	42550000	7.742087894012399	42545000
chr6	42550000	42560000	2.8976992534680117	42555000
chr6	42560000	42570000	2.3712867111730294	42565000
chr6	42570000	42580000	3.566704554253215	42575000
chr6	42580000	42590000	7.433015913574014	42585000
chr6	42590000	42600000	3.0895091937649823	42595000
chr6	42600000	42610000	2.1607326826070907	42605000
chr6	42610000	42620000	2.647002746336449	42615000
chr6	42620000	42630000	2.6556337714429783	42625000
chr6	42630000	42640000	1.7558732478538959	42635000
chr6	42640000	42650000	4.458280445151395	42645000
chr6	42650000	42660000	4.167081962257052	42655000
chr6	42660000	42670000	3.7077316909711073	42665000
chr6	42670000	42680000	5.122758836815292	42675000
chr6	42680000	42690000	5.981025261380533	42685000
chr6	42690000	42700000	6.5939520478314195	42695000
chr6	42700000	42710000	9.03272727715674	42705000
chr6	42710000	42720000	7.710470071021278	42715000
chr6	42720000	42730000	8.15458318635789	42725000
chr6	42730000	42740000	11.803755368207582	42735000
chr6	42740000	42750000	6.410183477954718	42745000
chr6	42750000	42760000	8.716847970136978	42755000
chr6	42760000	42770000	3.693608672810567	42765000
chr6	42770000	42780000	7.440713504566369	42775000
chr6	42780000	42790000	8.414512993242969	42785000
chr6	42790000	42800000	8.75744775110368	42795000
chr6	42800000	42810000	4.839245758191234	42805000
chr6	42810000	42820000	3.247579501507216	42815000
chr6	42820000	42830000	5.190639907369769	42825000
chr6	42830000	42840000	8.574360092675684	42835000
chr6	42840000	42850000	5.892046099041754	42845000
chr6	42850000	42860000	6.840135508976149	42855000
chr6	42860000	42870000	7.023713384421426	42865000
chr6	42870000	42880000	7.3349439131355245	42875000
chr6	42880000	42890000	4.057872729282142	42885000
chr6	42890000	42900000	6.2571282422030965	42895000
chr6	42900000	42910000	5.311857296076536	42905000
chr6	42910000	42920000	2.883076418990442	42915000
chr6	42920000	42930000	4.757503719292781	42925000
chr6	42930000	42940000	4.975188565786946	42935000
chr6	42940000	42950000	5.639528048674625	42945000
chr6	42950000	42960000	8.210823232025637	42955000
chr6	42960000	42970000	4.675495167578339	42965000
chr6	42970000	42980000	3.2195225869298496	42975000
chr6	42980000	42990000	5.026749969417288	42985000
chr6	42990000	43000000	5.724489143846379	42995000
chr6	43000000	43010000	3.2254653899829284	43005000
chr6	43010000	43020000	3.5023951078300746	43015000
chr6	43020000	43030000	10.758666346930912	43025000
chr6	43030000	43040000	2.2977009514530167	43035000
chr6	43040000	43050000	3.3678075568439265	43045000
chr6	43050000	43060000	3.2216477217274933	43055000
chr6	43060000	43070000	3.1178862277128703	43065000
chr6	43070000	43080000	3.61266823954959	43075000
chr6	43080000	43090000	5.287213984222027	43085000
chr6	43090000	43100000	9.06962133810121	43095000
chr6	43100000	43110000	3.9383311075439447	43105000
chr6	43110000	43120000	4.190904414167584	43115000
chr6	43120000	43130000	4.6661590794012096	43125000
chr6	43130000	43140000	13.552036074379048	43135000
chr6	43140000	43150000	6.018814061156613	43145000
chr6	43150000	43160000	3.2142187990128894	43155000
chr6	43160000	43170000	4.854391060190486	43165000
chr6	43170000	43180000	3.032238139385647	43175000
chr6	43180000	43190000	3.3298415350875485	43185000
chr6	43190000	43200000	4.5994619924670115	43195000
chr6	43200000	43210000	3.3881512863055305	43205000
chr6	43210000	43220000	2.6632155370804376	43215000
chr6	43220000	43230000	4.967658969468072	43225000
chr6	43230000	43240000	2.8332775029316375	43235000
chr6	43240000	43250000	2.7424189417411884	43245000
chr6	43250000	43260000	4.263360755614218	43255000
chr6	43260000	43270000	4.165919126394616	43265000
chr6	43270000	43280000	3.8715534103496014	43275000
chr6	43280000	43290000	3.9887140018714486	43285000
chr6	43290000	43300000	5.6202396196200235	43295000
chr6	43300000	43310000	6.005493627003759	43305000
chr6	43310000	43320000	5.65102574466525	43315000
chr6	43320000	43330000	4.8011766533117415	43325000
chr6	43330000	43340000	4.764580445133213	43335000
chr6	43340000	43350000	4.9968230927853154	43345000
chr6	43350000	43360000	6.85298582839399	43355000
chr6	43360000	43370000	3.6085605901888433	43365000
chr6	43370000	43380000	3.55698900247737	43375000
chr6	43380000	43390000	5.9608648124270855	43385000
chr6	43390000	43400000	5.756932979034105	43395000
chr6	43400000	43410000	6.206707945750163	43405000
chr6	43410000	43420000	4.181009894698878	43415000
chr6	43420000	43430000	10.985408963346062	43425000
chr6	43430000	43440000	6.515048971526604	43435000
chr6	43440000	43450000	6.543073786227484	43445000
chr6	43450000	43460000	14.415690439849207	43455000
chr6	43460000	43470000	4.624080299515817	43465000
chr6	43470000	43480000	9.559504797975109	43475000
chr6	43480000	43490000	3.718178843876575	43485000
chr6	43490000	43500000	1.8992646166628242	43495000
chr6	43500000	43510000	1.3070437458767892	43505000
chr6	43510000	43520000	1.6117993071896168	43515000
chr6	43520000	43530000	2.541540141744618	43525000
chr6	43530000	43540000	8.822955325817087	43535000
chr6	43540000	43550000	1.3511185375738124	43545000
chr6	43550000	43560000	3.1427047189339503	43555000
chr6	43560000	43570000	3.328419441574055	43565000
chr6	43570000	43580000	3.4983935330657876	43575000
chr6	43580000	43590000	2.3327905188681783	43585000
chr6	43590000	43600000	6.772469344787323	43595000
chr6	43600000	43610000	5.4415893418671795	43605000
chr6	43610000	43620000	11.261821567785706	43615000
chr6	43620000	43630000	1.8841958835982897	43625000
chr6	43630000	43640000	9.460735424942047	43635000
chr6	43640000	43650000	2.306935118427681	43645000
chr6	43650000	43660000	2.585502527386207	43655000
chr6	43660000	43670000	0.9577713747736054	43665000
chr6	43670000	43680000	1.042732147829875	43675000
chr6	43680000	43690000	1.258854560667098	43685000
chr6	43690000	43700000	0.932825416597239	43695000
chr6	43700000	43710000	1.3491472331740508	43705000
chr6	43710000	43720000	8.794730303412395	43715000
chr6	43720000	43730000	2.572676549662849	43725000
chr6	43730000	43740000	1.900097935803903	43735000
chr6	43740000	43750000	2.8108568928718016	43745000
chr6	43750000	43760000	3.6203112982308085	43755000
chr6	43760000	43770000	5.958470902949333	43765000
chr6	43770000	43780000	9.750166512550374	43775000
chr6	43780000	43790000	2.503855004399359	43785000
chr6	43790000	43800000	2.787344378805238	43795000
chr6	43800000	43810000	8.448269135571282	43805000
chr6	43810000	43820000	8.364173826402583	43815000
chr6	43820000	43830000	8.748410938549057	43825000
chr6	43830000	43840000	11.152999400374368	43835000
chr6	43840000	43850000	9.210893773677276	43845000
chr6	43850000	43860000	5.315425566084914	43855000
chr6	43860000	43870000	4.033079169977026	43865000
chr6	43870000	43880000	3.2010569760097267	43875000
chr6	43880000	43890000	4.1162245580227275	43885000
chr6	43890000	43900000	10.541871932899966	43895000
chr6	43900000	43910000	2.525897937800171	43905000
chr6	43910000	43920000	7.814216994237292	43915000
chr6	43920000	43930000	5.497124831481937	43925000
chr6	43930000	43940000	4.818070466804845	43935000
chr6	43940000	43950000	2.3557456724229198	43945000
chr6	43950000	43960000	3.6207101748061206	43955000
chr6	43960000	43970000	5.399380068290212	43965000
chr6	43970000	43980000	2.4371976559067967	43975000
chr6	43980000	43990000	6.5303362916101815	43985000
chr6	43990000	44000000	4.04919082199174	43995000
chr6	44000000	44010000	4.94225152312185	44005000
chr6	44010000	44020000	4.215083860914804	44015000
chr6	44020000	44030000	5.198370264048016	44025000
chr6	44030000	44040000	1.1830672569098928	44035000
chr6	44040000	44050000	0.6563553008698371	44045000
chr6	44050000	44060000	0.9014056257523541	44055000
chr6	44060000	44070000	0.6269551900884764	44065000
chr6	44070000	44080000	1.717454028310369	44075000
chr6	44080000	44090000	0.9042209738621928	44085000
chr6	44090000	44100000	0.6598304407372492	44095000
chr6	44100000	44110000	0.8021652382871317	44105000
chr6	44110000	44120000	1.1183909120913884	44115000
chr6	44120000	44130000	0.47099252592018714	44125000
chr6	44130000	44140000	1.1246827722147226	44135000
chr6	44140000	44150000	1.0103376937213693	44145000
chr6	44150000	44160000	0.821817639622353	44155000
chr6	44160000	44170000	3.143153956733521	44165000
chr6	44170000	44180000	1.4635820619384983	44175000
chr6	44180000	44190000	2.4890034731732933	44185000
chr6	44190000	44200000	2.147448671345167	44195000
chr6	44200000	44210000	6.4433506214270695	44205000
chr6	44210000	44220000	6.069664612140467	44215000
chr6	44220000	44230000	6.758039889167462	44225000
chr6	44230000	44240000	3.461039665619194	44235000
chr6	44240000	44250000	14.349742218924563	44245000
chr6	44250000	44260000	12.798825053105885	44255000
chr6	44260000	44270000	5.860407939789256	44265000
chr6	44270000	44280000	5.654471069415319	44275000
chr6	44280000	44290000	2.9087734886867977	44285000
chr6	44290000	44300000	3.37813745979194	44295000
chr6	44300000	44310000	4.72165869008298	44305000
chr6	44310000	44320000	1.2037873230346328	44315000
chr6	44320000	44330000	2.776809508761827	44325000
chr6	44330000	44340000	1.803248874401866	44335000
chr6	44340000	44350000	1.976267801574412	44345000
chr6	44350000	44360000	3.0925857676419706	44355000
chr6	44360000	44370000	6.139419236147012	44365000
chr6	44370000	44380000	8.801356864771693	44375000
chr6	44380000	44390000	21.137988322558623	44385000
chr6	44390000	44400000	4.12366647791413	44395000
chr6	44400000	44410000	3.5176379999234553	44405000
chr6	44410000	44420000	3.675227551716841	44415000
chr6	44420000	44430000	5.051334315550943	44425000
chr6	44430000	44440000	6.375207997098641	44435000
chr6	44440000	44450000	7.281525380204893	44445000
chr6	44450000	44460000	14.339648015520202	44455000
chr6	44460000	44470000	6.231137557546291	44465000
chr6	44470000	44480000	3.442983528024974	44475000
chr6	44480000	44490000	4.646574050819185	44485000
chr6	44490000	44500000	15.728056044917105	44495000
chr6	44500000	44510000	7.6234899423739515	44505000
chr6	44510000	44520000	4.669184838385684	44515000
chr6	44520000	44530000	2.017674505183085	44525000
chr6	44530000	44540000	1.5254358697481551	44535000
chr6	44540000	44550000	1.5379926943496502	44545000
chr6	44550000	44560000	1.4635268663877758	44555000
chr6	44560000	44570000	2.445893620505288	44565000
chr6	44570000	44580000	2.142446473817336	44575000
chr6	44580000	44590000	1.282169148711211	44585000
chr6	44590000	44600000	5.80031448222186	44595000
chr6	44600000	44610000	16.698489709437517	44605000
chr6	44610000	44620000	11.855911524792795	44615000
chr6	44620000	44630000	8.125956617110756	44625000
chr6	44630000	44640000	14.939877990483868	44635000
chr6	44640000	44650000	6.592956527201533	44645000
chr6	44650000	44660000	12.304745952689881	44655000
chr6	44660000	44670000	8.667717431385144	44665000
chr6	44670000	44680000	7.088343147075181	44675000
chr6	44680000	44690000	5.1081638800292115	44685000
chr6	44690000	44700000	2.7762982725389924	44695000
chr6	44700000	44710000	2.9900174999620295	44705000
chr6	44710000	44720000	8.1547256344094	44715000
chr6	44720000	44730000	4.943611120813402	44725000
chr6	44730000	44740000	4.779857486388344	44735000
chr6	44740000	44750000	11.366685136464726	44745000
chr6	44750000	44760000	0.9139021699156422	44755000
chr6	44760000	44770000	1.0596098809507661	44765000
chr6	44770000	44780000	0.9941968775547273	44775000
chr6	44780000	44790000	1.2760327253571464	44785000
chr6	44790000	44800000	1.5150280326364842	44795000
chr6	44800000	44810000	4.584535019778024	44805000
chr6	44810000	44820000	8.248560200595561	44815000
chr6	44820000	44830000	11.119028947299718	44825000
chr6	44830000	44840000	13.363189855422029	44835000
chr6	44840000	44850000	9.9303838823172	44845000
chr6	44850000	44860000	3.2537146237493464	44855000
chr6	44860000	44870000	11.067577120969375	44865000
chr6	44870000	44880000	10.312340344114167	44875000
chr6	44880000	44890000	1.94271460769113	44885000
chr6	44890000	44900000	0.7650888248416711	44895000
chr6	44900000	44910000	0.3882644757747275	44905000
chr6	44910000	44920000	0.6033738935807682	44915000
chr6	44920000	44930000	2.3556852089918747	44925000
chr6	44930000	44940000	6.069502576344212	44935000
chr6	44940000	44950000	1.117956859917427	44945000
chr6	44950000	44960000	0.8873376312491407	44955000
chr6	44960000	44970000	1.9320171634938998	44965000
chr6	44970000	44980000	2.2826229779670673	44975000
chr6	44980000	44990000	2.1135624815625946	44985000
chr6	44990000	45000000	1.06127009365693	44995000
chr6	45000000	45010000	1.3894972868868012	45005000
chr6	45010000	45020000	10.582437107639512	45015000
chr6	45020000	45030000	2.89733995374742	45025000
chr6	45030000	45040000	2.1250423006824333	45035000
chr6	45040000	45050000	1.821302990787889	45045000
chr6	45050000	45060000	2.963199488542644	45055000
chr6	45060000	45070000	9.190198751957732	45065000
chr6	45070000	45080000	6.727294282879516	45075000
chr6	45080000	45090000	4.476756989759605	45085000
chr6	45090000	45100000	10.857899184138324	45095000
chr6	45100000	45110000	6.83731536800521	45105000
chr6	45110000	45120000	2.6988056796593725	45115000
chr6	45120000	45130000	1.662593609330719	45125000
chr6	45130000	45140000	5.3321333824605865	45135000
chr6	45140000	45150000	7.883244145173898	45145000
chr6	45150000	45160000	4.179725052198781	45155000
chr6	45160000	45170000	3.1757594057781686	45165000
chr6	45170000	45180000	3.558804909068567	45175000
chr6	45180000	45190000	2.639325149673318	45185000
chr6	45190000	45200000	3.616959239320499	45195000
chr6	45200000	45210000	3.7956055300494076	45205000
chr6	45210000	45220000	2.262464122843308	45215000
chr6	45220000	45230000	3.601059422283475	45225000
chr6	45230000	45240000	3.515635248888415	45235000
chr6	45240000	45250000	2.7740400653856994	45245000
chr6	45250000	45260000	3.2186355046954356	45255000
chr6	45260000	45270000	3.742017795577644	45265000
chr6	45270000	45280000	3.3133573485472345	45275000
chr6	45280000	45290000	4.207634975953465	45285000
chr6	45290000	45300000	2.707679428036246	45295000
chr6	45300000	45310000	3.1731994563847445	45305000
chr6	45310000	45320000	2.794192518192397	45315000
chr6	45320000	45330000	1.8198265742633828	45325000
chr6	45330000	45340000	2.7038783618785236	45335000
chr6	45340000	45350000	1.767834226034644	45345000
chr6	45350000	45360000	2.9305471316313354	45355000
chr6	45360000	45370000	2.806619054087623	45365000
chr6	45370000	45380000	4.984242706474186	45375000
chr6	45380000	45390000	5.161967976335392	45385000
chr6	45390000	45400000	5.277654234170975	45395000
chr6	45400000	45410000	14.26930786323934	45405000
chr6	45410000	45420000	11.797705668636803	45415000
chr6	45420000	45430000	14.927460785885096	45425000
chr6	45430000	45440000	8.112881121221024	45435000
chr6	45440000	45450000	10.080015383089272	45445000
chr6	45450000	45460000	7.355639389509145	45455000
chr6	45460000	45470000	9.043211709066394	45465000
chr6	45470000	45480000	5.048422614990803	45475000
chr6	45480000	45490000	10.448188239389326	45485000
chr6	45490000	45500000	7.163796276873759	45495000
chr6	45500000	45510000	7.692191768768227	45505000
chr6	45510000	45520000	9.673654170514759	45515000
chr6	45520000	45530000	21.105679931314604	45525000
chr6	45530000	45540000	26.30594536680618	45535000
chr6	45540000	45550000	3.621982076858679	45545000
chr6	45550000	45560000	3.4553206372268543	45555000
chr6	45560000	45570000	16.516370552848006	45565000
chr6	45570000	45580000	11.198868239058598	45575000
chr6	45580000	45590000	3.7983694614050107	45585000
chr6	45590000	45600000	6.025249432498622	45595000
chr6	45600000	45610000	9.712264399819782	45605000
chr6	45610000	45620000	6.548617848440972	45615000
chr6	45620000	45630000	5.0227127822927615	45625000
chr6	45630000	45640000	3.9619504495856543	45635000
chr6	45640000	45650000	7.404859450565168	45645000
chr6	45650000	45660000	3.8104925143324455	45655000
chr6	45660000	45670000	1.739620008868763	45665000
chr6	45670000	45680000	2.7085677479258714	45675000
chr6	45680000	45690000	2.148609503959725	45685000
chr6	45690000	45700000	3.3808837724883487	45695000
chr6	45700000	45710000	3.105803263902948	45705000
chr6	45710000	45720000	1.330522750072759	45715000
chr6	45720000	45730000	2.704066725206517	45725000
chr6	45730000	45740000	2.932930030203212	45735000
chr6	45740000	45750000	2.9188674593028536	45745000
chr6	45750000	45760000	1.3422753196560893	45755000
chr6	45760000	45770000	1.8022870889040954	45765000
chr6	45770000	45780000	2.6717582022783035	45775000
chr6	45780000	45790000	2.655315188619684	45785000
chr6	45790000	45800000	4.251726707818247	45795000
chr6	45800000	45810000	7.414284610425414	45805000
chr6	45810000	45820000	7.28353605779198	45815000
chr6	45820000	45830000	3.9134498277487535	45825000
chr6	45830000	45840000	3.5847653271633177	45835000
chr6	45840000	45850000	2.9842204293339387	45845000
chr6	45850000	45860000	2.75897804620596	45855000
chr6	45860000	45870000	2.196439331850122	45865000
chr6	45870000	45880000	3.3193991584779634	45875000
chr6	45880000	45890000	9.004215918075422	45885000
chr6	45890000	45900000	2.7147840073652962	45895000
chr6	45900000	45910000	3.628949522602543	45905000
chr6	45910000	45920000	6.814876824283883	45915000
chr6	45920000	45930000	2.9917686254194367	45925000
chr6	45930000	45940000	3.921107502037049	45935000
chr6	45940000	45950000	4.322783974191982	45945000
chr6	45950000	45960000	2.3772836193502798	45955000
chr6	45960000	45970000	12.516332479807396	45965000
chr6	45970000	45980000	3.841322606071351	45975000
chr6	45980000	45990000	3.000699647135347	45985000
chr6	45990000	46000000	4.861444960457077	45995000
chr6	46000000	46010000	3.200550854874019	46005000
chr6	46010000	46020000	4.298892698686331	46015000
chr6	46020000	46030000	8.092753551906988	46025000
chr6	46030000	46040000	16.273181210541715	46035000
chr6	46040000	46050000	4.067020115019306	46045000
chr6	46050000	46060000	4.21114575908703	46055000
chr6	46060000	46070000	4.475625066812257	46065000
chr6	46070000	46080000	5.663465632760877	46075000
chr6	46080000	46090000	3.08602797611728	46085000
chr6	46090000	46100000	18.15890692089289	46095000
chr6	46100000	46110000	3.148702282764431	46105000
chr6	46110000	46120000	4.084119270417404	46115000
chr6	46120000	46130000	2.3672449558789723	46125000
chr6	46130000	46140000	3.2303759242590866	46135000
chr6	46140000	46150000	4.846510583800297	46145000
chr6	46150000	46160000	2.139682994515544	46155000
chr6	46160000	46170000	6.4275938280469935	46165000
chr6	46170000	46180000	8.414655632072739	46175000
chr6	46180000	46190000	4.376086539154978	46185000
chr6	46190000	46200000	6.5784894073201015	46195000
chr6	46200000	46210000	12.317902024548484	46205000
chr6	46210000	46220000	1.998929547317436	46215000
chr6	46220000	46230000	6.094500195786423	46225000
chr6	46230000	46240000	10.260842110828488	46235000
chr6	46240000	46250000	1.7347472338563434	46245000
chr6	46250000	46260000	2.0236560985225873	46255000
chr6	46260000	46270000	3.109778635910377	46265000
chr6	46270000	46280000	0.7048342011774028	46275000
chr6	46280000	46290000	0.8051633426555083	46285000
chr6	46290000	46300000	1.5924446073952139	46295000
chr6	46300000	46310000	1.1307823035190072	46305000
chr6	46310000	46320000	1.4773599334946366	46315000
chr6	46320000	46330000	5.112283163668937	46325000
chr6	46330000	46340000	1.0636424767551276	46335000
chr6	46340000	46350000	0.9594619524401494	46345000
chr6	46350000	46360000	2.009220457856449	46355000
chr6	46360000	46370000	4.602542719306436	46365000
chr6	46370000	46380000	4.780080976315293	46375000
chr6	46380000	46390000	2.9073590057594267	46385000
chr6	46390000	46400000	1.1999914154244589	46395000
chr6	46400000	46410000	1.815339834849757	46405000
chr6	46410000	46420000	3.7257136917674756	46415000
chr6	46420000	46430000	7.705495550140392	46425000
chr6	46430000	46440000	3.8727600146221564	46435000
chr6	46440000	46450000	2.5703764583293296	46445000
chr6	46450000	46460000	4.467628888466728	46455000
chr6	46460000	46470000	4.068620356561648	46465000
chr6	46470000	46480000	4.21557662337738	46475000
chr6	46480000	46490000	3.7917834592023105	46485000
chr6	46490000	46500000	4.451101698865252	46495000
chr6	46500000	46510000	5.857276489601898	46505000
chr6	46510000	46520000	5.21408616082865	46515000
chr6	46520000	46530000	5.3781664210508655	46525000
chr6	46530000	46540000	17.57988059231757	46535000
chr6	46540000	46550000	13.227169732688576	46545000
chr6	46550000	46560000	4.3047768587756625	46555000
chr6	46560000	46570000	4.954810497529297	46565000
chr6	46570000	46580000	6.090001135361724	46575000
chr6	46580000	46590000	7.87609088095948	46585000
chr6	46590000	46600000	5.774721672448886	46595000
chr6	46600000	46610000	8.127143261231252	46605000
chr6	46610000	46620000	7.922802280692914	46615000
chr6	46620000	46630000	12.239541247796632	46625000
chr6	46630000	46640000	11.425708101004972	46635000
chr6	46640000	46650000	6.388195347397941	46645000
chr6	46650000	46660000	5.094447636501085	46655000
chr6	46660000	46670000	2.5233173302419463	46665000
chr6	46670000	46680000	1.4335210939569194	46675000
chr6	46680000	46690000	0.6527450371353211	46685000
chr6	46690000	46700000	0.6946452116570865	46695000
chr6	46700000	46710000	2.692954629050039	46705000
chr6	46710000	46720000	6.822816219236111	46715000
chr6	46720000	46730000	3.87690422603679	46725000
chr6	46730000	46740000	1.6294790809383328	46735000
chr6	46740000	46750000	3.256282079032448	46745000
chr6	46750000	46760000	5.960067029207483	46755000
chr6	46760000	46770000	14.140529938074273	46765000
chr6	46770000	46780000	7.511122553247257	46775000
chr6	46780000	46790000	11.792002991890175	46785000
chr6	46790000	46800000	11.05629804376582	46795000
chr6	46800000	46810000	10.032299678368803	46805000
chr6	46810000	46820000	13.869072944781454	46815000
chr6	46820000	46830000	6.966656522755501	46825000
chr6	46830000	46840000	7.31511754590437	46835000
chr6	46840000	46850000	4.817005353642038	46845000
chr6	46850000	46860000	6.210285331217217	46855000
chr6	46860000	46870000	5.462194403176459	46865000
chr6	46870000	46880000	9.350816764470414	46875000
chr6	46880000	46890000	7.386755860279147	46885000
chr6	46890000	46900000	8.06521629824275	46895000
chr6	46900000	46910000	11.705873367960397	46905000
chr6	46910000	46920000	12.975855737641943	46915000
chr6	46920000	46930000	15.17686437863046	46925000
chr6	46930000	46940000	4.306137834161239	46935000
chr6	46940000	46950000	4.251182054611104	46945000
chr6	46950000	46960000	3.4479176961331715	46955000
chr6	46960000	46970000	3.5699125660911433	46965000
chr6	46970000	46980000	5.6623103561047925	46975000
chr6	46980000	46990000	3.8823460122235502	46985000
chr6	46990000	47000000	4.075182226791895	46995000
chr6	47000000	47010000	6.303357760319932	47005000
chr6	47010000	47020000	4.179765927968917	47015000
chr6	47020000	47030000	4.834079509383564	47025000
chr6	47030000	47040000	5.173253681012423	47035000
chr6	47040000	47050000	6.402374462421473	47045000
chr6	47050000	47060000	4.521862550791026	47055000
chr6	47060000	47070000	5.597000778111123	47065000
chr6	47070000	47080000	5.252738151018696	47075000
chr6	47080000	47090000	6.4129299483975	47085000
chr6	47090000	47100000	8.730954330644195	47095000
chr6	47100000	47110000	10.13722141607161	47105000
chr6	47110000	47120000	3.870461291153825	47115000
chr6	47120000	47130000	10.624902071404255	47125000
chr6	47130000	47140000	8.076330694051906	47135000
chr6	47140000	47150000	6.132585752433238	47145000
chr6	47150000	47160000	3.4108983052358224	47155000
chr6	47160000	47170000	5.319258072139348	47165000
chr6	47170000	47180000	4.845086040138657	47175000
chr6	47180000	47190000	5.193517372806419	47185000
chr6	47190000	47200000	5.461731347444214	47195000
chr6	47200000	47210000	3.835784989885218	47205000
chr6	47210000	47220000	14.935205074675462	47215000
chr6	47220000	47230000	4.627759032826059	47225000
chr6	47230000	47240000	9.167318428979153	47235000
chr6	47240000	47250000	7.556466641850332	47245000
chr6	47250000	47260000	6.525478745147271	47255000
chr6	47260000	47270000	7.589172987253442	47265000
chr6	47270000	47280000	5.714913621349004	47275000
chr6	47280000	47290000	6.971673359510895	47285000
chr6	47290000	47300000	3.397017558578059	47295000
chr6	47300000	47310000	2.466392113934693	47305000
chr6	47310000	47320000	0.5784115384982045	47315000
chr6	47320000	47330000	1.967282783874728	47325000
chr6	47330000	47340000	12.289366545143121	47335000
chr6	47340000	47350000	10.011445859846777	47345000
chr6	47350000	47360000	1.1077951325206714	47355000
chr6	47360000	47370000	0.5047741475654147	47365000
chr6	47370000	47380000	7.4981230372548495	47375000
chr6	47380000	47390000	0.7444150690804892	47385000
chr6	47390000	47400000	0.3320900603049106	47395000
chr6	47400000	47410000	1.0768924293100206	47405000
chr6	47410000	47420000	0.6722748668088955	47415000
chr6	47420000	47430000	5.200487916098034	47425000
chr6	47430000	47440000	7.625397683359765	47435000
chr6	47440000	47450000	6.086389021550723	47445000
chr6	47450000	47460000	6.51834098018535	47455000
chr6	47460000	47470000	7.382580743300825	47465000
chr6	47470000	47480000	3.0395456872415583	47475000
chr6	47480000	47490000	3.9490704698160735	47485000
chr6	47490000	47500000	9.452993791893439	47495000
chr6	47500000	47510000	9.595769460854166	47505000
chr6	47510000	47520000	9.156710643672984	47515000
chr6	47520000	47530000	2.252788944473292	47525000
chr6	47530000	47540000	2.0388408153855244	47535000
chr6	47540000	47550000	1.1016762273159015	47545000
chr6	47550000	47560000	1.9677934558146053	47555000
chr6	47560000	47570000	11.457806729157667	47565000
chr6	47570000	47580000	3.1479949776957716	47575000
chr6	47580000	47590000	2.91868582185317	47585000
chr6	47590000	47600000	3.1547205822231286	47595000
chr6	47600000	47610000	6.36921498124783	47605000
chr6	47610000	47620000	1.668012508607919	47615000
chr6	47620000	47630000	2.629200372098336	47625000
chr6	47630000	47640000	3.831531829949493	47635000
chr6	47640000	47650000	3.102312092429494	47645000
chr6	47650000	47660000	2.5707810226417696	47655000
chr6	47660000	47670000	2.8084935698826317	47665000
chr6	47670000	47680000	3.8138258851783555	47675000
chr6	47680000	47690000	5.626851897857549	47685000
chr6	47690000	47700000	3.525264646898818	47695000
chr6	47700000	47710000	5.740309866016686	47705000
chr6	47710000	47720000	2.8304929586821403	47715000
chr6	47720000	47730000	7.926647291234952	47725000
chr6	47730000	47740000	4.622935495907191	47735000
chr6	47740000	47750000	4.896594241171676	47745000
chr6	47750000	47760000	3.160459626448239	47755000
chr6	47760000	47770000	2.8635644842608845	47765000
chr6	47770000	47780000	1.7481105287386507	47775000
chr6	47780000	47790000	1.9259037100086953	47785000
chr6	47790000	47800000	4.041125727498615	47795000
chr6	47800000	47810000	5.425064753261498	47805000
chr6	47810000	47820000	3.1971407223170925	47815000
chr6	47820000	47830000	3.674956682039698	47825000
chr6	47830000	47840000	6.919632660424154	47835000
chr6	47840000	47850000	6.24396677120616	47845000
chr6	47850000	47860000	4.578001143292287	47855000
chr6	47860000	47870000	1.8127244893270806	47865000
chr6	47870000	47880000	2.5490180561937232	47875000
chr6	47880000	47890000	3.1276669786789655	47885000
chr6	47890000	47900000	2.160129890453263	47895000
chr6	47900000	47910000	3.0640899349098234	47905000
chr6	47910000	47920000	1.4085966046115246	47915000
chr6	47920000	47930000	2.0919582243599533	47925000
chr6	47930000	47940000	2.620067905756724	47935000
chr6	47940000	47950000	1.9850141206567784	47945000
chr6	47950000	47960000	1.6098980001730503	47955000
chr6	47960000	47970000	2.485382244498799	47965000
chr6	47970000	47980000	1.3974996134870887	47975000
chr6	47980000	47990000	1.9466409764591441	47985000
chr6	47990000	48000000	2.1255871333858227	47995000
chr6	48000000	48010000	2.745860515207008	48005000
chr6	48010000	48020000	4.887028671398924	48015000
chr6	48020000	48030000	3.510067553597785	48025000
chr6	48030000	48040000	3.0392859010558504	48035000
chr6	48040000	48050000	2.263718052620358	48045000
chr6	48050000	48060000	2.688522825808553	48055000
chr6	48060000	48070000	3.5264222483182404	48065000
chr6	48070000	48080000	5.999693821292809	48075000
chr6	48080000	48090000	3.8085094182928287	48085000
chr6	48090000	48100000	1.8106703843242657	48095000
chr6	48100000	48110000	2.8458117738446504	48105000
chr6	48110000	48120000	3.663447202188625	48115000
chr6	48120000	48130000	2.144192214324668	48125000
chr6	48130000	48140000	2.484451457970111	48135000
chr6	48140000	48150000	1.6016886334228242	48145000
chr6	48150000	48160000	5.088508645157716	48155000
chr6	48160000	48170000	6.241101932743929	48165000
chr6	48170000	48180000	5.87980963060125	48175000
chr6	48180000	48190000	3.0668081974994945	48185000
chr6	48190000	48200000	4.012431118030384	48195000
chr6	48200000	48210000	4.484606797287121	48205000
chr6	48210000	48220000	5.348318669180506	48215000
chr6	48220000	48230000	4.267385629604315	48225000
chr6	48230000	48240000	4.005278041757848	48235000
chr6	48240000	48250000	8.073167237372623	48245000
chr6	48250000	48260000	3.1256052528324347	48255000
chr6	48260000	48270000	3.183591757965534	48265000
chr6	48270000	48280000	2.695927854073257	48275000
chr6	48280000	48290000	2.400463763356378	48285000
chr6	48290000	48300000	3.125099325976739	48295000
chr6	48300000	48310000	4.159869470195856	48305000
chr6	48310000	48320000	3.0816269606870637	48315000
chr6	48320000	48330000	3.1113185982774025	48325000
chr6	48330000	48340000	3.571787974688769	48335000
chr6	48340000	48350000	3.4686770847160475	48345000
chr6	48350000	48360000	3.1302921990703165	48355000
chr6	48360000	48370000	2.710575126776526	48365000
chr6	48370000	48380000	1.4853098320753813	48375000
chr6	48380000	48390000	3.140417838898447	48385000
chr6	48390000	48400000	2.244155180572065	48395000
chr6	48400000	48410000	3.418144571278729	48405000
chr6	48410000	48420000	3.263284805849275	48415000
chr6	48420000	48430000	2.8120462625887614	48425000
chr6	48430000	48440000	2.2667610502910995	48435000
chr6	48440000	48450000	2.2232589318353146	48445000
chr6	48450000	48460000	2.8987560982125107	48455000
chr6	48460000	48470000	3.5900338177261037	48465000
chr6	48470000	48480000	16.207061403358765	48475000
chr6	48480000	48490000	5.262611870003692	48485000
chr6	48490000	48500000	2.047997130021551	48495000
chr6	48500000	48510000	3.6829812682398275	48505000
chr6	48510000	48520000	3.258789644747732	48515000
chr6	48520000	48530000	1.704445288945771	48525000
chr6	48530000	48540000	3.1789802360408035	48535000
chr6	48540000	48550000	2.26627038402178	48545000
chr6	48550000	48560000	2.777045563887285	48555000
chr6	48560000	48570000	3.9828640220047618	48565000
chr6	48570000	48580000	4.075191143899623	48575000
chr6	48580000	48590000	2.586182535705497	48585000
chr6	48590000	48600000	4.1536274264353725	48595000
chr6	48600000	48610000	4.108442000734832	48605000
chr6	48610000	48620000	3.3004451898266574	48615000
chr6	48620000	48630000	5.273909079656726	48625000
chr6	48630000	48640000	7.310262013750878	48635000
chr6	48640000	48650000	3.6985027877309276	48645000
chr6	48650000	48660000	5.401894114579612	48655000
chr6	48660000	48670000	8.439889616427553	48665000
chr6	48670000	48680000	4.5368640213165365	48675000
chr6	48680000	48690000	6.401559037211061	48685000
chr6	48690000	48700000	3.4422513684291594	48695000
chr6	48700000	48710000	2.3893761183598277	48705000
chr6	48710000	48720000	4.056191862898778	48715000
chr6	48720000	48730000	2.364266329994989	48725000
chr6	48730000	48740000	1.52102467016913	48735000
chr6	48740000	48750000	3.2641949835519513	48745000
chr6	48750000	48760000	3.57201676903576	48755000
chr6	48760000	48770000	2.311976365971733	48765000
chr6	48770000	48780000	5.753126651580188	48775000
chr6	48780000	48790000	8.009880058178242	48785000
chr6	48790000	48800000	13.26963150041333	48795000
chr6	48800000	48810000	6.791431184903929	48805000
chr6	48810000	48820000	7.1021119839190385	48815000
chr6	48820000	48830000	4.315234441613338	48825000
chr6	48830000	48840000	3.269206258958686	48835000
chr6	48840000	48850000	3.109394356593744	48845000
chr6	48850000	48860000	5.797460424335967	48855000
chr6	48860000	48870000	3.3765739203544154	48865000
chr6	48870000	48880000	2.6216905904820416	48875000
chr6	48880000	48890000	5.5300130334430975	48885000
chr6	48890000	48900000	2.4844166763462563	48895000
chr6	48900000	48910000	0.9922158826240313	48905000
chr6	48910000	48920000	1.5588036982847975	48915000
chr6	48920000	48930000	2.8407571343336375	48925000
chr6	48930000	48940000	6.542071939537693	48935000
chr6	48940000	48950000	1.9225854129503375	48945000
chr6	48950000	48960000	6.826260258413913	48955000
chr6	48960000	48970000	6.473082083503852	48965000
chr6	48970000	48980000	10.449911482370968	48975000
chr6	48980000	48990000	7.972210286588817	48985000
chr6	48990000	49000000	9.514188781051557	48995000
chr6	49000000	49010000	8.06879291289981	49005000
chr6	49010000	49020000	9.725538587649627	49015000
chr6	49020000	49030000	10.921978566090216	49025000
chr6	49030000	49040000	10.772226794318803	49035000
chr6	49040000	49050000	9.922751170140957	49045000
chr6	49050000	49060000	9.780137807291341	49055000
chr6	49060000	49070000	8.951682129496318	49065000
chr6	49070000	49080000	8.899976690229083	49075000
chr6	49080000	49090000	7.460675070625109	49085000
chr6	49090000	49100000	6.16741352453781	49095000
chr6	49100000	49110000	5.486990062886374	49105000
chr6	49110000	49120000	8.326132335422205	49115000
chr6	49120000	49130000	2.5231141538492805	49125000
chr6	49130000	49140000	4.0023824629582	49135000
chr6	49140000	49150000	5.732036659199012	49145000
chr6	49150000	49160000	9.496787884820492	49155000
chr6	49160000	49170000	12.794471875962042	49165000
chr6	49170000	49180000	8.58352776978396	49175000
chr6	49180000	49190000	7.017434184235135	49185000
chr6	49190000	49200000	8.075030358190666	49195000
chr6	49200000	49210000	6.1427062164738855	49205000
chr6	49210000	49220000	3.6802729495121005	49215000
chr6	49220000	49230000	6.93640310245995	49225000
chr6	49230000	49240000	2.189094487733609	49235000
chr6	49240000	49250000	3.672112319963913	49245000
chr6	49250000	49260000	1.610117189057674	49255000
chr6	49260000	49270000	0.8923756798517855	49265000
chr6	49270000	49280000	1.115896858197771	49275000
chr6	49280000	49290000	1.6282925413820437	49285000
chr6	49290000	49300000	1.820054177492507	49295000
chr6	49300000	49310000	4.348646211980846	49305000
chr6	49310000	49320000	15.013790920177426	49315000
chr6	49320000	49330000	4.192687973587745	49325000
chr6	49330000	49340000	8.81361343825043	49335000
chr6	49340000	49350000	4.83348839994028	49345000
chr6	49350000	49360000	8.454806507610657	49355000
chr6	49360000	49370000	6.496509048980432	49365000
chr6	49370000	49380000	10.774669439505187	49375000
chr6	49380000	49390000	9.106852150885704	49385000
chr6	49390000	49400000	6.994890262326808	49395000
chr6	49400000	49410000	18.199246773825866	49405000
chr6	49410000	49420000	8.49958612410027	49415000
chr6	49420000	49430000	8.160903409829096	49425000
chr6	49430000	49440000	15.228445828027445	49435000
chr6	49440000	49450000	9.68163317244416	49445000
chr6	49450000	49460000	8.103491019319875	49455000
chr6	49460000	49470000	6.725802588392833	49465000
chr6	49470000	49480000	10.177242780084068	49475000
chr6	49480000	49490000	12.487510016204796	49485000
chr6	49490000	49500000	9.384530049691007	49495000
chr6	49500000	49510000	2.277467274047812	49505000
chr6	49510000	49520000	7.000476102843457	49515000
chr6	49520000	49530000	10.709308558910097	49525000
chr6	49530000	49540000	9.109936929978351	49535000
chr6	49540000	49550000	5.8606041677261835	49545000
chr6	49550000	49560000	7.960243345394025	49555000
chr6	49560000	49570000	2.25316876724462	49565000
chr6	49570000	49580000	7.887051557137366	49575000
chr6	49580000	49590000	5.149099389852243	49585000
chr6	49590000	49600000	3.9546551161654304	49595000
chr6	49600000	49610000	5.4876583294677195	49605000
chr6	49610000	49620000	6.269835932919859	49615000
chr6	49620000	49630000	4.585664319384149	49625000
chr6	49630000	49640000	3.0801633494048004	49635000
chr6	49640000	49650000	3.1455606929838362	49645000
chr6	49650000	49660000	1.2445094517079967	49655000
chr6	49660000	49670000	7.055804533254849	49665000
chr6	49670000	49680000	1.4456383140471267	49675000
chr6	49680000	49690000	1.0975590509090805	49685000
chr6	49690000	49700000	1.4051927855860007	49695000
chr6	49700000	49710000	2.1297284888294086	49705000
chr6	49710000	49720000	2.3630678552896085	49715000
chr6	49720000	49730000	7.169213427429797	49725000
chr6	49730000	49740000	5.391989249654262	49735000
chr6	49740000	49750000	5.616186524350131	49745000
chr6	49750000	49760000	8.351895388548426	49755000
chr6	49760000	49770000	4.850422105395653	49765000
chr6	49770000	49780000	7.0908851869056315	49775000
chr6	49780000	49790000	6.124708794130161	49785000
chr6	49790000	49800000	8.329490150992914	49795000
chr6	49800000	49810000	4.545346985955564	49805000
chr6	49810000	49820000	5.342529967886975	49815000
chr6	49820000	49830000	4.201101571552056	49825000
chr6	49830000	49840000	7.02020131343788	49835000
chr6	49840000	49850000	7.028042479890064	49845000
chr6	49850000	49860000	4.271161943493403	49855000
chr6	49860000	49870000	9.714588697256866	49865000
chr6	49870000	49880000	20.134222559945442	49875000
chr6	49880000	49890000	11.644720779017568	49885000
chr6	49890000	49900000	11.705411792437825	49895000
chr6	49900000	49910000	7.1376575818193935	49905000
chr6	49910000	49920000	11.93524328433001	49915000
chr6	49920000	49930000	9.190296853032512	49925000
chr6	49930000	49940000	15.680433097123792	49935000
chr6	49940000	49950000	14.105525107048367	49945000
chr6	49950000	49960000	13.647940055069242	49955000
chr6	49960000	49970000	11.838190558399972	49965000
chr6	49970000	49980000	12.861468526200028	49975000
chr6	49980000	49990000	4.729471446628381	49985000
chr6	49990000	50000000	11.484514963386543	49995000
chr6	50000000	50010000	10.824878668593445	50005000
chr6	50010000	50020000	6.577568776152379	50015000
chr6	50020000	50030000	3.7635540031345784	50025000
chr6	50030000	50040000	3.238513265702319	50035000
chr6	50040000	50050000	2.9452190476008253	50045000
chr6	50050000	50060000	3.0726857264117853	50055000
chr6	50060000	50070000	3.1888845616115007	50065000
chr6	50070000	50080000	4.333624356872843	50075000
chr6	50080000	50090000	2.9973122797164926	50085000
chr6	50090000	50100000	4.583498063523342	50095000
chr6	50100000	50110000	5.543946013122614	50105000
chr6	50110000	50120000	6.225425698875823	50115000
chr6	50120000	50130000	6.571627014294458	50125000
chr6	50130000	50140000	5.14106452446306	50135000
chr6	50140000	50150000	4.118163171248088	50145000
chr6	50150000	50160000	2.796244803318316	50155000
chr6	50160000	50170000	5.519805508482864	50165000
chr6	50170000	50180000	0.777831993636316	50175000
chr6	50180000	50190000	0.7256714619771585	50185000
chr6	50190000	50200000	0.9725672703052239	50195000
chr6	50200000	50210000	0.7876709593922052	50205000
chr6	50210000	50220000	1.9494981939067557	50215000
chr6	50220000	50230000	0.994995505692393	50225000
chr6	50230000	50240000	2.7370221094732	50235000
chr6	50240000	50250000	10.516881232988128	50245000
chr6	50250000	50260000	2.4294060779017217	50255000
chr6	50260000	50270000	6.61438035168811	50265000
chr6	50270000	50280000	1.680340394662483	50275000
chr6	50280000	50290000	1.337403973003376	50285000
chr6	50290000	50300000	2.423233662865774	50295000
chr6	50300000	50310000	0.9750523764167388	50305000
chr6	50310000	50320000	1.1259100876112678	50315000
chr6	50320000	50330000	1.9894336658854748	50325000
chr6	50330000	50340000	1.739218159333844	50335000
chr6	50340000	50350000	3.928241055179678	50345000
chr6	50350000	50360000	4.860463836253968	50355000
chr6	50360000	50370000	16.575555185993064	50365000
chr6	50370000	50380000	11.728248535277645	50375000
chr6	50380000	50390000	6.461663466974914	50385000
chr6	50390000	50400000	5.405015939493443	50395000
chr6	50400000	50410000	4.408424829551098	50405000
chr6	50410000	50420000	25.4287343208737	50415000
chr6	50420000	50430000	1.5590944638166608	50425000
chr6	50430000	50440000	1.555802219899658	50435000
chr6	50440000	50450000	8.203994200403471	50445000
chr6	50450000	50460000	1.2487096931131967	50455000
chr6	50460000	50470000	1.7632710459512875	50465000
chr6	50470000	50480000	1.8705729814189234	50475000
chr6	50480000	50490000	2.003984374684385	50485000
chr6	50490000	50500000	22.21543684183254	50495000
chr6	50500000	50510000	7.059561540295165	50505000
chr6	50510000	50520000	4.867692133297458	50515000
chr6	50520000	50530000	8.027746613682153	50525000
chr6	50530000	50540000	4.254490470885073	50535000
chr6	50540000	50550000	4.573122196827026	50545000
chr6	50550000	50560000	4.092965157392231	50555000
chr6	50560000	50570000	3.353460309602089	50565000
chr6	50570000	50580000	2.39318092739497	50575000
chr6	50580000	50590000	3.215826350897579	50585000
chr6	50590000	50600000	10.215121587455348	50595000
chr6	50600000	50610000	2.2143148735055633	50605000
chr6	50610000	50620000	3.4939437699897256	50615000
chr6	50620000	50630000	2.3260659990287915	50625000
chr6	50630000	50640000	4.417927736999397	50635000
chr6	50640000	50650000	4.553633002916148	50645000
chr6	50650000	50660000	1.7878615087290155	50655000
chr6	50660000	50670000	6.417957579477879	50665000
chr6	50670000	50680000	5.473457933923411	50675000
chr6	50680000	50690000	2.905660905825499	50685000
chr6	50690000	50700000	4.978760644829767	50695000
chr6	50700000	50710000	2.9550157167505757	50705000
chr6	50710000	50720000	1.7897019466424446	50715000
chr6	50720000	50730000	1.5930756764614955	50725000
chr6	50730000	50740000	2.048990046232669	50735000
chr6	50740000	50750000	2.156477748309662	50745000
chr6	50750000	50760000	8.461209825252267	50755000
chr6	50760000	50770000	4.700903100021846	50765000
chr6	50770000	50780000	5.068594038841545	50775000
chr6	50780000	50790000	2.617941744440982	50785000
chr6	50790000	50800000	2.2514741367524826	50795000
chr6	50800000	50810000	1.6861869732372583	50805000
chr6	50810000	50820000	2.144493257989517	50815000
chr6	50820000	50830000	1.3582729262780806	50825000
chr6	50830000	50840000	2.831054647530043	50835000
chr6	50840000	50850000	1.616233413099797	50845000
chr6	50850000	50860000	4.259235153249351	50855000
chr6	50860000	50870000	4.519322303139746	50865000
chr6	50870000	50880000	5.658715737524151	50875000
chr6	50880000	50890000	12.971433345119099	50885000
chr6	50890000	50900000	17.199695600465713	50895000
chr6	50900000	50910000	17.39295953205657	50905000
chr6	50910000	50920000	8.867170892902466	50915000
chr6	50920000	50930000	7.58835680042502	50925000
chr6	50930000	50940000	11.442903845888367	50935000
chr6	50940000	50950000	11.242037379494874	50945000
chr6	50950000	50960000	13.908995738194829	50955000
chr6	50960000	50970000	12.512724470325706	50965000
chr6	50970000	50980000	13.607272857414918	50975000
chr6	50980000	50990000	9.748411073393761	50985000
chr6	50990000	51000000	11.987922168797136	50995000
chr6	51000000	51010000	12.88958022859989	51005000
chr6	51010000	51020000	5.332320240673269	51015000
chr6	51020000	51030000	3.1770984816798307	51025000
chr6	51030000	51040000	7.906387873377756	51035000
chr6	51040000	51050000	2.943258294996476	51045000
chr6	51050000	51060000	4.1113070617476515	51055000
chr6	51060000	51070000	9.90389561000792	51065000
chr6	51070000	51080000	6.0990187636250095	51075000
chr6	51080000	51090000	4.711618386464369	51085000
chr6	51090000	51100000	5.249877871633147	51095000
chr6	51100000	51110000	7.264287297536139	51105000
chr6	51110000	51120000	3.125943697255204	51115000
chr6	51120000	51130000	7.324136372783401	51125000
chr6	51130000	51140000	6.148775299268958	51135000
chr6	51140000	51150000	4.779602851385441	51145000
chr6	51150000	51160000	3.3280338320084613	51155000
chr6	51160000	51170000	12.606684096068518	51165000
chr6	51170000	51180000	1.9038159835372863	51175000
chr6	51180000	51190000	2.851952915340231	51185000
chr6	51190000	51200000	2.973898362703135	51195000
chr6	51200000	51210000	1.9463480110745965	51205000
chr6	51210000	51220000	19.859972959114415	51215000
chr6	51220000	51230000	2.320841507930956	51225000
chr6	51230000	51240000	1.7924574362218166	51235000
chr6	51240000	51250000	1.1584263527844327	51245000
chr6	51250000	51260000	2.2274106090605628	51255000
chr6	51260000	51270000	2.414726200910091	51265000
chr6	51270000	51280000	1.9368036492752483	51275000
chr6	51280000	51290000	2.508281560144185	51285000
chr6	51290000	51300000	2.5655535746145426	51295000
chr6	51300000	51310000	4.182473210284981	51305000
chr6	51310000	51320000	5.219516359078863	51315000
chr6	51320000	51330000	21.856039376245086	51325000
chr6	51330000	51340000	19.875660428797303	51335000
chr6	51340000	51350000	18.425250488206128	51345000
chr6	51350000	51360000	13.570681885957093	51355000
chr6	51360000	51370000	13.80334362110139	51365000
chr6	51370000	51380000	8.334345806915598	51375000
chr6	51380000	51390000	6.485899580974946	51385000
chr6	51390000	51400000	8.849749180515817	51395000
chr6	51400000	51410000	1.2358171481143747	51405000
chr6	51410000	51420000	1.2387717936016636	51415000
chr6	51420000	51430000	3.962291993960822	51425000
chr6	51430000	51440000	6.11548424315381	51435000
chr6	51440000	51450000	4.8132331611016	51445000
chr6	51450000	51460000	6.065037124446715	51455000
chr6	51460000	51470000	2.3538277852690332	51465000
chr6	51470000	51480000	3.811923178761794	51475000
chr6	51480000	51490000	6.7404862290414815	51485000
chr6	51490000	51500000	3.9539311310409437	51495000
chr6	51500000	51510000	3.4737787727321714	51505000
chr6	51510000	51520000	4.521836364076234	51515000
chr6	51520000	51530000	5.227397271525608	51525000
chr6	51530000	51540000	19.090516840444284	51535000
chr6	51540000	51550000	9.15914951232766	51545000
chr6	51550000	51560000	4.196953306979467	51555000
chr6	51560000	51570000	22.09585637466482	51565000
chr6	51570000	51580000	6.340472232642354	51575000
chr6	51580000	51590000	3.4714051612449994	51585000
chr6	51590000	51600000	3.4270610965608026	51595000
chr6	51600000	51610000	6.4848358150417935	51605000
chr6	51610000	51620000	10.297449724005995	51615000
chr6	51620000	51630000	7.9556593371274715	51625000
chr6	51630000	51640000	5.981634804832849	51635000
chr6	51640000	51650000	6.307462062026358	51645000
chr6	51650000	51660000	3.6693588149700367	51655000
chr6	51660000	51670000	3.832561548918936	51665000
chr6	51670000	51680000	12.43778898750717	51675000
chr6	51680000	51690000	9.041494186614987	51685000
chr6	51690000	51700000	12.652847200907761	51695000
chr6	51700000	51710000	5.6493693402545695	51705000
chr6	51710000	51720000	4.961381054292775	51715000
chr6	51720000	51730000	4.782848735489376	51725000
chr6	51730000	51740000	5.152642629008217	51735000
chr6	51740000	51750000	3.542396205685642	51745000
chr6	51750000	51760000	5.512149759009991	51755000
chr6	51760000	51770000	6.549235941770208	51765000
chr6	51770000	51780000	7.9649767739153985	51775000
chr6	51780000	51790000	9.29207387607994	51785000
chr6	51790000	51800000	3.4016158680996553	51795000
chr6	51800000	51810000	2.95679389561224	51805000
chr6	51810000	51820000	11.425632966562604	51815000
chr6	51820000	51830000	7.570638913922703	51825000
chr6	51830000	51840000	7.039735143517331	51835000
chr6	51840000	51850000	2.7672344552293833	51845000
chr6	51850000	51860000	4.611976069803865	51855000
chr6	51860000	51870000	6.828880241009636	51865000
chr6	51870000	51880000	4.715211837254129	51875000
chr6	51880000	51890000	1.350105226127719	51885000
chr6	51890000	51900000	3.61586488551096	51895000
chr6	51900000	51910000	15.352493825554308	51905000
chr6	51910000	51920000	5.744006722373553	51915000
chr6	51920000	51930000	2.498158052769582	51925000
chr6	51930000	51940000	4.627331880330523	51935000
chr6	51940000	51950000	5.1731875280519395	51945000
chr6	51950000	51960000	5.45189260288066	51955000
chr6	51960000	51970000	3.4983787276093907	51965000
chr6	51970000	51980000	5.253993709509978	51975000
chr6	51980000	51990000	3.7921652174088885	51985000
chr6	51990000	52000000	8.009913783724352	51995000
chr6	52000000	52010000	10.05753624339937	52005000
chr6	52010000	52020000	11.667975585724935	52015000
chr6	52020000	52030000	10.149565334278877	52025000
chr6	52030000	52040000	6.987856706496503	52035000
chr6	52040000	52050000	5.114626536030696	52045000
chr6	52050000	52060000	19.905619305475955	52055000
chr6	52060000	52070000	3.755507169132991	52065000
chr6	52070000	52080000	4.437131588117599	52075000
chr6	52080000	52090000	5.165473002031629	52085000
chr6	52090000	52100000	14.379288398196126	52095000
chr6	52100000	52110000	13.710867363482421	52105000
chr6	52110000	52120000	8.23489085502052	52115000
chr6	52120000	52130000	9.007600842398706	52125000
chr6	52130000	52140000	8.27998434545859	52135000
chr6	52140000	52150000	6.670278718886727	52145000
chr6	52150000	52160000	6.888907196359578	52155000
chr6	52160000	52170000	7.925523312726372	52165000
chr6	52170000	52180000	5.609226379136824	52175000
chr6	52180000	52190000	7.698804719510519	52185000
chr6	52190000	52200000	5.272771086864669	52195000
chr6	52200000	52210000	6.2614820223295995	52205000
chr6	52210000	52220000	4.3240381192000505	52215000
chr6	52220000	52230000	5.84463303191118	52225000
chr6	52230000	52240000	4.452117697808286	52235000
chr6	52240000	52250000	2.917529760091071	52245000
chr6	52260000	52270000	2.9175297600910683	52265000
chr6	52280000	52290000	2.6286390295848667	52285000
chr6	52290000	52300000	3.669270417901134	52295000
chr6	52300000	52310000	3.3955386135669445	52305000
chr6	52310000	52320000	5.100665811921118	52315000
chr6	52320000	52330000	5.035175057432577	52325000
chr6	52330000	52340000	3.2620873439092284	52335000
chr6	52340000	52350000	3.8875009317488005	52345000
chr6	52350000	52360000	7.556593476403982	52355000
chr6	52360000	52370000	7.2708557578471975	52365000
chr6	52370000	52380000	3.864241919541632	52375000
chr6	52380000	52390000	4.938296999460864	52385000
chr6	52390000	52400000	5.293668469153947	52395000
chr6	52400000	52410000	2.1225116377415647	52405000
chr6	52410000	52420000	6.76802051039614	52415000
chr6	52420000	52430000	6.3578959586513815	52425000
chr6	52430000	52440000	3.3814516124831475	52435000
chr6	52440000	52450000	10.033830395786172	52445000
chr6	52450000	52460000	7.003383181589051	52455000
chr6	52460000	52470000	4.601316231487326	52465000
chr6	52470000	52480000	4.849267750332073	52475000
chr6	52480000	52490000	5.458580016177682	52485000
chr6	52490000	52500000	4.815975590740693	52495000
chr6	52500000	52510000	6.441053762318753	52505000
chr6	52510000	52520000	7.203675351435926	52515000
chr6	52520000	52530000	6.536188752338548	52525000
chr6	52530000	52540000	6.495040877698111	52535000
chr6	52540000	52550000	6.076570490795548	52545000
chr6	52550000	52560000	4.33234609922426	52555000
chr6	52560000	52570000	4.688372767395965	52565000
chr6	52570000	52580000	5.318984265416223	52575000
chr6	52580000	52590000	5.839866641939778	52585000
chr6	52590000	52600000	6.608001076224221	52595000
chr6	52600000	52610000	5.420499007280821	52605000
chr6	52610000	52620000	3.777138231428768	52615000
chr6	52620000	52630000	3.537559617803521	52625000
chr6	52630000	52640000	4.423169362031406	52635000
chr6	52640000	52650000	8.084721176276897	52645000
chr6	52650000	52660000	6.098689455427145	52655000
chr6	52660000	52670000	6.243218871124231	52665000
chr6	52670000	52680000	7.687584023789254	52675000
chr6	52680000	52690000	5.204993464733785	52685000
chr6	52690000	52700000	5.435741811201962	52695000
chr6	52700000	52710000	5.351757586969257	52705000
chr6	52710000	52720000	6.270962813841327	52715000
chr6	52720000	52730000	6.065302732456419	52725000
chr6	52730000	52740000	8.143337778835274	52735000
chr6	52740000	52750000	5.880458057742677	52745000
chr6	52750000	52760000	2.7927474030954635	52755000
chr6	52760000	52770000	3.987813015864247	52765000
chr6	52770000	52780000	4.590157674077878	52775000
chr6	52780000	52790000	5.6303890945077	52785000
chr6	52790000	52800000	4.513495347449982	52795000
chr6	52800000	52810000	5.328251587083499	52805000
chr6	52810000	52820000	3.189819948931461	52815000
chr6	52820000	52830000	3.006377499214675	52825000
chr6	52830000	52840000	3.607209042004963	52835000
chr6	52840000	52850000	2.6606033760799135	52845000
chr6	52850000	52860000	3.4821110388707495	52855000
chr6	52860000	52870000	6.425800744791127	52865000
chr6	52870000	52880000	5.931366278532927	52875000
chr6	52880000	52890000	4.569727513417773	52885000
chr6	52890000	52900000	3.8430614177346127	52895000
chr6	52900000	52910000	2.8827709054929964	52905000
chr6	52910000	52920000	4.960341098760031	52915000
chr6	52920000	52930000	5.212840811415344	52925000
chr6	52930000	52940000	6.176004135757115	52935000
chr6	52940000	52950000	4.189251267367175	52945000
chr6	52950000	52960000	12.875549592768873	52955000
chr6	52960000	52970000	7.999832839647074	52965000
chr6	52970000	52980000	5.873588065510362	52975000
chr6	52980000	52990000	6.140201669909473	52985000
chr6	52990000	53000000	8.885974812166982	52995000
chr6	53000000	53010000	2.9367024311212058	53005000
chr6	53010000	53020000	2.951212140602048	53015000
chr6	53020000	53030000	4.5339996580453885	53025000
chr6	53030000	53040000	4.117542881689125	53035000
chr6	53040000	53050000	5.226510320529512	53045000
chr6	53050000	53060000	4.70144406940323	53055000
chr6	53060000	53070000	5.009260809950725	53065000
chr6	53070000	53080000	2.884862301343197	53075000
chr6	53080000	53090000	5.985850548936527	53085000
chr6	53090000	53100000	2.368060323558009	53095000
chr6	53100000	53110000	4.15679816249381	53105000
chr6	53110000	53120000	3.555246673150301	53115000
chr6	53120000	53130000	2.9224332139051588	53125000
chr6	53130000	53140000	1.230492303608447	53135000
chr6	53140000	53150000	4.840872645293425	53145000
chr6	53150000	53160000	4.7742103425503615	53155000
chr6	53160000	53170000	5.087235573517201	53165000
chr6	53170000	53180000	3.625376169746598	53175000
chr6	53180000	53190000	4.219563316008461	53185000
chr6	53190000	53200000	7.286005542438231	53195000
chr6	53200000	53210000	4.107762166031923	53205000
chr6	53210000	53220000	3.7216946882843414	53215000
chr6	53220000	53230000	4.050820968650756	53225000
chr6	53230000	53240000	3.7755306801336146	53235000
chr6	53240000	53250000	1.6883607280604636	53245000
chr6	53250000	53260000	4.407626663640899	53255000
chr6	53260000	53270000	2.2121153793693864	53265000
chr6	53270000	53280000	3.4625291820699657	53275000
chr6	53280000	53290000	3.8404150953257172	53285000
chr6	53290000	53300000	3.570852635765928	53295000
chr6	53300000	53310000	3.0293899528229264	53305000
chr6	53310000	53320000	1.2175236628523394	53315000
chr6	53320000	53330000	1.3832692886041227	53325000
chr6	53330000	53340000	2.240793796403457	53335000
chr6	53340000	53350000	2.5057461186146037	53345000
chr6	53350000	53360000	1.8972549287689344	53355000
chr6	53360000	53370000	2.513508410868421	53365000
chr6	53370000	53380000	2.158946631788232	53375000
chr6	53380000	53390000	1.5800254082736382	53385000
chr6	53390000	53400000	2.118571418338478	53395000
chr6	53400000	53410000	3.310800154661336	53405000
chr6	53410000	53420000	2.6219469709017242	53415000
chr6	53420000	53430000	1.8921996874237534	53425000
chr6	53430000	53440000	2.146134679989714	53435000
chr6	53440000	53450000	1.8244059220853148	53445000
chr6	53450000	53460000	2.0845247107775675	53455000
chr6	53460000	53470000	2.680447453184622	53465000
chr6	53470000	53480000	2.053700521373877	53475000
chr6	53480000	53490000	0.6825532476661748	53485000
chr6	53490000	53500000	4.254040106299786	53495000
chr6	53500000	53510000	6.013919169638761	53505000
chr6	53510000	53520000	2.471146856412065	53515000
chr6	53520000	53530000	2.5990668164801223	53525000
chr6	53530000	53540000	5.8436562335498925	53535000
chr6	53540000	53550000	4.863905895253101	53545000
chr6	53550000	53560000	3.5509535502193774	53555000
chr6	53560000	53570000	4.054531087388691	53565000
chr6	53570000	53580000	4.013105864979631	53575000
chr6	53580000	53590000	3.2673118611927214	53585000
chr6	53590000	53600000	2.764731955914433	53595000
chr6	53600000	53610000	4.3416804447926625	53605000
chr6	53610000	53620000	4.361123795086721	53615000
chr6	53620000	53630000	3.108242291389253	53625000
chr6	53630000	53640000	3.0636642762643898	53635000
chr6	53640000	53650000	3.806392261680126	53645000
chr6	53650000	53660000	2.240322345956732	53655000
chr6	53660000	53670000	3.0497842716859953	53665000
chr6	53670000	53680000	5.9191585768779085	53675000
chr6	53680000	53690000	4.0160898838390775	53685000
chr6	53690000	53700000	2.9387368123104034	53695000
chr6	53700000	53710000	4.464118921242951	53705000
chr6	53710000	53720000	2.841191809249603	53715000
chr6	53720000	53730000	2.8792126481036138	53725000
chr6	53730000	53740000	2.723233868853366	53735000
chr6	53740000	53750000	1.748914628221342	53745000
chr6	53750000	53760000	4.213097188939168	53755000
chr6	53760000	53770000	5.329055647636836	53765000
chr6	53770000	53780000	8.047166189525088	53775000
chr6	53780000	53790000	3.773119121797776	53785000
chr6	53790000	53800000	8.7055151489153	53795000
chr6	53800000	53810000	6.992980032638992	53805000
chr6	53810000	53820000	5.996794568197548	53815000
chr6	53820000	53830000	9.317076116563376	53825000
chr6	53830000	53840000	4.531205177245188	53835000
chr6	53840000	53850000	6.59773228632303	53845000
chr6	53850000	53860000	9.260824333116163	53855000
chr6	53860000	53870000	9.185218520019886	53865000
chr6	53870000	53880000	8.951281494584624	53875000
chr6	53880000	53890000	11.987748593629192	53885000
chr6	53890000	53900000	8.937903098425476	53895000
chr6	53900000	53910000	8.483294785159536	53905000
chr6	53910000	53920000	6.552361141812666	53915000
chr6	53920000	53930000	10.357046914341264	53925000
chr6	53930000	53940000	9.089282417522508	53935000
chr6	53940000	53950000	10.151408370874037	53945000
chr6	53950000	53960000	9.168067068816507	53955000
chr6	53960000	53970000	15.684530053078937	53965000
chr6	53970000	53980000	11.668195709140335	53975000
chr6	53980000	53990000	8.458510013296804	53985000
chr6	53990000	54000000	7.910422903569283	53995000
chr6	54000000	54010000	8.19909439171942	54005000
chr6	54010000	54020000	10.169780232089684	54015000
chr6	54020000	54030000	7.3122371078653154	54025000
chr6	54030000	54040000	8.236503054947912	54035000
chr6	54040000	54050000	8.632385847418723	54045000
chr6	54050000	54060000	6.401096353034539	54055000
chr6	54060000	54070000	8.024482464263171	54065000
chr6	54070000	54080000	8.465096125156762	54075000
chr6	54080000	54090000	6.160011543364669	54085000
chr6	54090000	54100000	8.010447461369008	54095000
chr6	54100000	54110000	7.741894209913095	54105000
chr6	54110000	54120000	9.791122151341977	54115000
chr6	54120000	54130000	11.24725223838188	54125000
chr6	54130000	54140000	6.974093955900817	54135000
chr6	54140000	54150000	10.751154741348943	54145000
chr6	54150000	54160000	9.573159770366754	54155000
chr6	54160000	54170000	13.286036401035314	54165000
chr6	54170000	54180000	10.450839856328669	54175000
chr6	54180000	54190000	6.550942208217203	54185000
chr6	54190000	54200000	8.18249511039696	54195000
chr6	54200000	54210000	4.801877950632388	54205000
chr6	54210000	54220000	5.174069990828366	54215000
chr6	54220000	54230000	2.810542921183829	54225000
chr6	54230000	54240000	3.9990987334771244	54235000
chr6	54240000	54250000	6.498856715982291	54245000
chr6	54250000	54260000	6.783792007686132	54255000
chr6	54260000	54270000	26.446106619233458	54265000
chr6	54270000	54280000	10.500362925087327	54275000
chr6	54280000	54290000	4.371449819481872	54285000
chr6	54290000	54300000	2.7130253149485672	54295000
chr6	54300000	54310000	4.139436781649875	54305000
chr6	54310000	54320000	19.35107767932607	54315000
chr6	54320000	54330000	6.531665976332429	54325000
chr6	54330000	54340000	5.1611446198329896	54335000
chr6	54340000	54350000	7.0385623798751284	54345000
chr6	54350000	54360000	9.932825626714525	54355000
chr6	54360000	54370000	5.649954010061565	54365000
chr6	54370000	54380000	4.596688655164591	54375000
chr6	54380000	54390000	9.66972827282737	54385000
chr6	54390000	54400000	8.658838276193547	54395000
chr6	54400000	54410000	21.919188157908067	54405000
chr6	54410000	54420000	9.201235465328915	54415000
chr6	54420000	54430000	7.80651338019098	54425000
chr6	54430000	54440000	7.185813646877569	54435000
chr6	54440000	54450000	7.278535005239416	54445000
chr6	54450000	54460000	9.943578973293894	54455000
chr6	54460000	54470000	5.320697004162006	54465000
chr6	54470000	54480000	6.943691071151233	54475000
chr6	54480000	54490000	10.772704891301236	54485000
chr6	54490000	54500000	11.86208471553112	54495000
chr6	54500000	54510000	6.2385879160507836	54505000
chr6	54510000	54520000	5.93021756466271	54515000
chr6	54520000	54530000	4.813265955725151	54525000
chr6	54530000	54540000	5.187366868064068	54535000
chr6	54540000	54550000	5.074536316854331	54545000
chr6	54550000	54560000	5.09394567263098	54555000
chr6	54560000	54570000	4.788474240596414	54565000
chr6	54570000	54580000	5.6017894101057735	54575000
chr6	54580000	54590000	9.088364889807208	54585000
chr6	54590000	54600000	10.582532691263507	54595000
chr6	54600000	54610000	14.217253066221215	54605000
chr6	54610000	54620000	17.746120027922125	54615000
chr6	54620000	54630000	18.146547405381263	54625000
chr6	54630000	54640000	17.120572747705364	54635000
chr6	54640000	54650000	13.153364290134014	54645000
chr6	54650000	54660000	16.66018161820483	54655000
chr6	54660000	54670000	15.90570281979656	54665000
chr6	54670000	54680000	13.596768257127023	54675000
chr6	54680000	54690000	20.036537801576703	54685000
chr6	54690000	54700000	10.492128447113727	54695000
chr6	54700000	54710000	14.5588607413605	54705000
chr6	54710000	54720000	15.006936247375755	54715000
chr6	54720000	54730000	20.725365846406135	54725000
chr6	54730000	54740000	15.969563037485337	54735000
chr6	54740000	54750000	14.56859834862985	54745000
chr6	54750000	54760000	22.592696294332857	54755000
chr6	54760000	54770000	25.135631745516033	54765000
chr6	54770000	54780000	17.54403852705677	54775000
chr6	54780000	54790000	15.046741214110831	54785000
chr6	54790000	54800000	20.74993123395489	54795000
chr6	54800000	54810000	19.508622507376717	54805000
chr6	54810000	54820000	18.151436923910406	54815000
chr6	54820000	54830000	18.50983531508175	54825000
chr6	54830000	54840000	20.43142792725572	54835000
chr6	54840000	54850000	22.506911524778833	54845000
chr6	54850000	54860000	17.941888542584284	54855000
chr6	54860000	54870000	17.091059496326157	54865000
chr6	54870000	54880000	20.372756534518135	54875000
chr6	54880000	54890000	11.992429086843334	54885000
chr6	54890000	54900000	17.60711504895148	54895000
chr6	54900000	54910000	17.42651872773694	54905000
chr6	54910000	54920000	15.290890161589532	54915000
chr6	54920000	54930000	20.325728159093476	54925000
chr6	54930000	54940000	20.886014059311638	54935000
chr6	54940000	54950000	19.519624831403114	54945000
chr6	54950000	54960000	19.106018140961012	54955000
chr6	54960000	54970000	19.41711055977812	54965000
chr6	54970000	54980000	16.604602053738684	54975000
chr6	54980000	54990000	19.22249686922291	54985000
chr6	54990000	55000000	18.05152477518425	54995000
chr6	55000000	55010000	19.073865752322806	55005000
chr6	55010000	55020000	20.034493747051386	55015000
chr6	55020000	55030000	13.791712381305144	55025000
chr6	55030000	55040000	15.807473945274081	55035000
chr6	55040000	55050000	12.798814725404208	55045000
chr6	55050000	55060000	14.54909715753391	55055000
chr6	55060000	55070000	14.824566606610125	55065000
chr6	55070000	55080000	24.74666179572407	55075000
chr6	55080000	55090000	24.743069859653566	55085000
chr6	55090000	55100000	17.989260702818818	55095000
chr6	55100000	55110000	21.11476239830674	55105000
chr6	55110000	55120000	21.26322987457877	55115000
chr6	55120000	55130000	25.32334471290234	55125000
chr6	55130000	55140000	26.634925662186355	55135000
chr6	55140000	55150000	25.535099526258776	55145000
chr6	55150000	55160000	22.64797688517311	55155000
chr6	55160000	55170000	19.582215693221553	55165000
chr6	55170000	55180000	22.980699568997192	55175000
chr6	55180000	55190000	22.466043696735905	55185000
chr6	55190000	55200000	22.6045235544038	55195000
chr6	55200000	55210000	20.149363397545677	55205000
chr6	55210000	55220000	19.65617296071384	55215000
chr6	55220000	55230000	17.448379417059364	55225000
chr6	55230000	55240000	25.38772222718492	55235000
chr6	55240000	55250000	14.714290700538657	55245000
chr6	55250000	55260000	22.495947449710904	55255000
chr6	55260000	55270000	20.805091437509486	55265000
chr6	55270000	55280000	16.387952314790414	55275000
chr6	55280000	55290000	15.341455061204421	55285000
chr6	55290000	55300000	16.493585595568618	55295000
chr6	55300000	55310000	17.546351006950065	55305000
chr6	55310000	55320000	14.974737701689556	55315000
chr6	55320000	55330000	22.4740576257699	55325000
chr6	55330000	55340000	18.41797443772278	55335000
chr6	55340000	55350000	16.80613595909702	55345000
chr6	55350000	55360000	16.208544782580393	55355000
chr6	55360000	55370000	20.51317229025759	55365000
chr6	55370000	55380000	22.040458106127776	55375000
chr6	55380000	55390000	20.13928207001438	55385000
chr6	55390000	55400000	20.357189147723556	55395000
chr6	55400000	55410000	22.09308256731261	55405000
chr6	55410000	55420000	20.530687368377592	55415000
chr6	55420000	55430000	22.06128131972737	55425000
chr6	55430000	55440000	25.661369796387092	55435000
chr6	55440000	55450000	18.59376092017027	55445000
chr6	55450000	55460000	17.147868289613278	55455000
chr6	55460000	55470000	14.019078838407356	55465000
chr6	55470000	55480000	17.5226554256907	55475000
chr6	55480000	55490000	17.552521693017574	55485000
chr6	55490000	55500000	16.464532645416014	55495000
chr6	55500000	55510000	21.08567144256965	55505000
chr6	55510000	55520000	24.74287079306457	55515000
chr6	55520000	55530000	24.469299479710035	55525000
chr6	55530000	55540000	23.906886078815955	55535000
chr6	55540000	55550000	25.91546629890607	55545000
chr6	55550000	55560000	26.081432920094173	55555000
chr6	55560000	55570000	25.094263256682446	55565000
chr6	55570000	55580000	19.02088112475083	55575000
chr6	55580000	55590000	18.085926540645307	55585000
chr6	55590000	55600000	23.071068720784403	55595000
chr6	55600000	55610000	18.517035882872054	55605000
chr6	55610000	55620000	19.732248377163792	55615000
chr6	55620000	55630000	12.897305388468315	55625000
chr6	55630000	55640000	16.27095410852594	55635000
chr6	55640000	55650000	26.79915164557437	55645000
chr6	55650000	55660000	16.346658729180664	55655000
chr6	55660000	55670000	26.660423119038448	55665000
chr6	55670000	55680000	20.06580320573876	55675000
chr6	55680000	55690000	16.544140394317456	55685000
chr6	55690000	55700000	18.371362347204585	55695000
chr6	55700000	55710000	21.457568133155004	55705000
chr6	55710000	55720000	11.178920776118442	55715000
chr6	55720000	55730000	16.57572091854411	55725000
chr6	55730000	55740000	18.502951104796047	55735000
chr6	55740000	55750000	22.83399932543399	55745000
chr6	55750000	55760000	17.867239835983934	55755000
chr6	55760000	55770000	17.76834336499086	55765000
chr6	55770000	55780000	24.160204817069744	55775000
chr6	55780000	55790000	11.492542275352136	55785000
chr6	55790000	55800000	10.770501665418983	55795000
chr6	55800000	55810000	9.289223133226004	55805000
chr6	55810000	55820000	7.140916045153736	55815000
chr6	55820000	55830000	6.876710642140932	55825000
chr6	55830000	55840000	5.604125354321339	55835000
chr6	55840000	55850000	7.31801688401206	55845000
chr6	55850000	55860000	7.535945497536773	55855000
chr6	55860000	55870000	11.085948180504133	55865000
chr6	55870000	55880000	8.37654311443051	55875000
chr6	55880000	55890000	7.238882158023855	55885000
chr6	55890000	55900000	24.99761892168363	55895000
chr6	55900000	55910000	20.1399320553034	55905000
chr6	55910000	55920000	6.572014180895575	55915000
chr6	55920000	55930000	12.968527442726135	55925000
chr6	55930000	55940000	6.117572196766399	55935000
chr6	55940000	55950000	7.8784212767824435	55945000
chr6	55950000	55960000	19.57685801498935	55955000
chr6	55960000	55970000	15.969147912746422	55965000
chr6	55970000	55980000	10.809604618752507	55975000
chr6	55980000	55990000	7.875008895773121	55985000
chr6	55990000	56000000	10.8259536413316	55995000
chr6	56000000	56010000	6.561206825557832	56005000
chr6	56010000	56020000	6.387386688626429	56015000
chr6	56020000	56030000	7.051369786314272	56025000
chr6	56030000	56040000	23.12391003717807	56035000
chr6	56040000	56050000	28.637292246399348	56045000
chr6	56050000	56060000	30.05602472428773	56055000
chr6	56060000	56070000	16.939961589656743	56065000
chr6	56070000	56080000	12.99578601838538	56075000
chr6	56080000	56090000	10.201460467459494	56085000
chr6	56090000	56100000	19.028529798730464	56095000
chr6	56100000	56110000	21.458016314390804	56105000
chr6	56110000	56120000	8.076754851916037	56115000
chr6	56120000	56130000	18.45074559182605	56125000
chr6	56130000	56140000	8.315580462667928	56135000
chr6	56140000	56150000	6.05357510465795	56145000
chr6	56150000	56160000	10.02449409220946	56155000
chr6	56160000	56170000	12.158121737983809	56165000
chr6	56170000	56180000	9.854883107514627	56175000
chr6	56180000	56190000	15.276080873393148	56185000
chr6	56190000	56200000	36.634750004110835	56195000
chr6	56200000	56210000	62.74156002547757	56205000
chr6	56210000	56220000	30.89842590192759	56215000
chr6	56220000	56230000	23.073379978023524	56225000
chr6	56230000	56240000	15.31082321289224	56235000
chr6	56240000	56250000	20.915228266792994	56245000
chr6	56250000	56260000	17.586464943605836	56255000
chr6	56260000	56270000	8.759389877633554	56265000
chr6	56270000	56280000	6.642654368966485	56275000
chr6	56280000	56290000	11.843507681260341	56285000
chr6	56290000	56300000	17.49388645056175	56295000
chr6	56300000	56310000	17.537174476254176	56305000
chr6	56310000	56320000	16.399530038516332	56315000
chr6	56320000	56330000	16.690757627775696	56325000
chr6	56330000	56340000	18.587674731958973	56335000
chr6	56340000	56350000	14.839415100919055	56345000
chr6	56350000	56360000	17.119053062431618	56355000
chr6	56360000	56370000	16.97432625818608	56365000
chr6	56370000	56380000	17.452411609702583	56375000
chr6	56380000	56390000	16.235763044579116	56385000
chr6	56390000	56400000	16.823884747041316	56395000
chr6	56400000	56410000	26.596594240755195	56405000
chr6	56410000	56420000	20.27287898385266	56415000
chr6	56420000	56430000	15.839048968402949	56425000
chr6	56430000	56440000	13.293741689675773	56435000
chr6	56440000	56450000	8.285267249396709	56445000
chr6	56450000	56460000	7.943407011988645	56455000
chr6	56460000	56470000	21.52457511403138	56465000
chr6	56470000	56480000	19.382138071529546	56475000
chr6	56480000	56490000	17.32500832120058	56485000
chr6	56490000	56500000	12.401936995545725	56495000
chr6	56500000	56510000	13.801106238370618	56505000
chr6	56510000	56520000	14.186619791634255	56515000
chr6	56520000	56530000	7.592582290046093	56525000
chr6	56530000	56540000	9.372826098553901	56535000
chr6	56540000	56550000	10.48799984798113	56545000
chr6	56550000	56560000	8.513234961944335	56555000
chr6	56560000	56570000	14.295373584006384	56565000
chr6	56570000	56580000	13.197317235395392	56575000
chr6	56580000	56590000	10.016920522486522	56585000
chr6	56590000	56600000	11.004621791865006	56595000
chr6	56600000	56610000	15.995590688515158	56605000
chr6	56610000	56620000	9.963681317244443	56615000
chr6	56620000	56630000	10.404229041346163	56625000
chr6	56630000	56640000	12.230412300347433	56635000
chr6	56640000	56650000	23.720394492138166	56645000
chr6	56650000	56660000	15.4227718877361	56655000
chr6	56660000	56670000	34.940532075141874	56665000
chr6	56670000	56680000	22.08371977130488	56675000
chr6	56680000	56690000	24.28211193709414	56685000
chr6	56690000	56700000	24.67351966272613	56695000
chr6	56700000	56710000	14.05508609870799	56705000
chr6	56710000	56720000	28.974108848927994	56715000
chr6	56720000	56730000	26.861114214220034	56725000
chr6	56730000	56740000	21.388888563196947	56735000
chr6	56740000	56750000	18.723974937756857	56745000
chr6	56750000	56760000	16.013629134371392	56755000
chr6	56760000	56770000	9.329514259747913	56765000
chr6	56770000	56780000	14.081976752537347	56775000
chr6	56780000	56790000	20.04405802640906	56785000
chr6	56790000	56800000	43.02351486307203	56795000
chr6	56800000	56810000	14.94305537449033	56805000
chr6	56810000	56820000	17.2713305017641	56815000
chr6	56820000	56830000	18.984760692785787	56825000
chr6	56830000	56840000	15.297217349061867	56835000
chr6	56840000	56850000	13.886886402848267	56845000
chr6	56850000	56860000	21.23229982984959	56855000
chr6	56860000	56870000	13.462801557792242	56865000
chr6	56870000	56880000	19.50334393728621	56875000
chr6	56880000	56890000	18.87421320723332	56885000
chr6	56890000	56900000	10.99863430045207	56895000
chr6	56900000	56910000	13.821341641143153	56905000
chr6	56910000	56920000	7.553184570570078	56915000
chr6	56920000	56930000	7.264502759819479	56925000
chr6	56930000	56940000	9.631664224784513	56935000
chr6	56940000	56950000	7.208875655063625	56945000
chr6	56950000	56960000	12.063258150571048	56955000
chr6	56960000	56970000	8.891599222258634	56965000
chr6	56970000	56980000	9.102802466222277	56975000
chr6	56980000	56990000	9.562623541211492	56985000
chr6	56990000	57000000	7.235552751961451	56995000
chr6	57000000	57010000	5.221643030502658	57005000
chr6	57010000	57020000	5.226313125205206	57015000
chr6	57020000	57030000	5.571846521741785	57025000
chr6	57030000	57040000	17.285805962097626	57035000
chr6	57040000	57050000	16.235956112559244	57045000
chr6	57050000	57060000	17.425733245185715	57055000
chr6	57060000	57070000	18.54089826383156	57065000
chr6	57070000	57080000	22.486048571797085	57075000
chr6	57080000	57090000	21.49649029313995	57085000
chr6	57090000	57100000	18.672892944853064	57095000
chr6	57100000	57110000	20.914849398080793	57105000
chr6	57110000	57120000	21.531907512078696	57115000
chr6	57120000	57130000	20.610193279099292	57125000
chr6	57130000	57140000	22.266575192603447	57135000
chr6	57140000	57150000	20.416715879264064	57145000
chr6	57150000	57160000	20.037881247591287	57155000
chr6	57160000	57170000	19.23909948341359	57165000
chr6	57170000	57180000	14.464132310932735	57175000
chr6	57180000	57190000	11.429454076899757	57185000
chr6	57190000	57200000	29.32006591900706	57195000
chr6	57200000	57210000	15.03710863398503	57205000
chr6	57210000	57220000	15.65509040044649	57215000
chr6	57220000	57230000	8.291620794037255	57225000
chr6	57230000	57240000	11.565333947472384	57235000
chr6	57240000	57250000	27.453499665653638	57245000
chr6	57250000	57260000	16.929514423866163	57255000
chr6	57260000	57270000	14.857479554890787	57265000
chr6	57270000	57280000	42.00363760789395	57275000
chr6	57280000	57290000	44.118306919522915	57285000
chr6	57290000	57300000	28.927206349435043	57295000
chr6	57300000	57310000	13.298680438845453	57305000
chr6	57310000	57320000	17.715981168209314	57315000
chr6	57320000	57330000	47.73254754022724	57325000
chr6	57330000	57340000	17.663824202626106	57335000
chr6	57340000	57350000	5.601437008090213	57345000
chr6	57350000	57360000	5.801145362117059	57355000
chr6	57360000	57370000	3.325388292767231	57365000
chr6	57370000	57380000	7.4991373182107175	57375000
chr6	57380000	57390000	11.021845520042387	57385000
chr6	57390000	57400000	16.992882157551087	57395000
chr6	57400000	57410000	6.365393144462372	57405000
chr6	57410000	57420000	6.003252289456708	57415000
chr6	57420000	57430000	11.191959948199905	57425000
chr6	57430000	57440000	16.24676977942322	57435000
chr6	57440000	57450000	20.499580820453442	57445000
chr6	57450000	57460000	13.109039831119478	57455000
chr6	57460000	57470000	8.93861592799264	57465000
chr6	57470000	57480000	16.844887887896522	57475000
chr6	57480000	57490000	11.003335364777216	57485000
chr6	57490000	57500000	11.831974206570306	57495000
chr6	57500000	57510000	13.44877159984985	57505000
chr6	57510000	57520000	20.289194028529792	57515000
chr6	57520000	57530000	9.967728980494318	57525000
chr6	57530000	57540000	11.181443411306079	57535000
chr6	57540000	57550000	13.200511839244767	57545000
chr6	57550000	57560000	25.480583875310618	57555000
chr6	57560000	57570000	24.21613805057502	57565000
chr6	57570000	57580000	15.821169817328977	57575000
chr6	57580000	57590000	14.98872230699101	57585000
chr6	57590000	57600000	24.65710162127573	57595000
chr6	57600000	57610000	10.847689533406067	57605000
chr6	57610000	57620000	14.129211623705412	57615000
chr6	57620000	57630000	22.640923970600127	57625000
chr6	57630000	57640000	24.41849067667447	57635000
chr6	57640000	57650000	30.41557197482171	57645000
chr6	57650000	57660000	19.36515747380904	57655000
chr6	57660000	57670000	12.178606980838877	57665000
chr6	57670000	57680000	21.84845692065552	57675000
chr6	57680000	57690000	15.930574861338204	57685000
chr6	57690000	57700000	14.280908424557664	57695000
chr6	57700000	57710000	16.150872950977625	57705000
chr6	57710000	57720000	17.651743954017373	57715000
chr6	57720000	57730000	31.816447795791923	57725000
chr6	57730000	57740000	13.186085427360993	57735000
chr6	57740000	57750000	30.745962502991823	57745000
chr6	57750000	57760000	20.10145567032673	57755000
chr6	57760000	57770000	14.101209586340193	57765000
chr6	57770000	57780000	24.615284822090654	57775000
chr6	57780000	57790000	11.463780927076959	57785000
chr6	57790000	57800000	11.48920992125662	57795000
chr6	57800000	57810000	50.49124049026639	57805000
chr6	57810000	57820000	33.271392472540946	57815000
chr6	57820000	57830000	8.813889623265165	57825000
chr6	57830000	57840000	10.515369305943036	57835000
chr6	57840000	57850000	8.952044039248516	57845000
chr6	57850000	57860000	27.949421113551516	57855000
chr6	57860000	57870000	9.928150954637763	57865000
chr6	57870000	57880000	8.904455005092565	57875000
chr6	57880000	57890000	50.29891220574865	57885000
chr6	57890000	57900000	10.754446485823275	57895000
chr6	57900000	57910000	52.09785355287972	57905000
chr6	57910000	57920000	23.29816293854559	57915000
chr6	57920000	57930000	10.31599788448075	57925000
chr6	57930000	57940000	8.616323687545915	57935000
chr6	57940000	57950000	10.416116996176397	57945000
chr6	57950000	57960000	9.983966460147107	57955000
chr6	57960000	57970000	10.974014856878433	57965000
chr6	57970000	57980000	11.528962530550558	57975000
chr6	57980000	57990000	9.595182639213935	57985000
chr6	57990000	58000000	12.368695408119258	57995000
chr6	58000000	58010000	11.27494432285332	58005000
chr6	58010000	58020000	13.226778905802753	58015000
chr6	58020000	58030000	11.582630577593848	58025000
chr6	58030000	58040000	11.81013388942067	58035000
chr6	58040000	58050000	13.48709785319295	58045000
chr6	58050000	58060000	14.652321657436707	58055000
chr6	58060000	58070000	13.299225855617063	58065000
chr6	58070000	58080000	16.476988778882077	58075000
chr6	58080000	58090000	13.911788746184873	58085000
chr6	58090000	58100000	20.15380403900125	58095000
chr6	58100000	58110000	18.354641184146594	58105000
chr6	58110000	58120000	18.422452594480255	58115000
chr6	58120000	58130000	12.046624973212754	58125000
chr6	58130000	58140000	12.848132180469149	58135000
chr6	58140000	58150000	25.44594884885142	58145000
chr6	58150000	58160000	27.30427426776605	58155000
chr6	58160000	58170000	36.435684568696864	58165000
chr6	58170000	58180000	37.15319189139142	58175000
chr6	58180000	58190000	24.969934997820797	58185000
chr6	58190000	58200000	19.341337456758108	58195000
chr6	58200000	58210000	15.054506488424163	58205000
chr6	58210000	58220000	22.327428263473085	58215000
chr6	58220000	58230000	20.86051402081407	58225000
chr6	58230000	58240000	5.751111394717794	58235000
chr6	58240000	58250000	20.56251980718426	58245000
chr6	58250000	58260000	24.632317231517316	58255000
chr6	58260000	58270000	22.699798518701154	58265000
chr6	58270000	58280000	25.247382108956398	58275000
chr6	58280000	58290000	28.007351827134308	58285000
chr6	58290000	58300000	22.112581984216998	58295000
chr6	58300000	58310000	21.87091708090439	58305000
chr6	58310000	58320000	61.76503485396179	58315000
chr6	58320000	58330000	52.26853550115015	58325000
chr6	58330000	58340000	53.87278784584878	58335000
chr6	58340000	58350000	30.080098905262556	58345000
chr6	58350000	58360000	30.184254671189866	58355000
chr6	58360000	58370000	27.878519823960865	58365000
chr6	58370000	58380000	19.76865633464533	58375000
chr6	58380000	58390000	20.513335615213542	58385000
chr6	58390000	58400000	19.67034103612841	58395000
chr6	58400000	58410000	18.431194759144134	58405000
chr6	58410000	58420000	13.878919501404472	58415000
chr6	58420000	58430000	19.59594009116229	58425000
chr6	58430000	58440000	13.331891250984228	58435000
chr6	58440000	58450000	18.125026037769143	58445000
chr6	58450000	58460000	16.336932366810238	58455000
chr6	58460000	58470000	12.103550893618797	58465000
chr6	58470000	58480000	11.329565872132504	58475000
chr6	58480000	58490000	10.534744072167001	58485000
chr6	58490000	58500000	14.23565700639646	58495000
chr6	58500000	58510000	14.965755418699771	58505000
chr6	58510000	58520000	15.58947399099612	58515000
chr6	58520000	58530000	19.94720671312579	58525000
chr6	58530000	58540000	37.68748009505518	58535000
chr6	58540000	58550000	32.64410538850444	58545000
chr6	58550000	58560000	26.378985781063648	58555000
chr6	58560000	58570000	22.78932306880499	58565000
chr6	58570000	58580000	24.121755865059555	58575000
chr6	58580000	58590000	19.668258668981327	58585000
chr6	58590000	58600000	18.441486637601614	58595000
chr6	58600000	58610000	19.888772984264268	58605000
chr6	58610000	58620000	18.953860264312176	58615000
chr6	58620000	58630000	21.549940565868738	58625000
chr6	58630000	58640000	16.13702595399016	58635000
chr6	58640000	58650000	21.095636631677873	58645000
chr6	58650000	58660000	24.73070799082855	58655000
chr6	58660000	58670000	15.473950064092094	58665000
chr6	58670000	58680000	17.85551557130689	58675000
chr6	58680000	58690000	19.715419969895276	58685000
chr6	58690000	58700000	20.05918358960283	58695000
chr6	58700000	58710000	23.688311585211572	58705000
chr6	58710000	58720000	24.85405389311903	58715000
chr6	58720000	58730000	23.09200273206782	58725000
chr6	58730000	58740000	25.777228028725002	58735000
chr6	58740000	58750000	24.80109167191281	58745000
chr6	58750000	58760000	21.64266145412887	58755000
chr6	58760000	58770000	28.689512090270316	58765000
chr6	58770000	58780000	23.889115104259943	58775000
chr6	58780000	58790000	30.678686511538825	58785000
chr6	58790000	58800000	62.04305739149233	58795000
chr6	58800000	58810000	47.1422885251201	58805000
chr6	58810000	58820000	44.34062633379214	58815000
chr6	58820000	58830000	37.00794676393882	58825000
chr6	58830000	58840000	32.14048112208205	58835000
chr6	58840000	58850000	52.97610336552466	58845000
chr6	58850000	58860000	46.55748659048746	58855000
chr6	58860000	58870000	39.8262420935351	58865000
chr6	58870000	58880000	28.215137807503137	58875000
chr6	58880000	58890000	55.76829726498623	58885000
chr6	58890000	58900000	101.6616080927431	58895000
chr6	58900000	58910000	69.97968560187833	58905000
chr6	58910000	58920000	28.649697498308928	58915000
chr6	58920000	58930000	33.15113709995498	58925000
chr6	58930000	58940000	19.788224228920104	58935000
chr6	58940000	58950000	20.17284616578809	58945000
chr6	58950000	58960000	21.664081163719125	58955000
chr6	58960000	58970000	18.151920810397897	58965000
chr6	58970000	58980000	15.298450197983119	58975000
chr6	58980000	58990000	9.479537044513677	58985000
chr6	58990000	59000000	28.30259662269267	58995000
chr6	59000000	59010000	19.42196256692674	59005000
chr6	59010000	59020000	17.318652451774863	59015000
chr6	59020000	59030000	23.301512786473317	59025000
chr6	59030000	59040000	31.51215173750536	59035000
chr6	59040000	59050000	21.096736147948945	59045000
chr6	59050000	59060000	15.904705510932791	59055000
chr6	59060000	59070000	13.297885919257523	59065000
chr6	59070000	59080000	15.2874625516886	59075000
chr6	59080000	59090000	10.071626938796474	59085000
chr6	59090000	59100000	20.762911830633705	59095000
chr6	59100000	59110000	17.31847531550832	59105000
chr6	59110000	59120000	11.054422804036802	59115000
chr6	59120000	59130000	7.356934689305239	59125000
chr6	59130000	59140000	10.665976323565447	59135000
chr6	59140000	59150000	11.372158065703568	59145000
chr6	59150000	59160000	26.94617042620633	59155000
chr6	59160000	59170000	46.35294471483341	59165000
chr6	59170000	59180000	26.737556120054787	59175000
chr6	59180000	59190000	18.054905451471605	59185000
chr6	59190000	59200000	26.282979283612907	59195000
chr6	59200000	59210000	24.202663598057157	59205000
chr6	59210000	59220000	19.06524939009015	59215000
chr6	59220000	59230000	8.886764940463635	59225000
chr6	59230000	59240000	11.021894345349304	59235000
chr6	59240000	59250000	11.695269161924148	59245000
chr6	59250000	59260000	8.808014998138857	59255000
chr6	59260000	59270000	8.920333754398621	59265000
chr6	59270000	59280000	11.07105697454001	59275000
chr6	59280000	59290000	13.051860237430148	59285000
chr6	59290000	59300000	10.062248090379288	59295000
chr6	59300000	59310000	11.496764653495475	59305000
chr6	59310000	59320000	11.019673596152892	59315000
chr6	59320000	59330000	11.078918161696738	59325000
chr6	59330000	59340000	14.296772015152582	59335000
chr6	59340000	59350000	66.98232013029245	59345000
chr6	59350000	59360000	25.983738380912524	59355000
chr6	59360000	59370000	16.462541505496837	59365000
chr6	59370000	59380000	19.93790069298264	59375000
chr6	59380000	59390000	44.82083900029347	59385000
chr6	59390000	59400000	52.401714446409336	59395000
chr6	59400000	59410000	60.81539199091337	59405000
chr6	59410000	59420000	39.96942165229055	59415000
chr6	59420000	59430000	13.208135199086032	59425000
chr6	59430000	59440000	27.077840070367856	59435000
chr6	59440000	59450000	18.72902680398073	59445000
chr6	59450000	59460000	16.434961715396526	59455000
chr6	59460000	59470000	16.043290054427352	59465000
chr6	59470000	59480000	30.873663549177785	59475000
chr6	59480000	59490000	15.629964895412744	59485000
chr6	59490000	59500000	15.909490291377006	59495000
chr6	59500000	59510000	28.3346346622824	59505000
chr6	59510000	59520000	10.643490605648777	59515000
chr6	59520000	59530000	39.47833693102757	59525000
chr6	59530000	59540000	14.441361048124605	59535000
chr6	59540000	59550000	12.983119541738104	59545000
chr6	59550000	59560000	18.97666784238854	59555000
chr6	59560000	59570000	19.3209353556305	59565000
chr6	59570000	59580000	33.96159968828279	59575000
chr6	59580000	59590000	37.863610046289644	59585000
chr6	59590000	59600000	27.56446043601629	59595000
chr6	59600000	59610000	21.662176830836643	59605000
chr6	59610000	59620000	16.113243987496297	59615000
chr6	59620000	59630000	18.850175098152853	59625000
chr6	59630000	59640000	21.020085910936192	59635000
chr6	59640000	59650000	25.558348179942705	59645000
chr6	59650000	59660000	62.22108726846836	59655000
chr6	59660000	59670000	14.633127624850973	59665000
chr6	59670000	59680000	14.519564791356101	59675000
chr6	59680000	59690000	25.863366837459967	59685000
chr6	59690000	59700000	17.36841784016129	59695000
chr6	59700000	59710000	13.42671550329997	59705000
chr6	59710000	59720000	20.701590431480554	59715000
chr6	59720000	59730000	28.0300450752183	59725000
chr6	59730000	59740000	20.936546982074276	59735000
chr6	59740000	59750000	29.687690691912046	59745000
chr6	59750000	59760000	27.86515563807748	59755000
chr6	59760000	59770000	31.00984128262712	59765000
chr6	59770000	59780000	28.581128315203497	59775000
chr6	59780000	59790000	26.815814631856362	59785000
chr6	59790000	59800000	20.886825778196133	59795000
chr6	59800000	59810000	25.71954195610017	59805000
chr6	59810000	59820000	41.65757317161693	59815000
chr6	59820000	59830000	48.40744828440552	59825000
chr6	59830000	59840000	33.29437537826784	59835000
chr6	59840000	59850000	56.49319768696911	59845000
chr6	59850000	59860000	43.54893849077406	59855000
chr6	59860000	59870000	41.37829856400983	59865000
chr6	59870000	59880000	52.427196659628954	59875000
chr6	59880000	59890000	67.5187267031839	59885000
chr6	59890000	59900000	88.27283929406401	59895000
chr6	59900000	59910000	65.70636626093182	59905000
chr6	59910000	59920000	36.94469314916769	59915000
chr6	59920000	59930000	30.819660849620007	59925000
chr6	59930000	59940000	32.0878152100644	59935000
chr6	59940000	59950000	28.380060450856924	59945000
chr6	59950000	59960000	32.496486824333665	59955000
chr6	59960000	59970000	36.0765305305308	59965000
chr6	59970000	59980000	31.71152693756323	59975000
chr6	59980000	59990000	33.639392107224445	59985000
chr6	59990000	60000000	42.98070710900213	59995000
chr6	60000000	60010000	28.16755290002264	60005000
chr6	60010000	60020000	31.479291120407932	60015000
chr6	60020000	60030000	21.87569715055355	60025000
chr6	60030000	60040000	25.881071556293122	60035000
chr6	60040000	60050000	32.549569171371616	60045000
chr6	60050000	60060000	26.15381670552472	60055000
chr6	60060000	60070000	36.36404614519191	60065000
chr6	60070000	60080000	33.36976246032685	60075000
chr6	60080000	60090000	27.86422665552564	60085000
chr6	60090000	60100000	29.012038148084056	60095000
chr6	60100000	60110000	25.670037574216703	60105000
chr6	60110000	60120000	26.680631784272475	60115000
chr6	60120000	60130000	29.539312106686463	60125000
chr6	60130000	60140000	31.894482862754945	60135000
chr6	60140000	60150000	23.329566580612173	60145000
chr6	60150000	60160000	32.17149695088437	60155000
chr6	60160000	60170000	17.238768613798335	60165000
chr6	60170000	60180000	30.799313720005046	60175000
chr6	60180000	60190000	26.126730095152432	60185000
chr6	60190000	60200000	36.70194546726864	60195000
chr6	60200000	60210000	35.740488261810825	60205000
chr6	60210000	60220000	29.98855393604416	60215000
chr6	60220000	60230000	33.93766085085446	60225000
chr6	60230000	60240000	39.7473900118813	60235000
chr6	60240000	60250000	23.091732258295885	60245000
chr6	60250000	60260000	28.922793729420448	60255000
chr6	60260000	60270000	38.11942206606682	60265000
chr6	60270000	60280000	47.389134322693636	60275000
chr6	60280000	60290000	48.91783583546487	60285000
chr6	60290000	60300000	28.99236494188768	60295000
chr6	60300000	60310000	27.530255279084653	60305000
chr6	60310000	60320000	29.656310937255732	60315000
chr6	60320000	60330000	25.40626527230514	60325000
chr6	60330000	60340000	27.386199280926718	60335000
chr6	60340000	60350000	29.923648110105756	60345000
chr6	60350000	60360000	25.22396505617769	60355000
chr6	60360000	60370000	29.829334242863922	60365000
chr6	60370000	60380000	35.4974806068592	60375000
chr6	60380000	60390000	29.855558037728283	60385000
chr6	60390000	60400000	31.44297738245614	60395000
chr6	60400000	60410000	33.45152047895313	60405000
chr6	60410000	60420000	32.740266254527455	60415000
chr6	60420000	60430000	40.718795638230226	60425000
chr6	60430000	60440000	44.8765658327664	60435000
chr6	60440000	60450000	33.185685184392334	60445000
chr6	60450000	60460000	27.941673760290044	60455000
chr6	60460000	60470000	30.57677628460764	60465000
chr6	60470000	60480000	48.60414053368503	60475000
chr6	60480000	60490000	43.11153365161223	60485000
chr6	60490000	60500000	27.98701134091055	60495000
chr6	60500000	60510000	30.09465607480708	60505000
chr6	60510000	60520000	29.15994730746568	60515000
chr6	60520000	60530000	30.334132783079937	60525000
chr6	60530000	60540000	31.471151910203982	60535000
chr6	60540000	60550000	33.103757357076326	60545000
chr6	60550000	60560000	29.296429989897682	60555000
chr6	60560000	60570000	27.76736996653219	60565000
chr6	60590000	60600000	28.60736726678404	60595000
chr6	60630000	60640000	22.11062088223653	60635000
chr6	60640000	60650000	25.710393850422953	60645000
chr6	60650000	60660000	27.00884145438684	60655000
chr6	60660000	60670000	29.050150431878116	60665000
chr6	60670000	60680000	28.94074465448975	60675000
chr6	60680000	60690000	23.273635230127013	60685000
chr6	60690000	60700000	24.072526565191215	60695000
chr6	60700000	60710000	29.092682311715063	60705000
chr6	60710000	60720000	37.995116104918566	60715000
chr6	60720000	60730000	26.896188566108275	60725000
chr6	60730000	60740000	25.83373311927432	60735000
chr6	60740000	60750000	22.017681965163913	60745000
chr6	60750000	60760000	24.71697925743559	60755000
chr6	60760000	60770000	24.237567836860165	60765000
chr6	60770000	60780000	28.643524230244584	60775000
chr6	60780000	60790000	20.26814197851334	60785000
chr6	60790000	60800000	27.82290407126041	60795000
chr6	60800000	60810000	43.491318907088	60805000
chr6	60810000	60820000	20.035426834358006	60815000
chr6	60820000	60830000	20.811816337108365	60825000
chr6	60830000	60840000	32.973371654481504	60835000
chr6	60840000	60850000	49.95514663543274	60845000
chr6	60850000	60860000	34.53159878002531	60855000
chr6	60860000	60870000	33.5585142461014	60865000
chr6	60870000	60880000	42.604921186065184	60875000
chr6	60880000	60890000	31.050007426393616	60885000
chr6	60890000	60900000	25.199271744092606	60895000
chr6	60900000	60910000	34.606489224298734	60905000
chr6	60910000	60920000	37.3201462829439	60915000
chr6	60920000	60930000	43.98025435170996	60925000
chr6	60930000	60940000	38.47627845501782	60935000
chr6	60940000	60950000	52.056128275359555	60945000
chr6	60950000	60960000	51.05146466285184	60955000
chr6	60960000	60970000	32.43164051037466	60965000
chr6	60970000	60980000	21.032978082921804	60975000
chr6	60980000	60990000	12.757774397122478	60985000
chr6	60990000	61000000	31.813206245831058	60995000
chr6	61000000	61010000	20.167832527499264	61005000
chr6	61010000	61020000	21.722935004875772	61015000
chr6	61020000	61030000	38.15386790368329	61025000
chr6	61030000	61040000	37.92041043705555	61035000
chr6	61040000	61050000	38.433578780535484	61045000
chr6	61050000	61060000	59.52550486839877	61055000
chr6	61060000	61070000	63.991511315294105	61065000
chr6	61070000	61080000	45.81451337295523	61075000
chr6	61080000	61090000	43.79044483557462	61085000
chr6	61090000	61100000	33.57990021327193	61095000
chr6	61100000	61110000	24.818597161157644	61105000
chr6	61110000	61120000	23.173781482041186	61115000
chr6	61120000	61130000	21.469210513567514	61125000
chr6	61130000	61140000	22.389217936180575	61135000
chr6	61140000	61150000	22.9669167979876	61145000
chr6	61150000	61160000	22.61719280954918	61155000
chr6	61160000	61170000	25.324512464785002	61165000
chr6	61170000	61180000	18.334867065772706	61175000
chr6	61180000	61190000	29.496322706197972	61185000
chr6	61190000	61200000	55.215084598219875	61195000
chr6	61200000	61210000	39.617615900520384	61205000
chr6	61210000	61220000	38.278023476897715	61215000
chr6	61220000	61230000	50.88142027394558	61225000
chr6	61230000	61240000	22.142661334251176	61235000
chr6	61240000	61250000	22.280587752838287	61245000
chr6	61250000	61260000	15.365696274529961	61255000
chr6	61260000	61270000	27.63983549950273	61265000
chr6	61270000	61280000	26.8645343052073	61275000
chr6	61280000	61290000	48.87630700302931	61285000
chr6	61290000	61300000	36.09103442264464	61295000
chr6	61300000	61310000	56.12514515239601	61305000
chr6	61310000	61320000	24.767588663460277	61315000
chr6	61320000	61330000	22.933633507460094	61325000
chr6	61330000	61340000	22.983551325401287	61335000
chr6	61340000	61350000	27.58764586682618	61345000
chr6	61350000	61360000	35.88109570595488	61355000
chr6	61360000	61370000	45.242672409489614	61365000
chr6	61370000	61380000	25.053201262024423	61375000
chr6	61380000	61390000	34.52356336953331	61385000
chr6	61390000	61400000	32.2211911451342	61395000
chr6	61400000	61410000	25.753244869196752	61405000
chr6	61410000	61420000	20.456072719877252	61415000
chr6	61420000	61430000	21.26437674490725	61425000
chr6	61430000	61440000	19.73361952943441	61435000
chr6	61440000	61450000	24.009598438442687	61445000
chr6	61450000	61460000	34.92367113555271	61455000
chr6	61460000	61470000	14.827306653419045	61465000
chr6	61470000	61480000	36.31201560743971	61475000
chr6	61480000	61490000	26.009008130658486	61485000
chr6	61490000	61500000	23.52934959083936	61495000
chr6	61500000	61510000	23.423422714240733	61505000
chr6	61510000	61520000	22.825619123306783	61515000
chr6	61520000	61530000	30.05704442002893	61525000
chr6	61530000	61540000	35.962793310724706	61535000
chr6	61540000	61550000	36.13297748517313	61545000
chr6	61550000	61560000	43.47762536136895	61555000
chr6	61560000	61570000	56.402090493820914	61565000
chr6	61570000	61580000	27.829120412349926	61575000
chr6	61580000	61590000	47.86026686999976	61585000
chr6	61590000	61600000	35.39788235423905	61595000
chr6	61600000	61610000	36.0536517085815	61605000
chr6	61610000	61620000	58.63106402825393	61615000
chr6	61620000	61630000	43.77351044512336	61625000
chr6	61630000	61640000	49.74560265366326	61635000
chr6	61640000	61650000	32.03335058606951	61645000
chr6	61650000	61660000	29.671942346658877	61655000
chr6	61660000	61670000	17.310714971306737	61665000
chr6	61670000	61680000	30.757621057069898	61675000
chr6	61680000	61690000	44.41694239368599	61685000
chr6	61690000	61700000	30.435061792822548	61695000
chr6	61700000	61710000	36.371624338814925	61705000
chr6	61710000	61720000	50.13870231108109	61715000
chr6	61720000	61730000	56.84629801600146	61725000
chr6	61730000	61740000	44.25305801393002	61735000
chr6	61740000	61750000	52.62741973606058	61745000
chr6	61750000	61760000	41.25185999223306	61755000
chr6	61760000	61770000	38.874751375410185	61765000
chr6	61770000	61780000	61.57345286400275	61775000
chr6	61780000	61790000	44.808982317746555	61785000
chr6	61790000	61800000	59.637130970049554	61795000
chr6	61800000	61810000	21.542362289576843	61805000
chr6	61810000	61820000	25.969641743647877	61815000
chr6	61820000	61830000	31.36338180849927	61825000
chr6	61830000	61840000	30.073905919943005	61835000
chr6	61840000	61850000	24.967285371102882	61845000
chr6	61850000	61860000	26.039547006407943	61855000
chr6	61860000	61870000	25.57226431963713	61865000
chr6	61870000	61880000	36.16775449803805	61875000
chr6	61880000	61890000	32.05382581997704	61885000
chr6	61890000	61900000	33.14792300028682	61895000
chr6	61900000	61910000	33.12126778391303	61905000
chr6	61910000	61920000	35.92462549549148	61915000
chr6	61920000	61930000	43.03173472619847	61925000
chr6	61930000	61940000	37.508381287599875	61935000
chr6	61940000	61950000	36.13171523577783	61945000
chr6	61950000	61960000	25.987106272235543	61955000
chr6	61960000	61970000	21.8394724936939	61965000
chr6	61970000	61980000	28.898636726384996	61975000
chr6	61980000	61990000	24.158513487238963	61985000
chr6	61990000	62000000	22.418926317203795	61995000
chr6	62000000	62010000	25.9403738385829	62005000
chr6	62010000	62020000	19.733754401849573	62015000
chr6	62020000	62030000	23.340742316807326	62025000
chr6	62030000	62040000	29.727173950748842	62035000
chr6	62040000	62050000	27.4570397764663	62045000
chr6	62050000	62060000	25.309641351801076	62055000
chr6	62060000	62070000	24.31492007864206	62065000
chr6	62070000	62080000	26.087200242865723	62075000
chr6	62080000	62090000	25.085811821266734	62085000
chr6	62090000	62100000	24.482356055660357	62095000
chr6	62100000	62110000	23.497246292221174	62105000
chr6	62110000	62120000	36.54970756564933	62115000
chr6	62120000	62130000	34.97652800152632	62125000
chr6	62130000	62140000	30.521732615785258	62135000
chr6	62140000	62150000	35.70300715925336	62145000
chr6	62150000	62160000	41.125346177521834	62155000
chr6	62160000	62170000	33.066889193001366	62165000
chr6	62170000	62180000	31.52972594909705	62175000
chr6	62180000	62190000	34.96406351257786	62185000
chr6	62190000	62200000	27.70646905296626	62195000
chr6	62200000	62210000	26.52075625433857	62205000
chr6	62210000	62220000	81.7600404557122	62215000
chr6	62220000	62230000	132.3792988111081	62225000
chr6	62230000	62240000	52.139003327561255	62235000
chr6	62240000	62250000	43.7442606574601	62245000
chr6	62250000	62260000	50.107474114585	62255000
chr6	62260000	62270000	35.96467842281654	62265000
chr6	62270000	62280000	35.545133683032645	62275000
chr6	62280000	62290000	42.655379222500116	62285000
chr6	62290000	62300000	34.95834929304398	62295000
chr6	62300000	62310000	40.87960379835827	62305000
chr6	62310000	62320000	40.02499525701686	62315000
chr6	62320000	62330000	36.326731672458386	62325000
chr6	62330000	62340000	31.98199821934127	62335000
chr6	62340000	62350000	33.96597906511732	62345000
chr6	62350000	62360000	30.07615290253394	62355000
chr6	62360000	62370000	28.944460215721158	62365000
chr6	62370000	62380000	31.445042724655675	62375000
chr6	62380000	62390000	27.352503635079707	62385000
chr6	62390000	62400000	28.675940679484025	62395000
chr6	62400000	62410000	21.16648081747708	62405000
chr6	62410000	62420000	27.675726207949413	62415000
chr6	62420000	62430000	45.97244671854575	62425000
chr6	62430000	62440000	34.332613376437656	62435000
chr6	62440000	62450000	27.158387803300336	62445000
chr6	62450000	62460000	30.591978902472835	62455000
chr6	62460000	62470000	30.94781894756431	62465000
chr6	62470000	62480000	29.44565312479014	62475000
chr6	62480000	62490000	29.556547610636024	62485000
chr6	62490000	62500000	31.80745888918086	62495000
chr6	62500000	62510000	29.9071142660743	62505000
chr6	62510000	62520000	34.4870067628345	62515000
chr6	62520000	62530000	34.06275826468455	62525000
chr6	62530000	62540000	27.15606510402272	62535000
chr6	62540000	62550000	37.989017947052346	62545000
chr6	62550000	62560000	36.31042651982745	62555000
chr6	62560000	62570000	26.79479778444816	62565000
chr6	62570000	62580000	34.61899270780788	62575000
chr6	62580000	62590000	22.981362258588224	62585000
chr6	62590000	62600000	23.256015706568157	62595000
chr6	62600000	62610000	31.052840512221795	62605000
chr6	62610000	62620000	36.61266319477432	62615000
chr6	62620000	62630000	27.78282864694455	62625000
chr6	62630000	62640000	28.852179813810647	62635000
chr6	62640000	62650000	39.96768591437782	62645000
chr6	62650000	62660000	46.2276478124154	62655000
chr6	62660000	62670000	38.62304182263419	62665000
chr6	62670000	62680000	29.96353544431451	62675000
chr6	62680000	62690000	41.17518508973614	62685000
chr6	62690000	62700000	34.890925810418366	62695000
chr6	62700000	62710000	36.091830743311796	62705000
chr6	62710000	62720000	30.739933535296704	62715000
chr6	62720000	62730000	32.49428409670403	62725000
chr6	62730000	62740000	33.1322260622228	62735000
chr6	62740000	62750000	33.27610540716388	62745000
chr6	62750000	62760000	26.89941485714221	62755000
chr6	62760000	62770000	30.372917104226318	62765000
chr6	62770000	62780000	29.702496681703824	62775000
chr6	62780000	62790000	26.778036616892734	62785000
chr6	62790000	62800000	28.387213265284128	62795000
chr6	62800000	62810000	28.345816089899085	62805000
chr6	62810000	62820000	26.855949932525178	62815000
chr6	62820000	62830000	22.364399675999856	62825000
chr6	62830000	62840000	23.16012140924478	62835000
chr6	62840000	62850000	31.024708238673185	62845000
chr6	62850000	62860000	28.510804896536715	62855000
chr6	62860000	62870000	43.797841302223034	62865000
chr6	62870000	62880000	54.43444879631346	62875000
chr6	62880000	62890000	27.406001910020684	62885000
chr6	62890000	62900000	54.826574371344435	62895000
chr6	62900000	62910000	12.73636508492635	62905000
chr6	62910000	62920000	16.924002514639184	62915000
chr6	62920000	62930000	18.317420904494416	62925000
chr6	62930000	62940000	16.139858105808283	62935000
chr6	62940000	62950000	33.74561757443128	62945000
chr6	62950000	62960000	23.29544177709392	62955000
chr6	62960000	62970000	21.139395212548663	62965000
chr6	62970000	62980000	23.57034930641086	62975000
chr6	62980000	62990000	30.395655017825067	62985000
chr6	62990000	63000000	28.38690599778045	62995000
chr6	63000000	63010000	24.180512351626458	63005000
chr6	63010000	63020000	21.053698369127947	63015000
chr6	63020000	63030000	21.531593979866127	63025000
chr6	63030000	63040000	32.80454972986642	63035000
chr6	63040000	63050000	24.77962756108501	63045000
chr6	63050000	63060000	18.79838527376453	63055000
chr6	63060000	63070000	18.809202547002585	63065000
chr6	63070000	63080000	23.91617304616217	63075000
chr6	63080000	63090000	23.855191585234287	63085000
chr6	63090000	63100000	28.740567205658525	63095000
chr6	63100000	63110000	22.052113417140298	63105000
chr6	63120000	63130000	33.703736173082945	63125000
chr6	63140000	63150000	32.76193204514345	63145000
chr6	63150000	63160000	29.061042917408358	63155000
chr6	63160000	63170000	26.827702400811557	63165000
chr6	63170000	63180000	25.43134681842315	63175000
chr6	63180000	63190000	24.858413397487755	63185000
chr6	63190000	63200000	24.383700806370786	63195000
chr6	63200000	63210000	25.14038280020215	63205000
chr6	63210000	63220000	18.955256893191386	63215000
chr6	63220000	63230000	32.48661016053208	63225000
chr6	63230000	63240000	23.39300473566202	63235000
chr6	63240000	63250000	15.153326406928413	63245000
chr6	63250000	63260000	21.49345018608887	63255000
chr6	63260000	63270000	27.427884952652363	63265000
chr6	63270000	63280000	19.444080341690675	63275000
chr6	63280000	63290000	10.68082333901367	63285000
chr6	63290000	63300000	15.092210328292984	63295000
chr6	63300000	63310000	17.96380195064305	63305000
chr6	63310000	63320000	18.660471468495636	63315000
chr6	63320000	63330000	10.586189353933474	63325000
chr6	63330000	63340000	11.781473846814125	63335000
chr6	63340000	63350000	9.551298525502268	63345000
chr6	63350000	63360000	11.206949729667887	63355000
chr6	63360000	63370000	9.214459882455694	63365000
chr6	63370000	63380000	5.9210308947343675	63375000
chr6	63380000	63390000	18.062641372068427	63385000
chr6	63390000	63400000	0.04627501868019859	63395000
chr6	63400000	63410000	0.09440147728404472	63405000
chr6	63410000	63420000	0.040928011949170354	63415000
chr6	63420000	63430000	29.063532921065665	63425000
