chrom	start	end	cM/Mb	midpoint
chr11	0	10000	6.629383139674452	5000
chr11	10000	20000	2.3318735108386703	15000
chr11	20000	30000	2.537282627757476	25000
chr11	30000	40000	0.13480440664935547	35000
chr11	40000	50000	0.1275237389914267	45000
chr11	50000	60000	0.12588334644223084	55000
chr11	60000	70000	0.09138163415002293	65000
chr11	70000	80000	0.07174308254788739	75000
chr11	80000	90000	0.07174308254788739	85000
chr11	90000	100000	0.07174308254788737	95000
chr11	100000	110000	0.0717430825478874	105000
chr11	110000	120000	0.07174308254788739	115000
chr11	120000	130000	0.07174893347262315	125000
chr11	130000	140000	0.14360915774005095	135000
chr11	140000	150000	0.03087478400701921	145000
chr11	150000	160000	0.004437274979247269	155000
chr11	160000	170000	0.004437274979247269	165000
chr11	170000	180000	0.0044372749792472715	175000
chr11	180000	190000	0.019904373186124757	185000
chr11	190000	200000	0.026566313161081892	195000
chr11	200000	210000	1.6494374402021008	205000
chr11	210000	220000	0.1110583831571601	215000
chr11	220000	230000	0.29803690176820036	225000
chr11	230000	240000	0.2830924735320346	235000
chr11	240000	250000	0.30133241199100425	245000
chr11	250000	260000	0.6110912554663679	255000
chr11	260000	270000	0.49531965902486125	265000
chr11	270000	280000	1.9238871634704926	275000
chr11	280000	290000	1.5338468036121529	285000
chr11	290000	300000	2.159099997884305	295000
chr11	300000	310000	1.8221163535381928	305000
chr11	310000	320000	2.4511710591492557	315000
chr11	320000	330000	2.954551484552876	325000
chr11	330000	340000	6.108263616541948	335000
chr11	340000	350000	6.657353820235248	345000
chr11	350000	360000	5.328924002144245	355000
chr11	360000	370000	6.981700550204809	365000
chr11	370000	380000	2.5472931077507965	375000
chr11	380000	390000	2.8123736055080277	385000
chr11	390000	400000	2.514046299726903	395000
chr11	400000	410000	3.3820185225857853	405000
chr11	410000	420000	3.156575011017679	415000
chr11	420000	430000	9.197055710248371	425000
chr11	430000	440000	7.250034696502915	435000
chr11	440000	450000	6.348896441182115	445000
chr11	450000	460000	5.082147231843512	455000
chr11	460000	470000	4.6246770037736775	465000
chr11	470000	480000	7.847005537622339	475000
chr11	480000	490000	10.46562957318439	485000
chr11	490000	500000	12.936983511854526	495000
chr11	500000	510000	6.730166786302261	505000
chr11	510000	520000	3.125896458853051	515000
chr11	520000	530000	2.4797510163422674	525000
chr11	530000	540000	2.4827070794052157	535000
chr11	540000	550000	7.415405818331999	545000
chr11	550000	560000	15.523991086910602	555000
chr11	560000	570000	19.900272725271037	565000
chr11	570000	580000	25.956554206379288	575000
chr11	580000	590000	20.309046612600667	585000
chr11	590000	600000	37.66196114919243	595000
chr11	600000	610000	65.81925576271925	605000
chr11	610000	620000	66.07840227118646	615000
chr11	620000	630000	66.71147931759667	625000
chr11	630000	640000	64.0372540804624	635000
chr11	640000	650000	64.72250192712688	645000
chr11	650000	660000	65.15298695198189	655000
chr11	660000	670000	66.3928258313201	665000
chr11	670000	680000	67.1049720297165	675000
chr11	680000	690000	67.13744655863661	685000
chr11	690000	700000	67.5346921525161	695000
chr11	700000	710000	52.772357737990895	705000
chr11	710000	720000	52.62470838045756	715000
chr11	720000	730000	52.92800860677482	725000
chr11	730000	740000	55.76409603684585	735000
chr11	740000	750000	60.34676823712242	745000
chr11	750000	760000	51.181146508538056	755000
chr11	760000	770000	43.39260710728167	765000
chr11	770000	780000	53.71963271744103	775000
chr11	780000	790000	55.852950272834576	785000
chr11	790000	800000	60.351488015097424	795000
chr11	800000	810000	59.700506992301584	805000
chr11	810000	820000	48.40615123106394	815000
chr11	820000	830000	43.898185529360006	825000
chr11	830000	840000	47.75416868659097	835000
chr11	840000	850000	47.75416868659096	845000
chr11	850000	860000	47.75416868659099	855000
chr11	860000	870000	47.75416868659093	865000
chr11	870000	880000	47.754168686591015	875000
chr11	880000	890000	47.754168686590994	885000
chr11	890000	900000	47.75416868659095	895000
chr11	900000	910000	47.75416868659099	905000
chr11	910000	920000	47.75416868659099	915000
chr11	920000	930000	47.75416868659097	925000
chr11	930000	940000	47.75416868659099	935000
chr11	940000	950000	47.754168686590994	945000
chr11	950000	960000	47.754168686591015	955000
chr11	960000	970000	55.03879162198774	965000
chr11	970000	980000	94.79574571499336	975000
chr11	980000	990000	64.33541849002711	985000
chr11	990000	1000000	41.5104865070452	995000
chr11	1000000	1010000	34.89571333018298	1005000
chr11	1010000	1020000	44.132946321198276	1015000
chr11	1020000	1030000	44.009666942169936	1025000
chr11	1030000	1040000	70.75790195015098	1035000
chr11	1040000	1050000	48.62436048883742	1045000
chr11	1050000	1060000	39.37096753636269	1055000
chr11	1060000	1070000	52.974532772810285	1065000
chr11	1070000	1080000	77.20800514590198	1075000
chr11	1080000	1090000	42.345894636338436	1085000
chr11	1090000	1100000	56.2234759911274	1095000
chr11	1100000	1110000	46.3042169773886	1105000
chr11	1110000	1120000	41.66430222128446	1115000
chr11	1120000	1130000	26.01256903440788	1125000
chr11	1130000	1140000	26.832753954700223	1135000
chr11	1140000	1150000	27.922706546051916	1145000
chr11	1150000	1160000	42.504193279753174	1155000
chr11	1160000	1170000	28.046783220388882	1165000
chr11	1170000	1180000	3.5572540144154776	1175000
chr11	1180000	1190000	2.4790500377596048	1185000
chr11	1190000	1200000	15.22168396413529	1195000
chr11	1200000	1210000	24.487096795820587	1205000
chr11	1210000	1220000	21.285454690930738	1215000
chr11	1220000	1230000	32.76889590325945	1225000
chr11	1230000	1240000	27.99070334276197	1235000
chr11	1240000	1250000	36.45888295126579	1245000
chr11	1250000	1260000	38.622135498163594	1255000
chr11	1260000	1270000	43.03325127642065	1265000
chr11	1270000	1280000	39.11504026340403	1275000
chr11	1280000	1290000	41.31212807896398	1285000
chr11	1290000	1300000	39.674580093793786	1295000
chr11	1300000	1310000	36.82222588298109	1305000
chr11	1310000	1320000	42.883322294632805	1315000
chr11	1320000	1330000	33.223487379660874	1325000
chr11	1330000	1340000	56.497401854011954	1335000
chr11	1340000	1350000	52.2107418275136	1345000
chr11	1350000	1360000	93.42206552780452	1355000
chr11	1360000	1370000	78.54066682771328	1365000
chr11	1370000	1380000	42.634392741726934	1375000
chr11	1380000	1390000	26.29941362875822	1385000
chr11	1390000	1400000	22.496079511041223	1395000
chr11	1400000	1410000	40.75621466117114	1405000
chr11	1410000	1420000	63.39707416477979	1415000
chr11	1420000	1430000	74.5169789116213	1425000
chr11	1430000	1440000	57.54464038849687	1435000
chr11	1440000	1450000	40.56779742582359	1445000
chr11	1450000	1460000	39.538926390614684	1455000
chr11	1460000	1470000	27.909417633953083	1465000
chr11	1470000	1480000	26.821751659668063	1475000
chr11	1480000	1490000	48.28760786195897	1485000
chr11	1490000	1500000	43.07223909916329	1495000
chr11	1500000	1510000	38.29904697368015	1505000
chr11	1510000	1520000	39.595674100926516	1515000
chr11	1520000	1530000	39.777199868689074	1525000
chr11	1530000	1540000	39.76530992130666	1535000
chr11	1540000	1550000	40.84696053500227	1545000
chr11	1550000	1560000	39.42768824650208	1555000
chr11	1560000	1570000	38.74793375092077	1565000
chr11	1570000	1580000	40.64324050356214	1575000
chr11	1580000	1590000	56.6058096911071	1585000
chr11	1590000	1600000	59.864586939326315	1595000
chr11	1600000	1610000	67.5964261074245	1605000
chr11	1610000	1620000	76.70788704304549	1615000
chr11	1620000	1630000	59.51934938641012	1625000
chr11	1630000	1640000	62.0816536636985	1635000
chr11	1640000	1650000	62.86347066229718	1645000
chr11	1650000	1660000	28.34487554951524	1655000
chr11	1660000	1670000	31.561562130203683	1665000
chr11	1670000	1680000	52.141354423079434	1675000
chr11	1680000	1690000	55.08762869760316	1685000
chr11	1690000	1700000	54.023210941806624	1695000
chr11	1700000	1710000	56.601021538571736	1705000
chr11	1710000	1720000	53.43378871090509	1715000
chr11	1720000	1730000	51.90062595708418	1725000
chr11	1730000	1740000	49.12653144760589	1735000
chr11	1740000	1750000	48.55455880208496	1745000
chr11	1750000	1760000	47.723902296674204	1755000
chr11	1760000	1770000	46.98209471021201	1765000
chr11	1770000	1780000	49.9159457161026	1775000
chr11	1780000	1790000	50.301042123089026	1785000
chr11	1790000	1800000	50.26051993319719	1795000
chr11	1800000	1810000	49.35039856295859	1805000
chr11	1810000	1820000	49.667986937180764	1815000
chr11	1820000	1830000	52.01313598162752	1825000
chr11	1830000	1840000	52.86231711860363	1835000
chr11	1840000	1850000	58.255346611659476	1845000
chr11	1850000	1860000	52.527979494919045	1855000
chr11	1860000	1870000	54.343559366169856	1865000
chr11	1870000	1880000	54.57748057882829	1875000
chr11	1880000	1890000	54.64115351105541	1885000
chr11	1890000	1900000	57.499726567545984	1895000
chr11	1900000	1910000	61.11574455331069	1905000
chr11	1910000	1920000	39.73220734922375	1915000
chr11	1920000	1930000	31.9900072749347	1925000
chr11	1930000	1940000	23.94549248635466	1935000
chr11	1940000	1950000	33.449647133973436	1945000
chr11	1950000	1960000	32.1872461177149	1955000
chr11	1960000	1970000	50.21336857165303	1965000
chr11	1970000	1980000	47.436020499427215	1975000
chr11	1980000	1990000	25.826814890571498	1985000
chr11	1990000	2000000	53.88018143573534	1995000
chr11	2000000	2010000	58.77481600308982	2005000
chr11	2010000	2020000	83.57063814017657	2015000
chr11	2020000	2030000	54.57087840704621	2025000
chr11	2030000	2040000	54.83562533995647	2035000
chr11	2040000	2050000	49.72537815686501	2045000
chr11	2050000	2060000	62.83668116785719	2055000
chr11	2060000	2070000	52.25791267781315	2065000
chr11	2070000	2080000	60.0972412531078	2075000
chr11	2080000	2090000	58.631403745111555	2085000
chr11	2090000	2100000	62.34722661153851	2095000
chr11	2100000	2110000	54.566279763870185	2105000
chr11	2110000	2120000	53.339016583711114	2115000
chr11	2120000	2130000	53.055941884259276	2125000
chr11	2130000	2140000	65.93936867022792	2135000
chr11	2140000	2150000	55.15799314380213	2145000
chr11	2150000	2160000	47.863522697806815	2155000
chr11	2160000	2170000	47.0371301106358	2165000
chr11	2170000	2180000	53.43892666313499	2175000
chr11	2180000	2190000	47.44851903250124	2185000
chr11	2190000	2200000	51.67453092055682	2195000
chr11	2200000	2210000	44.82529627758858	2205000
chr11	2210000	2220000	38.83931575908557	2215000
chr11	2220000	2230000	45.28938669392578	2225000
chr11	2230000	2240000	59.75693270611211	2235000
chr11	2240000	2250000	62.45895078850244	2245000
chr11	2250000	2260000	62.79367895658371	2255000
chr11	2260000	2270000	64.27328212398928	2265000
chr11	2270000	2280000	60.73373948811669	2275000
chr11	2280000	2290000	58.61306214975066	2285000
chr11	2290000	2300000	54.14403415534301	2295000
chr11	2300000	2310000	42.981274633212585	2305000
chr11	2310000	2320000	46.713041292729095	2315000
chr11	2320000	2330000	63.951103567725994	2325000
chr11	2330000	2340000	49.4637305021342	2335000
chr11	2340000	2350000	29.639765697953077	2345000
chr11	2350000	2360000	31.273863747482423	2355000
chr11	2360000	2370000	30.425008048613364	2365000
chr11	2370000	2380000	33.32240315165491	2375000
chr11	2380000	2390000	25.808002093248888	2385000
chr11	2390000	2400000	26.43037263533874	2395000
chr11	2400000	2410000	31.999077073738032	2405000
chr11	2410000	2420000	26.66912236791557	2415000
chr11	2420000	2430000	29.947662218878943	2425000
chr11	2430000	2440000	32.0052902104313	2435000
chr11	2440000	2450000	30.830939727044512	2445000
chr11	2450000	2460000	29.330985653195334	2455000
chr11	2460000	2470000	25.26384724640743	2465000
chr11	2470000	2480000	27.861211366798866	2475000
chr11	2480000	2490000	30.991932755971355	2485000
chr11	2490000	2500000	24.51042843015252	2495000
chr11	2500000	2510000	25.384958568916584	2505000
chr11	2510000	2520000	28.12084181449248	2515000
chr11	2520000	2530000	30.915088930133912	2525000
chr11	2530000	2540000	30.886082882873506	2535000
chr11	2540000	2550000	25.290488325820224	2545000
chr11	2550000	2560000	28.23202495382042	2555000
chr11	2560000	2570000	24.828841852023714	2565000
chr11	2570000	2580000	22.269780572349372	2575000
chr11	2580000	2590000	25.945839631697535	2585000
chr11	2590000	2600000	25.977782985609302	2595000
chr11	2600000	2610000	28.47556944135133	2605000
chr11	2610000	2620000	26.36059807125586	2615000
chr11	2620000	2630000	30.189484269620685	2625000
chr11	2630000	2640000	30.79846168896901	2635000
chr11	2640000	2650000	27.249020566914137	2645000
chr11	2650000	2660000	36.189792225862334	2655000
chr11	2660000	2670000	31.622598061667752	2665000
chr11	2670000	2680000	33.43723617335961	2675000
chr11	2680000	2690000	31.59858910018681	2685000
chr11	2690000	2700000	30.951170027513697	2695000
chr11	2700000	2710000	31.36238070431475	2705000
chr11	2710000	2720000	29.74837722105936	2715000
chr11	2720000	2730000	45.392733679758905	2725000
chr11	2730000	2740000	43.90529281426247	2735000
chr11	2740000	2750000	44.35396710211805	2745000
chr11	2750000	2760000	32.830801382516114	2755000
chr11	2760000	2770000	28.65019459009309	2765000
chr11	2770000	2780000	23.214794551697043	2775000
chr11	2780000	2790000	27.615939071163847	2785000
chr11	2790000	2800000	29.1918670826158	2795000
chr11	2800000	2810000	35.012661621155615	2805000
chr11	2810000	2820000	34.350567420017036	2815000
chr11	2820000	2830000	27.83049823430192	2825000
chr11	2830000	2840000	27.321175962093445	2835000
chr11	2840000	2850000	39.10163850281716	2845000
chr11	2850000	2860000	37.164245024296854	2855000
chr11	2860000	2870000	54.29283082254312	2865000
chr11	2870000	2880000	38.45380527793616	2875000
chr11	2880000	2890000	27.51914397191872	2885000
chr11	2890000	2900000	38.3034860354134	2895000
chr11	2900000	2910000	34.15860019702847	2905000
chr11	2910000	2920000	27.568357390851617	2915000
chr11	2920000	2930000	27.976650562961595	2925000
chr11	2930000	2940000	33.65562619440744	2935000
chr11	2940000	2950000	26.246517952481152	2945000
chr11	2950000	2960000	27.832028692132322	2955000
chr11	2960000	2970000	24.17188585003027	2965000
chr11	2970000	2980000	26.344206935491414	2975000
chr11	2980000	2990000	33.08105111917501	2985000
chr11	2990000	3000000	39.420873647138905	2995000
chr11	3000000	3010000	36.108900237577224	3005000
chr11	3010000	3020000	32.62084246341428	3015000
chr11	3020000	3030000	38.841371957401456	3025000
chr11	3030000	3040000	27.773512910634548	3035000
chr11	3040000	3050000	35.15557962757833	3045000
chr11	3050000	3060000	26.80735892726943	3055000
chr11	3060000	3070000	20.39802147889977	3065000
chr11	3070000	3080000	28.038681527198467	3075000
chr11	3080000	3090000	32.10838119597738	3085000
chr11	3090000	3100000	39.47368168706363	3095000
chr11	3100000	3110000	27.26681544458199	3105000
chr11	3110000	3120000	30.529412441395767	3115000
chr11	3120000	3130000	29.806126947526963	3125000
chr11	3130000	3140000	35.92705105377393	3135000
chr11	3140000	3150000	36.18918694347493	3145000
chr11	3150000	3160000	36.47038509806409	3155000
chr11	3160000	3170000	35.39594048383465	3165000
chr11	3170000	3180000	35.85956786178386	3175000
chr11	3180000	3190000	35.926053319675304	3185000
chr11	3190000	3200000	36.414194460761536	3195000
chr11	3200000	3210000	37.378533951350114	3205000
chr11	3210000	3220000	41.90104807261285	3215000
chr11	3220000	3230000	38.22664329445138	3225000
chr11	3230000	3240000	31.038382634157355	3235000
chr11	3240000	3250000	32.45512431972876	3245000
chr11	3250000	3260000	41.02063814979256	3255000
chr11	3260000	3270000	33.39854501414126	3265000
chr11	3270000	3280000	31.101929942964173	3275000
chr11	3280000	3290000	31.87603089843404	3285000
chr11	3290000	3300000	42.123838382551845	3295000
chr11	3300000	3310000	41.4974129283476	3305000
chr11	3310000	3320000	33.468287828355244	3315000
chr11	3320000	3330000	31.20464639369132	3325000
chr11	3330000	3340000	31.013737180861977	3335000
chr11	3340000	3350000	40.96575024046634	3345000
chr11	3350000	3360000	40.92627037027984	3355000
chr11	3360000	3370000	46.42813464903833	3365000
chr11	3370000	3380000	41.72421241362904	3375000
chr11	3380000	3390000	44.830299722144	3385000
chr11	3390000	3400000	38.033179649480935	3395000
chr11	3400000	3410000	42.33913782110119	3405000
chr11	3410000	3420000	46.205765820300996	3415000
chr11	3420000	3430000	50.4373146816488	3425000
chr11	3430000	3440000	47.06793564187727	3435000
chr11	3440000	3450000	34.084273812262985	3445000
chr11	3450000	3460000	38.50877184287952	3455000
chr11	3460000	3470000	42.16712179673196	3465000
chr11	3470000	3480000	45.46736063763222	3475000
chr11	3480000	3490000	44.83632245925929	3485000
chr11	3490000	3500000	39.981422227784115	3495000
chr11	3500000	3510000	37.51762386015304	3505000
chr11	3510000	3520000	31.485470847715785	3515000
chr11	3520000	3530000	33.92470921146147	3525000
chr11	3530000	3540000	36.218934340911574	3535000
chr11	3540000	3550000	22.78981949658145	3545000
chr11	3550000	3560000	27.0273361819988	3555000
chr11	3560000	3570000	28.225977751558162	3565000
chr11	3570000	3580000	26.789114397822985	3575000
chr11	3580000	3590000	25.081522314746156	3585000
chr11	3590000	3600000	30.74149311970953	3595000
chr11	3600000	3610000	24.97400433685931	3605000
chr11	3610000	3620000	40.085967418640585	3615000
chr11	3620000	3630000	64.43110065381013	3625000
chr11	3630000	3640000	36.41254556183959	3635000
chr11	3640000	3650000	48.00676409085094	3645000
chr11	3650000	3660000	35.61952428075057	3655000
chr11	3660000	3670000	15.878443050642055	3665000
chr11	3670000	3680000	15.822414589238505	3675000
chr11	3680000	3690000	24.91458712392201	3685000
chr11	3690000	3700000	20.413588836378608	3695000
chr11	3700000	3710000	30.755807281070233	3705000
chr11	3710000	3720000	63.3219718880878	3715000
chr11	3720000	3730000	42.14261033918904	3725000
chr11	3730000	3740000	29.59676590825472	3735000
chr11	3740000	3750000	24.82578004153467	3745000
chr11	3750000	3760000	34.750601014866085	3755000
chr11	3760000	3770000	94.19693657419167	3765000
chr11	3770000	3780000	48.25383926599358	3775000
chr11	3780000	3790000	40.71211148089906	3785000
chr11	3790000	3800000	48.4465320609021	3795000
chr11	3800000	3810000	21.832288843434196	3805000
chr11	3810000	3820000	24.197131996742296	3815000
chr11	3820000	3830000	24.621803276538987	3825000
chr11	3830000	3840000	22.202099897913786	3835000
chr11	3840000	3850000	21.468656041199427	3845000
chr11	3850000	3860000	25.306991572123195	3855000
chr11	3860000	3870000	40.51833559365931	3865000
chr11	3870000	3880000	47.45524306606774	3875000
chr11	3880000	3890000	48.045519156640744	3885000
chr11	3890000	3900000	55.50089715979621	3895000
chr11	3900000	3910000	34.17860466149032	3905000
chr11	3910000	3920000	27.323220970797657	3915000
chr11	3920000	3930000	24.88014078695139	3925000
chr11	3930000	3940000	24.709277100807718	3935000
chr11	3940000	3950000	20.783305139187576	3945000
chr11	3950000	3960000	20.831297874719045	3955000
chr11	3960000	3970000	25.033188517755228	3965000
chr11	3970000	3980000	25.73175947171643	3975000
chr11	3980000	3990000	22.869289794465352	3985000
chr11	3990000	4000000	26.636951835463563	3995000
chr11	4000000	4010000	24.86872854558997	4005000
chr11	4010000	4020000	16.933673333118357	4015000
chr11	4020000	4030000	24.07752449825964	4025000
chr11	4030000	4040000	13.547317520281414	4035000
chr11	4040000	4050000	12.331218124832521	4045000
chr11	4050000	4060000	16.665050692088375	4055000
chr11	4060000	4070000	26.115437245662648	4065000
chr11	4070000	4080000	36.24603059288939	4075000
chr11	4080000	4090000	36.76118185715663	4085000
chr11	4090000	4100000	25.86720849228377	4095000
chr11	4100000	4110000	24.57588408944144	4105000
chr11	4110000	4120000	24.070062673992492	4115000
chr11	4120000	4130000	19.051864284499	4125000
chr11	4130000	4140000	24.787977058311554	4135000
chr11	4140000	4150000	26.69535111379034	4145000
chr11	4150000	4160000	20.512488025262947	4155000
chr11	4160000	4170000	17.43756497400582	4165000
chr11	4170000	4180000	12.512365900513359	4175000
chr11	4180000	4190000	7.776982178117039	4185000
chr11	4190000	4200000	22.399776728515803	4195000
chr11	4200000	4210000	10.54400751255893	4205000
chr11	4210000	4220000	7.191904229129235	4215000
chr11	4220000	4230000	15.288534205768157	4225000
chr11	4230000	4240000	19.91324905009302	4235000
chr11	4240000	4250000	14.589534418895035	4245000
chr11	4250000	4260000	25.561002171179297	4255000
chr11	4260000	4270000	13.014774151915729	4265000
chr11	4270000	4280000	33.621107331019815	4275000
chr11	4280000	4290000	22.95479216247136	4285000
chr11	4290000	4300000	26.495841179332462	4295000
chr11	4300000	4310000	20.055860974885082	4305000
chr11	4310000	4320000	20.360366178513342	4315000
chr11	4320000	4330000	29.05913402651218	4325000
chr11	4330000	4340000	21.03313812050313	4335000
chr11	4340000	4350000	13.027888144738682	4345000
chr11	4350000	4360000	26.751966184912032	4355000
chr11	4360000	4370000	42.93526700711813	4365000
chr11	4370000	4380000	23.29745983769634	4375000
chr11	4380000	4390000	21.92243030314833	4385000
chr11	4390000	4400000	21.523436352279614	4395000
chr11	4400000	4410000	24.56006299032159	4405000
chr11	4410000	4420000	29.5580104097324	4415000
chr11	4420000	4430000	20.78376208954558	4425000
chr11	4430000	4440000	20.437684009065705	4435000
chr11	4440000	4450000	20.41134369444073	4445000
chr11	4450000	4460000	22.79720804904598	4455000
chr11	4460000	4470000	19.795053891563253	4465000
chr11	4470000	4480000	19.73994748686549	4475000
chr11	4480000	4490000	19.19934538423641	4485000
chr11	4490000	4500000	17.83649070980553	4495000
chr11	4500000	4510000	18.927955784761295	4505000
chr11	4510000	4520000	18.88684652784016	4515000
chr11	4520000	4530000	16.845513116969173	4525000
chr11	4530000	4540000	11.90927184452054	4535000
chr11	4540000	4550000	7.508506122164882	4545000
chr11	4550000	4560000	9.520461221584464	4555000
chr11	4560000	4570000	11.20123863738578	4565000
chr11	4570000	4580000	11.24779505008941	4575000
chr11	4580000	4590000	9.300459364679787	4585000
chr11	4590000	4600000	16.495756360964723	4595000
chr11	4600000	4610000	14.138518082218011	4605000
chr11	4610000	4620000	12.7192686635275	4615000
chr11	4620000	4630000	11.644602174431167	4625000
chr11	4630000	4640000	17.593154536133433	4635000
chr11	4640000	4650000	14.992385937209605	4645000
chr11	4650000	4660000	13.663726233330884	4655000
chr11	4660000	4670000	12.876627444079727	4665000
chr11	4670000	4680000	14.434204462352232	4675000
chr11	4680000	4690000	16.745313047539664	4685000
chr11	4690000	4700000	9.904109751453603	4695000
chr11	4700000	4710000	11.664576228148592	4705000
chr11	4710000	4720000	10.572697101297118	4715000
chr11	4720000	4730000	11.098849405114784	4725000
chr11	4730000	4740000	12.568404191412698	4735000
chr11	4740000	4750000	13.219326080486688	4745000
chr11	4750000	4760000	12.918960135630257	4755000
chr11	4760000	4770000	10.651981286908434	4765000
chr11	4770000	4780000	10.329390146853319	4775000
chr11	4780000	4790000	17.320307203026847	4785000
chr11	4790000	4800000	18.33484648526744	4795000
chr11	4800000	4810000	17.666700642586868	4805000
chr11	4810000	4820000	17.2092286442937	4815000
chr11	4820000	4830000	22.332497524722843	4825000
chr11	4830000	4840000	9.824278970784924	4835000
chr11	4840000	4850000	8.750033802522386	4845000
chr11	4850000	4860000	13.299087132813039	4855000
chr11	4860000	4870000	9.697067166355469	4865000
chr11	4870000	4880000	15.718654833928246	4875000
chr11	4880000	4890000	11.391263341205283	4885000
chr11	4890000	4900000	13.361268573766539	4895000
chr11	4900000	4910000	11.490184171845337	4905000
chr11	4910000	4920000	20.81113149156005	4915000
chr11	4920000	4930000	38.76602870445942	4925000
chr11	4930000	4940000	26.808192200174076	4935000
chr11	4940000	4950000	33.27470107302597	4945000
chr11	4950000	4960000	21.85252108774859	4955000
chr11	4960000	4970000	27.730517714988206	4965000
chr11	4970000	4980000	38.2954931307782	4975000
chr11	4980000	4990000	19.606431721256207	4985000
chr11	4990000	5000000	27.011529094948976	4995000
chr11	5000000	5010000	27.39450498011331	5005000
chr11	5010000	5020000	24.651816935841456	5015000
chr11	5020000	5030000	23.577089498671278	5025000
chr11	5030000	5040000	21.639741606000676	5035000
chr11	5040000	5050000	26.72142902265072	5045000
chr11	5050000	5060000	27.686016073865524	5055000
chr11	5060000	5070000	26.33959016783063	5065000
chr11	5070000	5080000	29.043129154184943	5075000
chr11	5080000	5090000	20.496494499248712	5085000
chr11	5090000	5100000	16.88998070624677	5095000
chr11	5100000	5110000	15.323312087495633	5105000
chr11	5110000	5120000	14.095053792934893	5115000
chr11	5120000	5130000	22.065129081031237	5125000
chr11	5130000	5140000	16.34931849899572	5135000
chr11	5140000	5150000	12.274828307417668	5145000
chr11	5150000	5160000	17.10614510590891	5155000
chr11	5160000	5170000	19.439664957728773	5165000
chr11	5170000	5180000	23.049858411732398	5175000
chr11	5180000	5190000	24.775950633884925	5185000
chr11	5190000	5200000	36.90556097716238	5195000
chr11	5200000	5210000	19.719213095796476	5205000
chr11	5210000	5220000	25.11360134832482	5215000
chr11	5220000	5230000	18.63613797697886	5225000
chr11	5230000	5240000	8.59274238912398	5235000
chr11	5240000	5250000	1.1517033406348767	5245000
chr11	5250000	5260000	0.5409299090131641	5255000
chr11	5260000	5270000	0.5409299090131642	5265000
chr11	5270000	5280000	5.621669635337568	5275000
chr11	5280000	5290000	23.23468261600783	5285000
chr11	5290000	5300000	32.52239726470029	5295000
chr11	5300000	5310000	31.668445219861596	5305000
chr11	5310000	5320000	32.45853279092651	5315000
chr11	5320000	5330000	28.341246570109043	5325000
chr11	5330000	5340000	28.245614306226777	5335000
chr11	5340000	5350000	28.245614306226777	5345000
chr11	5350000	5360000	28.245614306226557	5355000
chr11	5360000	5370000	28.24561430622664	5365000
chr11	5370000	5380000	28.245614306226653	5375000
chr11	5380000	5390000	28.24561430622654	5385000
chr11	5390000	5400000	28.245614306226603	5395000
chr11	5400000	5410000	25.81471771591083	5405000
chr11	5410000	5420000	26.04152493027799	5415000
chr11	5420000	5430000	19.294202973515866	5425000
chr11	5430000	5440000	30.672617456788018	5435000
chr11	5440000	5450000	23.488448300287832	5445000
chr11	5450000	5460000	19.772080712668338	5455000
chr11	5460000	5470000	19.553246878632173	5465000
chr11	5470000	5480000	14.112055943375525	5475000
chr11	5480000	5490000	19.448736561163024	5485000
chr11	5490000	5500000	23.294556050087678	5495000
chr11	5500000	5510000	21.2279345918148	5505000
chr11	5510000	5520000	21.04144471249117	5515000
chr11	5520000	5530000	21.94581133187099	5525000
chr11	5530000	5540000	20.110376026860717	5535000
chr11	5540000	5550000	22.942751672167468	5545000
chr11	5550000	5560000	20.458746964598664	5555000
chr11	5560000	5570000	20.935342774894444	5565000
chr11	5570000	5580000	22.04487602979878	5575000
chr11	5580000	5590000	25.11952835861288	5585000
chr11	5590000	5600000	21.09020399261037	5595000
chr11	5600000	5610000	22.376888382642626	5605000
chr11	5610000	5620000	23.011025239765132	5615000
chr11	5620000	5630000	21.687723545631037	5625000
chr11	5630000	5640000	17.6377136413236	5635000
chr11	5640000	5650000	13.9886881355164	5645000
chr11	5650000	5660000	14.693113124601144	5655000
chr11	5660000	5670000	13.446693930539537	5665000
chr11	5670000	5680000	12.154740579039201	5675000
chr11	5680000	5690000	12.409061820597193	5685000
chr11	5690000	5700000	9.152351584452166	5695000
chr11	5700000	5710000	11.57079976799827	5705000
chr11	5710000	5720000	11.987621585260612	5715000
chr11	5720000	5730000	25.22775554996458	5725000
chr11	5730000	5740000	14.997280284190126	5735000
chr11	5740000	5750000	16.920861186594145	5745000
chr11	5750000	5760000	20.601472828597988	5755000
chr11	5760000	5770000	17.73184406115387	5765000
chr11	5770000	5780000	20.16544310904748	5775000
chr11	5780000	5790000	21.700433692702518	5785000
chr11	5790000	5800000	17.71334467454755	5795000
chr11	5800000	5810000	14.72617815261074	5805000
chr11	5810000	5820000	16.77987993848377	5815000
chr11	5820000	5830000	18.042451937460893	5825000
chr11	5830000	5840000	14.915823565626669	5835000
chr11	5840000	5850000	14.133666018737308	5845000
chr11	5850000	5860000	23.545996264612135	5855000
chr11	5860000	5870000	21.995798279324013	5865000
chr11	5870000	5880000	28.92367591730611	5875000
chr11	5880000	5890000	19.415259247019634	5885000
chr11	5890000	5900000	18.46187781412008	5895000
chr11	5900000	5910000	19.854831906872842	5905000
chr11	5910000	5920000	23.7294486241304	5915000
chr11	5920000	5930000	23.823376303910102	5925000
chr11	5930000	5940000	20.469739193341738	5935000
chr11	5940000	5950000	17.557478445793937	5945000
chr11	5950000	5960000	26.77811611050448	5955000
chr11	5960000	5970000	31.271907670094325	5965000
chr11	5970000	5980000	25.71230087225682	5975000
chr11	5980000	5990000	18.771658904783564	5985000
chr11	5990000	6000000	19.746931297298474	5995000
chr11	6000000	6010000	17.64599891794434	6005000
chr11	6010000	6020000	32.77492562404671	6015000
chr11	6020000	6030000	28.84532413969964	6025000
chr11	6030000	6040000	34.60665959454094	6035000
chr11	6040000	6050000	47.04414509558565	6045000
chr11	6050000	6060000	40.91204237336921	6055000
chr11	6060000	6070000	22.49513007207033	6065000
chr11	6070000	6080000	37.281915242969596	6075000
chr11	6080000	6090000	28.0467056514337	6085000
chr11	6090000	6100000	27.893280449823077	6095000
chr11	6100000	6110000	41.839974072640665	6105000
chr11	6110000	6120000	46.19131802780707	6115000
chr11	6120000	6130000	42.40959223945738	6125000
chr11	6130000	6140000	31.73201558378702	6135000
chr11	6140000	6150000	33.80255800646165	6145000
chr11	6150000	6160000	34.22632776125463	6155000
chr11	6160000	6170000	29.418952483571555	6165000
chr11	6170000	6180000	22.374007768735876	6175000
chr11	6180000	6190000	18.466538313857484	6185000
chr11	6190000	6200000	22.586677776494923	6195000
chr11	6200000	6210000	11.602511595257639	6205000
chr11	6210000	6220000	13.906572877513655	6215000
chr11	6220000	6230000	12.317890535661636	6225000
chr11	6230000	6240000	18.2240188433824	6235000
chr11	6240000	6250000	11.999686152602257	6245000
chr11	6250000	6260000	9.628625536876962	6255000
chr11	6260000	6270000	13.339121808137465	6265000
chr11	6270000	6280000	20.497867143964722	6275000
chr11	6280000	6290000	12.574094507454502	6285000
chr11	6290000	6300000	9.223978466351742	6295000
chr11	6300000	6310000	8.904094328561694	6305000
chr11	6310000	6320000	11.028057068730606	6315000
chr11	6320000	6330000	11.559165220758034	6325000
chr11	6330000	6340000	11.494379769172285	6335000
chr11	6340000	6350000	13.805056766298264	6345000
chr11	6350000	6360000	16.24476014716437	6355000
chr11	6360000	6370000	23.126450017128654	6365000
chr11	6370000	6380000	26.266456543599716	6375000
chr11	6380000	6390000	27.622044454665083	6385000
chr11	6390000	6400000	42.86867092784484	6395000
chr11	6400000	6410000	46.660411044253046	6405000
chr11	6410000	6420000	39.61254656229269	6415000
chr11	6420000	6430000	38.97794808949286	6425000
chr11	6430000	6440000	45.67394783187247	6435000
chr11	6440000	6450000	36.8859954515352	6445000
chr11	6450000	6460000	30.596833648644424	6455000
chr11	6460000	6470000	31.14528059636965	6465000
chr11	6470000	6480000	31.40886144175978	6475000
chr11	6480000	6490000	28.678282834936	6485000
chr11	6490000	6500000	29.752320291442913	6495000
chr11	6500000	6510000	33.17043677577263	6505000
chr11	6510000	6520000	29.691568079087435	6515000
chr11	6520000	6530000	29.283719091516144	6525000
chr11	6530000	6540000	32.74807614834381	6535000
chr11	6540000	6550000	31.571160575335423	6545000
chr11	6550000	6560000	23.402339721297167	6555000
chr11	6560000	6570000	31.924031583548285	6565000
chr11	6570000	6580000	30.491208425717012	6575000
chr11	6580000	6590000	28.964530263996526	6585000
chr11	6590000	6600000	23.988254676971327	6595000
chr11	6600000	6610000	25.522206569547574	6605000
chr11	6610000	6620000	26.979962926857667	6615000
chr11	6620000	6630000	19.491182286890506	6625000
chr11	6630000	6640000	15.329444773159016	6635000
chr11	6640000	6650000	15.075329058575376	6645000
chr11	6650000	6660000	22.715124975451243	6655000
chr11	6660000	6670000	23.242183758036	6665000
chr11	6670000	6680000	19.180388994178763	6675000
chr11	6680000	6690000	25.284178219946906	6685000
chr11	6690000	6700000	12.639420352052712	6695000
chr11	6700000	6710000	18.37003466789734	6705000
chr11	6710000	6720000	26.59283263086125	6715000
chr11	6720000	6730000	25.38947628116268	6725000
chr11	6730000	6740000	19.507685928492076	6735000
chr11	6740000	6750000	27.03374283479331	6745000
chr11	6750000	6760000	17.77861629438017	6755000
chr11	6760000	6770000	14.003340859312518	6765000
chr11	6770000	6780000	16.335017904885973	6775000
chr11	6780000	6790000	15.286047862005201	6785000
chr11	6790000	6800000	18.26688957202871	6795000
chr11	6800000	6810000	18.250819118541703	6805000
chr11	6810000	6820000	17.805221306642398	6815000
chr11	6820000	6830000	21.01094034586634	6825000
chr11	6830000	6840000	16.070856737257937	6835000
chr11	6840000	6850000	16.19658795887402	6845000
chr11	6850000	6860000	16.97148947916568	6855000
chr11	6860000	6870000	20.853369571878368	6865000
chr11	6870000	6880000	9.436263568533374	6875000
chr11	6880000	6890000	11.466954514153972	6885000
chr11	6890000	6900000	10.541947574744952	6895000
chr11	6900000	6910000	7.557573495033168	6905000
chr11	6910000	6920000	9.285369828695108	6915000
chr11	6920000	6930000	13.23830061162269	6925000
chr11	6930000	6940000	16.23006037613412	6935000
chr11	6940000	6950000	8.728239546508828	6945000
chr11	6950000	6960000	8.880661539177488	6955000
chr11	6960000	6970000	13.370022900649657	6965000
chr11	6970000	6980000	11.857297020304916	6975000
chr11	6980000	6990000	11.6089648214958	6985000
chr11	6990000	7000000	12.512623339017942	6995000
chr11	7000000	7010000	14.053559069710815	7005000
chr11	7010000	7020000	12.805958304999155	7015000
chr11	7020000	7030000	14.804461961931983	7025000
chr11	7030000	7040000	12.658682247747521	7035000
chr11	7040000	7050000	13.77316784400413	7045000
chr11	7050000	7060000	15.136316408127415	7055000
chr11	7060000	7070000	11.604740962771235	7065000
chr11	7070000	7080000	15.773902660508655	7075000
chr11	7080000	7090000	22.0550383145649	7085000
chr11	7090000	7100000	18.986261025281475	7095000
chr11	7100000	7110000	12.636330937163812	7105000
chr11	7110000	7120000	8.58871858878437	7115000
chr11	7120000	7130000	9.310656503116336	7125000
chr11	7130000	7140000	12.25827378903829	7135000
chr11	7140000	7150000	12.152285954228187	7145000
chr11	7150000	7160000	17.71739794769976	7155000
chr11	7160000	7170000	11.40886716753677	7165000
chr11	7170000	7180000	9.485884075520394	7175000
chr11	7180000	7190000	10.065383745438531	7185000
chr11	7190000	7200000	10.25087685685521	7195000
chr11	7200000	7210000	10.247320279425209	7205000
chr11	7210000	7220000	9.237619205568109	7215000
chr11	7220000	7230000	9.008530344778567	7225000
chr11	7230000	7240000	11.737392084989173	7235000
chr11	7240000	7250000	11.715601518702453	7245000
chr11	7250000	7260000	12.40753459708191	7255000
chr11	7260000	7270000	14.335466442064993	7265000
chr11	7270000	7280000	25.029931401580047	7275000
chr11	7280000	7290000	20.915043005246297	7285000
chr11	7290000	7300000	23.003909726404775	7295000
chr11	7300000	7310000	14.79320650104973	7305000
chr11	7310000	7320000	6.578632281983919	7315000
chr11	7320000	7330000	10.277948649088971	7325000
chr11	7330000	7340000	7.751339258309712	7335000
chr11	7340000	7350000	6.331302911561581	7345000
chr11	7350000	7360000	8.40836481984042	7355000
chr11	7360000	7370000	7.125934187627157	7365000
chr11	7370000	7380000	12.773652961473777	7375000
chr11	7380000	7390000	12.68870392266161	7385000
chr11	7390000	7400000	13.288199632582998	7395000
chr11	7400000	7410000	11.664261243220288	7405000
chr11	7410000	7420000	15.321893939937096	7415000
chr11	7420000	7430000	15.39871490478897	7425000
chr11	7430000	7440000	16.764722889571697	7435000
chr11	7440000	7450000	12.471390122340951	7445000
chr11	7450000	7460000	11.55781107794404	7455000
chr11	7460000	7470000	6.905386816374059	7465000
chr11	7470000	7480000	6.866729908243601	7475000
chr11	7480000	7490000	5.071630660389443	7485000
chr11	7490000	7500000	4.058254912028383	7495000
chr11	7500000	7510000	4.874475617440452	7505000
chr11	7510000	7520000	14.3850018725149	7515000
chr11	7520000	7530000	11.66869979876384	7525000
chr11	7530000	7540000	10.569789975233201	7535000
chr11	7540000	7550000	11.757897479974227	7545000
chr11	7550000	7560000	10.19727609527039	7555000
chr11	7560000	7570000	11.739116050229264	7565000
chr11	7570000	7580000	11.774916864877436	7575000
chr11	7580000	7590000	11.841937980093716	7585000
chr11	7590000	7600000	10.103054286565824	7595000
chr11	7600000	7610000	10.802317544545495	7605000
chr11	7610000	7620000	10.701707896890548	7615000
chr11	7620000	7630000	11.404687862785352	7625000
chr11	7630000	7640000	8.922953430678374	7635000
chr11	7640000	7650000	7.803269387411227	7645000
chr11	7650000	7660000	8.056024956997081	7655000
chr11	7660000	7670000	8.46512809254302	7665000
chr11	7670000	7680000	9.580799125728344	7675000
chr11	7680000	7690000	6.543037859657004	7685000
chr11	7690000	7700000	10.146294974527464	7695000
chr11	7700000	7710000	11.842355710040291	7705000
chr11	7710000	7720000	14.829055303113734	7715000
chr11	7720000	7730000	20.14765803207129	7725000
chr11	7730000	7740000	27.815037871822383	7735000
chr11	7740000	7750000	16.819546900411048	7745000
chr11	7750000	7760000	21.22250077590542	7755000
chr11	7760000	7770000	14.320447323802728	7765000
chr11	7770000	7780000	12.781359890181063	7775000
chr11	7780000	7790000	13.201100121610143	7785000
chr11	7790000	7800000	11.092489840090535	7795000
chr11	7800000	7810000	13.51085720049863	7805000
chr11	7810000	7820000	10.482595939373882	7815000
chr11	7820000	7830000	10.200179762933931	7825000
chr11	7830000	7840000	12.180559636834902	7835000
chr11	7840000	7850000	10.68555655601526	7845000
chr11	7850000	7860000	12.592767790487406	7855000
chr11	7860000	7870000	17.654279803767615	7865000
chr11	7870000	7880000	15.716837906212819	7875000
chr11	7880000	7890000	10.621324216749192	7885000
chr11	7890000	7900000	20.599470034924007	7895000
chr11	7900000	7910000	10.187895888557756	7905000
chr11	7910000	7920000	10.094730409731872	7915000
chr11	7920000	7930000	8.009691089659034	7925000
chr11	7930000	7940000	12.831871848029868	7935000
chr11	7940000	7950000	11.975093542630724	7945000
chr11	7950000	7960000	7.793744530812167	7955000
chr11	7960000	7970000	9.869290377346887	7965000
chr11	7970000	7980000	11.606037475806852	7975000
chr11	7980000	7990000	12.501677489180876	7985000
chr11	7990000	8000000	13.493659617513808	7995000
chr11	8000000	8010000	13.702795098751045	8005000
chr11	8010000	8020000	16.954936397461324	8015000
chr11	8020000	8030000	16.785629132283084	8025000
chr11	8030000	8040000	13.23245353572562	8035000
chr11	8040000	8050000	20.5190632176167	8045000
chr11	8050000	8060000	15.390823032058751	8055000
chr11	8060000	8070000	15.001281909611246	8065000
chr11	8070000	8080000	17.237945932026115	8075000
chr11	8080000	8090000	12.489072604381661	8085000
chr11	8090000	8100000	25.475021118544436	8095000
chr11	8100000	8110000	16.373067638651886	8105000
chr11	8110000	8120000	32.99447254396004	8115000
chr11	8120000	8130000	28.777154966989947	8125000
chr11	8130000	8140000	38.21688491943093	8135000
chr11	8140000	8150000	31.949820202992264	8145000
chr11	8150000	8160000	22.394092813440754	8155000
chr11	8160000	8170000	31.990299966363878	8165000
chr11	8170000	8180000	28.152368296350467	8175000
chr11	8180000	8190000	15.402592349296603	8185000
chr11	8190000	8200000	16.706111298070276	8195000
chr11	8200000	8210000	8.092601872107142	8205000
chr11	8210000	8220000	5.405581881167636	8215000
chr11	8220000	8230000	14.386214128783374	8225000
chr11	8230000	8240000	18.58511224521933	8235000
chr11	8240000	8250000	8.682410200670706	8245000
chr11	8250000	8260000	8.907510597786425	8255000
chr11	8260000	8270000	9.119995819489201	8265000
chr11	8270000	8280000	7.776855579795191	8275000
chr11	8280000	8290000	9.484903591588523	8285000
chr11	8290000	8300000	8.959358329276453	8295000
chr11	8300000	8310000	8.23039264270544	8305000
chr11	8310000	8320000	5.0947645906080234	8315000
chr11	8320000	8330000	7.612006702206482	8325000
chr11	8330000	8340000	7.95381939108295	8335000
chr11	8340000	8350000	9.868273190120924	8345000
chr11	8350000	8360000	14.18341191635462	8355000
chr11	8360000	8370000	16.138741686715893	8365000
chr11	8370000	8380000	14.822506255641791	8375000
chr11	8380000	8390000	13.393443324499822	8385000
chr11	8390000	8400000	16.157738499040438	8395000
chr11	8400000	8410000	13.336642184541368	8405000
chr11	8410000	8420000	11.79680546467013	8415000
chr11	8420000	8430000	25.084360357097463	8425000
chr11	8430000	8440000	17.73225812114621	8435000
chr11	8440000	8450000	35.04382169099095	8445000
chr11	8450000	8460000	18.837829144463214	8455000
chr11	8460000	8470000	16.37256510062482	8465000
chr11	8470000	8480000	16.970245184699607	8475000
chr11	8480000	8490000	27.76738704830057	8485000
chr11	8490000	8500000	22.402854715163866	8495000
chr11	8500000	8510000	20.339147152861393	8505000
chr11	8510000	8520000	18.986735233435528	8515000
chr11	8520000	8530000	20.166452482554718	8525000
chr11	8530000	8540000	21.971237691634222	8535000
chr11	8540000	8550000	20.854901807942685	8545000
chr11	8550000	8560000	21.284626326686407	8555000
chr11	8560000	8570000	21.547963365903303	8565000
chr11	8570000	8580000	20.37432430706657	8575000
chr11	8580000	8590000	21.967343250191632	8585000
chr11	8590000	8600000	20.63291399263933	8595000
chr11	8600000	8610000	19.09293167837527	8605000
chr11	8610000	8620000	22.657214959159404	8615000
chr11	8620000	8630000	17.114926377903096	8625000
chr11	8630000	8640000	16.70617449007862	8635000
chr11	8640000	8650000	20.852699504284057	8645000
chr11	8650000	8660000	18.70595529425423	8655000
chr11	8660000	8670000	18.46473564253201	8665000
chr11	8670000	8680000	20.758892042050576	8675000
chr11	8680000	8690000	16.520407487615774	8685000
chr11	8690000	8700000	13.181020264035341	8695000
chr11	8700000	8710000	12.23083719616431	8705000
chr11	8710000	8720000	15.654899199355627	8715000
chr11	8720000	8730000	16.33267907468544	8725000
chr11	8730000	8740000	12.209485031608839	8735000
chr11	8740000	8750000	15.1737888885203	8745000
chr11	8750000	8760000	18.87121694884429	8755000
chr11	8760000	8770000	14.664945096803036	8765000
chr11	8770000	8780000	17.345178460486018	8775000
chr11	8780000	8790000	33.88545268943647	8785000
chr11	8790000	8800000	32.81424901172726	8795000
chr11	8800000	8810000	32.9252418637829	8805000
chr11	8810000	8820000	19.938000284593564	8815000
chr11	8820000	8830000	20.281265166683895	8825000
chr11	8830000	8840000	18.12477487227847	8835000
chr11	8840000	8850000	17.09689300738683	8845000
chr11	8850000	8860000	15.841485001906424	8855000
chr11	8860000	8870000	12.452818013261108	8865000
chr11	8870000	8880000	11.632831355171108	8875000
chr11	8880000	8890000	9.062676388236435	8885000
chr11	8890000	8900000	21.192706215726723	8895000
chr11	8900000	8910000	12.53431337946612	8905000
chr11	8910000	8920000	7.93017638896251	8915000
chr11	8920000	8930000	10.117863122805415	8925000
chr11	8930000	8940000	9.560428623944505	8935000
chr11	8940000	8950000	9.448822240661581	8945000
chr11	8950000	8960000	7.9951077152054655	8955000
chr11	8960000	8970000	5.0762100815343745	8965000
chr11	8970000	8980000	5.808501509813267	8975000
chr11	8980000	8990000	9.319914714777061	8985000
chr11	8990000	9000000	6.102235632540171	8995000
chr11	9000000	9010000	6.294227362244107	9005000
chr11	9010000	9020000	16.539384241268902	9015000
chr11	9020000	9030000	7.492039918897381	9025000
chr11	9030000	9040000	7.627548232132844	9035000
chr11	9040000	9050000	6.101087544807466	9045000
chr11	9050000	9060000	9.821171988250276	9055000
chr11	9060000	9070000	7.356134926758055	9065000
chr11	9070000	9080000	6.272901603957286	9075000
chr11	9080000	9090000	14.786463430402945	9085000
chr11	9090000	9100000	22.646663681203695	9095000
chr11	9100000	9110000	17.474266763365222	9105000
chr11	9110000	9120000	12.652688088765757	9115000
chr11	9120000	9130000	8.770327226154633	9125000
chr11	9130000	9140000	8.398955618705505	9135000
chr11	9140000	9150000	13.845949171651002	9145000
chr11	9150000	9160000	4.129242684630424	9155000
chr11	9160000	9170000	4.0707282597154935	9165000
chr11	9170000	9180000	18.99329515180592	9175000
chr11	9180000	9190000	12.129788913169556	9185000
chr11	9190000	9200000	10.678467077905715	9195000
chr11	9200000	9210000	11.298767799223855	9205000
chr11	9210000	9220000	12.500928539953442	9215000
chr11	9220000	9230000	13.210698446337554	9225000
chr11	9230000	9240000	14.095628630577146	9235000
chr11	9240000	9250000	4.437330614647837	9245000
chr11	9250000	9260000	4.763448949998969	9255000
chr11	9260000	9270000	10.304037187807959	9265000
chr11	9270000	9280000	13.305430488609526	9275000
chr11	9280000	9290000	16.547786661135284	9285000
chr11	9290000	9300000	11.904005444804403	9295000
chr11	9300000	9310000	14.921628692321597	9305000
chr11	9310000	9320000	19.626235171023893	9315000
chr11	9320000	9330000	5.209822187289428	9325000
chr11	9330000	9340000	3.9436997777355276	9335000
chr11	9340000	9350000	2.201257173161423	9345000
chr11	9350000	9360000	5.56109318692698	9355000
chr11	9360000	9370000	1.5679921184429653	9365000
chr11	9370000	9380000	2.3241277735226595	9375000
chr11	9380000	9390000	6.370040927252401	9385000
chr11	9390000	9400000	4.746536377939235	9395000
chr11	9400000	9410000	2.203598880120698	9405000
chr11	9410000	9420000	2.830541955953013	9415000
chr11	9420000	9430000	4.5387472673951175	9425000
chr11	9430000	9440000	3.6061535868274506	9435000
chr11	9440000	9450000	3.270349186828791	9445000
chr11	9450000	9460000	1.9791561336476151	9455000
chr11	9460000	9470000	3.8217539067813835	9465000
chr11	9470000	9480000	3.1762170090554065	9475000
chr11	9480000	9490000	3.649192612091332	9485000
chr11	9490000	9500000	5.887656699047594	9495000
chr11	9500000	9510000	2.5379764004292937	9505000
chr11	9510000	9520000	4.342420230103607	9515000
chr11	9520000	9530000	1.8195150837409413	9525000
chr11	9530000	9540000	2.5326272747677407	9535000
chr11	9540000	9550000	8.502054107977722	9545000
chr11	9550000	9560000	10.427363459056556	9555000
chr11	9560000	9570000	15.27667772134114	9565000
chr11	9570000	9580000	5.392282236635494	9575000
chr11	9580000	9590000	9.049516105279162	9585000
chr11	9590000	9600000	10.548994326389849	9595000
chr11	9600000	9610000	6.645857784174624	9605000
chr11	9610000	9620000	5.321724855534541	9615000
chr11	9620000	9630000	8.49611896059365	9625000
chr11	9630000	9640000	13.66856432553578	9635000
chr11	9640000	9650000	10.090697542791048	9645000
chr11	9650000	9660000	7.372898389027746	9655000
chr11	9660000	9670000	7.564679483290391	9665000
chr11	9670000	9680000	3.938979740259246	9675000
chr11	9680000	9690000	3.5555609717400833	9685000
chr11	9690000	9700000	14.639563882939745	9695000
chr11	9700000	9710000	12.212340216776914	9705000
chr11	9710000	9720000	17.28190197922359	9715000
chr11	9720000	9730000	7.645824378131609	9725000
chr11	9730000	9740000	19.88904002225989	9735000
chr11	9740000	9750000	11.471448386697213	9745000
chr11	9750000	9760000	12.719300581850383	9755000
chr11	9760000	9770000	9.158063277095899	9765000
chr11	9770000	9780000	16.974128443003625	9775000
chr11	9780000	9790000	18.620942292154304	9785000
chr11	9790000	9800000	29.804467189075698	9795000
chr11	9800000	9810000	23.55388561660481	9805000
chr11	9810000	9820000	17.876444321719976	9815000
chr11	9820000	9830000	18.658238843328498	9825000
chr11	9830000	9840000	8.721316840437375	9835000
chr11	9840000	9850000	6.934628130385092	9845000
chr11	9850000	9860000	5.665425168525956	9855000
chr11	9860000	9870000	6.881235061179389	9865000
chr11	9870000	9880000	6.902816460957341	9875000
chr11	9880000	9890000	7.20691962153774	9885000
chr11	9890000	9900000	8.379428050695394	9895000
chr11	9900000	9910000	7.274203952017608	9905000
chr11	9910000	9920000	6.460870618000595	9915000
chr11	9920000	9930000	8.320378770723252	9925000
chr11	9930000	9940000	9.014032168838382	9935000
chr11	9940000	9950000	7.604542993688915	9945000
chr11	9950000	9960000	10.133683616418802	9955000
chr11	9960000	9970000	13.14564776947316	9965000
chr11	9970000	9980000	13.136890421751325	9975000
chr11	9980000	9990000	14.013263507013278	9985000
chr11	9990000	10000000	12.922869878308134	9995000
chr11	10000000	10010000	13.981102251163115	10005000
chr11	10010000	10020000	17.606339551448475	10015000
chr11	10020000	10030000	16.29341940719726	10025000
chr11	10030000	10040000	17.74564978448502	10035000
chr11	10040000	10050000	17.024990854633433	10045000
chr11	10050000	10060000	17.445628150097086	10055000
chr11	10060000	10070000	19.761198923828726	10065000
chr11	10070000	10080000	22.42504021163027	10075000
chr11	10080000	10090000	16.30481909127896	10085000
chr11	10090000	10100000	18.267297889750704	10095000
chr11	10100000	10110000	18.635314774714406	10105000
chr11	10110000	10120000	21.907616817633937	10115000
chr11	10120000	10130000	19.477941147414167	10125000
chr11	10130000	10140000	13.612718868496131	10135000
chr11	10140000	10150000	11.06179047072787	10145000
chr11	10150000	10160000	15.475147808934908	10155000
chr11	10160000	10170000	14.731438953007165	10165000
chr11	10170000	10180000	17.716150498180948	10175000
chr11	10180000	10190000	9.78821576470228	10185000
chr11	10190000	10200000	4.624607519106591	10195000
chr11	10200000	10210000	7.767136443381216	10205000
chr11	10210000	10220000	4.681941818343827	10215000
chr11	10220000	10230000	6.694613462316664	10225000
chr11	10230000	10240000	7.465877359614878	10235000
chr11	10240000	10250000	6.733458284074867	10245000
chr11	10250000	10260000	20.9422728197672	10255000
chr11	10260000	10270000	6.729772937653812	10265000
chr11	10270000	10280000	8.270662411785578	10275000
chr11	10280000	10290000	8.971479547643558	10285000
chr11	10290000	10300000	6.455802360659982	10295000
chr11	10300000	10310000	6.0973924063889715	10305000
chr11	10310000	10320000	5.803922135879064	10315000
chr11	10320000	10330000	3.2389707729545396	10325000
chr11	10330000	10340000	3.895047075936495	10335000
chr11	10340000	10350000	3.570895904308584	10345000
chr11	10350000	10360000	12.34350464536011	10355000
chr11	10360000	10370000	5.527885844625084	10365000
chr11	10370000	10380000	12.255887286457472	10375000
chr11	10380000	10390000	11.829820046687555	10385000
chr11	10390000	10400000	11.64959977570436	10395000
chr11	10400000	10410000	15.778389413497061	10405000
chr11	10410000	10420000	11.405856189958039	10415000
chr11	10420000	10430000	11.1952718740791	10425000
chr11	10430000	10440000	11.594149224905776	10435000
chr11	10440000	10450000	11.06469105710005	10445000
chr11	10450000	10460000	10.033274658055133	10455000
chr11	10460000	10470000	10.601472397646027	10465000
chr11	10470000	10480000	9.458421180836538	10475000
chr11	10480000	10490000	13.009180177719518	10485000
chr11	10490000	10500000	4.623096965910545	10495000
chr11	10500000	10510000	13.473118017099898	10505000
chr11	10510000	10520000	8.51744391373401	10515000
chr11	10520000	10530000	8.974158770643967	10525000
chr11	10530000	10540000	13.803132406687228	10535000
chr11	10540000	10550000	11.341610433421481	10545000
chr11	10550000	10560000	13.294829968133827	10555000
chr11	10560000	10570000	14.335650490302145	10565000
chr11	10570000	10580000	17.889234974686012	10575000
chr11	10580000	10590000	18.577688997041022	10585000
chr11	10590000	10600000	18.06656396774895	10595000
chr11	10600000	10610000	13.999036517407628	10605000
chr11	10610000	10620000	11.081385390904297	10615000
chr11	10620000	10630000	10.662930849463631	10625000
chr11	10630000	10640000	11.612229742000467	10635000
chr11	10640000	10650000	10.80748112930609	10645000
chr11	10650000	10660000	13.924960792904674	10655000
chr11	10660000	10670000	13.957904058596469	10665000
chr11	10670000	10680000	16.66458249547085	10675000
chr11	10680000	10690000	9.692778685404125	10685000
chr11	10690000	10700000	12.189478638499965	10695000
chr11	10700000	10710000	13.596554159570568	10705000
chr11	10710000	10720000	17.574168244625994	10715000
chr11	10720000	10730000	16.867898466560955	10725000
chr11	10730000	10740000	20.415135876177587	10735000
chr11	10740000	10750000	19.35985097464799	10745000
chr11	10750000	10760000	18.428397895884522	10755000
chr11	10760000	10770000	16.3164835265193	10765000
chr11	10770000	10780000	15.153228963187596	10775000
chr11	10780000	10790000	9.630794296850063	10785000
chr11	10790000	10800000	6.976911035158727	10795000
chr11	10800000	10810000	4.439891808387501	10805000
chr11	10810000	10820000	22.673999884195464	10815000
chr11	10820000	10830000	6.084521140077218	10825000
chr11	10830000	10840000	5.309202303190505	10835000
chr11	10840000	10850000	11.709859612405548	10845000
chr11	10850000	10860000	10.344997097697107	10855000
chr11	10860000	10870000	9.385074170255328	10865000
chr11	10870000	10880000	11.688647830018908	10875000
chr11	10880000	10890000	9.828333382702207	10885000
chr11	10890000	10900000	7.859320054985369	10895000
chr11	10900000	10910000	10.85472119332247	10905000
chr11	10910000	10920000	8.611547071992451	10915000
chr11	10920000	10930000	6.127009937313138	10925000
chr11	10930000	10940000	13.736514669809726	10935000
chr11	10940000	10950000	14.262536732415077	10945000
chr11	10950000	10960000	11.167257578173894	10955000
chr11	10960000	10970000	7.020109508681567	10965000
chr11	10970000	10980000	4.850476138260682	10975000
chr11	10980000	10990000	7.764298369531519	10985000
chr11	10990000	11000000	6.80967624616272	10995000
chr11	11000000	11010000	7.489321592759955	11005000
chr11	11010000	11020000	4.640008599131867	11015000
chr11	11020000	11030000	9.335490523930462	11025000
chr11	11030000	11040000	8.91912036665046	11035000
chr11	11040000	11050000	9.846322042767254	11045000
chr11	11050000	11060000	7.434750698778287	11055000
chr11	11060000	11070000	10.160605563663914	11065000
chr11	11070000	11080000	12.682921688689566	11075000
chr11	11080000	11090000	7.172648345258211	11085000
chr11	11090000	11100000	13.564751826690667	11095000
chr11	11100000	11110000	10.25344966925368	11105000
chr11	11110000	11120000	9.786915565932606	11115000
chr11	11120000	11130000	9.3521753109886	11125000
chr11	11130000	11140000	8.445351937649766	11135000
chr11	11140000	11150000	8.06465893080478	11145000
chr11	11150000	11160000	8.689769299385416	11155000
chr11	11160000	11170000	8.671496893528674	11165000
chr11	11170000	11180000	9.457037128495458	11175000
chr11	11180000	11190000	9.257479720850624	11185000
chr11	11190000	11200000	10.573663345574547	11195000
chr11	11200000	11210000	12.444993834307247	11205000
chr11	11210000	11220000	11.871129300211315	11215000
chr11	11220000	11230000	10.07784484505785	11225000
chr11	11230000	11240000	3.638121181480427	11235000
chr11	11240000	11250000	4.5601501795031	11245000
chr11	11250000	11260000	7.147919885310491	11255000
chr11	11260000	11270000	7.630056281067986	11265000
chr11	11270000	11280000	8.25639123763016	11275000
chr11	11280000	11290000	8.351144218904983	11285000
chr11	11290000	11300000	13.458169092455833	11295000
chr11	11300000	11310000	10.391364003299739	11305000
chr11	11310000	11320000	18.364456022549167	11315000
chr11	11320000	11330000	10.654523210554146	11325000
chr11	11330000	11340000	13.192237963053149	11335000
chr11	11340000	11350000	22.39100185246798	11345000
chr11	11350000	11360000	17.086220093980923	11355000
chr11	11360000	11370000	6.050024233074874	11365000
chr11	11370000	11380000	9.70236322645163	11375000
chr11	11380000	11390000	4.037917575538575	11385000
chr11	11390000	11400000	8.424821678026975	11395000
chr11	11400000	11410000	6.561262065562783	11405000
chr11	11410000	11420000	6.190603930721906	11415000
chr11	11420000	11430000	9.443172624656146	11425000
chr11	11430000	11440000	7.508695843692235	11435000
chr11	11440000	11450000	5.16785939901967	11445000
chr11	11450000	11460000	7.232418610046234	11455000
chr11	11460000	11470000	7.259551577719534	11465000
chr11	11470000	11480000	17.25320679664182	11475000
chr11	11480000	11490000	6.704416082806915	11485000
chr11	11490000	11500000	17.544597172037278	11495000
chr11	11500000	11510000	11.441586568339266	11505000
chr11	11510000	11520000	15.243986784398826	11515000
chr11	11520000	11530000	18.091006077674752	11525000
chr11	11530000	11540000	8.148636134342834	11535000
chr11	11540000	11550000	9.019972117851623	11545000
chr11	11550000	11560000	8.4358274388178	11555000
chr11	11560000	11570000	5.341758582846148	11565000
chr11	11570000	11580000	8.771326788897168	11575000
chr11	11580000	11590000	8.319323747497306	11585000
chr11	11590000	11600000	5.68957283844426	11595000
chr11	11600000	11610000	3.7210946053845	11605000
chr11	11610000	11620000	3.391666026134182	11615000
chr11	11620000	11630000	3.3865208599953522	11625000
chr11	11630000	11640000	5.055273274056989	11635000
chr11	11640000	11650000	6.6312431331619255	11645000
chr11	11650000	11660000	2.717919932113562	11655000
chr11	11660000	11670000	2.332306709050021	11665000
chr11	11670000	11680000	3.559539997584995	11675000
chr11	11680000	11690000	2.731886954616886	11685000
chr11	11690000	11700000	6.9661889923196885	11695000
chr11	11700000	11710000	6.35354604108593	11705000
chr11	11710000	11720000	14.621720243527085	11715000
chr11	11720000	11730000	8.60506536798167	11725000
chr11	11730000	11740000	17.63386002483625	11735000
chr11	11740000	11750000	16.173168758026	11745000
chr11	11750000	11760000	6.481402227652432	11755000
chr11	11760000	11770000	19.74323632170417	11765000
chr11	11770000	11780000	20.221726776251153	11775000
chr11	11780000	11790000	10.903661608842626	11785000
chr11	11790000	11800000	7.7399643620331595	11795000
chr11	11800000	11810000	7.012819364956031	11805000
chr11	11810000	11820000	6.297547403442624	11815000
chr11	11820000	11830000	5.463558216541643	11825000
chr11	11830000	11840000	7.076929196978287	11835000
chr11	11840000	11850000	6.874026171421211	11845000
chr11	11850000	11860000	4.576239878617643	11855000
chr11	11860000	11870000	10.244325206154626	11865000
chr11	11870000	11880000	12.588770429251927	11875000
chr11	11880000	11890000	10.749790327557672	11885000
chr11	11890000	11900000	6.887151566435245	11895000
chr11	11900000	11910000	11.715516215801681	11905000
chr11	11910000	11920000	13.961638351495766	11915000
chr11	11920000	11930000	10.370202905570512	11925000
chr11	11930000	11940000	9.665942810674794	11935000
chr11	11940000	11950000	11.007615487997725	11945000
chr11	11950000	11960000	11.07629531353785	11955000
chr11	11960000	11970000	7.300099144394635	11965000
chr11	11970000	11980000	11.685436683507328	11975000
chr11	11980000	11990000	11.495821320698601	11985000
chr11	11990000	12000000	4.076538275820559	11995000
chr11	12000000	12010000	7.654284161854224	12005000
chr11	12010000	12020000	16.048360499240037	12015000
chr11	12020000	12030000	12.072607947125364	12025000
chr11	12030000	12040000	5.827727798347497	12035000
chr11	12040000	12050000	10.678994538068697	12045000
chr11	12050000	12060000	9.654921762105792	12055000
chr11	12060000	12070000	8.04041415061004	12065000
chr11	12070000	12080000	20.353688332305797	12075000
chr11	12080000	12090000	7.878203374955767	12085000
chr11	12090000	12100000	7.542760493523974	12095000
chr11	12100000	12110000	38.36713283299209	12105000
chr11	12110000	12120000	28.16724128385456	12115000
chr11	12120000	12130000	19.455351952742102	12125000
chr11	12130000	12140000	17.46041447701865	12135000
chr11	12140000	12150000	8.899538271986541	12145000
chr11	12150000	12160000	6.157998894611432	12155000
chr11	12160000	12170000	9.962933949450134	12165000
chr11	12170000	12180000	13.403917101164133	12175000
chr11	12180000	12190000	7.565067462806425	12185000
chr11	12190000	12200000	15.730936418960532	12195000
chr11	12200000	12210000	14.664950051913443	12205000
chr11	12210000	12220000	17.85634461297662	12215000
chr11	12220000	12230000	5.360489042885115	12225000
chr11	12230000	12240000	16.70517342515998	12235000
chr11	12240000	12250000	8.868994179862037	12245000
chr11	12250000	12260000	5.525757060175504	12255000
chr11	12260000	12270000	7.56599215605189	12265000
chr11	12270000	12280000	26.86844899837354	12275000
chr11	12280000	12290000	5.1017754877302455	12285000
chr11	12290000	12300000	4.124761297108549	12295000
chr11	12300000	12310000	6.515057081346368	12305000
chr11	12310000	12320000	9.493399599782325	12315000
chr11	12320000	12330000	2.4732286907403536	12325000
chr11	12330000	12340000	2.733564707057551	12335000
chr11	12340000	12350000	1.8635712949395054	12345000
chr11	12350000	12360000	3.302509754809027	12355000
chr11	12360000	12370000	6.557119453406783	12365000
chr11	12370000	12380000	6.936873533529192	12375000
chr11	12380000	12390000	10.485707735564286	12385000
chr11	12390000	12400000	4.378783889671077	12395000
chr11	12400000	12410000	6.751215633554471	12405000
chr11	12410000	12420000	13.234067039071356	12415000
chr11	12420000	12430000	8.268515234205838	12425000
chr11	12430000	12440000	10.707601988330586	12435000
chr11	12440000	12450000	12.95032712176251	12445000
chr11	12450000	12460000	18.236070211259985	12455000
chr11	12460000	12470000	14.210359742013374	12465000
chr11	12470000	12480000	10.580990228609695	12475000
chr11	12480000	12490000	2.00832117221378	12485000
chr11	12490000	12500000	1.5044105793406524	12495000
chr11	12500000	12510000	1.2334200106097604	12505000
chr11	12510000	12520000	2.7238751834608808	12515000
chr11	12520000	12530000	2.7367181986907063	12525000
chr11	12530000	12540000	4.413516385664329	12535000
chr11	12540000	12550000	8.030612033490389	12545000
chr11	12550000	12560000	10.710623335707742	12555000
chr11	12560000	12570000	4.93630466335925	12565000
chr11	12570000	12580000	9.46904410220916	12575000
chr11	12580000	12590000	4.788267486344667	12585000
chr11	12590000	12600000	3.5702538788388036	12595000
chr11	12600000	12610000	3.515376991003191	12605000
chr11	12610000	12620000	3.487162694363199	12615000
chr11	12620000	12630000	4.478472848657894	12625000
chr11	12630000	12640000	4.927088466199733	12635000
chr11	12640000	12650000	2.92049265360975	12645000
chr11	12650000	12660000	4.371790967535276	12655000
chr11	12660000	12670000	11.163835619582306	12665000
chr11	12670000	12680000	11.502165645844627	12675000
chr11	12680000	12690000	2.431413014789544	12685000
chr11	12690000	12700000	5.73479914110576	12695000
chr11	12700000	12710000	2.904796207168184	12705000
chr11	12710000	12720000	11.636496945885407	12715000
chr11	12720000	12730000	2.718215193118832	12725000
chr11	12730000	12740000	0.7636934228409693	12735000
chr11	12740000	12750000	1.0195819601774359	12745000
chr11	12750000	12760000	0.7110469049278555	12755000
chr11	12760000	12770000	1.4350838546480928	12765000
chr11	12770000	12780000	2.1875217100610684	12775000
chr11	12780000	12790000	2.010768340739662	12785000
chr11	12790000	12800000	1.782212349255652	12795000
chr11	12800000	12810000	1.6371462394097644	12805000
chr11	12810000	12820000	5.801505897342635	12815000
chr11	12820000	12830000	2.2885666708207957	12825000
chr11	12830000	12840000	9.084106158284383	12835000
chr11	12840000	12850000	2.872099359216171	12845000
chr11	12850000	12860000	2.6827466011861194	12855000
chr11	12860000	12870000	2.713954798089836	12865000
chr11	12870000	12880000	12.071062388910052	12875000
chr11	12880000	12890000	6.926967368339105	12885000
chr11	12890000	12900000	6.705307244197878	12895000
chr11	12900000	12910000	5.118214957268085	12905000
chr11	12910000	12920000	5.553559461027473	12915000
chr11	12920000	12930000	7.258471481935528	12925000
chr11	12930000	12940000	7.6051026375931325	12935000
chr11	12940000	12950000	8.046171782192125	12945000
chr11	12950000	12960000	11.911718500195457	12955000
chr11	12960000	12970000	10.967339342369412	12965000
chr11	12970000	12980000	6.720348250307841	12975000
chr11	12980000	12990000	6.490907236321144	12985000
chr11	12990000	13000000	5.609586922547493	12995000
chr11	13000000	13010000	4.503951724295099	13005000
chr11	13010000	13020000	2.5009692736119384	13015000
chr11	13020000	13030000	1.9345739839387985	13025000
chr11	13030000	13040000	6.229314315416991	13035000
chr11	13040000	13050000	4.159303591928644	13045000
chr11	13050000	13060000	13.160074142510462	13055000
chr11	13060000	13070000	6.7634261020084665	13065000
chr11	13070000	13080000	6.429878342730243	13075000
chr11	13080000	13090000	7.707467968630092	13085000
chr11	13090000	13100000	5.262879138267546	13095000
chr11	13100000	13110000	9.656878164814463	13105000
chr11	13110000	13120000	6.2345033065510185	13115000
chr11	13120000	13130000	5.123266485348227	13125000
chr11	13130000	13140000	4.02529175185072	13135000
chr11	13140000	13150000	4.271029163308641	13145000
chr11	13150000	13160000	5.932729888244413	13155000
chr11	13160000	13170000	7.5680777826488015	13165000
chr11	13170000	13180000	5.340856456540829	13175000
chr11	13180000	13190000	6.01617078486632	13185000
chr11	13190000	13200000	4.72907270265908	13195000
chr11	13200000	13210000	5.936533971653657	13205000
chr11	13210000	13220000	6.714097518126642	13215000
chr11	13220000	13230000	10.032309921411493	13225000
chr11	13230000	13240000	9.524655828176039	13235000
chr11	13240000	13250000	6.05977247318555	13245000
chr11	13250000	13260000	5.517415792423485	13255000
chr11	13260000	13270000	8.580817227007133	13265000
chr11	13270000	13280000	9.178451502612637	13275000
chr11	13280000	13290000	10.10528161294002	13285000
chr11	13290000	13300000	8.300811428754898	13295000
chr11	13300000	13310000	7.787349444631648	13305000
chr11	13310000	13320000	7.991193145560157	13315000
chr11	13320000	13330000	8.498410361387323	13325000
chr11	13330000	13340000	10.050991069673557	13335000
chr11	13340000	13350000	11.506667778735222	13345000
chr11	13350000	13360000	2.7168405108006666	13355000
chr11	13360000	13370000	4.298924972852833	13365000
chr11	13370000	13380000	14.807340012764788	13375000
chr11	13380000	13390000	9.019919352747332	13385000
chr11	13390000	13400000	9.433820470407632	13395000
chr11	13400000	13410000	11.673811717662746	13405000
chr11	13410000	13420000	11.58488120248855	13415000
chr11	13420000	13430000	10.918736637976394	13425000
chr11	13430000	13440000	9.31126272827512	13435000
chr11	13440000	13450000	8.964118599093782	13445000
chr11	13450000	13460000	11.440698151534038	13455000
chr11	13460000	13470000	11.581126372729086	13465000
chr11	13470000	13480000	8.380856267212529	13475000
chr11	13480000	13490000	10.800630100425952	13485000
chr11	13490000	13500000	14.684488027107406	13495000
chr11	13500000	13510000	9.578272314082993	13505000
chr11	13510000	13520000	8.937524285117357	13515000
chr11	13520000	13530000	10.856560654653359	13525000
chr11	13530000	13540000	9.883518896671553	13535000
chr11	13540000	13550000	11.071003578205074	13545000
chr11	13550000	13560000	4.454156889731684	13555000
chr11	13560000	13570000	10.479776765990817	13565000
chr11	13570000	13580000	12.213577371986853	13575000
chr11	13580000	13590000	20.4736564237478	13585000
chr11	13590000	13600000	10.821405826643655	13595000
chr11	13600000	13610000	6.559078786965965	13605000
chr11	13610000	13620000	6.5431324868258685	13615000
chr11	13620000	13630000	8.832595990645066	13625000
chr11	13630000	13640000	8.904751485183356	13635000
chr11	13640000	13650000	13.790713630979106	13645000
chr11	13650000	13660000	6.005540120976379	13655000
chr11	13660000	13670000	6.773184288111083	13665000
chr11	13670000	13680000	4.832590256866659	13675000
chr11	13680000	13690000	4.998103061593755	13685000
chr11	13690000	13700000	3.6776034417345405	13695000
chr11	13700000	13710000	3.1454777482331937	13705000
chr11	13710000	13720000	4.034423857653949	13715000
chr11	13720000	13730000	3.467310671922425	13725000
chr11	13730000	13740000	3.179377132738864	13735000
chr11	13740000	13750000	2.4760211921136546	13745000
chr11	13750000	13760000	2.2030965893826497	13755000
chr11	13760000	13770000	3.553020313376384	13765000
chr11	13770000	13780000	15.923211571016504	13775000
chr11	13780000	13790000	4.723378806606199	13785000
chr11	13790000	13800000	5.361823660560477	13795000
chr11	13800000	13810000	8.00628028485824	13805000
chr11	13810000	13820000	8.048298499152583	13815000
chr11	13820000	13830000	7.554540453076839	13825000
chr11	13830000	13840000	9.097026819594692	13835000
chr11	13840000	13850000	8.01989940928914	13845000
chr11	13850000	13860000	8.708537191627043	13855000
chr11	13860000	13870000	8.336843889525811	13865000
chr11	13870000	13880000	9.61054607191194	13875000
chr11	13880000	13890000	9.150557604243486	13885000
chr11	13890000	13900000	7.229767863784748	13895000
chr11	13900000	13910000	8.72970724703024	13905000
chr11	13910000	13920000	7.244042913534012	13915000
chr11	13920000	13930000	11.454162468975326	13925000
chr11	13930000	13940000	9.127737887648603	13935000
chr11	13940000	13950000	11.093275495607568	13945000
chr11	13950000	13960000	7.732046716373674	13955000
chr11	13960000	13970000	12.352431625839912	13965000
chr11	13970000	13980000	9.923907652001397	13975000
chr11	13980000	13990000	7.112425118778276	13985000
chr11	13990000	14000000	17.709165830009752	13995000
chr11	14000000	14010000	8.46509570025365	14005000
chr11	14010000	14020000	8.097324487879366	14015000
chr11	14020000	14030000	11.358334420721986	14025000
chr11	14030000	14040000	6.673372770564442	14035000
chr11	14040000	14050000	4.798665643565562	14045000
chr11	14050000	14060000	5.442622118640107	14055000
chr11	14060000	14070000	6.151388567298071	14065000
chr11	14070000	14080000	8.39519657330654	14075000
chr11	14080000	14090000	6.963073940072245	14085000
chr11	14090000	14100000	8.740268652519486	14095000
chr11	14100000	14110000	6.0484038408820195	14105000
chr11	14110000	14120000	6.275214262877987	14115000
chr11	14120000	14130000	20.21118223791982	14125000
chr11	14130000	14140000	6.197545306355229	14135000
chr11	14140000	14150000	10.91170704682615	14145000
chr11	14150000	14160000	9.39178942691564	14155000
chr11	14160000	14170000	7.0543812574538975	14165000
chr11	14170000	14180000	3.9401471608659655	14175000
chr11	14180000	14190000	3.2461019357296212	14185000
chr11	14190000	14200000	3.0418723661727016	14195000
chr11	14200000	14210000	3.206124244697144	14205000
chr11	14210000	14220000	7.066529446109547	14215000
chr11	14220000	14230000	7.228843520497497	14225000
chr11	14230000	14240000	5.878195236361318	14235000
chr11	14240000	14250000	6.497844241444906	14245000
chr11	14250000	14260000	4.289655501435	14255000
chr11	14260000	14270000	2.489792902545735	14265000
chr11	14270000	14280000	1.2267641481025024	14275000
chr11	14280000	14290000	3.50020512313738	14285000
chr11	14290000	14300000	5.545279480933129	14295000
chr11	14300000	14310000	4.534846689089515	14305000
chr11	14310000	14320000	5.080370226297183	14315000
chr11	14320000	14330000	5.625456696188745	14325000
chr11	14330000	14340000	4.139344240722068	14335000
chr11	14340000	14350000	4.112032912010302	14345000
chr11	14350000	14360000	9.997949424721659	14355000
chr11	14360000	14370000	2.6331142523646265	14365000
chr11	14370000	14380000	2.6471530429100243	14375000
chr11	14380000	14390000	5.1669964057639515	14385000
chr11	14390000	14400000	13.952913826938696	14395000
chr11	14400000	14410000	3.890386283113458	14405000
chr11	14410000	14420000	3.097504508668907	14415000
chr11	14420000	14430000	5.104718044720328	14425000
chr11	14430000	14440000	8.746664087033507	14435000
chr11	14440000	14450000	3.7489879342372396	14445000
chr11	14450000	14460000	2.548586990344095	14455000
chr11	14460000	14470000	2.9309738614182965	14465000
chr11	14470000	14480000	6.900259208767381	14475000
chr11	14480000	14490000	3.176318146568076	14485000
chr11	14490000	14500000	3.0068710574743536	14495000
chr11	14500000	14510000	4.426009194609289	14505000
chr11	14510000	14520000	5.802090791249299	14515000
chr11	14520000	14530000	1.7264413803253067	14525000
chr11	14530000	14540000	2.5361741258569164	14535000
chr11	14540000	14550000	4.308246007279284	14545000
chr11	14550000	14560000	7.518969962737306	14555000
chr11	14560000	14570000	1.8735389539761556	14565000
chr11	14570000	14580000	1.9323258525265017	14575000
chr11	14580000	14590000	8.605385048211179	14585000
chr11	14590000	14600000	8.917807300064155	14595000
chr11	14600000	14610000	8.471262065616715	14605000
chr11	14610000	14620000	6.904532331363315	14615000
chr11	14620000	14630000	7.024278105092591	14625000
chr11	14630000	14640000	8.020250900931927	14635000
chr11	14640000	14650000	7.531255145416297	14645000
chr11	14650000	14660000	8.751292224578785	14655000
chr11	14660000	14670000	8.104109503809505	14665000
chr11	14670000	14680000	7.6598960775551195	14675000
chr11	14680000	14690000	8.97202251883929	14685000
chr11	14690000	14700000	9.688525970746868	14695000
chr11	14700000	14710000	5.3357311330094825	14705000
chr11	14710000	14720000	13.086339916723611	14715000
chr11	14720000	14730000	4.662463637699072	14725000
chr11	14730000	14740000	7.618150465812778	14735000
chr11	14740000	14750000	4.453729326710589	14745000
chr11	14750000	14760000	18.259565930701992	14755000
chr11	14760000	14770000	13.384158850213495	14765000
chr11	14770000	14780000	10.494162585162972	14775000
chr11	14780000	14790000	6.26418345345698	14785000
chr11	14790000	14800000	12.59161700348024	14795000
chr11	14800000	14810000	4.722128083114563	14805000
chr11	14810000	14820000	16.235314982988967	14815000
chr11	14820000	14830000	10.566668001262995	14825000
chr11	14830000	14840000	13.989856029443667	14835000
chr11	14840000	14850000	3.490119643920883	14845000
chr11	14850000	14860000	2.033598460886243	14855000
chr11	14860000	14870000	2.346477128315468	14865000
chr11	14870000	14880000	2.503916789338596	14875000
chr11	14880000	14890000	2.04429065685221	14885000
chr11	14890000	14900000	2.143997152211365	14895000
chr11	14900000	14910000	3.40687767134009	14905000
chr11	14910000	14920000	6.146489054001113	14915000
chr11	14920000	14930000	7.4306365014716	14925000
chr11	14930000	14940000	6.109000070689625	14935000
chr11	14940000	14950000	7.728503038908845	14945000
chr11	14950000	14960000	16.956510013107074	14955000
chr11	14960000	14970000	5.533358430439905	14965000
chr11	14970000	14980000	5.093170749546001	14975000
chr11	14980000	14990000	9.828316198923666	14985000
chr11	14990000	15000000	4.903279906088962	14995000
chr11	15000000	15010000	10.292731581814401	15005000
chr11	15010000	15020000	19.487983890528433	15015000
chr11	15020000	15030000	14.144367549237916	15025000
chr11	15030000	15040000	10.57007114282084	15035000
chr11	15040000	15050000	12.252446520778975	15045000
chr11	15050000	15060000	5.72555297395451	15055000
chr11	15060000	15070000	6.701852009177146	15065000
chr11	15070000	15080000	8.164373696809832	15075000
chr11	15080000	15090000	4.678040774157569	15085000
chr11	15090000	15100000	4.150555439559874	15095000
chr11	15100000	15110000	6.628612309215113	15105000
chr11	15110000	15120000	4.939769689247688	15115000
chr11	15120000	15130000	4.231975736728618	15125000
chr11	15130000	15140000	4.731026859820033	15135000
chr11	15140000	15150000	6.766453733850022	15145000
chr11	15150000	15160000	7.810287039108834	15155000
chr11	15160000	15170000	12.740725709927418	15165000
chr11	15170000	15180000	12.795287541622352	15175000
chr11	15180000	15190000	6.644433908888524	15185000
chr11	15190000	15200000	2.891031155153464	15195000
chr11	15200000	15210000	5.297253974735591	15205000
chr11	15210000	15220000	6.435113624109537	15215000
chr11	15220000	15230000	5.970288966003503	15225000
chr11	15230000	15240000	6.161749523274998	15235000
chr11	15240000	15250000	5.488974611483577	15245000
chr11	15250000	15260000	7.9360107314346156	15255000
chr11	15260000	15270000	6.426497836637166	15265000
chr11	15270000	15280000	9.714830091699872	15275000
chr11	15280000	15290000	5.630593774055388	15285000
chr11	15290000	15300000	7.49601415039782	15295000
chr11	15300000	15310000	10.9462530794565	15305000
chr11	15310000	15320000	10.546661250836062	15315000
chr11	15320000	15330000	12.049639633680066	15325000
chr11	15330000	15340000	11.507281787245045	15335000
chr11	15340000	15350000	14.304450824956275	15345000
chr11	15350000	15360000	19.4849830440346	15355000
chr11	15360000	15370000	13.739183872926745	15365000
chr11	15370000	15380000	15.835660565976122	15375000
chr11	15380000	15390000	16.0454429756552	15385000
chr11	15390000	15400000	18.61510413076622	15395000
chr11	15400000	15410000	16.582599292705865	15405000
chr11	15410000	15420000	16.253157832561197	15415000
chr11	15420000	15430000	19.152353466568524	15425000
chr11	15430000	15440000	14.607239225747552	15435000
chr11	15440000	15450000	21.29221941220358	15445000
chr11	15450000	15460000	24.284961195120474	15455000
chr11	15460000	15470000	20.276047497634554	15465000
chr11	15470000	15480000	17.86616170795899	15475000
chr11	15480000	15490000	19.004590495443278	15485000
chr11	15490000	15500000	26.78387641846385	15495000
chr11	15500000	15510000	5.738642447948742	15505000
chr11	15510000	15520000	7.987250281667663	15515000
chr11	15520000	15530000	4.889588143279527	15525000
chr11	15530000	15540000	4.667808994945333	15535000
chr11	15540000	15550000	6.456075767408642	15545000
chr11	15550000	15560000	6.285568701248612	15555000
chr11	15560000	15570000	8.965683344285573	15565000
chr11	15570000	15580000	10.29190823785061	15575000
chr11	15580000	15590000	11.288320505904634	15585000
chr11	15590000	15600000	6.570865475260352	15595000
chr11	15600000	15610000	15.434465604224327	15605000
chr11	15610000	15620000	19.233369044039787	15615000
chr11	15620000	15630000	5.717650004497317	15625000
chr11	15630000	15640000	2.875901321571365	15635000
chr11	15640000	15650000	4.026006330797171	15645000
chr11	15650000	15660000	6.04734658652077	15655000
chr11	15660000	15670000	7.471275962986709	15665000
chr11	15670000	15680000	9.588161894993432	15675000
chr11	15680000	15690000	12.388267837151583	15685000
chr11	15690000	15700000	4.952138685197031	15695000
chr11	15700000	15710000	10.906272001369	15705000
chr11	15710000	15720000	3.707981122554448	15715000
chr11	15720000	15730000	3.121601266695872	15725000
chr11	15730000	15740000	3.444994167326238	15735000
chr11	15740000	15750000	7.0776547099542935	15745000
chr11	15750000	15760000	14.671839840921196	15755000
chr11	15760000	15770000	5.792290223931871	15765000
chr11	15770000	15780000	8.580573920396454	15775000
chr11	15780000	15790000	14.75181715982084	15785000
chr11	15790000	15800000	13.375596172612992	15795000
chr11	15800000	15810000	6.592738783294656	15805000
chr11	15810000	15820000	17.408422194296175	15815000
chr11	15820000	15830000	20.616629566053394	15825000
chr11	15830000	15840000	29.500094320687648	15835000
chr11	15840000	15850000	12.695101481882455	15845000
chr11	15850000	15860000	12.588676793838303	15855000
chr11	15860000	15870000	17.701688900890144	15865000
chr11	15870000	15880000	15.737641475264256	15875000
chr11	15880000	15890000	13.573812393402935	15885000
chr11	15890000	15900000	14.850521306849082	15895000
chr11	15900000	15910000	11.191746982677593	15905000
chr11	15910000	15920000	11.908065175329718	15915000
chr11	15920000	15930000	16.99870585639711	15925000
chr11	15930000	15940000	15.42078500885114	15935000
chr11	15940000	15950000	11.736265402935045	15945000
chr11	15950000	15960000	11.623115657469153	15955000
chr11	15960000	15970000	8.725127459417273	15965000
chr11	15970000	15980000	9.935860204404989	15975000
chr11	15980000	15990000	9.455389577737122	15985000
chr11	15990000	16000000	8.222468910187265	15995000
chr11	16000000	16010000	8.067337212463725	16005000
chr11	16010000	16020000	7.331771760949372	16015000
chr11	16020000	16030000	7.7473182632684585	16025000
chr11	16030000	16040000	6.230388855648278	16035000
chr11	16040000	16050000	5.876881726047161	16045000
chr11	16050000	16060000	5.179298103487018	16055000
chr11	16060000	16070000	6.8952447149330816	16065000
chr11	16070000	16080000	4.878733097567829	16075000
chr11	16080000	16090000	7.7071496974628495	16085000
chr11	16090000	16100000	8.811340214127558	16095000
chr11	16100000	16110000	4.95611330287193	16105000
chr11	16110000	16120000	5.648082996269931	16115000
chr11	16120000	16130000	5.791951992535369	16125000
chr11	16130000	16140000	10.037891880695714	16135000
chr11	16140000	16150000	11.6874162440688	16145000
chr11	16150000	16160000	21.76370073771134	16155000
chr11	16160000	16170000	17.924509663597068	16165000
chr11	16170000	16180000	14.254995198835564	16175000
chr11	16180000	16190000	13.221359336331025	16185000
chr11	16190000	16200000	13.07670838065942	16195000
chr11	16200000	16210000	10.466400794160707	16205000
chr11	16210000	16220000	14.685478378931437	16215000
chr11	16220000	16230000	20.296172033796466	16225000
chr11	16230000	16240000	16.229940469014625	16235000
chr11	16240000	16250000	22.082457489952063	16245000
chr11	16250000	16260000	25.6502002973227	16255000
chr11	16260000	16270000	26.24715073045025	16265000
chr11	16270000	16280000	17.0838958329896	16275000
chr11	16280000	16290000	16.327544397559443	16285000
chr11	16290000	16300000	17.858846073085	16295000
chr11	16300000	16310000	8.267404652532552	16305000
chr11	16310000	16320000	24.33213047624167	16315000
chr11	16320000	16330000	23.736149500852196	16325000
chr11	16330000	16340000	20.713254143461867	16335000
chr11	16340000	16350000	21.96324185825035	16345000
chr11	16350000	16360000	43.112424494769996	16355000
chr11	16360000	16370000	26.96299548553844	16365000
chr11	16370000	16380000	18.823665121265194	16375000
chr11	16380000	16390000	25.472491636632817	16385000
chr11	16390000	16400000	19.949228514477046	16395000
chr11	16400000	16410000	17.68047720308605	16405000
chr11	16410000	16420000	22.33157215060977	16415000
chr11	16420000	16430000	15.606730044381436	16425000
chr11	16430000	16440000	10.251948363183544	16435000
chr11	16440000	16450000	11.846063955705356	16445000
chr11	16450000	16460000	13.750509771047632	16455000
chr11	16460000	16470000	10.69778584173783	16465000
chr11	16470000	16480000	11.106854819799374	16475000
chr11	16480000	16490000	10.917568007718781	16485000
chr11	16490000	16500000	9.82907438148957	16495000
chr11	16500000	16510000	8.841466952659243	16505000
chr11	16510000	16520000	9.008389151151198	16515000
chr11	16520000	16530000	9.76644502614681	16525000
chr11	16530000	16540000	8.769603841491884	16535000
chr11	16540000	16550000	3.83637745654271	16545000
chr11	16550000	16560000	6.456822774634098	16555000
chr11	16560000	16570000	9.419702227753415	16565000
chr11	16570000	16580000	3.558653209420509	16575000
chr11	16580000	16590000	3.2609342736931093	16585000
chr11	16590000	16600000	4.204869135898237	16595000
chr11	16600000	16610000	3.270085062645071	16605000
chr11	16610000	16620000	3.796414341705733	16615000
chr11	16620000	16630000	10.08221241955271	16625000
chr11	16630000	16640000	11.464463492120013	16635000
chr11	16640000	16650000	8.700276583816928	16645000
chr11	16650000	16660000	12.798817603311461	16655000
chr11	16660000	16670000	11.809533984124663	16665000
chr11	16670000	16680000	10.377353278506149	16675000
chr11	16680000	16690000	15.079629921409529	16685000
chr11	16690000	16700000	7.065074980073872	16695000
chr11	16700000	16710000	8.417005769654367	16705000
chr11	16710000	16720000	18.91529141681884	16715000
chr11	16720000	16730000	6.4027286547400815	16725000
chr11	16730000	16740000	6.08470843206074	16735000
chr11	16740000	16750000	6.387204481162582	16745000
chr11	16750000	16760000	5.872421969735363	16755000
chr11	16760000	16770000	6.0809633326307395	16765000
chr11	16770000	16780000	5.672129298864109	16775000
chr11	16780000	16790000	3.9513789850531	16785000
chr11	16790000	16800000	5.306808477572011	16795000
chr11	16800000	16810000	12.153501215883226	16805000
chr11	16810000	16820000	6.7036933674696675	16815000
chr11	16820000	16830000	7.975714968460421	16825000
chr11	16830000	16840000	8.977322238510876	16835000
chr11	16840000	16850000	9.5789551006962	16845000
chr11	16850000	16860000	9.954281870726566	16855000
chr11	16860000	16870000	11.985624488520369	16865000
chr11	16870000	16880000	10.706128285978176	16875000
chr11	16880000	16890000	14.532425881949708	16885000
chr11	16890000	16900000	8.839562185651333	16895000
chr11	16900000	16910000	10.88251075629504	16905000
chr11	16910000	16920000	11.44800083403847	16915000
chr11	16920000	16930000	11.80728430102013	16925000
chr11	16930000	16940000	10.41670708939182	16935000
chr11	16940000	16950000	6.435449260862914	16945000
chr11	16950000	16960000	5.741154941039334	16955000
chr11	16960000	16970000	7.290762845973692	16965000
chr11	16970000	16980000	5.939308066104304	16975000
chr11	16980000	16990000	7.927450296041189	16985000
chr11	16990000	17000000	10.244052096493593	16995000
chr11	17000000	17010000	8.79418028916587	17005000
chr11	17010000	17020000	8.04747466228611	17015000
chr11	17020000	17030000	7.208187047999986	17025000
chr11	17030000	17040000	8.936734235367553	17035000
chr11	17040000	17050000	7.425360691792288	17045000
chr11	17050000	17060000	6.671490162177109	17055000
chr11	17060000	17070000	4.147338016149416	17065000
chr11	17070000	17080000	4.36975276220348	17075000
chr11	17080000	17090000	5.673498068341326	17085000
chr11	17090000	17100000	13.258374244536117	17095000
chr11	17100000	17110000	8.946941262819541	17105000
chr11	17110000	17120000	3.5566490444063574	17115000
chr11	17120000	17130000	7.259464394037614	17125000
chr11	17130000	17140000	5.669970095124104	17135000
chr11	17140000	17150000	7.538297321466495	17145000
chr11	17150000	17160000	21.95891866587369	17155000
chr11	17160000	17170000	16.793830992050374	17165000
chr11	17170000	17180000	20.212489744123246	17175000
chr11	17180000	17190000	20.485364151855745	17185000
chr11	17190000	17200000	9.944771807609673	17195000
chr11	17200000	17210000	4.358642839335341	17205000
chr11	17210000	17220000	5.535065989726133	17215000
chr11	17220000	17230000	8.53580340813049	17225000
chr11	17230000	17240000	5.447515924481486	17235000
chr11	17240000	17250000	2.780234999964107	17245000
chr11	17250000	17260000	4.293406192165921	17255000
chr11	17260000	17270000	4.193999454086437	17265000
chr11	17270000	17280000	6.197645739761204	17275000
chr11	17280000	17290000	2.3081423523004596	17285000
chr11	17290000	17300000	3.9805243348025194	17295000
chr11	17300000	17310000	7.897909685095527	17305000
chr11	17310000	17320000	11.909651995439287	17315000
chr11	17320000	17330000	7.477933530846284	17325000
chr11	17330000	17340000	5.307655724483638	17335000
chr11	17340000	17350000	11.927312761963409	17345000
chr11	17350000	17360000	5.5412621172347984	17355000
chr11	17360000	17370000	11.269119694996705	17365000
chr11	17370000	17380000	15.965540102906065	17375000
chr11	17380000	17390000	17.42106789172151	17385000
chr11	17390000	17400000	14.615409028165114	17395000
chr11	17400000	17410000	12.792403120776838	17405000
chr11	17410000	17420000	16.279367159890292	17415000
chr11	17420000	17430000	14.077653589804372	17425000
chr11	17430000	17440000	16.813596117013496	17435000
chr11	17440000	17450000	12.865121267785646	17445000
chr11	17450000	17460000	12.313671590701082	17455000
chr11	17460000	17470000	9.585487919564533	17465000
chr11	17470000	17480000	8.112241039594567	17475000
chr11	17480000	17490000	13.679512648698434	17485000
chr11	17490000	17500000	24.08554339554768	17495000
chr11	17500000	17510000	19.784088408135357	17505000
chr11	17510000	17520000	18.32391425934831	17515000
chr11	17520000	17530000	23.704306497407025	17525000
chr11	17530000	17540000	23.66961690389057	17535000
chr11	17540000	17550000	26.630645669644846	17545000
chr11	17550000	17560000	26.822677780350485	17555000
chr11	17560000	17570000	27.520080042346393	17565000
chr11	17570000	17580000	22.150795786533976	17575000
chr11	17580000	17590000	24.436909392088083	17585000
chr11	17590000	17600000	21.407200287108733	17595000
chr11	17600000	17610000	17.045265348970844	17605000
chr11	17610000	17620000	22.64718163876343	17615000
chr11	17620000	17630000	23.369387982469256	17625000
chr11	17630000	17640000	42.58102076361841	17635000
chr11	17640000	17650000	29.352106035646074	17645000
chr11	17650000	17660000	31.5464072478802	17655000
chr11	17660000	17670000	30.7037301816561	17665000
chr11	17670000	17680000	26.096999581616178	17675000
chr11	17680000	17690000	25.76656974354266	17685000
chr11	17690000	17700000	20.453010361212957	17695000
chr11	17700000	17710000	46.09286198546216	17705000
chr11	17710000	17720000	32.274422778237735	17715000
chr11	17720000	17730000	26.900351475122307	17725000
chr11	17730000	17740000	29.26295226773288	17735000
chr11	17740000	17750000	35.3763830358814	17745000
chr11	17750000	17760000	32.645839031153145	17755000
chr11	17760000	17770000	41.5140794759616	17765000
chr11	17770000	17780000	32.69208152238026	17775000
chr11	17780000	17790000	36.009477592941	17785000
chr11	17790000	17800000	25.271034459748915	17795000
chr11	17800000	17810000	19.454821586311517	17805000
chr11	17810000	17820000	20.830192033553583	17815000
chr11	17820000	17830000	19.59967773568261	17825000
chr11	17830000	17840000	18.55780529161833	17835000
chr11	17840000	17850000	18.778277125258423	17845000
chr11	17850000	17860000	23.68586668598472	17855000
chr11	17860000	17870000	18.22318502568179	17865000
chr11	17870000	17880000	16.101934119365186	17875000
chr11	17880000	17890000	30.133996284698004	17885000
chr11	17890000	17900000	39.68873496644679	17895000
chr11	17900000	17910000	21.300160826449176	17905000
chr11	17910000	17920000	35.25258530568645	17915000
chr11	17920000	17930000	15.519584889413284	17925000
chr11	17930000	17940000	16.571019447235226	17935000
chr11	17940000	17950000	18.856877512261786	17945000
chr11	17950000	17960000	18.242556379728608	17955000
chr11	17960000	17970000	19.361662305668666	17965000
chr11	17970000	17980000	19.78524460818057	17975000
chr11	17980000	17990000	20.067947579626352	17985000
chr11	17990000	18000000	20.93595776156684	17995000
chr11	18000000	18010000	24.16984293523812	18005000
chr11	18010000	18020000	25.86476882925344	18015000
chr11	18020000	18030000	22.271685503351488	18025000
chr11	18030000	18040000	33.31517480300984	18035000
chr11	18040000	18050000	20.051833604272534	18045000
chr11	18050000	18060000	25.28211369984486	18055000
chr11	18060000	18070000	29.589867108345093	18065000
chr11	18070000	18080000	24.977682392460583	18075000
chr11	18080000	18090000	30.57374571119465	18085000
chr11	18090000	18100000	24.772799838439763	18095000
chr11	18100000	18110000	24.69140238060553	18105000
chr11	18110000	18120000	27.17087161017576	18115000
chr11	18120000	18130000	25.963843373799346	18125000
chr11	18130000	18140000	18.44776456845989	18135000
chr11	18140000	18150000	23.65327188346619	18145000
chr11	18150000	18160000	17.930535642412483	18155000
chr11	18160000	18170000	17.215824443848344	18165000
chr11	18170000	18180000	19.290549601807218	18175000
chr11	18180000	18190000	19.689069689253174	18185000
chr11	18190000	18200000	23.64425542809282	18195000
chr11	18200000	18210000	17.15668757468794	18205000
chr11	18210000	18220000	19.59485202799904	18215000
chr11	18220000	18230000	37.59115706282581	18225000
chr11	18230000	18240000	40.57780808535833	18235000
chr11	18240000	18250000	23.12881560143749	18245000
chr11	18250000	18260000	24.755415850448625	18255000
chr11	18260000	18270000	23.310121519870577	18265000
chr11	18270000	18280000	29.735559967914604	18275000
chr11	18280000	18290000	21.678394500671295	18285000
chr11	18290000	18300000	20.44457380723616	18295000
chr11	18300000	18310000	22.06031897910359	18305000
chr11	18310000	18320000	17.84005420030949	18315000
chr11	18320000	18330000	14.675369847689451	18325000
chr11	18330000	18340000	44.898402779761554	18335000
chr11	18340000	18350000	51.361667317203846	18345000
chr11	18350000	18360000	31.672497678729023	18355000
chr11	18360000	18370000	19.33890599214133	18365000
chr11	18370000	18380000	28.639038870783246	18375000
chr11	18380000	18390000	24.621784967052392	18385000
chr11	18390000	18400000	34.53940608280066	18395000
chr11	18400000	18410000	38.100881338618606	18405000
chr11	18410000	18420000	37.875183446798694	18415000
chr11	18420000	18430000	69.05006563358542	18425000
chr11	18430000	18440000	22.784307317097255	18435000
chr11	18440000	18450000	17.215213111711453	18445000
chr11	18450000	18460000	26.058197312626707	18455000
chr11	18460000	18470000	12.85093736926883	18465000
chr11	18470000	18480000	18.589398014878228	18475000
chr11	18480000	18490000	31.018071835361294	18485000
chr11	18490000	18500000	29.452445311008308	18495000
chr11	18500000	18510000	51.94681838345342	18505000
chr11	18510000	18520000	43.4295284059347	18515000
chr11	18520000	18530000	28.803790924775118	18525000
chr11	18530000	18540000	30.308150532343003	18535000
chr11	18540000	18550000	27.800643291305875	18545000
chr11	18550000	18560000	34.46058278031554	18555000
chr11	18560000	18570000	24.650513927435277	18565000
chr11	18570000	18580000	18.313446670656244	18575000
chr11	18580000	18590000	34.260053732491194	18585000
chr11	18590000	18600000	16.218319593351534	18595000
chr11	18600000	18610000	17.086861402283887	18605000
chr11	18610000	18620000	27.335479852082226	18615000
chr11	18620000	18630000	38.06074371724923	18625000
chr11	18630000	18640000	28.637395890568726	18635000
chr11	18640000	18650000	28.98889729243949	18645000
chr11	18650000	18660000	34.37428812843534	18655000
chr11	18660000	18670000	16.63744332902568	18665000
chr11	18670000	18680000	25.866692559558597	18675000
chr11	18680000	18690000	29.458975700663565	18685000
chr11	18690000	18700000	26.007958062644242	18695000
chr11	18700000	18710000	13.040009034410042	18705000
chr11	18710000	18720000	16.036481448134715	18715000
chr11	18720000	18730000	44.1279894082265	18725000
chr11	18730000	18740000	21.83359571347673	18735000
chr11	18740000	18750000	19.58914044086076	18745000
chr11	18750000	18760000	15.110586445661921	18755000
chr11	18760000	18770000	28.053130420453982	18765000
chr11	18770000	18780000	37.200401554815826	18775000
chr11	18780000	18790000	47.6638305298048	18785000
chr11	18790000	18800000	22.804381716205103	18795000
chr11	18800000	18810000	25.901576753897007	18805000
chr11	18810000	18820000	18.382499883103637	18815000
chr11	18820000	18830000	12.270001759280412	18825000
chr11	18830000	18840000	21.09020179943841	18835000
chr11	18840000	18850000	29.04598722727835	18845000
chr11	18850000	18860000	27.887116080177787	18855000
chr11	18860000	18870000	30.257128204131597	18865000
chr11	18870000	18880000	73.07919132206877	18875000
chr11	18880000	18890000	54.7353372041689	18885000
chr11	18890000	18900000	24.50331038193534	18895000
chr11	18900000	18910000	12.52347311449765	18905000
chr11	18910000	18920000	17.08293059184988	18915000
chr11	18920000	18930000	29.590323531599775	18925000
chr11	18930000	18940000	22.355131860600427	18935000
chr11	18940000	18950000	34.748314933281485	18945000
chr11	18950000	18960000	36.325073317467	18955000
chr11	18960000	18970000	48.084079942630325	18965000
chr11	18970000	18980000	41.60356546310145	18975000
chr11	18980000	18990000	46.590977282590266	18985000
chr11	18990000	19000000	35.48155426518059	18995000
chr11	19000000	19010000	4.2720390626490214	19005000
chr11	19370000	19380000	4.272039062649021	19375000
chr11	19750000	19760000	2.784306860632844	19755000
chr11	19760000	19770000	50.67005127114031	19765000
chr11	19770000	19780000	15.464449714805285	19775000
chr11	19780000	19790000	10.481965139592637	19785000
chr11	19790000	19800000	4.511043330848619	19795000
chr11	19800000	19810000	9.026645772714138	19805000
chr11	19810000	19820000	8.555263763906025	19815000
chr11	19820000	19830000	9.391763809851959	19825000
chr11	19830000	19840000	14.019520711626386	19835000
chr11	19840000	19850000	25.475910867307814	19845000
chr11	19850000	19860000	22.53962738456699	19855000
chr11	19860000	19870000	13.502511633843516	19865000
chr11	19870000	19880000	11.628654707516102	19875000
chr11	19880000	19890000	22.15203660413785	19885000
chr11	19890000	19900000	31.429855220139416	19895000
chr11	19900000	19910000	34.96206636181063	19905000
chr11	19910000	19920000	40.11836184583737	19915000
chr11	19920000	19930000	37.463648478733425	19925000
chr11	19930000	19940000	35.751082491869845	19935000
chr11	19940000	19950000	28.212060520753024	19945000
chr11	19950000	19960000	26.593588486067294	19955000
chr11	19960000	19970000	19.362962690377152	19965000
chr11	19970000	19980000	20.758781821468638	19975000
chr11	19980000	19990000	35.28818063762014	19985000
chr11	19990000	20000000	21.87211806360304	19995000
chr11	20000000	20010000	29.412391561293617	20005000
chr11	20010000	20020000	36.53020324793355	20015000
chr11	20020000	20030000	34.55918786345117	20025000
chr11	20030000	20040000	35.830415632197436	20035000
chr11	20040000	20050000	26.92950580954348	20045000
chr11	20050000	20060000	22.47664723463416	20055000
chr11	20060000	20070000	72.42871764248709	20065000
chr11	20070000	20080000	19.544225678146134	20075000
chr11	20080000	20090000	24.18613222803865	20085000
chr11	20090000	20100000	25.11788383673362	20095000
chr11	20100000	20110000	13.035755378724714	20105000
chr11	20110000	20120000	20.135366865312374	20115000
chr11	20120000	20130000	16.151405670712336	20125000
chr11	20130000	20140000	12.848945326799042	20135000
chr11	20140000	20150000	13.120597547740074	20145000
chr11	20150000	20160000	12.473037489736159	20155000
chr11	20160000	20170000	16.169678963689805	20165000
chr11	20170000	20180000	14.463583296932718	20175000
chr11	20180000	20190000	12.453007428647407	20185000
chr11	20190000	20200000	29.315973933243214	20195000
chr11	20200000	20210000	17.797092652112642	20205000
chr11	20210000	20220000	17.79709265211264	20215000
chr11	20220000	20230000	4.37945559657503	20225000
chr11	20230000	20240000	21.61863034140532	20235000
chr11	20240000	20250000	18.26664095130256	20245000
chr11	20250000	20260000	23.97872178874838	20255000
chr11	20260000	20270000	11.635802723081225	20265000
chr11	20270000	20280000	5.4463496211598	20275000
chr11	20280000	20290000	5.083690377736737	20285000
chr11	20290000	20300000	2.9798231241915003	20295000
chr11	20300000	20310000	3.7716444403965754	20305000
chr11	20310000	20320000	3.1315809720200916	20315000
chr11	20320000	20330000	3.124703395958184	20325000
chr11	20330000	20340000	2.364184612795835	20335000
chr11	20340000	20350000	1.9800923268192259	20345000
chr11	20350000	20360000	2.80155728049254	20355000
chr11	20460000	20470000	2.80155728049254	20465000
chr11	20580000	20590000	2.8015572804925397	20585000
chr11	20590000	20600000	2.8015572804925397	20595000
chr11	20600000	20610000	2.8015572804925397	20605000
chr11	20610000	20620000	2.357513562517132	20615000
chr11	20620000	20630000	2.0676126552776584	20625000
chr11	20630000	20640000	5.827336864886135	20635000
chr11	20640000	20650000	7.826851714684782	20645000
chr11	20650000	20660000	9.772822828132387	20655000
chr11	20660000	20670000	12.665322856118395	20665000
chr11	20670000	20680000	12.658279752478984	20675000
chr11	20680000	20690000	7.281107262066867	20685000
chr11	20690000	20700000	12.506736222068627	20695000
chr11	20700000	20710000	19.551644037307764	20705000
chr11	20710000	20720000	18.3369032532454	20715000
chr11	20720000	20730000	12.088190614908294	20725000
chr11	20730000	20740000	8.471612074953708	20735000
chr11	20740000	20750000	12.072404150273021	20745000
chr11	20750000	20760000	13.963993160333793	20755000
chr11	20760000	20770000	20.41743280654011	20765000
chr11	20770000	20780000	22.273340510804232	20775000
chr11	20780000	20790000	23.317035340267843	20785000
chr11	20790000	20800000	25.037954915042302	20795000
chr11	20800000	20810000	14.800082962451526	20805000
chr11	20810000	20820000	11.967524965918248	20815000
chr11	20820000	20830000	15.684435910401197	20825000
chr11	20830000	20840000	12.1134171948737	20835000
chr11	20840000	20850000	12.060869883972524	20845000
chr11	20850000	20860000	13.09531461635988	20855000
chr11	20860000	20870000	13.850326427761878	20865000
chr11	20870000	20880000	11.882921421105062	20875000
chr11	20880000	20890000	11.071304439489074	20885000
chr11	20890000	20900000	12.306587050683778	20895000
chr11	20900000	20910000	9.635396339242856	20905000
chr11	20910000	20920000	13.313328960934243	20915000
chr11	20920000	20930000	12.923095846902475	20925000
chr11	20930000	20940000	8.718330700433164	20935000
chr11	20940000	20950000	14.50659357410883	20945000
chr11	20950000	20960000	12.492564209510407	20955000
chr11	20960000	20970000	2.484846200460165	20965000
chr11	20970000	20980000	19.819672981434273	20975000
chr11	20980000	20990000	36.52127362242129	20985000
chr11	20990000	21000000	36.52127362242129	20995000
chr11	21000000	21010000	27.30749190976153	21005000
chr11	21010000	21020000	26.771561247379335	21015000
chr11	21020000	21030000	4.565377679038055	21025000
chr11	21030000	21040000	9.400074107923617	21035000
chr11	21040000	21050000	13.155828939154105	21045000
chr11	21050000	21060000	31.67367132893341	21055000
chr11	21060000	21070000	22.504187601791262	21065000
chr11	21070000	21080000	14.907372274792776	21075000
chr11	21080000	21090000	16.54996850668692	21085000
chr11	21090000	21100000	18.1314793777335	21095000
chr11	21100000	21110000	17.24619700109211	21105000
chr11	21110000	21120000	15.92257513405024	21115000
chr11	21120000	21130000	16.905231809563873	21125000
chr11	21130000	21140000	16.000199344533126	21135000
chr11	21140000	21150000	16.919880063997127	21145000
chr11	21150000	21160000	16.39023701579259	21155000
chr11	21160000	21170000	16.578803979617085	21165000
chr11	21170000	21180000	16.270668588114688	21175000
chr11	21180000	21190000	11.892418556358605	21185000
chr11	21190000	21200000	8.433038146800122	21195000
chr11	21200000	21210000	11.530429086129795	21205000
chr11	21210000	21220000	18.57238472033325	21215000
chr11	21220000	21230000	18.649862148992288	21225000
chr11	21230000	21240000	17.609970958210226	21235000
chr11	21240000	21250000	4.724463087762579	21245000
chr11	21250000	21260000	2.6656561938870094	21255000
chr11	21260000	21270000	7.935971422651496	21265000
chr11	21270000	21280000	7.971703782521858	21275000
chr11	21280000	21290000	13.206149426224405	21285000
chr11	21290000	21300000	10.41724974530062	21295000
chr11	21300000	21310000	18.17448557817907	21305000
chr11	21310000	21320000	8.462013479184108	21315000
chr11	21320000	21330000	4.923974410923181	21325000
chr11	21330000	21340000	7.785261387188671	21335000
chr11	21340000	21350000	4.785258780203332	21345000
chr11	21350000	21360000	5.66138849982771	21355000
chr11	21360000	21370000	7.926102918959127	21365000
chr11	21370000	21380000	12.177039273583812	21375000
chr11	21380000	21390000	11.732355092961358	21385000
chr11	21390000	21400000	10.052280713276241	21395000
chr11	21400000	21410000	14.562484259692765	21405000
chr11	21410000	21420000	15.979737478711709	21415000
chr11	21420000	21430000	10.75670296348328	21425000
chr11	21430000	21440000	8.08814393350531	21435000
chr11	21440000	21450000	7.1763403887002	21445000
chr11	21450000	21460000	8.237988118804294	21455000
chr11	21460000	21470000	9.41687247563628	21465000
chr11	21470000	21480000	7.071104314424942	21475000
chr11	21480000	21490000	8.021096204519223	21485000
chr11	21490000	21500000	6.052942057365906	21495000
chr11	21500000	21510000	5.601128372966886	21505000
chr11	21510000	21520000	6.01968663164304	21515000
chr11	21520000	21530000	4.240051759023314	21525000
chr11	21530000	21540000	2.6746908125023996	21535000
chr11	21540000	21550000	4.1942444806933805	21545000
chr11	21550000	21560000	4.78391321693245	21555000
chr11	21560000	21570000	7.168513490193919	21565000
chr11	21570000	21580000	5.126574168939562	21575000
chr11	21580000	21590000	8.59843961728103	21585000
chr11	21590000	21600000	6.578505339222553	21595000
chr11	21600000	21610000	3.3718174250987984	21605000
chr11	21610000	21620000	2.52650476635959	21615000
chr11	21620000	21630000	1.6091345282898069	21625000
chr11	21630000	21640000	2.706653527062148	21635000
chr11	21640000	21650000	2.4613047528913072	21645000
chr11	21650000	21660000	11.421326416081822	21655000
chr11	21660000	21670000	7.2156093530641146	21665000
chr11	21670000	21680000	1.3676678557321043	21675000
chr11	21680000	21690000	9.027929940726588	21685000
chr11	21690000	21700000	2.0905926351300828	21695000
chr11	21700000	21710000	8.472863224175246	21705000
chr11	21710000	21720000	2.079076606046777	21715000
chr11	21720000	21730000	1.8976582899997987	21725000
chr11	21730000	21740000	3.385939667369627	21735000
chr11	21740000	21750000	4.840508779015974	21745000
chr11	21750000	21760000	0.4028907719509754	21755000
chr11	21760000	21770000	0.7109494596506762	21765000
chr11	21770000	21780000	1.201333961673205	21775000
chr11	21780000	21790000	1.4924359034648707	21785000
chr11	21790000	21800000	2.126942039735541	21795000
chr11	21800000	21810000	1.218506048998004	21805000
chr11	21810000	21820000	0.8768950954697672	21815000
chr11	21820000	21830000	0.5224362552947461	21825000
chr11	21830000	21840000	2.578808567426122	21835000
chr11	21840000	21850000	2.0605528530863904	21845000
chr11	21850000	21860000	3.7373852981366915	21855000
chr11	21860000	21870000	0.7716434067661175	21865000
chr11	21870000	21880000	0.48341435752176987	21875000
chr11	21880000	21890000	0.48834464615411916	21885000
chr11	21890000	21900000	0.40589433299980204	21895000
chr11	21900000	21910000	0.4464936076540812	21905000
chr11	21910000	21920000	1.0348889744631673	21915000
chr11	21920000	21930000	0.7885409835364391	21925000
chr11	21930000	21940000	0.1557585021896167	21935000
chr11	21940000	21950000	0.15575850218961668	21945000
chr11	21950000	21960000	0.15575850218961665	21955000
chr11	21960000	21970000	0.15575850218961665	21965000
chr11	21970000	21980000	0.35591847792633624	21975000
chr11	21980000	21990000	0.3882023449806459	21985000
chr11	21990000	22000000	0.38820234498064593	21995000
chr11	22000000	22010000	0.4576862668520659	22005000
chr11	22010000	22020000	0.5108589849759572	22015000
chr11	22020000	22030000	0.3095587927365783	22025000
chr11	22030000	22040000	0.3095587927365784	22035000
chr11	22040000	22050000	0.26081697329678033	22045000
chr11	22050000	22060000	0.08533414351577488	22055000
chr11	22060000	22070000	0.04446142054835211	22065000
chr11	22070000	22080000	0.13217549660820008	22075000
chr11	22080000	22090000	0.1450505543252888	22085000
chr11	22090000	22100000	0.09523031596584126	22095000
chr11	22100000	22110000	0.09416776382308092	22105000
chr11	22110000	22120000	0.09416776382308097	22115000
chr11	22120000	22130000	0.09416776382308097	22125000
chr11	22130000	22140000	0.2504073168681764	22135000
chr11	22140000	22150000	0.3210376183523513	22145000
chr11	22150000	22160000	0.1955753470781705	22155000
chr11	22160000	22170000	0.0676702295924228	22165000
chr11	22170000	22180000	0.037948689543877485	22175000
chr11	22180000	22190000	0.037948689543877485	22185000
chr11	22190000	22200000	0.03005730632070744	22195000
chr11	22200000	22210000	0.02601044312933812	22205000
chr11	22210000	22220000	0.02601044312933812	22215000
chr11	22220000	22230000	7.215784580522889	22225000
chr11	22230000	22240000	7.688185599295518	22235000
chr11	22240000	22250000	1.344420758676677	22245000
chr11	22250000	22260000	1.969994297927621	22255000
chr11	22260000	22270000	23.573671232553572	22265000
chr11	22270000	22280000	20.45774886575679	22275000
chr11	22280000	22290000	21.52635960581026	22285000
chr11	22290000	22300000	2.058027510657562	22295000
chr11	22300000	22310000	3.3111968928534763	22305000
chr11	22310000	22320000	4.013383801107735	22315000
chr11	22320000	22330000	0.6322644931030517	22325000
chr11	22330000	22340000	0.03750383867242302	22335000
chr11	22340000	22350000	0.005449818465905734	22345000
