chrom	start	end	cM/Mb	midpoint
chr17	0	5000	0.8156681944304004	2500
chr17	5000	10000	0.8156681944304004	7500
chr17	10000	15000	0.5716222444272273	12500
chr17	15000	20000	0.19834240365603711	17500
chr17	20000	25000	0.19834240365603714	22500
chr17	25000	30000	0.10276033826545537	27500
chr17	30000	35000	0.029464199876583688	32500
chr17	35000	40000	0.029464199876583688	37500
chr17	40000	45000	0.029464199876583688	42500
chr17	45000	50000	0.029464199876583688	47500
chr17	50000	55000	0.029464199876583688	52500
chr17	55000	60000	0.029464199876583688	57500
chr17	60000	65000	0.029464199876583688	62500
chr17	65000	70000	0.029464199876583688	67500
chr17	70000	75000	0.029464199876583688	72500
chr17	75000	80000	0.03418767718645689	77500
chr17	80000	85000	0.04527059171856181	82500
chr17	85000	90000	0.054522799296716565	87500
chr17	90000	95000	0.07927560643459518	92500
chr17	95000	100000	0.08077581854706135	97500
chr17	100000	105000	0.10621126511173352	102500
chr17	105000	110000	0.11748721490252935	107500
chr17	110000	115000	0.11748721490252935	112500
chr17	115000	120000	0.1607890191048148	117500
chr17	120000	125000	0.18677010162617835	122500
chr17	125000	130000	0.18677010162617846	127500
chr17	130000	135000	0.18677010162617835	132500
chr17	135000	140000	0.20631213480099642	137500
chr17	140000	145000	0.25002537667917085	142500
chr17	145000	150000	0.0742855602537399	147500
chr17	150000	155000	0.0723861580908493	152500
chr17	155000	160000	0.07238615809084932	157500
chr17	160000	165000	0.05394673214580111	162500
chr17	165000	170000	0.04320751624662142	167500
chr17	170000	175000	0.043207516246621426	172500
chr17	175000	180000	0.04411135774740554	177500
chr17	180000	185000	0.04442205326329998	182500
chr17	185000	190000	0.05558858046871775	187500
chr17	190000	195000	0.30524417960161104	192500
chr17	195000	200000	0.5632633790823207	197500
chr17	200000	205000	0.25431194913879596	202500
chr17	205000	210000	0.22294739605571176	207500
chr17	210000	215000	0.8148433204422048	212500
chr17	215000	220000	0.606753891756188	217500
chr17	220000	225000	0.26371002184533215	222500
chr17	225000	230000	0.2637100218453322	227500
chr17	230000	235000	0.2637100218453322	232500
chr17	235000	240000	0.2637100218453322	237500
chr17	240000	245000	0.32279940868923374	242500
chr17	245000	250000	10.956699704639684	247500
chr17	250000	255000	1.3633248696966187	252500
chr17	255000	260000	0.2198598268638552	257500
chr17	260000	265000	0.19208902301122038	262500
chr17	265000	270000	0.1941287469208183	267500
chr17	270000	275000	0.204100730478847	272500
chr17	275000	280000	0.34248823937611317	277500
chr17	280000	285000	0.5053834386790343	282500
chr17	285000	290000	0.3394581826124734	287500
chr17	290000	295000	0.2454080560996182	292500
chr17	295000	300000	0.7753378189071145	297500
chr17	300000	305000	0.8131538857038236	302500
chr17	305000	310000	1.537435592047766	307500
chr17	310000	315000	1.1013170266629786	312500
chr17	315000	320000	0.46669744918303874	317500
chr17	320000	325000	1.0975125130964716	322500
chr17	325000	330000	1.2187001587505621	327500
chr17	330000	335000	2.686461265944444	332500
chr17	335000	340000	3.1227748297818447	337500
chr17	340000	345000	3.3449087435361924	342500
chr17	345000	350000	3.2838386583953167	347500
chr17	350000	355000	4.479802007439505	352500
chr17	355000	360000	6.235230619205505	357500
chr17	360000	365000	4.35836459221495	362500
chr17	365000	370000	5.6727968737531835	367500
chr17	370000	375000	3.5430470439067485	372500
chr17	375000	380000	4.242468101421666	377500
chr17	380000	385000	3.330300451184293	382500
chr17	385000	390000	3.7390965830965484	387500
chr17	390000	395000	4.549408734776864	392500
chr17	395000	400000	4.404374759726517	397500
chr17	400000	405000	3.8410119926167074	402500
chr17	405000	410000	4.670205552625643	407500
chr17	410000	415000	6.195588950157073	412500
chr17	415000	420000	6.735642465323908	417500
chr17	420000	425000	5.295703870448308	422500
chr17	425000	430000	4.286256704208381	427500
chr17	430000	435000	4.593701099485583	432500
chr17	435000	440000	5.513929964550215	437500
chr17	440000	445000	5.726138244533565	442500
chr17	445000	450000	2.9665720976833954	447500
chr17	450000	455000	4.80806048316302	452500
chr17	455000	460000	3.3016038882427416	457500
chr17	460000	465000	2.9390789063210225	462500
chr17	465000	470000	3.617652933916944	467500
chr17	470000	475000	5.181469759780684	472500
chr17	475000	480000	5.4009971582809095	477500
chr17	480000	485000	4.531593944937625	482500
chr17	485000	490000	5.99895705828622	487500
chr17	490000	495000	5.8249227495805975	492500
chr17	495000	500000	4.651793869359483	497500
chr17	500000	505000	6.188469939794565	502500
chr17	505000	510000	5.192679847364322	507500
chr17	510000	515000	7.621164050512047	512500
chr17	515000	520000	5.95454495550332	517500
chr17	520000	525000	9.559435493329223	522500
chr17	525000	530000	9.768887071593918	527500
chr17	530000	535000	9.28276976973087	532500
chr17	535000	540000	5.680349842221766	537500
chr17	540000	545000	7.852177837827772	542500
chr17	545000	550000	17.542227122643936	547500
chr17	550000	555000	6.56477444902545	552500
chr17	555000	560000	6.551756408776438	557500
chr17	560000	565000	11.750669491446297	562500
chr17	565000	570000	9.604119311845643	567500
chr17	570000	575000	9.480192739950903	572500
chr17	575000	580000	12.343116417232414	577500
chr17	580000	585000	15.421358130324354	582500
chr17	585000	590000	6.433904563413008	587500
chr17	590000	595000	6.3619739636274515	592500
chr17	595000	600000	13.295106219739662	597500
chr17	600000	605000	9.544100032939104	602500
chr17	605000	610000	5.091912251712588	607500
chr17	610000	615000	9.318167608305854	612500
chr17	615000	620000	9.167853217958802	617500
chr17	620000	625000	18.30885147618784	622500
chr17	625000	630000	13.749825247843782	627500
chr17	630000	635000	16.723149163962173	632500
chr17	635000	640000	13.703244229615946	637500
chr17	640000	645000	10.915739465565787	642500
chr17	645000	650000	14.45719594269034	647500
chr17	650000	655000	11.787181307500855	652500
chr17	655000	660000	15.392987757221361	657500
chr17	660000	665000	7.149350390847555	662500
chr17	665000	670000	7.961409644890665	667500
chr17	670000	675000	8.358569192251116	672500
chr17	675000	680000	7.730363736172096	677500
chr17	680000	685000	10.056939685995724	682500
chr17	685000	690000	11.332141920076834	687500
chr17	690000	695000	18.804233833966542	692500
chr17	695000	700000	14.324757208381724	697500
chr17	700000	705000	11.861017869949247	702500
chr17	705000	710000	14.358561453386132	707500
chr17	710000	715000	13.366180051076443	712500
chr17	715000	720000	10.302433497417239	717500
chr17	720000	725000	10.213110949318285	722500
chr17	725000	730000	11.242922835007297	727500
chr17	730000	735000	9.608637412700922	732500
chr17	735000	740000	11.918287128288696	737500
chr17	740000	745000	14.122773122584592	742500
chr17	745000	750000	15.294683160302325	747500
chr17	750000	755000	16.26963401788049	752500
chr17	755000	760000	14.546557206490215	757500
chr17	760000	765000	15.695726237662683	762500
chr17	765000	770000	14.223827185749895	767500
chr17	770000	775000	14.331948091493162	772500
chr17	775000	780000	13.597148034659568	777500
chr17	780000	785000	15.172347475229635	782500
chr17	785000	790000	14.244484296568539	787500
chr17	790000	795000	11.79561106229708	792500
chr17	795000	800000	15.226560203120972	797500
chr17	800000	805000	16.915518792909864	802500
chr17	805000	810000	11.328951004007621	807500
chr17	810000	815000	11.356189319606319	812500
chr17	815000	820000	7.527726171483349	817500
chr17	820000	825000	10.49648297743602	822500
chr17	825000	830000	9.004621864901766	827500
chr17	830000	835000	11.73528463773572	832500
chr17	835000	840000	13.214257679456596	837500
chr17	840000	845000	10.25426650966876	842500
chr17	845000	850000	7.962077321245799	847500
chr17	850000	855000	14.171155898026118	852500
chr17	855000	860000	19.75533264601888	857500
chr17	860000	865000	23.953858167973884	862500
chr17	865000	870000	20.548657272080547	867500
chr17	870000	875000	20.5467756962381	872500
chr17	875000	880000	14.063670869747085	877500
chr17	880000	885000	13.131018027831958	882500
chr17	885000	890000	17.403675962906746	887500
chr17	890000	895000	16.16097856233222	892500
chr17	895000	900000	17.010174797092024	897500
chr17	900000	905000	20.78903024619892	902500
chr17	905000	910000	19.91686887381403	907500
chr17	910000	915000	13.17942002872142	912500
chr17	915000	920000	20.3009204793466	917500
chr17	920000	925000	21.47571738171066	922500
chr17	925000	930000	17.53090405541562	927500
chr17	930000	935000	15.215038936757026	932500
chr17	935000	940000	19.369514118293676	937500
chr17	940000	945000	24.5411878963996	942500
chr17	945000	950000	19.860488364194623	947500
chr17	950000	955000	28.929488948352542	952500
chr17	955000	960000	30.522409876946636	957500
chr17	960000	965000	22.01104692426016	962500
chr17	965000	970000	15.19219288023662	967500
chr17	970000	975000	10.825562400394325	972500
chr17	975000	980000	15.649203238734062	977500
chr17	980000	985000	13.72234095180607	982500
chr17	985000	990000	15.02493654565323	987500
chr17	990000	995000	29.088396633529324	992500
chr17	995000	1000000	16.078856334623346	997500
chr17	1000000	1005000	20.55518337934445	1002500
chr17	1005000	1010000	27.6179165019051	1007500
chr17	1010000	1015000	24.970596095313688	1012500
chr17	1015000	1020000	14.993397988044405	1017500
chr17	1020000	1025000	13.850178807611263	1022500
chr17	1025000	1030000	19.290022506027505	1027500
chr17	1030000	1035000	18.673266587876952	1032500
chr17	1035000	1040000	44.99948579970583	1037500
chr17	1040000	1045000	30.096327351039104	1042500
chr17	1045000	1050000	22.02022085432395	1047500
chr17	1050000	1055000	13.94087681569165	1052500
chr17	1055000	1060000	17.494119320734917	1057500
chr17	1060000	1065000	20.050936158672243	1062500
chr17	1065000	1070000	40.36850766054773	1067500
chr17	1070000	1075000	30.975137100189805	1072500
chr17	1075000	1080000	33.28302361380436	1077500
chr17	1080000	1085000	28.583967930689006	1082500
chr17	1085000	1090000	38.7675902662144	1087500
chr17	1090000	1095000	20.884960794498834	1092500
chr17	1095000	1100000	24.985058553540245	1097500
chr17	1100000	1105000	20.119614317158945	1102500
chr17	1105000	1110000	23.534290989669653	1107500
chr17	1110000	1115000	20.98491206851361	1112500
chr17	1115000	1120000	21.78523201617154	1117500
chr17	1120000	1125000	21.945025948671002	1122500
chr17	1125000	1130000	23.029293492562367	1127500
chr17	1130000	1135000	24.661113324968582	1132500
chr17	1135000	1140000	23.73898995534463	1137500
chr17	1140000	1145000	24.66422242903497	1142500
chr17	1145000	1150000	25.089578064684655	1147500
chr17	1150000	1155000	21.429137770985193	1152500
chr17	1155000	1160000	18.816569324913846	1157500
chr17	1160000	1165000	19.499757496127266	1162500
chr17	1165000	1170000	20.970142777698413	1167500
chr17	1170000	1175000	15.882948682212815	1172500
chr17	1175000	1180000	10.769490289628122	1177500
chr17	1180000	1185000	11.524027971265593	1182500
chr17	1185000	1190000	11.586730938592313	1187500
chr17	1190000	1195000	11.585841249309953	1192500
chr17	1195000	1200000	14.86321722148727	1197500
chr17	1200000	1205000	11.368793084103245	1202500
chr17	1205000	1210000	13.053572433993482	1207500
chr17	1210000	1215000	17.916676009976864	1212500
chr17	1215000	1220000	21.457162979857333	1217500
chr17	1220000	1225000	17.578951934176903	1222500
chr17	1225000	1230000	23.385962665758484	1227500
chr17	1230000	1235000	9.747974351337438	1232500
chr17	1235000	1240000	14.908919013654435	1237500
chr17	1240000	1245000	17.019021078929004	1242500
chr17	1245000	1250000	22.19131052535719	1247500
chr17	1250000	1255000	13.20949319620987	1252500
chr17	1255000	1260000	20.272523419591337	1257500
chr17	1260000	1265000	12.91951630413969	1262500
chr17	1265000	1270000	16.714782827226724	1267500
chr17	1270000	1275000	16.584001538748492	1272500
chr17	1275000	1280000	16.31234661127614	1277500
chr17	1280000	1285000	10.9319974035952	1282500
chr17	1285000	1290000	22.68805243918601	1287500
chr17	1290000	1295000	24.000173211062855	1292500
chr17	1295000	1300000	28.440136860847982	1297500
chr17	1300000	1305000	10.73405552509995	1302500
chr17	1305000	1310000	6.802341663740607	1307500
chr17	1310000	1315000	7.885648548648369	1312500
chr17	1315000	1320000	6.632204457345247	1317500
chr17	1320000	1325000	6.361149664595701	1322500
chr17	1325000	1330000	6.26880954512304	1327500
chr17	1330000	1335000	5.5733188564374965	1332500
chr17	1335000	1340000	6.872667166428714	1337500
chr17	1340000	1345000	14.0231518559104	1342500
chr17	1345000	1350000	17.37360090933882	1347500
chr17	1350000	1355000	8.55558856523288	1352500
chr17	1355000	1360000	9.519991101964305	1357500
chr17	1360000	1365000	11.376826829777064	1362500
chr17	1365000	1370000	10.08222966411633	1367500
chr17	1370000	1375000	12.235166841007004	1372500
chr17	1375000	1380000	13.24026750629089	1377500
chr17	1380000	1385000	11.542642110893958	1382500
chr17	1385000	1390000	11.167968875976744	1387500
chr17	1390000	1395000	14.993873265062128	1392500
chr17	1395000	1400000	14.15436149660197	1397500
chr17	1400000	1405000	26.240448096777016	1402500
chr17	1405000	1410000	15.704847811408888	1407500
chr17	1410000	1415000	15.815417656948506	1412500
chr17	1415000	1420000	21.922211633129784	1417500
chr17	1420000	1425000	15.474911955658692	1422500
chr17	1425000	1430000	25.364899591947438	1427500
chr17	1430000	1435000	28.967799812102843	1432500
chr17	1435000	1440000	22.291577783272416	1437500
chr17	1440000	1445000	26.897677391816686	1442500
chr17	1445000	1450000	15.555693111559592	1447500
chr17	1450000	1455000	27.959476623738762	1452500
chr17	1455000	1460000	20.954246094113262	1457500
chr17	1460000	1465000	8.806722641089163	1462500
chr17	1465000	1470000	11.078708712838255	1467500
chr17	1470000	1475000	18.17811592918723	1472500
chr17	1475000	1480000	16.20832748000991	1477500
chr17	1480000	1485000	20.719158446823442	1482500
chr17	1485000	1490000	18.637533649726564	1487500
chr17	1490000	1495000	16.192707330252293	1492500
chr17	1495000	1500000	22.581703769122047	1497500
chr17	1500000	1505000	35.00479367067969	1502500
chr17	1505000	1510000	42.20774759969642	1507500
chr17	1510000	1515000	31.774737978257996	1512500
chr17	1515000	1520000	24.966908033190936	1517500
chr17	1520000	1525000	16.117023356735167	1522500
chr17	1525000	1530000	17.858578652003306	1527500
chr17	1530000	1535000	13.25968336967184	1532500
chr17	1535000	1540000	12.593912829034096	1537500
chr17	1540000	1545000	12.778240983107708	1542500
chr17	1545000	1550000	11.220541169734046	1547500
chr17	1550000	1555000	24.359726136545063	1552500
chr17	1555000	1560000	21.210491841265476	1557500
chr17	1560000	1565000	33.634558128406795	1562500
chr17	1565000	1570000	26.526810979374982	1567500
chr17	1570000	1575000	20.435881812733914	1572500
chr17	1575000	1580000	15.348056346499561	1577500
chr17	1580000	1585000	15.355060763281408	1582500
chr17	1585000	1590000	28.00879502468975	1587500
chr17	1590000	1595000	33.64563749332116	1592500
chr17	1595000	1600000	33.792397168333	1597500
chr17	1600000	1605000	34.866462563283044	1602500
chr17	1605000	1610000	24.08121296147588	1607500
chr17	1610000	1615000	20.49881361444399	1612500
chr17	1615000	1620000	39.21804167145789	1617500
chr17	1620000	1625000	50.77051021666534	1622500
chr17	1625000	1630000	42.50738503280381	1627500
chr17	1630000	1635000	16.25178334654086	1632500
chr17	1635000	1640000	23.924775731703836	1637500
chr17	1640000	1645000	30.113011011508842	1642500
chr17	1645000	1650000	66.41696937027179	1647500
chr17	1650000	1655000	45.85525654606683	1652500
chr17	1655000	1660000	44.48419006085376	1657500
chr17	1660000	1665000	27.03453407806684	1662500
chr17	1665000	1670000	30.74408051345129	1667500
chr17	1670000	1675000	41.3290946797892	1672500
chr17	1675000	1680000	42.748174472483726	1677500
chr17	1680000	1685000	57.48312552469532	1682500
chr17	1685000	1690000	24.056349399018032	1687500
chr17	1690000	1695000	17.762745489143906	1692500
chr17	1695000	1700000	16.155827606707767	1697500
chr17	1700000	1705000	50.55563364891798	1702500
chr17	1705000	1710000	56.46057049887474	1707500
chr17	1710000	1715000	45.28534726401872	1712500
chr17	1715000	1720000	21.840764821175235	1717500
chr17	1720000	1725000	28.839431494859557	1722500
chr17	1725000	1730000	29.86465385618148	1727500
chr17	1730000	1735000	33.46251923579817	1732500
chr17	1735000	1740000	36.07487252555224	1737500
chr17	1740000	1745000	27.46029233208524	1742500
chr17	1745000	1750000	19.48597783943358	1747500
chr17	1750000	1755000	27.84758592058551	1752500
chr17	1755000	1760000	28.77777153742594	1757500
chr17	1760000	1765000	21.852883796590824	1762500
chr17	1765000	1770000	26.225330975762	1767500
chr17	1770000	1775000	33.54534974385197	1772500
chr17	1775000	1780000	33.18734587474419	1777500
chr17	1780000	1785000	26.462375150002067	1782500
chr17	1785000	1790000	29.254776084958078	1787500
chr17	1790000	1795000	35.3993121629508	1792500
chr17	1795000	1800000	25.254505107146883	1797500
chr17	1800000	1805000	27.65519641318857	1802500
chr17	1805000	1810000	17.999901208373696	1807500
chr17	1810000	1815000	19.15714005261607	1812500
chr17	1815000	1820000	35.67067856221487	1817500
chr17	1820000	1825000	33.994669459032075	1822500
chr17	1825000	1830000	21.33737856999684	1827500
chr17	1830000	1835000	24.86425001151385	1832500
chr17	1835000	1840000	32.9639431126835	1837500
chr17	1840000	1845000	22.361447745237047	1842500
chr17	1845000	1850000	22.690918012202342	1847500
chr17	1850000	1855000	31.927273387028933	1852500
chr17	1855000	1860000	43.663743442011345	1857500
chr17	1860000	1865000	58.85945361346331	1862500
chr17	1865000	1870000	80.89868476902821	1867500
chr17	1870000	1875000	95.39123050495876	1872500
chr17	1875000	1880000	56.00687927960867	1877500
chr17	1880000	1885000	46.81934912837321	1882500
chr17	1885000	1890000	40.15791077033708	1887500
chr17	1890000	1895000	52.664281400215884	1892500
chr17	1895000	1900000	41.31889058357933	1897500
chr17	1900000	1905000	38.27817849958021	1902500
chr17	1905000	1910000	29.887420773785223	1907500
chr17	1910000	1915000	26.593383190554107	1912500
chr17	1915000	1920000	24.117609203623083	1917500
chr17	1920000	1925000	32.97594224517753	1922500
chr17	1925000	1930000	38.72859960265713	1927500
chr17	1930000	1935000	37.83769511588157	1932500
chr17	1935000	1940000	43.67488590592567	1937500
chr17	1940000	1945000	63.808988793131256	1942500
chr17	1945000	1950000	49.72400066161267	1947500
chr17	1950000	1955000	25.086655336965713	1952500
chr17	1955000	1960000	22.631893708620478	1957500
chr17	1960000	1965000	28.314781869337764	1962500
chr17	1965000	1970000	62.608517035761054	1967500
chr17	1970000	1975000	96.87014110744434	1972500
chr17	1975000	1980000	48.143233419128684	1977500
chr17	1980000	1985000	25.379317502411627	1982500
chr17	1985000	1990000	17.451534537846907	1987500
chr17	1990000	1995000	15.033046982000045	1992500
chr17	1995000	2000000	19.380400223781777	1997500
chr17	2000000	2005000	24.181771288953634	2002500
chr17	2005000	2010000	18.211302816007727	2007500
chr17	2010000	2015000	22.464802241092823	2012500
chr17	2015000	2020000	21.50133112590902	2017500
chr17	2020000	2025000	17.397092205180787	2022500
chr17	2025000	2030000	20.506489989514083	2027500
chr17	2030000	2035000	29.945958627164714	2032500
chr17	2035000	2040000	20.17068482350844	2037500
chr17	2040000	2045000	25.123862865209798	2042500
chr17	2045000	2050000	29.93582557609029	2047500
chr17	2050000	2055000	44.84376326194776	2052500
chr17	2055000	2060000	41.44250250669262	2057500
chr17	2060000	2065000	25.53163408983542	2062500
chr17	2065000	2070000	33.97568289687704	2067500
chr17	2070000	2075000	33.99674684292494	2072500
chr17	2075000	2080000	27.5302655124866	2077500
chr17	2080000	2085000	21.133747502991902	2082500
chr17	2085000	2090000	14.872570379883784	2087500
chr17	2090000	2095000	34.14248960519238	2092500
chr17	2095000	2100000	18.296660352477932	2097500
chr17	2100000	2105000	37.347538106363245	2102500
chr17	2105000	2110000	28.78265689363253	2107500
chr17	2110000	2115000	22.15200938658144	2112500
chr17	2115000	2120000	30.47203589569364	2117500
chr17	2120000	2125000	16.334822348010793	2122500
chr17	2125000	2130000	16.374795759571786	2127500
chr17	2130000	2135000	17.76699937471653	2132500
chr17	2135000	2140000	26.33527264040005	2137500
chr17	2140000	2145000	22.061688643526423	2142500
chr17	2145000	2150000	20.68014248853809	2147500
chr17	2150000	2155000	10.920228706246307	2152500
chr17	2155000	2160000	10.08843085783111	2157500
chr17	2160000	2165000	8.473571801573305	2162500
chr17	2165000	2170000	5.818241448611617	2167500
chr17	2170000	2175000	17.181864140811093	2172500
chr17	2175000	2180000	7.409281990745405	2177500
chr17	2180000	2185000	11.348342517053739	2182500
chr17	2185000	2190000	9.76590041589237	2187500
chr17	2190000	2195000	9.46052760876849	2192500
chr17	2195000	2200000	7.840423805551511	2197500
chr17	2200000	2205000	9.766301759814475	2202500
chr17	2205000	2210000	9.393264975305781	2207500
chr17	2210000	2215000	19.627384762472683	2212500
chr17	2215000	2220000	10.765106557984149	2217500
chr17	2220000	2225000	12.007214082236061	2222500
chr17	2225000	2230000	14.033854034320548	2227500
chr17	2230000	2235000	23.44232097152213	2232500
chr17	2235000	2240000	11.911311389707803	2237500
chr17	2240000	2245000	11.04260867532404	2242500
chr17	2245000	2250000	13.768305027750683	2247500
chr17	2250000	2255000	13.647817811487686	2252500
chr17	2255000	2260000	5.709852865328331	2257500
chr17	2260000	2265000	6.439883261123036	2262500
chr17	2265000	2270000	5.625833564338618	2267500
chr17	2270000	2275000	4.133839024481626	2272500
chr17	2275000	2280000	6.933462926039214	2277500
chr17	2280000	2285000	7.4065738290598935	2282500
chr17	2285000	2290000	4.49322214666648	2287500
chr17	2290000	2295000	6.05723662602154	2292500
chr17	2295000	2300000	6.412964068092655	2297500
chr17	2300000	2305000	3.52534333358626	2302500
chr17	2305000	2310000	6.675147759016974	2307500
chr17	2310000	2315000	9.11519021444572	2312500
chr17	2315000	2320000	18.37394282926465	2317500
chr17	2320000	2325000	8.737705699437262	2322500
chr17	2325000	2330000	12.143441003077681	2327500
chr17	2330000	2335000	15.540102128055125	2332500
chr17	2335000	2340000	14.838555195345306	2337500
chr17	2340000	2345000	17.616999930932018	2342500
chr17	2345000	2350000	14.26862100314842	2347500
chr17	2350000	2355000	12.030752210952741	2352500
chr17	2355000	2360000	15.761858523085218	2357500
chr17	2360000	2365000	29.034794813049803	2362500
chr17	2365000	2370000	21.611833970771748	2367500
chr17	2370000	2375000	34.78375674323792	2372500
chr17	2375000	2380000	19.161745051326765	2377500
chr17	2380000	2385000	15.215229706902802	2382500
chr17	2385000	2390000	14.263944620298354	2387500
chr17	2390000	2395000	14.80149777004065	2392500
chr17	2395000	2400000	14.685138384656263	2397500
chr17	2400000	2405000	9.42420906166188	2402500
chr17	2405000	2410000	8.829674830481473	2407500
chr17	2410000	2415000	11.368913001314393	2412500
chr17	2415000	2420000	27.842097866064503	2417500
chr17	2420000	2425000	8.926820071576982	2422500
chr17	2425000	2430000	7.547367630944583	2427500
chr17	2430000	2435000	9.123721417275362	2432500
chr17	2435000	2440000	10.443160964044887	2437500
chr17	2440000	2445000	7.009486136061028	2442500
chr17	2445000	2450000	8.13572294074769	2447500
chr17	2450000	2455000	16.833808539554816	2452500
chr17	2455000	2460000	10.54229131437167	2457500
chr17	2460000	2465000	12.877605621732028	2462500
chr17	2465000	2470000	6.185578971027461	2467500
chr17	2470000	2475000	8.8184940368984	2472500
chr17	2475000	2480000	21.403814745648496	2477500
chr17	2480000	2485000	10.83427267791721	2482500
chr17	2485000	2490000	5.481757096808976	2487500
chr17	2490000	2495000	5.853618726902101	2492500
chr17	2495000	2500000	6.2411194485509265	2497500
chr17	2500000	2505000	4.976638109101173	2502500
chr17	2505000	2510000	3.2332827116165137	2507500
chr17	2510000	2515000	1.7892267951357255	2512500
chr17	2515000	2520000	5.972735401300727	2517500
chr17	2520000	2525000	10.7828870593959	2522500
chr17	2525000	2530000	9.506619884878667	2527500
chr17	2530000	2535000	9.600031912643683	2532500
chr17	2535000	2540000	9.647954428306752	2537500
chr17	2540000	2545000	14.526360393253524	2542500
chr17	2545000	2550000	17.80465713322915	2547500
chr17	2550000	2555000	16.04451559377524	2552500
chr17	2555000	2560000	17.307592561503732	2557500
chr17	2560000	2565000	15.32546018425391	2562500
chr17	2565000	2570000	17.772557310458875	2567500
chr17	2570000	2575000	22.00802190431281	2572500
chr17	2575000	2580000	19.18279870759814	2577500
chr17	2580000	2585000	10.09157850001253	2582500
chr17	2585000	2590000	12.313613575877369	2587500
chr17	2590000	2595000	35.749848283291186	2592500
chr17	2595000	2600000	3.7450187139430478	2597500
chr17	2600000	2605000	10.98327607975569	2602500
chr17	2605000	2610000	14.630276794841881	2607500
chr17	2610000	2615000	29.40209611360473	2612500
chr17	2615000	2620000	4.8439079108969985	2617500
chr17	2620000	2625000	3.1452994533371044	2622500
chr17	2625000	2630000	4.817657488506065	2627500
chr17	2630000	2635000	10.253888169707201	2632500
chr17	2635000	2640000	12.07397940853901	2637500
chr17	2640000	2645000	17.28044866725063	2642500
chr17	2645000	2650000	18.581363550946094	2647500
chr17	2650000	2655000	24.606292639902563	2652500
chr17	2655000	2660000	27.684940100050007	2657500
chr17	2660000	2665000	23.218380106481955	2662500
chr17	2665000	2670000	20.468732967460085	2667500
chr17	2670000	2675000	9.734138582417538	2672500
chr17	2675000	2680000	8.111098066968475	2677500
chr17	2680000	2685000	6.5575571124030265	2682500
chr17	2685000	2690000	12.132516987262969	2687500
chr17	2690000	2695000	10.45481254081646	2692500
chr17	2695000	2700000	7.6114486397493275	2697500
chr17	2700000	2705000	9.04210356463231	2702500
chr17	2705000	2710000	10.28815540679369	2707500
chr17	2710000	2715000	6.910377922553487	2712500
chr17	2715000	2720000	7.204300184843343	2717500
chr17	2720000	2725000	10.154745249614104	2722500
chr17	2725000	2730000	11.28194987644702	2727500
chr17	2730000	2735000	33.3456629193509	2732500
chr17	2735000	2740000	6.702007813089333	2737500
chr17	2740000	2745000	7.594895438404611	2742500
chr17	2745000	2750000	5.911649830107751	2747500
chr17	2750000	2755000	6.526880868302067	2752500
chr17	2755000	2760000	7.255638527143411	2757500
chr17	2760000	2765000	6.939218778835406	2762500
chr17	2765000	2770000	7.265515842881092	2767500
chr17	2770000	2775000	7.757138503965603	2772500
chr17	2775000	2780000	9.127622467268573	2777500
chr17	2780000	2785000	13.496228897035481	2782500
chr17	2785000	2790000	19.553461419791923	2787500
chr17	2790000	2795000	12.659826134496102	2792500
chr17	2795000	2800000	14.672918509288603	2797500
chr17	2800000	2805000	13.616587328815793	2802500
chr17	2805000	2810000	8.816066818367117	2807500
chr17	2810000	2815000	8.470189091350603	2812500
chr17	2815000	2820000	13.257885022819522	2817500
chr17	2820000	2825000	12.434712551108687	2822500
chr17	2825000	2830000	11.716694050628405	2827500
chr17	2830000	2835000	7.524788268941756	2832500
chr17	2835000	2840000	6.644699561687377	2837500
chr17	2840000	2845000	5.342067242595937	2842500
chr17	2845000	2850000	8.04438202259135	2847500
chr17	2850000	2855000	15.9051399977176	2852500
chr17	2855000	2860000	5.831539604335727	2857500
chr17	2860000	2865000	3.3967328003598474	2862500
chr17	2865000	2870000	2.387938100711316	2867500
chr17	2870000	2875000	0.9176645835207303	2872500
chr17	2875000	2880000	1.1314508042373659	2877500
chr17	2880000	2885000	3.5004394990931735	2882500
chr17	2885000	2890000	2.7865447684110065	2887500
chr17	2890000	2895000	3.582061764315219	2892500
chr17	2895000	2900000	2.9629139369627087	2897500
chr17	2900000	2905000	3.7311570249868518	2902500
chr17	2905000	2910000	3.845746254864522	2907500
chr17	2910000	2915000	6.552816612506245	2912500
chr17	2915000	2920000	3.5040655865113544	2917500
chr17	2920000	2925000	6.476594155388987	2922500
chr17	2925000	2930000	7.2016901428603965	2927500
chr17	2930000	2935000	5.480285413689035	2932500
chr17	2935000	2940000	8.804406690662258	2937500
chr17	2940000	2945000	8.089850827028757	2942500
chr17	2945000	2950000	6.887272403239308	2947500
chr17	2950000	2955000	5.906513899997436	2952500
chr17	2955000	2960000	10.627030943100705	2957500
chr17	2960000	2965000	7.027635310133629	2962500
chr17	2965000	2970000	7.4290230745562225	2967500
chr17	2970000	2975000	8.537377803933008	2972500
chr17	2975000	2980000	3.974905945306296	2977500
chr17	2980000	2985000	5.046627105044153	2982500
chr17	2985000	2990000	7.392459417761628	2987500
chr17	2990000	2995000	10.445918371059472	2992500
chr17	2995000	3000000	17.504681132003572	2997500
chr17	3000000	3005000	5.704168085724136	3002500
chr17	3005000	3010000	7.966433982984282	3007500
chr17	3010000	3015000	12.188370211113293	3012500
chr17	3015000	3020000	6.923720869964055	3017500
chr17	3020000	3025000	7.884465819609896	3022500
chr17	3025000	3030000	8.403748678958998	3027500
chr17	3030000	3035000	7.4399434681754615	3032500
chr17	3035000	3040000	11.261226440559982	3037500
chr17	3040000	3045000	10.05503861280055	3042500
chr17	3045000	3050000	6.545275210345638	3047500
chr17	3050000	3055000	15.32808886335384	3052500
chr17	3055000	3060000	2.9167639334075917	3057500
chr17	3060000	3065000	3.924449845495861	3062500
chr17	3065000	3070000	3.8120549188242054	3067500
chr17	3070000	3075000	5.257079543254881	3072500
chr17	3075000	3080000	3.6301566371575844	3077500
chr17	3080000	3085000	13.42913838104816	3082500
chr17	3085000	3090000	31.99499866253832	3087500
chr17	3090000	3095000	13.76296152292298	3092500
chr17	3095000	3100000	12.254893988202781	3097500
chr17	3100000	3105000	7.880901228327218	3102500
chr17	3105000	3110000	7.397858889642411	3107500
chr17	3110000	3115000	5.147235076854181	3112500
chr17	3115000	3120000	5.3694920788835	3117500
chr17	3120000	3125000	5.202137939741808	3122500
chr17	3125000	3130000	8.699049175172625	3127500
chr17	3130000	3135000	11.532001370270835	3132500
chr17	3135000	3140000	29.447404441468997	3137500
chr17	3140000	3145000	6.527126862930235	3142500
chr17	3145000	3150000	5.713524200704311	3147500
chr17	3150000	3155000	6.696266292466072	3152500
chr17	3155000	3160000	7.455838359409469	3157500
chr17	3160000	3165000	13.261818037123605	3162500
chr17	3165000	3170000	11.896417855806119	3167500
chr17	3170000	3175000	8.763135691752169	3172500
chr17	3175000	3180000	4.852925754993705	3177500
chr17	3180000	3185000	3.523814613991577	3182500
chr17	3185000	3190000	5.182369791022046	3187500
chr17	3190000	3195000	3.9299152184408976	3192500
chr17	3195000	3200000	3.0232691468245267	3197500
chr17	3200000	3205000	4.3597010996064745	3202500
chr17	3205000	3210000	4.14146085999901	3207500
chr17	3210000	3215000	3.7081946673099733	3212500
chr17	3215000	3220000	2.2458161502040617	3217500
chr17	3220000	3225000	3.6151989175109183	3222500
chr17	3225000	3230000	4.345739720498051	3227500
chr17	3230000	3235000	6.331173356114264	3232500
chr17	3235000	3240000	6.409484602031491	3237500
chr17	3240000	3245000	8.033456649057209	3242500
chr17	3245000	3250000	4.448553089375662	3247500
chr17	3250000	3255000	8.162641041058354	3252500
chr17	3255000	3260000	22.373836579400866	3257500
chr17	3260000	3265000	9.828037096658901	3262500
chr17	3265000	3270000	11.196694721148072	3267500
chr17	3270000	3275000	7.901090492106373	3272500
chr17	3275000	3280000	10.667715110688658	3277500
chr17	3280000	3285000	13.209709059213122	3282500
chr17	3285000	3290000	25.633568799580523	3287500
chr17	3290000	3295000	11.84626068558511	3292500
chr17	3295000	3300000	14.59765221898021	3297500
chr17	3300000	3305000	15.060197487769479	3302500
chr17	3305000	3310000	13.165529223507104	3307500
chr17	3310000	3315000	10.15366151418597	3312500
chr17	3315000	3320000	12.222739510721105	3317500
chr17	3320000	3325000	6.539734747984525	3322500
chr17	3325000	3330000	7.4185706218852765	3327500
chr17	3330000	3335000	8.669240304704696	3332500
chr17	3335000	3340000	4.084328163211101	3337500
chr17	3340000	3345000	4.943501355986162	3342500
chr17	3345000	3350000	7.860083274885638	3347500
chr17	3350000	3355000	17.58050402707218	3352500
chr17	3355000	3360000	11.951340659691578	3357500
chr17	3360000	3365000	10.999049582618944	3362500
chr17	3365000	3370000	4.449649405383714	3367500
chr17	3370000	3375000	9.653838274417533	3372500
chr17	3375000	3380000	7.07393849728618	3377500
chr17	3380000	3385000	4.729812983367731	3382500
chr17	3385000	3390000	5.07183160869842	3387500
chr17	3390000	3395000	4.564143197547567	3392500
chr17	3395000	3400000	7.33659019664211	3397500
chr17	3400000	3405000	8.018947236182717	3402500
chr17	3405000	3410000	5.547352413399994	3407500
chr17	3410000	3415000	4.176118105107693	3412500
chr17	3415000	3420000	5.225405262634534	3417500
chr17	3420000	3425000	7.204849747346787	3422500
chr17	3425000	3430000	8.082015499624388	3427500
chr17	3430000	3435000	16.030931774275857	3432500
chr17	3435000	3440000	3.9298831176480022	3437500
chr17	3440000	3445000	9.815836919798837	3442500
chr17	3445000	3450000	9.294773658180786	3447500
chr17	3450000	3455000	12.113521055926165	3452500
chr17	3455000	3460000	16.11150368565117	3457500
chr17	3460000	3465000	6.776206648823905	3462500
chr17	3465000	3470000	5.69856881030693	3467500
chr17	3470000	3475000	6.188709526634237	3472500
chr17	3475000	3480000	7.703654612700806	3477500
chr17	3480000	3485000	13.350938556572585	3482500
chr17	3485000	3490000	6.299643235906584	3487500
chr17	3490000	3495000	3.9587601338524423	3492500
chr17	3495000	3500000	2.2416594121257902	3497500
chr17	3500000	3505000	1.422703331964606	3502500
chr17	3505000	3510000	3.1410395247084275	3507500
chr17	3510000	3515000	3.6781348257408193	3512500
chr17	3515000	3520000	2.7665223587460868	3517500
chr17	3520000	3525000	3.6492394950726217	3522500
chr17	3525000	3530000	4.255499990933452	3527500
chr17	3530000	3535000	3.4645906874042653	3532500
chr17	3535000	3540000	3.538224156792943	3537500
chr17	3540000	3545000	6.876776193784208	3542500
chr17	3545000	3550000	2.023189075100618	3547500
chr17	3550000	3555000	3.3648229584171445	3552500
chr17	3555000	3560000	6.26252122996865	3557500
chr17	3560000	3565000	9.891368677570926	3562500
chr17	3565000	3570000	5.43213440940372	3567500
chr17	3570000	3575000	26.794887369752136	3572500
chr17	3575000	3580000	7.436892141642988	3577500
chr17	3580000	3585000	7.134598133893664	3582500
chr17	3585000	3590000	9.499477261091334	3587500
chr17	3590000	3595000	8.6844375975042	3592500
chr17	3595000	3600000	4.0461643567167975	3597500
chr17	3600000	3605000	3.1183115048805106	3602500
chr17	3605000	3610000	2.9372075367031227	3607500
chr17	3610000	3615000	1.243481708231083	3612500
chr17	3615000	3620000	3.778575634662862	3617500
chr17	3620000	3625000	6.585117113648234	3622500
chr17	3625000	3630000	9.748703245361183	3627500
chr17	3630000	3635000	5.337793248678713	3632500
chr17	3635000	3640000	1.4470090293007223	3637500
chr17	3640000	3645000	1.5145221261346518	3642500
chr17	3645000	3650000	2.3888364675681713	3647500
chr17	3650000	3655000	4.032046481655282	3652500
chr17	3655000	3660000	1.9746247640007544	3657500
chr17	3660000	3665000	3.3814433150634096	3662500
chr17	3665000	3670000	12.225701744832719	3667500
chr17	3670000	3675000	7.613111377288355	3672500
chr17	3675000	3680000	4.27458437253894	3677500
chr17	3680000	3685000	3.860527379050324	3682500
chr17	3685000	3690000	3.6865577138309034	3687500
chr17	3690000	3695000	2.887666146835078	3692500
chr17	3695000	3700000	5.909045862419226	3697500
chr17	3700000	3705000	7.870121733727146	3702500
chr17	3705000	3710000	4.1054292223837825	3707500
chr17	3710000	3715000	3.27396107493345	3712500
chr17	3715000	3720000	2.85241666638691	3717500
chr17	3720000	3725000	5.6101100762002805	3722500
chr17	3725000	3730000	5.826746616509746	3727500
chr17	3730000	3735000	4.657544810480905	3732500
chr17	3735000	3740000	8.755971328739943	3737500
chr17	3740000	3745000	1.7498387216065459	3742500
chr17	3745000	3750000	3.8584904624651135	3747500
chr17	3750000	3755000	8.841176800132745	3752500
chr17	3755000	3760000	6.198984580994861	3757500
chr17	3760000	3765000	6.220164215072094	3762500
chr17	3765000	3770000	6.181165822644007	3767500
chr17	3770000	3775000	8.509651644959582	3772500
chr17	3775000	3780000	3.3964840994909085	3777500
chr17	3780000	3785000	3.5450906518429264	3782500
chr17	3785000	3790000	3.0457092777390278	3787500
chr17	3790000	3795000	7.572677367200385	3792500
chr17	3795000	3800000	2.838499154552587	3797500
chr17	3800000	3805000	4.9268130864438335	3802500
chr17	3805000	3810000	4.239767362357802	3807500
chr17	3810000	3815000	3.3525413693955177	3812500
chr17	3815000	3820000	5.71693002472885	3817500
chr17	3820000	3825000	10.204613834766896	3822500
chr17	3825000	3830000	10.559637299429722	3827500
chr17	3830000	3835000	21.496194541609313	3832500
chr17	3835000	3840000	7.185913718127147	3837500
chr17	3840000	3845000	10.510406436870579	3842500
chr17	3845000	3850000	6.221950971410983	3847500
chr17	3850000	3855000	8.518475591173456	3852500
chr17	3855000	3860000	6.076284443479054	3857500
chr17	3860000	3865000	6.371892635565062	3862500
chr17	3865000	3870000	11.004313558199753	3867500
chr17	3870000	3875000	3.3509547524417047	3872500
chr17	3875000	3880000	7.71091976867874	3877500
chr17	3880000	3885000	17.262492514016866	3882500
chr17	3885000	3890000	51.329954185923285	3887500
chr17	3890000	3895000	14.188295623544438	3892500
chr17	3895000	3900000	13.857392612845668	3897500
chr17	3900000	3905000	23.14196819933129	3902500
chr17	3905000	3910000	20.226959662213066	3907500
chr17	3910000	3915000	28.988264743220196	3912500
chr17	3915000	3920000	35.727997804799664	3917500
chr17	3920000	3925000	21.45265583772808	3922500
chr17	3925000	3930000	23.728550698102904	3927500
chr17	3930000	3935000	11.49566196090294	3932500
chr17	3935000	3940000	10.471696767324342	3937500
chr17	3940000	3945000	12.148703048478732	3942500
chr17	3945000	3950000	6.777402847861946	3947500
chr17	3950000	3955000	10.655822243502678	3952500
chr17	3955000	3960000	19.00499961468772	3957500
chr17	3960000	3965000	12.514567863199606	3962500
chr17	3965000	3970000	13.789305180781264	3967500
chr17	3970000	3975000	25.952465146886965	3972500
chr17	3975000	3980000	31.699651145814414	3977500
chr17	3980000	3985000	26.81659792500068	3982500
chr17	3985000	3990000	19.49227478998454	3987500
chr17	3990000	3995000	15.917818420349391	3992500
chr17	3995000	4000000	18.502212580255172	3997500
chr17	4000000	4005000	14.603018518460818	4002500
chr17	4005000	4010000	15.472961620953669	4007500
chr17	4010000	4015000	14.564708840200913	4012500
chr17	4015000	4020000	17.69823120720437	4017500
chr17	4020000	4025000	14.016666008547027	4022500
chr17	4025000	4030000	8.34499224146175	4027500
chr17	4030000	4035000	9.780558253927827	4032500
chr17	4035000	4040000	10.364036727976513	4037500
chr17	4040000	4045000	11.6733606156598	4042500
chr17	4045000	4050000	18.793273020500447	4047500
chr17	4050000	4055000	14.821319167918036	4052500
chr17	4055000	4060000	16.358764944827964	4057500
chr17	4060000	4065000	12.46000523433841	4062500
chr17	4065000	4070000	15.969785970053245	4067500
chr17	4070000	4075000	17.43632116205578	4072500
chr17	4075000	4080000	16.1612765952341	4077500
chr17	4080000	4085000	12.367405190904687	4082500
chr17	4085000	4090000	14.729969980842212	4087500
chr17	4090000	4095000	15.051654013235831	4092500
chr17	4095000	4100000	11.955831946159988	4097500
chr17	4100000	4105000	17.965275175889364	4102500
chr17	4105000	4110000	16.923509305081765	4107500
chr17	4110000	4115000	17.906500297984415	4112500
chr17	4115000	4120000	21.90231824690662	4117500
chr17	4120000	4125000	18.780227567351744	4122500
chr17	4125000	4130000	18.053674863020234	4127500
chr17	4130000	4135000	13.973254619205258	4132500
chr17	4135000	4140000	13.526504831100114	4137500
chr17	4140000	4145000	28.93126747108254	4142500
chr17	4145000	4150000	23.68348982014339	4147500
chr17	4150000	4155000	21.187950851343988	4152500
chr17	4155000	4160000	27.229228127253283	4157500
chr17	4160000	4165000	19.39466013972624	4162500
chr17	4165000	4170000	15.921521695523795	4167500
chr17	4170000	4175000	24.9521261498409	4172500
chr17	4175000	4180000	30.152535045928015	4177500
chr17	4180000	4185000	22.34938063517965	4182500
chr17	4185000	4190000	43.81596594514938	4187500
chr17	4190000	4195000	47.48347586998658	4192500
chr17	4195000	4200000	30.68316620223196	4197500
chr17	4200000	4205000	35.480516788408664	4202500
chr17	4205000	4210000	65.49601535853205	4207500
chr17	4210000	4215000	118.0322955138796	4212500
chr17	4215000	4220000	92.53041754295829	4217500
chr17	4220000	4225000	38.36734157709131	4222500
chr17	4225000	4230000	43.894236034163754	4227500
chr17	4230000	4235000	36.04645191776003	4232500
chr17	4235000	4240000	40.90509073975077	4237500
chr17	4240000	4245000	33.337524532672646	4242500
chr17	4245000	4250000	38.75199472212491	4247500
chr17	4250000	4255000	33.273896114656516	4252500
chr17	4255000	4260000	72.00504841237058	4257500
chr17	4260000	4265000	80.18383967588599	4262500
chr17	4265000	4270000	80.43874905126589	4267500
chr17	4270000	4275000	75.68593482967543	4272500
chr17	4275000	4280000	61.54742216731242	4277500
chr17	4280000	4285000	71.66835745641997	4282500
chr17	4285000	4290000	49.716195898232236	4287500
chr17	4290000	4295000	52.968323448584165	4292500
chr17	4295000	4300000	43.584450568061136	4297500
chr17	4300000	4305000	33.50359447269855	4302500
chr17	4305000	4310000	21.606811770649678	4307500
chr17	4310000	4315000	22.559660504805436	4312500
chr17	4315000	4320000	27.368945159727136	4317500
chr17	4320000	4325000	23.959309483564944	4322500
chr17	4325000	4330000	29.882003304129565	4327500
chr17	4330000	4335000	27.591214235726675	4332500
chr17	4335000	4340000	17.850796204796357	4337500
chr17	4340000	4345000	24.050020213600973	4342500
chr17	4345000	4350000	32.81731954422121	4347500
chr17	4350000	4355000	35.99154028579806	4352500
chr17	4355000	4360000	45.4406281621316	4357500
chr17	4360000	4365000	46.436059790569445	4362500
chr17	4365000	4370000	54.29140920964357	4367500
chr17	4370000	4375000	41.70487970616786	4372500
chr17	4375000	4380000	47.464806283558985	4377500
chr17	4380000	4385000	37.18064492528548	4382500
chr17	4385000	4390000	37.479139845343425	4387500
chr17	4390000	4395000	49.524539593122874	4392500
chr17	4395000	4400000	45.24244166503408	4397500
chr17	4400000	4405000	35.74155559317101	4402500
chr17	4405000	4410000	47.46462621491454	4407500
chr17	4410000	4415000	85.90585011779763	4412500
chr17	4415000	4420000	30.2601776100982	4417500
chr17	4420000	4425000	23.46569987553165	4422500
chr17	4425000	4430000	20.14161342322987	4427500
chr17	4430000	4435000	21.541668146541888	4432500
chr17	4435000	4440000	19.625085464230956	4437500
chr17	4440000	4445000	20.33464186152906	4442500
chr17	4445000	4450000	21.604922272861206	4447500
chr17	4450000	4455000	23.454485116599862	4452500
chr17	4455000	4460000	24.880368069549842	4457500
chr17	4460000	4465000	18.490668664574578	4462500
chr17	4465000	4470000	20.470707730392867	4467500
chr17	4470000	4475000	19.037302866248663	4472500
chr17	4475000	4480000	21.309309838796946	4477500
chr17	4480000	4485000	24.993330695999806	4482500
chr17	4485000	4490000	59.47658639999634	4487500
chr17	4490000	4495000	71.43609786522292	4492500
chr17	4495000	4500000	69.2578785348415	4497500
chr17	4500000	4505000	63.08483817670539	4502500
chr17	4505000	4510000	106.45779093506545	4507500
chr17	4510000	4515000	43.153714542288505	4512500
chr17	4515000	4520000	45.66464507079084	4517500
chr17	4520000	4525000	65.01006154530673	4522500
chr17	4525000	4530000	65.91615819762964	4527500
chr17	4530000	4535000	61.18159460661064	4532500
chr17	4535000	4540000	66.28507598278927	4537500
chr17	4540000	4545000	55.73006537821846	4542500
chr17	4545000	4550000	23.59562276573093	4547500
chr17	4550000	4555000	33.25405227943114	4552500
chr17	4555000	4560000	34.0095775252141	4557500
chr17	4560000	4565000	22.75794396190686	4562500
chr17	4565000	4570000	37.15790443123514	4567500
chr17	4570000	4575000	29.357569119849835	4572500
chr17	4575000	4580000	39.3469286643444	4577500
chr17	4580000	4585000	38.55817548810672	4582500
chr17	4585000	4590000	37.50745361933447	4587500
chr17	4590000	4595000	60.72136560052572	4592500
chr17	4595000	4600000	35.074141136006794	4597500
chr17	4600000	4605000	34.878582241157055	4602500
chr17	4605000	4610000	46.09999093350904	4607500
chr17	4610000	4615000	38.878167063217454	4612500
chr17	4615000	4620000	60.799252499801376	4617500
chr17	4620000	4625000	45.971487186462845	4622500
chr17	4625000	4630000	39.95071311161845	4627500
chr17	4630000	4635000	36.12513112833136	4632500
chr17	4635000	4640000	36.498659932854615	4637500
chr17	4640000	4645000	26.539849280619034	4642500
chr17	4645000	4650000	24.70395185133076	4647500
chr17	4650000	4655000	11.288908398782903	4652500
chr17	4655000	4660000	6.542053079417348	4657500
chr17	4660000	4665000	13.620731682625351	4662500
chr17	4665000	4670000	13.408439206596539	4667500
chr17	4670000	4675000	12.547971987149067	4672500
chr17	4675000	4680000	12.013311683031368	4677500
chr17	4680000	4685000	12.5423735947303	4682500
chr17	4685000	4690000	12.028443873463555	4687500
chr17	4690000	4695000	13.493146882463446	4692500
chr17	4695000	4700000	13.350367272086775	4697500
chr17	4700000	4705000	13.5162986238705	4702500
chr17	4705000	4710000	13.820003969163148	4707500
chr17	4710000	4715000	12.866951273447636	4712500
chr17	4715000	4720000	16.05111830249592	4717500
chr17	4720000	4725000	16.27761790740962	4722500
chr17	4725000	4730000	13.877733742184125	4727500
chr17	4730000	4735000	14.335297328991858	4732500
chr17	4735000	4740000	14.246701163062493	4737500
chr17	4740000	4745000	15.190480362849978	4742500
chr17	4745000	4750000	15.245569176514753	4747500
chr17	4750000	4755000	15.925485579305722	4752500
chr17	4755000	4760000	15.177446666511317	4757500
chr17	4760000	4765000	16.46800117617765	4762500
chr17	4765000	4770000	12.344931079090362	4767500
chr17	4770000	4775000	10.92567553088523	4772500
chr17	4775000	4780000	13.705432480055599	4777500
chr17	4780000	4785000	9.14474213350692	4782500
chr17	4785000	4790000	11.74560534208946	4787500
chr17	4790000	4795000	16.82346358549297	4792500
chr17	4795000	4800000	10.920388178404576	4797500
chr17	4800000	4805000	11.900948952081857	4802500
chr17	4805000	4810000	11.835562381592133	4807500
chr17	4810000	4815000	12.811038599700371	4812500
chr17	4815000	4820000	11.920335702866906	4817500
chr17	4820000	4825000	11.237033479079534	4822500
chr17	4825000	4830000	10.202013333598723	4827500
chr17	4830000	4835000	7.461141724028312	4832500
chr17	4835000	4840000	7.706063029246195	4837500
chr17	4840000	4845000	7.375611110222552	4842500
chr17	4845000	4850000	7.435027155703891	4847500
chr17	4850000	4855000	9.96251649968698	4852500
chr17	4855000	4860000	6.262513922851679	4857500
chr17	4860000	4865000	9.903956580739493	4862500
chr17	4865000	4870000	7.310708745867525	4867500
chr17	4870000	4875000	4.043564494511469	4872500
chr17	4875000	4880000	5.655387182076973	4877500
chr17	4880000	4885000	4.86196867534107	4882500
chr17	4885000	4890000	3.839152295996374	4887500
chr17	4890000	4895000	3.801432527547549	4892500
chr17	4895000	4900000	2.711827546861506	4897500
chr17	4900000	4905000	3.8307540287714312	4902500
chr17	4905000	4910000	4.315993837534888	4907500
chr17	4910000	4915000	3.0758852394652334	4912500
chr17	4915000	4920000	2.614331622427255	4917500
chr17	4920000	4925000	2.3385388552039985	4922500
chr17	4925000	4930000	2.692030499858574	4927500
chr17	4930000	4935000	1.8102974325777106	4932500
chr17	4935000	4940000	1.7065641305446668	4937500
chr17	4940000	4945000	1.8372997588215652	4942500
chr17	4945000	4950000	1.373124774057133	4947500
chr17	4950000	4955000	1.0515664522052326	4952500
chr17	4955000	4960000	0.6607605440789829	4957500
chr17	4960000	4965000	2.560554137591157	4962500
chr17	4965000	4970000	1.9445661026255348	4967500
chr17	4970000	4975000	1.2897924021506129	4972500
chr17	4975000	4980000	1.302412699864419	4977500
chr17	4980000	4985000	1.8525220790837271	4982500
chr17	4985000	4990000	2.11736995219387	4987500
chr17	4990000	4995000	9.162139738358713	4992500
chr17	4995000	5000000	8.445699715966732	4997500
chr17	5000000	5005000	3.8417917441199814	5002500
chr17	5005000	5010000	2.7226340549319175	5007500
chr17	5010000	5015000	2.8815488838457726	5012500
chr17	5015000	5020000	2.871984890513501	5017500
chr17	5020000	5025000	4.167281020426491	5022500
chr17	5025000	5030000	5.152151086795972	5027500
chr17	5030000	5035000	4.66422052146531	5032500
chr17	5035000	5040000	4.514864735283056	5037500
chr17	5040000	5045000	6.379315694181203	5042500
chr17	5045000	5050000	7.642200682337624	5047500
chr17	5050000	5055000	7.041526619924411	5052500
chr17	5055000	5060000	6.499444208569971	5057500
chr17	5060000	5065000	12.373051459885584	5062500
chr17	5065000	5070000	11.050322706580438	5067500
chr17	5070000	5075000	8.018406008925593	5072500
chr17	5075000	5080000	6.642669910957352	5077500
chr17	5080000	5085000	13.882733276665213	5082500
chr17	5085000	5090000	21.717981418434828	5087500
chr17	5090000	5095000	37.65655446946815	5092500
chr17	5095000	5100000	29.84636544806692	5097500
chr17	5100000	5105000	29.89123260748713	5102500
chr17	5105000	5110000	39.1030793697013	5107500
chr17	5110000	5115000	40.655764612301546	5112500
chr17	5115000	5120000	25.185614559543083	5117500
chr17	5120000	5125000	33.74117527558628	5122500
chr17	5125000	5130000	27.295134071255173	5127500
chr17	5130000	5135000	45.21709081342708	5132500
chr17	5135000	5140000	22.588665792518984	5137500
chr17	5140000	5145000	16.627352887526136	5142500
chr17	5145000	5150000	18.303483133655355	5147500
chr17	5150000	5155000	20.689643351619207	5152500
chr17	5155000	5160000	11.16394250976871	5157500
chr17	5160000	5165000	11.2015430485229	5162500
chr17	5165000	5170000	4.701695721392382	5167500
chr17	5170000	5175000	4.285276073394042	5172500
chr17	5175000	5180000	3.441253719229011	5177500
chr17	5180000	5185000	3.4412537192290116	5182500
chr17	5185000	5190000	2.922702281970799	5187500
chr17	5190000	5195000	8.152892549022024	5192500
chr17	5195000	5200000	19.385850006290603	5197500
chr17	5200000	5205000	19.9761049120887	5202500
chr17	5205000	5210000	11.707204114901115	5207500
chr17	5210000	5215000	8.477066961209504	5212500
chr17	5215000	5220000	12.330146482300325	5217500
chr17	5220000	5225000	10.92445953533817	5222500
chr17	5225000	5230000	11.3495068571672	5227500
chr17	5230000	5235000	9.75588146855072	5232500
chr17	5235000	5240000	9.009052066083367	5237500
chr17	5240000	5245000	7.587243891853787	5242500
chr17	5245000	5250000	7.7547829750921125	5247500
chr17	5250000	5255000	8.887412232593332	5252500
chr17	5255000	5260000	8.125473534422214	5257500
chr17	5260000	5265000	11.019336056089289	5262500
chr17	5265000	5270000	12.479614348212236	5267500
chr17	5270000	5275000	8.874680659803499	5272500
chr17	5275000	5280000	8.96828921652526	5277500
chr17	5280000	5285000	7.183448264446649	5282500
chr17	5285000	5290000	6.839580054036018	5287500
chr17	5290000	5295000	8.020622674560931	5292500
chr17	5295000	5300000	7.060390673038191	5297500
chr17	5300000	5305000	7.809164113553819	5302500
chr17	5305000	5310000	6.964064035276336	5307500
chr17	5310000	5315000	6.561697044002839	5312500
chr17	5315000	5320000	3.2245682954333628	5317500
chr17	5320000	5325000	4.884878540356409	5322500
chr17	5325000	5330000	5.710024338727032	5327500
chr17	5330000	5335000	9.140997705002341	5332500
chr17	5335000	5340000	10.474657565151041	5337500
chr17	5340000	5345000	8.119375593915793	5342500
chr17	5345000	5350000	14.095958476990706	5347500
chr17	5350000	5355000	50.45457100155844	5352500
chr17	5355000	5360000	17.87789439644639	5357500
chr17	5360000	5365000	26.699038615599296	5362500
chr17	5365000	5370000	32.010884986845475	5367500
chr17	5370000	5375000	12.699202806647268	5372500
chr17	5375000	5380000	7.5251927608166405	5377500
chr17	5380000	5385000	10.892749348310254	5382500
chr17	5385000	5390000	22.175197363636485	5387500
chr17	5390000	5395000	26.313941439100144	5392500
chr17	5395000	5400000	33.05848338660189	5397500
chr17	5400000	5405000	25.080868688326706	5402500
chr17	5405000	5410000	18.44337587280276	5407500
chr17	5410000	5415000	11.66009839751145	5412500
chr17	5415000	5420000	15.379379938813917	5417500
chr17	5420000	5425000	15.685706423738214	5422500
chr17	5425000	5430000	20.700201097797557	5427500
chr17	5430000	5435000	17.580237608862916	5432500
chr17	5435000	5440000	21.8347604831105	5437500
chr17	5440000	5445000	20.049179077921217	5442500
chr17	5445000	5450000	32.19240296172826	5447500
chr17	5450000	5455000	15.895198965794567	5452500
chr17	5455000	5460000	20.373054354649618	5457500
chr17	5460000	5465000	25.585633328670642	5462500
chr17	5465000	5470000	20.60823342925481	5467500
chr17	5470000	5475000	16.8828234005471	5472500
chr17	5475000	5480000	17.82688356465145	5477500
chr17	5480000	5485000	28.156713643862982	5482500
chr17	5485000	5490000	31.40665649647184	5487500
chr17	5490000	5495000	36.61686529776069	5492500
chr17	5495000	5500000	41.49090374053814	5497500
chr17	5500000	5505000	11.123128252568284	5502500
chr17	5505000	5510000	9.332442910265222	5507500
chr17	5510000	5515000	8.07814432254201	5512500
chr17	5515000	5520000	2.5425758968312486	5517500
chr17	5520000	5525000	5.427543106002268	5522500
chr17	5525000	5530000	4.238314093447864	5527500
chr17	5530000	5535000	8.942851819613777	5532500
chr17	5535000	5540000	13.596115888322256	5537500
chr17	5540000	5545000	9.060985084764305	5542500
chr17	5545000	5550000	9.80148822440117	5547500
chr17	5550000	5555000	9.620340675683156	5552500
chr17	5555000	5560000	44.82984314240471	5557500
chr17	5560000	5565000	44.80824874914053	5562500
chr17	5565000	5570000	9.861940685171646	5567500
chr17	5570000	5575000	6.423303798712469	5572500
chr17	5575000	5580000	11.063309961964364	5577500
chr17	5580000	5585000	13.331337071323565	5582500
chr17	5585000	5590000	11.252975870577314	5587500
chr17	5590000	5595000	12.68631970992889	5592500
chr17	5595000	5600000	12.246514526091609	5597500
chr17	5600000	5605000	13.945995424691795	5602500
chr17	5605000	5610000	14.624145009640968	5607500
chr17	5610000	5615000	13.351214417189457	5612500
chr17	5615000	5620000	13.48359932918942	5617500
chr17	5620000	5625000	5.373249081526284	5622500
chr17	5625000	5630000	6.786036275771347	5627500
chr17	5630000	5635000	10.941496060719139	5632500
chr17	5635000	5640000	9.473214044659342	5637500
chr17	5640000	5645000	5.688721708427359	5642500
chr17	5645000	5650000	4.259817966145448	5647500
chr17	5650000	5655000	14.685210922124071	5652500
chr17	5655000	5660000	7.540493011819565	5657500
chr17	5660000	5665000	6.63349248327062	5662500
chr17	5665000	5670000	6.138554300369836	5667500
chr17	5670000	5675000	8.89876036468368	5672500
chr17	5675000	5680000	5.418226566459394	5677500
chr17	5680000	5685000	7.508232116628797	5682500
chr17	5685000	5690000	10.091827309975223	5687500
chr17	5690000	5695000	6.54124146625847	5692500
chr17	5695000	5700000	5.546812056879062	5697500
chr17	5700000	5705000	5.808752544474858	5702500
chr17	5705000	5710000	10.46217761598264	5707500
chr17	5710000	5715000	7.695158095142547	5712500
chr17	5715000	5720000	7.09735601058208	5717500
chr17	5720000	5725000	7.354085384117948	5722500
chr17	5725000	5730000	7.05226666901946	5727500
chr17	5730000	5735000	10.644094993656868	5732500
chr17	5735000	5740000	11.338816702713569	5737500
chr17	5740000	5745000	14.060121453768758	5742500
chr17	5745000	5750000	16.363709376882234	5747500
chr17	5750000	5755000	23.67453147297881	5752500
chr17	5755000	5760000	15.796457499412261	5757500
chr17	5760000	5765000	12.889685575003877	5762500
chr17	5765000	5770000	10.031405955672206	5767500
chr17	5770000	5775000	15.024369346521675	5772500
chr17	5775000	5780000	14.229381962468324	5777500
chr17	5780000	5785000	19.4166853870113	5782500
chr17	5785000	5790000	8.265171635265485	5787500
chr17	5790000	5795000	9.618471777736602	5792500
chr17	5795000	5800000	12.772506736103828	5797500
chr17	5800000	5805000	14.086424182982126	5802500
chr17	5805000	5810000	17.024069485748605	5807500
chr17	5810000	5815000	12.965987612544733	5812500
chr17	5815000	5820000	11.330151228526908	5817500
chr17	5820000	5825000	37.59012212360472	5822500
chr17	5825000	5830000	17.219650902989613	5827500
chr17	5830000	5835000	17.224139542387196	5832500
chr17	5835000	5840000	11.89752630019001	5837500
chr17	5840000	5845000	11.819066077742884	5842500
chr17	5845000	5850000	21.167166229979625	5847500
chr17	5850000	5855000	14.333289657347388	5852500
chr17	5855000	5860000	11.03098136140202	5857500
chr17	5860000	5865000	12.149096449175014	5862500
chr17	5865000	5870000	7.635111436524095	5867500
chr17	5870000	5875000	28.07578252053242	5872500
chr17	5875000	5880000	11.075292542661142	5877500
chr17	5880000	5885000	11.4513357912421	5882500
chr17	5885000	5890000	9.524161876738702	5887500
chr17	5890000	5895000	11.250964613286005	5892500
chr17	5895000	5900000	10.385834984257691	5897500
chr17	5900000	5905000	12.05769125006212	5902500
chr17	5905000	5910000	13.919772787736026	5907500
chr17	5910000	5915000	12.550209310399387	5912500
chr17	5915000	5920000	8.718676329260106	5917500
chr17	5920000	5925000	14.486080874061722	5922500
chr17	5925000	5930000	12.509278136560136	5927500
chr17	5930000	5935000	18.343828458384003	5932500
chr17	5935000	5940000	20.331869144728877	5937500
chr17	5940000	5945000	14.373095252931916	5942500
chr17	5945000	5950000	43.82770878873234	5947500
chr17	5950000	5955000	7.022151508270495	5952500
chr17	5955000	5960000	12.47157775598655	5957500
chr17	5960000	5965000	26.52717398329046	5962500
chr17	5965000	5970000	12.621062993988458	5967500
chr17	5970000	5975000	8.051192428385022	5972500
chr17	5975000	5980000	9.096344836978904	5977500
chr17	5980000	5985000	7.47954998603248	5982500
chr17	5985000	5990000	9.600120682305198	5987500
chr17	5990000	5995000	14.22753303489897	5992500
chr17	5995000	6000000	15.744813375794008	5997500
chr17	6000000	6005000	14.163232869662616	6002500
chr17	6005000	6010000	24.706063475527696	6007500
chr17	6010000	6015000	29.3628329233393	6012500
chr17	6015000	6020000	20.167181895555423	6017500
chr17	6020000	6025000	17.067044410659545	6022500
chr17	6025000	6030000	7.728385388607064	6027500
chr17	6030000	6035000	4.932347577309845	6032500
chr17	6035000	6040000	4.304708472875792	6037500
chr17	6040000	6045000	4.131364943849593	6042500
chr17	6045000	6050000	5.22152672836207	6047500
chr17	6050000	6055000	16.20303281698177	6052500
chr17	6055000	6060000	46.77784549054199	6057500
chr17	6060000	6065000	15.252921689318509	6062500
chr17	6065000	6070000	6.364761381912374	6067500
chr17	6070000	6075000	8.74041003477169	6072500
chr17	6075000	6080000	4.5185044785397235	6077500
chr17	6080000	6085000	7.632111842651814	6082500
chr17	6085000	6090000	9.222883991541094	6087500
chr17	6090000	6095000	15.273017489190039	6092500
chr17	6095000	6100000	8.17023986756924	6097500
chr17	6100000	6105000	8.175411324462315	6102500
chr17	6105000	6110000	7.003891786256348	6107500
chr17	6110000	6115000	7.785146695567847	6112500
chr17	6115000	6120000	6.636602832417235	6117500
chr17	6120000	6125000	11.37808878786611	6122500
chr17	6125000	6130000	8.66648072694729	6127500
chr17	6130000	6135000	8.657016410019711	6132500
chr17	6135000	6140000	5.202661001931912	6137500
chr17	6140000	6145000	5.575441687939681	6142500
chr17	6145000	6150000	8.668741737211171	6147500
chr17	6150000	6155000	10.629964730787643	6152500
chr17	6155000	6160000	9.633631562085826	6157500
chr17	6160000	6165000	10.20738788334253	6162500
chr17	6165000	6170000	24.348510046838076	6167500
chr17	6170000	6175000	11.508110999360902	6172500
chr17	6175000	6180000	9.381629702341385	6177500
chr17	6180000	6185000	10.029229811889602	6182500
chr17	6185000	6190000	9.071470296050611	6187500
chr17	6190000	6195000	12.463939921927793	6192500
chr17	6195000	6200000	22.412079588096532	6197500
chr17	6200000	6205000	17.345472105570888	6202500
chr17	6205000	6210000	8.769262658005244	6207500
chr17	6210000	6215000	27.152877011160676	6212500
chr17	6215000	6220000	12.045054991112677	6217500
chr17	6220000	6225000	19.53080115580908	6222500
chr17	6225000	6230000	12.264256111398696	6227500
chr17	6230000	6235000	7.8870377516354235	6232500
chr17	6235000	6240000	9.216201787883831	6237500
chr17	6240000	6245000	12.860987584186585	6242500
chr17	6245000	6250000	26.79553340875953	6247500
chr17	6250000	6255000	17.78683368265752	6252500
chr17	6255000	6260000	9.473722282126667	6257500
chr17	6260000	6265000	7.6146951723977345	6262500
chr17	6265000	6270000	8.02887908101092	6267500
chr17	6270000	6275000	13.084380927502508	6272500
chr17	6275000	6280000	10.59658398011298	6277500
chr17	6280000	6285000	9.928073799418163	6282500
chr17	6285000	6290000	15.997982470822741	6287500
chr17	6290000	6295000	7.28304978199968	6292500
chr17	6295000	6300000	7.7335993111388985	6297500
chr17	6300000	6305000	7.883695115968987	6302500
chr17	6305000	6310000	9.382675108941026	6307500
chr17	6310000	6315000	7.547333105193778	6312500
chr17	6315000	6320000	11.231760229304166	6317500
chr17	6320000	6325000	8.239098637435982	6322500
chr17	6325000	6330000	11.902376409869913	6327500
chr17	6330000	6335000	12.200593950169973	6332500
chr17	6335000	6340000	19.71776007454019	6337500
chr17	6340000	6345000	7.0093863353491	6342500
chr17	6345000	6350000	6.61092987725726	6347500
chr17	6350000	6355000	12.236185160955873	6352500
chr17	6355000	6360000	15.51589466427871	6357500
chr17	6360000	6365000	14.705858107413238	6362500
chr17	6365000	6370000	9.417142861129758	6367500
chr17	6370000	6375000	10.411397543434305	6372500
chr17	6375000	6380000	12.258517621052707	6377500
chr17	6380000	6385000	13.327844130891114	6382500
chr17	6385000	6390000	9.038127063110194	6387500
chr17	6390000	6395000	8.540277737815066	6392500
chr17	6395000	6400000	10.67190544319853	6397500
chr17	6400000	6405000	10.755357646895249	6402500
chr17	6405000	6410000	11.535220898247934	6407500
chr17	6410000	6415000	10.91199715506553	6412500
chr17	6415000	6420000	10.430958746236582	6417500
chr17	6420000	6425000	11.405833302492532	6422500
chr17	6425000	6430000	11.448182782646475	6427500
chr17	6430000	6435000	11.590506511615713	6432500
chr17	6435000	6440000	10.445401155879255	6437500
chr17	6440000	6445000	10.448768292036492	6442500
chr17	6445000	6450000	14.437938054872365	6447500
chr17	6450000	6455000	12.809719504543686	6452500
chr17	6455000	6460000	9.427916706355976	6457500
chr17	6460000	6465000	12.276313534155337	6462500
chr17	6465000	6470000	14.51918443684782	6467500
chr17	6470000	6475000	39.766156903849236	6472500
chr17	6475000	6480000	37.90008705878791	6477500
chr17	6480000	6485000	14.699843432084998	6482500
chr17	6485000	6490000	11.643320008829495	6487500
chr17	6490000	6495000	7.143002448682566	6492500
chr17	6495000	6500000	2.064173632488812	6497500
chr17	6500000	6505000	2.0696746682190565	6502500
chr17	6505000	6510000	2.466800396521412	6507500
chr17	6510000	6515000	1.5003512471718803	6512500
chr17	6515000	6520000	1.500351247171885	6517500
chr17	6520000	6525000	1.468214242791595	6522500
chr17	6525000	6530000	1.4992808724777713	6527500
chr17	6530000	6535000	1.5656503967083857	6532500
chr17	6535000	6540000	6.324717543413223	6537500
chr17	6540000	6545000	13.51456743524662	6542500
chr17	6545000	6550000	8.522065858638925	6547500
chr17	6550000	6555000	9.935795734139944	6552500
chr17	6555000	6560000	6.956520854538961	6557500
chr17	6560000	6565000	4.205386995666304	6562500
chr17	6565000	6570000	3.7491558117884	6567500
chr17	6570000	6575000	4.810974113313897	6572500
chr17	6575000	6580000	2.261540308170689	6577500
chr17	6580000	6585000	5.534988873589688	6582500
chr17	6585000	6590000	7.563903503205314	6587500
chr17	6590000	6595000	18.759796348289928	6592500
chr17	6595000	6600000	6.511418067565291	6597500
chr17	6600000	6605000	6.331826920499683	6602500
chr17	6605000	6610000	4.676844828728877	6607500
chr17	6610000	6615000	2.3894682515450647	6612500
chr17	6615000	6620000	4.466700468686336	6617500
chr17	6620000	6625000	6.016627163979515	6622500
chr17	6625000	6630000	7.533679975345071	6627500
chr17	6630000	6635000	5.465737503641757	6632500
chr17	6635000	6640000	7.762961086102239	6637500
chr17	6640000	6645000	9.174715369953534	6642500
chr17	6645000	6650000	7.67468133467655	6647500
chr17	6650000	6655000	9.566426186291102	6652500
chr17	6655000	6660000	8.047440454387267	6657500
chr17	6660000	6665000	11.095359432883345	6662500
chr17	6665000	6670000	14.296099338790603	6667500
chr17	6670000	6675000	16.109490396363924	6672500
chr17	6675000	6680000	10.972633579832612	6677500
chr17	6680000	6685000	15.377354327101308	6682500
chr17	6685000	6690000	14.300523761295945	6687500
chr17	6690000	6695000	15.404384094348476	6692500
chr17	6695000	6700000	13.850248179985591	6697500
chr17	6700000	6705000	14.520234642168603	6702500
chr17	6705000	6710000	13.780105823242195	6707500
chr17	6710000	6715000	15.134965030364992	6712500
chr17	6715000	6720000	13.972098324795196	6717500
chr17	6720000	6725000	13.681069133414837	6722500
chr17	6725000	6730000	11.867072473012367	6727500
chr17	6730000	6735000	14.00228031120343	6732500
chr17	6735000	6740000	13.05852605288781	6737500
chr17	6740000	6745000	10.437261087779122	6742500
chr17	6745000	6750000	12.284348547424246	6747500
chr17	6750000	6755000	11.220718687439698	6752500
chr17	6755000	6760000	10.898918602201626	6757500
chr17	6760000	6765000	11.721995495996534	6762500
chr17	6765000	6770000	17.978016614569917	6767500
chr17	6770000	6775000	18.789240007996963	6772500
chr17	6775000	6780000	15.20186498931538	6777500
chr17	6780000	6785000	14.707437513893336	6782500
chr17	6785000	6790000	8.9092742975054	6787500
chr17	6790000	6795000	15.253421898338667	6792500
chr17	6795000	6800000	16.80028937670912	6797500
chr17	6800000	6805000	17.129598199476657	6802500
chr17	6805000	6810000	16.020521999659017	6807500
chr17	6810000	6815000	17.049419811516437	6812500
chr17	6815000	6820000	11.854857261311642	6817500
chr17	6820000	6825000	11.533603176414612	6822500
chr17	6825000	6830000	12.484113213651277	6827500
chr17	6830000	6835000	17.2656535499749	6832500
chr17	6835000	6840000	14.084450046699553	6837500
chr17	6840000	6845000	19.05457184947991	6842500
chr17	6845000	6850000	11.543727624752583	6847500
chr17	6850000	6855000	10.415096586755524	6852500
chr17	6855000	6860000	20.63693337202257	6857500
chr17	6860000	6865000	9.62109112484002	6862500
chr17	6865000	6870000	25.086761523867715	6867500
chr17	6870000	6875000	34.10576564279732	6872500
chr17	6875000	6880000	12.500876206667535	6877500
chr17	6880000	6885000	8.582459854950287	6882500
chr17	6885000	6890000	7.559374062451057	6887500
chr17	6890000	6895000	7.307399173154543	6892500
chr17	6895000	6900000	7.506215855983388	6897500
chr17	6900000	6905000	9.36455372133724	6902500
chr17	6905000	6910000	22.996295960456965	6907500
chr17	6910000	6915000	5.946332609705457	6912500
chr17	6915000	6920000	6.752542747657562	6917500
chr17	6920000	6925000	4.4647730885674415	6922500
chr17	6925000	6930000	12.952101721373399	6927500
chr17	6930000	6935000	32.52210344807744	6932500
chr17	6935000	6940000	10.371032341167728	6937500
chr17	6940000	6945000	9.456945678158204	6942500
chr17	6945000	6950000	12.939489759487518	6947500
chr17	6950000	6955000	12.371908533659212	6952500
chr17	6955000	6960000	9.71053655935268	6957500
chr17	6960000	6965000	18.66499135405131	6962500
chr17	6965000	6970000	15.591128495173527	6967500
chr17	6970000	6975000	4.383408340824637	6972500
chr17	6975000	6980000	4.382199431648196	6977500
chr17	6980000	6985000	4.773266981737108	6982500
chr17	6985000	6990000	5.059409083042168	6987500
chr17	6990000	6995000	4.371966860999282	6992500
chr17	6995000	7000000	6.898738099656009	6997500
chr17	7000000	7005000	5.581143639692474	7002500
chr17	7005000	7010000	6.6305289324458245	7007500
chr17	7010000	7015000	6.113058869604615	7012500
chr17	7015000	7020000	5.301030868984328	7017500
chr17	7020000	7025000	5.747030169246116	7022500
chr17	7025000	7030000	6.633413121216454	7027500
chr17	7030000	7035000	5.764909079227594	7032500
chr17	7035000	7040000	7.2740660518310305	7037500
chr17	7040000	7045000	5.567661138290425	7042500
chr17	7045000	7050000	4.958470482939795	7047500
chr17	7050000	7055000	5.924286965938351	7052500
chr17	7055000	7060000	4.410671214640154	7057500
chr17	7060000	7065000	5.381519758360013	7062500
chr17	7065000	7070000	8.68385052799741	7067500
chr17	7070000	7075000	23.705318816363242	7072500
chr17	7075000	7080000	10.438312327489601	7077500
chr17	7080000	7085000	10.6547855425545	7082500
chr17	7085000	7090000	8.68015759805354	7087500
chr17	7090000	7095000	11.388163455461122	7092500
chr17	7095000	7100000	43.93165041941167	7097500
chr17	7100000	7105000	10.003173373130345	7102500
chr17	7105000	7110000	8.465259032087072	7107500
chr17	7110000	7115000	10.146803455256068	7112500
chr17	7115000	7120000	10.626917763842782	7117500
chr17	7120000	7125000	18.72652361561563	7122500
chr17	7125000	7130000	22.056384688697385	7127500
chr17	7130000	7135000	33.28837556992617	7132500
chr17	7135000	7140000	19.51058557487754	7137500
chr17	7140000	7145000	12.376724720894627	7142500
chr17	7145000	7150000	22.157341750331177	7147500
chr17	7150000	7155000	29.2748302546106	7152500
chr17	7155000	7160000	14.468629817588901	7157500
chr17	7160000	7165000	13.849766291438463	7162500
chr17	7165000	7170000	5.368840029869632	7167500
chr17	7170000	7175000	6.409540073457284	7172500
chr17	7175000	7180000	7.467824331137874	7177500
chr17	7180000	7185000	8.232510513848467	7182500
chr17	7185000	7190000	33.843687905075406	7187500
chr17	7190000	7195000	11.913331155274918	7192500
chr17	7195000	7200000	7.97959729497068	7197500
chr17	7200000	7205000	7.262034958957781	7202500
chr17	7205000	7210000	7.1648496496533856	7207500
chr17	7210000	7215000	9.771759279772917	7212500
chr17	7215000	7220000	18.558286308314162	7217500
chr17	7220000	7225000	12.527190621924321	7222500
chr17	7225000	7230000	10.063152642074462	7227500
chr17	7230000	7235000	8.165892442714194	7232500
chr17	7235000	7240000	14.465983840147432	7237500
chr17	7240000	7245000	17.334836493306387	7242500
chr17	7245000	7250000	14.384261845980438	7247500
chr17	7250000	7255000	14.67407661227954	7252500
chr17	7255000	7260000	13.957668721764879	7257500
chr17	7260000	7265000	16.04791756999655	7262500
chr17	7265000	7270000	30.10514788211692	7267500
chr17	7270000	7275000	22.140734807666487	7272500
chr17	7275000	7280000	20.444669688801692	7277500
chr17	7280000	7285000	17.799744583964003	7282500
chr17	7285000	7290000	18.785351035927626	7287500
chr17	7290000	7295000	8.580868199373997	7292500
chr17	7295000	7300000	14.896584335975456	7297500
chr17	7300000	7305000	11.942872547854423	7302500
chr17	7305000	7310000	8.791945854709706	7307500
chr17	7310000	7315000	12.876616314946832	7312500
chr17	7315000	7320000	14.279992764064671	7317500
chr17	7320000	7325000	25.922975711289542	7322500
chr17	7325000	7330000	26.18603729862146	7327500
chr17	7330000	7335000	21.548567235059345	7332500
chr17	7335000	7340000	9.711733880312082	7337500
chr17	7340000	7345000	10.39537143535996	7342500
chr17	7345000	7350000	9.284943757886035	7347500
chr17	7350000	7355000	6.404864514300431	7352500
chr17	7355000	7360000	6.93981437121688	7357500
chr17	7360000	7365000	7.123111802747669	7362500
chr17	7365000	7370000	12.497856091481925	7367500
chr17	7370000	7375000	14.922531492750409	7372500
chr17	7375000	7380000	11.962227360311225	7377500
chr17	7380000	7385000	12.831511160696538	7382500
chr17	7385000	7390000	8.269759596336376	7387500
chr17	7390000	7395000	11.727194175712443	7392500
chr17	7395000	7400000	34.961238169356506	7397500
chr17	7400000	7405000	15.47181869437336	7402500
chr17	7405000	7410000	14.692138233054688	7407500
chr17	7410000	7415000	22.346321673790758	7412500
chr17	7415000	7420000	19.92988812047172	7417500
chr17	7420000	7425000	23.542988265793188	7422500
chr17	7425000	7430000	18.869680956441904	7427500
chr17	7430000	7435000	14.59856772214958	7432500
chr17	7435000	7440000	19.951816363065983	7437500
chr17	7440000	7445000	13.948299457775404	7442500
chr17	7445000	7450000	22.689158202936	7447500
chr17	7450000	7455000	25.430082725204205	7452500
chr17	7455000	7460000	22.886193892289928	7457500
chr17	7460000	7465000	20.3062060701799	7462500
chr17	7465000	7470000	18.07172621996292	7467500
chr17	7470000	7475000	15.657981896856201	7472500
chr17	7475000	7480000	26.25032840374799	7477500
chr17	7480000	7485000	18.246740404576254	7482500
chr17	7485000	7490000	23.882393460581007	7487500
chr17	7490000	7495000	26.305732810369662	7492500
chr17	7495000	7500000	23.77633308146043	7497500
chr17	7500000	7505000	36.72581165277435	7502500
chr17	7505000	7510000	31.503903517492954	7507500
chr17	7510000	7515000	26.757827981096995	7512500
chr17	7515000	7520000	41.98225983809245	7517500
chr17	7520000	7525000	44.800093814493465	7522500
chr17	7525000	7530000	41.177734736835454	7527500
chr17	7530000	7535000	44.435589427342755	7532500
chr17	7535000	7540000	39.09727015170415	7537500
chr17	7540000	7545000	39.95744919279141	7542500
chr17	7545000	7550000	41.6332484375065	7547500
chr17	7550000	7555000	43.98372546797658	7552500
chr17	7555000	7560000	54.620865309584076	7557500
chr17	7560000	7565000	62.48372016373181	7562500
chr17	7565000	7570000	41.76150843256304	7567500
chr17	7570000	7575000	36.52745917162346	7572500
chr17	7575000	7580000	34.9631831891501	7577500
chr17	7580000	7585000	49.07459247842476	7582500
chr17	7585000	7590000	52.44571265250023	7587500
chr17	7590000	7595000	44.453743446125934	7592500
chr17	7595000	7600000	45.81468844965702	7597500
chr17	7600000	7605000	45.76032004608093	7602500
chr17	7605000	7610000	45.083030082959546	7607500
chr17	7610000	7615000	57.445815069382874	7612500
chr17	7615000	7620000	44.36263666508264	7617500
chr17	7620000	7625000	60.15922128784764	7622500
chr17	7625000	7630000	41.50513778324909	7627500
chr17	7630000	7635000	43.616815854783454	7632500
chr17	7635000	7640000	42.07768700741104	7637500
chr17	7640000	7645000	42.55479046841161	7642500
chr17	7645000	7650000	29.96470706242848	7647500
chr17	7650000	7655000	16.722061246029742	7652500
chr17	7655000	7660000	23.60382470396123	7657500
chr17	7660000	7665000	17.321463464756373	7662500
chr17	7665000	7670000	33.16872931362186	7667500
chr17	7670000	7675000	32.70276047362418	7672500
chr17	7675000	7680000	30.436160387542287	7677500
chr17	7680000	7685000	20.95113008887722	7682500
chr17	7685000	7690000	24.584143492626115	7687500
chr17	7690000	7695000	29.782791133340417	7692500
chr17	7695000	7700000	24.989751492908404	7697500
chr17	7700000	7705000	29.147631613950804	7702500
chr17	7705000	7710000	37.490869195113746	7707500
chr17	7710000	7715000	39.171485134925334	7712500
chr17	7715000	7720000	26.14811955000556	7717500
chr17	7720000	7725000	43.78891941522155	7722500
chr17	7725000	7730000	29.553739153928852	7727500
chr17	7730000	7735000	9.906719099157417	7732500
chr17	7735000	7740000	12.452071324499109	7737500
chr17	7740000	7745000	15.453322460329563	7742500
chr17	7745000	7750000	16.499833676626665	7747500
chr17	7750000	7755000	8.823336081468355	7752500
chr17	7755000	7760000	13.55159015259917	7757500
chr17	7760000	7765000	16.17817828349391	7762500
chr17	7765000	7770000	18.24660993194433	7767500
chr17	7770000	7775000	15.830248085002065	7772500
chr17	7775000	7780000	19.36767261865655	7777500
chr17	7780000	7785000	16.990307573293798	7782500
chr17	7785000	7790000	23.169832790552714	7787500
chr17	7790000	7795000	21.460760237268875	7792500
chr17	7795000	7800000	20.39941483912112	7797500
chr17	7800000	7805000	18.350114570211165	7802500
chr17	7805000	7810000	24.60574342572791	7807500
chr17	7810000	7815000	20.032418784357002	7812500
chr17	7815000	7820000	24.55403991051907	7817500
chr17	7820000	7825000	21.00547062827261	7822500
chr17	7825000	7830000	43.885836091047196	7827500
chr17	7830000	7835000	39.95828674979898	7832500
chr17	7835000	7840000	32.390297427893614	7837500
chr17	7840000	7845000	39.9298259592617	7842500
chr17	7845000	7850000	36.126727379997824	7847500
chr17	7850000	7855000	35.277622544945494	7852500
chr17	7855000	7860000	58.62056095346115	7857500
chr17	7860000	7865000	42.3694418089729	7862500
chr17	7865000	7870000	45.26164015623066	7867500
chr17	7870000	7875000	26.791971722476966	7872500
chr17	7875000	7880000	35.97454104833409	7877500
chr17	7880000	7885000	18.144168231650127	7882500
chr17	7885000	7890000	15.912187150484488	7887500
chr17	7890000	7895000	20.63738221940988	7892500
chr17	7895000	7900000	28.57732895608572	7897500
chr17	7900000	7905000	15.930904033743436	7902500
chr17	7905000	7910000	20.862655932732924	7907500
chr17	7910000	7915000	16.013408815889758	7912500
chr17	7915000	7920000	13.001929850615479	7917500
chr17	7920000	7925000	15.487771968684651	7922500
chr17	7925000	7930000	16.73682599974083	7927500
chr17	7930000	7935000	19.21366030862019	7932500
chr17	7935000	7940000	24.675601406022505	7937500
chr17	7940000	7945000	21.46208018062209	7942500
chr17	7945000	7950000	22.43438075136778	7947500
chr17	7950000	7955000	22.495101045467674	7952500
chr17	7955000	7960000	22.679227449989362	7957500
chr17	7960000	7965000	24.681965665019355	7962500
chr17	7965000	7970000	24.927569337225265	7967500
chr17	7970000	7975000	20.143603095603698	7972500
chr17	7975000	7980000	20.77109892308643	7977500
chr17	7980000	7985000	23.68106841237752	7982500
chr17	7985000	7990000	29.412637786935193	7987500
chr17	7990000	7995000	27.935583643997333	7992500
chr17	7995000	8000000	29.048935476821185	7997500
chr17	8000000	8005000	23.221221372673785	8002500
chr17	8005000	8010000	31.057188587625074	8007500
chr17	8010000	8015000	31.497730934564725	8012500
chr17	8015000	8020000	26.564321261070354	8017500
chr17	8020000	8025000	24.788092407615956	8022500
chr17	8025000	8030000	29.52996449037063	8027500
chr17	8030000	8035000	27.14543450823911	8032500
chr17	8035000	8040000	25.066966254255302	8037500
chr17	8040000	8045000	24.917181619174517	8042500
chr17	8045000	8050000	26.29119605149457	8047500
chr17	8050000	8055000	30.828656425695222	8052500
chr17	8055000	8060000	24.826138579284457	8057500
chr17	8060000	8065000	25.198283928146438	8062500
chr17	8065000	8070000	25.28410849731441	8067500
chr17	8070000	8075000	27.036508862700494	8072500
chr17	8075000	8080000	28.55312564609018	8077500
chr17	8080000	8085000	29.29881248541732	8082500
chr17	8085000	8090000	30.264922429264246	8087500
chr17	8090000	8095000	34.082180852084264	8092500
chr17	8095000	8100000	31.282438669575885	8097500
chr17	8100000	8105000	33.34153148401854	8102500
chr17	8105000	8110000	24.056709232370363	8107500
chr17	8110000	8115000	23.906713728435246	8112500
chr17	8115000	8120000	27.575256420408447	8117500
chr17	8120000	8125000	32.222426735267135	8122500
chr17	8125000	8130000	31.51159898518272	8127500
chr17	8130000	8135000	24.129410243428207	8132500
chr17	8135000	8140000	27.964229882674857	8137500
chr17	8140000	8145000	29.149419749091127	8142500
chr17	8145000	8150000	27.417706783253266	8147500
chr17	8150000	8155000	27.754656468323255	8152500
chr17	8155000	8160000	23.22845788983828	8157500
chr17	8160000	8165000	26.236024261775114	8162500
chr17	8165000	8170000	31.79938220585545	8167500
chr17	8170000	8175000	30.77440959480725	8172500
chr17	8175000	8180000	33.732439449930304	8177500
chr17	8180000	8185000	41.368564246005526	8182500
chr17	8185000	8190000	42.574683131984116	8187500
chr17	8190000	8195000	40.30965131587024	8192500
chr17	8195000	8200000	39.28110857578633	8197500
chr17	8200000	8205000	47.91348982701895	8202500
chr17	8205000	8210000	38.16269277057314	8207500
chr17	8210000	8215000	31.365692071457605	8212500
chr17	8215000	8220000	33.87374769072259	8217500
chr17	8220000	8225000	44.576581802566835	8222500
chr17	8225000	8230000	40.69468671849583	8227500
chr17	8230000	8235000	40.42679649238646	8232500
chr17	8235000	8240000	38.373749242706836	8237500
chr17	8240000	8245000	37.395447026313335	8242500
chr17	8245000	8250000	28.06761045335707	8247500
chr17	8250000	8255000	20.417768466912083	8252500
chr17	8255000	8260000	17.264082762095356	8257500
chr17	8260000	8265000	16.621264965212426	8262500
chr17	8265000	8270000	27.41069753598721	8267500
chr17	8270000	8275000	16.365356196748085	8272500
chr17	8275000	8280000	15.220433841194778	8277500
chr17	8280000	8285000	14.31281480703858	8282500
chr17	8285000	8290000	14.87429704219206	8287500
chr17	8290000	8295000	20.306281604169854	8292500
chr17	8295000	8300000	19.49813980993562	8297500
chr17	8300000	8305000	15.618354283029554	8302500
chr17	8305000	8310000	18.99656104538814	8307500
chr17	8310000	8315000	17.577486415184325	8312500
chr17	8315000	8320000	19.17424276997219	8317500
chr17	8320000	8325000	20.129952770624413	8322500
chr17	8325000	8330000	19.21721746836836	8327500
chr17	8330000	8335000	16.439182216743824	8332500
chr17	8335000	8340000	13.92001702668982	8337500
chr17	8340000	8345000	15.140623053503719	8342500
chr17	8345000	8350000	18.38088924988642	8347500
chr17	8350000	8355000	33.45426077428678	8352500
chr17	8355000	8360000	29.16042048981978	8357500
chr17	8360000	8365000	29.46556036276805	8362500
chr17	8365000	8370000	21.89784876332832	8367500
chr17	8370000	8375000	29.368679793374827	8372500
chr17	8375000	8380000	31.24437021752279	8377500
chr17	8380000	8385000	12.92711166216861	8382500
chr17	8385000	8390000	15.919130062352915	8387500
chr17	8390000	8395000	9.287608386008838	8392500
chr17	8395000	8400000	9.576894089716431	8397500
chr17	8400000	8405000	10.628076219422228	8402500
chr17	8405000	8410000	6.636226873163583	8407500
chr17	8410000	8415000	11.87712629121348	8412500
chr17	8415000	8420000	14.092603145843213	8417500
chr17	8420000	8425000	25.022462853839766	8422500
chr17	8425000	8430000	11.039554526390472	8427500
chr17	8430000	8435000	26.049299692059616	8432500
chr17	8435000	8440000	38.40079428562481	8437500
chr17	8440000	8445000	34.17199102742733	8442500
chr17	8445000	8450000	8.995034665862645	8447500
chr17	8450000	8455000	8.263054498191597	8452500
chr17	8455000	8460000	8.819034500268215	8457500
chr17	8460000	8465000	10.919452633703255	8462500
chr17	8465000	8470000	10.771263466870444	8467500
chr17	8470000	8475000	12.392780657350764	8472500
chr17	8475000	8480000	9.82291489931397	8477500
chr17	8480000	8485000	12.255592775971026	8482500
chr17	8485000	8490000	16.281752703433604	8487500
chr17	8490000	8495000	14.754531125503393	8492500
chr17	8495000	8500000	15.965835023302999	8497500
chr17	8500000	8505000	16.259350664033768	8502500
chr17	8505000	8510000	15.649535219002091	8507500
chr17	8510000	8515000	10.461806227050445	8512500
chr17	8515000	8520000	23.107789734617416	8517500
chr17	8520000	8525000	21.500003167986282	8522500
chr17	8525000	8530000	9.046384286347712	8527500
chr17	8530000	8535000	12.353582615894059	8532500
chr17	8535000	8540000	10.899506207109148	8537500
chr17	8540000	8545000	9.473703249721579	8542500
chr17	8545000	8550000	13.068117030143927	8547500
chr17	8550000	8555000	18.925805722192898	8552500
chr17	8555000	8560000	19.01938974661125	8557500
chr17	8560000	8565000	13.20325462201873	8562500
chr17	8565000	8570000	12.049601512233604	8567500
chr17	8570000	8575000	15.032957879287315	8572500
chr17	8575000	8580000	11.112453517980082	8577500
chr17	8580000	8585000	14.856457710114196	8582500
chr17	8585000	8590000	12.405182356142305	8587500
chr17	8590000	8595000	8.896252379084096	8592500
chr17	8595000	8600000	15.804218895067029	8597500
chr17	8600000	8605000	19.72354531711429	8602500
chr17	8605000	8610000	16.384314040213503	8607500
chr17	8610000	8615000	19.74489663018858	8612500
chr17	8615000	8620000	16.31289384152245	8617500
chr17	8620000	8625000	18.27337619237226	8622500
chr17	8625000	8630000	22.12303365509485	8627500
chr17	8630000	8635000	27.75013156064025	8632500
chr17	8635000	8640000	22.76771453495706	8637500
chr17	8640000	8645000	30.68534481700912	8642500
chr17	8645000	8650000	30.695281153162306	8647500
chr17	8650000	8655000	25.8703311739564	8652500
chr17	8655000	8660000	20.571997593164827	8657500
chr17	8660000	8665000	30.501473586676095	8662500
chr17	8665000	8670000	9.106950815160655	8667500
chr17	8670000	8675000	38.38993177657785	8672500
chr17	8675000	8680000	11.069337996664014	8677500
chr17	8680000	8685000	9.101402821572734	8682500
chr17	8685000	8690000	26.98652830066217	8687500
chr17	8690000	8695000	21.060465788662846	8692500
chr17	8695000	8700000	13.102209590761612	8697500
chr17	8700000	8705000	32.74543809697686	8702500
chr17	8705000	8710000	20.170143713080684	8707500
chr17	8710000	8715000	15.225907457607878	8712500
chr17	8715000	8720000	18.135306442642282	8717500
chr17	8720000	8725000	19.061371407552418	8722500
chr17	8725000	8730000	17.724798235976134	8727500
chr17	8730000	8735000	20.185282536934007	8732500
chr17	8735000	8740000	10.823065691507967	8737500
chr17	8740000	8745000	16.220362393396577	8742500
chr17	8745000	8750000	13.869582023403064	8747500
chr17	8750000	8755000	19.898976836215013	8752500
chr17	8755000	8760000	18.202078567642047	8757500
chr17	8760000	8765000	16.346069579752264	8762500
chr17	8765000	8770000	14.515755893947306	8767500
chr17	8770000	8775000	14.85852089725877	8772500
chr17	8775000	8780000	10.942116578847564	8777500
chr17	8780000	8785000	22.016027347552793	8782500
chr17	8785000	8790000	12.898327466162286	8787500
chr17	8790000	8795000	12.223569314859645	8792500
chr17	8795000	8800000	18.675993301394502	8797500
chr17	8800000	8805000	15.052121598480786	8802500
chr17	8805000	8810000	15.19361502179275	8807500
chr17	8810000	8815000	30.936560357172883	8812500
chr17	8815000	8820000	15.764505783075162	8817500
chr17	8820000	8825000	15.04500430432215	8822500
chr17	8825000	8830000	13.628817105659486	8827500
chr17	8830000	8835000	16.97305818533309	8832500
chr17	8835000	8840000	18.87688989726094	8837500
chr17	8840000	8845000	14.41875199421163	8842500
chr17	8845000	8850000	15.072202802246467	8847500
chr17	8850000	8855000	14.699334883365609	8852500
chr17	8855000	8860000	13.243731237998738	8857500
chr17	8860000	8865000	14.388499649171424	8862500
chr17	8865000	8870000	23.942435298051738	8867500
chr17	8870000	8875000	23.850394843037737	8872500
chr17	8875000	8880000	22.02617359382979	8877500
chr17	8880000	8885000	18.943555215751807	8882500
chr17	8885000	8890000	28.83425884976899	8887500
chr17	8890000	8895000	23.26367146052381	8892500
chr17	8895000	8900000	24.164916322536715	8897500
chr17	8900000	8905000	30.03752286272251	8902500
chr17	8905000	8910000	31.50382064753799	8907500
chr17	8910000	8915000	26.76699252013176	8912500
chr17	8915000	8920000	28.314931506496972	8917500
chr17	8920000	8925000	26.368111649938093	8922500
chr17	8925000	8930000	28.20140062902432	8927500
chr17	8930000	8935000	32.00469794690153	8932500
chr17	8935000	8940000	28.719677706547998	8937500
chr17	8940000	8945000	29.95025502915638	8942500
chr17	8945000	8950000	30.258315654919276	8947500
chr17	8950000	8955000	29.236593183242704	8952500
chr17	8955000	8960000	28.94875976382201	8957500
chr17	8960000	8965000	27.706126670200227	8962500
chr17	8965000	8970000	31.130746805003202	8967500
chr17	8970000	8975000	30.486135353788423	8972500
chr17	8975000	8980000	31.289395362765053	8977500
chr17	8980000	8985000	27.362992051509348	8982500
chr17	8985000	8990000	29.472668027464152	8987500
chr17	8990000	8995000	31.142709493955504	8992500
chr17	8995000	9000000	42.52299156924116	8997500
chr17	9000000	9005000	50.19420019294614	9002500
chr17	9005000	9010000	33.23259468792428	9007500
chr17	9010000	9015000	34.8098921181481	9012500
chr17	9015000	9020000	38.22354715782592	9017500
chr17	9020000	9025000	25.727005540319684	9022500
chr17	9025000	9030000	21.789685872028013	9027500
chr17	9030000	9035000	33.25482955822471	9032500
chr17	9035000	9040000	55.269680646404304	9037500
chr17	9040000	9045000	32.947617976227406	9042500
chr17	9045000	9050000	31.463162098219126	9047500
chr17	9050000	9055000	22.903952650123266	9052500
chr17	9055000	9060000	30.74667566178024	9057500
chr17	9060000	9065000	31.30846573416008	9062500
chr17	9065000	9070000	8.144007375511185	9067500
chr17	9070000	9075000	2.5222159454739312	9072500
chr17	9075000	9080000	2.204433664484349	9077500
chr17	9080000	9085000	0.8223844608894524	9082500
chr17	9085000	9090000	0.8223844608894524	9087500
chr17	9090000	9095000	0.8223844608894524	9092500
chr17	9095000	9100000	0.8223844608894524	9097500
chr17	9100000	9105000	0.8223844608894524	9102500
chr17	9105000	9110000	3.4204534488438223	9107500
chr17	9110000	9115000	3.7291452440472437	9112500
chr17	9115000	9120000	33.3929569034553	9117500
chr17	9120000	9125000	39.29500416497494	9122500
chr17	9125000	9130000	38.17447770112893	9127500
chr17	9130000	9135000	22.448140777098114	9132500
chr17	9135000	9140000	21.960073297645526	9137500
chr17	9140000	9145000	20.85151470598702	9142500
chr17	9145000	9150000	26.276929172180335	9147500
chr17	9150000	9155000	26.276929172180335	9152500
chr17	9155000	9160000	21.074313114254355	9157500
chr17	9160000	9165000	21.86009291828052	9162500
chr17	9165000	9170000	14.599098135882286	9167500
chr17	9170000	9175000	37.46126863420012	9172500
chr17	9175000	9180000	57.741395564051274	9177500
chr17	9180000	9185000	38.484708453861884	9182500
chr17	9185000	9190000	21.826234339900086	9187500
chr17	9190000	9195000	25.287060368751078	9192500
chr17	9195000	9200000	62.397597035306156	9197500
chr17	9200000	9205000	48.37201200019896	9202500
chr17	9205000	9210000	44.382630203649526	9207500
chr17	9210000	9215000	46.74040228387461	9212500
chr17	9215000	9220000	47.11292004318628	9217500
chr17	9220000	9225000	39.77531597542559	9222500
chr17	9225000	9230000	18.782377171327568	9227500
chr17	9230000	9235000	24.687617015230103	9232500
chr17	9235000	9240000	20.915544455309842	9237500
chr17	9240000	9245000	23.928361408974283	9242500
chr17	9245000	9250000	31.752534013800272	9247500
chr17	9250000	9255000	31.825444493831398	9252500
chr17	9255000	9260000	27.306168533722236	9257500
chr17	9260000	9265000	24.650322971628885	9262500
chr17	9265000	9270000	23.17827693905413	9267500
chr17	9270000	9275000	27.032696471442893	9272500
chr17	9275000	9280000	28.31475981679853	9277500
chr17	9280000	9285000	26.170090295221687	9282500
chr17	9285000	9290000	20.32817091297171	9287500
chr17	9290000	9295000	24.810343208348748	9292500
chr17	9295000	9300000	23.839058266575485	9297500
chr17	9300000	9305000	30.860609721127826	9302500
chr17	9305000	9310000	37.68341326181055	9307500
chr17	9310000	9315000	31.864896582198835	9312500
chr17	9315000	9320000	41.69647955376298	9317500
chr17	9320000	9325000	33.29397257802909	9322500
chr17	9325000	9330000	24.05588220735002	9327500
chr17	9330000	9335000	25.337236019384616	9332500
chr17	9335000	9340000	20.682647131954386	9337500
chr17	9340000	9345000	16.205698397748257	9342500
chr17	9345000	9350000	25.10065334097675	9347500
chr17	9350000	9355000	32.49510420006331	9352500
chr17	9355000	9360000	40.492161057128484	9357500
chr17	9360000	9365000	39.99250307768947	9362500
chr17	9365000	9370000	36.675493419244674	9367500
chr17	9370000	9375000	37.8999586718914	9372500
chr17	9375000	9380000	25.497045240623077	9377500
chr17	9380000	9385000	21.752488192606346	9382500
chr17	9385000	9390000	24.69004084632679	9387500
chr17	9390000	9395000	21.854646152298457	9392500
chr17	9395000	9400000	22.03737919848633	9397500
chr17	9400000	9405000	17.62930982703205	9402500
chr17	9405000	9410000	23.145680308675626	9407500
chr17	9410000	9415000	20.679234496902367	9412500
chr17	9415000	9420000	22.665451560244417	9417500
chr17	9420000	9425000	28.431999830022594	9422500
chr17	9425000	9430000	25.09351393523822	9427500
chr17	9430000	9435000	27.831922620052644	9432500
chr17	9435000	9440000	27.919565229631367	9437500
chr17	9440000	9445000	23.650901786857712	9442500
chr17	9445000	9450000	22.701782614471963	9447500
chr17	9450000	9455000	21.300447679780916	9452500
chr17	9455000	9460000	26.67290504573513	9457500
chr17	9460000	9465000	38.207215307498494	9462500
chr17	9465000	9470000	36.228581989678695	9467500
chr17	9470000	9475000	43.365930902927346	9472500
chr17	9475000	9480000	40.149032938822955	9477500
chr17	9480000	9485000	36.369025219219445	9482500
chr17	9485000	9490000	29.270992210511384	9487500
chr17	9490000	9495000	33.56231429264523	9492500
chr17	9495000	9500000	22.2294715656232	9497500
chr17	9500000	9505000	28.643919240254114	9502500
chr17	9505000	9510000	33.18932449865747	9507500
chr17	9510000	9515000	38.07704029615101	9512500
chr17	9515000	9520000	32.99409112259142	9517500
chr17	9520000	9525000	47.05265871654372	9522500
chr17	9525000	9530000	42.400703963962535	9527500
chr17	9530000	9535000	35.93137376644859	9532500
chr17	9535000	9540000	35.077150395192	9537500
chr17	9540000	9545000	34.78545825856795	9542500
chr17	9545000	9550000	33.9943542563052	9547500
chr17	9550000	9555000	35.813397657667984	9552500
chr17	9555000	9560000	35.50326020651116	9557500
chr17	9560000	9565000	35.01847805641157	9562500
chr17	9565000	9570000	34.15909953913291	9567500
chr17	9570000	9575000	34.96876464821455	9572500
chr17	9575000	9580000	34.919377365521655	9577500
chr17	9580000	9585000	34.714741517463644	9582500
chr17	9585000	9590000	35.02181757307885	9587500
chr17	9590000	9595000	34.76929999419688	9592500
chr17	9595000	9600000	34.487174854889886	9597500
chr17	9600000	9605000	35.027918229067396	9602500
chr17	9605000	9610000	35.07888059995433	9607500
chr17	9610000	9615000	35.32554300857636	9612500
chr17	9615000	9620000	34.997096872482686	9617500
chr17	9620000	9625000	52.510314304785275	9622500
chr17	9625000	9630000	66.67710791014991	9627500
chr17	9630000	9635000	52.63327293677056	9632500
chr17	9635000	9640000	45.64789000187134	9637500
chr17	9640000	9645000	40.77557265925535	9642500
chr17	9645000	9650000	29.982565050208343	9647500
chr17	9650000	9655000	34.346378153485574	9652500
chr17	9655000	9660000	35.70737718994868	9657500
chr17	9660000	9665000	29.338356166947463	9662500
chr17	9665000	9670000	23.039606624774702	9667500
chr17	9670000	9675000	16.48946077246916	9672500
chr17	9675000	9680000	13.852324770081086	9677500
chr17	9680000	9685000	8.307104769103654	9682500
chr17	9685000	9690000	11.206902216711933	9687500
chr17	9690000	9695000	15.875768032098112	9692500
chr17	9695000	9700000	16.54100534972909	9697500
chr17	9700000	9705000	49.29109370775306	9702500
chr17	9705000	9710000	41.3937797618796	9707500
chr17	9710000	9715000	43.914785416098105	9712500
chr17	9715000	9720000	36.81689324566926	9717500
chr17	9720000	9725000	46.38684085270112	9722500
chr17	9725000	9730000	51.466484981980656	9727500
chr17	9730000	9735000	47.470750404163184	9732500
chr17	9735000	9740000	58.2159005220263	9737500
chr17	9740000	9745000	59.83211111837635	9742500
chr17	9745000	9750000	57.21288471199336	9747500
chr17	9750000	9755000	52.36273558921213	9752500
chr17	9755000	9760000	39.789322259128774	9757500
chr17	9760000	9765000	43.85513417275794	9762500
chr17	9765000	9770000	36.47455058303787	9767500
chr17	9770000	9775000	46.905427721040795	9772500
chr17	9775000	9780000	49.78306812639604	9777500
chr17	9780000	9785000	28.39984783197179	9782500
chr17	9785000	9790000	24.602108510435098	9787500
chr17	9790000	9795000	19.15930975486174	9792500
chr17	9795000	9800000	15.993550246240062	9797500
chr17	9800000	9805000	16.325961094416503	9802500
chr17	9805000	9810000	44.868052801866504	9807500
chr17	9810000	9815000	37.51912757103966	9812500
chr17	9815000	9820000	25.549807984728613	9817500
chr17	9820000	9825000	20.2741926977303	9822500
chr17	9825000	9830000	27.084903030283545	9827500
chr17	9830000	9835000	22.951631896726703	9832500
chr17	9835000	9840000	13.115528747949165	9837500
chr17	9840000	9845000	25.556153702713885	9842500
chr17	9845000	9850000	29.33830494832019	9847500
chr17	9850000	9855000	43.29613471265896	9852500
chr17	9855000	9860000	26.351428045191525	9857500
chr17	9860000	9865000	36.41652073126224	9862500
chr17	9865000	9870000	45.11720408666413	9867500
chr17	9870000	9875000	37.470157353031105	9872500
chr17	9875000	9880000	29.264477421953853	9877500
chr17	9880000	9885000	29.449500477047646	9882500
chr17	9885000	9890000	13.209939221777336	9887500
chr17	9890000	9895000	32.30034955640579	9892500
chr17	9895000	9900000	21.569914541313704	9897500
chr17	9900000	9905000	20.835624566168796	9902500
chr17	9905000	9910000	18.073731630198832	9907500
chr17	9910000	9915000	16.246157420887656	9912500
chr17	9915000	9920000	16.659987639994092	9917500
chr17	9920000	9925000	34.15737553932153	9922500
chr17	9925000	9930000	28.585274638535534	9927500
chr17	9930000	9935000	23.38769440714149	9932500
chr17	9935000	9940000	19.94240916696743	9937500
chr17	9940000	9945000	40.62425867103418	9942500
chr17	9945000	9950000	32.728386737071574	9947500
chr17	9950000	9955000	29.749322199958208	9952500
chr17	9955000	9960000	32.48821185485877	9957500
chr17	9960000	9965000	25.200866985883046	9962500
chr17	9965000	9970000	20.25751777527799	9967500
chr17	9970000	9975000	21.52397664052608	9972500
chr17	9975000	9980000	46.72549490141158	9977500
chr17	9980000	9985000	83.63027218077478	9982500
chr17	9985000	9990000	49.58630205945654	9987500
chr17	9990000	9995000	39.313307467078054	9992500
chr17	9995000	10000000	19.072142706932087	9997500
chr17	10000000	10005000	18.05548034801767	10002500
chr17	10005000	10010000	10.976202156026686	10007500
chr17	10010000	10015000	18.906526230326982	10012500
chr17	10015000	10020000	17.184532307273184	10017500
chr17	10020000	10025000	30.72914316128923	10022500
chr17	10025000	10030000	31.305606314249477	10027500
chr17	10030000	10035000	29.184136700211862	10032500
chr17	10035000	10040000	32.164664074223886	10037500
chr17	10040000	10045000	49.74434692726555	10042500
chr17	10045000	10050000	27.692163755130185	10047500
chr17	10050000	10055000	25.610622472348947	10052500
chr17	10055000	10060000	37.62717240727403	10057500
chr17	10060000	10065000	41.286288030610045	10062500
chr17	10065000	10070000	27.287683078636658	10067500
chr17	10070000	10075000	51.24650581860033	10072500
chr17	10075000	10080000	32.80212127204749	10077500
chr17	10080000	10085000	29.12024286543796	10082500
chr17	10085000	10090000	26.272098384374925	10087500
chr17	10090000	10095000	19.16270914464998	10092500
chr17	10095000	10100000	14.686631343548466	10097500
chr17	10100000	10105000	21.573505592604846	10102500
chr17	10105000	10110000	17.284152211974224	10107500
chr17	10110000	10115000	29.334413417045443	10112500
chr17	10115000	10120000	47.7143346462228	10117500
chr17	10120000	10125000	25.019249054590272	10122500
chr17	10125000	10130000	22.99718331481735	10127500
chr17	10130000	10135000	23.795577931646527	10132500
chr17	10135000	10140000	28.996722218769342	10137500
chr17	10140000	10145000	22.53571466362387	10142500
chr17	10145000	10150000	18.415516850141973	10147500
chr17	10150000	10155000	20.58590532819231	10152500
chr17	10155000	10160000	55.41687785003814	10157500
chr17	10160000	10165000	26.728687184629738	10162500
chr17	10165000	10170000	16.72624664188942	10167500
chr17	10170000	10175000	48.35662380840826	10172500
chr17	10175000	10180000	16.13730828422623	10177500
chr17	10180000	10185000	20.04536719769845	10182500
chr17	10185000	10190000	23.8398189244918	10187500
chr17	10190000	10195000	39.73699410650904	10192500
chr17	10195000	10200000	26.564432004745104	10197500
chr17	10200000	10205000	38.05405967043655	10202500
chr17	10205000	10210000	39.29881340593376	10207500
chr17	10210000	10215000	22.166501787919405	10212500
chr17	10215000	10220000	29.847591961978004	10217500
chr17	10220000	10225000	21.91796034718206	10222500
chr17	10225000	10230000	27.006211722270606	10227500
chr17	10230000	10235000	33.785346925799224	10232500
chr17	10235000	10240000	42.42629014436875	10237500
chr17	10240000	10245000	33.37452615041522	10242500
chr17	10245000	10250000	35.67879391356242	10247500
chr17	10250000	10255000	38.382998772453604	10252500
chr17	10255000	10260000	34.108518109683835	10257500
chr17	10260000	10265000	26.308927608868533	10262500
chr17	10265000	10270000	45.6061075464911	10267500
chr17	10270000	10275000	26.744044869136992	10272500
chr17	10275000	10280000	22.94213560683009	10277500
chr17	10280000	10285000	39.02594050705284	10282500
chr17	10285000	10290000	29.50158691346041	10287500
chr17	10290000	10295000	24.50439779934418	10292500
chr17	10295000	10300000	13.613261785466197	10297500
chr17	10300000	10305000	25.982228785681215	10302500
chr17	10305000	10310000	19.001636451577095	10307500
chr17	10310000	10315000	24.411336358723958	10312500
chr17	10315000	10320000	30.312244610256844	10317500
chr17	10320000	10325000	16.146195292520375	10322500
chr17	10325000	10330000	15.622175437805193	10327500
chr17	10330000	10335000	15.493058876178734	10332500
chr17	10335000	10340000	20.412567295342356	10337500
chr17	10340000	10345000	17.994471189675735	10342500
chr17	10345000	10350000	18.6222838293018	10347500
chr17	10350000	10355000	16.78237054302243	10352500
chr17	10355000	10360000	16.488947835895697	10357500
chr17	10360000	10365000	17.733257401424	10362500
chr17	10365000	10370000	18.11497467501563	10367500
chr17	10370000	10375000	16.265740795737077	10372500
chr17	10375000	10380000	16.12929651437356	10377500
chr17	10380000	10385000	13.901136748203573	10382500
chr17	10385000	10390000	15.375580083143637	10387500
chr17	10390000	10395000	18.79802103038868	10392500
chr17	10395000	10400000	17.775393217657783	10397500
chr17	10400000	10405000	18.27677340179498	10402500
chr17	10405000	10410000	19.38438941388053	10407500
chr17	10410000	10415000	19.87795460001032	10412500
chr17	10415000	10420000	16.11242150351404	10417500
chr17	10420000	10425000	21.05220601555385	10422500
chr17	10425000	10430000	14.317859450672438	10427500
chr17	10430000	10435000	11.918703013653419	10432500
chr17	10435000	10440000	18.355581663123978	10437500
chr17	10440000	10445000	30.39404757098034	10442500
chr17	10445000	10450000	14.011278580511293	10447500
chr17	10450000	10455000	22.679509407409014	10452500
chr17	10455000	10460000	18.99922562784799	10457500
chr17	10460000	10465000	15.628153274989812	10462500
chr17	10465000	10470000	13.526496270219328	10467500
chr17	10470000	10475000	25.7157233538243	10472500
chr17	10475000	10480000	43.892445993435416	10477500
chr17	10480000	10485000	18.399447515247395	10482500
chr17	10485000	10490000	11.838603426997432	10487500
chr17	10490000	10495000	8.935500123306529	10492500
chr17	10495000	10500000	15.517243881886868	10497500
chr17	10500000	10505000	30.417046615398117	10502500
chr17	10505000	10510000	24.87896495386225	10507500
chr17	10510000	10515000	20.491795334427156	10512500
chr17	10515000	10520000	20.96991348341306	10517500
chr17	10520000	10525000	32.808178761432906	10522500
chr17	10525000	10530000	22.17278672762216	10527500
chr17	10530000	10535000	28.109725507054776	10532500
chr17	10535000	10540000	16.97202437341976	10537500
chr17	10540000	10545000	25.034834623265933	10542500
chr17	10545000	10550000	26.762992499644252	10547500
chr17	10550000	10555000	9.939896028820026	10552500
chr17	10555000	10560000	16.62066715581477	10557500
chr17	10560000	10565000	18.858432333878234	10562500
chr17	10565000	10570000	34.3079247581694	10567500
chr17	10570000	10575000	35.363297989653915	10572500
chr17	10575000	10580000	45.643724156363646	10577500
chr17	10580000	10585000	37.020207696269765	10582500
chr17	10585000	10590000	51.400659148310616	10587500
chr17	10590000	10595000	36.45535458334038	10592500
chr17	10595000	10600000	53.84038351530357	10597500
chr17	10600000	10605000	27.87395579512094	10602500
chr17	10605000	10610000	27.496156277162726	10607500
chr17	10610000	10615000	23.62675093177126	10612500
chr17	10615000	10620000	31.090080373288405	10617500
chr17	10620000	10625000	25.214551553464453	10622500
chr17	10625000	10630000	22.197614276668773	10627500
chr17	10630000	10635000	25.487972259982833	10632500
chr17	10635000	10640000	22.261090765411197	10637500
chr17	10640000	10645000	24.694154554207202	10642500
chr17	10645000	10650000	27.25620337957404	10647500
chr17	10650000	10655000	24.16327450358654	10652500
chr17	10655000	10660000	35.14794107023319	10657500
chr17	10660000	10665000	35.38309056192881	10662500
chr17	10665000	10670000	32.92162211595293	10667500
chr17	10670000	10675000	35.092508646738	10672500
chr17	10675000	10680000	31.119441204337427	10677500
chr17	10680000	10685000	24.428802921619543	10682500
chr17	10685000	10690000	34.81990997329788	10687500
chr17	10690000	10695000	22.834953364409593	10692500
chr17	10695000	10700000	20.78517183349135	10697500
chr17	10700000	10705000	18.768904278852418	10702500
chr17	10705000	10710000	22.749286178641512	10707500
chr17	10710000	10715000	20.354448633029826	10712500
chr17	10715000	10720000	12.062648537958712	10717500
chr17	10720000	10725000	13.306002730779394	10722500
chr17	10725000	10730000	17.5995174048177	10727500
chr17	10730000	10735000	18.290913297871874	10732500
chr17	10735000	10740000	16.428151748526062	10737500
chr17	10740000	10745000	22.179432951513004	10742500
chr17	10745000	10750000	26.523163175271566	10747500
chr17	10750000	10755000	26.829869532114557	10752500
chr17	10755000	10760000	22.835354910068506	10757500
chr17	10760000	10765000	17.529277938573387	10762500
chr17	10765000	10770000	18.783915457551632	10767500
chr17	10770000	10775000	17.635967695936944	10772500
chr17	10775000	10780000	29.26936427296194	10777500
chr17	10780000	10785000	36.03179206359463	10782500
chr17	10785000	10790000	18.27162606068665	10787500
chr17	10790000	10795000	20.330761103620766	10792500
chr17	10795000	10800000	14.132112093585656	10797500
chr17	10800000	10805000	11.92581669554433	10802500
chr17	10805000	10810000	18.889858494748736	10807500
chr17	10810000	10815000	21.970868258001502	10812500
chr17	10815000	10820000	27.519062112913943	10817500
chr17	10820000	10825000	11.617909831201708	10822500
chr17	10825000	10830000	13.53882066465	10827500
chr17	10830000	10835000	11.490464221550374	10832500
chr17	10835000	10840000	15.36133790174803	10837500
chr17	10840000	10845000	15.295821109411772	10842500
chr17	10845000	10850000	27.08828330698487	10847500
chr17	10850000	10855000	16.24389842943096	10852500
chr17	10855000	10860000	16.46906620163413	10857500
chr17	10860000	10865000	14.816497452060812	10862500
chr17	10865000	10870000	15.473869496537507	10867500
chr17	10870000	10875000	20.39865123452268	10872500
chr17	10875000	10880000	10.307637376612929	10877500
chr17	10880000	10885000	15.504032046066975	10882500
chr17	10885000	10890000	13.664333973829875	10887500
chr17	10890000	10895000	14.691932625109196	10892500
chr17	10895000	10900000	16.086315442057508	10897500
chr17	10900000	10905000	16.124996660247877	10902500
chr17	10905000	10910000	17.099657870973072	10907500
chr17	10910000	10915000	19.302972023090913	10912500
chr17	10915000	10920000	20.577654122054433	10917500
chr17	10920000	10925000	28.780796974317315	10922500
chr17	10925000	10930000	16.82304825877401	10927500
chr17	10930000	10935000	25.01419816469174	10932500
chr17	10935000	10940000	24.42787591641945	10937500
chr17	10940000	10945000	16.863642010657628	10942500
chr17	10945000	10950000	17.568773641332616	10947500
chr17	10950000	10955000	14.660525744367458	10952500
chr17	10955000	10960000	15.722813093156637	10957500
chr17	10960000	10965000	18.502871436353846	10962500
chr17	10965000	10970000	20.594032344791923	10967500
chr17	10970000	10975000	30.661362165564867	10972500
chr17	10975000	10980000	33.9253897938885	10977500
chr17	10980000	10985000	23.955481216489435	10982500
chr17	10985000	10990000	34.95445414661812	10987500
chr17	10990000	10995000	31.02086784760603	10992500
chr17	10995000	11000000	21.86227996354165	10997500
chr17	11000000	11005000	34.698530144098704	11002500
chr17	11005000	11010000	35.03490996013069	11007500
chr17	11010000	11015000	55.31153285297832	11012500
chr17	11015000	11020000	21.29452604874781	11017500
chr17	11020000	11025000	16.063136509094615	11022500
chr17	11025000	11030000	19.00597974192595	11027500
chr17	11030000	11035000	21.516696395798352	11032500
chr17	11035000	11040000	26.314378827061045	11037500
chr17	11040000	11045000	23.558627910392325	11042500
chr17	11045000	11050000	20.392683569844397	11047500
chr17	11050000	11055000	18.432157631603513	11052500
chr17	11055000	11060000	17.49094699134442	11057500
chr17	11060000	11065000	21.975825613749535	11062500
chr17	11065000	11070000	22.15010251749979	11067500
chr17	11070000	11075000	23.169732569055505	11072500
chr17	11075000	11080000	21.968977817760962	11077500
chr17	11080000	11085000	22.86559686899352	11082500
chr17	11085000	11090000	20.028841588462164	11087500
chr17	11090000	11095000	23.411831498624586	11092500
chr17	11095000	11100000	23.411831498624547	11097500
chr17	11100000	11105000	21.573859275536112	11102500
chr17	11105000	11110000	25.804883782837837	11107500
chr17	11110000	11115000	18.700995011588866	11112500
chr17	11115000	11120000	21.314418305344013	11117500
chr17	11120000	11125000	20.046317565053993	11122500
chr17	11125000	11130000	48.258060806308194	11127500
chr17	11130000	11135000	31.313608671407138	11132500
chr17	11135000	11140000	28.596148366192068	11137500
chr17	11140000	11145000	24.143138912065087	11142500
chr17	11145000	11150000	15.576124990450673	11147500
chr17	11150000	11155000	14.090310046807533	11152500
chr17	11155000	11160000	19.984062624319176	11157500
chr17	11160000	11165000	16.191149019047852	11162500
chr17	11165000	11170000	11.413949904929154	11167500
chr17	11170000	11175000	13.211058917106872	11172500
chr17	11175000	11180000	8.03655322591325	11177500
chr17	11180000	11185000	12.252141304003064	11182500
chr17	11185000	11190000	13.833821566029247	11187500
chr17	11190000	11195000	13.709791177901712	11192500
chr17	11195000	11200000	16.850203000381814	11197500
chr17	11200000	11205000	15.103445713951396	11202500
chr17	11205000	11210000	11.925704979537429	11207500
chr17	11210000	11215000	15.902015478402104	11212500
chr17	11215000	11220000	15.561508584755513	11217500
chr17	11220000	11225000	21.461798941043238	11222500
chr17	11225000	11230000	20.823704835531228	11227500
chr17	11230000	11235000	19.81077710107496	11232500
chr17	11235000	11240000	15.238186069886133	11237500
chr17	11240000	11245000	16.79619169095777	11242500
chr17	11245000	11250000	26.782604070640172	11247500
chr17	11250000	11255000	22.119140257775648	11252500
chr17	11255000	11260000	23.704693169140715	11257500
chr17	11260000	11265000	18.435171960776596	11262500
chr17	11265000	11270000	16.531195164288203	11267500
chr17	11270000	11275000	14.453909672043036	11272500
chr17	11275000	11280000	32.54375362675902	11277500
chr17	11280000	11285000	36.0057265724319	11282500
chr17	11285000	11290000	20.892535957877726	11287500
chr17	11290000	11295000	26.52967757730574	11292500
chr17	11295000	11300000	14.73123069616693	11297500
chr17	11300000	11305000	31.344215000810955	11302500
chr17	11305000	11310000	20.462780823493773	11307500
chr17	11310000	11315000	6.598845385866892	11312500
chr17	11315000	11320000	9.021322381554837	11317500
chr17	11320000	11325000	15.968980506225716	11322500
chr17	11325000	11330000	26.570253583856072	11327500
chr17	11330000	11335000	21.20384284804425	11332500
chr17	11335000	11340000	26.510812257486226	11337500
chr17	11340000	11345000	19.85361274662433	11342500
chr17	11345000	11350000	21.01820239118947	11347500
chr17	11350000	11355000	21.499817068967946	11352500
chr17	11355000	11360000	24.54982941891947	11357500
chr17	11360000	11365000	20.753810325304368	11362500
chr17	11365000	11370000	23.993603226586107	11367500
chr17	11370000	11375000	24.5609642446918	11372500
chr17	11375000	11380000	24.5028399425682	11377500
chr17	11380000	11385000	23.29278238686057	11382500
chr17	11385000	11390000	24.587069248145912	11387500
chr17	11390000	11395000	22.30246856111041	11392500
chr17	11395000	11400000	22.215957256534896	11397500
chr17	11400000	11405000	26.10508657940304	11402500
chr17	11405000	11410000	24.78367165638616	11407500
chr17	11410000	11415000	22.10847898473322	11412500
chr17	11415000	11420000	25.27406927459392	11417500
chr17	11420000	11425000	23.504624304913236	11422500
chr17	11425000	11430000	25.168450430973202	11427500
chr17	11430000	11435000	31.25328645985485	11432500
chr17	11435000	11440000	24.997593213950847	11437500
chr17	11440000	11445000	27.331651932998714	11442500
chr17	11445000	11450000	26.549079448844218	11447500
chr17	11450000	11455000	26.19703475285818	11452500
chr17	11455000	11460000	25.772717301490186	11457500
chr17	11460000	11465000	25.2937884416953	11462500
chr17	11465000	11470000	28.941219129090094	11467500
chr17	11470000	11475000	29.030964177601778	11472500
chr17	11475000	11480000	26.12131034393016	11477500
chr17	11480000	11485000	29.008552067144098	11482500
chr17	11485000	11490000	26.97139361342159	11487500
chr17	11490000	11495000	23.655092106794537	11492500
chr17	11495000	11500000	24.964678665377505	11497500
chr17	11500000	11505000	25.812628266864337	11502500
chr17	11505000	11510000	28.892988363682843	11507500
chr17	11510000	11515000	26.522989625838814	11512500
chr17	11515000	11520000	30.505735652142775	11517500
chr17	11520000	11525000	15.81692917550955	11522500
chr17	11525000	11530000	21.64248535538906	11527500
chr17	11530000	11535000	25.44723519155959	11532500
chr17	11535000	11540000	10.605315610324968	11537500
chr17	11540000	11545000	8.410105699489966	11542500
chr17	11545000	11550000	10.558721880215773	11547500
chr17	11550000	11555000	19.77270375423975	11552500
chr17	11555000	11560000	15.210126175100239	11557500
chr17	11560000	11565000	30.6333341713409	11562500
chr17	11565000	11570000	19.566701099344684	11567500
chr17	11570000	11575000	17.898741661586108	11572500
chr17	11575000	11580000	26.242357397132796	11577500
chr17	11580000	11585000	28.66465894213326	11582500
chr17	11585000	11590000	26.10905651173738	11587500
chr17	11590000	11595000	25.976503489234563	11592500
chr17	11595000	11600000	22.318846098472363	11597500
chr17	11600000	11605000	28.26792128688669	11602500
chr17	11605000	11610000	31.389788424355892	11607500
chr17	11610000	11615000	35.11660884053949	11612500
chr17	11615000	11620000	31.818427331385806	11617500
chr17	11620000	11625000	42.153189162554106	11622500
chr17	11625000	11630000	36.468555012356816	11627500
chr17	11630000	11635000	30.027509987181666	11632500
chr17	11635000	11640000	32.36438418536163	11637500
chr17	11640000	11645000	36.08954863915467	11642500
chr17	11645000	11650000	32.68779472390314	11647500
chr17	11650000	11655000	25.981814179514625	11652500
chr17	11655000	11660000	32.434417548677644	11657500
chr17	11660000	11665000	32.53293786017401	11662500
chr17	11665000	11670000	35.365116596606455	11667500
chr17	11670000	11675000	35.73706430466714	11672500
chr17	11675000	11680000	36.736069766358895	11677500
chr17	11680000	11685000	37.17644642080754	11682500
chr17	11685000	11690000	37.51419729292199	11687500
chr17	11690000	11695000	38.000199651113114	11692500
chr17	11695000	11700000	65.76376818788873	11697500
chr17	11700000	11705000	23.059616858285672	11702500
chr17	11705000	11710000	24.715340215444666	11707500
chr17	11710000	11715000	36.3481254090884	11712500
chr17	11715000	11720000	35.47798167781012	11717500
chr17	11720000	11725000	53.610293810796726	11722500
chr17	11725000	11730000	70.50156053456611	11727500
chr17	11730000	11735000	55.82165753118716	11732500
chr17	11735000	11740000	66.72684707418419	11737500
chr17	11740000	11745000	107.67258551049186	11742500
chr17	11745000	11750000	101.23728605755386	11747500
chr17	11750000	11755000	47.38403580165194	11752500
chr17	11755000	11760000	30.43945421650724	11757500
chr17	11760000	11765000	36.18980060011695	11762500
chr17	11765000	11770000	31.032509894424166	11767500
chr17	11770000	11775000	23.758818544991676	11772500
chr17	11775000	11780000	44.21412714145423	11777500
chr17	11780000	11785000	65.06885206889106	11782500
chr17	11785000	11790000	48.30055430771862	11787500
chr17	11790000	11795000	25.796032014013882	11792500
chr17	11795000	11800000	30.53830109399471	11797500
chr17	11800000	11805000	34.70792288304415	11802500
chr17	11805000	11810000	37.38399505089743	11807500
chr17	11810000	11815000	24.41378853472204	11812500
chr17	11815000	11820000	26.87501700844678	11817500
chr17	11820000	11825000	29.123225859816024	11822500
chr17	11825000	11830000	54.17207661180587	11827500
chr17	11830000	11835000	63.15212347350113	11832500
chr17	11835000	11840000	96.60767685981548	11837500
chr17	11840000	11845000	39.476706924644546	11842500
chr17	11845000	11850000	29.024965847873663	11847500
chr17	11850000	11855000	32.16414334982137	11852500
chr17	11855000	11860000	39.749435108213575	11857500
chr17	11860000	11865000	39.90666774201495	11862500
chr17	11865000	11870000	38.38390716232784	11867500
chr17	11870000	11875000	20.835566521712508	11872500
chr17	11875000	11880000	15.805905468697398	11877500
chr17	11880000	11885000	17.68260623637286	11882500
chr17	11885000	11890000	21.764091200809222	11887500
chr17	11890000	11895000	13.103600401205824	11892500
chr17	11895000	11900000	15.306029678611699	11897500
chr17	11900000	11905000	24.494407946706065	11902500
chr17	11905000	11910000	18.52824283458244	11907500
chr17	11910000	11915000	16.91124459076857	11912500
chr17	11915000	11920000	24.944937382338203	11917500
chr17	11920000	11925000	25.812890997178023	11922500
chr17	11925000	11930000	25.966347001406383	11927500
chr17	11930000	11935000	20.101640418292707	11932500
chr17	11935000	11940000	19.740122079503195	11937500
chr17	11940000	11945000	18.250409451563335	11942500
chr17	11945000	11950000	53.728254754673245	11947500
chr17	11950000	11955000	61.16434825477776	11952500
chr17	11955000	11960000	78.70574569186742	11957500
chr17	11960000	11965000	51.898054934632476	11962500
chr17	11965000	11970000	39.55187925217729	11967500
chr17	11970000	11975000	38.989234062795774	11972500
chr17	11975000	11980000	41.339306803659376	11977500
chr17	11980000	11985000	41.264053827049	11982500
chr17	11985000	11990000	39.69778037680805	11987500
chr17	11990000	11995000	42.57529517260168	11992500
chr17	11995000	12000000	39.213767243663035	11997500
chr17	12000000	12005000	35.46804615834424	12002500
chr17	12005000	12010000	45.630251857752505	12007500
chr17	12010000	12015000	40.17378425761755	12012500
chr17	12015000	12020000	45.31395274804479	12017500
chr17	12020000	12025000	33.1997591443962	12022500
chr17	12025000	12030000	39.789237385646395	12027500
chr17	12030000	12035000	40.56756817744011	12032500
chr17	12035000	12040000	34.86631797606532	12037500
chr17	12040000	12045000	32.937006164560266	12042500
chr17	12045000	12050000	53.63381559527977	12047500
chr17	12050000	12055000	61.061884985960674	12052500
chr17	12055000	12060000	61.06188498596066	12057500
chr17	12060000	12065000	61.06188498596068	12062500
chr17	12065000	12070000	61.061884985960695	12067500
chr17	12070000	12075000	61.06188498596066	12072500
chr17	12075000	12080000	61.061884985960695	12077500
chr17	12080000	12085000	61.061884985960674	12082500
chr17	12085000	12090000	61.061884985960646	12087500
chr17	12090000	12095000	61.06188498596068	12092500
chr17	12095000	12100000	61.06188498596066	12097500
chr17	12100000	12105000	61.06188498596063	12102500
chr17	12105000	12110000	61.061884985960674	12107500
chr17	12110000	12115000	61.061884985960695	12112500
chr17	12115000	12120000	61.06188498596066	12117500
chr17	12120000	12125000	61.06188498596074	12122500
chr17	12125000	12130000	61.06188498596071	12127500
chr17	12130000	12135000	61.5476770888766	12132500
chr17	12135000	12140000	66.99400321809726	12137500
chr17	12140000	12145000	64.33499350237521	12142500
chr17	12145000	12150000	65.50844231095083	12147500
chr17	12150000	12155000	65.36820360470125	12152500
chr17	12155000	12160000	63.2530594291987	12157500
chr17	12160000	12165000	61.464969109598115	12162500
chr17	12165000	12170000	61.4649691095982	12167500
chr17	12170000	12175000	62.297107375269555	12172500
chr17	12175000	12180000	64.99839670988533	12177500
chr17	12180000	12185000	63.86562149836689	12182500
chr17	12185000	12190000	62.71437832665494	12187500
chr17	12190000	12195000	56.84315364730643	12192500
chr17	12195000	12200000	65.65845539737565	12197500
chr17	12200000	12205000	64.17978474228798	12202500
chr17	12205000	12210000	64.86708221002996	12207500
chr17	12210000	12215000	67.32832231428966	12212500
chr17	12215000	12220000	67.62595365804802	12217500
chr17	12220000	12225000	63.22319297279141	12222500
chr17	12225000	12230000	60.26357276520814	12227500
chr17	12230000	12235000	60.883973544258026	12232500
chr17	12235000	12240000	58.60226075923545	12237500
chr17	12240000	12245000	58.64690396994342	12242500
chr17	12245000	12250000	57.42852329531971	12247500
chr17	12250000	12255000	57.94617499091029	12252500
chr17	12255000	12260000	58.094083099917874	12257500
chr17	12260000	12265000	58.66178243837418	12262500
chr17	12265000	12270000	58.691366057256005	12267500
chr17	12270000	12275000	59.06600967652909	12272500
chr17	12275000	12280000	59.06527508569708	12277500
chr17	12280000	12285000	58.72533696171087	12282500
chr17	12285000	12290000	58.48051751784488	12287500
chr17	12290000	12295000	58.03187196234135	12292500
chr17	12295000	12300000	57.80232267454139	12297500
chr17	12300000	12305000	58.434854193200735	12302500
chr17	12305000	12310000	59.03678981058657	12307500
chr17	12310000	12315000	59.043427677947996	12312500
chr17	12315000	12320000	71.47910233062385	12317500
chr17	12320000	12325000	79.40623398862242	12322500
chr17	12325000	12330000	85.52341464634965	12327500
chr17	12330000	12335000	85.0401218841185	12332500
chr17	12335000	12340000	75.47008776996587	12337500
chr17	12340000	12345000	78.62459911483532	12342500
chr17	12345000	12350000	86.44812835887296	12347500
chr17	12350000	12355000	87.81257188849538	12352500
chr17	12355000	12360000	76.45294584958631	12357500
chr17	12360000	12365000	85.08164416153686	12362500
chr17	12365000	12370000	93.88624203507088	12367500
chr17	12370000	12375000	99.62233965959943	12372500
chr17	12375000	12380000	99.20220042113189	12377500
chr17	12380000	12385000	118.22065338775724	12382500
chr17	12385000	12390000	103.1669518682421	12387500
chr17	12390000	12395000	96.62379711849312	12392500
chr17	12395000	12400000	83.87787044254212	12397500
chr17	12400000	12405000	89.16370351033133	12402500
chr17	12405000	12410000	130.21751781105073	12407500
chr17	12410000	12415000	84.60335934911055	12412500
chr17	12415000	12420000	68.10488347175065	12417500
chr17	12420000	12425000	80.93594195049471	12422500
chr17	12425000	12430000	81.58884633435915	12427500
chr17	12430000	12435000	67.89737074254062	12432500
chr17	12435000	12440000	47.25922876919411	12437500
chr17	12440000	12445000	50.303049268460896	12442500
chr17	12445000	12450000	46.05829453712687	12447500
chr17	12450000	12455000	36.23963255336861	12452500
chr17	12455000	12460000	51.72218350096247	12457500
chr17	12460000	12465000	56.55678957430412	12462500
chr17	12465000	12470000	31.303290396157866	12467500
chr17	12470000	12475000	29.750198838618125	12472500
chr17	12475000	12480000	29.522369680194796	12477500
chr17	12480000	12485000	20.26789156237757	12482500
chr17	12485000	12490000	40.02753381558504	12487500
chr17	12490000	12495000	74.97246539526965	12492500
chr17	12495000	12500000	82.5288796214156	12497500
chr17	12500000	12505000	65.66035317119108	12502500
chr17	12505000	12510000	76.58376042268922	12507500
chr17	12510000	12515000	122.2603982403104	12512500
chr17	12515000	12520000	128.28861839427086	12517500
chr17	12520000	12525000	95.58624921589038	12522500
chr17	12525000	12530000	85.75444340608013	12527500
chr17	12530000	12535000	106.59203304001376	12532500
chr17	12535000	12540000	57.5454775316869	12537500
chr17	12540000	12545000	91.92731517729352	12542500
chr17	12545000	12550000	65.7774631354996	12547500
chr17	12550000	12555000	50.47600492475119	12552500
chr17	12555000	12560000	49.87583824133951	12557500
chr17	12560000	12565000	53.68825806983425	12562500
chr17	12565000	12570000	55.96476475160122	12567500
chr17	12570000	12575000	48.651522159229366	12572500
chr17	12575000	12580000	65.21506135360822	12577500
chr17	12580000	12585000	78.11114102728855	12582500
chr17	12585000	12590000	53.20303609764596	12587500
chr17	12590000	12595000	25.399899478160144	12592500
chr17	12595000	12600000	57.7789950248987	12597500
chr17	12600000	12605000	70.3464014727081	12602500
chr17	12605000	12610000	77.4424629035375	12607500
chr17	12610000	12615000	113.19240754723863	12612500
chr17	12615000	12620000	102.79435209378742	12617500
chr17	12620000	12625000	77.24273391011079	12622500
chr17	12625000	12630000	69.27707408701008	12627500
chr17	12630000	12635000	62.93736315092425	12632500
chr17	12635000	12640000	52.28269003369722	12637500
chr17	12640000	12645000	59.33066357820627	12642500
chr17	12645000	12650000	53.588253301094824	12647500
chr17	12650000	12655000	50.92670056717915	12652500
chr17	12655000	12660000	52.676296839012466	12657500
chr17	12660000	12665000	47.39503943358875	12662500
chr17	12665000	12670000	46.91711262240881	12667500
chr17	12670000	12675000	47.70719004111083	12672500
chr17	12675000	12680000	47.76113627328433	12677500
chr17	12680000	12685000	51.842615798893924	12682500
chr17	12685000	12690000	53.88301517331879	12687500
chr17	12690000	12695000	50.26737385650939	12692500
chr17	12695000	12700000	41.571867150289265	12697500
chr17	12700000	12705000	41.39805678986684	12702500
chr17	12705000	12710000	51.435639507941154	12707500
chr17	12710000	12715000	54.493205532477376	12712500
chr17	12715000	12720000	51.56098913316091	12717500
chr17	12720000	12725000	51.045001559959694	12722500
chr17	12725000	12730000	52.19089541986913	12727500
chr17	12730000	12735000	53.68453068058736	12732500
chr17	12735000	12740000	52.0196557320281	12737500
chr17	12740000	12745000	52.77274083626446	12742500
chr17	12745000	12750000	48.72397568658926	12747500
chr17	12750000	12755000	54.48526520568366	12752500
chr17	12755000	12760000	54.843651917813645	12757500
chr17	12760000	12765000	50.729051818172564	12762500
chr17	12765000	12770000	53.011166721957615	12767500
chr17	12770000	12775000	52.29708279316554	12772500
chr17	12775000	12780000	51.321046378506175	12777500
chr17	12780000	12785000	50.387769869815365	12782500
chr17	12785000	12790000	53.83850464526109	12787500
chr17	12790000	12795000	62.68050209140299	12792500
chr17	12795000	12800000	79.27424160712742	12797500
chr17	12800000	12805000	71.4044009549099	12802500
chr17	12805000	12810000	50.256189821934434	12807500
chr17	12810000	12815000	48.76295766130161	12812500
chr17	12815000	12820000	89.87745763213448	12817500
chr17	12820000	12825000	50.82018504142928	12822500
chr17	12825000	12830000	54.67892665352281	12827500
chr17	12830000	12835000	47.145386228410004	12832500
chr17	12835000	12840000	75.64178236451129	12837500
chr17	12840000	12845000	82.95726936507793	12842500
chr17	12845000	12850000	89.87683512902754	12847500
chr17	12850000	12855000	110.04114558872351	12852500
chr17	12855000	12860000	82.95116433313616	12857500
chr17	12860000	12865000	80.92962404576242	12862500
chr17	12865000	12870000	72.23810845795016	12867500
chr17	12870000	12875000	73.17606437540813	12872500
chr17	12875000	12880000	75.2481761979462	12877500
chr17	12880000	12885000	71.16690803008012	12882500
chr17	12885000	12890000	78.92287864313175	12887500
chr17	12890000	12895000	75.88295021520912	12892500
chr17	12895000	12900000	72.84408809657715	12897500
chr17	12900000	12905000	70.67218705132065	12902500
chr17	12905000	12910000	59.93710706679787	12907500
chr17	12910000	12915000	62.08236358628449	12912500
chr17	12915000	12920000	70.51078533892239	12917500
chr17	12920000	12925000	63.08682852936393	12922500
chr17	12925000	12930000	56.34771004070071	12927500
chr17	12930000	12935000	53.102905509159996	12932500
chr17	12935000	12940000	61.12322761024244	12937500
chr17	12940000	12945000	53.87259220241431	12942500
chr17	12945000	12950000	48.251503849828424	12947500
chr17	12950000	12955000	46.274980197433386	12952500
chr17	12955000	12960000	48.84473325787904	12957500
chr17	12960000	12965000	57.158181732986364	12962500
chr17	12965000	12970000	59.492935460771506	12967500
chr17	12970000	12975000	56.00184929283212	12972500
chr17	12975000	12980000	53.41590438834276	12977500
chr17	12980000	12985000	61.547272245593135	12982500
chr17	12985000	12990000	58.76959112629038	12987500
chr17	12990000	12995000	66.65769362446179	12992500
chr17	12995000	13000000	69.89224101390364	12997500
chr17	13000000	13005000	54.395012907669106	13002500
chr17	13005000	13010000	67.26035462849505	13007500
chr17	13010000	13015000	68.65666493996356	13012500
chr17	13015000	13020000	68.65666493996369	13017500
chr17	13020000	13025000	68.65666493996355	13022500
chr17	13025000	13030000	68.65666493996366	13027500
chr17	13030000	13035000	68.65666493996358	13032500
chr17	13035000	13040000	68.65666493996355	13037500
chr17	13040000	13045000	68.65666493996376	13042500
chr17	13045000	13050000	68.65666493996366	13047500
chr17	13050000	13055000	68.65666493996353	13052500
chr17	13055000	13060000	68.6566649399636	13057500
chr17	13060000	13065000	68.6566649399636	13062500
chr17	13065000	13070000	68.65666493996376	13067500
chr17	13070000	13075000	68.65666493996355	13072500
chr17	13075000	13080000	68.65666493996345	13077500
chr17	13080000	13085000	66.50437434355435	13082500
chr17	13085000	13090000	61.87934366359242	13087500
chr17	13090000	13095000	53.865407465360015	13092500
chr17	13095000	13100000	77.03825030043379	13097500
chr17	13100000	13105000	58.69799328177165	13102500
chr17	13105000	13110000	56.40339864942913	13107500
chr17	13110000	13115000	68.75669317948885	13112500
chr17	13115000	13120000	49.241108986753105	13117500
chr17	13120000	13125000	58.11652035931469	13122500
chr17	13125000	13130000	51.92801830682158	13127500
chr17	13130000	13135000	53.38806781744766	13132500
chr17	13135000	13140000	50.74302699829089	13137500
chr17	13140000	13145000	54.79118654088647	13142500
chr17	13145000	13150000	68.9594819476301	13147500
chr17	13150000	13155000	44.6880584492484	13152500
chr17	13155000	13160000	39.47020161360516	13157500
chr17	13160000	13165000	66.82530128919184	13162500
chr17	13165000	13170000	58.51556574071278	13167500
chr17	13170000	13175000	72.64827135351116	13172500
chr17	13175000	13180000	45.19203696901071	13177500
chr17	13180000	13185000	23.344959700193158	13182500
chr17	13185000	13190000	25.033141516840164	13187500
chr17	13190000	13195000	30.149647299201	13192500
chr17	13195000	13200000	44.56255570556464	13197500
chr17	13200000	13205000	27.04241181138698	13202500
chr17	13205000	13210000	24.717156629752868	13207500
chr17	13210000	13215000	58.150784855942774	13212500
chr17	13215000	13220000	47.714018575697025	13217500
chr17	13220000	13225000	39.81241921128873	13222500
chr17	13225000	13230000	45.618552333941224	13227500
chr17	13230000	13235000	74.31672571588818	13232500
chr17	13235000	13240000	56.945027832697676	13237500
chr17	13240000	13245000	51.13557679088862	13242500
chr17	13245000	13250000	59.58244030706518	13247500
chr17	13250000	13255000	52.443916600179676	13252500
chr17	13255000	13260000	47.385570580695614	13257500
chr17	13260000	13265000	45.83693426503407	13262500
chr17	13265000	13270000	49.50001872148457	13267500
chr17	13270000	13275000	53.402376998032715	13272500
chr17	13275000	13280000	47.58117295722263	13277500
chr17	13280000	13285000	41.89361513804594	13282500
chr17	13285000	13290000	43.696451637216384	13287500
chr17	13290000	13295000	52.64697991344044	13292500
chr17	13295000	13300000	49.1216444559985	13297500
chr17	13300000	13305000	46.03137744394356	13302500
chr17	13305000	13310000	48.35864681663724	13307500
chr17	13310000	13315000	36.040411558865806	13312500
chr17	13315000	13320000	34.76049304188506	13317500
chr17	13320000	13325000	42.121638727204	13322500
chr17	13325000	13330000	40.02495449618527	13327500
chr17	13330000	13335000	39.58552320356475	13332500
chr17	13335000	13340000	36.52913372069043	13337500
chr17	13340000	13345000	44.57438317003493	13342500
chr17	13345000	13350000	43.67876322712499	13347500
chr17	13350000	13355000	44.292228472253406	13352500
chr17	13355000	13360000	37.80743932464684	13357500
chr17	13360000	13365000	42.198839609972765	13362500
chr17	13365000	13370000	47.82633540068867	13367500
chr17	13370000	13375000	51.32727671703188	13372500
chr17	13375000	13380000	40.31882033601691	13377500
chr17	13380000	13385000	30.9041025767594	13382500
chr17	13385000	13390000	22.901208225719728	13387500
chr17	13390000	13395000	34.06179151145441	13392500
chr17	13395000	13400000	43.742185145452424	13397500
chr17	13400000	13405000	41.89794033535753	13402500
chr17	13405000	13410000	41.1080800695268	13407500
chr17	13410000	13415000	40.2078332290702	13412500
chr17	13415000	13420000	40.062499044256654	13417500
chr17	13420000	13425000	40.24138468363628	13422500
chr17	13425000	13430000	41.677496475782974	13427500
chr17	13430000	13435000	40.63710155080584	13432500
chr17	13435000	13440000	41.328315613979875	13437500
chr17	13440000	13445000	40.75278312921315	13442500
chr17	13445000	13450000	39.381060576723314	13447500
chr17	13450000	13455000	39.29862200580174	13452500
chr17	13455000	13460000	43.24074349694179	13457500
chr17	13460000	13465000	42.84763392629822	13462500
chr17	13465000	13470000	40.50699443773804	13467500
chr17	13470000	13475000	41.468811002881075	13472500
chr17	13475000	13480000	35.95029006118895	13477500
chr17	13480000	13485000	35.807509091914646	13482500
chr17	13485000	13490000	42.857254326699625	13487500
chr17	13490000	13495000	28.355828810335804	13492500
chr17	13495000	13500000	28.42864241682363	13497500
chr17	13500000	13505000	34.07753528809282	13502500
chr17	13505000	13510000	33.631790297477664	13507500
chr17	13510000	13515000	33.3316987985742	13512500
chr17	13515000	13520000	43.68432673989259	13517500
chr17	13520000	13525000	50.33508610452828	13522500
chr17	13525000	13530000	25.11796009094821	13527500
chr17	13530000	13535000	26.73634528385148	13532500
chr17	13535000	13540000	18.41972620391641	13537500
chr17	13540000	13545000	25.993906458736618	13542500
chr17	13545000	13550000	19.689864383315925	13547500
chr17	13550000	13555000	29.534309213615213	13552500
chr17	13555000	13560000	21.3322856359664	13557500
chr17	13560000	13565000	24.364855047505685	13562500
chr17	13565000	13570000	12.809370499701037	13567500
chr17	13570000	13575000	12.808817144263129	13572500
chr17	13575000	13580000	4.543968941130755	13577500
chr17	13580000	13585000	11.114790014130346	13582500
chr17	13585000	13590000	15.324611641682669	13587500
chr17	13590000	13595000	14.87035587123147	13592500
chr17	13605000	13610000	14.87035587123147	13607500
chr17	13620000	13625000	10.227500874186108	13622500
chr17	13625000	13630000	6.8176357284937135	13627500
chr17	13630000	13635000	13.536429376216876	13632500
chr17	13635000	13640000	15.1224729242892	13637500
chr17	13640000	13645000	20.13766195957682	13642500
chr17	13645000	13650000	21.164449429407583	13647500
chr17	13650000	13655000	13.159626384812375	13652500
chr17	13655000	13660000	27.154577855663174	13657500
chr17	13660000	13665000	31.646528603586347	13662500
chr17	13665000	13670000	26.953379552935072	13667500
chr17	13670000	13675000	22.72999939083211	13672500
chr17	13675000	13680000	29.843059291978665	13677500
chr17	13680000	13685000	28.679917096917393	13682500
chr17	13685000	13690000	36.160272519865124	13687500
chr17	13690000	13695000	41.33118049876022	13692500
chr17	13695000	13700000	20.537868102164264	13697500
chr17	13700000	13705000	23.59216931412185	13702500
chr17	13705000	13710000	17.399754290660983	13707500
chr17	13710000	13715000	11.545565833210034	13712500
chr17	13715000	13720000	6.1461172764502665	13717500
chr17	13720000	13725000	11.183410291906124	13722500
chr17	13725000	13730000	9.7840020410237	13727500
chr17	13730000	13735000	26.19527474724246	13732500
chr17	13735000	13740000	11.337720526979613	13737500
chr17	13740000	13745000	13.665918847029753	13742500
chr17	13745000	13750000	24.52870200006291	13747500
chr17	13750000	13755000	13.0670584667462	13752500
chr17	13755000	13760000	13.128955836525002	13757500
chr17	13760000	13765000	15.223758160604705	13762500
chr17	13765000	13770000	11.866135709087638	13767500
chr17	13770000	13775000	11.658292957592819	13772500
chr17	13775000	13780000	10.252928121110962	13777500
chr17	13780000	13785000	24.149953773705562	13782500
chr17	13785000	13790000	16.216923391424512	13787500
chr17	13790000	13795000	10.258585789431782	13792500
chr17	13795000	13800000	7.893721741513392	13797500
chr17	13800000	13805000	4.914041633843855	13802500
chr17	13805000	13810000	4.980973666543247	13807500
chr17	13810000	13815000	6.131255761922477	13812500
chr17	13815000	13820000	7.6592090818343035	13817500
chr17	13820000	13825000	8.36755652369734	13822500
chr17	13825000	13830000	6.96585204243455	13827500
chr17	13830000	13835000	5.944673455646237	13832500
chr17	13835000	13840000	5.117783695638705	13837500
chr17	13840000	13845000	8.22357613172903	13842500
chr17	13845000	13850000	7.567028221817715	13847500
chr17	13850000	13855000	2.8783079673383303	13852500
chr17	13855000	13860000	5.010403789027191	13857500
chr17	13860000	13865000	2.499887053248634	13862500
chr17	13865000	13870000	2.4329094667567177	13867500
chr17	13870000	13875000	3.812724760339309	13872500
chr17	13875000	13880000	2.48687728087409	13877500
chr17	13880000	13885000	1.8515870950779338	13882500
chr17	13885000	13890000	2.4733978253490463	13887500
chr17	13890000	13895000	1.1985154730265657	13892500
chr17	13895000	13900000	1.4863919766185136	13897500
chr17	13900000	13905000	0.7607014752989723	13902500
chr17	13905000	13910000	0.7867984537345084	13907500
chr17	13910000	13915000	0.4659067581826612	13912500
chr17	13915000	13920000	0.3465584706521714	13917500
chr17	13920000	13925000	0.2889748712155721	13922500
chr17	13925000	13930000	0.1468426090773417	13927500
chr17	13930000	13935000	0.1765461492381047	13932500
chr17	13935000	13940000	0.18394611061956567	13937500
chr17	13940000	13945000	0.121074258411624	13942500
chr17	13945000	13950000	0.16968366585027955	13947500
chr17	13950000	13955000	0.16633436767366758	13952500
chr17	13955000	13960000	0.14217101964130519	13957500
chr17	13960000	13965000	0.08529566222195784	13962500
chr17	13965000	13970000	0.0908468758468149	13967500
chr17	13970000	13975000	0.11087930123776117	13972500
chr17	13975000	13980000	0.08612642396605251	13977500
chr17	13980000	13985000	0.11382651425843132	13982500
chr17	13985000	13990000	0.10378991823680313	13987500
chr17	13990000	13995000	0.09911485954661824	13992500
chr17	13995000	14000000	0.06993534465183272	13997500
chr17	14000000	14005000	0.0748164107752905	14002500
chr17	14005000	14010000	0.05533042167937551	14007500
chr17	14010000	14015000	0.04195719906309199	14012500
chr17	14015000	14020000	0.04348701276437213	14017500
chr17	14020000	14025000	0.06511374922666813	14022500
chr17	14025000	14030000	0.07413462135651566	14027500
chr17	14030000	14035000	0.04952675349675289	14032500
chr17	14035000	14040000	0.07417438112652963	14037500
chr17	14040000	14045000	0.1553082100256341	14042500
chr17	14045000	14050000	0.056624165443098506	14047500
chr17	14050000	14055000	0.05327017078758459	14052500
chr17	14055000	14060000	0.04434155713042685	14057500
chr17	14060000	14065000	0.03042100994708203	14062500
chr17	14065000	14070000	0.040568429638509915	14067500
chr17	14070000	14075000	0.03377057090314362	14072500
chr17	14075000	14080000	0.02993537948048972	14077500
chr17	14080000	14085000	0.02993537948048972	14082500
chr17	14085000	14090000	0.034807738910374156	14087500
chr17	14090000	14095000	0.037870364837729945	14092500
chr17	14095000	14100000	0.04899055460832981	14097500
chr17	14100000	14105000	0.05162924546202463	14102500
chr17	14105000	14110000	0.051629245462024576	14107500
chr17	14110000	14115000	0.040224638814735994	14112500
chr17	14115000	14120000	0.031806952956022864	14117500
chr17	14120000	14125000	0.03544011443073635	14122500
chr17	14125000	14130000	0.058540312776694546	14127500
chr17	14130000	14135000	0.058186132886527735	14132500
chr17	14135000	14140000	0.060093364274355486	14137500
chr17	14140000	14145000	0.060885962239629644	14142500
chr17	14145000	14150000	0.06088596223962963	14147500
chr17	14150000	14155000	0.060885962239629644	14152500
chr17	14155000	14160000	0.07980534494788971	14157500
chr17	14160000	14165000	1.1927948997761062	14162500
chr17	14165000	14170000	1.8667524600764025	14167500
chr17	14170000	14175000	14.721491043398048	14172500
chr17	14175000	14180000	0.21401441810932476	14177500
chr17	14180000	14185000	0.026386598728270316	14182500
chr17	14185000	14190000	0.025466894108422476	14187500
chr17	14190000	14195000	0.007752117478160278	14192500
